asset,slug,K,T_pm,ts,sigma,tte_d,S_bin,S_T,delta,ret_T,label,event,is_test,entry,entry_ts,ev_raw,ev_hedged,fund_sum,fund_pnl,hold_h,ev_hf,fut_pnl,perp_fill_pnl,fut_inst,basis_bp,fut_tte_h,ev_perp_sig,ev_perp,ev_fut,ev_fut_hs2.5,ev_fut_hs5.0
BTC,bitcoin-above-110k-on-october-21,110000.0,1761062460,1760751000,0.3923691660662439,3.604861111111111,107283.61,113359.23,8.224600778782618,0.0550859141716834,1,2025-10-21,False,0.27,1760751900.0,0.716203,0.2631433474036201,0.0006721165436797,0.0055278902485815,86.26666666666667,0.2686712376522016,-0.4093094991417052,-0.47365883915810103,BTC-24OCT25,3.776936949070393,63.983333333333334,0.262914017107054,0.24231483054533268,0.301136280313147,0.2970239799237557,0.29291167953436437
ETH,ethereum-above-3900-on-october-21,3900.0,1761062460,1760751000,0.7119237823688916,3.604861111111111,3874.83,4080.74,5.593484008619317,0.0517765536438682,1,2025-10-21,False,0.42,1760751900.0,0.5629480000000001,0.2733366751716026,0.00017849230924,0.0009983938773959,86.26666666666667,0.2743350690489985,-0.22262920453726395,-0.3235672690300417,ETH-24OCT25,16.668716427526874,63.983333333333334,0.27041963024296556,0.23646368604132081,0.3364033566567026,0.33360661465239294,0.3308098726480833
ETH,ethereum-above-4000-on-october-21,4000.0,1761062460,1760751000,0.6864935351234497,3.604861111111111,3874.83,4080.74,5.160163080139567,0.0517765536438682,1,2025-10-21,False,0.27,1760751900.0,0.716203,0.4490275394700452,0.00017849230924,0.0009210494242295,86.26666666666667,0.4499485888942747,-0.20538236992253378,-0.29850087584366636,ETH-24OCT25,16.668716427526874,63.983333333333334,0.4463364747381774,0.4150110594244655,0.5072085159213685,0.5046284343812987,0.502048352841229
ETH,ethereum-above-3800-on-october-21,3800.0,1761062460,1760751000,0.7417362230291523,3.604861111111111,3874.83,4080.74,5.273575611886794,0.0517765536438682,1,2025-10-21,False,0.58,1760751900.0,0.402948,0.1299004294361479,0.00017849230924,0.0009412926889178,86.26666666666667,0.1308417221250657,-0.20989636186182148,-0.30506147083503227,ETH-24OCT25,16.668716427526874,63.983333333333334,0.12715021919674535,0.09513631892556475,0.18936013520985773,0.18672334740391433,0.18408655959797093
BTC,bitcoin-above-108k-on-october-21,108000.0,1761062460,1760751000,0.4084462311623908,3.604861111111111,107283.61,113359.23,9.662848536782851,0.0550859141716834,1,2025-10-21,False,0.4,1760751900.0,0.5831999999999999,0.0509131548488029,0.0006721165436797,0.0064945603606438,86.26666666666667,0.0574077152094467,-0.4808860394872771,-0.5564882410706602,BTC-24OCT25,3.776936949070393,63.983333333333334,0.05064372123369902,0.026442325314235553,0.09554996653697485,0.09071854226858343,0.085887118000192
ETH,ethereum-above-3800-on-october-23,3800.0,1761235260,1760771700,0.7481385659181004,5.365277777777778,3909.39,3879.04,4.243618292562316,-0.007793651255505,1,2025-10-23,False,0.57,1760772600.0,0.412843,0.4459162810337126,0.000169894975072,0.00072096942403,128.51666666666668,0.4466372504577426,-0.028516309713573596,0.016207762931790354,ETH-24OCT25,-5.905916359010971,15.983333333333333,0.44366671765294863,0.4268011995510267,0.38135615748163276,0.3792343483353516,0.37711253918907045
ETH,ethereum-above-3800-on-october-22,3800.0,1761148860,1760771700,0.7395242093006456,4.365277777777778,3909.39,3841.05,4.700733463720711,-0.0176355848738177,1,2025-10-22,False,0.58,1760772600.0,0.402948,0.4858481839686419,0.0001828619876738,0.0008595854647009,104.51666666666668,0.4867077694333428,0.07055642350067116,0.06506666737608022,ETH-24OCT25,-5.905916359010971,39.983333333333334,0.483417256008738,0.4655837394161766,0.4702139100760666,0.46786354334420627,0.4655131766123459
ETH,ethereum-above-3900-on-october-23,3900.0,1761235260,1760771700,0.7279588766297549,5.365277777777778,3909.39,3879.04,4.519513192729603,-0.007793651255505,0,2025-10-23,False,0.44,1760772600.0,-0.457248,-0.4220244903312112,0.000169894975072,0.0007678425812164,128.51666666666668,-0.4212566477499948,-0.030370271092558833,0.01726149557872485,ETH-24OCT25,-5.905916359010971,15.983333333333333,-0.4244203069849058,-0.44238232107496944,-0.4907819303274696,-0.4930416869238344,-0.49530144352019917
BTC,bitcoin-above-104k-on-october-22,104000.0,1761148860,1760788800,0.4422026506648264,4.167361111111111,107208.6,108407.96,6.969171594885833,0.0111250487443502,1,2025-10-22,False,0.73,1760789700.0,0.256203,0.1786706262991542,0.0005708744071575,0.0039785217026099,99.76666666666668,0.1826491480017641,-0.07582906017651382,-0.07621211633445352,BTC-24OCT25,-8.860081252971147,39.983333333333334,0.17777072788534412,0.1790909852517363,0.17549551970706612,0.1720109339096232,0.16852634811218029
ETH,ethereum-above-3900-on-october-23,3900.0,1761235260,1760858100,0.6926575048677612,4.365277777777778,3886.91,3879.04,5.248832191131553,-0.0020267971578755,0,2025-10-23,False,0.44,1760859000.0,-0.457248,-0.4466096818328489,0.0001471222359273,0.0007722199279665,104.51666666666668,-0.4458374619048824,-0.04235391896162739,0.009189276284386141,ETH-24OCT25,1.286090928401993,15.983333333333333,-0.4495116444386747,-0.45096068632143943,-0.5032761014954195,-0.5059005175909852,-0.508524933686551
ETH,ethereum-above-3800-on-october-22,3800.0,1761148860,1760858100,0.7029165181951266,3.3652777777777776,3886.91,3841.05,5.648459707380128,-0.0118687307761882,1,2025-10-22,False,0.58,1760859000.0,0.402948,0.4699880475670418,0.0001600892485291,0.0009042576699015,80.51666666666667,0.4708923052369434,0.0771594556281324,0.06650052015493935,ETH-24OCT25,1.286090928401993,39.983333333333334,0.4669383834417769,0.46639885602967474,0.4761535338329663,0.47332930397927625,0.4705050741255862
ETH,ethereum-above-3800-on-october-23,3800.0,1761235260,1760858100,0.7145994000241105,4.365277777777778,3886.91,3879.04,4.947488094923438,-0.0020267971578755,1,2025-10-23,False,0.57,1760859000.0,0.412843,0.422870554809414,0.0001471222359273,0.0007278855107488,104.51666666666668,0.4235984403201628,-0.039922310755152825,0.008661704806409811,ETH-24OCT25,1.286090928401993,15.983333333333333,0.4201351986537161,0.41876934865071225,0.36945744757840077,0.36698370353093906,0.3645099594834773
ETH,ethereum-above-3400-on-october-23,3400.0,1761235260,1760895900,0.798267921205869,3.927777777777778,3991.0,3879.04,0.8014825553884459,-0.0284541257258683,1,2025-10-23,False,0.92,1760896800.0,0.0748479999999999,0.097653485398113,0.0001425617026262,0.0001142607177213,94.01666666666668,0.0977677461158343,0.016745061112599057,0.023616469852220847,ETH-24OCT25,13.751721132025937,15.983333333333333,0.09720670832706234,0.09801769278117015,0.09103202332382705,0.09063128204613283,0.0902305407684386
BTC,bitcoin-above-106k-on-october-23,106000.0,1761235260,1760899500,0.4959329535028519,3.886111111111111,109329.18,109915.35,6.593969039157435,0.0053471928961704,1,2025-10-23,False,0.71,1760900400.0,0.275587,0.2403277755962496,0.0004262245706689,0.0028105116227192,93.01666666666668,0.2431382872189688,-0.07635333924549786,-0.03911009083349165,BTC-24OCT25,-27.885335694253698,15.983333333333333,0.23852250889155885,0.23467164246181738,0.19461788242709196,0.19132089790751325,0.18802391338793453
ETH,ethereum-above-3800-on-october-23,3800.0,1761235260,1760944500,0.7774102090183914,3.3652777777777776,4073.18,3879.04,3.5880011406122714,-0.0488363208182317,1,2025-10-23,False,0.57,1760945400.0,0.412843,0.5880677747991223,0.0001315388485935,0.0004719615387883,80.51666666666667,0.5885397363379107,0.12282865889914071,0.17057878018744926,ETH-24OCT25,-33.597343818371385,15.983333333333333,0.5860281355394819,0.5813821409278089,0.5331600581007121,0.531366057530406,0.5295720569600998
ETH,ethereum-above-3900-on-october-25,3900.0,1761408060,1761136200,0.6912602426915659,3.146527777777778,3845.12,3934.47,6.020201264352199,0.0229713722733835,1,2025-10-25,False,0.35,1761137100.0,0.634075,0.4957827155958714,9.608695455664468e-05,0.0005784628053096,75.26666666666667,0.496361178401181,-0.13380494511713023,-0.1296779059425755,ETH-31OCT25,-5.584669578174075,135.98333333333332,0.49214703751613476,0.5007614159776875,0.4960559139978233,0.4930458133656472,0.4900357127334711
BTC,bitcoin-above-108k-on-october-26,108000.0,1761494460,1761137100,0.4809890910511474,4.136111111111111,108194.81,113697.72,7.791214749441826,0.0496099492513224,1,2025-10-26,False,0.48,1761138000.0,0.502528,0.1160062316740363,0.0005155600473527,0.0040168390451574,99.01666666666668,0.1200230707191937,-0.32623917235470085,-0.39313792964991906,BTC-31OCT25,73.72116231973878,111.98333333333333,0.11456922039458452,0.10795305907062903,0.17083497732068986,0.16693936994596895,0.16304376257124803
ETH,ethereum-above-4000-on-october-29,4000.0,1761753660,1761471000,0.619681006862096,3.271527777777778,4003.15,3947.73,6.79920287719836,-0.0139408210296144,0,2025-10-29,False,0.39,1761471900.0,-0.406653,-0.3118665295449384,0.0006505925225534,0.004423510551229,78.26666666666667,-0.3074430189937093,0.04447572933002935,0.06666106574296626,ETH-31OCT25,1.504721065171132,39.983333333333334,-0.3122024610077481,-0.3403278657198435,-0.36693671268400946,-0.37033631412260865,-0.37373591556120783
ETH,ethereum-above-3800-on-october-30,3800.0,1761840060,1761484500,0.6964185415767087,4.115277777777778,4070.88,3768.19,3.6170641232931096,-0.0772644122280746,0,2025-10-30,False,0.72,1761485400.0,-0.734112,-0.4546416665225017,0.0006188766308101,0.0022385164580478,98.51666666666668,-0.4524031500644538,0.2784616211135842,0.29261266320085133,ETH-31OCT25,-5.99942472494001,15.983333333333333,-0.4549350949507593,-0.44179276522740607,-0.458182323772721,-0.45999085583436755,-0.4617993878960141
ETH,ethereum-above-3700-on-october-30,3700.0,1761840060,1761484500,0.7250330790593379,4.115277777777778,4070.88,3768.19,2.5152888272756826,-0.0772644122280746,1,2025-10-30,False,0.83,1761485400.0,0.160123,0.3544653128232988,0.0006188766308101,0.0015566534749387,98.51666666666668,0.3560219662982375,0.19364085914362833,0.20348142509522252,ETH-31OCT25,-5.99942472494001,15.983333333333333,0.35426126411914444,0.36340037639106826,0.3520031569645353,0.3507455125508975,0.3494878681372596
ETH,ethereum-above-3000-on-november-19,3000.0,1763571660,1763172000,0.8226885617883194,4.625694444444445,3173.54,2956.28,3.680592126226344,-0.0709159628668162,0,2025-11-19,False,0.698,1763172900.0,-0.71275572,-0.4517429854486363,0.0004075467865494,0.0015000134936426,110.76666666666668,-0.4502429719549936,0.329618668333134,0.24670824225799484,ETH-21NOV25,96.77875606954133,38.983333333333334,-0.45281938644335235,-0.467123878736721,-0.3857134661552244,-0.38755376221833754,-0.38939405828145074
BTC,bitcoin-above-94k-on-november-19,94000.0,1763571660,1763172000,0.4877052470450595,4.625694444444445,95650.17,90049.9,6.96801773672494,-0.0603335120706246,0,2025-11-19,False,0.595,1763172900.0,-0.61186825,-0.1914632677729789,-0.0001981493510369,-0.0013807081925463,110.76666666666668,-0.1928439759655252,0.5299657285055914,0.40653394166945284,BTC-21NOV25,108.2602536503149,38.983333333333334,-0.19772158838123327,-0.21159262893880093,-0.08678013391011603,-0.09026414277847851,-0.09374815164684097
BTC,bitcoin-above-98k-on-november-18,98000.0,1763485260,1763172000,0.4516530039427809,3.625694444444444,95650.17,93506.28,7.569253942491504,-0.0226688733832805,0,2025-11-18,False,0.24,1763172900.0,-0.252768,-0.081181540771763,-0.0001735110048975,-0.0013133488578865,86.76666666666667,-0.0824948896296495,0.2551204423014008,0.15662660490658428,BTC-21NOV25,108.2602536503149,62.983333333333334,-0.0877933673893939,-0.10275322171104627,-0.0029460354583432493,-0.006730662429589002,-0.010515289400834755
ETH,ethereum-above-2900-on-november-19,2900.0,1763571660,1763174700,0.8740017423098171,4.594444444444445,3188.41,2956.28,2.669844615742435,-0.0755906387378926,1,2025-11-19,False,0.811,1763175600.0,0.1782704699999999,0.3800857298348941,0.0004049097692509,0.001081046167296,110.01666666666668,0.3811667760021901,0.2275774160937647,0.2033748138830313,ETH-21NOV25,-37.83334313939572,38.983333333333334,0.37929788477117027,0.3808574388193075,0.4039789948627449,0.40264407255487367,0.4013091502470025
BTC,bitcoin-above-98k-on-november-20,98000.0,1763658060,1763174700,0.4658752844142979,5.594444444444444,96133.99,87859.19,6.4778139876324365,-0.0900075282171702,0,2025-11-20,False,0.3,1763175600.0,-0.3147,0.2683520252774068,-0.0001697247854703,-0.0010994455893676,134.01666666666668,0.2672525796880391,0.6525866988824667,0.5877092237376792,BTC-21NOV25,9.551594908015801,14.983333333333333,0.26271810989669614,0.26737530835696893,0.333352229091124,0.33011332209730776,0.3268744151034916
ETH,ethereum-above-3100-on-november-18,3100.0,1763485260,1763215200,0.7393636997580317,3.125694444444445,3192.78,3153.09,5.389333814796758,-0.0125090862394334,1,2025-11-18,False,0.62,1763216100.0,0.363508,0.4309236414623877,0.0003032578932381,0.0016343580186322,74.76666666666667,0.4325579994810199,0.07600359040225507,0.06092876236740369,ETH-21NOV25,-35.33988835279276,62.983333333333334,0.4287854658106617,0.42229858671567816,0.43573905673189733,0.43304438982449894,0.43034972291710055
ETH,ethereum-above-3000-on-november-19,3000.0,1763571660,1763258400,0.8113755595062312,3.625694444444444,3150.59,2956.28,4.204998681087499,-0.063658015687932,0,2025-11-19,False,0.698,1763259300.0,-0.71275572,-0.4450738479915985,0.0003995945956738,0.0016802947477782,86.76666666666667,-0.4433935532438202,0.38480585031278536,0.2821914007187898,ETH-21NOV25,115.54461421866786,38.983333333333334,-0.44633705232058163,-0.4318275236101932,-0.33089336876397585,-0.3329958681045196,-0.3350983674450633
ETH,ethereum-above-3200-on-november-20,3200.0,1763658060,1763316900,0.8696215722149783,3.948611111111112,3117.13,2859.12,4.169552733200091,-0.0863988215077481,0,2025-11-20,False,0.37,1763317800.0,-0.386317,-0.0260725576371019,0.0006202651716347,0.0025862283416983,94.51666666666668,-0.0234863292954035,0.32270695572507024,0.3274089620843611,ETH-21NOV25,-110.24681168786526,14.983333333333333,-0.026405016208643908,-0.05924049648718069,-0.06652873118816985,-0.06861350755476989,-0.07069828392136994
ETH,ethereum-above-3100-on-november-20,3100.0,1763658060,1763316900,0.8913708816229536,3.948611111111112,3117.13,2859.12,4.302676653569289,-0.0863988215077481,0,2025-11-20,False,0.53,1763317800.0,-0.5474370000000001,-0.1756908078027119,0.0006202651716347,0.0026688004730148,94.51666666666668,-0.173022007329697,0.3330102227240606,0.33786235298397166,ETH-21NOV25,-110.24681168786526,14.983333333333333,-0.17603388098719588,-0.2099177202005121,-0.21743865093343795,-0.2195899892602226,-0.22174132758700724
BTC,bitcoin-above-94k-on-november-22,94000.0,1763830860,1763505000,0.5010813599790741,3.771527777777778,93246.88,84629.38,7.701689361817355,-0.0969691118712851,0,2025-11-22,False,0.41,1763505900.0,-0.426933,0.319892977323954,-0.000117125132198,-0.0009020613846513,90.26666666666668,0.3189909159393027,0.7464644716682229,0.7536541245968787,BTC-28NOV25,-8.211172485408303,134.98333333333332,0.3135997333860299,0.3204278806589553,0.3141402891149508,0.3102894444340421,0.3064385997531334
ETH,ethereum-above-2900-on-november-23,2900.0,1763917260,1763586000,0.8232934925072489,3.8340277777777776,2945.29,2800.67,4.680892164224915,-0.0503486099707363,0,2025-11-23,False,0.53,1763586900.0,-0.5474370000000001,-0.311760586108364,0.000615325565973,0.0028802726202106,91.76666666666668,-0.3088803134881533,0.32132812870589317,0.24474809581181142,ETH-28NOV25,150.18634315205364,110.98333333333333,-0.3121569380031109,-0.3030852560829354,-0.22938549580906434,-0.2317259418911768,-0.23406638797328924
BTC,bitcoin-above-90k-on-november-23,90000.0,1763917260,1763586900,0.5283081680315956,3.823611111111111,89694.17,86702.95,7.348081080127803,-0.0339178639441552,0,2025-11-23,False,0.45,1763587800.0,-0.467325,-0.2180937856736041,-0.0001126626041535,-0.0008278539500183,91.51666666666668,-0.2189216396236224,0.3182884230430226,0.2829911663878077,BTC-28NOV25,65.40079076180245,110.98333333333333,-0.22406529637971198,-0.19030534431830007,-0.15418023371306688,-0.15785427425313078,-0.16152831479319468
ETH,ethereum-above-3100-on-november-23,3100.0,1763917260,1763587800,0.7908311247199349,3.813194444444444,2969.82,2800.67,4.192666079337312,-0.0586426706461971,0,2025-11-23,False,0.23,1763588700.0,-0.242397,0.0034721360200606,0.0006026272585116,0.0025266148652456,91.26666666666668,0.0059987508853062,0.2878129848533291,0.2815578869214968,ETH-28NOV25,1.5041238089378688,110.98333333333333,0.0030638846297699218,0.03875263553120628,0.042481118597793,0.040384785558124345,0.03828845251845569
ETH,ethereum-above-3000-on-november-24,3000.0,1764003660,1763587800,0.7940322037400284,4.813194444444444,2969.82,2864.84,4.321999452941442,-0.0359888427324858,0,2025-11-24,False,0.38,1763588700.0,-0.396492,-0.2409482413982004,0.0006331036388388,0.0027362735807169,115.26666666666668,-0.2382119678174834,0.07467295334324296,0.18831988305490435,ETH-28NOV25,1.5041238089378688,86.98333333333333,-0.2412373674345429,-0.20846124298143776,-0.32484444627381603,-0.32700544600028675,-0.32916644572675746
ETH,ethereum-above-3000-on-november-25,3000.0,1764090060,1763587800,0.7906338250024613,5.813194444444444,2969.82,2931.54,3.95282747674262,-0.012973462696645,0,2025-11-25,False,0.39,1763588700.0,-0.406653,-0.3553711401842062,0.000637732341117,0.0025208459207748,139.26666666666668,-0.3528502942634313,0.07401141404545437,0.08487531567408108,ETH-28NOV25,1.5041238089378688,62.983333333333334,-0.3556172734971513,-0.32202381763886395,-0.33540856518826545,-0.33738497892663677,-0.3393613926650081
ETH,ethereum-above-2900-on-november-25,2900.0,1764090060,1763587800,0.807299190970174,5.813194444444444,2969.82,2931.54,3.8510265585148393,-0.012973462696645,1,2025-11-25,False,0.53,1763588700.0,0.452563,0.5025241494006815,0.000637732341117,0.0024559241828655,139.26666666666668,0.504980073583547,0.07210532784424921,0.08268944110168146,ETH-28NOV25,1.5041238089378688,62.983333333333334,0.5022843549925866,0.5350126466935866,0.5219726092532888,0.5200470959740314,0.5181215826947739
BTC,bitcoin-above-90k-on-november-24,90000.0,1764003660,1763587800,0.5240293206509193,4.813194444444444,90118.0,87269.1,6.629323237069758,-0.0321234743859706,0,2025-11-24,False,0.48,1763588700.0,-0.4974719999999999,-0.2845151047976697,-0.0001232486385636,-0.0008170550635672,115.26666666666668,-0.2853321598612369,0.1659918390536521,0.24495695440125173,BTC-28NOV25,4.8032729430907715,86.98333333333333,-0.2899726861271859,-0.2579726269282642,-0.33612068721229665,-0.33943534883083154,-0.3427500104493664
ETH,ethereum-above-3100-on-november-24,3100.0,1764003660,1763587800,0.7863271910141251,4.813194444444444,2969.82,2864.84,3.858887808638776,-0.0359888427324858,0,2025-11-24,False,0.25,1763588700.0,-0.263125,-0.124248093532592,0.0006331036388388,0.0024430759135202,115.26666666666668,-0.1218050176190717,0.06667158393441763,0.16814099787779324,ETH-28NOV25,1.5041238089378688,86.98333333333333,-0.12450623908511926,-0.09524214767473371,-0.1991546375316295,-0.2010840814359489,-0.20301352534026829
BTC,bitcoin-above-86k-on-november-24,86000.0,1764003660,1763587800,0.5758107405945976,4.813194444444444,90118.0,87269.1,4.806480857079716,-0.0321234743859706,1,2025-11-24,False,0.74,1763588700.0,0.246532,0.4009328646990584,-0.0001232486385636,-0.0005923922219173,115.26666666666668,0.4003404724771411,0.12034962971506721,0.17760197685858836,BTC-28NOV25,4.8032729430907715,86.98333333333333,0.3969759358771852,0.42017704803671524,0.36351709311511143,0.3611138526865716,0.3587106122580317
BTC,bitcoin-above-92k-on-november-23,92000.0,1763917260,1763587800,0.5106418012033886,3.813194444444444,90118.0,86702.95,6.992090840510271,-0.0386320141032354,0,2025-11-23,False,0.3,1763588700.0,-0.3147,-0.0445814480383041,-0.0001127811744101,-0.0007885762165749,91.26666666666668,-0.045370024254879,0.30286840103305845,0.3116515147192584,BTC-28NOV25,4.8032729430907715,110.98333333333333,-0.0502644878432362,-0.008731525085673677,-0.016726062555298717,-0.020222107975553853,-0.02371815339580899
ETH,ethereum-above-2900-on-november-24,2900.0,1764003660,1763587800,0.8132091886735656,4.813194444444444,2969.82,2864.84,4.180580817524355,-0.0359888427324858,0,2025-11-24,False,0.54,1763588700.0,-0.557388,-0.4069337344276688,0.0006331036388388,0.0026467409280347,115.26666666666668,-0.404286993499634,0.0722296057030256,0.18215793389838494,ETH-28NOV25,1.5041238089378688,86.98333333333333,-0.40721340007190143,-0.3755097317458474,-0.48808480086924144,-0.4901750912780036,-0.4922653816867658
ETH,ethereum-above-2800-on-november-24,2800.0,1764003660,1763587800,0.8451713418917988,4.813194444444444,2969.82,2864.84,3.5175775796274107,-0.0359888427324858,1,2025-11-24,False,0.7,1763588700.0,0.2853,0.4118935463125293,0.0006331036388388,0.0022269911655602,115.26666666666668,0.4141205374780894,0.06077462742527423,0.15326929252181068,ETH-28NOV25,1.5041238089378688,86.98333333333333,0.41165823317234995,0.43833397938163166,0.34361232311953505,0.3418535343297213,0.34009474553990765
ETH,ethereum-above-2800-on-november-25,2800.0,1764090060,1763587800,0.8344439432870076,5.813194444444444,2969.82,2931.54,3.332318656421661,-0.012973462696645,1,2025-11-25,False,0.68,1763588700.0,0.3047679999999999,0.3479997117824206,0.000637732341117,0.0021251273781077,139.26666666666668,0.3501248391605284,0.06239321530294921,0.07155171824586924,ETH-28NOV25,1.5041238089378688,62.983333333333334,0.34779221610103306,0.3761122225644817,0.36482859224345393,0.3631624329152431,0.3614962735870323
ETH,ethereum-above-3000-on-november-23,3000.0,1763917260,1763587800,0.7991948168560415,3.813194444444444,2969.82,2800.67,4.818087546656471,-0.0586426706461971,0,2025-11-23,False,0.37,1763588700.0,-0.386317,-0.1037714788568805,0.0006026272585116,0.0029035108895105,91.26666666666668,-0.1008679679673699,0.33074614859550994,0.3235579755146617,ETH-28NOV25,1.5041238089378688,110.98333333333333,-0.10424062925002979,-0.06322817487848735,-0.05894351268714961,-0.061352556460477846,-0.06376160023380609
ETH,ethereum-above-3100-on-november-25,3100.0,1764090060,1763587800,0.7833664994353803,5.813194444444444,2969.82,2931.54,3.5904284517971035,-0.012973462696645,0,2025-11-25,False,0.26,1763588700.0,-0.273468,-0.2268877104156373,0.000637732341117,0.0022897323421778,139.26666666666668,-0.2245979780734595,0.067225976420685,0.0770938650989659,ETH-28NOV25,1.5041238089378688,62.983333333333334,-0.22711127798971759,-0.19659770247511427,-0.20875532349557296,-0.2105505377214715,-0.21234575194737007
BTC,bitcoin-above-92k-on-november-25,92000.0,1764090060,1763588700,0.5123148731298603,5.802777777777778,90510.49,87191.19,5.930145291990931,-0.0373624618901049,0,2025-11-25,False,0.33,1763589600.0,-0.345477,-0.1239121725252035,-0.0001562458810951,-0.0009265607761695,139.01666666666668,-0.124838733301373,0.18930525319070818,0.2181608659815391,BTC-28NOV25,11.833797375195983,62.983333333333334,-0.12898983500576697,-0.13239379649902402,-0.16032284851368545,-0.1632879211596809,-0.16625299380567637
BTC,bitcoin-above-94k-on-november-25,94000.0,1764090060,1763588700,0.5078367079413089,5.802777777777778,90510.49,87191.19,5.13200570367276,-0.0373624618901049,0,2025-11-25,False,0.22,1763589600.0,-0.232012,-0.0402676324767251,-0.0001562458810951,-0.0008018547529558,139.01666666666668,-0.0410694872296809,0.16382661659606032,0.18879854597281923,BTC-28NOV25,11.833797375195983,62.983333333333334,-0.04466189122225225,-0.0476077127727075,-0.07177778739651061,-0.07434379024834699,-0.07690979310018337
ETH,ethereum-above-3200-on-november-25,3200.0,1764090060,1763588700,0.7831969598187201,5.802777777777778,2992.37,2931.54,3.097836055503081,-0.0205378333474483,0,2025-11-25,False,0.16,1763589600.0,-0.169408,-0.105785159354361,0.0006313831873863,0.0019559216027237,139.01666666666668,-0.1038292377516372,0.05178436657115948,0.05765044843288688,ETH-28NOV25,10.051935843872824,62.983333333333334,-0.10599772299048958,-0.11197011520324157,-0.11979211866769268,-0.12134103669544422,-0.12288995472319576
ETH,ethereum-above-2700-on-november-23,2700.0,1763917260,1763588700,0.9248968442385332,3.8027777777777776,2992.37,2800.67,2.4558589160629376,-0.0662070412970004,1,2025-11-23,False,0.83,1763589600.0,0.160123,0.3227181526753857,0.0005962781047808,0.0014643749000792,91.01666666666668,0.3241825275754649,0.16365698724482017,0.15789383448971925,ETH-28NOV25,10.051935843872824,110.98333333333333,0.3224634263342207,0.3177621081485544,0.3220608860035761,0.3208329565455446,0.31960502708751315
BTC,bitcoin-above-84k-on-november-24,84000.0,1764003660,1763588700,0.6172169388861397,4.802777777777778,90510.49,87269.1,3.3528651644069534,-0.0364693072910929,1,2025-11-24,False,0.84,1763589600.0,0.150592,0.272868669986358,-0.0001233672088202,-0.0004136336168835,115.01666666666668,0.2724550363694744,0.079785896147099,0.1173662749178389,BTC-28NOV25,11.833797375195983,86.98333333333333,0.2701080307543895,0.2651976356858705,0.22803089053201414,0.22635445794981066,0.2246780253676072
BTC,bitcoin-above-86k-on-november-25,86000.0,1764090060,1763588700,0.5657643386116732,5.802777777777778,90510.49,87191.19,4.435285807705786,-0.0373624618901049,1,2025-11-25,False,0.75,1763589600.0,0.236875,0.4025881969621308,-0.0001562458810951,-0.0006929951389339,139.01666666666668,0.4018952018231968,0.14158555338178086,0.16316729945749264,BTC-28NOV25,11.833797375195983,62.983333333333334,0.3987905017578026,0.3962446042531647,0.3753558533163868,0.3731382104125339,0.370920567508681
BTC,bitcoin-above-92k-on-november-24,92000.0,1764003660,1763588700,0.5116021459089076,4.802777777777778,90510.49,87269.1,6.484068441594753,-0.0364693072910929,0,2025-11-24,False,0.43,1763589600.0,-0.4471569999999999,-0.2106875155070028,-0.0001233672088202,-0.000799921425439,115.01666666666668,-0.2114874369324418,0.15429705219991044,0.22697332638990833,BTC-28NOV25,11.833797375195983,86.98333333333333,-0.21602628484155834,-0.2255224429446469,-0.29739879570920585,-0.30064082993000324,-0.3038828641508006
BTC,bitcoin-above-88k-on-november-25,88000.0,1764090060,1763588700,0.5407176446905686,5.802777777777778,90510.49,87191.19,5.447032248164202,-0.0373624618901049,0,2025-11-25,False,0.63,1763589600.0,-0.646317,-0.4428024652137923,-0.0001562458810951,-0.0008510763529682,139.01666666666668,-0.4436535415667605,0.17388306156163122,0.20038788491300416,BTC-28NOV25,11.833797375195983,62.983333333333334,-0.4474664641404758,-0.450593114013679,-0.47624686101208374,-0.47897037713616586,-0.4816938932602479
BTC,bitcoin-above-90k-on-november-25,90000.0,1764090060,1763588700,0.523102276780603,5.802777777777778,90510.49,87191.19,6.040141153146536,-0.0373624618901049,0,2025-11-25,False,0.48,1763589600.0,-0.4974719999999999,-0.2717974563547078,-0.0001562458810951,-0.0009437471764126,139.01666666666668,-0.2727412035311204,0.19281659959466801,0.22220744345013857,BTC-28NOV25,11.833797375195983,62.983333333333334,-0.2769693023383234,-0.28043640253347657,-0.3088834992125345,-0.31190356978910777,-0.31492364036568105
ETH,ethereum-above-2700-on-november-24,2700.0,1764003660,1763594100,0.8565406596384743,4.740277777777778,3017.55,2864.84,2.255575812544642,-0.0519327416756586,1,2025-11-24,False,0.82,1763595000.0,0.169668,0.2868062360027448,0.000596726800435,0.0013459625377583,113.51666666666668,0.2881521985405031,0.0644575099396289,0.11019992089523034,ETH-28NOV25,61.65697260081431,86.98333333333333,0.2865732954717218,0.2796349803642075,0.23254660687084766,0.23141881896457533,0.230291031058303
ETH,ethereum-above-3200-on-november-24,3200.0,1764003660,1763594100,0.7697110112060795,4.740277777777778,3017.55,2864.84,3.5269451360290307,-0.0519327416756586,0,2025-11-24,False,0.16,1763595000.0,-0.169408,0.0137559306536164,0.000596726800435,0.0021046226863324,113.51666666666668,0.0158605533399488,0.10078938597308512,0.1723147911192296,ETH-28NOV25,61.65697260081431,86.98333333333333,0.013391691744728323,0.002542552210341669,-0.0710874756221352,-0.07285094819014971,-0.07461442075816423
ETH,ethereum-above-2600-on-november-24,2600.0,1764003660,1763596800,0.8470216078134499,4.709027777777778,3025.48,2864.84,1.2919071943153737,-0.0545572543958879,1,2025-11-24,False,0.885,1763597700.0,0.1078757499999999,0.1783586594561416,0.0005931444243455,0.00076628754908,112.76666666666668,0.1791249470052216,0.034782342366796545,0.06607896223583644,ETH-28NOV25,22.202716525649862,86.98333333333333,0.17822061196920078,0.1738166647488956,0.1417537573307757,0.141107803733618,0.14046185013646031
BTC,bitcoin-above-96k-on-november-23,96000.0,1763917260,1763603100,0.4615104553935704,3.636111111111112,92568.22,86702.95,6.221892073725456,-0.0654579776199434,0,2025-11-23,False,0.14,1763604000.0,-0.148428,0.2588444721156243,-0.00012136128716,-0.000755096830638,87.01666666666667,0.2580893752849862,0.40941421433898695,0.41296104700041564,BTC-28NOV25,11.664201946714543,110.98333333333333,0.25373405083337836,0.2594226257181698,0.25663088988737914,0.2535199438505164,0.25040899781365367
ETH,ethereum-above-3300-on-november-23,3300.0,1763917260,1763604000,0.7511749771059766,3.625694444444444,3047.51,2800.67,2.907870405476596,-0.084466189474901,0,2025-11-23,False,0.07,1763604900.0,-0.074557,0.1710597326374436,0.0005469958117768,0.0015905929329855,86.76666666666667,0.1726503255704291,0.24900307542549818,0.24443322478116056,ETH-28NOV25,2.300437093189919,110.98333333333333,0.17061481628659522,0.16943130843031243,0.17241056614166456,0.17095663093892627,0.16950269573618795
ETH,ethereum-above-3300-on-november-24,3300.0,1764003660,1763604000,0.7541889095795012,4.625694444444445,3047.51,2864.84,2.9070623188545164,-0.0618123615611898,0,2025-11-24,False,0.1,1763604900.0,-0.1063,0.0733923871339463,0.0005774721921041,0.0016787476498522,110.76666666666668,0.0750711347837985,0.09959994483917886,0.1758096244036351,ETH-28NOV25,2.300437093189919,86.98333333333333,0.07303619116060023,0.06915342843028913,-0.008734998784019305,-0.010188529943446564,-0.011642061102873821
ETH,ethereum-above-3300-on-november-25,3300.0,1764090060,1763604000,0.7561215736846023,5.625694444444444,3047.51,2931.54,2.8476297492615146,-0.038796981525349,0,2025-11-25,False,0.12,1763604900.0,-0.127392,-0.0169125612268666,0.0005821008943822,0.0016576078239147,134.76666666666668,-0.0152549534029518,0.10168210185228309,0.1092817313213464,ETH-28NOV25,2.300437093189919,62.983333333333334,-0.01724829422743517,-0.018446001679221967,-0.02770323897219998,-0.029127053846830737,-0.030550868721461493
BTC,bitcoin-above-86k-on-november-25,86000.0,1764090060,1763675100,0.5633555189834939,4.802777777777778,87595.92,87191.19,5.980173355697203,-0.0046311278144602,1,2025-11-25,False,0.58,1763676000.0,0.402948,0.4306429471628636,-0.000201459025813,-0.0012047598984316,115.01666666666668,0.4294381872644319,0.028254180266660742,0.0024711602324224737,BTC-28NOV25,103.60716600224288,62.983333333333334,0.42525206591544346,0.4000282789850028,0.4270160589176727,0.4240259722398241,0.42103588556197546
ETH,ethereum-above-3100-on-november-24,3100.0,1764003660,1763675100,0.7874292645354892,3.8027777777777776,2888.62,2864.84,3.254261491864202,-0.0082663772453652,0,2025-11-24,False,0.12,1763676000.0,-0.127392,-0.1004910468531854,0.0003528554888878,0.0011482840296805,91.01666666666668,-0.0993427628235048,-0.0574953092024724,0.015077336235440093,ETH-28NOV25,41.44598453535458,86.98333333333333,-0.10162074586781,-0.11344436277918436,-0.18716529224677733,-0.18879242299270943,-0.19041955373864153
BTC,bitcoin-above-90k-on-november-25,90000.0,1764090060,1763675100,0.5303229914355037,4.802777777777778,87595.92,87191.19,5.85699300634651,-0.0046311278144602,0,2025-11-25,False,0.28,1763676000.0,-0.294112,-0.2669875167792094,-0.000201459025813,-0.0011799441052521,115.01666666666668,-0.2681674608844616,0.027672197172048767,0.0024202589687590476,BTC-28NOV25,103.60716600224288,62.983333333333334,-0.2722673559889044,-0.29697158024093556,-0.27053969793239374,-0.27346819443556697,-0.27639669093874025
ETH,ethereum-above-2700-on-november-25,2700.0,1764090060,1763676900,0.8630871383558365,4.781944444444445,2897.76,2931.54,3.234782617674458,0.0115898574866469,1,2025-11-25,False,0.82,1763677800.0,0.169668,0.1321773304608702,0.0003192411886704,0.0010326758479568,114.51666666666668,0.133210006308827,-0.05247284219619498,-0.035379876352991536,ETH-28NOV25,-23.853158888220428,62.983333333333334,0.13094565847645512,0.13305645166259317,0.11493080997143292,0.11331341866259569,0.11169602735375846
ETH,ethereum-above-2800-on-november-26,2800.0,1764176460,1763676900,0.842257104303907,5.781944444444444,2897.76,2949.03,3.6279268497921806,0.0175382779872862,1,2025-11-26,False,0.58,1763677800.0,0.402948,0.339320410390805,0.0003273714075779,0.0011876795194064,138.51666666666668,0.3405080899102115,-0.1689709729822832,-0.06806653664484148,ETH-28NOV25,-23.853158888220428,38.983333333333334,0.33796854111535707,0.3335295940797104,0.23143747822286226,0.22962351479796617,0.22780955137307007
BTC,bitcoin-above-92k-on-november-24,92000.0,1764003660,1763676900,0.5164481695535179,3.781944444444444,87894.12,87269.1,5.085404175314497,-0.0071364599558956,0,2025-11-24,False,0.14,1763677800.0,-0.148428,-0.1121362167433237,-0.0001692090926414,-0.0008604966262202,90.51666666666668,-0.1129967133695439,-0.01729829042034058,0.04109627501658566,BTC-28NOV25,9.090393217317978,86.98333333333333,-0.11655649629226415,-0.11175200453235469,-0.16928607334306073,-0.17182877543071798,-0.17437147751837523
BTC,bitcoin-above-84k-on-november-25,84000.0,1764090060,1763676900,0.5949081970955008,4.781944444444445,87894.12,87191.19,4.79977616216051,-0.0080296145549075,1,2025-11-25,False,0.73,1763677800.0,0.256203,0.2947433525319824,-0.0002020877649164,-0.0009699760367101,114.51666666666668,0.2937733764952723,0.022677225702179244,0.04734932528446198,BTC-28NOV25,9.090393217317978,62.983333333333334,0.2904135331817596,0.2992225059342395,0.2755203823886669,0.2731204943075866,0.2707206062265064
ETH,ethereum-above-3000-on-november-24,3000.0,1764003660,1763676900,0.7837728304346049,3.781944444444444,2897.76,2864.84,4.468034833694023,-0.0114255225491939,0,2025-11-24,False,0.26,1763677800.0,-0.273468,-0.222418367257045,0.0003146124863922,0.0014056995483157,90.51666666666668,-0.2210126677087292,-0.07893989002816591,0.04987676070723276,ETH-28NOV25,-23.853158888220428,86.98333333333333,-0.22414029209231523,-0.22531316412803734,-0.35553551441175174,-0.3577695318285988,-0.36000354924544575
BTC,bitcoin-above-90k-on-november-26,90000.0,1764176460,1763676900,0.5367046776893551,5.781944444444444,87894.12,87880.5,5.485515957038089,-0.0001549711787429,0,2025-11-26,False,0.3,1763677800.0,-0.3147,-0.3138499031261244,-0.0001948947057038,-0.0010690980180809,138.51666666666668,-0.3149190011442053,-0.11208377516486097,0.0036180851646924334,BTC-28NOV25,9.090393217317978,38.983333333333334,-0.3187588623141324,-0.31599087402331516,-0.4306236363347876,-0.43336639431330665,-0.43610915229182573
BTC,bitcoin-above-88k-on-november-27,88000.0,1764262860,1763676900,0.5466136579597648,6.781944444444444,87894.12,91452.06,5.346621091392021,0.039681992297982,1,2025-11-27,False,0.44,1763677800.0,0.542752,0.3305874230311537,-0.00017768500354,-0.0009500143875513,162.51666666666668,0.3296374086436023,-0.20433536569287916,-0.2106858959697064,BTC-28NOV25,9.090393217317978,14.983333333333333,0.325894773879628,0.32737345487876784,0.33467399954314647,0.33200068899745044,0.32932737845175447
BTC,bitcoin-above-90k-on-november-27,90000.0,1764262860,1763676900,0.5392625185709383,6.781944444444444,87894.12,91452.06,5.088804010165136,0.039681992297982,1,2025-11-27,False,0.32,1763677800.0,0.6647679999999999,0.462834118462687,-0.00017768500354,-0.0009042041585608,162.51666666666668,0.4619299143041262,-0.19448219923992402,-0.20052650336901648,BTC-28NOV25,9.090393217317978,14.983333333333333,0.4583677514970107,0.4597751296653071,0.4667236379529603,0.46417923594787774,0.46163483394279514
BTC,bitcoin-above-92k-on-november-26,92000.0,1764176460,1763677800,0.5322194280791654,5.771527777777777,88131.31,87880.5,4.745370002923747,-0.002849924329032,0,2025-11-26,False,0.2,1763678700.0,-0.2112,-0.1976760545784089,-0.0001952090752556,-0.0009263392900164,138.26666666666668,-0.1986023938684253,-0.09696061202763678,0.007874791764270252,BTC-28NOV25,-0.9085849930722835,38.983333333333334,-0.20192415287047197,-0.20757330652779277,-0.3114823710296834,-0.3138550560311453,-0.31622774103260715
BTC,bitcoin-above-84k-on-november-26,84000.0,1764176460,1763677800,0.5855311071547855,5.771527777777777,88131.31,87880.5,4.483974119146264,-0.002849924329032,1,2025-11-26,False,0.72,1763678700.0,0.265888,0.2786669869329048,-0.0001952090752556,-0.0008753124412685,138.26666666666668,0.2777916744916362,-0.09161959439214072,0.007441013544338654,BTC-28NOV25,-0.9085849930722835,38.983333333333334,0.2746528926082339,0.2693149192196678,0.1711296237244569,0.16888763666488377,0.16664564960531064
BTC,bitcoin-above-84k-on-november-27,84000.0,1764262860,1763678700,0.5756628264968958,6.761111111111111,88131.01,91452.06,4.319579325116784,0.0369904431650691,1,2025-11-27,False,0.71,1763679600.0,0.275587,0.11580384647726,-0.0001783137426434,-0.0007702403561068,162.01666666666668,0.1150336061211531,-0.2355681510188831,-0.16520899939359665,BTC-28NOV25,-165.67152637826533,14.983333333333333,0.11200990059357153,0.10658405472271483,0.03699514345353518,0.03483535379097679,0.0326755641284184
BTC,bitcoin-above-80k-on-november-26,80000.0,1764176460,1763729100,0.7358384528327856,5.177777777777778,83010.37,87880.5,4.238687903580884,0.0570123973256069,1,2025-11-26,False,0.649,1763730000.0,0.33505407,0.0933963111018027,-8.258255027505414e-05,-0.0003500416568977,124.01666666666668,0.0930462694449049,-0.2831841016324567,-0.22720563774400288,BTC-28NOV25,87.94732084581602,38.983333333333334,0.09007918791239854,0.10453130906659279,0.048902886835036644,0.0467835428832462,0.04466419893145576
BTC,bitcoin-above-80k-on-november-27,80000.0,1764262860,1763730900,0.7280472892403471,6.156944444444444,83820.0,91452.06,3.819587722599445,0.087143258056719,1,2025-11-27,False,0.68,1763731800.0,0.3047679999999999,-0.0280833185807592,-6.592562064746191e-05,-0.0002518086912297,147.51666666666668,-0.0283351272719889,-0.32311559574068444,-0.35065053127481305,BTC-28NOV25,69.30150490553446,14.983333333333333,-0.0310088386778085,-0.04880805137186248,-0.021021307146504176,-0.0229311010078039,-0.02484089486910362
BTC,bitcoin-above-86k-on-november-27,86000.0,1764262860,1763730900,0.6743138541023078,6.156944444444444,83820.0,91452.06,4.303840701743503,0.087143258056719,1,2025-11-27,False,0.39,1763731800.0,0.593347,0.2182962990929551,-6.592562064746191e-05,-0.0002837333694302,147.51666666666668,0.2180125657235248,-0.3640806687299879,-0.39510652410450886,BTC-28NOV25,69.30150490553446,14.983333333333333,0.2149998772323046,0.19494405403484047,0.22625364277879162,0.22410172242791987,0.22194980207704812
ETH,ethereum-above-2700-on-november-24,2700.0,1764003660,1763732700,1.0139562052639493,3.13611111111111,2759.28,2864.84,4.173336476201537,0.0375427260534372,1,2025-11-24,False,0.54,1763733600.0,0.4426119999999999,0.2859335719451483,0.000160667827024,0.0006705209030716,75.01666666666667,0.2866040928482199,-0.24737853012261848,-0.18822205432754024,ETH-28NOV25,122.70538043077715,86.98333333333333,0.28368275731487924,0.2521391310421902,0.19231213434404035,0.19022546610593957,0.1881387978678388
ETH,ethereum-above-2800-on-november-24,2800.0,1764003660,1763732700,0.9727837394664814,3.13611111111111,2759.28,2864.84,4.330024329017286,0.0375427260534372,1,2025-11-24,False,0.37,1763733600.0,0.613683,0.4511220828109853,0.000160667827024,0.0006956955999046,75.01666666666667,0.45181777841089,-0.25666635317227315,-0.19528884841743221,ETH-28NOV25,122.70538043077715,86.98333333333333,0.44878676138057827,0.4160588301521603,0.3539856297974147,0.35182061763290606,0.3496556054683974
ETH,ethereum-above-2900-on-november-25,2900.0,1764090060,1763732700,0.9367530837419084,4.136111111111111,2759.28,2931.54,3.441633173387265,0.0605581060892781,1,2025-11-25,False,0.26,1763733600.0,0.726532,0.518113213165635,0.0001652965293022,0.0005688900186923,99.01666666666668,0.5186821031843274,-0.1990286349303392,-0.23128271987996527,ETH-28NOV25,122.70538043077715,62.983333333333334,0.5162729599629563,0.4934090269173559,0.5250942218482897,0.523373405261596,0.5216525886749024
ETH,ethereum-above-2700-on-november-26,2700.0,1764176460,1763732700,0.9781110591117712,5.136111111111111,2759.28,2949.03,3.4097944925060086,0.0665065265899174,1,2025-11-26,False,0.53,1763733600.0,0.452563,0.2257894119179949,0.0001734267482098,0.000591349570899,123.01666666666668,0.2263807614888939,-0.3006870676146916,-0.25582305107643616,ETH-28NOV25,122.70538043077715,38.983333333333334,0.22399390534414002,0.19494444234970865,0.1494890762405542,0.14778417899430119,0.14607928174804818
ETH,ethereum-above-2700-on-november-27,2700.0,1764262860,1763732700,0.9672407536103644,6.136111111111111,2759.28,3019.61,3.1617340794280344,0.0901579078433051,1,2025-11-27,False,0.53,1763733600.0,0.452563,0.16750767024189,0.0001633269596093,0.0005163964142861,147.01666666666668,0.1680240666561761,-0.2696595676334456,-0.310079014353543,ETH-28NOV25,122.70538043077715,14.983333333333333,0.16581085280057667,0.14078716820514348,0.18069021851095476,0.17910935147124074,0.17752848443152672
ETH,ethereum-above-2600-on-november-24,2600.0,1764003660,1763732700,1.0717439208794366,3.13611111111111,2759.28,2864.84,3.454296498532521,0.0375427260534372,1,2025-11-24,False,0.784,1763733600.0,0.2041459199999999,0.0744622128482458,0.000160667827024,0.0005549943123161,75.01666666666667,0.0750172071605619,-0.2047567444627527,-0.15579256235816205,ETH-28NOV25,122.70538043077715,86.98333333333333,0.07259919961158948,0.04649034440518118,-0.003028832011725555,-0.004755980260991815,-0.006483128510258076
ETH,ethereum-above-2600-on-november-26,2600.0,1764176460,1763732700,1.018385102267367,5.136111111111111,2759.28,2949.03,3.0084499075491604,0.0665065265899174,1,2025-11-26,False,0.67,1763733600.0,0.3145229999999999,0.1144414462291469,0.0001734267482098,0.0005217456846183,123.01666666666668,0.1149631919137652,-0.26529516155732163,-0.22571179467012772,ETH-28NOV25,122.70538043077715,38.983333333333334,0.11285727697848098,0.08722703607920605,0.04712192350739384,0.04561769855361926,0.044113473599844674
ETH,ethereum-above-2500-on-november-26,2500.0,1764176460,1763732700,1.071300226870016,5.136111111111111,2759.28,2949.03,2.43471952636962,0.0665065265899174,1,2025-11-26,False,0.762,1763733600.0,0.22530508,0.0633803410805075,0.0001734267482098,0.0004222454902612,123.01666666666668,0.0638025865707687,-0.21470170019257306,-0.18266713114827235,ETH-28NOV25,122.70538043077715,38.983333333333334,0.0620982829023102,0.041355890673530106,0.008899076138968193,0.0076817163757833835,0.0064643566125985735
BTC,bitcoin-above-86k-on-november-24,86000.0,1764003660,1763736300,0.6896002154022328,3.094444444444445,84916.47,87269.1,6.116977525561272,0.0273283808637987,1,2025-11-24,False,0.42,1763737200.0,0.5629480000000001,0.3957809084461645,-5.817678276071915e-05,-0.0003558660726567,74.01666666666667,0.3954250423735077,-0.3865467084155629,-0.17756456990254085,BTC-28NOV25,-217.724639336597,86.98333333333333,0.3911431581056152,0.38074567975690965,0.17211940731654435,0.1690609185537637,0.16600242979098306
BTC,bitcoin-above-86k-on-november-26,86000.0,1764176460,1763736300,0.6591270541741363,5.094444444444445,84916.47,87880.5,5.019951055826947,0.0343098696409514,1,2025-11-26,False,0.4,1763737200.0,0.5831999999999999,0.4109661336706208,-8.386239582312827e-05,-0.0004209851224564,122.01666666666668,0.4105451485481643,-0.40271832390135887,-0.18297623748917938,BTC-28NOV25,-217.724639336597,38.983333333333334,0.40703118280908573,0.3962888116492853,0.1769677103595622,0.17445773483164875,0.17194775930373526
ETH,ethereum-above-2800-on-november-27,2800.0,1764262860,1763744400,0.8948773727645214,6.000694444444445,2762.8,3019.61,3.424701679840872,0.0888830257420817,1,2025-11-27,False,0.4,1763745300.0,0.5831999999999999,0.278802152431753,0.000159460421462,0.0005461043732492,143.76666666666668,0.2793482568050022,-0.27667634302330324,-0.2779426023515492,ETH-28NOV25,-1.436678402011291,14.983333333333333,0.27695096562911387,0.3034062108458113,0.3041263658008081,0.30241401496088766,0.3007016641209672
BTC,bitcoin-above-88k-on-november-25,88000.0,1764090060,1763744400,0.6331395655563684,4.000694444444445,84919.59,87191.19,5.114066466340076,0.0263984849508356,0,2025-11-25,False,0.2,1763745300.0,-0.2112,-0.3462036066492516,-9.16308661498208e-05,-0.0004686063398584,95.76666666666668,-0.3466722129891101,-0.1641160461984561,-0.1168142096261656,BTC-28NOV25,-32.000592024001904,62.983333333333334,-0.350252059515548,-0.332062662492462,-0.37889589272489416,-0.3814529259580642,-0.3840099591912342
ETH,ethereum-above-2600-on-november-27,2600.0,1764262860,1763744400,0.9594095131243402,6.000694444444445,2762.8,3019.61,2.9538585612266006,0.0888830257420817,1,2025-11-27,False,0.67,1763745300.0,0.3145229999999999,0.0519751134640273,0.000159460421462,0.0004710235311124,143.76666666666668,0.0524461369951398,-0.23863765692030317,-0.23972982532127357,ETH-28NOV25,-1.436678402011291,14.983333333333333,0.05037843600228128,0.0731964972169801,0.0738176420868381,0.0723407128062248,0.0708637835256115
BTC,bitcoin-above-78k-on-november-27,78000.0,1764262860,1763745300,0.7429183372253717,5.990277777777778,85128.68,91452.06,2.867724547898809,0.0716509064750625,1,2025-11-27,False,0.81,1763746200.0,0.1792269999999999,-0.0262480633777385,-6.730074260355781e-05,-0.000192999991656,143.51666666666668,-0.0264410633693945,-0.21517515543308877,-0.2032796903059556,BTC-28NOV25,-44.26775952418259,14.983333333333333,-0.028448470552923745,-0.026253097481140887,-0.03795556261661805,-0.03938942489056745,-0.04082328716451686
BTC,bitcoin-above-82k-on-november-26,82000.0,1764176460,1763761500,0.6437586781801216,4.802777777777778,85260.26,87880.5,4.7887679292115966,0.0302694762488444,1,2025-11-26,False,0.689,1763762400.0,0.29600047,0.1510469729055016,-8.619924440106917e-05,-0.0004127881771101,115.01666666666668,0.1506341847283915,-0.30216391973504125,-0.15273483552445954,BTC-28NOV25,-92.02790371707727,38.983333333333334,0.1472820471779436,0.13950070874798226,-0.009515587285489355,-0.011909971250095153,-0.014304355214700953
BTC,bitcoin-above-86k-on-november-25,86000.0,1764090060,1763761500,0.5929027661460087,3.8027777777777776,85260.26,87191.19,6.494161201472163,0.0223948328726798,1,2025-11-25,False,0.33,1763762400.0,0.654523,0.509087345244789,-9.339230361359203e-05,-0.0006065046746434,91.01666666666668,0.5084808405701455,-0.2463959359229761,-0.1473464038625207,BTC-28NOV25,-92.02790371707727,62.983333333333334,0.5039349277291155,0.5020241786218053,0.40358115123599336,0.4003340706352573,0.3970869900345212
ETH,ethereum-above-2700-on-november-25,2700.0,1764090060,1763763300,0.8927316834124237,3.781944444444444,2766.11,2931.54,4.28444881001023,0.0580858811499753,1,2025-11-25,False,0.54,1763764200.0,0.4426119999999999,0.1937460156285925,0.000145787278837,0.0006246181333282,90.51666666666668,0.1943706337619207,-0.3234081149819071,-0.2833069391748587,ETH-28NOV25,-64.60904852024545,62.983333333333334,0.1913715195949136,0.15693056479146222,0.11620477085108566,0.11406254644608055,0.11192032204107542
BTC,bitcoin-above-84k-on-november-25,84000.0,1764090060,1763767800,0.5958046403989807,3.729861111111111,85032.63,87191.19,6.525684235137881,0.025068228521476,1,2025-11-25,False,0.56,1763768700.0,0.4227519999999999,0.2591646563345698,-9.339230361359203e-05,-0.0006094486833744,89.26666666666667,0.2585552076511954,-0.1875374519832978,-0.13806779921680531,BTC-28NOV25,-15.314612602684274,62.983333333333334,0.25398722868659923,0.2795067731352236,0.2306465690521056,0.22738372693453665,0.2241208848169677
ETH,ethereum-above-2800-on-november-25,2800.0,1764090060,1763768700,0.8295034246609179,3.719444444444445,2764.99,2931.54,4.677172931312058,0.0584908638895056,1,2025-11-25,False,0.4,1763769600.0,0.5831999999999999,0.309628114686946,0.0001418303765096,0.0006633651978489,89.01666666666667,0.3102914798847949,-0.27892513767451477,-0.2689186547105089,ETH-28NOV25,7.593701209251132,62.983333333333334,0.30701745883287684,0.3116706894354215,0.30100084127356674,0.2986622548079107,0.2963236683422547
BTC,bitcoin-above-84k-on-november-26,84000.0,1764176460,1763768700,0.5970364196317737,4.719444444444444,85252.93,87880.5,5.777595751271791,0.0303554520024448,1,2025-11-26,False,0.56,1763769600.0,0.4227519999999999,0.2473704694827399,-8.619924440106917e-05,-0.0004980243882144,113.01666666666668,0.2468724450945254,-0.33842254430922697,-0.18885485570595578,BTC-28NOV25,-38.862440714768496,38.983333333333334,0.2428281280686354,0.22935480287993948,0.08028513866488268,0.07739634078924679,0.07450754291361089
BTC,bitcoin-above-88k-on-november-27,88000.0,1764262860,1763770500,0.5635824460162621,5.698611111111111,85515.71,91452.06,5.138275936213913,0.067114798799492,1,2025-11-27,False,0.29,1763771400.0,0.695587,0.3507326443647316,-6.898954223722234e-05,-0.0003544873047279,136.51666666666668,0.3503781570600037,-0.3923585688240626,-0.38128615614627553,BTC-28NOV25,-24.336145276226414,14.983333333333333,0.34678136390465414,0.3103495633936468,0.2996316380205876,0.29706250005248064,0.2944933620843737
ETH,ethereum-above-2800-on-november-26,2800.0,1764176460,1763770500,0.8332389396482075,4.698611111111111,2777.49,2949.03,4.182936325394555,0.0599286605562442,1,2025-11-26,False,0.47,1763771400.0,0.512563,0.261885228827046,0.0001496682311935,0.0006260526810168,112.51666666666668,0.2625112815080629,-0.3764184522602656,-0.279364148218568,ETH-28NOV25,22.25500072676376,38.983333333333334,0.2595832260802869,0.2308968490346726,0.1332164923119582,0.13112502414926092,0.12903355598656366
BTC,bitcoin-above-84k-on-november-27,84000.0,1764262860,1763770500,0.5960924070568827,5.698611111111111,85515.71,91452.06,5.247134735316745,0.067114798799492,1,2025-11-27,False,0.56,1763771400.0,0.4227519999999999,0.0705916079653907,-6.898954223722234e-05,-0.0003619974234465,136.51666666666668,0.0702296105419441,-0.40067102287482054,-0.3893640316025326,BTC-28NOV25,-24.336145276226414,14.983333333333333,0.0665566162272226,0.029352976659299104,0.01840798281045765,0.015784415442799276,0.013160848075140903
ETH,ethereum-above-2900-on-november-26,2900.0,1764176460,1763770500,0.8172744217639711,4.698611111111111,2777.49,2949.03,3.774101003523478,0.0599286605562442,1,2025-11-26,False,0.26,1763771400.0,0.726532,0.5003551820548606,0.0001496682311935,0.000564863021543,112.51666666666668,0.5009200450764036,-0.33962775139452334,-0.2520594219279032,ETH-28NOV25,22.25500072676376,38.983333333333334,0.49827817437393745,0.47239557039117336,0.3842623779030102,0.38237532740124847,0.3804882768994867
ETH,ethereum-above-2400-on-november-27,2400.0,1764262860,1763780400,0.7015900932584125,5.584027777777778,2752.84,3019.61,1.4104440089114056,0.0924945779195061,1,2025-11-27,False,0.87,1763781300.0,0.122083,-0.0083754232833566,0.0001385864589147,0.0001954684406925,133.76666666666668,-0.008179954842664,-0.1292288193592404,-0.13043957708297535,ETH-28NOV25,3.450123058347094,14.983333333333333,-0.009167265648902065,-0.009148419448520836,-0.008133130165478397,-0.0088383521699341,-0.009543574174389804
BTC,bitcoin-above-88k-on-november-27,88000.0,1764262860,1763961300,0.5673734283538786,3.4902777777777776,87575.93,91452.06,7.143241679404574,0.0433087120574535,1,2025-11-27,False,0.48,1763962200.0,0.502528,0.1931634029498661,-1.4465130127816472e-05,-0.000103327920427,83.51666666666667,0.193060075029439,-0.3212310217560401,-0.3279202523916306,BTC-28NOV25,6.577160333757473,14.983333333333333,0.18805980585385654,0.1695041505123592,0.17629670906837666,0.17272508822867438,0.16915346738897208
ETH,ethereum-above-2800-on-november-27,2800.0,1764262860,1763961300,0.8620541735303746,3.4902777777777776,2879.61,3019.61,4.537077474281008,0.0474728156632392,1,2025-11-27,False,0.59,1763962200.0,0.393067,0.1776791574136227,8.988974621742824e-06,4.078367427319302e-05,83.51666666666667,0.1777199410878958,-0.23246452901964604,-0.23518949120263724,ETH-28NOV25,0.871877588939206,14.983333333333333,0.17454398685589928,0.15474233823963923,0.15742651674835725,0.15515797801121675,0.15288943927407625
ETH,ethereum-above-2900-on-november-27,2900.0,1764262860,1763961300,0.8342430915980399,3.4902777777777776,2879.61,3019.61,4.850829400238986,0.0474728156632392,1,2025-11-27,False,0.4,1763962200.0,0.5831999999999999,0.3529174700686333,8.988974621742824e-06,4.360398237315221e-05,83.51666666666667,0.3529610740510064,-0.2485401182310439,-0.2514535193679482,ETH-28NOV25,0.871877588939206,14.983333333333333,0.3495654934708392,0.3283945040342576,0.3312643011887887,0.3288388864886692,0.3264134717885497
BTC,bitcoin-above-88k-on-november-30,88000.0,1764522060,1764110700,0.4633439686129388,4.761111111111111,87339.6,91748.01,7.432092218379283,0.0492418290823055,1,2025-11-30,False,0.41,1764111600.0,0.5730670000000001,0.207097185258634,0.0001506396344888,0.0011195676552639,114.01666666666668,0.2082167529138979,-0.3425916457637122,-0.3505397220413735,BTC-5DEC25,-8.34509888215415,110.98333333333333,0.2030142883610332,0.21844438106102498,0.2252728896834224,0.22155684357423278,0.21784079746504312
ETH,ethereum-above-3000-on-november-30,3000.0,1764522060,1764111600,0.6895688226779807,4.750694444444445,2970.42,3039.99,5.002276106405732,0.0231508689810504,1,2025-11-30,False,0.37,1764112500.0,0.613683,0.4978759612535616,-9.322271544757186e-05,-0.0004663257620576,113.76666666666668,0.4974096354915039,-0.13417988204068643,-0.11985063094976502,ETH-5DEC25,-27.82346552758434,110.98333333333333,0.49390804221702034,0.4898644500136934,0.47600152468482954,0.4735003866316267,0.4709992485784238
BTC,bitcoin-above-90k-on-november-29,90000.0,1764435660,1764111600,0.446721243286746,3.750694444444445,87642.41,91009.1,7.319396606639141,0.0376944883090357,1,2025-11-29,False,0.23,1764112500.0,0.757603,0.4817020901818453,0.0001153046219412,0.0008439602585663,89.76666666666667,0.4825460504404116,-0.25661636586103137,-0.2735749393714121,BTC-5DEC25,-31.286778892506682,134.98333333333332,0.4774224728157643,0.4797484432625069,0.4958630565143212,0.49220335821100164,0.48854365990768206
ETH,ethereum-above-2900-on-november-30,2900.0,1764522060,1764111600,0.7089916313318855,4.750694444444445,2970.42,3039.99,4.772939022971805,0.0231508689810504,1,2025-11-30,False,0.55,1764112500.0,0.432675,0.3221773140246367,-9.322271544757186e-05,-0.0004449463363871,113.76666666666668,0.3217323676882496,-0.1280281978576975,-0.11435589344126618,ETH-5DEC25,-27.82346552758434,110.98333333333333,0.31839131037216967,0.31453310290626646,0.3013057448262222,0.2989192753147363,0.29653280580325037
BTC,bitcoin-above-88k-on-december-1,88000.0,1764608460,1764111600,0.4714299115619142,5.750694444444444,87642.41,84618.21,6.709293279684951,-0.0351155215315954,0,2025-12-01,False,0.43,1764112500.0,-0.4471569999999999,-0.2115566673754343,0.0001564063117572,0.0010493758163732,137.76666666666668,-0.2105072915590611,0.19304170761464015,0.2289748857120131,BTC-5DEC25,-31.286778892506682,86.98333333333333,-0.21520379685484092,-0.22182924376739308,-0.25881179768113927,-0.26216644432098174,-0.2655210909608242
BTC,bitcoin-above-86k-on-november-29,86000.0,1764435660,1764111600,0.4748293909032441,3.750694444444445,87642.41,91009.1,7.742880194971829,0.0376944883090357,1,2025-11-29,False,0.62,1764112500.0,0.363508,0.0716440930123702,0.0001153046219412,0.0008927898736173,89.76666666666667,0.0725368828859875,-0.2714636033151612,-0.2894033611975796,BTC-5DEC25,-31.286778892506682,134.98333333333332,0.06711686674950736,0.06957741253955742,0.08662438054835854,0.08275294045087263,0.07888150035338672
BTC,bitcoin-above-86k-on-november-30,86000.0,1764522060,1764112500,0.4826381101938962,4.740277777777778,87828.4,91748.01,6.810339811025199,0.0436608865732036,1,2025-11-30,False,0.62,1764113400.0,0.363508,0.0661625259858557,0.0001506317470645,0.001025853383838,113.51666666666668,0.0671883793696937,-0.31393118593165753,-0.3269755259382883,BTC-5DEC25,0.11436478937001515,110.98333333333333,0.062421141501976335,0.032791089577832035,0.044809576200624826,0.041404406295112224,0.03799923638959963
BTC,bitcoin-above-88k-on-december-2,88000.0,1764694860,1764112500,0.4763212550799353,6.740277777777778,87828.4,90913.0,6.151327911427689,0.0345180945063319,1,2025-12-02,False,0.45,1764113400.0,0.532675,0.3203428818139016,0.000166576437854,0.0010246662915576,161.51666666666668,0.3213675481054592,-0.27918495849971237,-0.24237143713138246,BTC-5DEC25,0.11436478937001515,62.983333333333334,0.31706161856746,0.2870222996221758,0.24918411196228826,0.24610844800657442,0.24303278405086057
BTC,bitcoin-above-90k-on-november-30,90000.0,1764522060,1764112500,0.4574748859995353,4.740277777777778,87828.4,91748.01,6.771335492132494,0.0436608865732036,1,2025-11-30,False,0.27,1764113400.0,0.716203,0.4205604891288952,0.0001506317470645,0.0010199780951402,113.51666666666668,0.4215804672240354,-0.3121332327566015,-0.3251028649496016,BTC-5DEC25,0.11436478937001515,110.98333333333333,0.4168405323795429,0.3873801783010459,0.3993298323989058,0.39594416465283955,0.3925584969067733
BTC,bitcoin-above-84k-on-december-2,84000.0,1764694860,1764121500,0.5117915561388566,6.636111111111112,88079.2,90913.0,4.672100365951168,0.0316665955382503,1,2025-12-02,False,0.74,1764122400.0,0.246532,0.0985824873973127,0.0001662106517403,0.000776552846821,159.01666666666668,0.0993590402441338,-0.19391687135363392,-0.15920101557231073,BTC-5DEC25,-14.343774871429954,62.983333333333334,0.09608856998796833,0.08483706701834445,0.04934465839020027,0.04700860820722468,0.0446725580242491
BTC,bitcoin-above-84k-on-december-1,84000.0,1764608460,1764121500,0.5119858077990934,5.636111111111111,88079.2,84618.21,4.86130257302099,-0.0400869180444903,1,2025-12-01,False,0.76,1764122400.0,0.227232,0.4221066378341626,0.0001560365819314,0.0007585410372287,135.01666666666668,0.4228651788713913,0.15873672916696882,0.17653605701607403,BTC-5DEC25,-14.343774871429954,86.98333333333333,0.4194622670702763,0.401123686252188,0.3825658173658541,0.3801351660793436,0.3777045147928331
BTC,bitcoin-above-90k-on-december-1,90000.0,1764608460,1764121500,0.4570884546747981,5.636111111111111,88079.2,84618.21,6.462212131173659,-0.0400869180444903,0,2025-12-01,False,0.29,1764122400.0,-0.304413,-0.04536283191153,0.0001560365819314,0.0010083414926642,135.01666666666668,-0.0443544904188657,0.21101143191096416,0.23467238093141268,BTC-5DEC25,-14.343774871429954,86.98333333333333,-0.04887803891068787,-0.07325582606774467,-0.09792511658085738,-0.10115622264644421,-0.10438732871203105
BTC,bitcoin-above-88k-on-november-29,88000.0,1764435660,1764173700,0.3999745863117171,3.031944444444444,87564.07,91009.1,10.813920111287675,0.0385887475307347,1,2025-11-29,False,0.41,1764174600.0,0.5730670000000001,0.155771367007985,0.0001119974012216,0.0012111309494824,72.51666666666667,0.1569824979574674,-0.3174734521327969,-0.42004260323181775,BTC-5DEC25,40.39304625267256,134.98333333333332,0.1494127538795665,0.14666578363976338,0.24802380378930186,0.24261684373365802,0.23720988367801418
BTC,bitcoin-above-86k-on-december-2,86000.0,1764694860,1764176400,0.4505635947963717,6.000694444444445,87820.01,90913.0,6.531776008576495,0.03461362625645,1,2025-12-02,False,0.62,1764177300.0,0.363508,0.1374195464482861,0.0001592996001048,0.0010405093061407,143.76666666666668,0.1384600557544269,-0.11086935478768971,-0.22996658797098327,BTC-5DEC25,242.29597299608548,62.983333333333334,0.13388781254842358,0.13000967812915387,0.24806640200630672,0.24480051400201847,0.24153462599773023
BTC,bitcoin-above-86k-on-december-1,86000.0,1764608460,1764176400,0.439115280551825,5.000694444444444,87820.01,84618.21,7.216346355643642,-0.0371398873262907,0,2025-12-01,False,0.63,1764177300.0,-0.646317,-0.3783027094439065,0.0001491255302959,0.0010761414770846,119.76666666666668,-0.3772265679668218,0.41266366041387,0.2538856895444765,BTC-5DEC25,242.29597299608548,86.98333333333333,-0.3822780104157726,-0.3964066114273895,-0.2387047820350806,-0.24231295521290244,-0.24592112839072425
ETH,ethereum-above-3000-on-december-2,3000.0,1764694860,1764178200,0.6561338138040035,5.97986111111111,2975.85,3005.59,4.705104304673453,0.0099441756746293,1,2025-12-02,False,0.41,1764179100.0,0.5730670000000001,0.5262786162268724,-0.0001112766400446,-0.0005235681980836,143.26666666666668,0.5257550480287888,0.017504852046541407,0.02451882127902415,ETH-5DEC25,29.25549387087256,62.983333333333334,0.5224614750155178,0.5937686800676693,0.5872782790332701,0.5849257268809334,0.5825731747285967
ETH,ethereum-above-3100-on-november-30,3100.0,1764522060,1764178200,0.5914642975272425,3.979861111111111,2975.85,3039.99,5.0817252208188375,0.0213245134642821,0,2025-11-30,False,0.35,1764179100.0,-0.365925,-0.4742903178931333,-0.0001029137834022,-0.000522979568685,95.26666666666668,-0.4748132974618184,-0.020089205095358918,-0.0345383270997203,ETH-5DEC25,29.25549387087256,110.98333333333333,-0.47837050511639145,-0.4045435143229785,-0.3895714127499321,-0.39211227536034154,-0.39465313797075097
BTC,bitcoin-above-92k-on-december-2,92000.0,1764694860,1764178200,0.4188968468387898,5.97986111111111,88663.14,90913.0,5.758779469182572,0.0250587603728177,0,2025-12-02,False,0.17,1764179100.0,-0.179877,-0.3241848747581488,0.0001542748993382,0.0008884351229194,143.26666666666668,-0.3232964396352293,-0.0977486311953327,-0.08627797212549325,BTC-5DEC25,40.042267686574206,62.983333333333334,-0.3273275852636568,-0.2692976826310017,-0.2816567768237605,-0.2845361665583518,-0.2874155562929431
ETH,ethereum-above-2800-on-december-1,2800.0,1764608460,1764178200,0.6833439585089753,4.979861111111111,2975.85,2735.22,3.848000752324865,-0.084317841078977,0,2025-12-01,False,0.88,1764179100.0,-0.887392,-0.562936884093688,-9.068323294596226e-05,-0.0003489491485993,119.26666666666668,-0.5632858332422873,0.3864919218865268,0.3739706713273447,ETH-5DEC25,29.25549387087256,86.98333333333333,-0.5659794337689148,-0.5164638783478819,-0.5035936786401005,-0.505517679016263,-0.5074416793924253
ETH,ethereum-above-2900-on-december-2,2900.0,1764694860,1764178200,0.6719365474181124,5.97986111111111,2975.85,3005.59,4.487642413842479,0.0099441756746293,1,2025-12-02,False,0.55,1764179100.0,0.432675,0.3880490954718326,-0.0001112766400446,-0.0004993697695342,143.26666666666668,0.3875497257022984,0.016695807660219022,0.023385603205412633,ETH-5DEC25,29.25549387087256,62.983333333333334,0.38440837601260897,0.4524198837461887,0.44622945797052926,0.443985636763608,0.4417418155566868
BTC,bitcoin-above-92k-on-december-1,92000.0,1764608460,1764179100,0.3959761694833273,4.969444444444444,89512.99,84618.21,7.141237271142249,-0.0562342627373199,0,2025-12-01,False,0.17,1764180000.0,-0.179877,0.2217052129749551,0.000141588479146,0.0010111169244421,119.01666666666668,0.2227163298993972,0.4293739824275777,0.42133475146611077,BTC-5DEC25,33.52801950679692,86.98333333333333,0.2177174638095972,0.2374700023007533,0.2444981163377781,0.24092749770220698,0.23735687906663586
BTC,bitcoin-above-94k-on-december-2,94000.0,1764694860,1764179100,0.411630326289721,5.969444444444445,89512.99,90913.0,4.801194879373567,0.0155192508454208,0,2025-12-02,False,0.21,1764180000.0,-0.221613,-0.2961239476907486,0.0001517625489549,0.0007286415729232,143.01666666666668,-0.2953953061178254,-0.06737239146390576,-0.05468148544313344,BTC-5DEC25,33.52801950679692,62.983333333333334,-0.29875614253338656,-0.2789266802857718,-0.2923462278794673,-0.2947468253191541,-0.2971474227588409
ETH,ethereum-above-3200-on-november-30,3200.0,1764522060,1764179100,0.5994294657779894,3.969444444444445,3014.2,3039.99,3.916722474744693,0.0085197709355967,0,2025-11-30,False,0.1,1764180000.0,-0.1063,-0.1396695783031284,-0.0001040541374616,-0.0004075511787862,95.01666666666668,-0.1400771294819147,-0.006766582405265663,-0.012318471407341493,ETH-5DEC25,14.996830404879528,110.98333333333333,-0.1428188352142357,-0.12176772831844898,-0.11580828813758695,-0.1177666493749593,-0.11972501061233165
BTC,bitcoin-above-94k-on-november-30,94000.0,1764522060,1764179100,0.3688288914470359,3.969444444444445,89512.99,91748.01,4.508424474452801,0.0246620429122926,0,2025-11-30,False,0.039,1764180000.0,-0.04162353,-0.1528104878557852,0.0001358178581655,0.0006123245558211,95.01666666666668,-0.152198163299964,-0.06646568254150083,-0.09016529026909645,BTC-5DEC25,33.52801950679692,110.98333333333333,-0.15535406043208105,-0.13433239284539228,-0.1112451096736178,-0.11349932191084419,-0.1157535341480706
ETH,ethereum-above-3200-on-december-2,3200.0,1764694860,1764179100,0.6511431252328028,5.969444444444445,3014.2,3005.59,3.589225057259436,-0.0028605668540559,0,2025-12-02,False,0.15,1764180000.0,-0.1589249999999999,-0.1486577817694567,-0.000112416994104,-0.0004034898921,143.01666666666668,-0.1490612716615567,0.02134156127713351,0.031809827875339314,ETH-5DEC25,14.996830404879528,62.983333333333334,-0.15157372920163828,-0.1300311195568422,-0.140095896262948,-0.14189050879157772,-0.14368512132020744
ETH,ethereum-above-3200-on-december-1,3200.0,1764608460,1764180000,0.6342790453026829,4.959027777777778,3026.89,2735.22,3.952082767564972,-0.1013238183733301,0,2025-12-01,False,0.15,1764180900.0,-0.1589249999999999,0.2415151165371212,-9.212163497239988e-05,-0.0003640723260943,118.76666666666668,0.2411510442110268,0.40574168760753054,0.4143887395563887,ETH-5DEC25,-25.163866144020023,86.98333333333333,0.23838458627373127,0.252333209292999,0.24405022967023515,0.24207418828645266,0.24009814690267017
ETH,ethereum-above-3300-on-december-2,3300.0,1764694860,1764180000,0.6611772381296431,5.959027777777778,3026.89,3005.59,2.6788603685967027,-0.0070618016197238,0,2025-12-02,False,0.09,1764180900.0,-0.095733,-0.0768154195100298,-0.000112715042071,-0.0003019478591489,142.76666666666668,-0.0771173673691787,0.015928525460853694,0.03450012928956657,ETH-5DEC25,-25.163866144020023,62.983333333333334,-0.0789925696271965,-0.06341002082760003,-0.081679676797164,-0.08301910698146235,-0.0843585371657607
BTC,bitcoin-above-90k-on-december-2,90000.0,1764694860,1764181800,0.4268714203446445,5.938194444444445,90349.26,90913.0,7.320040717446342,0.0062201786253771,1,2025-12-02,False,0.5,1764182700.0,0.4825,0.43696803919245,0.0001517273190289,0.0011106501532406,142.26666666666668,0.4380786893456906,-0.10271789859358312,-0.09856648095148232,BTC-5DEC25,54.28952301657943,62.983333333333334,0.43295466084347833,0.3799201406995458,0.37465807290420444,0.3709980525454813,0.3673380321867581
BTC,bitcoin-above-92k-on-november-30,92000.0,1764522060,1764181800,0.3749584543908997,3.938194444444444,90349.26,91748.01,9.109288468493473,0.0153629706922488,0,2025-11-30,False,0.26,1764182700.0,-0.273468,-0.4134137317687054,0.0001357826282394,0.0012368831296434,94.26666666666668,-0.4121768486390619,-0.1342941595133025,-0.2010915577850328,BTC-5DEC25,54.28952301657943,110.98333333333333,-0.4185533505670072,-0.47969917658333483,-0.41413866144124795,-0.4186933056754947,-0.4232479499097414
BTC,bitcoin-above-88k-on-november-30,88000.0,1764522060,1764197100,0.4048581232747799,3.761111111111111,90241.84,91748.01,8.149005602165918,0.0165526197133686,1,2025-11-30,False,0.42,1764198000.0,0.5629480000000001,0.4280606092252368,0.0001347219214607,0.0010978496927179,90.01666666666667,0.4291584589179547,-0.08633781424820781,-0.11787893812592913,BTC-5DEC25,19.66612426874861,110.98333333333333,0.4234541549964391,0.44046260764527273,0.47090588183027615,0.4668313790291932,0.46275687622811024
ETH,ethereum-above-3000-on-november-30,3000.0,1764522060,1764198000,0.6050366120649541,3.750694444444445,3027.88,3039.99,6.457789122952376,0.0039915212680175,1,2025-11-30,False,0.36,1764198900.0,0.623872,0.598095597371363,-0.0001052766689524,-0.000679854527662,89.76666666666667,0.5974157428437009,-0.02499620899550392,-0.03246330430296091,ETH-5DEC25,12.384925002955049,110.98333333333333,0.5928952904576349,0.5862083887833104,0.5943553386184294,0.5911264440569531,0.587897549495477
ETH,ethereum-above-2900-on-november-30,2900.0,1764522060,1764198000,0.6314993355416453,3.750694444444445,3027.88,3039.99,5.071124953771423,0.0039915212680175,1,2025-11-30,False,0.57,1764198900.0,0.412843,0.3926014968942467,-0.0001052766689524,-0.0005338711429748,89.76666666666667,0.3920676257512718,-0.0196288384110062,-0.025492543871943083,ETH-5DEC25,12.384925002955049,110.98333333333333,0.3885178382836323,0.3832667975174421,0.3896643741213538,0.3871288116444681,0.38459324916758236
BTC,bitcoin-above-88k-on-december-1,88000.0,1764608460,1764198000,0.4267566819941727,4.750694444444445,90386.57,84618.21,7.138145186973981,-0.065946202738257,0,2025-12-01,False,0.44,1764198900.0,-0.457248,0.0134855696752996,0.000140489835299,0.0010028368416585,113.76666666666668,0.0144884065169581,0.45879468505132315,0.46448144534026276,BTC-5DEC25,14.303823326238284,86.98333333333333,0.009491704886076337,0.0032395805510394803,-0.003450016579558627,-0.007019089173045617,-0.010588161766532607
BTC,bitcoin-above-90k-on-november-30,90000.0,1764522060,1764198900,0.3817824464840633,3.740277777777778,90512.61,91748.01,10.23885164726548,0.0135566193102101,1,2025-11-30,False,0.5,1764199800.0,0.4825,0.3436957860443037,0.0001347165071762,0.0013793423314154,89.51666666666667,0.3450751283757191,-0.10847950225995746,-0.15496243172195165,BTC-5DEC25,26.359213213096602,110.98333333333333,0.3379079322226338,0.3217497144563779,0.3668533015869567,0.361733875763324,0.35661444993969127
BTC,bitcoin-above-82k-on-november-30,82000.0,1764522060,1764200700,0.5410561438197359,3.719444444444445,90417.22,91748.01,1.5473533600331808,0.0146110613426628,1,2025-11-30,False,0.93,1764201600.0,0.0654429999999999,0.0428345251377796,0.0001347110928917,0.0002084456622198,89.01666666666667,0.0430429707999994,-0.01707734700336115,-0.021296877423041274,BTC-5DEC25,8.229975802222247,110.98333333333333,0.041959823447976274,0.0432714208871552,0.04728250564461552,0.04650882896459893,0.045735152284582345
BTC,bitcoin-above-88k-on-december-2,88000.0,1764694860,1764206100,0.4424164156010096,5.656944444444444,90688.06,90913.0,6.331365032727856,0.0024772995822634,1,2025-12-02,False,0.68,1764207000.0,0.3047679999999999,0.2890833120492657,0.0001503785652674,0.0009521015898058,135.51666666666668,0.2900354136390716,-0.01801637320009637,-0.019276866190788562,BTC-5DEC25,61.95169786860753,62.983333333333334,0.2856034581161624,0.28201127987610763,0.28231967127699403,0.2791539887606301,0.2759883062442662
BTC,bitcoin-above-94k-on-december-1,94000.0,1764608460,1764206100,0.3991542599958484,4.656944444444444,90688.06,84618.21,6.331820020762225,-0.0692762140004774,0,2025-12-01,False,0.16,1764207000.0,-0.169408,0.2692365187708311,0.0001402044954585,0.000887749631345,111.51666666666668,0.2701242684021761,0.45154006755906845,0.42641467458059323,BTC-5DEC25,61.95169786860753,86.98333333333333,0.2656919943876426,0.2534621501974047,0.2776997935445349,0.27453388353415376,0.2713679735237727
BTC,bitcoin-above-90k-on-december-1,90000.0,1764608460,1764207900,0.4120309008917844,4.636111111111111,90706.52,84618.21,8.501064255338479,-0.0694797481971852,0,2025-12-01,False,0.66,1764208800.0,-0.675708,-0.0850561961309904,0.0001400718099651,0.0011907594568755,111.01666666666668,-0.0838654366741148,0.6313544764806287,0.6106666731297117,BTC-5DEC25,46.60608837614683,86.98333333333333,-0.08981618165285213,-0.06980131239214973,-0.05030426849810821,-0.054554800625777444,-0.05880533275344668
BTC,bitcoin-above-96k-on-december-1,96000.0,1764608460,1764210600,0.4104768573115159,4.604861111111111,91480.0,84618.21,4.886190967443714,-0.0779708774780282,0,2025-12-01,False,0.08,1764211500.0,-0.085152,0.2958285972568021,0.0001371284922971,0.0006700360004417,110.26666666666668,0.2964986332572438,0.362886157259374,0.38741804634604426,BTC-5DEC25,-27.93602724742162,86.98333333333333,0.2930782995800329,0.29951574866927533,0.2743138235821634,0.27187072809844154,0.2694276326147197
BTC,bitcoin-above-98k-on-december-2,98000.0,1764694860,1764210600,0.4222131087176846,5.604861111111111,91480.0,90913.0,3.09842971704998,-0.0062173638952874,0,2025-12-02,False,0.124,1764211500.0,-0.13160368,-0.1123396149451278,0.0001473025621061,0.0004564066358271,134.26666666666668,-0.1118832083093006,0.0003386076957691081,0.027572830233759893,BTC-5DEC25,-27.93602724742162,62.983333333333334,-0.11405210911123578,-0.105743343932348,-0.1334339731061659,-0.1349831879646909,-0.13653240282321588
ETH,ethereum-above-3300-on-november-30,3300.0,1764522060,1764210600,0.6124362452284948,3.604861111111111,3067.47,3039.99,3.072628662328256,-0.0089988916649694,0,2025-11-30,False,0.059,1764211500.0,-0.0628863299999999,-0.035236077541028,-0.0001055965777633,-0.0003244590714794,86.26666666666667,-0.0355605366125074,-0.00126305286537345,0.019989641389390442,ETH-5DEC25,-68.34579613079251,110.98333333333333,-0.03771137667613725,-0.04537198774571863,-0.06630022292900313,-0.06783653726016727,-0.06937285159133139
ETH,ethereum-above-3000-on-december-2,3000.0,1764694860,1764264600,0.5998984433139308,4.979861111111111,3016.56,3005.59,5.68798947850166,-0.0036432211531717,1,2025-12-02,False,0.41,1764265500.0,0.5730670000000001,0.5937896035870956,-9.742891986698476e-05,-0.0005541746711051,119.26666666666668,0.5932354289159905,0.0032969757350470694,0.02087788614866275,ETH-5DEC25,13.253812410687102,62.983333333333334,0.5892538362810392,0.5894091188426066,0.572382383100096,0.5695383883608452,0.5666943936215944
ETH,ethereum-above-3200-on-december-2,3200.0,1764694860,1764270000,0.5959924220038988,4.917361111111111,3037.9,3005.59,4.234253470695985,-0.0106925990900784,0,2025-12-02,False,0.15,1764270900.0,-0.1589249999999999,-0.1136498251920747,-9.58999175005421e-05,-0.0004060645585161,117.76666666666668,-0.1140558897505908,0.018198323779199353,0.03787560039280577,ETH-5DEC25,-2.309011753232368,62.983333333333334,-0.117019867180078,-0.12441944159519742,-0.14369065365028774,-0.14580778038563574,-0.14792490712098372
ETH,ethereum-above-3000-on-december-1,3000.0,1764608460,1764320400,0.506442519909702,3.3340277777777776,3065.24,2735.22,7.545492072846418,-0.1139139983526196,0,2025-12-01,False,0.57,1764321300.0,-0.5871569999999999,0.2723801715559316,-4.949621539973581e-05,-0.0003734733009346,79.76666666666667,0.2720066982549969,0.8223479054883527,0.8331932811508572,ETH-5DEC25,-17.657450143989642,86.98333333333333,0.26672485380400407,0.2403809633989302,0.22990906103736025,0.22613631500093703,0.22236356896451384
ETH,ethereum-above-2900-on-december-3,2900.0,1764781260,1764320400,0.613761123108552,5.334027777777778,3065.24,3091.38,4.179596732770071,0.0084917234060404,1,2025-12-03,False,0.72,1764321300.0,0.265888,0.2303960205965263,-7.712989085646325e-05,-0.0003223718398225,127.76666666666668,0.2300736487567037,-0.09968385802046455,-0.046237877850111735,ETH-5DEC25,-17.657450143989642,38.983333333333334,0.22714793104376485,0.2164020325971267,0.16327842426659642,0.16118862590021138,0.15909882753382634
ETH,ethereum-above-3000-on-december-2,3000.0,1764694860,1764351000,0.5642797512106832,3.979861111111111,3017.7,3005.59,6.753868444221447,-0.0040210636768821,1,2025-12-02,False,0.41,1764351900.0,0.5730670000000001,0.6002247350794997,-6.176501182223728e-05,-0.0004171527643031,95.26666666666668,0.5998075823151965,0.04127067052455558,0.050270639665649576,ETH-5DEC25,30.83699251915428,62.983333333333334,0.595079874404241,0.6181927789903916,0.6096099626136007,0.60623302839149,0.6028560941693792
BTC,bitcoin-above-94k-on-december-6,94000.0,1765040460,1764722700,0.4652128123058189,3.6777777777777776,91473.55,89685.64,7.106619543041053,-0.0197391923912054,0,2025-12-06,False,0.288,1764723600.0,-0.30235392,-0.1620749895888122,7.599621546001446e-05,0.0005400761899852,88.01666666666667,-0.1615349133988269,0.20598075607527488,0.161012027094405,BTC-12DEC25,66.45553668117671,134.98333333333332,-0.166509547078956,-0.14577645039573853,-0.10134779760485385,-0.10490110737637438,-0.1084544171478949
ETH,ethereum-above-3300-on-december-7,3300.0,1765126860,1764742500,0.6732600048453061,4.448611111111111,3069.57,3036.73,3.219563736402401,-0.0107562080542418,0,2025-12-07,False,0.175,1764743400.0,-0.18510625,-0.1504759526073636,-0.0001496311328678,-0.0004817469692182,106.51666666666668,-0.1509576995765818,-0.05264845521118985,0.05772013059385971,ETH-12DEC25,-59.729847926483316,110.98333333333333,-0.1532113941920636,-0.13012156099084018,-0.24000839982667155,-0.24161818169487276,-0.24322796356307394
ETH,ethereum-above-3200-on-december-7,3200.0,1765126860,1764743400,0.6616415273532908,4.438194444444445,3083.66,3036.73,4.715757931099965,-0.015335924602049,0,2025-12-07,False,0.23,1764744300.0,-0.242397,-0.170076491927136,-0.0001496321586903,-0.0007056290390916,106.26666666666668,-0.1707821209662277,-0.07711522136218353,0.05414372189859563,ETH-12DEC25,4.735041846638572,110.98333333333333,-0.17408315151799794,-0.19225993769226596,-0.32281325191395355,-0.32517113087950356,-0.3275290098450535
ETH,ethereum-above-3000-on-december-10,3000.0,1765386060,1764902700,0.6824809875778495,5.594444444444444,3188.71,3347.24,3.7475858708818057,0.0485196793689612,1,2025-12-10,False,0.73,1764903600.0,0.256203,0.0743713351371652,-9.52493186800146e-05,-0.0003569550008963,134.01666666666668,0.0740143801362688,-0.2259801466799428,-0.19018285899218312,ETH-12DEC25,-44.95943938427804,38.983333333333334,0.071391070026652,0.06303987589730332,0.02759954321043996,0.025725750274999057,0.023851957339558156
ETH,ethereum-above-3000-on-december-13,3000.0,1765645260,1765310400,0.9024329098234782,3.875694444444445,3357.88,3105.36,2.1753964047589007,-0.0781801717662697,1,2025-12-13,False,0.68,1765311300.0,0.3047679999999999,0.4748408645837764,-1.1015936129969184e-05,-2.3964027852188644e-05,92.76666666666668,0.4748169005559242,0.15467728820054208,0.16878993929236774,ETH-19DEC25,-82.11295099530858,134.98333333333332,0.47329412307259283,0.47201119778118417,0.45792251071721074,0.45683481251483127,0.45574711431245185
ETH,ethereum-above-2900-on-december-30,2900.0,1767114060,1766715300,0.5227788993475835,4.615277777777777,2953.42,2984.93,6.523488718773652,0.0106124750925579,1,2025-12-30,False,0.53,1766716200.0,0.452563,0.3833326384554321,0.0006888021402127,0.004493392991145,110.51666666666668,0.3878260314465771,-0.009869122485612974,0.006666602666709528,ETH-2JAN26,-46.322020293980884,62.983333333333334,0.3832595893434356,0.45915655355471297,0.4381274354112455,0.4348656910518587,0.4316039466924718
BTC,bitcoin-above-86k-on-december-31,86000.0,1767200460,1766715300,0.3770816849381809,5.615277777777778,88195.66,87622.31,7.467929127914152,-0.0065221095707635,1,2025-12-31,False,0.83,1766716200.0,0.160123,0.2088296520389529,0.0014773073963008,0.0110324269357182,134.51666666666668,0.2198620789746712,0.1423753093978121,0.1398324499732071,BTC-2JAN26,4.147563646089564,38.983333333333334,0.2146345285851307,0.3057603265193854,0.29727075900827216,0.2935367944443151,0.289802829880358
ETH,ethereum-above-2900-on-december-31,2900.0,1767200460,1766715300,0.536261473421273,5.615277777777778,2953.42,2974.3,5.82592372005796,0.0070448963031687,1,2025-12-31,False,0.53,1766716200.0,0.452563,0.4115199715220206,0.0009154959116045,0.0053336093470328,134.51666666666668,0.4168535808690534,-0.000979970350512296,0.028849253600005207,ETH-2JAN26,-46.322020293980884,38.983333333333334,0.41277543426501306,0.48266771634299743,0.4475048830454471,0.4445919211854181,0.44167895932538914
ETH,ethereum-above-2800-on-december-30,2800.0,1767114060,1766715300,0.5482165845414945,4.615277777777777,2953.42,2984.93,4.568586752503616,0.0106124750925579,1,2025-12-30,False,0.76,1766716200.0,0.227232,0.1787479868808653,0.0006888021402127,0.0031468523328721,110.51666666666668,0.1818948392137374,-0.006911630293289302,0.004668813565919681,ETH-2JAN26,-46.322020293980884,62.983333333333334,0.17869682848698495,0.23184965517203926,0.21712235897995816,0.21483806560370636,0.21255377222745453
ETH,ethereum-above-3000-on-december-29,3000.0,1767027660,1766715300,0.4789331099480791,3.615277777777778,2953.42,2937.32,7.866561434439192,-0.0054662198937279,0,2025-12-29,False,0.26,1766716200.0,-0.273468,-0.2304676453918353,0.0005935124790973,0.0046689023789252,86.51666666666667,-0.22579874301291,0.08114042980937458,0.13203339235912256,ETH-2JAN26,-46.322020293980884,86.98333333333333,-0.23130533601701803,-0.14227229826605967,-0.19783416319473285,-0.20176744391195245,-0.20570072462917205
ETH,ethereum-above-2900-on-december-29,2900.0,1767027660,1766715300,0.501109773051321,3.615277777777778,2953.42,2937.32,7.547332440388144,-0.0054662198937279,1,2025-12-29,False,0.53,1766716200.0,0.452563,0.493818378730228,0.0005935124790973,0.0044794359872662,86.51666666666667,0.4982978147174943,0.07784771062059181,0.12667541131807641,ETH-2JAN26,-46.322020293980884,86.98333333333333,0.4930146820092221,0.5784347145970709,0.52512757791232,0.521353911692126,0.5175802454719318
ETH,ethereum-above-3100-on-december-30,3100.0,1767114060,1766716200,0.5093407472674332,4.604861111111111,2981.02,2984.93,5.409331607295568,0.0013107721519025,0,2025-12-30,False,0.13,1766717100.0,-0.137917,-0.1450074012312493,0.0006888011519751,0.0037259538425206,110.26666666666668,-0.1412814473887286,-0.008183559211815968,-0.012799505155939661,ETH-2JAN26,-12.440739979199208,62.983333333333334,-0.14506797951383532,-0.15077708343852597,-0.14988709133692288,-0.15259175714057066,-0.15529642294421844
BTC,bitcoin-above-84k-on-december-31,84000.0,1767200460,1766716200,0.4147792101000764,5.604861111111111,89020.13,87622.31,4.221590741356357,-0.015826878050528,1,2025-12-31,False,0.83,1766717100.0,0.160123,0.2269376018426854,0.001475296588451,0.0062280984185597,134.26666666666668,0.2331657002612451,0.08048419818352348,0.08207491015271454,BTC-2JAN26,-3.02551520108028,38.983333333333334,0.2302105867422954,0.24547089505232478,0.23765208466457402,0.23554128929389584,0.23343049392321766
ETH,ethereum-above-2900-on-january-1,2900.0,1767286860,1766974500,0.5449727295848626,3.615277777777778,3012.43,2981.17,5.860236607996924,-0.0104312211193639,1,2026-01-01,False,0.67,1766975400.0,0.3145229999999999,0.3756524238698074,0.0006539893609331,0.0038325323941809,86.51666666666667,0.3794849562639883,0.032786679212402914,0.05199732735671838,ETH-2JAN26,-10.985719670717048,14.983333333333333,0.3753827906383899,0.3662506941253013,0.34320751358680496,0.3402773952828065,0.337347276978808
BTC,bitcoin-above-92k-on-january-8,92000.0,1767891660,1767485700,0.4345366890943848,4.698611111111111,91399.99,90904.38,7.992225417051485,-0.005437184209844,0,2026-01-08,False,0.45,1767486600.0,-0.467325,-0.4238697981608934,0.0010000357444214,0.007992511094525,112.51666666666668,-0.4158772870663683,0.012030062834257673,0.017742648459292555,BTC-9JAN26,35.61452452176888,14.983333333333333,-0.4214718448583048,-0.44718439823811845,-0.46088949495767834,-0.46488560766620407,-0.4688817203747298
BTC,bitcoin-above-94k-on-january-12,94000.0,1768237260,1767735000,0.4414147243564194,5.813194444444444,93520.42,92149.84,7.110372515822234,-0.0147638603568792,0,2026-01-12,False,0.4,1767735900.0,-0.4168,-0.3118234530910082,0.0009587995755,0.0068174221498176,139.26666666666668,-0.3050060309411905,0.15305359667658816,0.1173390171654324,BTC-16JAN26,-19.831041802113756,86.98333333333333,-0.30998329170226663,-0.2976208214458256,-0.2687236640844874,-0.2722788503423985,-0.27583403660030964
ETH,ethereum-above-3500-on-january-11,3500.0,1768150860,1767743100,0.6002691006036505,4.719444444444444,3291.49,3130.49,3.7786186079846975,-0.0501508079724352,0,2026-01-11,False,0.11,1767744000.0,-0.116853,0.072647776210111,0.000370798267823,0.0014011052346045,113.01666666666668,0.0740488814447155,0.16081655099151598,0.19604145901305145,ETH-16JAN26,-104.42524130994245,110.98333333333333,0.07140384841912618,0.07794453122206667,0.0413185179659267,0.03942920866193435,0.037539899357942004
ETH,ethereum-above-3200-on-january-13,3200.0,1768323660,1767838500,0.5247016355778807,5.615277777777778,3181.37,3182.88,6.084329829280511,0.0004745256796432,0,2026-01-13,False,0.41,1767839400.0,-0.426933,-0.4298201707474132,0.0005212294141466,0.0031713316723908,134.51666666666668,-0.4266488390750224,-0.041305207999465084,-0.0335695952202335,ETH-16JAN26,-21.52137934463885,62.983333333333334,-0.4309078699555183,-0.46159029442833904,-0.4724972388799614,-0.4755394037946017,-0.47858156870924196
ETH,ethereum-above-3100-on-january-11,3100.0,1768150860,1767858300,0.5081652794569715,3.386111111111111,3130.37,3130.49,8.027358477406544,3.8333391902929725e-05,1,2026-01-11,False,0.54,1767859200.0,0.4426119999999999,0.4423042841215402,0.0002832884531524,0.002274057965965,81.01666666666667,0.4445783420875052,-0.02381720713284113,-0.0007704784825537321,ETH-16JAN26,-39.913813618889144,110.98333333333333,0.4389591911533206,0.4384964285492266,0.4131756419329742,0.4091619626942709,0.40514828345556764
ETH,ethereum-above-3200-on-january-11,3200.0,1768150860,1767861000,0.4972225881005128,3.354861111111111,3133.8,3130.49,7.520499508744773,-0.00105678386794,0,2026-01-11,False,0.27,1767861900.0,-0.283797,-0.2758494574403078,0.0002832884531524,0.0021304706727663,80.26666666666667,-0.2737189867675414,-0.022313354392524017,-0.00963009272363798,ETH-16JAN26,-28.06850553646311,110.98333333333333,-0.2789833364236629,-0.296560971706993,-0.31137470404864537,-0.31513495380301776,-0.31889520355739015
ETH,ethereum-above-3200-on-january-12,3200.0,1768237260,1767910500,0.459767961921028,3.781944444444444,3126.44,3130.55,7.445132198490821,0.0013137309125049,0,2026-01-12,False,0.24,1767911400.0,-0.252768,-0.2625489003168433,0.0004927626370759,0.0036686829755074,90.51666666666668,-0.2588802173413358,0.0340930529732991,-0.025860903781248626,ETH-16JAN26,2.5652536535223414,86.98333333333333,-0.2640918098802792,-0.28017181334468483,-0.22388653956564447,-0.22760910566488987,-0.2313316717641353
BTC,bitcoin-above-88k-on-january-15,88000.0,1768496460,1767972600,0.4004763508531015,6.063194444444444,91680.59,96820.1,5.754980276642732,0.0545439289821722,1,2026-01-15,False,0.74,1767973500.0,0.246532,-0.0673672355030032,0.0009841478692536,0.0056637515768548,145.26666666666668,-0.0617034839261483,-0.3335220696051547,-0.33397162738524944,BTC-16JAN26,-19.184395272159957,14.983333333333333,-0.06573197011979802,-0.08580436200204455,-0.09101855579880459,-0.09389604593712596,-0.09677353607544732
BTC,bitcoin-above-90k-on-january-15,90000.0,1768496460,1767972600,0.3790187373217105,6.063194444444444,91680.59,96820.1,7.66983488849332,0.0545439289821722,1,2026-01-15,False,0.55,1767973500.0,0.432675,0.0143320705370331,0.0009841478692536,0.0075482516630381,145.26666666666668,0.0218803222000712,-0.44449486923913517,-0.4450940083813071,BTC-16JAN26,-19.184395272159957,14.983333333333333,0.016511437778126446,-0.01023964114021433,-0.017188753661080518,-0.021023671105327178,-0.02485858854957384
BTC,bitcoin-above-90k-on-january-13,90000.0,1768323660,1767997800,0.3096532456970486,3.771527777777778,90603.52,93371.06,12.431682936583364,0.0300883827229271,1,2026-01-13,False,0.56,1767998700.0,0.4227519999999999,0.048702765913997,0.0008530843183009,0.0106052737632891,90.26666666666668,0.0593080396772861,-0.3526979099996619,-0.38189810189146645,BTC-16JAN26,14.910127841630795,62.983333333333334,0.0506058616216781,0.0427569938162142,0.061351911944729665,0.05513607047643798,0.0489202290081463
BTC,bitcoin-above-90k-on-january-14,90000.0,1768410060,1768000500,0.3329854025170881,4.740277777777778,90708.05,97283.07,10.329813561488333,0.0699788687908742,1,2026-01-14,False,0.56,1768001400.0,0.4227519999999999,-0.3001166678535851,0.000957403037071,0.0098897948761464,113.51666666666668,-0.2902268729774386,-0.7029495833851868,-0.7366516653956011,BTC-16JAN26,1.379786135338525,38.983333333333334,-0.2974577424704805,-0.3112407400124967,-0.2874284528782287,-0.2925933596589729,-0.29775826643971703
ETH,ethereum-above-3100-on-january-15,3100.0,1768496460,1768042800,0.4590741289070095,5.250694444444445,3102.96,3335.31,7.245072335863807,0.0722091339386437,1,2026-01-15,False,0.46,1768043700.0,0.5226120000000001,-0.0005483986955523,0.0003721189998931,0.0026960290717749,125.76666666666668,0.0021476303762226,-0.4734432247707905,-0.537803517685514,ETH-16JAN26,-14.869650878683153,14.983333333333333,-0.0029239202588815538,-0.017567039248843733,0.04409722459410493,0.04047468842617302,0.03685215225824112
ETH,ethereum-above-3100-on-january-15,3100.0,1768496460,1768129200,0.5058283052952236,4.250694444444444,3107.76,3335.31,7.307167285837285,0.0706634191243569,1,2026-01-15,False,0.46,1768130100.0,0.5226120000000001,0.0062625754690903,0.0002848883808959,0.0020817270569977,101.76666666666668,0.008344302526088,-0.45213392584678336,-0.5320348481535343,ETH-16JAN26,5.643113536022893,14.983333333333333,0.003229285426002082,-0.012456138196622623,0.06536305705313061,0.06170947341021197,0.058055889767293326
BTC,bitcoin-above-90k-on-january-15,90000.0,1768496460,1768186800,0.4147566536916279,3.584027777777778,92203.56,96820.1,8.260747711402432,0.0488558758246675,1,2026-01-15,False,0.69,1768187700.0,0.295027,-0.1085590644071836,0.0004292330648536,0.0035457860581482,85.76666666666667,-0.1050132783490353,-0.4175552696406118,-0.386721509458353,BTC-16JAN26,-57.291186992475566,14.983333333333333,-0.11079580174701699,-0.0939312467981865,-0.12831079303859352,-0.13244116689429475,-0.13657154074999595
BTC,bitcoin-above-92k-on-january-15,92000.0,1768496460,1768231800,0.3953666855158806,3.063194444444445,91320.0,96820.1,10.744262876056377,0.0584847956938737,1,2026-01-15,False,0.37,1768232700.0,0.613683,-0.0146930191874294,0.0003058162970997,0.0032857706878215,73.26666666666667,-0.0114072484996078,-0.566813458249438,-0.6137461988007373,BTC-16JAN26,23.716117302972012,14.983333333333333,-0.01892823251284701,-0.004298412126155315,0.03934855773732255,0.03397642629929436,0.028604294861266172
BTC,bitcoin-above-94k-on-january-15,94000.0,1768496460,1768232700,0.3916117996062631,3.0527777777777776,91529.71,96820.1,8.335553232202383,0.0561909983239004,1,2026-01-15,False,0.16,1768233600.0,0.830592,0.362208942300533,0.0003053399514816,0.0025451774194935,73.01666666666667,0.3647541197200266,-0.3975377359819982,-0.4492900482713824,BTC-16JAN26,42.120677430498446,14.983333333333333,0.3589192324574852,0.3780122418855694,0.4272193767554601,0.42305160013935894,0.41888382352325776
BTC,bitcoin-above-88k-on-january-15,88000.0,1768496460,1768234500,0.4417524364481919,3.031944444444444,91793.7,96820.1,5.840622175860586,0.0533109495349755,1,2026-01-15,False,0.82,1768235400.0,0.169668,-0.1417011140701627,0.0003045282712729,0.001778634574373,72.51666666666667,-0.1399224794957896,-0.2785499236628828,-0.281970313794028,BTC-16JAN26,-14.109349783347824,14.983333333333333,-0.1440109150188919,-0.11461211474275738,-0.11297035918598518,-0.11589067027391547,-0.11881098136184576
ETH,ethereum-above-3200-on-january-15,3200.0,1768496460,1768235400,0.513202790042727,3.0215277777777776,3143.22,3335.31,7.865488978836017,0.0593178763868203,1,2026-01-15,False,0.28,1768236300.0,0.705888,0.2393238970315069,5.18774069473869e-05,0.0004080411725952,72.26666666666667,0.2397319382041021,-0.4210289735083051,-0.4953075381931592,ETH-16JAN26,-9.266804734148586,14.983333333333333,0.2342260959189177,0.20548266069425075,0.2793531842065097,0.2754204397170917,0.2714876952276737
ETH,ethereum-above-3100-on-january-18,3100.0,1768755660,1768342500,0.5491820806779869,4.781944444444445,3321.26,3334.02,3.598241864458219,0.0038345541089306,1,2026-01-18,False,0.79,1768343400.0,0.1983869999999999,0.1845893468737154,5.56910043989188e-05,0.0002003897035019,114.51666666666668,0.1847897365772173,-0.015632835686069255,-0.010972977272079807,ETH-23JAN26,20.891110843703032,110.98333333333333,0.18227096727209666,0.18509564312630122,0.1802353950088099,0.17843627407658078,0.17663715314435166
ETH,ethereum-above-3300-on-january-18,3300.0,1768755660,1768342500,0.5085663407971336,4.781944444444445,3321.26,3334.02,6.830844379592594,0.0038345541089306,1,2026-01-18,False,0.31,1768343400.0,0.6750269999999999,0.6488337576167674,5.56910043989188e-05,0.0003804165843922,114.51666666666668,0.6492141742011597,-0.02967712338574528,-0.020830923253589963,ETH-23JAN26,20.891110843703032,110.98333333333333,0.644432583135445,0.6497949022650874,0.6405682855485398,0.6371528633587435,0.6337374411689473
ETH,ethereum-above-3400-on-january-19,3400.0,1768842060,1768342500,0.50376225393932,5.781944444444444,3321.26,3221.91,5.805394745990348,-0.0303698775981624,0,2026-01-19,False,0.19,1768343400.0,-0.200773,-0.0244638721552575,5.6437664190051376e-05,0.0003276429191648,138.51666666666668,-0.0241362292360926,0.19950249901894432,0.18151376419088386,ETH-23JAN26,20.891110843703032,86.98333333333333,-0.028200005558286473,-0.022995369212144595,-0.005334277303248933,-0.008236974676244107,-0.011139672049239283
BTC,bitcoin-above-100k-on-january-19,100000.0,1768842060,1768344300,0.3936304908655644,5.761111111111111,95583.98,93294.63,5.195823060701311,-0.0242426828668611,0,2026-01-19,False,0.119,1768345200.0,-0.1263387299999999,-0.0003780393070941,0.0002292888768188,0.0011913444337379,138.01666666666668,0.0008133051266438,0.12895776991259147,0.14359979907335169,BTC-23JAN26,-35.20468295512776,86.98333333333333,-0.0028237710158474476,0.01481533736459877,-0.0010180362298993426,-0.0036159477602499984,-0.006213859290600654
BTC,bitcoin-above-96k-on-january-20,96000.0,1768928460,1768493700,0.3579756109781603,5.031944444444444,96377.92,90148.01,9.466621435268054,-0.0668242546532789,0,2026-01-20,False,0.58,1768494600.0,-0.5970519999999999,0.0355479214965416,0.0001413257237518,0.0013378771258237,120.51666666666668,0.0368857986223653,0.7310129914658439,0.654348511652868,BTC-23JAN26,41.770982383927716,62.983333333333334,0.03025916361767724,0.05200775377400415,0.12733435646115632,0.12260104574352229,0.11786773502588827
ETH,ethereum-above-3300-on-january-19,3300.0,1768842060,1768519800,0.4325021606204206,3.729861111111111,3312.98,3221.91,9.103741663585492,-0.0278737350711505,0,2026-01-19,False,0.49,1768520700.0,-0.507493,-0.2537377167130231,4.4934879986817736e-06,4.090755390842065e-05,89.26666666666667,-0.2536968091591147,0.2868434551682264,0.2563818756915613,ETH-23JAN26,23.365377127167985,86.98333333333333,-0.2600694283236245,-0.2574428359190401,-0.22702216399628342,-0.23157403482807618,-0.2361259056598689
BTC,bitcoin-above-96k-on-january-22,96000.0,1769101260,1768597200,0.3211751607812354,5.834027777777778,95553.6,89026.0,9.735710797494232,-0.0707588846851123,0,2026-01-22,False,0.4,1768598100.0,-0.4168,0.2720880376474971,0.0005743500006587,0.0055917055029537,139.76666666666668,0.2776797431504508,0.6303666291258233,0.6594181929135804,BTC-23JAN26,18.91047947112862,14.983333333333333,0.2708647455922047,0.24139490085828813,0.20675163156757734,0.20188377616883021,0.19701592077008312
ETH,ethereum-above-3400-on-january-22,3400.0,1769101260,1768761000,0.4793939600865388,3.938194444444444,3362.23,2942.02,7.76652628968415,-0.1335080240535075,0,2026-01-22,False,0.35,1768761900.0,-0.365925,0.6709685786953503,2.168266912788101e-05,0.0001683990198122,94.26666666666668,0.6711369777151626,0.983874127369441,1.0201908992490836,ETH-23JAN26,12.50130384709322,14.983333333333333,0.6657004093123832,0.6489977298661168,0.6125125589666621,0.60862929582182,0.604746032676978
ETH,ethereum-above-3300-on-january-22,3300.0,1769101260,1768761000,0.4923733237655727,3.938194444444444,3362.23,2942.02,7.362990977113499,-0.1335080240535075,0,2026-01-22,False,0.57,1768761900.0,-0.5871569999999999,0.3958613764782283,2.168266912788101e-05,0.0001596492971483,94.26666666666668,0.3960210257753766,0.9327537244107136,0.9671835394520751,ETH-23JAN26,12.50130384709322,14.983333333333333,0.39086693209139667,0.37503209506524404,0.3404426307267342,0.33676113523817747,0.3330796397496207
BTC,bitcoin-above-90k-on-january-25,90000.0,1769360460,1769004900,0.4000042526283079,4.115277777777778,89578.8,88049.67,9.311656730599962,-0.0172175977774778,0,2026-01-25,False,0.53,1769005800.0,-0.5474370000000001,-0.3871126397705857,0.0007269480505864,0.0067690907080397,98.51666666666668,-0.3803435490625459,0.21013690575998376,0.19725739046027443,BTC-30JAN26,2.1704589492808837,110.98333333333333,-0.3868617087739662,-0.34992867854310583,-0.3438182539514362,-0.3484740823167362,-0.3531299106820362
ETH,ethereum-above-3000-on-january-25,3000.0,1769360460,1769004900,0.5447094893330385,4.115277777777778,2974.01,2897.46,6.787449768033767,-0.0260767193749259,0,2026-01-25,False,0.38,1769005800.0,-0.396492,-0.2194975771275769,0.0001009902284617,0.000685466102746,98.51666666666668,-0.2188121110248308,0.2138593473047636,0.21822618205425873,ETH-30JAN26,-20.266146571745153,110.98333333333333,-0.2235633258624552,-0.18233156668061892,-0.18738386753286004,-0.19077759241687692,-0.19417131730089382
ETH,ethereum-above-2900-on-january-25,2900.0,1769360460,1769005800,0.5791298390382353,4.104861111111111,2975.87,2897.46,6.020564570591389,-0.0267019420888596,0,2026-01-25,False,0.728,1769006700.0,-0.7418611199999999,-0.5811003534938286,0.0001009902284617,0.0006080181914524,98.26666666666668,-0.5804923353023761,0.18969628556762727,0.15952575739816988,ETH-30JAN26,36.28000015500674,110.98333333333333,-0.5847067305017905,-0.5859417396097917,-0.5563792296317867,-0.5593895119170823,-0.5623997942023781
ETH,ethereum-above-2900-on-january-27,2900.0,1769533260,1769022000,0.5429326719698381,5.917361111111111,2927.4,2986.15,5.741306925378458,0.01987027521491,1,2026-01-27,False,0.52,1769022900.0,0.462528,0.348446651299461,0.0002615213997507,0.0015014746235234,141.76666666666668,0.3499481259229845,0.23811524244481103,-0.12013940132439582,ETH-30JAN26,434.2250070922926,62.983333333333334,0.3459292110752198,0.3398711584513627,0.6966243275970461,0.6937536741343568,0.6908830206716676
ETH,ethereum-above-2900-on-january-28,2900.0,1769619660,1769024700,0.5569151489703716,6.886111111111111,3034.01,2999.17,4.477546375041024,-0.0115495931776543,1,2026-01-28,False,0.66,1769025600.0,0.3242919999999999,0.3760058390658045,0.0004570066987421,0.0020462686873222,165.01666666666668,0.3780521077531267,0.0259310930984624,0.06943219088738807,ETH-30JAN26,-57.580154151971975,38.983333333333334,0.374917825290598,0.39263617711218146,0.3470888106359336,0.3448500374484131,0.3426112642608926
BTC,bitcoin-above-86k-on-february-5,86000.0,1770310860,1769784300,0.4181954004126368,6.094444444444444,83650.86,68102.04,6.382607495221253,-0.2056445396585084,0,2026-02-05,False,0.26,1769785200.0,-0.273468,1.0390803801757202,0.0002005632633705,0.0012801165880548,146.01666666666668,1.0403604967637752,1.4480106970345497,1.2762510403062668,BTC-6FEB26,-7.839590330654592,14.983333333333333,1.0358926715171197,0.9995953316476666,1.1700748717878948,1.1668835680402843,1.1636922642926735
BTC,bitcoin-above-82k-on-february-3,82000.0,1770138060,1769784300,0.4537890445410064,4.094444444444444,83650.86,76464.84,7.690595865089907,-0.0898206809751466,0,2026-02-03,False,0.606,1769785200.0,-0.62271348,0.0680610777070227,0.0001232881343742,0.0009481592164333,98.01666666666668,0.069009236923456,0.7837306874157123,0.63872505061568,BTC-6FEB26,-7.839590330654592,62.983333333333334,0.06362581981789245,0.01157631272655029,0.1556337903101493,0.15178849237760433,0.14794319444505938
ETH,ethereum-above-2700-on-february-3,2700.0,1770138060,1769784300,0.5733041087114193,4.094444444444444,2759.5,2241.65,6.224771946562433,-0.207837302049503,0,2026-02-03,False,0.606,1769785200.0,-0.62271348,0.6710263272469696,-7.440812025274069e-05,-0.0004631735795457,98.01666666666668,0.6705631536674239,1.3538755459067398,1.237885557090094,ETH-6FEB26,-18.503087599392003,62.983333333333334,0.6662058133048295,0.6103515631479545,0.726804725544146,0.7236923395708648,0.7205799535975835
BTC,bitcoin-above-84k-on-february-4,84000.0,1770224460,1769784300,0.4283896842066128,5.094444444444445,83650.86,73800.99,7.837091161467807,-0.1252795621618434,0,2026-02-04,False,0.4,1769785200.0,-0.4168,0.5650273493311402,0.0001530774490038,0.0011996819226077,122.01666666666668,0.566227031253748,1.052714071518741,0.952243909840729,BTC-6FEB26,-7.839590330654592,38.983333333333334,0.5607410674407199,0.5311576279503093,0.6304281077057136,0.6265095621249797,0.6225910165442458
BTC,bitcoin-above-84k-on-february-3,84000.0,1770138060,1769796900,0.3826880143818208,3.948611111111112,82871.83,76464.84,9.395241453369351,-0.0804641700600938,0,2026-02-03,False,0.34,1769797800.0,-0.355708,0.4002723060595546,0.0001207108105283,0.0011341072109458,94.51666666666668,0.4014064132705005,1.0774059995324468,0.7071265992807252,BTC-6FEB26,197.7248896899874,62.983333333333334,0.3948297442531416,0.34597603747431244,0.7151213305150882,0.7104237097884035,0.7057260890617189
BTC,bitcoin-above-78k-on-february-3,78000.0,1770138060,1769878800,0.5855350738919195,3.000694444444444,80365.04,76464.84,6.5085924320737965,-0.0497482284127967,0,2026-02-03,False,0.613,1769879700.0,-0.62960617,-0.3058152270433922,-3.336951566854443e-05,-0.0002171885771422,71.76666666666667,-0.3060324156205344,0.3320317058957503,0.21721148845100988,BTC-6FEB26,-19.97559203791301,62.983333333333334,-0.3105884303229866,-0.4171678848285839,-0.3021304788067013,-0.3053847750227382,-0.3086390712387751
BTC,bitcoin-above-70k-on-february-9,70000.0,1770656460,1770227100,0.6641575067852379,4.969444444444444,72769.18,70270.91,4.6270591227391416,-0.0349345987456163,1,2026-02-09,False,0.684,1770228000.0,0.3008699199999999,0.4625143738251352,-0.0003034662446249,-0.0014041562556352,119.01666666666668,0.4611102175694999,0.18059343573774825,0.1308631082454727,BTC-13FEB26,144.26281591167535,86.98333333333333,0.45787127618358253,0.42708993060392,0.4782244143518307,0.4759108847904611,0.4735973552290916
BTC,bitcoin-above-68k-on-february-8,68000.0,1770570060,1770228000,0.7421941219091877,3.9590277777777776,72576.08,70545.46,3.736015031519704,-0.0283780662529607,1,2026-02-08,False,0.834,1770228900.0,0.15630892,0.2623298020865233,-0.0003060075137031,-0.0011432486709528,94.76666666666668,0.2611865534155704,0.13880484357006997,0.11526037012383455,BTC-13FEB26,84.41006212550509,110.98333333333333,0.25857134289350664,0.267810830930818,0.29249855304800615,0.2906305455322463,0.28876253801648644
ETH,ethereum-above-1900-on-february-9,1900.0,1770656460,1770291000,1.0510931759304636,4.229861111111111,2069.0,2096.93,2.766370936779274,0.0134089715787126,1,2026-02-09,False,0.818,1770291900.0,0.17157868,0.13448449073255,-0.0001218413967572,-0.0003370584988858,101.26666666666668,0.1341474322336641,-0.07031297517040838,-0.011958346829222368,ETH-13FEB26,-51.83223756013233,86.98333333333333,0.1322109725779189,0.15734681501614636,0.09932924517384614,0.0979460597054565,0.09656287423706687
BTC,bitcoin-above-68k-on-february-9,68000.0,1770656460,1770292800,0.6850002795821676,4.209027777777778,70318.35,70270.91,4.967708466694313,-0.0006748737677482,1,2026-02-09,False,0.659,1770293700.0,0.3252696699999999,0.3286222461299927,-0.0003497087946756,-0.0017372513401875,100.76666666666668,0.3268849947898051,-0.07700652356933638,-0.04669483973523779,BTC-13FEB26,-24.231802960289016,86.98333333333333,0.32340759886311904,0.2733601829978886,0.2447857505039775,0.24230189627063034,0.23981804203728319
ETH,ethereum-above-1900-on-february-8,1900.0,1770570060,1770293700,1.159732229424712,3.198611111111111,2071.63,2085.63,2.78975902341115,0.0067352308606392,1,2026-02-08,False,0.819,1770294600.0,0.17062327,0.1518335989317745,-0.0001248755065492,-0.0003483725711987,76.51666666666667,0.1514852263605758,-0.03830392929017862,-0.02163500175099316,ETH-13FEB26,-31.480834813649935,110.98333333333333,0.14953239504418803,0.14668706436142032,0.13036650939343358,0.128971629881728,0.12757675037002245
ETH,ethereum-above-2000-on-february-9,2000.0,1770656460,1770293700,0.9474021992253204,4.198611111111111,2071.63,2096.93,3.7584415669036857,0.0121386333192292,1,2026-02-09,False,0.66,1770294600.0,0.3242919999999999,0.2786696559676067,-0.0001217908377446,-0.0004577437470476,100.51666666666668,0.2782119122205589,-0.12594299208257523,-0.05431029484924883,ETH-13FEB26,-31.480834813649935,86.98333333333333,0.2755810031237267,0.26689305230687094,0.1957180988205921,0.19383887803714026,0.1919596572536884
ETH,ethereum-above-2000-on-february-8,2000.0,1770570060,1770295500,1.0200953836766486,3.1777777777777776,2057.9,2085.63,4.060108748589675,0.0133849225171624,1,2026-02-08,False,0.64,1770296400.0,0.3438719999999999,0.2895277589888736,-0.0001248755065492,-0.000507008136625,76.01666666666667,0.2890207508522486,-0.06659276030197415,-0.05136468758002554,ETH-13FEB26,-9.236977734474873,110.98333333333333,0.2861786747282361,0.28915822815933656,0.274437163574013,0.27240710919971817,0.2703770548254233
BTC,bitcoin-above-64k-on-february-11,64000.0,1770829260,1770306300,0.8304695023751261,6.052777777777777,67519.99,66080.42,3.3754687220782524,-0.0215512170586981,1,2026-02-11,False,0.695,1770307200.0,0.29016175,0.3629072091043551,-0.0003993686543828,-0.0013480564014477,145.01666666666668,0.3615591527029074,0.08544995200788877,0.07493024045127135,BTC-13FEB26,117.01817995580886,38.983333333333334,0.3591963245974522,0.36138110594436884,0.37324887390243394,0.3715611395413948,0.36987340518035566
BTC,bitcoin-above-66k-on-february-11,66000.0,1770829260,1770306300,0.7826849286043518,6.052777777777777,67519.99,66080.42,3.8976535776931738,-0.0215512170586981,1,2026-02-11,False,0.59,1770307200.0,0.393067,0.4770661782724772,-0.0003993686543828,-0.0015566006645737,145.01666666666668,0.4755095776079034,0.09866905564220381,0.0865219451929903,BTC-13FEB26,117.01817995580886,38.983333333333334,0.47278122010351786,0.47530398702403137,0.4890076981378186,0.48705887134897197,0.4851100445601254
ETH,ethereum-above-1800-on-february-8,1800.0,1770570060,1770306300,1.3332830980082375,3.0527777777777776,1964.83,2085.63,2.6356038068826626,0.0596652402997665,1,2026-02-08,False,0.777,1770307200.0,0.21087103,0.0536170955273663,-0.0001218149230634,-0.0003210558749612,73.01666666666667,0.053296039652405,-0.12789805371871754,-0.16180666026021656,ETH-13FEB26,156.92551839633293,110.98333333333333,0.051451116987587475,0.04689839120000436,0.08112805361646458,0.07981025171302325,0.07849244980958192
ETH,ethereum-above-1800-on-february-10,1800.0,1770742860,1770306300,1.1940908131796952,5.052777777777778,1964.83,2023.6,2.43641352170627,0.0294723758518819,1,2026-02-10,False,0.736,1770307200.0,0.25039872,0.1785918249576656,-0.0001335684002237,-0.0003254278563777,121.01666666666668,0.1782663971012879,-0.05714503509683284,-0.07587636711953236,ETH-13FEB26,156.92551839633293,62.983333333333334,0.17656090763609353,0.17249143555889557,0.1915481954379728,0.19032998867711967,0.18911178191626654
BTC,bitcoin-above-58k-on-february-12,58000.0,1770915660,1770326100,1.113371032448126,6.823611111111111,63432.34,65712.79,2.2987021627946462,0.0353197532728702,1,2026-02-12,False,0.79,1770327000.0,0.1983869999999999,0.1171974067622799,-0.0003820083183532,-0.0008781233476042,163.51666666666668,0.1163192834146756,-0.07601629564904984,-0.06823270645363363,BTC-13FEB26,-98.40274632344504,14.983333333333333,0.11471019190071943,0.1276670786848058,0.12076161283699381,0.11961226175559649,0.11846291067419916
BTC,bitcoin-above-72k-on-february-9,72000.0,1770656460,1770396300,0.7035260491659825,3.0111111111111115,69802.0,70270.91,5.461855361222777,0.0066952525171052,0,2026-02-09,False,0.3,1770397200.0,-0.3147,-0.3512685008552915,-9.567343614306362e-05,-0.0005225544701245,72.01666666666667,-0.3517910553254161,0.016043541165255876,-0.051496564193376435,BTC-13FEB26,160.44344056376676,86.98333333333333,-0.35561435407827174,-0.37054241741635685,-0.30247975758760004,-0.30521068526821143,-0.30794161294882283
BTC,bitcoin-above-66k-on-february-10,66000.0,1770742860,1770448500,0.7348675202925466,3.406944444444445,67951.49,69432.0,5.23769905334556,0.0215537880970503,1,2026-02-10,False,0.675,1770449400.0,0.3096437499999999,0.1967514944880686,-3.673600994350684e-06,-1.924121645047989e-05,81.51666666666667,0.1967322532716181,-0.13220787282121527,-0.10412505251677594,BTC-13FEB26,12.56895633662534,62.983333333333334,0.19306586393427635,0.20183306692943156,0.17376948784144272,0.17115063831476995,0.16853178878809716
BTC,bitcoin-above-66k-on-february-16,66000.0,1771261260,1770811200,0.5989150921013454,5.209027777777778,67053.03,67900.0,5.480797885473622,0.0125522357014077,1,2026-02-16,False,0.63,1770812100.0,0.3536829999999999,0.2848867331097581,-4.353819340218758e-05,-0.000238624038336,124.76666666666668,0.284648109071422,-0.06840303165166704,-0.06586327311822218,BTC-20FEB26,0.37266849278497355,86.98333333333333,0.2808115505515905,0.2837445443236101,0.2814434098285013,0.2787030108857645,0.2759626119430277
BTC,bitcoin-above-66k-on-february-14,66000.0,1771088460,1770822000,0.6110342720687729,3.0840277777777776,66584.6,69718.67,7.044050957702433,0.0459948245875949,1,2026-02-14,False,0.51,1770822900.0,0.472507,0.1485171118143964,-3.464177022615561e-05,-0.000244018394738,73.76666666666667,0.1482730934196583,-0.33052930596452124,-0.3845486849096967,BTC-20FEB26,79.55779680071572,134.98333333333332,0.14334225774926704,0.08278346102517362,0.13704685836508707,0.13352483288623584,0.13000280740738462
BTC,bitcoin-above-68k-on-february-14,68000.0,1771088460,1770822000,0.5618093737649732,3.0840277777777776,66584.6,69718.67,7.033483823695813,0.0459948245875949,1,2026-02-14,False,0.31,1770822900.0,0.6750269999999999,0.3515231452894245,-3.464177022615561e-05,-0.0002436523305098,73.76666666666667,0.3512794929589146,-0.33003346238101866,-0.3839718041474888,BTC-20FEB26,79.55779680071572,134.98333333333332,0.34635605428232785,0.2858881048454142,0.3400700989423942,0.3365533570305463,0.3330366151186984
ETH,ethereum-above-1900-on-february-26,1900.0,1772125260,1771811100,0.7327740832486724,3.636111111111112,1872.82,1989.24,5.307877682896484,0.0603073399081717,1,2026-02-26,False,0.39,1771812000.0,0.593347,0.2732430163865628,-0.0002403830205209,-0.0012759236699703,87.01666666666667,0.2719670927165925,-0.3502181273751082,-0.3646606807348156,ETH-27FEB26,35.50872617841152,14.983333333333333,0.26825157833856506,0.2236948812171865,0.23941335824686422,0.23675941940541598,0.23410548056396774
ETH,ethereum-above-2000-on-march-1,2000.0,1772384460,1772124300,0.609141791148598,3.0111111111111115,2011.75,1973.13,7.18863372296418,-0.0193838756658822,0,2026-03-01,False,0.45,1772125200.0,-0.467325,-0.327981417706494,-0.0001854704384648,-0.001333279048561,72.01666666666667,-0.3293146967550551,0.09918024240704096,0.07322703168496764,ETH-6MAR26,2.7659387395185173,110.98333333333333,-0.33434674036113043,-0.40046329096966826,-0.37317680119903396,-0.37677111806051605,-0.38036543492199815
BTC,bitcoin-above-62k-on-march-3,62000.0,1772557260,1772261100,0.5331869037607325,3.427777777777778,64052.07,68079.21,6.432190457775024,0.0609755338808095,1,2026-03-03,False,0.64,1772262000.0,0.3438719999999999,-0.048334247185881,-0.0002808063207855,-0.0018061997370399,82.01666666666667,-0.0501404469229209,-0.43501186831623295,-0.4643916764893637,BTC-6MAR26,80.76113227217327,62.983333333333334,-0.054642980243363115,-0.1268284095468462,-0.09564240163667558,-0.09885849686556308,-0.1020745920944506
BTC,bitcoin-above-60k-on-march-3,60000.0,1772557260,1772262000,0.6405568672016141,3.417361111111111,63216.01,68079.21,4.6310996930580215,0.0741142883456692,1,2026-03-03,False,0.851,1772262900.0,0.14012407,-0.2031065880088423,-0.0002729018120681,-0.0012638354981035,81.76666666666667,-0.2043704235069458,-0.3132033081204459,-0.29484982147675465,BTC-6MAR26,-4.546024658175965,62.983333333333334,-0.20761219329208647,-0.15923135675999878,-0.17632100790558652,-0.17863655775211554,-0.18095210759864455
BTC,bitcoin-above-62k-on-march-4,62000.0,1772643660,1772269200,0.6557933957504303,4.334027777777778,63473.28,73257.96,5.348272218014358,0.1433678809939051,1,2026-03-04,False,0.68,1772270100.0,0.3047679999999999,-0.4620024548752915,-0.0001969255809439,-0.001053211613579,103.76666666666668,-0.4630556664888705,-0.7533868641887235,-0.7651909361520116,BTC-6MAR26,-3.301601306610793,38.983333333333334,-0.46679945704148057,-0.4652199383182008,-0.45236265474133364,-0.4550367908503408,-0.457710926959348
ETH,ethereum-above-1800-on-march-3,1800.0,1772557260,1772270100,0.8139860200080895,3.3236111111111115,1855.77,1980.46,4.824171942758368,0.065029436684705,1,2026-03-03,False,0.667,1772271000.0,0.3174522299999999,0.0037390460922639,-2.731241629977659e-05,-0.0001317597924023,79.51666666666667,0.0036072862998615,-0.3164216096878253,-0.30099459894198005,ETH-6MAR26,-6.197540044510462,62.983333333333334,0.00023036593993111792,0.012948950905686683,-0.002346300047756256,-0.00475838601913544,-0.007170471990514625
BTC,bitcoin-above-64k-on-march-3,64000.0,1772557260,1772276400,0.6241818054607393,3.250694444444445,64010.39,68079.21,6.770216457028703,0.0616264662691409,1,2026-03-03,False,0.51,1772277300.0,0.472507,0.055282483876138,-0.0001614686109724,-0.0010931774472995,77.76666666666667,0.0541893064288384,-0.45681126163813596,-0.4022951962846343,BTC-6MAR26,-45.43844896673804,62.983333333333334,0.0494501549089184,0.06437947474814613,0.01095658684194396,0.007571478613429608,0.004186370384915256
ETH,ethereum-above-1900-on-march-3,1900.0,1772557260,1772297100,0.7659667472389269,3.0111111111111115,1908.88,1980.46,5.73135787424062,0.0368124583242715,1,2026-03-03,False,0.54,1772298000.0,0.4426119999999999,0.2316266271130313,-6.356130744705757e-06,-3.642925999337224e-05,72.01666666666667,0.2315901978530379,-0.20921300261748466,-0.21186986060214794,ETH-6MAR26,30.41667919173138,62.983333333333334,0.22757824734107,0.22669375962589017,0.2293870468705468,0.2265213679334265,0.2236556889963062
BTC,bitcoin-above-66k-on-march-12,66000.0,1773331260,1772762400,0.6176489045792424,6.584027777777778,71257.2,70296.55,3.258265067547674,-0.0135731444536633,1,2026-03-12,False,0.84,1772763300.0,0.150592,0.1948169024301497,-2.6086457822864503e-05,-8.499659426029517e-05,157.76666666666668,0.1947319058358894,0.040385814240228524,0.04421251402505412,BTC-13MAR26,-9.541316022218746,15.983333333333333,0.19245112028860595,0.19243873188351046,0.18869702869294516,0.18706789615917133,0.1854387636253975
ETH,ethereum-above-1900-on-march-17,1900.0,1773763260,1773360000,0.7263578086325672,4.667361111111111,2073.52,2317.13,2.878398740491669,0.1110817047265894,1,2026-03-17,False,0.83,1773360900.0,0.160123,-0.1596144389766824,0.000549766937849,0.0015824484614687,111.76666666666668,-0.1580319905152136,-0.2742170350426031,-0.272161392158238,ETH-20MAR26,37.64164433146478,63.983333333333334,-0.1600468696335579,-0.11247082281511346,-0.11610891416094726,-0.1175481135311931,-0.11898731290143894
ETH,ethereum-above-2200-on-march-22,2200.0,1774195260,1773927900,0.7319598254396387,3.094444444444445,2138.1,2081.71,5.332052615909157,-0.0267279128477071,0,2026-03-22,False,0.29,1773928800.0,-0.304413,-0.1618983623825912,0.0002519854982448,0.0013435999350875,74.01666666666667,-0.1605547624475036,0.10703095779600746,0.167371472206402,ETH-27MAR26,-98.75814510768183,111.98333333333333,-0.1642871992786403,-0.1394303646896469,-0.20111447903512894,-0.2037805053430835,-0.2064465316510381
BTC,bitcoin-above-70k-on-march-22,70000.0,1774195260,1773927900,0.5415063368791876,3.094444444444445,69717.19,68835.4,7.956389121600504,-0.0127287682708174,0,2026-03-22,False,0.44,1773928800.0,-0.457248,-0.355972966598694,0.0001160044110605,0.0009229762342195,74.01666666666667,-0.3550499903644744,0.08194087997470999,0.14997211246620767,BTC-27MAR26,-84.34276634586676,111.98333333333333,-0.3606194627495956,-0.31192238368469316,-0.38087659241041033,-0.38485478697121056,-0.38883298153201085
BTC,bitcoin-above-68k-on-march-24,68000.0,1774368060,1773927900,0.585093644853314,5.094444444444445,69717.19,69838.04,5.472335980792042,0.0017319312247676,1,2026-03-24,False,0.63,1773928800.0,0.3536829999999999,0.3442052904424464,0.0002244025519074,0.0012280061589845,122.01666666666668,0.3454332966014309,0.006299092471967496,0.02530189257871544,BTC-27MAR26,-84.34276634586676,63.983333333333334,0.34160266141487705,0.37638226355114546,0.356151457285413,0.353415289295017,0.3506791213046209
BTC,bitcoin-above-68k-on-march-25,68000.0,1774454460,1773928800,0.5918988184438383,6.084027777777777,69905.65,70850.63,4.954420356658464,0.0134273823925503,1,2026-03-25,False,0.62,1773929700.0,0.363508,0.2969831033377113,0.0002861190555573,0.001417554073281,145.76666666666668,0.2984006574109923,-0.1255686469983741,-0.098718841772388,BTC-27MAR26,10.790979788904703,39.983333333333334,0.29493256316133143,0.26273861805123205,0.23447125875196495,0.23199404857363573,0.22951683839530648
BTC,bitcoin-above-66k-on-march-23,66000.0,1774281660,1773928800,0.6341016362797953,4.084027777777778,69905.65,70183.08,4.237013433156696,0.0039607806093806,1,2026-03-23,False,0.829,1773929700.0,0.16107687,0.1442949893522677,0.0001399878135316,0.0005931302464117,97.76666666666668,0.1448881195986794,-0.06169636065246756,-0.04438451067286525,BTC-27MAR26,10.790979788904703,87.98333333333333,0.14192221019546986,0.11431958017033676,0.09641459994432276,0.09429609322774442,0.09217758651116606
ETH,ethereum-above-2100-on-march-23,2100.0,1774281660,1773971100,0.6945608916792204,3.594444444444445,2159.07,2130.82,5.409070703960097,-0.0131706912621552,1,2026-03-23,False,0.63,1773972000.0,0.3536829999999999,0.4249242002570272,0.0002281382289018,0.0012340158104061,86.01666666666667,0.4261582160674333,0.02651820060573014,0.04207743100174293,ETH-27MAR26,-7.914892049015036,87.98333333333333,0.42237186657466086,0.3932080973193769,0.37641485111295797,0.3737103157609779,0.3710057804089979
BTC,bitcoin-above-70k-on-march-23,70000.0,1774281660,1773971100,0.5073273334008381,3.594444444444445,70574.0,70183.08,7.850085689680678,-0.0055545483763605,1,2026-03-23,False,0.54,1773972000.0,0.4426119999999999,0.4862156807219072,0.0001377789318259,0.0010815764210661,86.01666666666667,0.4872972571429733,-0.008348491363989321,0.018876582871848766,BTC-27MAR26,16.968349941608487,87.98333333333333,0.4818021971601961,0.4570750993101383,0.4287684486532341,0.42484340580839375,0.42091836296355345
ETH,ethereum-above-2200-on-march-24,2200.0,1774368060,1774042200,0.6256136706842814,3.771527777777778,2151.93,2134.13,5.838066109130817,-0.0083060444023662,0,2026-03-24,False,0.31,1774043100.0,-0.324973,-0.27648176367361,0.000202078630231,0.0011797484025312,90.26666666666668,-0.2753020152710788,0.06415521823960062,0.03628512042823417,ETH-27MAR26,17.222123042828354,63.983333333333334,-0.2793886615474705,-0.2915947774456262,-0.26490442803679093,-0.26782346109135635,-0.2707424941459217
ETH,ethereum-above-2300-on-march-26,2300.0,1774540860,1774062000,0.7860046465187208,5.542361111111111,2154.9,2069.24,3.1756311413680303,-0.0405629286638793,0,2026-03-26,False,0.18,1774062900.0,-0.190332,-0.0615191005498949,0.0001197606425767,0.000380315626077,132.76666666666668,-0.0611387849238178,0.14613569453037314,0.12865570620795563,ETH-27MAR26,15.31251749246566,15.983333333333333,-0.06336172672277562,-0.06351891996492498,-0.04641924726858448,-0.04800706283926849,-0.04959487840995251
BTC,bitcoin-above-64k-on-april-2,64000.0,1775145660,1774824300,0.5925350433322827,3.719444444444445,65684.25,66813.75,6.146056773253944,0.0170497269598618,1,2026-04-02,False,0.74,1774825200.0,0.246532,0.1417434101362108,0.000172255744691,0.0010586935863906,89.01666666666667,0.1428021037226014,-0.1039614904645574,-0.06539427834629645,BTC-3APR26,-29.298559438237838,15.983333333333333,0.13849986398132386,0.17789417549881642,0.13826826979416484,0.13519524140753786,0.1321222130209109
BTC,bitcoin-above-66k-on-april-2,66000.0,1775145660,1774824300,0.5476997802623703,3.719444444444445,65684.25,66813.75,7.1685931296965615,0.0170497269598618,1,2026-04-02,False,0.53,1774825200.0,0.452563,0.3303404444523322,0.000172255744691,0.0012348313479433,89.01666666666667,0.3315752758002755,-0.1212578493482862,-0.07627410415646611,BTC-3APR26,-29.298559438237838,15.983333333333333,0.32655726060948814,0.37250571200068955,0.3262871354609262,0.3227028388960779,0.3191185423312296
BTC,bitcoin-above-70k-on-april-8,70000.0,1775664060,1775076300,0.4894283543230499,6.802777777777778,68179.01,71329.98,5.4483552201014005,0.0451799696858485,1,2026-04-08,False,0.31,1775077200.0,0.6750269999999999,0.428870476318084,0.000265225482283,0.0014450426409008,163.01666666666668,0.4303155189589848,-0.24574435250014479,-0.24380394939067693,BTC-10APR26,35.20344398710491,39.983333333333334,0.426501670304914,0.4288542445961528,0.42546879884578415,0.4227446212357334,0.42002044362568275
BTC,bitcoin-above-68k-on-april-6,68000.0,1775491260,1775142000,0.4351283543180476,4.042361111111111,66868.18,69938.59,8.075867656317984,0.0448943525874387,1,2026-04-06,False,0.36,1775142900.0,0.623872,0.2613111499877676,0.0002254397004561,0.0018206211853637,96.76666666666668,0.2631317711731313,-0.35815884971906375,-0.3751235361592392,BTC-10APR26,1.1973628098454276,87.98333333333333,0.2574786638137093,0.24491597766670187,0.26006004292151363,0.25602210909335466,0.2519841752651957
BTC,bitcoin-above-68k-on-april-7,68000.0,1775577660,1775142000,0.4553242303197568,5.042361111111111,66868.18,68187.74,7.034921211434461,0.0195415645864745,1,2026-04-07,False,0.38,1775142900.0,0.603508,0.466034632785994,0.0002258873055079,0.0015890993969117,120.76666666666668,0.4676237321829057,-0.14458770619857778,-0.14852367444991585,BTC-10APR26,1.1973628098454276,63.983333333333334,0.4626992873349017,0.45164898009899174,0.45399584895341816,0.45047838834770093,0.4469609277419837
BTC,bitcoin-above-74k-on-april-14,74000.0,1776182460,1775599200,0.4586287939947694,6.750694444444444,69927.64,75356.48,4.116947898017861,0.0747689269351407,1,2026-04-14,False,0.23,1775600100.0,0.757603,0.4497832234173214,0.000165301561955,0.0006805379180298,161.76666666666668,0.4504637613353512,-0.17053050338727524,-0.29419586413016163,BTC-17APR26,184.5594090260088,63.983333333333334,0.4475818978067388,0.46120581025925567,0.5841906330841122,0.5821321591351033,0.5800736851860944
BTC,bitcoin-above-74k-on-april-12,74000.0,1776009660,1775604600,0.4770193412844384,4.688194444444444,72753.27,70860.0,6.961772239096391,-0.0263677540577327,0,2026-04-12,False,0.29,1775605500.0,-0.304413,-0.120846701793555,0.0001551426507433,0.001080067799045,112.26666666666668,-0.1197666339945099,0.10835946174954862,0.11470385002299908,BTC-17APR26,-7.632528819045195,111.98333333333333,-0.12463987456187772,-0.1935023227453234,-0.20092677881781884,-0.20440766493736703,-0.20788855105691523
BTC,bitcoin-above-72k-on-april-13,72000.0,1776096060,1775604600,0.4897537689486567,5.688194444444445,72753.27,71902.91,6.461836869091188,-0.0117571167080638,0,2026-04-13,False,0.53,1775605500.0,-0.5474370000000001,-0.4714644297816248,0.0001512154114336,0.0009771293207767,136.26666666666668,-0.4704873004608481,-0.016798254384238664,0.017278548968843573,BTC-17APR26,-7.632528819045195,87.98333333333333,-0.4750105862692125,-0.5337046075187436,-0.5687585401926025,-0.5719894586271481,-0.5752203770616937
BTC,bitcoin-above-74k-on-april-18,74000.0,1776528060,1776267000,0.4128900563829331,3.0215277777777776,74026.71,76032.8,10.619168001588308,0.0267388521054937,1,2026-04-18,False,0.5,1776267900.0,0.4825,0.1985556373221384,-4.138385497638904e-05,-0.0004394621085476,72.26666666666667,0.1981161752135907,-0.2850288305314813,-0.30608295472858693,BTC-19APR26,-4.059539974560062,15.983333333333333,0.1906827576124797,0.16854416556175364,0.19003775186740685,0.1847281678666127,0.17941858386581855
SOL,solana-above-80-on-april-19,80.0,1776614460,1776336300,1.2677299560220208,3.219444444444445,85.08,86.28,3.0177088816679496,0.0140058311889191,1,2026-04-19,False,0.93,1776337200.0,0.0654429999999999,0.0231774788260566,4.363063155430474e-05,0.0001316645443542,77.01666666666667,0.0233091433704108,-0.0,-0.043648947306008705,SOL_USDC-29MAY26,-12.932809985532407,951.9833333333333,0.021196747153243396,0.019813321021177836,0.06333060378283234,0.06182174934199836,0.06031289490116439
SOL,solana-above-80-on-april-21,80.0,1776787260,1776336300,0.8689183360515423,5.219444444444445,85.08,86.15,3.3175383261796507,0.0124979726419023,1,2026-04-21,False,0.85,1776337200.0,0.141075,0.0996124967609442,4.877805286500683e-05,0.000161823059856,125.01666666666668,0.0997743198208002,-0.0,-0.04183291146415032,SOL_USDC-29MAY26,-12.932809985532407,903.9833333333333,0.09745204299247463,0.09708163476737992,0.13875272317167425,0.13709395400858443,0.1354351848454946
SOL,solana-above-80-on-april-20,80.0,1776700860,1776337200,1.0282612951189911,4.209027777777778,85.04,85.67,3.1914635392921187,0.0073809719422599,1,2026-04-20,False,0.9,1776338100.0,0.0936999999999999,0.0701438971617391,4.350298569678543e-05,0.0001388381927016,100.76666666666668,0.0702827353544407,-0.0,-0.024309618919254324,SOL_USDC-29MAY26,-1.1764013895114025,927.9833333333333,0.06804871087693641,0.0672951947959427,0.09146597552249541,0.08987024375284935,0.0882745119832033
BTC,bitcoin-above-78k-on-april-21,78000.0,1776787260,1776489300,0.3247056555074618,3.44861111111111,77206.58,75913.19,11.931192488533728,-0.0168942359646753,0,2026-04-21,False,0.39,1776490200.0,-0.406653,-0.2050846187587487,4.255073515585864e-06,5.076810116731686e-05,82.51666666666667,-0.2050338506575814,0.19849058035855172,0.1929606564709409,BTC-24APR26,-5.37925370967122,63.983333333333334,-0.213385685399556,-0.2219934101698654,-0.21651425438342187,-0.22247985062768874,-0.2284454468719556
ETH,ethereum-above-2300-on-april-23,2300.0,1776960060,1776699000,0.6655218487625407,3.0215277777777776,2317.8,2332.46,6.557465326393557,0.0063050446923835,1,2026-04-23,False,0.49,1776699900.0,0.492507,0.4511618880483334,-8.398192655636755e-05,-0.0005507085714371,72.26666666666667,0.4506111794768963,-0.03673659650999781,-0.07134429902120476,ETH-24APR26,25.09628767317607,15.983333333333333,0.4460209537484209,0.41602176667888263,0.45118017776152664,0.44790144509832985,0.44462271243513307
BTC,bitcoin-above-74k-on-april-23,74000.0,1776960060,1776700800,0.4554329694693504,3.000694444444444,75716.77,78380.54,8.373881117140066,0.0345760139870542,1,2026-04-23,False,0.66,1776701700.0,0.3242919999999999,0.0347565693678356,-0.0001327515010722,-0.0011116452881007,71.76666666666667,0.0336449240797348,-0.2999422938739515,-0.3312168445121759,BTC-24APR26,-5.971139669867736,15.983333333333333,0.027783207297737256,-0.013898206582274756,0.018487989344050375,0.01430104878548034,0.010114108226910308
BTC,bitcoin-above-76k-on-april-23,76000.0,1776960060,1776700800,0.4399660726812512,3.000694444444444,75716.77,78380.54,9.936354168761522,0.0345760139870542,1,2026-04-23,False,0.39,1776701700.0,0.593347,0.2497874792805768,-0.0001327515010722,-0.0013190659310884,71.76666666666667,0.2484684133494883,-0.35590818885905146,-0.39301822269678965,BTC-24APR26,-5.971139669867736,15.983333333333333,0.24151296543135584,0.19205426345398882,0.23048336322281543,0.22551518613843466,0.22054700905405392
BTC,bitcoin-above-78k-on-april-27,78000.0,1777305660,1776947400,0.3718137534139048,4.146527777777777,77766.2,76734.45,10.020875038299346,-0.0133561294072302,0,2026-04-27,False,0.46,1776948300.0,-0.477388,-0.3435478962147907,-0.0001937845585566,-0.0019418908456484,99.26666666666668,-0.3454897870604391,0.16804580496525678,0.12123142354783074,BTC-1MAY26,25.844791426497594,87.98333333333333,-0.3525043995872489,-0.36511307982462715,-0.3163568075615527,-0.32136724508070236,-0.32637768259985206
SOL,solana-above-80-on-may-6,80.0,1778083260,1777482000,0.5668697521613807,6.959027777777777,83.13,88.96,4.603565466144669,0.0677811829592754,1,2026-05-06,False,0.74,1777482900.0,0.246532,-0.0655031131257539,0.000412531730863,0.0018991168298899,166.76666666666668,-0.0636039962958639,-0.0,-0.314509498824116,SOL_USDC-29MAY26,227.2689881342638,543.9833333333333,-0.06682649212216514,-0.06930087782052737,0.24330950417369873,0.2410077214406264,0.23870593870755405
BTC,bitcoin-above-76k-on-may-3,76000.0,1777824060,1777516200,0.326810972265422,3.563194444444445,76122.64,78677.42,12.34787399652905,0.0330104780233918,1,2026-05-03,False,0.45,1777517100.0,0.532675,0.1250657768019666,7.895542869163462e-05,0.0009749316848262,85.26666666666667,0.1260407084867928,-0.4783464763941218,-0.49973711778989977,BTC-8MAY26,17.38688224554369,111.98333333333333,0.11739719668922266,0.02526930209735611,0.04568501180830786,0.03951107481004334,0.033337137811778814
BTC,bitcoin-above-78k-on-may-5,78000.0,1777996860,1777660200,0.296414924005851,3.896527777777778,78586.48,81526.36,12.68827497437879,0.03672672907403,1,2026-05-05,False,0.59,1777661100.0,0.393067,-0.0729318374008055,1.4944408002249415e-05,0.0001896187580618,93.26666666666668,-0.0727422186427436,-0.45391077256679574,-0.4978299126846508,BTC-8MAY26,-2.551101770907315,63.983333333333334,-0.08162401112480813,-0.11345508640865418,-0.06972556504886089,-0.07606970253605029,-0.08241384002323968
BTC,bitcoin-above-82k-on-may-10,82000.0,1778428860,1778094900,0.3309255983050433,3.8652777777777776,81249.3,81444.05,11.24184646129692,0.0023940756400804,0,2026-05-10,False,0.39,1778095800.0,-0.406653,-0.433566830762516,0.0002081483967785,0.0023399723177492,92.51666666666668,-0.4312268584447667,0.02243916727091966,-0.02009871988611785,BTC-15MAY26,22.419812526757582,111.98333333333333,-0.4390961509676737,-0.4322810400912765,-0.3920831252519882,-0.39770404848263663,-0.40332497171328513
BTC,bitcoin-above-82k-on-may-11,82000.0,1778515260,1778112000,0.3342444897812834,4.667361111111111,81447.01,81408.98,10.350228143174618,-0.0004670384023489,0,2026-05-11,False,0.42,1778112900.0,-0.437052,-0.432218045984065,0.0003277754294592,0.0033925504746302,111.76666666666668,-0.4288254955094348,-0.07478176183825345,0.0009535250306770317,BTC-15MAY26,-48.51210617326314,87.98333333333333,-0.4360706552096571,-0.43995108419491497,-0.5190789215384757,-0.524254035610063,-0.5294291496816503
BTC,bitcoin-above-82k-on-may-12,82000.0,1778601660,1778112000,0.3442862324948747,5.667361111111111,81447.01,80300.24,9.151134316780915,-0.0141800149961446,0,2026-05-12,False,0.43,1778112900.0,-0.4471569999999999,-0.3173937781563123,0.0003422066358143,0.0031315788884307,135.76666666666668,-0.3142621992678815,0.11679736854726411,0.12431468147886447,BTC-15MAY26,-48.51210617326314,63.983333333333334,-0.320667993289629,-0.32611653365445137,-0.33676542547448246,-0.34134099263287293,-0.3459165597912634
BTC,bitcoin-above-80k-on-may-10,80000.0,1778428860,1778155200,0.2850538818034749,3.1673611111111115,80866.65,81444.05,13.91004784332246,0.0071147796869578,1,2026-05-10,False,0.71,1778156100.0,0.275587,0.1766200741597172,0.0001819986501879,0.0025316099315341,75.76666666666667,0.1791516840912513,-0.02525015146873377,-0.062299099688891864,BTC-15MAY26,11.215599484705022,111.98333333333333,0.16941465060092661,0.20608247675231653,0.24059981504094052,0.2336447911192793,0.22668976719761808
BTC,bitcoin-above-80k-on-may-11,80000.0,1778515260,1778209200,0.2970454988415698,3.542361111111111,79488.46,81408.98,13.2651802964344,0.0238737324428241,1,2026-05-11,False,0.43,1778210100.0,0.5528430000000001,0.2361536347971027,0.0002746055252878,0.0036426918033405,84.76666666666667,0.2397963266004432,-0.32289982178613685,-0.31469329842467336,BTC-15MAY26,18.473956354682194,87.98333333333333,0.23051070039293958,0.23250676717116314,0.22065755200635914,0.21402496185814193,0.20739237170992475
SOL,solana-above-90-on-may-13,90.0,1778688060,1778262300,0.4348241627750066,4.927777777777777,91.51,90.77,7.539475679350492,-0.0081194213887509,1,2026-05-13,False,0.47,1778263200.0,0.512563,0.5737791800908864,1.957926762034823e-05,0.0001476174120431,118.01666666666668,0.5739267975029294,-0.0,0.0787128625056502,SOL_USDC-29MAY26,-765.2521633079884,375.98333333333335,0.5686491645273832,0.5861458469421479,0.5072853670244546,0.5035156291847793,0.4997458913451041
