asset,slug,K,T_pm,ts,sigma,tte_d,S_bin,S_T,delta,ret_T,label,event,is_test,entry,entry_ts,ev_raw,ev_hedged
BTC,bitcoin-above-116k-on-october-13,116000.0,1760371260,1760143500,0.5375354724914667,2.636111111111111,112640.04,114282.32,6.99475526477767,0.014474630648254707,0,2025-10-13,False,0.20900000000000002,1760145300,-0.20900000000000002,-0.3102464989325918
BTC,bitcoin-above-120k-on-october-13,120000.0,1760371260,1760150700,0.5796978577055665,2.5527777777777776,113172.58,114282.32,3.8501076460333383,0.009757967892379451,0,2025-10-13,False,0.048,1760160600,-0.048,-0.08556922679219794
BTC,bitcoin-above-114k-on-october-13,114000.0,1760371260,1760150700,0.5440072814707156,2.5527777777777776,113172.58,114282.32,8.623508635079903,0.009757967892379451,1,2025-10-13,False,0.402,1760152500,0.598,0.5138520796192334
BTC,bitcoin-above-116k-on-october-12,116000.0,1760284860,1760157900,0.5196143728700114,1.4694444444444446,112110.48,113332.43,6.965708110059043,0.01084054465652823,0,2025-10-12,False,0.09,1760166000,-0.09,-0.1655120698314359
BTC,bitcoin-above-114k-on-october-12,114000.0,1760284860,1760166900,0.47539481999421573,1.3652777777777778,111397.9,113332.43,9.894209037485743,0.017216881994027853,0,2025-10-12,False,0.127,1760168700,-0.127,-0.2973474294226359
BTC,bitcoin-above-112k-on-october-12,112000.0,1760284860,1760166900,0.4708510551116045,1.3652777777777778,111397.9,113332.43,13.574954753849234,0.017216881994027853,1,2025-10-12,False,0.366,1760167800,0.634,0.4002816059287103
XRP,xrp-above-2pt5-on-october-13,2.5,1760371260,1760199300,0.965617330758207,1.9902777777777778,2.4873,2.5858,5.562946313302008,0.03883715303017026,1,2025-10-13,False,0.403,1760220900,0.597,0.38095100273166843
ETH,ethereum-above-4000-on-october-14,4000.0,1760457660,1760199300,0.7603350099973835,2.990277777777778,3841.8,4074.8,4.780975659231727,0.058880658963099755,1,2025-10-14,False,0.25,1760210100,0.75,0.4684930026978957
SOL,solana-above-170-on-october-16,170.0,1760630460,1760199300,0.9516212948652125,4.990277777777778,184.02,186.75,2.8901801784409313,0.014726376658711376,1,2025-10-16,False,0.745,1760211900,0.255,0.2124381180807372
XRP,xrp-above-2pt8-on-october-14,2.8,1760457660,1760202000,1.1055542394873963,2.959027777777778,2.4761,2.4906,1.7557867024337983,0.005838903575990913,0,2025-10-14,False,0.05,1760220900,-0.05,-0.060251869255518
BTC,bitcoin-above-114k-on-october-15,114000.0,1760544060,1760209200,0.4809415712388414,3.8756944444444446,111955.27,110867.9,7.460436717915249,-0.009760014020975911,0,2025-10-15,False,0.324,1760211000,-0.324,-0.25118603303054365
BTC,bitcoin-above-112k-on-october-15,112000.0,1760544060,1760216400,0.5217715481527921,3.7923611111111115,110244.98,110867.9,7.1185036686770315,0.0056344220921997375,0,2025-10-15,False,0.374,1760229900,-0.374,-0.41410865433419874
BTC,bitcoin-above-116k-on-october-13,116000.0,1760371260,1760245200,0.5933041673861774,1.4590277777777778,111524.87,114282.32,6.015361955353038,0.02442426281583547,0,2025-10-13,False,0.09699999999999999,1760259600,-0.09699999999999999,-0.24392078132992057
ETH,ethereum-above-4100-on-october-15,4100.0,1760544060,1760252400,0.7988361043288495,3.3756944444444446,3832.84,3983.55,3.4152046287707423,0.03856733876866238,0,2025-10-15,False,0.17,1760259600,-0.17,-0.3017153538821051
BTC,bitcoin-above-114k-on-october-12,114000.0,1760284860,1760253300,0.5479291516089765,0.36527777777777776,111581.29,113332.43,10.591836706915734,0.015571974759858203,0,2025-10-12,False,0.073,1760254200,-0.073,-0.23793581386063145
BTC,bitcoin-above-112k-on-october-12,112000.0,1760284860,1760254200,0.5093894217396328,0.3548611111111111,111616.39,113332.43,24.495483609772982,0.01525745535903504,1,2025-10-12,False,0.383,1760256000,0.617,0.24326125232591422
BTC,bitcoin-above-118k-on-october-15,118000.0,1760544060,1760254200,0.5543285715781832,3.354861111111111,111616.39,110867.9,4.220863866649957,-0.006728500460378184,0,2025-10-15,False,0.09,1760260500,-0.09,-0.06159991553005212
ETH,ethereum-above-3900-on-october-15,3900.0,1760544060,1760272200,0.8106445632683568,3.146527777777778,3842.93,3983.55,5.157886965436877,0.03593828505502197,1,2025-10-15,False,0.403,1760275800,0.597,0.4116343879545472
ETH,ethereum-above-4200-on-october-13,4200.0,1760371260,1760312700,0.7820650644668756,0.6777777777777778,4143.0,4133.8,10.827853744886433,-0.0022230822996662947,0,2025-10-13,False,0.327,1760316300,-0.327,-0.3029287899963676
ETH,ethereum-above-4500-on-october-15,4500.0,1760544060,1760314500,0.7646782667123074,2.6569444444444446,4148.22,3983.55,2.6944212933261653,-0.04050594503373558,0,2025-10-15,False,0.071,1760328900,-0.071,0.03814008080519639
SOL,solana-above-200-on-october-13,200.0,1760371260,1760315400,1.0376313189726492,0.6465277777777778,197.48,196.25,8.700734396045,-0.0062479567281443285,0,2025-10-13,False,0.36,1760316300,-0.36,-0.30563818799043385
SOL,solana-above-190-on-october-15,190.0,1760544060,1760320800,1.0657690510977524,2.5840277777777776,199.42,197.58,3.9362846277013417,-0.009269587784318844,1,2025-10-15,False,0.683,1760327100,0.31699999999999995,0.35348773590054233
ETH,ethereum-above-4500-on-october-16,4500.0,1760630460,1760320800,0.7242616737626033,3.584027777777778,4198.77,3890.51,3.3671928947030074,-0.0762513708201874,0,2025-10-16,False,0.11599999999999999,1760328000,-0.11599999999999999,0.14075307403709925
BTC,bitcoin-above-116k-on-october-14,116000.0,1760457660,1760337900,0.48632201916796974,1.386111111111111,115002.72,112741.58,12.714087669551956,-0.019857483155484003,0,2025-10-14,False,0.35000000000000003,1760351400,-0.35000000000000003,-0.09753021826452518
BTC,bitcoin-above-118k-on-october-15,118000.0,1760544060,1760340600,0.44442149909311024,2.354861111111111,115493.8,110867.9,9.225979241096493,-0.04087744636468095,0,2025-10-15,False,0.23,1760344200,-0.23,0.14713447158958173
SOL,solana-above-190-on-october-13,190.0,1760371260,1760340600,0.9927587853687071,0.3548611111111111,199.33,196.25,3.978872762702729,-0.015572386072156556,1,2025-10-13,False,0.914,1760341500,0.08599999999999997,0.14796054279279502
BTC,bitcoin-above-118k-on-october-14,118000.0,1760457660,1760342400,0.49134977286990367,1.3340277777777778,115399.67,112741.58,10.023092847239162,-0.023303197349222062,0,2025-10-14,False,0.18000000000000002,1760346000,-0.18000000000000002,0.05357011066879025
XRP,xrp-above-2pt9-on-october-14,2.9,1760457660,1760346000,1.1059089102974804,1.292361111111111,2.6338,2.4906,1.9798857068435707,-0.05590402498907158,0,2025-10-14,False,0.03,1760357700,-0.03,0.08068358003088862
XRP,xrp-above-2pt6-on-october-14,2.6,1760457660,1760364900,0.9782936505907475,1.073611111111111,2.5823,2.4906,7.42896385891537,-0.03615682937089511,0,2025-10-14,False,0.41000000000000003,1760365800,-0.41000000000000003,-0.1413922213506505
ETH,ethereum-above-4300-on-october-14,4300.0,1760457660,1760386500,0.6468936297332625,0.8236111111111112,4261.55,4074.8,12.38248700474344,-0.04481127813548914,0,2025-10-14,False,0.36,1760398200,-0.36,0.19487506917863817
ETH,ethereum-above-4400-on-october-14,4400.0,1760457660,1760389200,0.6352531074384324,0.7923611111111111,4286.21,4074.8,8.989574270818919,-0.050581226850861305,0,2025-10-14,False,0.14800000000000002,1760392800,-0.14800000000000002,0.3067036954849578
BTC,bitcoin-above-118k-on-october-16,118000.0,1760630460,1760391900,0.3865340910965565,2.761111111111111,115621.78,108335.01,9.776870166099826,-0.06509597633122144,0,2025-10-16,False,0.24000000000000002,1760397300,-0.24000000000000002,0.3964349089258593
ETH,ethereum-above-4300-on-october-16,4300.0,1760630460,1760392800,0.6633326091409802,2.7506944444444446,4258.29,3890.51,6.793374555355156,-0.09032741680938573,0,2025-10-16,False,0.41000000000000003,1760399100,-0.41000000000000003,0.20362797500384056
ETH,ethereum-above-4300-on-october-15,4300.0,1760544060,1760400000,0.6556229517288847,1.667361111111111,4240.85,3983.55,8.512474693250562,-0.06259033931462678,0,2025-10-15,False,0.34500000000000003,1760404500,-0.34500000000000003,0.18779867945772616
ETH,ethereum-above-4400-on-october-16,4400.0,1760630460,1760403600,0.6435345157984161,2.6256944444444446,4242.11,3890.51,5.733591368568314,-0.08652053253557788,0,2025-10-16,False,0.221,1760407200,-0.221,0.2750733785499233
BTC,bitcoin-above-112k-on-october-14,112000.0,1760457660,1760416200,0.4349517131765582,0.4798611111111111,113495.9,112741.58,17.874490125014084,-0.006668415819005027,1,2025-10-14,False,0.794,1760417100,0.20599999999999996,0.325194532706293
ETH,ethereum-above-4000-on-october-14,4000.0,1760457660,1760418000,0.7573099246737092,0.45902777777777776,4100.09,4074.8,9.846847879444388,-0.00618725895507556,1,2025-10-14,False,0.8170000000000001,1760420700,0.18299999999999994,0.243924997721359
XRP,xrp-above-2pt4-on-october-14,2.4,1760457660,1760425200,0.9303629501089635,0.3756944444444445,2.4658,2.4906,8.98476084613517,0.010007346852595706,1,2025-10-14,False,0.769,1760427900,0.23099999999999998,0.14108638182510405
XRP,xrp-above-2pt4-on-october-16,2.4,1760630460,1760426100,0.9184587349303561,2.365277777777778,2.4687,2.3478,5.084479583174118,-0.05021297683535525,0,2025-10-16,False,0.627,1760437800,-0.627,-0.3716931444702413
BTC,bitcoin-above-114k-on-october-16,114000.0,1760630460,1760427000,0.44455639094927585,2.354861111111111,112079.14,108335.01,9.890284035661107,-0.03397685844372535,0,2025-10-16,False,0.27,1760427900,-0.27,0.06604078064789409
XRP,xrp-above-2pt6-on-october-15,2.6,1760544060,1760430600,0.9373117702571762,1.3131944444444443,2.4642,2.4366,4.380184785299305,-0.011263586270260844,0,2025-10-15,False,0.13,1760445000,-0.13,-0.0806634107910973
BTC,bitcoin-above-114k-on-october-17,114000.0,1760716860,1760431500,0.4465477630987086,3.302777777777778,112081.87,107096.76,8.596337955972448,-0.04549686150537145,0,2025-10-17,False,0.3,1760435100,-0.3,0.09110639743624638
ETH,ethereum-above-4100-on-october-16,4100.0,1760630460,1760432400,0.8162062473624108,2.292361111111111,3996.3,3890.51,5.6268345273123455,-0.026828678608138905,0,2025-10-16,False,0.31,1760436900,-0.31,-0.1590394648855579
XRP,xrp-above-2pt4-on-october-15,2.4,1760544060,1760440500,1.0479973669658482,1.198611111111111,2.4582,2.4366,6.205812625953019,-0.008825749860573367,1,2025-10-15,False,0.652,1760445000,0.348,0.40277094991824924
ETH,ethereum-above-4000-on-october-15,4000.0,1760544060,1760441400,0.8774726182036604,1.1881944444444446,3969.23,3983.55,7.841514347432447,0.003601260308075228,0,2025-10-15,False,0.43,1760445000,-0.43,-0.4582393343746109
BTC,bitcoin-above-116k-on-october-17,116000.0,1760716860,1760441400,0.4832226423125536,3.188194444444444,111480.83,107096.76,5.878694451503593,-0.04011992297243766,0,2025-10-17,False,0.14,1760445900,-0.14,0.0958527685728208
XRP,xrp-above-2pt5-on-october-16,2.5,1760630460,1760443200,0.9465611499260207,2.167361111111111,2.4517,2.3478,5.222551375544204,-0.04330294202364506,0,2025-10-16,False,0.37,1760445000,-0.37,-0.14384816056930155
SOL,solana-above-200-on-october-15,200.0,1760544060,1760444100,0.9021980141148424,1.1569444444444443,194.55,197.58,6.679048006910308,0.015454366185765444,0,2025-10-15,False,0.26,1760445900,-0.26,-0.36322045367109873
SOL,solana-above-210-on-october-15,210.0,1760544060,1760462100,0.8820137057004851,0.9486111111111111,203.76,197.58,6.976730935884608,-0.030799265054873532,0,2025-10-15,False,0.222,1760463900,-0.222,-0.007121814689154099
XRP,xrp-above-2pt6-on-october-16,2.6,1760630460,1760463900,0.8743325222146215,1.9277777777777778,2.5144,2.3478,5.371404350104946,-0.06855548703893623,0,2025-10-16,False,0.25,1760471100,-0.25,0.1182392413045053
ETH,ethereum-above-4200-on-october-15,4200.0,1760544060,1760463900,0.756065689431198,0.9277777777777778,4112.37,3983.55,8.885403507813882,-0.03182612311401747,0,2025-10-15,False,0.26,1760471100,-0.26,0.02278794595740724
XRP,xrp-above-2pt5-on-october-15,2.5,1760544060,1760483700,0.8688072824820245,0.6986111111111111,2.5079,2.4366,10.474320232609104,-0.028842124629285138,0,2025-10-15,False,0.489,1760488200,-0.489,-0.1868983504440453
ETH,ethereum-above-4200-on-october-16,4200.0,1760630460,1760483700,0.7264719374063712,1.698611111111111,4140.73,3890.51,7.668534415990205,-0.06233184636034433,0,2025-10-16,False,0.37,1760486400,-0.37,0.10799390902651429
SOL,solana-above-160-on-october-21,160.0,1761062460,1760483700,0.8775579230553842,6.698611111111111,202.55,196.16,0.5270561555529173,-0.03205611690085305,1,2025-10-21,False,0.9430000000000001,1760484600,0.05699999999999994,0.07389537373571844
SOL,solana-above-230-on-october-18,230.0,1760803260,1760490000,0.9196715627436962,3.625694444444444,203.98,185.07,1.7364652598795554,-0.09728781793271511,0,2025-10-18,False,0.057,1760665500,-0.057,0.111936916049647
SOL,solana-above-170-on-october-19,170.0,1760889660,1760493600,0.9103083248691107,4.584027777777778,203.69,190.77,0.8889518277730213,-0.06553071627862289,1,2025-10-19,False,0.935,1760665500,0.06499999999999995,0.12325365001115704
BTC,bitcoin-above-114k-on-october-15,114000.0,1760544060,1760495400,0.39083369725434175,0.5631944444444444,113568.96,110867.9,25.158143829555158,-0.024070827011051548,0,2025-10-15,False,0.381,1760496300,-0.381,0.2245773280403761
BTC,bitcoin-above-116k-on-october-19,116000.0,1760889660,1760495400,0.40681857668672267,4.563194444444444,113568.96,108480.3,7.784500778672318,-0.04584163983874785,0,2025-10-19,False,0.29000000000000004,1760498100,-0.29000000000000004,0.06685428102034857
SOL,solana-above-240-on-october-21,240.0,1761062460,1760495400,0.9173437901030544,6.563194444444445,205.64,196.16,1.361414502054669,-0.04719641443945728,0,2025-10-21,False,0.060000000000000005,1760665500,-0.060000000000000005,0.00425388306285953
SOL,solana-above-230-on-october-20,230.0,1760976060,1760495400,0.9083291277730439,5.563194444444444,205.64,188.89,2.040497303762291,-0.08496223214357566,0,2025-10-20,False,0.11,1760665500,-0.11,0.06336520561059202
SOL,solana-above-220-on-october-19,220.0,1760889660,1760499000,0.897851970016135,4.521527777777778,202.66,190.77,2.7307347376411584,-0.0604611840727453,0,2025-10-19,False,0.15000000000000002,1760665500,-0.15000000000000002,0.015103455626361895
ETH,ethereum-above-4200-on-october-18,4200.0,1760803260,1760515200,0.7093353957572704,3.3340277777777776,4122.04,3878.31,5.608104758070916,-0.06094869471034626,0,2025-10-18,False,0.37,1760529600,-0.37,-0.02819333519669548
ETH,ethereum-above-4200-on-october-17,4200.0,1760716860,1760515200,0.7200602684883758,2.3340277777777776,4122.04,3811.11,6.507202310343077,-0.07842770115791196,0,2025-10-17,False,0.35000000000000003,1760527800,-0.35000000000000003,0.16034491816966107
BTC,bitcoin-above-116k-on-october-16,116000.0,1760630460,1760515200,0.42980780438613087,1.3340277777777778,112584.5,108335.01,7.805749258518164,-0.03847568034786841,0,2025-10-16,False,0.08,1760525100,-0.08,0.22033151334635576
ETH,ethereum-above-4000-on-october-15,4000.0,1760544060,1760527800,0.8224246671882739,0.18819444444444447,4104.37,3983.55,8.358304289862138,-0.02987887821449737,0,2025-10-15,False,0.894,1760531400,-0.894,-0.6442632440434983
ETH,ethereum-above-4100-on-october-16,4100.0,1760630460,1760534100,0.7750181507802242,1.1152777777777778,4071.66,3890.51,9.157038774441869,-0.04551052427385244,0,2025-10-16,False,0.43,1760536800,-0.43,-0.013258364579155357
BTC,bitcoin-above-108k-on-october-17,108000.0,1760716860,1760540400,0.4549055203983546,2.042361111111111,111059.76,107096.76,8.486083848282071,-0.03633570992181025,0,2025-10-17,False,0.802,1760543100,-0.802,-0.4936521189166635
ETH,ethereum-above-4000-on-october-17,4000.0,1760716860,1760543100,0.7431410605596487,2.011111111111111,3985.39,3811.11,7.2003220405876265,-0.044714689164327574,0,2025-10-17,False,0.46,1760547600,-0.46,-0.1380398380720675
BTC,bitcoin-above-106k-on-october-19,106000.0,1760889660,1760544000,0.44611470637684286,4.000694444444445,110798.01,108480.3,5.571192006827578,-0.021140224188099573,1,2025-10-19,False,0.85,1760548500,0.15000000000000002,0.2677762480192834
BTC,bitcoin-above-112k-on-october-17,112000.0,1760716860,1760545800,0.4261485374760795,1.979861111111111,110971.33,107096.76,12.115835175303152,-0.035539154766622484,0,2025-10-17,False,0.36,1760546700,-0.36,0.07058654142198739
BTC,bitcoin-above-112k-on-october-16,112000.0,1760630460,1760547600,0.44541628744810957,0.9590277777777778,110748.0,108335.01,15.390872974903226,-0.022028979606501672,0,2025-10-16,False,0.271,1760548500,-0.271,0.06804522689040088
BTC,bitcoin-above-112k-on-october-18,112000.0,1760803260,1760547600,0.39451228048167214,2.959027777777778,110748.0,106959.05,10.620953097391016,-0.03481129914217717,0,2025-10-18,False,0.36,1760548500,-0.36,0.009729175448311866
BTC,bitcoin-above-110k-on-october-17,110000.0,1760716860,1760547600,0.4416232780310499,1.9590277777777776,110748.0,107096.76,12.102402556933361,-0.033524625176181364,0,2025-10-17,False,0.5700000000000001,1760548500,-0.5700000000000001,-0.1642714905475502
BTC,bitcoin-above-114k-on-october-17,114000.0,1760716860,1760556600,0.4294685618293558,1.854861111111111,111496.02,107096.76,9.904223138208827,-0.04025617030056622,0,2025-10-17,False,0.19,1760560200,-0.19,0.20870609334654294
ETH,ethereum-above-4000-on-october-21,4000.0,1761062460,1760556600,0.7016978580928431,5.854861111111111,4001.97,4080.74,4.485589616763111,0.0194916046375072,1,2025-10-21,False,0.48,1760560200,0.52,0.43256866062394606
BTC,bitcoin-above-114k-on-october-16,114000.0,1760630460,1760582700,0.5010883847427964,0.5527777777777778,111344.46,108335.01,9.738540409832959,-0.02740026896973191,0,2025-10-16,False,0.061,1760589900,-0.061,0.20583862660202634
ETH,ethereum-above-4100-on-october-17,4100.0,1760716860,1760584500,0.7206455356221309,1.5319444444444443,4025.26,3811.11,7.832146989932971,-0.05466901976712636,0,2025-10-17,False,0.33,1760587200,-0.33,0.0981757986116848
BTC,bitcoin-above-114k-on-october-22,114000.0,1761148860,1760585400,0.3948415937845631,6.521527777777778,111730.04,108407.96,6.956724673703041,-0.030184086521204113,0,2025-10-22,False,0.33,1760589900,-0.33,-0.12001762054475196
BTC,bitcoin-above-112k-on-october-21,112000.0,1761062460,1760585400,0.39798453660095673,5.521527777777778,111730.04,113359.23,8.127907717236827,0.014476198274858921,1,2025-10-21,False,0.48,1760589900,0.52,0.4023387963255238
BTC,bitcoin-above-114k-on-october-20,114000.0,1760976060,1760585400,0.3804085974172728,4.521527777777778,111730.04,110800.0,8.331005662320257,-0.008358830251906018,0,2025-10-20,False,0.29000000000000004,1760589900,-0.29000000000000004,-0.22036253784099713
ETH,ethereum-above-4100-on-october-18,4100.0,1760803260,1760585400,0.6705672151941467,2.521527777777778,4031.26,3878.31,6.77576171531223,-0.03867949044101542,0,2025-10-18,False,0.36,1760589900,-0.36,-0.0979169895019823
BTC,bitcoin-above-114k-on-october-18,114000.0,1760803260,1760610600,0.3989558102182272,2.229861111111111,111353.56,106959.05,9.520032506173914,-0.04026431352483101,0,2025-10-18,False,0.2,1760621400,-0.2,0.18331757359516915
BTC,bitcoin-above-114k-on-october-19,114000.0,1760889660,1760612400,0.3741010201844351,3.2090277777777776,111469.63,108480.3,9.162690581185702,-0.02718358744230648,0,2025-10-19,False,0.23,1760623200,-0.23,0.019074800620459492
ETH,ethereum-above-4100-on-october-19,4100.0,1760889660,1760625900,0.6610898869751014,3.0527777777777776,4055.0,3977.1,6.450862963828806,-0.01939777707659964,0,2025-10-19,False,0.41000000000000003,1760626800,-0.41000000000000003,-0.284867598275956
ETH,ethereum-above-4200-on-october-20,4200.0,1760976060,1760625900,0.6543166277411115,4.052777777777778,4055.0,3978.82,4.99021291255652,-0.018965394642689554,0,2025-10-20,False,0.28,1760626800,-0.28,-0.18535864276232036
ETH,ethereum-above-4000-on-october-18,4000.0,1760803260,1760627700,0.7134820843744228,2.0319444444444446,4012.8,3878.31,7.48988750386965,-0.03408976027840133,0,2025-10-18,False,0.52,1760628600,-0.52,-0.26467153048088987
ETH,ethereum-above-4100-on-october-21,4100.0,1761062460,1760627700,0.6889318901858439,5.031944444444444,4012.8,4080.74,4.705998585580704,0.01678909250266789,0,2025-10-21,False,0.37,1760628600,-0.37,-0.4490094455707387
BTC,bitcoin-above-108k-on-october-20,108000.0,1760976060,1760629500,0.4032903660311119,4.011111111111111,109240.7,110800.0,9.148254599857214,0.01417306981901904,1,2025-10-20,False,0.62,1760630400,0.38,0.2503411488340616
BTC,bitcoin-above-108k-on-october-21,108000.0,1761062460,1760629500,0.41739517148437877,5.011111111111111,109240.7,113359.23,7.980819137869061,0.03700809834578402,1,2025-10-21,False,0.6,1760630400,0.4,0.10464506046582656
BTC,bitcoin-above-106k-on-october-18,106000.0,1760803260,1760629500,0.48642723673215377,2.011111111111111,109240.7,106959.05,7.920196228670545,-0.021107653564901636,1,2025-10-18,False,0.81,1760630400,0.18999999999999995,0.3571767581608183
BTC,bitcoin-above-108k-on-october-17,108000.0,1760716860,1760629500,0.4801897213621969,1.011111111111111,109240.7,107096.76,14.332924681809105,-0.019820979598905764,0,2025-10-17,False,0.656,1760630400,-0.656,-0.3719073922892089
BTC,bitcoin-above-104k-on-october-18,104000.0,1760803260,1760629500,0.5447691251098987,2.011111111111111,109240.7,106959.05,4.827768785466275,-0.021107653564901636,1,2025-10-18,False,0.905,1760630400,0.09499999999999997,0.19690287101506804
BTC,bitcoin-above-106k-on-october-20,106000.0,1760976060,1760629500,0.430304740528843,4.011111111111111,109240.7,110800.0,7.182854373894695,0.01417306981901904,1,2025-10-20,False,0.76,1760630400,0.24,0.1381969034589442
BTC,bitcoin-above-110k-on-october-19,110000.0,1760889660,1760629500,0.38550749951567564,3.0111111111111115,109240.7,108480.3,11.132479125986771,-0.006985114819177288,0,2025-10-19,False,0.41000000000000003,1760630400,-0.41000000000000003,-0.332238355082888
BTC,bitcoin-above-108k-on-october-19,108000.0,1760889660,1760629500,0.40522730447887245,3.0111111111111115,109240.7,108480.3,10.386923006404006,-0.006985114819177288,1,2025-10-19,False,0.63,1760630400,0.37,0.44255384981768614
ETH,ethereum-above-3800-on-october-19,3800.0,1760889660,1760630400,0.7136498594688648,3.000694444444444,3907.18,3977.1,5.697033003164178,0.017737024324747774,1,2025-10-19,False,0.66,1760632200,0.33999999999999997,0.23895158704398609
BTC,bitcoin-above-104k-on-october-21,104000.0,1761062460,1760630400,0.46424804119493,5.000694444444444,108549.21,113359.23,5.497132153958306,0.04335818429431848,1,2025-10-21,False,0.79,1760632200,0.20999999999999996,-0.028345669021548198
BTC,bitcoin-above-102k-on-october-21,102000.0,1761062460,1760630400,0.49834372651783737,5.000694444444444,108549.21,113359.23,3.9919556166072736,0.04335818429431848,1,2025-10-21,False,0.872,1760632200,0.128,-0.045083947319597945
BTC,bitcoin-above-106k-on-october-21,106000.0,1761062460,1760630400,0.4383826055316707,5.000694444444444,108549.21,113359.23,7.065270847831562,0.04335818429431848,1,2025-10-21,False,0.67,1760632200,0.32999999999999996,0.023662684490443286
ETH,ethereum-above-4000-on-october-22,4000.0,1761148860,1760630400,0.7087469762191696,6.000694444444445,3907.18,3841.05,4.192020784811556,-0.017070119443613117,0,2025-10-22,False,0.37,1760632200,-0.37,-0.29844170449315793
BTC,bitcoin-above-108k-on-october-22,108000.0,1761148860,1760630400,0.4288182548294502,6.000694444444445,108549.21,108407.96,7.240552723553562,-0.0013021005017446394,1,2025-10-22,False,0.53,1760632200,0.47,0.4794279273342476
ETH,ethereum-above-4000-on-october-20,4000.0,1760976060,1760630400,0.6623945080102013,4.000694444444445,3907.18,3978.82,5.365659482643628,0.018169406758657847,0,2025-10-20,False,0.34,1760632200,-0.34,-0.43749084966860174
ETH,ethereum-above-3900-on-october-19,3900.0,1760889660,1760632200,0.6838455960945726,2.9798611111111106,3879.73,3977.1,6.413825878481489,0.024787346905791794,1,2025-10-19,False,0.45,1760646600,0.55,0.3910182729567345
ETH,ethereum-above-3900-on-october-17,3900.0,1760716860,1760632200,0.7983538283273055,0.9798611111111112,3879.73,3811.11,9.541315373083739,-0.017845078294541798,0,2025-10-17,False,0.41000000000000003,1760646600,-0.41000000000000003,-0.23973448013440543
ETH,ethereum-above-3900-on-october-20,3900.0,1760976060,1760632200,0.6842817727791465,3.979861111111111,3879.73,3978.82,5.550395574429066,0.025219729339701884,1,2025-10-20,False,0.46,1760646600,0.54,0.40002052588461984
ETH,ethereum-above-3900-on-october-18,3900.0,1760803260,1760632200,0.7273382509631661,1.979861111111111,3879.73,3878.31,7.390273772145493,-0.0003660718469762234,0,2025-10-18,False,0.44,1760646600,-0.44,-0.43729462883057074
ETH,ethereum-above-4000-on-october-17,4000.0,1760716860,1760634000,0.7936244915007652,0.9590277777777778,3964.41,3811.11,9.52827638666301,-0.0394365567065953,0,2025-10-17,False,0.37,1760634900,-0.37,0.005762412038748721
BTC,bitcoin-above-110k-on-october-18,110000.0,1760803260,1760634000,0.4603377032837267,1.9590277777777776,109232.43,106959.05,11.534955113623987,-0.02103194631427582,0,2025-10-18,False,0.4,1760634900,-0.4,-0.157397443312679
BTC,bitcoin-above-108k-on-october-18,108000.0,1760803260,1760634000,0.48687780312329104,1.9590277777777776,109232.43,106959.05,10.691458979844771,-0.02103194631427582,0,2025-10-18,False,0.63,1760634900,-0.63,-0.4051378087146227
BTC,bitcoin-above-110k-on-october-17,110000.0,1760716860,1760634000,0.5105023978512514,0.9590277777777778,109232.43,107096.76,14.656697280914983,-0.019745272348280045,0,2025-10-17,False,0.35000000000000003,1760634900,-0.35000000000000003,-0.06059952046203809
ETH,ethereum-above-4100-on-october-20,4100.0,1760976060,1760634000,0.6713872484232137,3.9590277777777776,3964.41,3978.82,4.9944874069981555,0.003628250927648489,0,2025-10-20,False,0.28,1760636700,-0.28,-0.2981212535675698
BTC,bitcoin-above-112k-on-october-17,112000.0,1760716860,1760634000,0.5141445938656624,0.9590277777777778,109232.43,107096.76,9.524843860835176,-0.019745272348280045,0,2025-10-17,False,0.12,1760634900,-0.12,0.06807063610703376
BTC,bitcoin-above-106k-on-october-22,106000.0,1761148860,1760641200,0.4738509229243007,5.875694444444444,108656.19,108407.96,6.169697732018546,-0.0022871589639244837,1,2025-10-22,False,0.68,1760643000,0.31999999999999995,0.33411107947249075
BTC,bitcoin-above-112k-on-october-19,112000.0,1760889660,1760663700,0.3969137616329541,2.615277777777778,108980.45,108480.3,8.412304967125113,-0.004599918669457961,0,2025-10-19,False,0.18000000000000002,1760664600,-0.18000000000000002,-0.14130408132854727
SOL,solana-above-180-on-october-17,180.0,1760716860,1760668200,0.8625828935571089,0.5631944444444444,185.11,183.56,8.486444599469168,-0.008408653444961054,1,2025-10-17,False,0.77,1760682600,0.22999999999999998,0.30135957161679755
SOL,solana-above-160-on-october-23,160.0,1761235260,1760679000,0.8617806318282446,6.438194444444444,187.23,191.18,1.4663888480593612,0.020877585021555393,1,2025-10-23,False,0.88,1760686200,0.12,0.08938534214998001
SOL,solana-above-170-on-october-17,170.0,1760716860,1760683500,0.8603908411642295,0.3861111111111111,181.08,183.56,1.1539096242934122,0.01360266695887494,1,2025-10-17,False,0.9400000000000001,1760685300,0.05999999999999994,0.04430375168009615
SOL,solana-above-180-on-october-19,180.0,1760889660,1760686200,0.9051947055377674,2.354861111111111,178.69,190.77,5.435845617183251,0.06541605305685623,1,2025-10-19,False,0.45,1760688900,0.55,0.1944084346974611
BTC,bitcoin-above-98k-on-october-23,98000.0,1761235260,1760688000,0.5934307277909887,6.334027777777777,105633.75,109915.35,3.340999554945433,0.03973260160281011,1,2025-10-23,False,0.85,1760697000,0.15000000000000002,0.017253395728187237
BTC,bitcoin-above-100k-on-october-23,100000.0,1761235260,1760688900,0.5642862500106485,6.323611111111112,105146.19,109915.35,4.380762882093919,0.04435885654502604,1,2025-10-23,False,0.77,1760697000,0.22999999999999998,0.035674367755421016
ETH,ethereum-above-3600-on-october-18,3600.0,1760803260,1760689800,1.0280223676533036,1.3131944444444443,3731.41,3878.31,5.559804031029082,0.038613313426573426,1,2025-10-18,False,0.742,1760697000,0.258,0.04331754435954768
BTC,bitcoin-above-102k-on-october-18,102000.0,1760803260,1760689800,0.7261868866493358,1.3131944444444443,105173.59,106959.05,7.2602211904396015,0.016833827770258318,1,2025-10-18,False,0.785,1760697000,0.21499999999999997,0.0927826869061599
XRP,xrp-above-2pt3-on-october-17,2.3,1760716860,1760702400,1.114603192102376,0.16736111111111113,2.2831,2.31,15.87607549000981,0.011713355930431288,1,2025-10-17,False,0.32,1760706900,0.6799999999999999,0.4940378770071187
BTC,bitcoin-above-110k-on-october-21,110000.0,1761062460,1760703300,0.4685083007148155,4.156944444444445,105743.37,113359.23,5.727378792931247,0.069546681914438,1,2025-10-21,False,0.2,1760706900,0.8,0.40167980888451277
ETH,ethereum-above-3700-on-october-17,3700.0,1760716860,1760707800,1.042702807793359,0.10486111111111111,3778.5,3811.11,11.264525977664405,0.008593379811805314,1,2025-10-17,False,0.832,1760708700,0.16800000000000004,0.07119964987398222
BTC,bitcoin-above-110k-on-october-20,110000.0,1760976060,1760709600,0.4619367196674663,3.0840277777777776,105835.63,110800.0,6.096105224690626,0.04583954409660394,1,2025-10-20,False,0.16,1760711400,0.84,0.5605573157352564
BTC,bitcoin-above-110k-on-october-19,110000.0,1760889660,1760715900,0.4608434026220592,2.011111111111111,106114.82,108480.3,6.5912617792525525,0.022046874261732668,0,2025-10-19,False,0.11,1760722200,-0.11,-0.25531671967334535
BTC,bitcoin-above-108k-on-october-19,108000.0,1760889660,1760715900,0.4726990275198757,2.011111111111111,106114.82,108480.3,9.93503697023865,0.022046874261732668,1,2025-10-19,False,0.29000000000000004,1760722200,0.71,0.49096348913148297
BTC,bitcoin-above-108k-on-october-18,108000.0,1760803260,1760721300,0.45097650178322496,0.9486111111111111,106647.25,106959.05,14.83623567509522,0.002919391623299123,0,2025-10-18,False,0.27,1760722200,-0.27,-0.3133127821511646
SOL,solana-above-190-on-october-18,190.0,1760803260,1760727600,0.8629913649195357,0.8756944444444444,183.45,185.07,6.570334112846606,0.008791981088365868,0,2025-10-18,False,0.17,1760729400,-0.17,-0.2277662532643925
ETH,ethereum-above-4000-on-october-22,4000.0,1761148860,1760739300,0.7103240342951735,4.740277777777778,3864.05,3841.05,4.417851908423671,-0.005970089502727501,0,2025-10-22,False,0.32,1760744700,-0.32,-0.2936250286969152
ETH,ethereum-above-4100-on-october-21,4100.0,1761062460,1760740200,0.6747472918395592,3.729861111111111,3868.99,4080.74,3.9559271675778285,0.05328485345123767,0,2025-10-21,False,0.18000000000000002,1760745600,-0.18000000000000002,-0.3907909993881543
ETH,ethereum-above-4000-on-october-20,4000.0,1760976060,1760740200,0.6460546831979984,2.729861111111111,3868.99,3978.82,5.877279676209717,0.02799180185684671,0,2025-10-20,False,0.25,1760744700,-0.25,-0.4145156481537346
ETH,ethereum-above-3900-on-october-21,3900.0,1761062460,1760740200,0.7185882560772775,3.729861111111111,3868.99,4080.74,5.4335978404285346,0.05328485345123767,1,2025-10-21,False,0.45,1760742900,0.55,0.2604715353598041
ETH,ethereum-above-3900-on-october-20,3900.0,1760976060,1760740200,0.6671353683849106,2.729861111111111,3868.99,3978.82,6.8186859915070395,0.02799180185684671,1,2025-10-20,False,0.44,1760742900,0.56,0.3691326928016787
ETH,ethereum-above-4000-on-october-21,4000.0,1761062460,1760753700,0.6719850050856618,3.573611111111111,3861.9,4080.74,5.124384497756816,0.0551190541675162,1,2025-10-21,False,0.28,1760754600,0.72,0.4375487732929617
ETH,ethereum-above-3900-on-october-18,3900.0,1760803260,1760760000,0.5681456638546867,0.5006944444444444,3870.57,3878.31,17.70123189218027,0.001997708720251546,0,2025-10-18,False,0.33,1760760900,-0.33,-0.3653619053102033
BTC,bitcoin-above-106k-on-october-21,106000.0,1761062460,1760760000,0.4297527611020574,3.500694444444444,107070.4,113359.23,9.25700856213576,0.05707524080302068,1,2025-10-21,False,0.61,1760760900,0.39,-0.13834599279952264
ETH,ethereum-above-4000-on-october-19,4000.0,1760889660,1760774400,0.5670327446651253,1.3340277777777778,3892.43,3977.1,8.366818819477519,0.02151926922768209,0,2025-10-19,False,0.18000000000000002,1760778900,-0.18000000000000002,-0.360047826755574
ETH,ethereum-above-3800-on-october-18,3800.0,1760803260,1760784300,0.5584211086535303,0.21944444444444444,3889.64,3878.31,6.915897057385306,-0.0029171166226483365,1,2025-10-18,False,0.91,1760787900,0.08999999999999997,0.11017447826662335
BTC,bitcoin-above-110k-on-october-21,110000.0,1761062460,1760801400,0.34342608640162575,3.0215277777777776,106972.52,113359.23,8.448245695926975,0.0579898237924767,1,2025-10-21,False,0.19,1760805900,0.81,0.32008772073764513
BTC,bitcoin-above-108k-on-october-19,108000.0,1760889660,1760802300,0.33623552972660625,1.011111111111111,106897.86,108480.3,18.959065991352062,0.014694790553438464,1,2025-10-19,False,0.22,1760805000,0.78,0.5014004961682632
ETH,ethereum-above-3900-on-october-23,3900.0,1761235260,1760814000,0.6972223500054466,4.875694444444444,3888.12,3879.04,4.935608753265168,-0.002338049978705451,0,2025-10-23,False,0.47000000000000003,1760814900,-0.47000000000000003,-0.45846030005953
BTC,bitcoin-above-108k-on-october-20,108000.0,1760976060,1760821200,0.3579010884730972,1.792361111111111,107018.51,110800.0,14.818060893436432,0.03472496415822945,1,2025-10-20,False,0.35000000000000003,1760834700,0.6499999999999999,0.13544336658095846
ETH,ethereum-above-3900-on-october-21,3900.0,1761062460,1760828400,0.6550879109963013,2.7090277777777776,3886.14,4080.74,7.039471695380043,0.048861967450039574,1,2025-10-21,False,0.46,1760836500,0.54,0.19603756315486548
ETH,ethereum-above-3800-on-october-23,3800.0,1761235260,1760828400,0.7172616045517702,4.709027777777778,3886.14,3879.04,4.764116166411832,-0.0018286767283096051,1,2025-10-23,False,0.61,1760829300,0.39,0.3987120283644809
ETH,ethereum-above-4000-on-october-20,4000.0,1760976060,1760828400,0.597379763307805,1.7090277777777778,3886.14,3978.82,7.4936693751162835,0.02356891585564866,0,2025-10-20,False,0.21000000000000002,1760841900,-0.21000000000000002,-0.386617662952167
BTC,bitcoin-above-108k-on-october-21,108000.0,1761062460,1760831100,0.38956156584658885,2.677777777777778,107077.58,113359.23,11.51648778179503,0.05700818436846839,1,2025-10-21,False,0.41000000000000003,1760834700,0.59,-0.06653405874178464
ETH,ethereum-above-3700-on-october-22,3700.0,1761148860,1760862600,0.732074407434655,3.313194444444444,3876.03,3841.05,4.685759304778561,-0.009065667214231462,1,2025-10-22,False,0.75,1760866200,0.25,0.292479534503111
ETH,ethereum-above-3800-on-october-22,3800.0,1761148860,1760862600,0.6972576585495075,3.313194444444444,3876.03,3841.05,5.798173497767572,-0.009065667214231462,1,2025-10-22,False,0.61,1760863500,0.39,0.4425643113811373
ETH,ethereum-above-3800-on-october-21,3800.0,1761062460,1760862600,0.7034926558868456,2.3131944444444446,3876.03,4080.74,6.7554090369803035,0.051466910582430456,1,2025-10-21,False,0.64,1760866200,0.36,0.012319967145992095
BTC,bitcoin-above-106k-on-october-22,106000.0,1761148860,1760863500,0.44324421426569605,3.302777777777778,106493.4,108407.96,9.424350712337699,0.017818506645724916,1,2025-10-22,False,0.56,1760866200,0.43999999999999995,0.27207214420056836
ETH,ethereum-above-4000-on-october-19,4000.0,1760889660,1760872500,0.6329521212159407,0.1986111111111111,3946.2,3977.1,17.623052374626663,0.007799819937553273,0,2025-10-19,False,0.15000000000000002,1760873400,-0.15000000000000002,-0.2874566352721586
BTC,bitcoin-above-110k-on-october-21,110000.0,1761062460,1760900400,0.46713622826788415,1.8756944444444446,109383.01,113359.23,11.711786445239941,0.035706226557955044,1,2025-10-21,False,0.43,1760901300,0.5700000000000001,0.1518162997878758
ETH,ethereum-above-4100-on-october-21,4100.0,1761062460,1760914800,0.6764099270602083,1.7090277777777778,4020.76,4080.74,7.807486478229915,0.01480740503037257,0,2025-10-21,False,0.3,1760916600,-0.3,-0.41560861455230746
ETH,ethereum-above-4000-on-october-23,4000.0,1761235260,1760914800,0.7059208754202612,3.7090277777777776,4020.76,3879.04,5.602353428404546,-0.03588323914797669,0,2025-10-23,False,0.51,1760917500,-0.51,-0.3089694121370725
ETH,ethereum-above-3900-on-october-23,3900.0,1761235260,1760914800,0.7277243370525872,3.7090277777777776,4020.76,3879.04,5.0613523292915,-0.03588323914797669,0,2025-10-23,False,0.65,1760917500,-0.65,-0.46838228395586423
BTC,bitcoin-above-108k-on-october-21,108000.0,1761062460,1760918400,0.4930113937768022,1.667361111111111,108642.78,113359.23,11.817522228249842,0.04249655025533787,1,2025-10-21,False,0.59,1760919300,0.41000000000000003,-0.09220392726639182
ETH,ethereum-above-4000-on-october-20,4000.0,1760976060,1760922900,0.744804919185748,0.6152777777777777,3943.4,3978.82,11.619079542935472,0.008941997574656224,0,2025-10-20,False,0.28,1760926500,-0.28,-0.38389778109266676
BTC,bitcoin-above-112k-on-october-23,112000.0,1761235260,1760933700,0.45042227232761783,3.4902777777777776,110393.58,109915.35,8.51928139393747,-0.004341455892407206,0,2025-10-23,False,0.37,1760934600,-0.37,-0.3330139155932151
ETH,ethereum-above-4100-on-october-20,4100.0,1760976060,1760936400,0.703568386333616,0.45902777777777776,4054.4,3978.82,14.379234010003445,-0.018817418219996194,0,2025-10-20,False,0.29000000000000004,1760948100,-0.29000000000000004,-0.019419939950572285
XRP,xrp-above-2pt5-on-october-20,2.5,1760976060,1760951700,0.8770505171505876,0.28194444444444444,2.4661,2.4523,13.89418017655824,-0.005611595727670927,0,2025-10-20,False,0.25,1760952600,-0.25,-0.1720314778817357
XRP,xrp-above-2pt6-on-october-22,2.6,1761148860,1760953500,0.8784001076956345,2.261111111111111,2.463,2.3995,4.131149292278593,-0.026119736822237637,0,2025-10-22,False,0.18000000000000002,1761030900,-0.18000000000000002,-0.0720954677123099
XRP,xrp-above-2pt1-on-october-22,2.1,1761148860,1760956200,0.9295424288162667,2.229861111111111,2.4775,2.3995,0.44777549908985614,-0.031989604905842746,1,2025-10-22,False,0.962,1760957100,0.038000000000000034,0.05232416130240108
XRP,xrp-above-2pt6-on-october-21,2.6,1761062460,1760956200,0.8776515437329849,1.229861111111111,2.4775,2.5176,4.878815178625581,0.016056079546054067,0,2025-10-21,False,0.14,1760960700,-0.14,-0.21833464459850832
BTC,bitcoin-above-112k-on-october-22,112000.0,1761148860,1760970600,0.4142870353687051,2.0631944444444446,111275.05,108407.96,12.490614156668533,-0.026103546195159217,0,2025-10-22,False,0.41000000000000003,1760971500,-0.41000000000000003,-0.0839506763554933
BTC,bitcoin-above-114k-on-october-23,114000.0,1761235260,1760971500,0.4140590223528448,3.0527777777777776,111102.01,109915.35,8.252182757844901,-0.010738264205338879,0,2025-10-23,False,0.23,1760978700,-0.23,-0.14138588127551943
ETH,ethereum-above-4200-on-october-22,4200.0,1761148860,1760976000,0.6246724331436407,2.000694444444444,4003.98,3841.05,4.936268014384451,-0.04154309971308831,0,2025-10-22,False,0.11,1760978700,-0.11,0.09506787433210169
SOL,solana-above-200-on-october-21,200.0,1761062460,1760976000,0.7720584277823969,1.0006944444444446,190.5,196.16,4.6656282421204915,0.029278458181090865,0,2025-10-21,False,0.06999999999999999,1760982300,-0.06999999999999999,-0.20660240137544128
ETH,ethereum-above-3900-on-october-22,3900.0,1761148860,1760976000,0.661731857668999,2.000694444444444,4003.98,3841.05,7.140554530531648,-0.04154309971308831,0,2025-10-22,False,0.68,1760977800,-0.68,-0.3833592311313793
SOL,solana-above-190-on-october-21,190.0,1761062460,1760993100,0.7545964877353041,0.8027777777777778,189.83,196.16,11.262706119960859,0.03280171794539592,1,2025-10-21,False,0.47000000000000003,1760997600,0.53,0.16056389055115944
SOL,solana-above-200-on-october-22,200.0,1761148860,1760996700,0.847488183460669,1.761111111111111,189.57,183.88,4.359789551164487,-0.030474978515446303,0,2025-10-22,False,0.14,1761009300,-0.14,-0.0071355070963949885
ETH,ethereum-above-3800-on-october-21,3800.0,1761062460,1761000300,0.8344217910342829,0.7194444444444444,3990.56,4080.74,4.6120962884816565,0.022346772588375512,1,2025-10-21,False,0.9400000000000001,1761012900,0.05999999999999994,-0.04306546691439038
ETH,ethereum-above-4100-on-october-21,4100.0,1761062460,1761007500,0.6077751226130376,0.6361111111111112,3981.51,4080.74,7.944318540175224,0.024617200190644162,0,2025-10-21,False,0.09,1761009300,-0.09,-0.28556687988173945
ETH,ethereum-above-4000-on-october-21,4000.0,1761062460,1761010200,0.6090566352289708,0.6048611111111111,3963.18,4080.74,14.93896415459968,0.029231611205982482,1,2025-10-21,False,0.33,1761012000,0.6699999999999999,0.23331000801263335
ETH,ethereum-above-4000-on-october-23,4000.0,1761235260,1761010200,0.6494725923954006,2.604861111111111,3963.18,3879.04,7.132849359497652,-0.021459032972366707,0,2025-10-23,False,0.42,1761012000,-0.42,-0.2669359504076151
BTC,bitcoin-above-106k-on-october-21,106000.0,1761062460,1761020100,0.5422540311262598,0.4902777777777778,108307.93,113359.23,11.277607352204745,0.0455834289836329,1,2025-10-21,False,0.858,1761021000,0.14200000000000002,-0.37207201384452127
BTC,bitcoin-above-106k-on-october-22,106000.0,1761148860,1761021000,0.484969898446437,1.479861111111111,108234.68,108407.96,10.389503125193261,0.0015996854262105087,1,2025-10-22,False,0.75,1761023700,0.25,0.2333800632650598
BTC,bitcoin-above-108k-on-october-21,108000.0,1761062460,1761021000,0.4778741841120043,0.4798611111111111,108234.68,113359.23,22.868224907932543,0.04625997022227348,1,2025-10-21,False,0.5,1761023700,0.5,-0.5578834032772122
XRP,xrp-above-2pt5-on-october-21,2.5,1761062460,1761031800,0.8506110143593487,0.3548611111111111,2.432,2.5176,8.640037355381532,0.03459210266413955,1,2025-10-21,False,0.12,1761034500,0.88,0.5811229407806413
XRP,xrp-above-2pt2-on-october-24,2.2,1761321660,1761076800,0.7458470075703981,2.834027777777778,2.4931,2.4842,1.05614313165639,-0.003576239923467743,1,2025-10-24,False,0.93,1761091200,0.06999999999999995,0.07377702123232578
XRP,xrp-above-2pt3-on-october-24,2.3,1761321660,1761076800,0.7458470075703981,2.834027777777778,2.4931,2.4842,2.9766915150478224,-0.003576239923467743,1,2025-10-24,False,0.85,1761082200,0.15000000000000002,0.16064536303596172
BTC,bitcoin-above-108k-on-october-22,108000.0,1761148860,1761080400,0.4973529278948208,0.7923611111111111,110787.56,108407.96,9.52420163373172,-0.021712975597828227,1,2025-10-22,False,0.867,1761085800,0.133,0.33979875766201256
ETH,ethereum-above-4000-on-october-24,4000.0,1761321660,1761081300,0.6596986089221643,2.7819444444444446,3963.21,3890.0,6.803946432059601,-0.01864514533298469,0,2025-10-24,False,0.41000000000000003,1761082200,-0.41000000000000003,-0.2831394299364061
SOL,solana-above-210-on-october-26,210.0,1761494460,1761081300,0.8146653690001165,4.781944444444445,191.28,199.32,2.4706516519147277,0.041173250263134446,0,2025-10-26,False,0.11,1761082200,-0.11,-0.21172475877731162
BTC,bitcoin-above-112k-on-october-22,112000.0,1761148860,1761081300,0.42684559318132315,0.7819444444444444,111095.21,108407.96,18.48471744773496,-0.024486063360819134,0,2025-10-22,False,0.3,1761082200,-0.3,0.15261796263207716
SOL,solana-above-210-on-october-25,210.0,1761408060,1761081300,0.8110276112832941,3.781944444444444,191.28,191.9,2.4308572522810765,0.003236079863584985,0,2025-10-25,False,0.09,1761085800,-0.09,-0.09786644820535631
XRP,xrp-above-2pt8-on-october-26,2.8,1761494460,1761082200,0.8838247678104781,4.771527777777777,2.4614,2.639,1.6389398509640145,0.06966976376508788,0,2025-10-26,False,0.05,1761093000,-0.05,-0.16418455224185124
ETH,ethereum-above-3800-on-october-22,3800.0,1761148860,1761083100,0.7413100526467423,0.7611111111111111,3949.0,3841.05,6.299503433138293,-0.027716615582096663,1,2025-10-22,False,0.873,1761086700,0.127,0.30160091501439223
BTC,bitcoin-above-106k-on-october-27,106000.0,1761580860,1761086700,0.4880853485236944,5.719444444444444,109167.44,115015.92,5.897186617428925,0.052187703213077016,1,2025-10-27,False,0.6900000000000001,1761091200,0.30999999999999994,0.0022393750174896088
BTC,bitcoin-above-104k-on-october-23,104000.0,1761235260,1761086700,0.5808626346506575,1.7194444444444446,109167.44,109915.35,4.891887119301351,0.006827673734200001,1,2025-10-23,False,0.897,1761090300,0.10299999999999998,0.06959979080487484
BTC,bitcoin-above-106k-on-october-28,106000.0,1761667260,1761086700,0.4826609884778528,6.719444444444444,109167.44,114562.03,5.584873587337917,0.04823357267583416,1,2025-10-28,False,0.68,1761093000,0.31999999999999995,0.05062159393978988
ETH,ethereum-above-3900-on-october-25,3900.0,1761408060,1761087600,0.6735553523321588,3.7090277777777776,3901.28,3934.47,5.873122765566414,0.008471479690513128,1,2025-10-25,False,0.49,1761090300,0.51,0.46024595977161387
BTC,bitcoin-above-104k-on-october-24,104000.0,1761321660,1761087600,0.5566205445779113,2.7090277777777776,109066.98,110093.48,5.207093637906582,0.009367634166218719,1,2025-10-24,False,0.852,1761090300,0.14800000000000002,0.09922185173084619
BTC,bitcoin-above-106k-on-october-25,106000.0,1761408060,1761087600,0.5070207733097645,3.7090277777777776,109066.98,111413.55,6.773673162240099,0.021286764931651464,1,2025-10-25,False,0.73,1761090300,0.27,0.1258104116715588
BTC,bitcoin-above-108k-on-october-25,108000.0,1761408060,1761089400,0.4866845171782392,3.6881944444444446,109120.83,111413.55,8.013880040142125,0.020793153477433254,1,2025-10-25,False,0.6,1761090300,0.4,0.23336616237558586
ETH,ethereum-above-3900-on-october-22,3900.0,1761148860,1761091200,0.6545903140376234,0.6673611111111111,3873.05,3841.05,13.773071423463044,-0.00829654361584246,0,2025-10-22,False,0.37,1761093900,-0.37,-0.25573111221112543
XRP,xrp-above-2pt3-on-october-23,2.3,1761235260,1761095700,0.7670556769993871,1.6152777777777778,2.4264,2.4099,4.63324401813911,-0.006823424526494937,1,2025-10-23,False,0.8200000000000001,1761165000,0.17999999999999994,0.2116145908706063
BTC,bitcoin-above-108k-on-october-26,108000.0,1761494460,1761129000,0.4597519551818285,4.229861111111111,107941.48,113697.72,8.055511978376746,0.05195411936738065,1,2025-10-26,False,0.5,1761131700,0.5,0.08148296911004993
ETH,ethereum-above-3700-on-october-23,3700.0,1761235260,1761131700,0.760917233020838,1.198611111111111,3825.42,3879.04,6.943881115030006,0.013919435168669886,1,2025-10-23,False,0.775,1761132600,0.22499999999999998,0.12834509700038865
ETH,ethereum-above-3800-on-october-24,3800.0,1761321660,1761131700,0.720862008807191,2.198611111111111,3825.42,3890.0,7.1010770707603434,0.01674089245829655,1,2025-10-24,False,0.53,1761144300,0.47,0.35112163242032557
BTC,bitcoin-above-106k-on-october-22,106000.0,1761148860,1761131700,0.5773703986213448,0.1986111111111111,107966.45,108407.96,11.77891103061224,0.004080987328944879,1,2025-10-22,False,0.886,1761134400,0.11399999999999999,0.06593041333530238
BTC,bitcoin-above-110k-on-october-26,110000.0,1761494460,1761139800,0.46194032509542415,4.104861111111111,108113.99,113697.72,7.58354889716362,0.05035721430721343,1,2025-10-26,False,0.36,1761143400,0.64,0.2581136029762995
BTC,bitcoin-above-112k-on-october-23,112000.0,1761235260,1761141600,0.5497233243662212,1.0840277777777778,108783.36,109915.35,8.176412549456234,0.010352142537094112,0,2025-10-23,False,0.11,1761142500,-0.11,-0.19464338815405602
BTC,bitcoin-above-116k-on-october-27,116000.0,1761580860,1761141600,0.47227290920550047,5.084027777777777,108783.36,115015.92,3.5667347453178966,0.05571217201597108,0,2025-10-27,False,0.09,1761144300,-0.09,-0.28871053966649146
ETH,ethereum-above-3900-on-october-23,3900.0,1761235260,1761143400,0.7008058936144486,1.0631944444444446,3811.8,3879.04,8.683234374992795,0.0174861818223229,0,2025-10-23,False,0.23,1761144300,-0.23,-0.38183661508696837
ETH,ethereum-above-3900-on-october-27,3900.0,1761580860,1761145200,0.6927093102198125,5.042361111111111,3853.57,4176.3,4.814257153545234,0.08042569570530156,1,2025-10-27,False,0.42,1761146100,0.5800000000000001,0.19281001912189982
SOL,solana-above-180-on-october-24,180.0,1761321660,1761145200,0.8107785289832012,2.042361111111111,185.5,189.64,5.901258482340806,0.022072655986427773,1,2025-10-24,False,0.66,1761146100,0.33999999999999997,0.20974355163230252
ETH,ethereum-above-4200-on-october-27,4200.0,1761580860,1761145200,0.6813403966027348,5.042361111111111,3853.57,4176.3,2.6755572769804536,0.08042569570530156,0,2025-10-27,False,0.09999999999999999,1761159600,-0.09999999999999999,-0.3151835554005352
BTC,bitcoin-above-110k-on-october-23,110000.0,1761235260,1761145200,0.5127180433204277,1.042361111111111,108947.5,109915.35,13.623978482864386,0.008844409264057896,0,2025-10-23,False,0.3,1761146100,-0.3,-0.42049604150717124
ETH,ethereum-above-4000-on-october-27,4000.0,1761580860,1761145200,0.6832497703634649,5.042361111111111,3853.57,4176.3,4.374009947479131,0.08042569570530156,1,2025-10-27,False,0.29000000000000004,1761146100,0.71,0.35821720695208137
ETH,ethereum-above-4100-on-october-27,4100.0,1761580860,1761145200,0.6795981887072495,5.042361111111111,3853.57,4176.3,3.5802234826442523,0.08042569570530156,1,2025-10-27,False,0.18000000000000002,1761147000,0.82,0.5320580356278783
ETH,ethereum-above-3900-on-october-26,3900.0,1761494460,1761145200,0.6652938712801358,4.042361111111111,3853.57,4072.99,5.578335127929817,0.055377382095336256,1,2025-10-26,False,0.41000000000000003,1761146100,0.59,0.281086404164794
ETH,ethereum-above-3700-on-october-28,3700.0,1761667260,1761145200,0.7438486086448184,6.042361111111112,3853.57,4098.46,3.8823573063293217,0.06161130201995839,1,2025-10-28,False,0.66,1761147000,0.33999999999999997,0.10080291145035203
BTC,bitcoin-above-110k-on-october-24,110000.0,1761321660,1761145200,0.5083144937275076,2.042361111111111,108947.5,110093.48,10.111338077611721,0.010463708261496448,1,2025-10-24,False,0.37,1761146100,0.63,0.5241979082225107
ETH,ethereum-above-3800-on-october-25,3800.0,1761408060,1761146100,0.695494539865344,3.031944444444444,3826.98,3934.47,6.273577105378288,0.027700203702495683,1,2025-10-25,False,0.54,1761147000,0.45999999999999996,0.28622063623770816
ETH,ethereum-above-3800-on-october-26,3800.0,1761494460,1761150600,0.6713570415679205,3.979861111111111,3841.6,4072.99,5.64974115635022,0.058488426985677126,1,2025-10-26,False,0.53,1761156000,0.47,0.1395555268888351
ETH,ethereum-above-3800-on-october-27,3800.0,1761580860,1761150600,0.6981466620716683,4.979861111111111,3841.6,4176.3,4.8711722306461445,0.08353674059564263,1,2025-10-27,False,0.53,1761156000,0.47,0.06307814897181513
ETH,ethereum-above-4100-on-october-26,4100.0,1761494460,1761150600,0.6481893371369015,3.979861111111111,3841.6,4072.99,3.5906073664467946,0.058488426985677126,0,2025-10-26,False,0.12,1761164100,-0.12,-0.33000897678665775
ETH,ethereum-above-3600-on-october-24,3600.0,1761321660,1761150600,0.7963848097934869,1.979861111111111,3841.6,3890.0,3.803827500515048,0.012520211145503184,1,2025-10-24,False,0.864,1761165000,0.136,0.08837527653247998
ETH,ethereum-above-4100-on-october-25,4100.0,1761408060,1761150600,0.6679296028248068,2.9798611111111106,3841.6,3934.47,3.574708640515618,0.02388723762194594,0,2025-10-25,False,0.09999999999999999,1761165000,-0.09999999999999999,-0.18538991472521987
BTC,bitcoin-above-112k-on-october-25,112000.0,1761408060,1761150600,0.46851823858097597,2.9798611111111106,108546.27,111413.55,7.054297514319715,0.026072420159870956,0,2025-10-25,False,0.17,1761165000,-0.17,-0.35392260872607695
BTC,bitcoin-above-112k-on-october-24,112000.0,1761321660,1761150600,0.5063252236028385,1.979861111111111,108546.27,110093.48,7.399996265279666,0.0141532893944381,0,2025-10-24,False,0.13,1761165000,-0.13,-0.23473428866026425
ETH,ethereum-above-4000-on-october-26,4000.0,1761494460,1761150600,0.6473317034649146,3.979861111111111,3841.6,4072.99,4.8348599131379935,0.058488426985677126,1,2025-10-26,False,0.23,1761163200,0.77,0.4872166489844512
BTC,bitcoin-above-110k-on-october-28,110000.0,1761667260,1761150600,0.45863469396515477,5.97986111111111,108546.27,114562.03,6.576812852083092,0.05393988933863379,1,2025-10-28,False,0.38,1761165000,0.62,0.26524744255773347
BTC,bitcoin-above-108k-on-october-24,108000.0,1761321660,1761150600,0.5069819555177647,1.979861111111111,108546.27,110093.48,10.61211362780876,0.0141532893944381,1,2025-10-24,False,0.52,1761154200,0.48,0.32980368473896227
BTC,bitcoin-above-108k-on-october-23,108000.0,1761235260,1761150600,0.49977856185307984,0.9798611111111112,108546.27,109915.35,15.153482782678783,0.012533990396999619,1,2025-10-23,False,0.51,1761155100,0.49,0.30006639232080506
SOL,solana-above-200-on-october-26,200.0,1761494460,1761164100,0.8611678554358261,3.823611111111111,180.16,199.32,2.125961716092508,0.1010662284618782,0,2025-10-26,False,0.060000000000000005,1761167700,-0.060000000000000005,-0.2748629324998121
SOL,solana-above-180-on-october-23,180.0,1761235260,1761167700,0.8109904833198739,0.7819444444444444,178.97,191.18,10.472608860380914,0.06599719860629961,1,2025-10-23,False,0.4,1761168600,0.6,-0.09116284688465226
BTC,bitcoin-above-112k-on-october-26,112000.0,1761494460,1761202800,0.4207807382488003,3.3756944444444446,110246.94,113697.72,9.063584973813901,0.030820588945247803,1,2025-10-26,False,0.34,1761203700,0.6599999999999999,0.3806549731517571
XRP,xrp-above-2pt6-on-october-24,2.6,1761321660,1761210000,0.8995003133198348,1.292361111111111,2.4139,2.4842,2.7415676454808278,0.028706979331369013,0,2025-10-24,False,0.04,1761221700,-0.04,-0.11870212573436814
XRP,xrp-above-2pt3-on-october-24,2.3,1761321660,1761213600,0.8554485327732239,1.2506944444444443,2.4113,2.4842,5.224208878607781,0.029784654972433877,1,2025-10-24,False,0.81,1761219900,0.18999999999999995,0.03439874104674148
ETH,ethereum-above-3700-on-october-24,3700.0,1761321660,1761218100,0.7466858715444339,1.198611111111111,3875.82,3890.0,5.295976072105206,0.0036519043086709595,1,2025-10-24,False,0.86,1761221700,0.14,0.1206596021636607
ETH,ethereum-above-3800-on-october-23,3800.0,1761235260,1761218100,0.6774049211399334,0.1986111111111111,3875.82,3879.04,11.669453400116822,0.0008304470190446289,1,2025-10-23,False,0.87,1761221700,0.13,0.12030913720999278
ETH,ethereum-above-4000-on-october-25,4000.0,1761408060,1761238800,0.6328547309407287,1.9590277777777776,3918.26,3934.47,7.71027053967441,0.0041285063982486395,0,2025-10-25,False,0.29000000000000004,1761244200,-0.29000000000000004,-0.32183190125527383
ETH,ethereum-above-3900-on-october-27,3900.0,1761580860,1761238800,0.6356649859498317,3.9590277777777776,3918.26,4176.3,6.021840925159093,0.06377800937194529,1,2025-10-27,False,0.51,1761239700,0.49,0.10593897303883965
ETH,ethereum-above-4100-on-october-27,4100.0,1761580860,1761238800,0.6069822499843027,3.9590277777777776,3918.26,4176.3,4.767856890095681,0.06377800937194529,1,2025-10-27,False,0.2,1761246000,0.8,0.4959155785793838
ETH,ethereum-above-3800-on-october-28,3800.0,1761667260,1761238800,0.6944505493589066,4.959027777777778,3918.26,4098.46,4.654674801315684,0.04496361568660218,1,2025-10-28,False,0.65,1761245100,0.35,0.14070899108753018
ETH,ethereum-above-3800-on-october-26,3800.0,1761494460,1761238800,0.6449370056282483,2.959027777777778,3918.26,4072.99,6.0667224799686394,0.03872969576197996,1,2025-10-26,False,0.71,1761239700,0.29000000000000004,0.055037684078450055
ETH,ethereum-above-3800-on-october-24,3800.0,1761321660,1761238800,0.7028491791106004,0.9590277777777778,3918.26,3890.0,7.829499998729094,-0.00723852007819403,1,2025-10-24,False,0.79,1761239700,0.20999999999999996,0.26667399294302063
ETH,ethereum-above-4000-on-october-27,4000.0,1761580860,1761238800,0.61676087885225,3.9590277777777776,3918.26,4176.3,5.834492315240994,0.06377800937194529,1,2025-10-27,False,0.34,1761244200,0.6599999999999999,0.28788769443801704
ETH,ethereum-above-4000-on-october-26,4000.0,1761494460,1761238800,0.58780480467692,2.959027777777778,3918.26,4072.99,6.911405616274962,0.03872969576197996,1,2025-10-26,False,0.32,1761239700,0.6799999999999999,0.41232336319403107
BTC,bitcoin-above-110k-on-october-27,110000.0,1761580860,1761238800,0.4080484070178678,3.9590277777777776,110263.74,115015.92,9.381730820472667,0.042195421152509106,1,2025-10-27,False,0.53,1761253200,0.47,0.074133916890681
BTC,bitcoin-above-106k-on-october-27,106000.0,1761580860,1761238800,0.46932283153196974,3.9590277777777776,110263.74,115015.92,6.0099701236668155,0.042195421152509106,1,2025-10-27,False,0.8200000000000001,1761253200,0.17999999999999994,-0.07359322048211858
ETH,ethereum-above-4000-on-october-29,4000.0,1761753660,1761238800,0.6823334786229426,5.959027777777778,3918.26,3947.73,4.399446271725315,0.0074930524662971095,0,2025-10-29,False,0.38,1761245100,-0.38,-0.412965281736693
BTC,bitcoin-above-112k-on-october-24,112000.0,1761321660,1761238800,0.4577959257218526,0.9590277777777778,110263.74,110093.48,13.514104443607904,-0.001545309328929463,0,2025-10-24,False,0.2,1761250500,-0.2,-0.1791165283311656
BTC,bitcoin-above-108k-on-october-27,108000.0,1761580860,1761238800,0.43348922945797813,3.9590277777777776,110263.74,115015.92,8.032184719225178,0.042195421152509106,1,2025-10-27,False,0.7,1761253200,0.30000000000000004,-0.03892141700245444
BTC,bitcoin-above-110k-on-october-28,110000.0,1761667260,1761238800,0.42278160900297784,4.959027777777778,110263.74,114562.03,8.093148815123435,0.03824129061526619,1,2025-10-28,False,0.52,1761253200,0.48,0.17050754416826752
ETH,ethereum-above-3900-on-october-28,3900.0,1761667260,1761238800,0.6719372193737942,4.959027777777778,3918.26,4098.46,5.092586962519282,0.04496361568660218,1,2025-10-28,False,0.51,1761239700,0.49,0.26101887696668225
ETH,ethereum-above-3900-on-october-26,3900.0,1761494460,1761238800,0.6088248026461751,2.959027777777778,3918.26,4072.99,7.265476546283247,0.03872969576197996,1,2025-10-26,False,0.51,1761239700,0.49,0.2086103037966489
XRP,xrp-above-2pt6-on-october-25,2.6,1761408060,1761242400,0.8598558950387561,1.917361111111111,2.4209,2.6008,3.2045286931976618,0.07167971815048843,1,2025-10-25,False,0.06999999999999999,1761255900,0.93,0.7003002864664386
BTC,bitcoin-above-108k-on-october-28,108000.0,1761667260,1761246000,0.4494984877507524,4.875694444444444,110571.66,114562.03,7.0100129824549695,0.03545260547192644,1,2025-10-28,False,0.6900000000000001,1761250500,0.30999999999999994,0.061476775379941506
SOL,solana-above-200-on-october-25,200.0,1761408060,1761246000,0.7328796866400817,1.8756944444444446,191.53,191.9,5.291510213568796,0.0019299486990845005,0,2025-10-25,False,0.17,1761250500,-0.17,-0.18021234325286944
ETH,ethereum-above-3800-on-october-27,3800.0,1761580860,1761246900,0.6451908152628154,3.8652777777777776,3855.48,4176.3,5.906595180435107,0.07993017419770158,1,2025-10-27,False,0.59,1761253200,0.41000000000000003,-0.0621151816874827
BTC,bitcoin-above-110k-on-october-25,110000.0,1761408060,1761246900,0.43506184819179194,1.8652777777777778,110359.97,111413.55,12.775986285394461,0.009501476337216649,1,2025-10-25,False,0.55,1761250500,0.44999999999999996,0.32860926862472006
BTC,bitcoin-above-110k-on-october-24,110000.0,1761321660,1761249600,0.4459485484975777,0.8340277777777777,110200.0,110093.48,18.662698891436083,-0.00096707363560413,1,2025-10-24,False,0.51,1761250500,0.49,0.5080482040671263
SOL,solana-above-200-on-october-26,200.0,1761494460,1761251400,0.7501321980589076,2.8131944444444446,190.23,199.32,4.421973335274791,0.046677707033153826,0,2025-10-26,False,0.18000000000000002,1761253200,-0.18000000000000002,-0.38640757585237484
ETH,ethereum-above-3900-on-october-25,3900.0,1761408060,1761282000,0.6657238159786769,1.4590277777777778,3974.36,3934.47,8.649893966201798,-0.010087544747285376,1,2025-10-25,False,0.68,1761291900,0.31999999999999995,0.4072561924433344
SOL,solana-above-210-on-october-27,210.0,1761580860,1761282900,0.7942396410266084,3.4486111111111106,193.43,200.13,2.811808093881344,0.034051465475527294,0,2025-10-27,False,0.09,1761291900,-0.09,-0.1857461862326088
ETH,ethereum-above-3900-on-october-24,3900.0,1761321660,1761283800,0.7155115195645044,0.43819444444444444,3968.47,3890.0,12.686336774224413,-0.019971472358555706,0,2025-10-24,False,0.75,1761291900,-0.75,-0.49663517578224836
BTC,bitcoin-above-114k-on-october-25,114000.0,1761408060,1761285600,0.3970213605664733,1.417361111111111,111261.36,111413.55,9.82700998924397,0.0013669256558548164,0,2025-10-25,False,0.13,1761291900,-0.13,-0.14343279207463916
SOL,solana-above-210-on-october-26,210.0,1761494460,1761285600,0.7956491378939246,2.417361111111111,193.3,199.32,2.6050434024219435,0.03066818719891853,0,2025-10-26,False,0.054,1761291900,-0.054,-0.13389195872678383
BTC,bitcoin-above-114k-on-october-26,114000.0,1761494460,1761298200,0.3340758131056423,2.2715277777777776,111426.52,113697.72,10.281673524807053,0.020177987582539206,0,2025-10-26,False,0.16,1761301800,-0.16,-0.3674634807112788
SOL,solana-above-190-on-october-24,190.0,1761321660,1761304500,0.63093759128898,0.1986111111111111,191.8,189.64,22.180780976512693,-0.01132562441542034,0,2025-10-24,False,0.71,1761306300,-0.71,-0.45878880541931677
BTC,bitcoin-above-114k-on-october-27,114000.0,1761580860,1761309900,0.3403323403484568,3.1361111111111106,111566.96,115015.92,9.900712129301386,0.03044560479873645,1,2025-10-27,False,0.22,1761311700,0.78,0.4785668312852336
SOL,solana-above-200-on-october-27,200.0,1761580860,1761309900,0.6847603323701988,3.1361111111111106,194.04,200.13,5.523361586232376,0.030902832012517863,1,2025-10-27,False,0.28,1761310800,0.72,0.5493124847562667
XRP,xrp-above-2pt7-on-october-27,2.7,1761580860,1761314400,0.793158785235057,3.0840277777777776,2.5139,2.667,3.265767368070341,0.05911891307037159,0,2025-10-27,False,0.11,1761320700,-0.11,-0.30306861714100675
BTC,bitcoin-above-112k-on-october-26,112000.0,1761494460,1761314400,0.321214900622905,2.084027777777778,110937.94,113697.72,15.144200171654937,0.024572401925929705,1,2025-10-26,False,0.32,1761315300,0.6799999999999999,0.3078706265353612
SOL,solana-above-190-on-october-26,190.0,1761494460,1761315300,0.647062739865578,2.073611111111111,191.77,199.32,8.068289251122604,0.038614836127779516,1,2025-10-26,False,0.56,1761316200,0.43999999999999995,0.12844433273637568
XRP,xrp-above-2pt5-on-october-24,2.5,1761321660,1761316200,0.7667435251308522,0.06319444444444444,2.4799,2.4842,28.59475997696922,0.0017324393446876967,0,2025-10-24,False,0.15000000000000002,1761320700,-0.15000000000000002,-0.19953868723600254
ETH,ethereum-above-4000-on-october-26,4000.0,1761494460,1761327000,0.46672808978309543,1.9381944444444446,3901.48,4072.99,8.852486092163009,0.04302140514248901,1,2025-10-26,False,0.2,1761327900,0.8,0.4191536093108059
SOL,solana-above-200-on-october-26,200.0,1761494460,1761346800,0.5876653539238874,1.7090277777777778,193.79,199.32,7.178098943184428,0.028136474875045767,0,2025-10-26,False,0.16,1761351300,-0.16,-0.3619664005655012
ETH,ethereum-above-3900-on-october-27,3900.0,1761580860,1761418800,0.48533758135798394,1.8756944444444446,3959.68,4176.3,10.502437363279798,0.05326247316006207,1,2025-10-27,False,0.66,1761426900,0.33999999999999997,-0.21938578817692334
BTC,bitcoin-above-114k-on-october-26,114000.0,1761494460,1761429600,0.3246761134636862,0.7506944444444446,111477.76,113697.72,8.445978653024046,0.019718238663384003,0,2025-10-26,False,0.03,1761432300,-0.03,-0.1965398228261747
BTC,bitcoin-above-114k-on-october-27,114000.0,1761580860,1761434100,0.3169485162854391,1.698611111111111,111643.8,115015.92,11.451378814338362,0.029757107496587054,1,2025-10-27,False,0.12,1761447600,0.88,0.5392400896375937
ETH,ethereum-above-4000-on-october-29,4000.0,1761753660,1761471000,0.619681006862096,3.271527777777778,4003.15,3947.73,6.7992028771983595,-0.013940821029614404,0,2025-10-29,False,0.39,1761471900,-0.39,-0.29521352954493835
BTC,bitcoin-above-112k-on-october-27,112000.0,1761580860,1761471000,0.34134934192521804,1.2715277777777778,112667.24,115015.92,19.01463544619979,0.020631858005290545,1,2025-10-27,False,0.58,1761471900,0.42000000000000004,0.027692741451641523
XRP,xrp-above-2pt7-on-october-28,2.7,1761667260,1761544800,0.7669103956522126,1.417361111111111,2.6459,2.6401,7.552684516350289,-0.0021944768549383986,0,2025-10-28,False,0.29000000000000004,1761552900,-0.29000000000000004,-0.27342580863621774
BTC,bitcoin-above-118k-on-october-28,118000.0,1761667260,1761546600,0.36423756201644,1.3965277777777778,115746.68,114562.03,12.159229372851975,-0.010287587022187258,0,2025-10-28,False,0.15000000000000002,1761553800,-0.15000000000000002,-0.02491086970404993
SOL,solana-above-200-on-october-27,200.0,1761580860,1761554700,0.5836573609152298,0.30277777777777776,200.88,200.13,22.985969909365767,-0.003740559459795815,1,2025-10-27,False,0.56,1761556500,0.43999999999999995,0.5259803871870601
BTC,bitcoin-above-104k-on-october-30,104000.0,1761840060,1761554700,0.5166689255111804,3.302777777777778,115221.53,107623.65,0.9720288920737095,-0.06821620404548344,1,2025-10-30,False,0.957,1761555600,0.04300000000000004,0.1093081212398054
ETH,ethereum-above-4100-on-october-27,4100.0,1761580860,1761558300,0.6276139841790115,0.2611111111111111,4170.85,4176.3,14.238159123455633,0.0013058351112528554,1,2025-10-27,False,0.8,1761564600,0.19999999999999996,0.18140731189698642
XRP,xrp-above-2pt8-on-october-28,2.8,1761667260,1761570900,0.7944907162573392,1.1152777777777778,2.6367,2.6401,3.4560263597850454,0.0012886599721483498,0,2025-10-28,False,0.04,1761571800,-0.04,-0.04445364283254456
XRP,xrp-above-2pt6-on-october-27,2.6,1761580860,1761573600,0.7459763215775203,0.08402777777777778,2.6267,2.667,23.57211239794851,0.01522593972339098,1,2025-10-27,False,0.78,1761574500,0.21999999999999997,-0.13890756252416125
ETH,ethereum-above-4000-on-october-28,4000.0,1761667260,1761592500,0.6424522008852841,0.8652777777777777,4216.35,4098.46,3.1713304248844882,-0.02835853147598209,1,2025-10-28,False,0.9410000000000001,1761596100,0.05899999999999994,0.14893427367482637
SOL,solana-above-200-on-october-29,200.0,1761753660,1761592500,0.6041631742760246,1.8652777777777778,201.54,196.5,9.12526745631974,-0.025325441542940367,0,2025-10-29,False,0.55,1761594300,-0.55,-0.3188985724712783
ETH,ethereum-above-4200-on-october-30,4200.0,1761840060,1761595200,0.6519124397781723,2.834027777777778,4193.96,3768.19,6.934852821565794,-0.10705061492852853,0,2025-10-30,False,0.46,1761596100,-0.46,0.2823802589874594
BTC,bitcoin-above-118k-on-october-30,118000.0,1761840060,1761595200,0.3990368190276729,2.834027777777778,114942.64,107623.65,8.472972895813808,-0.06579280220591364,0,2025-10-30,False,0.19,1761599700,-0.19,0.36746062983034516
ETH,ethereum-above-4100-on-october-28,4100.0,1761667260,1761606000,0.6184532850850435,0.7090277777777778,4122.82,4098.46,14.374050776110854,-0.005926101845669963,0,2025-10-28,False,0.5700000000000001,1761606900,-0.5700000000000001,-0.48481791116593576
ETH,ethereum-above-4200-on-october-28,4200.0,1761667260,1761611400,0.5807973158839329,0.6465277777777778,4127.26,4098.46,12.53099794498147,-0.00700245514858548,0,2025-10-28,False,0.2,1761618600,-0.2,-0.11225224892325045
ETH,ethereum-above-4100-on-october-29,4100.0,1761753660,1761620400,0.6469020630607139,1.542361111111111,4095.72,3947.73,9.47694099516959,-0.03680179585075194,0,2025-10-29,False,0.47000000000000003,1761630300,-0.47000000000000003,-0.12123155220614684
XRP,xrp-above-2pt7-on-october-28,2.7,1761667260,1761640200,0.735844394110415,0.31319444444444444,2.6458,2.6401,11.76922484139729,-0.0021566818174223166,0,2025-10-28,False,0.15000000000000002,1761650100,-0.15000000000000002,-0.12461752677940344
ETH,ethereum-above-4000-on-october-29,4000.0,1761753660,1761651900,0.6099886422992841,1.1777777777777778,4120.58,3947.73,8.092034250214208,-0.04285319997750835,0,2025-10-29,False,0.79,1761662700,-0.79,-0.44323043805072376
XRP,xrp-above-2pt8-on-october-29,2.8,1761753660,1761655500,0.745793964515763,1.136111111111111,2.6566,2.6259,4.202987705731945,-0.011623415291900916,0,2025-10-29,False,0.060000000000000005,1761662700,-0.060000000000000005,-0.011146928429523764
XRP,xrp-above-2pt6-on-october-28,2.6,1761667260,1761656400,0.7186001229162697,0.12569444444444444,2.6635,2.6401,5.890634306640778,-0.008824252146196452,1,2025-10-28,False,0.93,1761662700,0.06999999999999995,0.12198044242283329
BTC,bitcoin-above-114k-on-october-28,114000.0,1761667260,1761658200,0.32588049882611503,0.10486111111111111,115070.49,114562.03,17.337169232815775,-0.004428474076465351,1,2025-10-28,False,0.9,1761662700,0.09999999999999998,0.17677720450681733
SOL,solana-above-210-on-october-30,210.0,1761840060,1761665400,0.7296730373537649,2.0215277777777776,199.4,184.53,4.540768479623427,-0.07750080563935137,0,2025-10-30,False,0.12,1761679800,-0.12,0.23191321539258825
XRP,xrp-above-2pt5-on-october-29,2.5,1761753660,1761675300,0.7327626227506987,0.9069444444444446,2.6738,2.6259,2.0778887880378183,-0.01807698714252014,1,2025-10-29,False,0.9400000000000001,1761683400,0.05999999999999994,0.09756196890494634
ETH,ethereum-above-4000-on-october-31,4000.0,1761926460,1761680700,0.660929692749557,2.844444444444444,4062.32,3857.33,6.650111621543412,-0.0517790046913844,0,2025-10-31,False,0.59,1761681600,-0.59,-0.24566383914987372
SOL,solana-above-200-on-october-29,200.0,1761753660,1761681600,0.6994538407948688,0.8340277777777777,195.35,196.5,9.205397003010054,0.005869609808236258,0,2025-10-29,False,0.2,1761682500,-0.2,-0.2540320885375765
BTC,bitcoin-above-118k-on-november-1,118000.0,1762012860,1761687000,0.4365693064073725,3.771527777777778,112734.8,110254.09,5.175890735334791,-0.02225054662043433,0,2025-11-01,False,0.12,1761700500,-0.12,-0.004833601891159112
BTC,bitcoin-above-114k-on-november-4,114000.0,1762275660,1761692400,0.3987069938756218,6.750694444444444,113224.08,102100.01,7.271782167424489,-0.10341604088145959,0,2025-11-04,False,0.45,1761696900,-0.45,0.3020189219074398
BTC,bitcoin-above-114k-on-november-2,114000.0,1762102860,1761692400,0.40627333782343766,4.750694444444445,113224.08,110101.61,8.482920685828445,-0.027965197303612854,0,2025-11-02,False,0.44,1761698700,-0.44,-0.20277344930990868
BTC,bitcoin-above-114k-on-november-3,114000.0,1762189260,1761692400,0.4018409720904326,5.750694444444444,113224.08,106594.87,7.808001049847552,-0.06033347724890409,0,2025-11-03,False,0.44,1761696900,-0.44,0.031083853700396513
BTC,bitcoin-above-114k-on-november-1,114000.0,1762012860,1761693300,0.4140926297857059,3.698611111111111,113028.51,110254.09,9.328960479019177,-0.024852476630251603,0,2025-11-01,False,0.42,1761696900,-0.42,-0.1881522277106351
BTC,bitcoin-above-116k-on-november-3,116000.0,1762189260,1761695100,0.38911571905578546,5.719444444444444,112960.87,106594.87,6.964623575813784,-0.05800608881026919,0,2025-11-03,False,0.28,1761699600,-0.28,0.12399057366874888
ETH,ethereum-above-4000-on-october-29,4000.0,1761753660,1761745500,0.7172426395451533,0.09444444444444444,4002.77,3947.73,34.52737159001136,-0.013845891277559528,0,2025-10-29,False,0.44,1761747300,-0.44,0.03806223313519497
BTC,bitcoin-above-114k-on-october-31,114000.0,1761926460,1761745500,0.46391461751785984,2.0944444444444446,113017.11,110152.99,10.963576521760679,-0.025669005496828684,0,2025-10-31,False,0.38,1761748200,-0.38,-0.09857589399802325
XRP,xrp-above-2pt6-on-october-30,2.6,1761840060,1761750000,0.8441545833040204,1.042361111111111,2.6408,2.4499,8.395112908490068,-0.07503469415975014,0,2025-10-30,False,0.64,1761752700,-0.64,-0.010075270474877218
ETH,ethereum-above-3800-on-october-30,3800.0,1761840060,1761756300,0.8142126287623754,0.9694444444444444,3970.91,3768.19,5.608177454625254,-0.05240050750469389,0,2025-10-30,False,0.842,1761767100,-0.842,-0.5481286552012543
BTC,bitcoin-above-116k-on-october-31,116000.0,1761926460,1761759000,0.5136025774855304,1.9381944444444446,111195.87,110152.99,5.509716540899175,-0.009423023156513978,0,2025-10-31,False,0.08,1761763500,-0.08,-0.02808181344927898
ETH,ethereum-above-3900-on-november-1,3900.0,1762012860,1761760800,0.7016931483202814,2.917361111111111,4013.8,3890.9,5.804979797358626,-0.03109793018439278,0,2025-11-01,False,0.67,1761763500,-0.67,-0.48947714353993094
BTC,bitcoin-above-110k-on-november-2,110000.0,1762102860,1761760800,0.43784321717783803,3.9590277777777776,111883.49,110101.61,8.230316096924524,-0.01605439529215227,1,2025-11-02,False,0.65,1761763500,0.35,0.4821327479993901
ETH,ethereum-above-4200-on-november-4,4200.0,1762275660,1761760800,0.6621941870836522,5.959027777777778,4013.8,3419.74,3.9891214538466526,-0.16017389872966942,0,2025-11-04,False,0.25,1761763500,-0.25,0.3889531357687853
ETH,ethereum-above-3900-on-october-31,3900.0,1761926460,1761760800,0.7667502976303857,1.917361111111111,4013.8,3857.33,6.367404495328816,-0.039763189231896735,0,2025-10-31,False,0.6900000000000001,1761763500,-0.6900000000000001,-0.4368116901362104
ETH,ethereum-above-4300-on-november-2,4300.0,1762102860,1761760800,0.6698813059048535,3.9590277777777776,4013.8,3861.54,3.3915607589866656,-0.03867235588000388,0,2025-11-02,False,0.11,1761763500,-0.11,0.021159644660188395
BTC,bitcoin-above-110k-on-october-30,110000.0,1761840060,1761760800,0.5888947747290456,0.9173611111111111,111883.49,107623.65,11.549875664575792,-0.03881764286859013,0,2025-10-30,False,0.703,1761761700,-0.703,-0.2546610512758768
ETH,ethereum-above-3800-on-november-1,3800.0,1762012860,1761760800,0.7336912345043095,2.917361111111111,4013.8,3890.9,4.410466105368013,-0.03109793018439278,1,2025-11-01,False,0.8,1761763500,0.19999999999999996,0.33715636702536517
BTC,bitcoin-above-110k-on-november-1,110000.0,1762012860,1761760800,0.47504342980471764,2.917361111111111,111883.49,110254.09,8.744104922001128,-0.014670450839278154,1,2025-11-01,False,0.66,1761763500,0.33999999999999997,0.4682799613917077
BTC,bitcoin-above-108k-on-october-30,108000.0,1761840060,1761760800,0.6357736637813928,0.9173611111111111,111883.49,107623.65,6.892005097770424,-0.03881764286859013,0,2025-10-30,False,0.858,1761763500,-0.858,-0.5904686074662451
SOL,solana-above-210-on-october-30,210.0,1761840060,1761761700,1.0075759439840644,0.9069444444444446,195.62,184.53,2.8269791809170517,-0.05836194997396029,0,2025-10-30,False,0.03,1761776100,-0.03,0.13498801753410822
ETH,ethereum-above-4000-on-october-30,4000.0,1761840060,1761766200,0.7706267658761828,0.8548611111111112,3929.0,3768.19,9.445490170943858,-0.041790160505034826,0,2025-10-30,False,0.26,1761768900,-0.26,0.13472855029247266
BTC,bitcoin-above-114k-on-october-30,114000.0,1761840060,1761769800,0.5331570803065258,0.8131944444444444,111329.97,107623.65,10.053834187646986,-0.03385807515621702,0,2025-10-30,False,0.12,1761777900,-0.12,0.22040347353349576
BTC,bitcoin-above-118k-on-november-3,118000.0,1762189260,1761773400,0.39942055265623394,4.813194444444444,111545.71,106594.87,3.985587875891674,-0.045399075302104464,0,2025-11-03,False,0.08,1761779700,-0.08,0.1009420041007607
XRP,xrp-above-2pt7-on-october-30,2.7,1761840060,1761779700,0.8232971619412692,0.6986111111111111,2.5733,2.4499,4.438423082006937,-0.04914191451970784,0,2025-10-30,False,0.05,1761785100,-0.05,0.16811260769828312
ETH,ethereum-above-3900-on-october-30,3900.0,1761840060,1761784200,0.7440353749292514,0.6465277777777778,3914.08,3768.19,12.67718035183842,-0.037985528141848766,0,2025-10-30,False,0.53,1761797700,-0.53,-0.048450608985949495
ETH,ethereum-above-4200-on-november-2,4200.0,1762102860,1761786000,0.6400890029337649,3.667361111111111,3922.56,3861.54,3.405807041218514,-0.015678434232733275,0,2025-11-02,False,0.11,1761797700,-0.11,-0.056602278294875616
BTC,bitcoin-above-110k-on-november-3,110000.0,1762189260,1761790500,0.41591350703195323,4.615277777777777,110595.51,106594.87,8.494039372561712,-0.03684410477277367,0,2025-11-03,False,0.55,1761797700,-0.55,-0.23704472341327165
SOL,solana-above-210-on-november-3,210.0,1762189260,1761792300,0.771465129782699,4.594444444444445,197.14,168.2,3.41777665861469,-0.15876038869844522,0,2025-11-03,False,0.18000000000000002,1761797700,-0.18000000000000002,0.3626075508061414
SOL,solana-above-210-on-november-5,210.0,1762362060,1761792300,0.7608833608157322,6.594444444444445,197.14,161.28,3.118566986653369,-0.200772151354289,0,2025-11-05,False,0.22,1761800400,-0.22,0.40612140305285926
BTC,bitcoin-above-112k-on-october-31,112000.0,1761926460,1761792300,0.49428881230160254,1.5527777777777778,110973.46,110152.99,11.823671773260767,-0.007420855942007662,0,2025-10-31,False,0.37,1761795000,-0.37,-0.28225823506504955
XRP,xrp-above-2pt4-on-october-31,2.4,1761926460,1761792300,0.7820871424837363,1.5527777777777778,2.5858,2.5253,2.7880726723318787,-0.023675070287377042,1,2025-10-31,False,0.9,1761797700,0.09999999999999998,0.16600781648377233
BTC,bitcoin-above-112k-on-november-2,112000.0,1762102860,1761793200,0.401972149611024,3.584027777777778,110985.92,110101.61,9.711609829879853,-0.007999679728090922,0,2025-11-02,False,0.4,1761797700,-0.4,-0.32231023171678164
BTC,bitcoin-above-114k-on-november-1,114000.0,1762012860,1761793200,0.4240941650976187,2.542361111111111,110985.92,110254.09,8.349081985329974,-0.006615735275216804,0,2025-11-01,False,0.2,1761797700,-0.2,-0.14476468379397534
BTC,bitcoin-above-112k-on-november-1,112000.0,1762012860,1761793200,0.4364217275613684,2.542361111111111,110985.92,110254.09,10.566797020413222,-0.006615735275216804,0,2025-11-01,False,0.39,1761797700,-0.39,-0.3200928682059964
BTC,bitcoin-above-112k-on-november-3,112000.0,1762189260,1761793200,0.40143101365317446,4.584027777777778,110985.92,106594.87,8.646904965871979,-0.04036795967338216,0,2025-11-03,False,0.41000000000000003,1761797700,-0.41000000000000003,-0.060942089038112046
BTC,bitcoin-above-112k-on-november-4,112000.0,1762275660,1761796800,0.3955874997634726,5.542361111111111,110751.47,102100.01,7.923540296543043,-0.08133585886104726,0,2025-11-04,False,0.4,1761797700,-0.4,0.24446795523944542
BTC,bitcoin-above-112k-on-november-5,112000.0,1762362060,1761796800,0.39432525580605315,6.542361111111111,110751.47,103786.15,7.344428922814092,-0.0649561498180447,0,2025-11-05,False,0.41000000000000003,1761797700,-0.41000000000000003,0.06706582543829287
SOL,solana-above-200-on-november-1,200.0,1762012860,1761797700,0.7779809542903249,2.4902777777777776,194.16,186.31,5.496966663511992,-0.04127060838608351,0,2025-11-01,False,0.27,1761798600,-0.27,-0.04313684151884051
ETH,ethereum-above-4000-on-november-1,4000.0,1762012860,1761803100,0.6689847929455697,2.4277777777777776,3915.07,3890.9,6.692926884603642,-0.006192715893783607,0,2025-11-01,False,0.32,1761817500,-0.32,-0.2785526053057834
SOL,solana-above-190-on-october-30,190.0,1761840060,1761803100,0.8111891820498682,0.4277777777777778,194.94,184.53,9.491833609952147,-0.05487976702067727,0,2025-10-30,False,0.8,1761805800,-0.8,-0.2790903828867921
ETH,ethereum-above-4100-on-november-2,4100.0,1762102860,1761803100,0.6328371735501389,3.469444444444444,3915.07,3861.54,4.774129401979143,-0.013767141589394604,0,2025-11-02,False,0.2,1761817500,-0.2,-0.13427388455686134
SOL,solana-above-180-on-november-1,180.0,1762012860,1761819300,0.6692375161956692,2.2402777777777776,191.37,186.31,3.9638209430490705,-0.026796773889711203,1,2025-11-01,False,0.836,1761827400,0.16400000000000003,0.2702176135501878
SOL,solana-above-190-on-october-31,190.0,1761926460,1761826500,0.8022389863329584,1.1569444444444443,191.47,187.82,8.736481584038012,-0.019247081008646298,0,2025-10-31,False,0.54,1761827400,-0.54,-0.3718482312214739
BTC,bitcoin-above-104k-on-october-31,104000.0,1761926460,1761828300,0.6358362689327908,1.136111111111111,108500.27,110152.99,5.62953008229609,0.015117556225800083,1,2025-10-31,False,0.887,1761829200,0.11299999999999999,0.02789526245605589
BTC,bitcoin-above-104k-on-november-3,104000.0,1762189260,1761828300,0.4891629908103897,4.177777777777778,108500.27,106594.87,5.609196792133869,-0.017717274710317255,1,2025-11-03,False,0.825,1761831900,0.17500000000000004,0.2743796804704661
BTC,bitcoin-above-104k-on-november-1,104000.0,1762012860,1761829200,0.5670306886871365,2.1256944444444446,108387.86,110254.09,5.963853112114395,0.01707152103055096,1,2025-11-01,False,0.848,1761831900,0.15200000000000002,0.050187956173422324
ETH,ethereum-above-3700-on-october-31,3700.0,1761926460,1761829200,0.7664858491239984,1.1256944444444443,3818.28,3857.33,7.242828412367404,0.010175174850443502,1,2025-10-31,False,0.754,1761831900,0.246,0.17230295449240154
SOL,solana-above-200-on-november-2,200.0,1762102860,1761829200,0.7836537145560986,3.1673611111111115,187.85,184.12,3.6612499892984394,-0.020056053070937205,0,2025-11-02,False,0.14,1761840000,-0.14,-0.06656977590866224
ETH,ethereum-above-3700-on-november-1,3700.0,1762012860,1761831000,0.7058144246817825,2.104861111111111,3820.23,3890.9,6.327748194558679,0.018329863108000048,1,2025-11-01,False,0.725,1761831900,0.275,0.15901324181184498
ETH,ethereum-above-3800-on-october-31,3800.0,1761926460,1761833700,0.7386916592086215,1.073611111111111,3794.62,3857.33,9.942679656451382,0.01639096020877998,1,2025-10-31,False,0.47000000000000003,1761839100,0.53,0.36702993338245926
XRP,xrp-above-2pt3-on-november-1,2.3,1762012860,1761834600,0.8435259978086719,2.0631944444444446,2.4673,2.5003,3.528074069430132,0.013286289332335128,1,2025-11-01,False,0.864,1761845400,0.136,0.08912498712764226
ETH,ethereum-above-3900-on-november-3,3900.0,1762189260,1761835500,0.6035921358267742,4.094444444444444,3797.35,3615.15,5.641567981166198,-0.049170106511003474,0,2025-11-03,False,0.31,1761839100,-0.31,-0.032603501476991203
SOL,solana-above-170-on-october-31,170.0,1761926460,1761835500,0.9340188992705111,1.0527777777777778,187.45,187.82,1.2521218095231448,0.001971914194546482,1,2025-10-31,False,0.9470000000000001,1761846300,0.052999999999999936,0.05053092323050002
XRP,xrp-above-2pt4-on-november-1,2.4,1762012860,1761837300,0.7546302208359019,2.0319444444444446,2.469,2.5003,6.328760752114669,0.012597514311688632,1,2025-11-01,False,0.68,1761839100,0.31999999999999995,0.2402733458499821
ETH,ethereum-above-3600-on-november-1,3600.0,1762012860,1761845400,0.6874803990733086,1.9381944444444446,3741.87,3890.9,6.026901377797271,0.03905500686996128,1,2025-11-01,False,0.785,1761853500,0.21499999999999997,-0.02038067471445157
BTC,bitcoin-above-108k-on-october-31,108000.0,1761926460,1761886800,0.524507935726782,0.45902777777777776,110084.02,110152.99,12.771642911525497,0.0006263252688968388,1,2025-10-31,False,0.84,1761898500,0.16000000000000003,0.15200079731918442
BTC,bitcoin-above-112k-on-november-1,112000.0,1762012860,1761886800,0.4106789912773059,1.4590277777777778,110084.02,110254.09,12.213530222545158,0.0015437187309451294,0,2025-11-01,False,0.2,1761887700,-0.2,-0.2188542553755074
BTC,bitcoin-above-114k-on-november-3,114000.0,1762189260,1761890400,0.37340131135671467,3.459027777777778,109899.15,106594.87,6.483494904548624,-0.030527740329389572,0,2025-11-03,False,0.12,1761898500,-0.12,0.07792644887298084
BTC,bitcoin-above-110k-on-october-31,110000.0,1761926460,1761912000,0.419689076307175,0.16736111111111113,110415.61,110152.99,40.72667086621598,-0.0023813010927299146,1,2025-10-31,False,0.61,1761913800,0.39,0.4869824658369717
BTC,bitcoin-above-110k-on-november-3,110000.0,1762189260,1761912000,0.352656973100965,3.2090277777777776,110415.61,106594.87,12.00749684305334,-0.035216132028847075,0,2025-11-03,False,0.54,1761914700,-0.54,-0.11714240583906915
XRP,xrp-above-2pt6-on-november-2,2.6,1762102860,1761915600,0.7179695547843018,2.167361111111111,2.505,2.503,5.64213507139498,-0.0007987220871908689,0,2025-11-02,False,0.2,1761930000,-0.2,-0.19549350209956262
BTC,bitcoin-above-112k-on-november-4,112000.0,1762275660,1761919200,0.3603504438309982,4.125694444444445,110157.54,102100.01,9.401469727809065,-0.07595869990256332,0,2025-11-04,False,0.31,1761921000,-0.31,0.4041234176976824
SOL,solana-above-200-on-november-2,200.0,1762102860,1761919200,0.6203798761277951,2.1256944444444446,188.35,184.12,3.6605778057065006,-0.022714215189009297,0,2025-11-02,False,0.06999999999999999,1761930000,-0.06999999999999999,0.013147151994928927
SOL,solana-above-180-on-november-1,180.0,1762012860,1761921900,0.612801382763069,1.0527777777777778,188.08,186.31,5.087352931504248,-0.009455451199551658,1,2025-11-01,False,0.878,1761930000,0.122,0.1701032173787345
BTC,bitcoin-above-114k-on-november-4,114000.0,1762275660,1761927300,0.3476608156736542,4.031944444444444,110097.84,102100.01,6.811120737583465,-0.07541660189377011,0,2025-11-04,False,0.14,1761930000,-0.14,0.37367158111673404
XRP,xrp-above-2pt6-on-november-1,2.6,1762012860,1761928200,0.7199235792665772,0.9798611111111112,2.5225,2.5003,7.579262463924144,-0.008839748570895815,0,2025-11-01,False,0.15000000000000002,1761930000,-0.15000000000000002,-0.08300122546608228
SOL,solana-above-190-on-november-1,190.0,1762012860,1761953400,0.6551422458036222,0.6881944444444444,187.74,186.31,12.758576252004783,-0.007646073876583392,0,2025-11-01,False,0.26,1761955200,-0.26,-0.162446983417149
SOL,solana-above-190-on-november-3,190.0,1762189260,1761957000,0.6612097505812279,2.688194444444444,186.62,168.2,6.6250092866603865,-0.10392071626702831,0,2025-11-03,False,0.34,1762133400,-0.34,0.3484757103454616
SOL,solana-above-200-on-november-4,200.0,1762275660,1761960600,0.6684987368093493,3.6465277777777776,187.09,157.61,3.5052948749275044,-0.17146615730987755,0,2025-11-04,False,0.12,1762133400,-0.12,0.48103944244182706
BTC,bitcoin-above-112k-on-november-3,112000.0,1762189260,1761987600,0.28003493824191594,2.3340277777777776,110248.88,106594.87,13.797733306711867,-0.03370496879883302,0,2025-11-03,False,0.21000000000000002,1761992100,-0.21000000000000002,0.25505217059734264
ETH,ethereum-above-3800-on-november-5,3800.0,1762362060,1762012800,0.5747066216419674,4.042361111111111,3895.15,3426.75,6.139825703356785,-0.1281198993632569,0,2025-11-05,False,0.65,1762020000,-0.65,0.13663385122200933
ETH,ethereum-above-3900-on-november-3,3900.0,1762189260,1762027200,0.47620857534097444,1.8756944444444446,3879.99,3615.15,11.523051469883493,-0.07069922778645434,0,2025-11-03,False,0.43,1762034400,-0.43,0.3846708406643305
ETH,ethereum-above-3900-on-november-2,3900.0,1762102860,1762076700,0.4932850510777118,0.30277777777777776,3876.99,3861.54,25.67025885600973,-0.0039930117291211535,0,2025-11-02,False,0.28,1762078500,-0.28,-0.177498355298377
ETH,ethereum-above-3800-on-november-3,3800.0,1762189260,1762078500,0.5344632366081546,1.2819444444444443,3867.75,3615.15,10.874093880604054,-0.06753959409122222,0,2025-11-03,False,0.7,1762079400,-0.7,0.034431886805841305
ETH,ethereum-above-3900-on-november-4,3900.0,1762275660,1762125300,0.6179420204322347,1.7402777777777776,3880.83,3419.74,9.26263876722213,-0.12648452349108755,0,2025-11-04,False,0.44,1762131600,-0.44,0.7315804507421657
ETH,ethereum-above-4000-on-november-6,4000.0,1762448460,1762127100,0.6439922725232747,3.7194444444444446,3901.08,3283.29,5.624074665348187,-0.17240746941715518,0,2025-11-06,False,0.33,1762131600,-0.33,0.6396324808658147
BTC,bitcoin-above-116k-on-november-5,116000.0,1762362060,1762129800,0.45895360716174044,2.688194444444444,110332.57,103786.15,4.399309618689221,-0.061166636099207326,0,2025-11-05,False,0.06999999999999999,1762137000,-0.06999999999999999,0.19909097053410613
BTC,bitcoin-above-110k-on-november-5,110000.0,1762362060,1762137000,0.4311406883169485,2.604861111111111,109249.74,103786.15,10.723088980859092,-0.051303921953356924,0,2025-11-05,False,0.4,1762139700,-0.4,0.15013652017289647
BTC,bitcoin-above-112k-on-november-5,112000.0,1762362060,1762137000,0.4307406089321496,2.604861111111111,109249.74,103786.15,8.57246632109421,-0.051303921953356924,0,2025-11-05,False,0.21000000000000002,1762139700,-0.21000000000000002,0.22980114308519806
ETH,ethereum-above-3800-on-november-4,3800.0,1762275660,1762137900,0.652106794271331,1.5944444444444443,3794.87,3419.74,9.243268217952757,-0.10408562986860748,0,2025-11-04,False,0.48,1762139700,-0.48,0.48209139451009364
ETH,ethereum-above-3800-on-november-5,3800.0,1762362060,1762140600,0.6704829307230153,2.5631944444444446,3752.27,3426.75,6.876573093545287,-0.09074870004598065,0,2025-11-05,False,0.39,1762143300,-0.39,0.23404006901040242
ETH,ethereum-above-3800-on-november-6,3800.0,1762448460,1762140600,0.6553658712291586,3.5631944444444446,3752.27,3283.29,6.003521677538729,-0.13351502171608348,0,2025-11-06,False,0.4,1762150500,-0.4,0.40156032714956136
ETH,ethereum-above-3700-on-november-6,3700.0,1762448460,1762140600,0.6715163149276326,3.5631944444444446,3752.27,3283.29,5.918070198293025,-0.13351502171608348,0,2025-11-06,False,0.5700000000000001,1762150500,-0.5700000000000001,0.22015127104239962
ETH,ethereum-above-3700-on-november-5,3700.0,1762362060,1762140600,0.6906412218348877,2.5631944444444446,3752.27,3426.75,6.737831542775904,-0.09074870004598065,0,2025-11-05,False,0.59,1762143300,-0.59,0.021449453635717597
ETH,ethereum-above-3700-on-november-4,3700.0,1762275660,1762140600,0.706613717364995,1.5631944444444446,3752.27,3419.74,8.294963880879756,-0.09279646538255773,0,2025-11-04,False,0.61,1762143300,-0.61,0.159743328621625
SOL,solana-above-170-on-november-4,170.0,1762275660,1762161300,0.743869499661897,1.323611111111111,176.57,157.61,6.341702261018555,-0.11359377112725709,0,2025-11-04,False,0.797,1762164000,-0.797,-0.07662212480464947
BTC,bitcoin-above-108k-on-november-3,108000.0,1762189260,1762165800,0.4208808113609355,0.27152777777777776,107592.09,106594.87,32.852268235634,-0.009311745267954231,0,2025-11-03,False,0.34,1762166700,-0.34,-0.03408804671527199
XRP,xrp-above-2pt5-on-november-4,2.5,1762275660,1762188300,0.7990918360315027,1.011111111111111,2.3696,2.2345,4.102506299581386,-0.05870367514002814,0,2025-11-04,False,0.08,1762195500,-0.08,0.16083219707054464
BTC,bitcoin-above-108k-on-november-6,108000.0,1762448460,1762192800,0.4515374339365568,2.959027777777778,107481.19,100984.32,9.718663801012127,-0.062350598248952324,0,2025-11-06,False,0.44,1762195500,-0.44,0.16596450217354303
ETH,ethereum-above-3900-on-november-6,3900.0,1762448460,1762192800,0.7070528527035725,2.959027777777778,3666.84,3283.29,3.8002258902874697,-0.11048428728096278,0,2025-11-06,False,0.14,1762196400,-0.14,0.2798652489950733
BTC,bitcoin-above-108k-on-november-4,108000.0,1762275660,1762194600,0.4338158108532861,0.9381944444444443,107262.24,102100.01,17.218637289581597,-0.04932385405658219,0,2025-11-04,False,0.36,1762195500,-0.36,0.48928955272454666
BTC,bitcoin-above-108k-on-november-5,108000.0,1762362060,1762200900,0.4326794498614097,1.8652777777777778,106723.74,103786.15,11.907228856819858,-0.02791109437395344,0,2025-11-05,False,0.34,1762204500,-0.34,-0.007656211645039268
BTC,bitcoin-above-106k-on-november-5,106000.0,1762362060,1762207200,0.4595336324585882,1.792361111111111,106888.71,103786.15,12.027795012504287,-0.02945566757460254,0,2025-11-05,False,0.62,1762208100,-0.62,-0.2657132684562113
BTC,bitcoin-above-110k-on-november-6,110000.0,1762448460,1762221600,0.4542995363630326,2.6256944444444446,107040.01,100984.32,7.948078025373551,-0.05823743253857069,0,2025-11-06,False,0.2,1762225200,-0.2,0.2628756578139883
ETH,ethereum-above-3700-on-november-5,3700.0,1762362060,1762227000,0.6985470477980578,1.5631944444444446,3646.19,3426.75,8.227329494072267,-0.06207049667279554,0,2025-11-05,False,0.36,1762231500,-0.36,0.15067442798780528
ETH,ethereum-above-3700-on-november-4,3700.0,1762275660,1762227900,0.6747864459067437,0.5527777777777778,3649.37,3419.74,13.146370717338334,-0.06499002516433063,0,2025-11-04,False,0.27,1762230600,-0.27,0.5843829637394375
ETH,ethereum-above-3400-on-november-6,3400.0,1762448460,1762234200,0.7961985240135013,2.479861111111111,3562.45,3283.29,4.829424131072834,-0.08160254194930604,0,2025-11-06,False,0.764,1762235100,-0.764,-0.36990671475313824
SOL,solana-above-150-on-november-4,150.0,1762275660,1762235100,0.9236782372244873,0.4694444444444444,159.37,157.61,2.3296152722688332,-0.011104915684092533,1,2025-11-04,False,0.927,1762236000,0.07299999999999995,0.09887018117491961
SOL,solana-above-160-on-november-5,160.0,1762362060,1762254900,0.973267337487404,1.2402777777777778,161.29,161.28,6.98688535273033,-6.200204608728483e-05,1,2025-11-05,False,0.542,1762266600,0.45799999999999996,0.4584332011876465
SOL,solana-above-160-on-november-6,160.0,1762448460,1762256700,0.9295172963987793,2.2194444444444446,161.94,155.87,5.457643305209576,-0.03820356975700861,0,2025-11-06,False,0.547,1762257600,-0.547,-0.33849854328055495
ETH,ethereum-above-3500-on-november-7,3500.0,1762534860,1762257600,0.7480199143187101,3.2090277777777776,3529.52,3303.95,5.667604329034476,-0.06604316199002754,0,2025-11-07,False,0.54,1762260300,-0.54,-0.16569348920219484
SOL,solana-above-160-on-november-4,160.0,1762275660,1762268400,0.9878602376259792,0.08402777777777778,164.39,157.61,5.282509828945918,-0.042118026333969244,0,2025-11-04,False,0.912,1762272000,-0.912,-0.6895111119150045
BTC,bitcoin-above-104k-on-november-4,104000.0,1762275660,1762270200,0.5343000215844035,0.06319444444444444,104466.01,102100.01,46.460391509551386,-0.02290893222362865,0,2025-11-04,False,0.707,1762271100,-0.707,0.35735796017556465
BTC,bitcoin-above-108k-on-november-7,108000.0,1762534860,1762270200,0.49704298382315515,3.0631944444444446,104466.01,101048.5,6.596498863609401,-0.03326115573454791,0,2025-11-07,False,0.18000000000000002,1762272900,-0.18000000000000002,0.03940717600528057
SOL,solana-above-170-on-november-5,170.0,1762362060,1762271100,0.8494624032309145,1.0527777777777778,163.3,161.28,5.810506333888443,-0.012447015093415665,0,2025-11-05,False,0.17,1762272000,-0.17,-0.09767653996170324
ETH,ethereum-above-3400-on-november-7,3400.0,1762534860,1762275600,0.7654873592268896,3.000694444444444,3429.62,3303.95,5.724507305127761,-0.03733074549617368,0,2025-11-07,False,0.538,1762276500,-0.538,-0.3242998747012885
SOL,solana-above-150-on-november-5,150.0,1762362060,1762275600,0.9602102633886499,1.0006944444444446,158.2,161.28,4.651625008680858,0.019281929549450284,1,2025-11-05,False,0.823,1762276500,0.17700000000000005,0.08730769429215468
SOL,solana-above-140-on-november-6,140.0,1762448460,1762276500,1.0724128480354695,1.9902777777777778,154.71,155.87,2.38753561894696,0.007469929769982296,1,2025-11-06,False,0.869,1762290900,0.131,0.113165276603135
BTC,bitcoin-above-104k-on-november-7,104000.0,1762534860,1762281900,0.5451536198649728,2.9277777777777776,101266.0,101048.5,6.945566916451923,-0.0021501185905315493,0,2025-11-07,False,0.25,1762287300,-0.25,-0.23506620745115583
BTC,bitcoin-above-98k-on-november-6,98000.0,1762448460,1762281900,0.6311017792898668,1.9277777777777778,101266.0,100984.32,6.846859555936953,-0.0027854609290575354,1,2025-11-06,False,0.776,1762286400,0.22399999999999998,0.24307165977980658
BTC,bitcoin-above-102k-on-november-6,102000.0,1762448460,1762281900,0.5734745066343394,1.9277777777777778,101266.0,100984.32,9.393571206610247,-0.0027854609290575354,0,2025-11-06,False,0.40800000000000003,1762285500,-0.40800000000000003,-0.38183457441966734
BTC,bitcoin-above-100k-on-november-6,100000.0,1762448460,1762281900,0.5939125832372601,1.9277777777777778,101266.0,100984.32,8.912272114633579,-0.0027854609290575354,1,2025-11-06,False,0.611,1762286400,0.389,0.4138247857644408
BTC,bitcoin-above-106k-on-november-7,106000.0,1762534860,1762283700,0.5441878062592752,2.9069444444444446,101406.03,101048.5,5.297886743678874,-0.003531957241696387,0,2025-11-07,False,0.14,1762286400,-0.14,-0.12128809054997612
XRP,xrp-above-2pt2-on-november-6,2.2,1762448460,1762285500,0.8812758041336487,1.8861111111111113,2.1833,2.2326,6.225108334029086,0.02232933191156108,1,2025-11-06,False,0.43,1762287300,0.5700000000000001,0.43099748982403957
SOL,solana-above-140-on-november-7,140.0,1762534860,1762288200,1.003282031631832,2.8548611111111115,152.74,157.01,2.898061901967393,0.02757236812719214,1,2025-11-07,False,0.797,1762291800,0.20299999999999996,0.12309357038356439
XRP,xrp-above-2pt1-on-november-6,2.1,1762448460,1762294500,0.9800451662131782,1.7819444444444446,2.1824,2.2326,5.06837619556632,0.02274163693148902,1,2025-11-06,False,0.6970000000000001,1762305300,0.30299999999999994,0.1877368287282291
XRP,xrp-above-2pt2-on-november-5,2.2,1762362060,1762297200,0.9547228087942343,0.7506944444444446,2.2186,2.2792,9.077449560451674,0.026948137879139335,1,2025-11-05,False,0.534,1762301700,0.46599999999999997,0.2213796376540155
BTC,bitcoin-above-102k-on-november-10,102000.0,1762794060,1762297200,0.5053876260623259,5.750694444444444,101295.71,105277.61,6.226703748562114,0.038556705050729986,1,2025-11-10,False,0.44,1762303500,0.56,0.3199188201284159
BTC,bitcoin-above-104k-on-november-8,104000.0,1762621260,1762297200,0.5232554098966702,3.7506944444444446,101295.71,101861.87,6.559000970700949,0.005573618918444191,0,2025-11-08,False,0.27,1762303500,-0.27,-0.30655737189639265
BTC,bitcoin-above-100k-on-november-7,100000.0,1762534860,1762297200,0.5832300372173987,2.7506944444444446,101295.71,101048.5,7.675604035405685,-0.0024434612979272437,1,2025-11-07,False,0.597,1762303500,0.403,0.421755041398728
SOL,solana-above-150-on-november-7,150.0,1762534860,1762299900,1.1308502045786997,2.7194444444444446,155.4,157.01,3.8910482167280143,0.010307059653883193,1,2025-11-07,False,0.62,1762303500,0.38,0.33989473391404856
ETH,ethereum-above-3500-on-november-6,3500.0,1762448460,1762300800,0.9760055268700184,1.7090277777777778,3287.05,3283.29,3.7198026306223824,-0.0011445375461410989,0,2025-11-06,False,0.13,1762302600,-0.13,-0.12574254622501826
BTC,bitcoin-above-104k-on-november-6,104000.0,1762448460,1762300800,0.5856389564010422,1.7090277777777778,101497.22,100984.32,8.174067732885543,-0.005066151679827849,0,2025-11-06,False,0.24000000000000002,1762301700,-0.24000000000000002,-0.1985889330240153
ETH,ethereum-above-3600-on-november-7,3600.0,1762534860,1762300800,0.9449447277059909,2.7090277777777776,3287.05,3303.95,2.506914977533833,0.005128216366919308,0,2025-11-07,False,0.074,1762305300,-0.074,-0.08685600241826415
SOL,solana-above-160-on-november-7,160.0,1762534860,1762317900,1.0854528510997756,2.511111111111111,157.63,157.01,4.333770394849991,-0.003941017051020797,0,2025-11-07,False,0.406,1762327800,-0.406,-0.38892053697868706
ETH,ethereum-above-3400-on-november-6,3400.0,1762448460,1762328700,0.885891453867852,1.386111111111111,3334.93,3283.29,6.795363682604554,-0.015605721182806174,0,2025-11-06,False,0.34,1762330500,-0.34,-0.23395344903350634
BTC,bitcoin-above-106k-on-november-8,106000.0,1762621260,1762329600,0.4990156804339122,3.3756944444444446,101993.02,101861.87,5.905514214074538,-0.0012866997509286238,0,2025-11-08,False,0.17,1762331400,-0.17,-0.16240137633164486
ETH,ethereum-above-3700-on-november-11,3700.0,1762880460,1762329600,0.771718379335149,6.375694444444444,3331.08,3486.24,2.181062128653458,0.045527215808918886,0,2025-11-11,False,0.11,1762340400,-0.11,-0.209297686223866
BTC,bitcoin-above-106k-on-november-6,106000.0,1762448460,1762329600,0.5632882344274627,1.3756944444444446,101993.02,100984.32,6.081381516920923,-0.009939122305826217,0,2025-11-06,False,0.09,1762339500,-0.09,-0.029556405314931977
ETH,ethereum-above-3300-on-november-6,3300.0,1762448460,1762329600,0.9019390325464655,1.3756944444444446,3331.08,3283.29,7.132864858914424,-0.014450607275661168,0,2025-11-06,False,0.551,1762331400,-0.551,-0.4479257711734634
BTC,bitcoin-above-102k-on-november-7,102000.0,1762534860,1762329600,0.5507209456682882,2.3756944444444446,101993.02,101048.5,8.976500754160577,-0.0093037799673002,0,2025-11-07,False,0.47100000000000003,1762331400,-0.47100000000000003,-0.3874846121069857
XRP,xrp-above-2pt3-on-november-5,2.3,1762362060,1762358400,0.7838375947735295,0.04236111111111111,2.2764,2.2792,22.292467744269068,0.001229256454729468,0,2025-11-05,False,0.060000000000000005,1762359300,-0.060000000000000005,-0.08740315986649122
ETH,ethereum-above-3400-on-november-7,3400.0,1762534860,1762362000,0.7527449352178237,2.000694444444444,3437.93,3303.95,7.054295036422409,-0.039750823706254,0,2025-11-07,False,0.562,1762362900,-0.562,-0.2815859616352703
ETH,ethereum-above-3600-on-november-10,3600.0,1762794060,1762371900,0.6773465033097765,4.886111111111111,3467.52,3530.82,4.452304623374334,0.018090497552068215,0,2025-11-10,False,0.28,1762376400,-0.28,-0.3605444058902154
SOL,solana-above-170-on-november-6,170.0,1762448460,1762371900,0.8490350475122502,0.8861111111111111,163.21,155.87,5.811481171511093,-0.046015388661644854,0,2025-11-06,False,0.13,1762377300,-0.13,0.13741756480691408
ETH,ethereum-above-3600-on-november-6,3600.0,1762448460,1762373700,0.6579598931097518,0.8652777777777777,3479.31,3283.29,6.94677879865084,-0.057988029805805925,0,2025-11-06,False,0.106,1762376400,-0.106,0.2968300160305056
ETH,ethereum-above-3700-on-november-8,3700.0,1762621260,1762373700,0.6655551448541089,2.8652777777777776,3479.31,3368.0,3.8068387362730323,-0.03251490188497624,0,2025-11-08,False,0.11199999999999999,1762377300,-0.11199999999999999,0.011778988001844584
ETH,ethereum-above-3700-on-november-10,3700.0,1762794060,1762376400,0.6609725234561019,4.834027777777778,3450.98,3530.82,3.327260056831441,0.022871889909096048,0,2025-11-10,False,0.14,1762384500,-0.14,-0.21610072571878142
BTC,bitcoin-above-104k-on-november-7,104000.0,1762534860,1762376400,0.42784192001658317,1.8340277777777778,103831.22,101048.5,13.12335197224149,-0.027166096619365615,0,2025-11-07,False,0.46,1762380900,-0.46,-0.10348975235214541
BTC,bitcoin-above-106k-on-november-7,106000.0,1762534860,1762379100,0.42948888281045594,1.8027777777777778,103622.5,101048.5,9.851655641931151,-0.025153888109194722,0,2025-11-07,False,0.2,1762380900,-0.2,0.04780744370745307
BTC,bitcoin-above-108k-on-november-7,108000.0,1762534860,1762386300,0.4398614459407497,1.7194444444444446,104090.71,101048.5,6.153829871062892,-0.029662130921496242,0,2025-11-07,False,0.08,1762391700,-0.08,0.10253570730408183
BTC,bitcoin-above-104k-on-november-8,104000.0,1762621260,1762394400,0.4054470761720404,2.6256944444444446,103365.65,101861.87,11.382402212623788,-0.0146550220337405,0,2025-11-08,False,0.43,1762395300,-0.43,-0.26319064477710175
BTC,bitcoin-above-108k-on-november-10,108000.0,1762794060,1762401600,0.390484303149528,4.542361111111111,103636.03,105277.61,5.7288914109489735,0.015715716664803002,0,2025-11-10,False,0.14,1762415100,-0.14,-0.23003363421789758
SOL,solana-above-160-on-november-7,160.0,1762534860,1762425000,0.8468348983339631,1.2715277777777778,159.07,157.01,7.9020461085491585,-0.013034859322838875,0,2025-11-07,False,0.433,1762432200,-0.433,-0.32999794061247534
ETH,ethereum-above-3300-on-november-6,3300.0,1762448460,1762428600,0.730675011721966,0.2298611111111111,3404.3,3283.29,5.235830228439261,-0.036193369978385646,0,2025-11-06,False,0.924,1762433100,-0.924,-0.7344976593980824
BTC,bitcoin-above-106k-on-november-8,106000.0,1762621260,1762435800,0.38655408919624745,2.146527777777778,103496.81,101861.87,9.607474006003692,-0.01592311115514021,0,2025-11-08,False,0.18000000000000002,1762438500,-0.18000000000000002,-0.027019123482283053
XRP,xrp-above-2pt2-on-november-7,2.2,1762534860,1762438500,0.7176565840999771,1.1152777777777778,2.2906,2.2637,6.115030322904682,-0.011813149254535707,1,2025-11-07,False,0.8,1762441200,0.19999999999999996,0.27223776590048465
ETH,ethereum-above-3400-on-november-8,3400.0,1762621260,1762439400,0.679029926800307,2.104861111111111,3361.98,3368.0,7.5100392596643,0.0017890102513269466,0,2025-11-08,False,0.39,1762441200,-0.39,-0.4034355372234073
ETH,ethereum-above-3400-on-november-10,3400.0,1762794060,1762441200,0.6193143151952518,4.084027777777778,3329.01,3530.82,5.718185796870078,0.05885517609309913,1,2025-11-10,False,0.35000000000000003,1762445700,0.6499999999999999,0.31345516799215306
BTC,bitcoin-above-98k-on-november-10,98000.0,1762794060,1762441200,0.4458678179558011,4.084027777777778,102125.0,105277.61,5.8910041935715425,0.030403212771378956,1,2025-11-10,False,0.83,1762447500,0.17000000000000004,-0.009105453934241281
BTC,bitcoin-above-98k-on-november-11,98000.0,1762880460,1762441200,0.44830601572902534,5.084027777777777,102125.0,103422.45,5.679595305766172,0.01262450331585709,1,2025-11-11,False,0.8,1762447500,0.19999999999999996,0.12829793022962854
BTC,bitcoin-above-100k-on-november-7,100000.0,1762534860,1762441200,0.5009356055911779,1.0840277777777778,102125.0,101048.5,10.976180149601364,-0.010596953577278296,1,2025-11-07,False,0.781,1762445700,0.21899999999999997,0.33531407150116915
ETH,ethereum-above-3300-on-november-10,3300.0,1762794060,1762441200,0.6362833567681261,4.084027777777778,3329.01,3530.82,5.899892480723454,0.05885517609309913,1,2025-11-10,False,0.54,1762443900,0.45999999999999996,0.11276078911666959
BTC,bitcoin-above-102k-on-november-10,102000.0,1762794060,1762443000,0.3927147020987569,4.063194444444444,102438.02,105277.61,9.595339812801171,0.02734283319436578,1,2025-11-10,False,0.55,1762443900,0.44999999999999996,0.18763622405532054
BTC,bitcoin-above-96k-on-november-10,96000.0,1762794060,1762444800,0.5038233135445211,4.042361111111111,102014.48,105277.61,4.020499769528953,0.03148600195843977,1,2025-11-10,False,0.901,1762447500,0.09899999999999998,-0.02758946361729528
BTC,bitcoin-above-102k-on-november-8,102000.0,1762621260,1762450200,0.46702209298667413,1.979861111111111,101432.12,101861.87,11.413113144210168,0.004227873535712494,0,2025-11-08,False,0.42,1762461000,-0.42,-0.46825319902249857
BTC,bitcoin-above-102k-on-november-7,102000.0,1762534860,1762450200,0.5268731981927345,0.9798611111111112,101432.12,101048.5,14.270290410412118,-0.0037892066806591955,0,2025-11-07,False,0.403,1762460100,-0.403,-0.34892692024191957
BTC,bitcoin-above-100k-on-november-8,100000.0,1762621260,1762450200,0.4942577702387074,1.979861111111111,101432.12,101861.87,10.22508360623319,0.004227873535712494,1,2025-11-08,False,0.66,1762461000,0.33999999999999997,0.296769639620759
BTC,bitcoin-above-100k-on-november-10,100000.0,1762794060,1762452000,0.4507778949336914,3.9590277777777776,101804.01,105277.61,7.972011117395073,0.03355127164825534,1,2025-11-10,False,0.67,1762452900,0.32999999999999996,0.06252888941736628
BTC,bitcoin-above-100k-on-november-11,100000.0,1762880460,1762470000,0.44766363530515385,4.750694444444445,101415.05,103422.45,7.5717944508631145,0.019600554261680038,1,2025-11-11,False,0.62,1762475400,0.38,0.2315886320075697
BTC,bitcoin-above-102k-on-november-11,102000.0,1762880460,1762470000,0.4284879326754354,4.750694444444445,101415.05,103422.45,8.078952163885758,0.019600554261680038,1,2025-11-11,False,0.44,1762475400,0.56,0.4016480597342399
ETH,ethereum-above-3400-on-november-7,3400.0,1762534860,1762470000,0.7242220938736339,0.7506944444444446,3319.61,3303.95,9.2033124376744,-0.004728583776441274,0,2025-11-07,False,0.2,1762475400,-0.2,-0.15648136611769264
SOL,solana-above-150-on-november-7,150.0,1762534860,1762476300,0.8617097828383794,0.6777777777777778,156.48,157.01,5.735479560718787,0.0033812913009230077,1,2025-11-07,False,0.841,1762479900,0.15900000000000003,0.1396066728547199
BTC,bitcoin-above-104k-on-november-8,104000.0,1762621260,1762485300,0.44797753713098154,1.5736111111111113,102331.16,101861.87,11.56416976068832,-0.004596541089286076,0,2025-11-08,False,0.25,1762488000,-0.25,-0.1968448185315166
BTC,bitcoin-above-110k-on-november-13,110000.0,1763053260,1762502400,0.46314651638917753,6.375694444444444,102010.0,100554.25,2.937212907842468,-0.014373464840420548,0,2025-11-13,False,0.060000000000000005,1762511400,-0.060000000000000005,-0.017782073540296893
BTC,bitcoin-above-108k-on-november-13,108000.0,1763053260,1762502400,0.45303807789032713,6.375694444444444,102010.0,100554.25,4.11023980890922,-0.014373464840420548,0,2025-11-13,False,0.12,1762507800,-0.12,-0.060921612620946454
ETH,ethereum-above-3200-on-november-10,3200.0,1762794060,1762510500,0.656310948444859,3.2819444444444446,3294.11,3530.82,5.832596232725707,0.06939411333888475,1,2025-11-10,False,0.6900000000000001,1762514100,0.30999999999999994,-0.09474784403371994
XRP,xrp-above-2pt1-on-november-7,2.1,1762534860,1762510500,0.7612001325222635,0.28194444444444444,2.2014,2.2637,1.6100388098058023,0.02790712111978872,1,2025-11-07,False,0.949,1762514100,0.051000000000000045,0.006068451927189043
BTC,bitcoin-above-100k-on-november-7,100000.0,1762534860,1762528500,0.5251613156999376,0.07361111111111111,101156.86,101048.5,16.378549097973657,-0.0010717817803930208,1,2025-11-07,False,0.851,1762530300,0.14900000000000002,0.16655423051248072
ETH,ethereum-above-3400-on-november-10,3400.0,1762794060,1762528500,0.6358650878264748,3.073611111111111,3313.72,3530.82,6.122983055304008,0.06345871319391057,1,2025-11-10,False,0.31,1762530300,0.69,0.30144337440228863
ETH,ethereum-above-3400-on-november-8,3400.0,1762621260,1762533900,0.6396762106634413,1.011111111111111,3318.51,3368.0,9.028664069408972,0.014803209371104957,0,2025-11-08,False,0.19,1762534800,-0.19,-0.3236532045608335
ETH,ethereum-above-3500-on-november-10,3500.0,1762794060,1762549200,0.5886267370807119,2.834027777777778,3465.25,3530.82,7.5104366832344365,0.018745358475226653,1,2025-11-10,False,0.4,1762556400,0.6,0.4592141720672782
BTC,bitcoin-above-108k-on-november-11,108000.0,1762880460,1762549200,0.3726645618818001,3.8340277777777776,103783.09,103422.45,5.943755029845092,-0.0034809915233467367,0,2025-11-11,False,0.11,1762560000,-0.11,-0.0893098391242597
BTC,bitcoin-above-106k-on-november-11,106000.0,1762880460,1762549200,0.37088001908639995,3.8340277777777776,103783.09,103422.45,8.895876013117341,-0.0034809915233467367,0,2025-11-11,False,0.25,1762560000,-0.25,-0.21903353100559497
ETH,ethereum-above-3500-on-november-11,3500.0,1762880460,1762549200,0.633349552728937,3.8340277777777776,3465.25,3486.24,6.04030474507799,0.0060390114325053635,0,2025-11-11,False,0.42,1762556400,-0.42,-0.4564774694113424
BTC,bitcoin-above-104k-on-november-11,104000.0,1762880460,1762549200,0.3755026667127772,3.8340277777777776,103783.09,103422.45,10.338153460966439,-0.0034809915233467367,0,2025-11-11,False,0.46,1762560900,-0.46,-0.42401297543531813
BTC,bitcoin-above-102k-on-november-8,102000.0,1762621260,1762592400,0.18898093384652237,0.33402777777777776,102431.74,101861.87,53.226759566574934,-0.005578945695680108,0,2025-11-08,False,0.73,1762593300,-0.73,-0.43305079882105674
BTC,bitcoin-above-100k-on-november-10,100000.0,1762794060,1762602300,0.3093889173100116,2.2194444444444446,102029.35,105277.61,11.80811213148958,0.031340248959916474,1,2025-11-10,False,0.79,1762610400,0.20999999999999996,-0.16006917394749343
ETH,ethereum-above-3400-on-november-11,3400.0,1762880460,1762607700,0.6057362664633612,3.156944444444444,3406.0,3486.24,7.081696708498489,0.023285209303334078,1,2025-11-11,False,0.5,1762611300,0.5,0.3351012099198807
ETH,ethereum-above-3500-on-november-9,3500.0,1762707660,1762646400,0.5294240607238959,0.7090277777777778,3401.51,3530.39,7.975578163972434,0.03718889575084474,1,2025-11-09,False,0.08,1762647300,0.92,0.6233970551073155
ETH,ethereum-above-3400-on-november-10,3400.0,1762794060,1762651800,0.5782612339274517,1.6465277777777778,3389.45,3530.82,10.221174457111893,0.04086247224473755,1,2025-11-10,False,0.46,1762657200,0.54,0.12233754243764494
ETH,ethereum-above-3400-on-november-9,3400.0,1762707660,1762655400,0.5441013824092753,0.6048611111111111,3393.09,3530.39,17.916306606231394,0.039667335779721404,1,2025-11-09,False,0.44,1762656300,0.56,-0.15069215008182146
BTC,bitcoin-above-104k-on-november-9,104000.0,1762707660,1762657200,0.3963892049763216,0.5840277777777778,101633.25,103900.92,8.669611762176773,0.02206700734913027,0,2025-11-09,False,0.04,1762659000,-0.04,-0.23131238647006108
ETH,ethereum-above-3500-on-november-10,3500.0,1762794060,1762723800,0.7714372868806827,0.8131944444444444,3590.02,3530.82,8.699259571869696,-0.016627634928758,1,2025-11-10,False,0.75,1762727400,0.25,0.39464811231155295
BTC,bitcoin-above-106k-on-november-11,106000.0,1762880460,1762723800,0.4640334363211167,1.8131944444444443,104641.88,103422.45,11.211658327046827,-0.01172179741232773,0,2025-11-11,False,0.32,1762727400,-0.32,-0.18857921243411987
BTC,bitcoin-above-106k-on-november-10,106000.0,1762794060,1762748100,0.4454659020134144,0.5319444444444444,106141.58,105277.61,23.401587344265927,-0.008173097337030722,0,2025-11-10,False,0.519,1762749000,-0.519,-0.3277365487942883
ETH,ethereum-above-3700-on-november-10,3700.0,1762794060,1762749900,0.7726937805210284,0.5111111111111111,3611.01,3530.82,9.561387128302062,-0.022457373020913128,0,2025-11-10,False,0.158,1762753500,-0.158,0.05672363733763677
ETH,ethereum-above-3800-on-november-12,3800.0,1762966860,1762751700,0.7563035833167773,2.4902777777777776,3619.81,3398.98,4.604271038542114,-0.06294615165927252,0,2025-11-12,False,0.17600000000000002,1762764300,-0.17600000000000002,0.11382114307246807
ETH,ethereum-above-3700-on-november-12,3700.0,1762966860,1762751700,0.7547337449433976,2.4902777777777776,3619.81,3398.98,5.947636353473357,-0.06294615165927252,0,2025-11-12,False,0.326,1762764300,-0.326,0.048380819919936535
BTC,bitcoin-above-104k-on-november-10,104000.0,1762794060,1762779600,0.43895450332948976,0.16736111111111113,105944.17,105277.61,6.147345224585931,-0.00631149129313918,1,2025-11-10,False,0.951,1762786800,0.049000000000000044,0.08779891586089486
ETH,ethereum-above-3600-on-november-11,3600.0,1762880460,1762805700,0.6287046109884102,0.8652777777777777,3577.01,3486.24,12.708036893503541,-0.025703464367945843,0,2025-11-11,False,0.41000000000000003,1762806600,-0.41000000000000003,-0.08335942652129058
ETH,ethereum-above-3500-on-november-11,3500.0,1762880460,1762826400,0.6898413069829594,0.6256944444444444,3581.06,3486.24,10.245021801696598,-0.026835054428441737,0,2025-11-11,False,0.78,1762838100,-0.78,-0.5050742823308996
ETH,ethereum-above-3600-on-november-12,3600.0,1762966860,1762828200,0.6851047021421998,1.604861111111111,3593.97,3398.98,8.76615328231069,-0.05578205446800607,0,2025-11-12,False,0.47000000000000003,1762836300,-0.47000000000000003,0.01899403986874504
BTC,bitcoin-above-106k-on-november-11,106000.0,1762880460,1762830900,0.4109955583457078,0.5736111111111111,106906.33,103422.45,21.451132167945914,-0.0331309740007791,0,2025-11-11,False,0.6900000000000001,1762831800,-0.6900000000000001,0.02069690214349218
BTC,bitcoin-above-106k-on-november-14,106000.0,1763139660,1762887600,0.4121055909591906,2.917361111111111,103401.07,97005.79,8.521414919080568,-0.06384464273965078,0,2025-11-14,False,0.21000000000000002,1762896600,-0.21000000000000002,0.334046691145029
BTC,bitcoin-above-104k-on-november-15,104000.0,1763226060,1762891200,0.4074420195513626,3.8756944444444446,103126.39,96197.12,9.270914636752481,-0.06955590375830249,0,2025-11-15,False,0.41000000000000003,1762897500,-0.41000000000000003,0.23484684622539342
BTC,bitcoin-above-106k-on-november-16,106000.0,1763312460,1762891200,0.3988486170305881,4.875694444444444,103126.39,94283.43,7.144292889594512,-0.08964986495294028,0,2025-11-16,False,0.26,1762896600,-0.26,0.3804848927363994
BTC,bitcoin-above-104k-on-november-17,104000.0,1763398860,1762891200,0.4107536075861837,5.875694444444444,103126.39,94245.99,7.5210254788986735,-0.09004704434798826,0,2025-11-17,False,0.43,1762897500,-0.43,0.2472461148407385
ETH,ethereum-above-3500-on-november-12,3500.0,1762966860,1762918200,0.8029435894623546,0.5631944444444444,3441.08,3398.98,10.848862610127757,-0.012309988987481668,0,2025-11-12,False,0.24000000000000002,1762921800,-0.24000000000000002,-0.1064506207426257
ETH,ethereum-above-3900-on-november-16,3900.0,1763312460,1762945200,0.6867607224557181,4.250694444444444,3534.51,3064.67,2.1210227759678073,-0.14263477949815676,0,2025-11-16,False,0.060000000000000005,1762959600,-0.060000000000000005,0.24253161596073652
BTC,bitcoin-above-108k-on-november-14,108000.0,1763139660,1762946100,0.403607831944143,2.2402777777777776,105080.15,97005.79,8.546621627819682,-0.07995272485653007,0,2025-11-14,False,0.15000000000000002,1762959600,-0.15000000000000002,0.5333256874619362
BTC,bitcoin-above-112k-on-november-18,112000.0,1763485260,1762946100,0.4013653889410446,6.240277777777778,105080.15,93506.28,3.517524811992269,-0.11669479248561933,0,2025-11-18,False,0.08,1762960500,-0.08,0.33047682799845496
BTC,bitcoin-above-110k-on-november-18,110000.0,1763485260,1762947000,0.39898622498844294,6.229861111111111,104794.02,93506.28,4.845289632738479,-0.11396810937567217,0,2025-11-18,False,0.14,1762960500,-0.14,0.4122084988207494
BTC,bitcoin-above-110k-on-november-17,110000.0,1763398860,1762947000,0.39461394463891053,5.229861111111111,104794.02,94245.99,4.866511533959544,-0.10608843018629735,0,2025-11-17,False,0.12,1762960500,-0.12,0.39628056912127796
XRP,xrp-above-2pt4-on-november-13,2.4,1763053260,1762984800,0.8807144746909144,0.7923611111111111,2.3938,2.396,9.68821644982518,0.0009186187960696775,0,2025-11-13,False,0.45,1762985700,-0.45,-0.4588997777312009
BTC,bitcoin-above-104k-on-november-16,104000.0,1763312460,1762988400,0.39597102975154114,3.7506944444444446,101978.96,94283.43,8.731410757782369,-0.07846105909800903,0,2025-11-16,False,0.29000000000000004,1762991100,-0.29000000000000004,0.39507573547535424
BTC,bitcoin-above-104k-on-november-19,104000.0,1763571660,1762992000,0.4130290188545539,6.709027777777777,101654.37,90049.9,6.480130095559579,-0.12121456867731098,0,2025-11-19,False,0.33,1763003700,-0.33,0.45548617450611634
BTC,bitcoin-above-104k-on-november-17,104000.0,1763398860,1762992000,0.40442826008946664,4.709027777777778,101654.37,94245.99,7.588036672575057,-0.07567025080059199,0,2025-11-17,False,0.29000000000000004,1763003700,-0.29000000000000004,0.284188638097844
BTC,bitcoin-above-102k-on-november-17,102000.0,1763398860,1762992000,0.4128570884643853,4.709027777777778,101654.37,94245.99,8.468315432211602,-0.07567025080059199,0,2025-11-17,False,0.47000000000000003,1763003700,-0.47000000000000003,0.17079955261397545
BTC,bitcoin-above-102k-on-november-16,102000.0,1763312460,1762992000,0.4056046523448625,3.7090277777777776,101654.37,94283.43,9.705082044422051,-0.07527307140554411,0,2025-11-16,False,0.46,1763003700,-0.46,0.27053133372644506
BTC,bitcoin-above-106k-on-november-17,106000.0,1763398860,1762992900,0.3993640529767843,4.698611111111111,101724.77,94245.99,5.706888984411043,-0.07636255388351197,0,2025-11-17,False,0.16,1763003700,-0.16,0.2757926175793092
ETH,ethereum-above-3400-on-november-13,3400.0,1763053260,1762996500,0.7009652879584026,0.6569444444444444,3445.19,3314.58,12.235115717756686,-0.03864813656103453,0,2025-11-13,False,0.65,1762999200,-0.65,-0.17713557690007958
BTC,bitcoin-above-102k-on-november-15,102000.0,1763226060,1762996500,0.4102186303215755,2.6569444444444446,102398.65,96197.12,11.348361284993775,-0.06247410933116969,0,2025-11-15,False,0.53,1763003700,-0.53,0.17897876364831444
ETH,ethereum-above-3600-on-november-15,3600.0,1763226060,1762996500,0.6731898019179164,2.6569444444444446,3445.19,3190.17,5.067909973746829,-0.07690484842669959,0,2025-11-15,False,0.17,1763003700,-0.17,0.21974684837115896
ETH,ethereum-above-3600-on-november-16,3600.0,1763312460,1762996500,0.6527605699700508,3.656944444444444,3445.19,3064.67,4.760956017565591,-0.11703915895835547,0,2025-11-16,False,0.2,1763003700,-0.2,0.3572182881335982
BTC,bitcoin-above-108k-on-november-16,108000.0,1763312460,1762996500,0.3965799768658677,3.656944444444444,102398.65,94283.43,3.97783259141109,-0.08256807052580753,0,2025-11-16,False,0.060000000000000005,1763003700,-0.060000000000000005,0.2684419619474866
ETH,ethereum-above-3300-on-november-14,3300.0,1763139660,1762996500,0.6995967286456783,1.6569444444444443,3445.19,3229.7,5.696373865575094,-0.06458980167550563,0,2025-11-14,False,0.8,1762999200,-0.8,-0.4320723417529714
ETH,ethereum-above-3400-on-november-14,3400.0,1763139660,1762996500,0.6811073028630936,1.6569444444444443,3445.19,3229.7,8.393898941520414,-0.06458980167550563,0,2025-11-14,False,0.58,1762999200,-0.58,-0.037839732082959876
ETH,ethereum-above-3500-on-november-17,3500.0,1763398860,1762996500,0.6732615418139437,4.656944444444444,3445.19,3130.0,5.090102709428093,-0.09594605078749775,0,2025-11-17,False,0.38,1763003700,-0.38,0.10837525307236773
BTC,bitcoin-above-108k-on-november-18,108000.0,1763485260,1762996500,0.40641926837781917,5.656944444444444,102398.65,93506.28,4.410576463638052,-0.09084492911023037,0,2025-11-18,False,0.11,1763003700,-0.11,0.29067850617444946
ETH,ethereum-above-3500-on-november-13,3500.0,1763053260,1762996500,0.672841366783665,0.6569444444444444,3445.19,3314.58,11.89911845132603,-0.03864813656103453,0,2025-11-13,False,0.24000000000000002,1762999200,-0.24000000000000002,0.2198787548627741
ETH,ethereum-above-3500-on-november-16,3500.0,1763312460,1762996500,0.6538156155329087,3.656944444444444,3445.19,3064.67,5.871523501653363,-0.11703915895835547,0,2025-11-16,False,0.37,1763003700,-0.37,0.31719817243772785
ETH,ethereum-above-3700-on-november-16,3700.0,1763312460,1763001000,0.657807663658274,3.6048611111111106,3427.68,3064.67,2.9628852152257545,-0.11194375110556838,0,2025-11-16,False,0.09,1763003700,-0.09,0.24167648508760028
SOL,solana-above-160-on-november-15,160.0,1763226060,1763018100,0.7739155844240775,2.4069444444444446,156.84,142.87,5.973205164939783,-0.09329105154706409,0,2025-11-15,False,0.35000000000000003,1763020800,-0.35000000000000003,0.20724659094358672
SOL,solana-above-160-on-november-17,160.0,1763398860,1763018100,0.7793335085860893,4.406944444444444,156.84,135.47,4.48489173654535,-0.14647596383148592,0,2025-11-17,False,0.38,1763025300,-0.38,0.27692883979034677
SOL,solana-above-150-on-november-14,150.0,1763139660,1763019000,0.8554336610618414,1.3965277777777778,156.89,143.36,5.376766936347237,-0.09018597361824367,0,2025-11-14,False,0.81,1763019900,-0.81,-0.3250910389271433
BTC,bitcoin-above-108k-on-november-15,108000.0,1763226060,1763023500,0.4097801925949944,2.3444444444444446,103794.32,96197.12,5.730210906730587,-0.07601182902440713,0,2025-11-15,False,0.065,1763025300,-0.065,0.37056381171619834
XRP,xrp-above-2pt7-on-november-14,2.7,1763139660,1763025300,0.9740111582665456,1.323611111111111,2.4866,2.3297,2.4358812474553093,-0.06517681161358148,0,2025-11-14,False,0.042,1763055900,-0.042,0.11676297317845052
XRP,xrp-above-2pt8-on-november-16,2.8,1763312460,1763025300,0.882416879840371,3.3236111111111115,2.4866,2.1725,1.6515211523310098,-0.1350377373792902,0,2025-11-16,False,0.036,1763064000,-0.036,0.18701767964481764
XRP,xrp-above-2pt8-on-november-15,2.8,1763226060,1763026200,0.9091617912836437,2.3131944444444446,2.4989,2.2509,1.5128095188552555,-0.10452049880809526,0,2025-11-15,False,0.026000000000000002,1763063100,-0.026000000000000002,0.1321196055123859
XRP,xrp-above-2pt2-on-november-14,2.2,1763139660,1763036100,0.8739857163224636,1.198611111111111,2.4758,2.3297,0.5238073867244663,-0.06082407219245415,1,2025-11-14,False,0.964,1763055900,0.03600000000000003,0.06786009830506971
XRP,xrp-above-2pt6-on-november-14,2.6,1763139660,1763043300,0.9815482094122013,1.1152777777777778,2.4525,2.3297,3.9995070035371985,-0.051368408534262396,0,2025-11-14,False,0.109,1763055900,-0.109,0.09644830969334243
ETH,ethereum-above-3500-on-november-15,3500.0,1763226060,1763047800,0.6708508325115222,2.0631944444444446,3409.99,3190.17,6.83003972926991,-0.06663515182694581,0,2025-11-15,False,0.26,1763051400,-0.26,0.1951207343439723
SOL,solana-above-160-on-november-16,160.0,1763312460,1763051400,0.7772513366858511,3.0215277777777776,152.14,135.83,4.265754173183866,-0.11339704573475552,0,2025-11-16,False,0.2,1763055000,-0.2,0.283723921069755
ETH,ethereum-above-3100-on-november-14,3100.0,1763139660,1763053200,0.8756583532607668,1.0006944444444446,3327.59,3229.7,2.7314160559160587,-0.029859064590135796,1,2025-11-14,False,0.929,1763054100,0.07099999999999995,0.15255752843613152
ETH,ethereum-above-3000-on-november-14,3000.0,1763139660,1763055900,1.0055455466655698,0.9694444444444444,3278.67,3229.7,1.8517013469029562,-0.015048598694710195,1,2025-11-14,False,0.9380000000000001,1763062200,0.061999999999999944,0.08986551047199688
XRP,xrp-above-2pt6-on-november-17,2.6,1763398860,1763056800,0.844732607884818,3.9590277777777776,2.3559,2.214,2.3015568414512897,-0.062121985780356485,0,2025-11-17,False,0.09,1763064900,-0.09,0.05297728137731922
XRP,xrp-above-2pt6-on-november-16,2.6,1763312460,1763057700,0.8319645499513686,2.948611111111111,2.3651,2.1725,2.2807068447059513,-0.0849417261906701,0,2025-11-16,False,0.060000000000000005,1763065800,-0.060000000000000005,0.13372717632420006
ETH,ethereum-above-3100-on-november-15,3100.0,1763226060,1763057700,0.8050592640337635,1.948611111111111,3235.63,3190.17,5.31372615834274,-0.014149447056478609,1,2025-11-15,False,0.764,1763063100,0.236,0.31118628695009604
ETH,ethereum-above-3200-on-november-15,3200.0,1763226060,1763057700,0.7501727670740661,1.948611111111111,3235.63,3190.17,7.168235098385393,-0.014149447056478609,0,2025-11-15,False,0.5690000000000001,1763060400,-0.5690000000000001,-0.4675734369870042
BTC,bitcoin-above-96k-on-november-15,96000.0,1763226060,1763058600,0.5266816293035951,1.9381944444444446,99100.17,96197.12,7.494021681931362,-0.029731737179838198,1,2025-11-15,False,0.792,1763059500,0.20799999999999996,0.4308102830671922
BTC,bitcoin-above-98k-on-november-15,98000.0,1763226060,1763058600,0.48936384962527485,1.9381944444444446,99100.17,96197.12,10.71025093422589,-0.029731737179838198,0,2025-11-15,False,0.619,1763059500,-0.619,-0.3005656340934793
SOL,solana-above-150-on-november-16,150.0,1763312460,1763058600,0.832364187851836,2.9381944444444446,146.66,135.83,5.043910392991417,-0.076712878831254,0,2025-11-16,False,0.35000000000000003,1763061300,-0.35000000000000003,0.03693288681325324
BTC,bitcoin-above-96k-on-november-18,96000.0,1763485260,1763059500,0.4755600608866818,4.927777777777777,98671.68,93506.28,6.467448780032438,-0.053769375361413276,0,2025-11-18,False,0.7,1763067600,-0.7,-0.3522493189157214
BTC,bitcoin-above-96k-on-november-14,96000.0,1763139660,1763059500,0.6069908411005939,0.9277777777777778,98671.68,97005.79,8.837971004709516,-0.017027307732323905,1,2025-11-14,False,0.8140000000000001,1763064900,0.18599999999999994,0.3364868520265447
XRP,xrp-above-2pt5-on-november-17,2.5,1763398860,1763059500,0.8240519731237698,3.927777777777778,2.3468,2.214,3.436084587982493,-0.05825186378312261,0,2025-11-17,False,0.18000000000000002,1763064000,-0.18000000000000002,0.020158331366443127
XRP,xrp-above-2pt5-on-november-16,2.5,1763312460,1763059500,0.8240519731237698,2.9277777777777776,2.3468,2.1725,3.625601935792257,-0.07717411991215781,0,2025-11-16,False,0.15000000000000002,1763064000,-0.15000000000000002,0.12980263854658308
BTC,bitcoin-above-96k-on-november-17,96000.0,1763398860,1763059500,0.4751773919232781,3.927777777777778,98671.68,94245.99,7.024526032381602,-0.04588969617203835,0,2025-11-17,False,0.728,1763064900,-0.728,-0.40564663462143424
ETH,ethereum-above-3100-on-november-17,3100.0,1763398860,1763060400,0.7496381072216449,3.9173611111111115,3213.72,3130.0,4.693237796878325,-0.026396140113181754,1,2025-11-17,False,0.68,1763064900,0.31999999999999995,0.44388336247088067
ETH,ethereum-above-3200-on-november-16,3200.0,1763312460,1763062200,0.7207478355230752,2.8965277777777776,3232.4,3064.67,6.165272160561346,-0.0532849989959514,0,2025-11-16,False,0.55,1763063100,-0.55,-0.2214834791147216
XRP,xrp-above-2pt4-on-november-14,2.4,1763139660,1763062200,0.886229378945062,0.8965277777777778,2.3433,2.3297,7.737303834683458,-0.005820688379105588,0,2025-11-14,False,0.26,1763063100,-0.26,-0.2149635654838489
SOL,solana-above-150-on-november-19,150.0,1763571660,1763063100,0.8327428619040295,5.886111111111111,144.17,133.59,3.4427164303560884,-0.07621775082209162,0,2025-11-19,False,0.31,1763065800,-0.31,-0.04760389695999889
XRP,xrp-above-2pt4-on-november-16,2.4,1763312460,1763064000,0.8451954988592727,2.875694444444444,2.3151,2.1725,4.651089927205748,-0.06357430499212002,0,2025-11-16,False,0.27,1763065800,-0.27,0.025689809577955525
SOL,solana-above-140-on-november-15,140.0,1763226060,1763064000,0.9401020777887362,1.8756944444444446,142.73,142.87,5.7334411068636735,0.0009803922353897308,1,2025-11-15,False,0.61,1763064900,0.39,0.3843789788567666
SOL,solana-above-140-on-november-17,140.0,1763398860,1763064000,0.8802274147801897,3.8756944444444446,142.73,135.47,4.337003042148258,-0.05220452004903197,0,2025-11-17,False,0.56,1763070300,-0.56,-0.33358883773345865
XRP,xrp-above-2pt5-on-november-19,2.5,1763571660,1763073900,0.7725214463430967,5.761111111111111,2.3275,2.0851,3.020082813212446,-0.10997791443774708,0,2025-11-19,False,0.2,1763109000,-0.2,0.13214240922638892
ETH,ethereum-above-3300-on-november-16,3300.0,1763312460,1763074800,0.7081385079703444,2.7506944444444446,3228.87,3064.67,6.025557755507448,-0.052192334442013794,0,2025-11-16,False,0.33,1763079300,-0.33,-0.015512074424885336
BTC,bitcoin-above-100k-on-november-17,100000.0,1763398860,1763074800,0.4551092142985322,3.7506944444444446,99851.82,94245.99,8.634220306487268,-0.05777900803282237,0,2025-11-17,False,0.47000000000000003,1763079300,-0.47000000000000003,0.028876684445685863
BTC,bitcoin-above-108k-on-november-19,108000.0,1763571660,1763075700,0.47987490115733544,5.740277777777777,100092.41,90049.9,2.871357197522685,-0.1057298981433741,0,2025-11-19,False,0.060000000000000005,1763082000,-0.060000000000000005,0.24358830402731757
SOL,solana-above-150-on-november-17,150.0,1763398860,1763075700,0.8473671326186855,3.740277777777778,144.74,135.47,4.185787417815511,-0.06618881584533669,0,2025-11-17,False,0.31,1763082000,-0.31,-0.03294768743448179
ETH,ethereum-above-3200-on-november-18,3200.0,1763485260,1763079300,0.7319327131120664,4.698611111111111,3223.04,3153.09,4.799140244707131,-0.021942089154558978,0,2025-11-18,False,0.51,1763082000,-0.51,-0.40469683688540414
BTC,bitcoin-above-100k-on-november-16,100000.0,1763312460,1763079300,0.4555237496584428,2.698611111111111,99329.41,94283.43,10.000529824309583,-0.05213624201404107,0,2025-11-16,False,0.39,1763091900,-0.39,0.13139004318884007
ETH,ethereum-above-3300-on-november-17,3300.0,1763398860,1763090100,0.6928922504954255,3.573611111111111,3233.31,3130.0,5.50672300206267,-0.032473375768281174,0,2025-11-17,False,0.34,1763095500,-0.34,-0.16117811470218155
ETH,ethereum-above-3300-on-november-14,3300.0,1763139660,1763090100,0.8473057051062214,0.5736111111111111,3233.31,3229.7,9.772166756966865,-0.001117126656289198,0,2025-11-14,False,0.21000000000000002,1763093700,-0.21000000000000002,-0.19908325202608917
BTC,bitcoin-above-102k-on-november-16,102000.0,1763312460,1763090100,0.4514450013662571,2.573611111111111,99349.21,94283.43,8.158490611539927,-0.05233555888130687,0,2025-11-16,False,0.19,1763093700,-0.19,0.23697916578283712
BTC,bitcoin-above-100k-on-november-15,100000.0,1763226060,1763090100,0.5029237061323314,1.5736111111111113,99349.21,96197.12,11.80700104831357,-0.03224159768666905,0,2025-11-15,False,0.38,1763091900,-0.38,0.0006765776858058681
BTC,bitcoin-above-98k-on-november-14,98000.0,1763139660,1763090100,0.5694156935563103,0.5736111111111111,99349.21,97005.79,14.810948287485871,-0.023870349836640343,0,2025-11-14,False,0.714,1763091900,-0.714,-0.36045748296532304
SOL,solana-above-140-on-november-14,140.0,1763139660,1763094600,1.0002938289186594,0.5215277777777777,143.62,143.36,8.506912808528119,-0.0018119734555510708,1,2025-11-14,False,0.738,1763096400,0.262,0.2774143001977404
BTC,bitcoin-above-94k-on-november-14,94000.0,1763139660,1763095500,0.6930346938957753,0.5111111111111111,97579.56,97005.79,5.548258739897103,-0.005897377813191569,1,2025-11-14,False,0.92,1763099100,0.07999999999999996,0.11272017799451535
ETH,ethereum-above-3200-on-november-14,3200.0,1763139660,1763103600,0.951148514182627,0.41736111111111107,3222.42,3229.7,12.155693423427072,0.002256623587087182,1,2025-11-14,False,0.551,1763108100,0.44899999999999995,0.42156917550329387
ETH,ethereum-above-3100-on-november-18,3100.0,1763485260,1763103600,0.7802076012727923,4.417361111111111,3222.42,3153.09,4.276220295025434,-0.02174970567784449,1,2025-11-18,False,0.66,1763114400,0.33999999999999997,0.4330065328304285
ETH,ethereum-above-3000-on-november-18,3000.0,1763485260,1763103600,0.8200436384350737,4.417361111111111,3222.42,3153.09,3.343848245475567,-0.02174970567784449,1,2025-11-18,False,0.786,1763114400,0.21399999999999997,0.28672771517047024
ETH,ethereum-above-3000-on-november-17,3000.0,1763398860,1763103600,0.8312698350803156,3.417361111111111,3222.42,3130.0,3.4591041249624723,-0.02909962552490487,1,2025-11-17,False,0.826,1763113500,0.17400000000000004,0.27465863468806173
BTC,bitcoin-above-98k-on-november-17,98000.0,1763398860,1763105400,0.48858547990627826,3.3965277777777776,97699.28,94245.99,8.431155888104021,-0.03598591051921993,0,2025-11-17,False,0.46,1763106300,-0.46,-0.1565971786370945
SOL,solana-above-150-on-november-18,150.0,1763485260,1763105400,0.8442501696197862,4.396527777777778,144.03,141.05,3.8284734701454792,-0.020907173762953323,0,2025-11-18,False,0.29000000000000004,1763109000,-0.29000000000000004,-0.20995743991281163
XRP,xrp-above-2pt2-on-november-19,2.2,1763571660,1763111700,0.8266593685888881,5.323611111111111,2.3026,2.0851,3.678901928095387,-0.09922210352608898,0,2025-11-19,False,0.66,1763114400,-0.66,-0.29497161202819117
BTC,bitcoin-above-104k-on-november-19,104000.0,1763571660,1763113500,0.476143990720143,5.302777777777778,97153.06,90049.9,3.3214205451679084,-0.07592371188422278,0,2025-11-19,False,0.06999999999999999,1763127000,-0.06999999999999999,0.18217457651766644
XRP,xrp-above-2pt2-on-november-20,2.2,1763658060,1763115300,0.8263957353090209,6.281944444444445,2.2801,2.0078,3.5425936788399124,-0.12717970637837678,0,2025-11-20,False,0.61,1763122500,-0.61,-0.15945397610724632
XRP,xrp-above-2pt4-on-november-15,2.4,1763226060,1763117100,0.8086376676429867,1.261111111111111,2.292,2.2509,5.129078104055291,-0.018094662614837307,0,2025-11-15,False,0.13,1763119800,-0.13,-0.037191062181970116
ETH,ethereum-above-3200-on-november-17,3200.0,1763398860,1763119800,0.7147869949437214,3.229861111111111,3155.78,3130.0,5.7639585344827795,-0.00820268751005443,0,2025-11-17,False,0.4,1763122500,-0.4,-0.3527200493207265
BTC,bitcoin-above-94k-on-november-15,94000.0,1763226060,1763120700,0.5710520322405629,1.2194444444444446,96202.09,96197.12,9.558614911018333,-5.166341380616415e-05,1,2025-11-15,False,0.763,1763122500,0.237,0.2374938306775617
XRP,xrp-above-2pt2-on-november-18,2.2,1763485260,1763120700,0.8209704805247361,4.219444444444444,2.2702,2.2246,4.305284569980134,-0.020290809163310084,1,2025-11-18,False,0.61,1763124300,0.39,0.4773577076032104
BTC,bitcoin-above-96k-on-november-16,96000.0,1763312460,1763120700,0.4695355980243608,2.2194444444444446,96202.09,94283.43,10.887630888981478,-0.02014562460844409,0,2025-11-16,False,0.51,1763122500,-0.51,-0.29066187523527875
XRP,xrp-above-2pt3-on-november-16,2.3,1763312460,1763120700,0.8045761029164535,2.2194444444444446,2.2702,2.1725,6.179303386475259,-0.043989355181691975,0,2025-11-16,False,0.38,1763122500,-0.38,-0.10817642855690779
BTC,bitcoin-above-92k-on-november-14,92000.0,1763139660,1763123400,0.7686527859437705,0.18819444444444447,95756.95,97005.79,1.6818226246719983,0.012957457160612989,1,2025-11-14,False,0.965,1763124300,0.03500000000000003,0.013207855389062915
XRP,xrp-above-2pt2-on-november-17,2.2,1763398860,1763125200,0.8255352821822145,3.1673611111111115,2.2859,2.214,4.667670550212584,-0.03195898559742022,1,2025-11-17,False,0.66,1763127000,0.33999999999999997,0.48917401588774645
XRP,xrp-above-2pt3-on-november-14,2.3,1763139660,1763131500,0.8049114661903272,0.09444444444444444,2.3054,2.3297,30.345681480452566,0.010485306738343626,1,2025-11-14,False,0.49,1763133300,0.51,0.19181622149338134
BTC,bitcoin-above-98k-on-november-19,98000.0,1763571660,1763132400,0.5104037553023456,5.084027777777777,96542.38,90049.9,6.3701438951072475,-0.06961812179486616,0,2025-11-19,False,0.37,1763143200,-0.37,0.07347745354039953
ETH,ethereum-above-3300-on-november-20,3300.0,1763658060,1763132400,0.7919600505247664,6.084027777777777,3199.5,2859.12,3.6652729524202123,-0.11248066242029958,0,2025-11-20,False,0.35000000000000003,1763145900,-0.35000000000000003,0.06227232963943263
BTC,bitcoin-above-96k-on-november-20,96000.0,1763658060,1763132400,0.5196887737020294,6.084027777777777,96542.38,87859.19,5.938346376329475,-0.09424666362929168,0,2025-11-20,False,0.52,1763143200,-0.52,0.03966933344414725
ETH,ethereum-above-3300-on-november-19,3300.0,1763571660,1763136000,0.7817567362640031,5.042361111111111,3196.7,2956.28,4.020581516033322,-0.07818730650338754,0,2025-11-19,False,0.33,1763145900,-0.33,-0.01564156068404815
BTC,bitcoin-above-102k-on-november-17,102000.0,1763398860,1763137800,0.5004461474160258,3.0215277777777776,96974.13,94245.99,4.614129265711937,-0.02853596289751287,0,2025-11-17,False,0.09,1763143200,-0.09,0.04166862153068415
SOL,solana-above-150-on-november-15,150.0,1763226060,1763137800,0.8403828138772856,1.0215277777777778,143.49,142.87,5.3324902039174145,-0.004330220483248569,0,2025-11-15,False,0.14,1763143200,-0.14,-0.11690914169227448
ETH,ethereum-above-3400-on-november-16,3400.0,1763312460,1763137800,0.7595517621390775,2.0215277777777776,3237.62,3064.67,4.732681603412329,-0.0548985955946039,0,2025-11-16,False,0.15000000000000002,1763141400,-0.15000000000000002,0.10981757342375503
BTC,bitcoin-above-100k-on-november-19,100000.0,1763571660,1763138700,0.5008628937079446,5.011111111111111,97111.96,90049.9,5.911157881776978,-0.07550057857269592,0,2025-11-19,False,0.27,1763143200,-0.27,0.17629584010871346
BTC,bitcoin-above-100k-on-november-18,100000.0,1763485260,1763138700,0.5008994491299997,4.011111111111111,97111.96,93506.28,6.405061894086046,-0.037835939885351846,0,2025-11-18,False,0.25,1763141400,-0.25,-0.007658463213402522
BTC,bitcoin-above-102k-on-november-19,102000.0,1763571660,1763138700,0.501288057026237,5.011111111111111,97111.96,90049.9,4.670458317720669,-0.07550057857269592,0,2025-11-19,False,0.16,1763143200,-0.16,0.1926223051875706
ETH,ethereum-above-3300-on-november-18,3300.0,1763485260,1763140500,0.7518544887121126,3.9902777777777776,3237.33,3153.09,4.875336249035779,-0.026365991595344262,0,2025-11-18,False,0.38,1763141400,-0.38,-0.25145692543344544
XRP,xrp-above-2-on-november-20,2.0,1763658060,1763140500,0.8029824295204508,5.990277777777778,2.3343,2.0078,1.3532395671240656,-0.1506724650335678,1,2025-11-20,False,0.9,1763153100,0.09999999999999998,0.3038959413595411
ETH,ethereum-above-3400-on-november-18,3400.0,1763485260,1763141400,0.7394584076590165,3.979861111111111,3216.65,3153.09,3.88082884072911,-0.019957520923089177,0,2025-11-18,False,0.2,1763143200,-0.2,-0.12254827721222088
BTC,bitcoin-above-98k-on-november-18,98000.0,1763485260,1763141400,0.4912621664779158,3.979861111111111,96719.03,93506.28,7.473500977545857,-0.033781577492179214,0,2025-11-18,False,0.37,1763143200,-0.37,-0.11753334758915751
XRP,xrp-above-2pt5-on-november-17,2.5,1763398860,1763148600,0.8159626997037656,2.8965277777777776,2.3115,2.214,2.9482181012644224,-0.04309583015969798,0,2025-11-17,False,0.09999999999999999,1763153100,-0.09999999999999999,0.027055906565838825
XRP,xrp-above-2pt4-on-november-16,2.4,1763312460,1763151300,0.8195454021836427,1.8652777777777778,2.3039,2.1725,5.228795752715805,-0.05872476095652921,0,2025-11-16,False,0.18000000000000002,1763152200,-0.18000000000000002,0.12705978066875087
XRP,xrp-above-2pt3-on-november-17,2.3,1763398860,1763158500,0.8293451148209342,2.7819444444444446,2.2642,2.214,5.336566323135046,-0.022420661375426983,0,2025-11-17,False,0.39,1763353800,-0.39,-0.2703506535614817
BTC,bitcoin-above-94k-on-november-19,94000.0,1763571660,1763161200,0.49485952128552213,4.750694444444445,95179.99,90049.9,6.936326049823118,-0.05540576950169132,0,2025-11-19,False,0.583,1763162100,-0.583,-0.1986875176949232
SOL,solana-above-140-on-november-15,140.0,1763226060,1763162100,0.7468956384021848,0.7402777777777778,138.95,142.87,11.521942892132312,0.027820969688554173,1,2025-11-15,False,0.41100000000000003,1763163000,0.589,0.2684483760447347
SOL,solana-above-160-on-november-17,160.0,1763398860,1763175600,0.9509837520351402,2.5840277777777776,143.1,135.47,1.78037258675533,-0.0547934729697602,0,2025-11-17,False,0.05,1763260200,-0.05,0.04755279720848021
BTC,bitcoin-above-98k-on-november-16,98000.0,1763312460,1763175600,0.3810764943270085,1.5840277777777776,96482.77,94283.43,12.997407645012034,-0.02305898478138678,0,2025-11-16,False,0.23,1763178300,-0.23,0.06970702508381268
ETH,ethereum-above-3200-on-november-20,3200.0,1763658060,1763175600,0.7752704431564732,5.584027777777778,3193.31,2859.12,4.150232504964723,-0.11054411122153293,0,2025-11-20,False,0.47000000000000003,1763176500,-0.47000000000000003,-0.011216236375958422
ETH,ethereum-above-3200-on-november-15,3200.0,1763226060,1763181000,0.6602350458854362,0.5215277777777777,3172.84,3190.17,15.014286932064282,0.00544712104806765,0,2025-11-15,False,0.357,1763181900,-0.357,-0.4387846383693744
BTC,bitcoin-above-98k-on-november-19,98000.0,1763571660,1763220600,0.4519592394492132,4.063194444444444,96381.44,90049.9,7.803655568015849,-0.06794969083249403,0,2025-11-19,False,0.34,1763224200,-0.34,0.19025598320994747
BTC,bitcoin-above-96k-on-november-16,96000.0,1763312460,1763254800,0.38805923244304824,0.6673611111111111,95362.0,94283.43,22.102905626982423,-0.011374717852523003,0,2025-11-16,False,0.297,1763257500,-0.297,-0.045585684772131874
SOL,solana-above-150-on-november-20,150.0,1763658060,1763282700,0.9702162937896502,4.344444444444444,142.0,132.68,3.2025192671406013,-0.067886843522409,0,2025-11-20,False,0.26,1763292600,-0.26,-0.04259107563412609
SOL,solana-above-150-on-november-19,150.0,1763571660,1763284500,0.9561426998475844,3.3236111111111115,141.75,133.59,3.503605481549827,-0.05928953460614067,0,2025-11-19,False,0.21000000000000002,1763293500,-0.21000000000000002,-0.0022728615553874176
ETH,ethereum-above-3300-on-november-19,3300.0,1763571660,1763287200,0.7375130357900936,3.2923611111111106,3248.26,2956.28,5.505314829573873,-0.09418774715858526,0,2025-11-19,False,0.39,1763291700,-0.39,0.12853320119631384
BTC,bitcoin-above-96k-on-november-19,96000.0,1763571660,1763290800,0.49208063802371427,3.2506944444444446,96444.71,90049.9,8.565798529420332,-0.06860592964938282,0,2025-11-19,False,0.53,1763291700,-0.53,0.057664571300198086
ETH,ethereum-above-3200-on-november-16,3200.0,1763312460,1763299800,0.7453600044027268,0.14652777777777778,3158.99,3064.67,18.278229493962076,-0.03031245987501247,0,2025-11-16,False,0.17,1763300700,-0.17,0.3840580981219949
BTC,bitcoin-above-96k-on-november-18,96000.0,1763485260,1763305200,0.5093195373196897,2.084027777777778,95531.13,93506.28,10.255490778387491,-0.021423563142332173,0,2025-11-18,False,0.43,1763308800,-0.43,-0.21029084575361023
ETH,ethereum-above-3200-on-november-19,3200.0,1763571660,1763305200,0.7891578915245413,3.0840277777777776,3172.05,2956.28,5.432089046887801,-0.07044634537580803,0,2025-11-19,False,0.43,1763308800,-0.43,-0.04732917889079813
BTC,bitcoin-above-96k-on-november-20,96000.0,1763658060,1763305200,0.5083133938913033,4.084027777777778,95531.13,87859.19,7.368176757638402,-0.0837167436641019,0,2025-11-20,False,0.44,1763308800,-0.44,0.17683976489100756
BTC,bitcoin-above-94k-on-november-19,94000.0,1763571660,1763305200,0.5244744438974831,3.0840277777777776,95531.13,90049.9,7.884330156399468,-0.059088201829676425,0,2025-11-19,False,0.624,1763308800,-0.624,-0.15812910842686395
SOL,solana-above-140-on-november-16,140.0,1763312460,1763306100,0.8720482149479785,0.07361111111111111,139.98,135.83,32.208912797240444,-0.030095451426994033,0,2025-11-16,False,0.458,1763307000,-0.458,0.5113417706056362
ETH,ethereum-above-3100-on-november-18,3100.0,1763485260,1763316000,0.8893370850577003,1.9590277777777776,3079.84,3153.09,6.069390122418585,0.023505276814933973,1,2025-11-18,False,0.46,1763318700,0.54,0.3973373050747252
BTC,bitcoin-above-100k-on-november-19,100000.0,1763571660,1763316900,0.5504559508850583,2.948611111111111,95184.0,90049.9,4.7813340660716666,-0.05544789931837131,0,2025-11-19,False,0.12,1763317800,-0.12,0.1451149299030407
ETH,ethereum-above-3100-on-november-17,3100.0,1763398860,1763320500,0.9354946515981226,0.9069444444444446,3107.53,3130.0,8.551570093408994,0.007204806133181327,1,2025-11-17,False,0.52,1763323200,0.48,0.41838759534267683
SOL,solana-above-140-on-november-20,140.0,1763658060,1763320500,0.8863504654361387,3.9069444444444446,137.62,132.68,4.2340995421235785,-0.03655604969548212,0,2025-11-20,False,0.4,1763328600,-0.4,-0.24521804672251238
ETH,ethereum-above-3000-on-november-19,3000.0,1763571660,1763320500,0.9273341441668189,2.9069444444444446,3107.53,2956.28,4.477719796579253,-0.04989647722072152,0,2025-11-19,False,0.669,1763321400,-0.669,-0.4455775561692096
ETH,ethereum-above-3000-on-november-17,3000.0,1763398860,1763334000,0.9767939697305176,0.7506944444444446,3091.86,3130.0,7.2494436954991315,0.012260152989100234,1,2025-11-17,False,0.754,1763334900,0.246,0.15712071120731247
XRP,xrp-above-2-on-november-19,2.0,1763571660,1763367300,1.0207116945208738,2.365277777777778,2.2636,2.0851,1.6584783862585182,-0.08213965055489361,1,2025-11-19,False,0.924,1763368200,0.07599999999999996,0.2122268351001185
XRP,xrp-above-2pt3-on-november-17,2.3,1763398860,1763377200,0.9052230698712199,0.25069444444444444,2.273,2.214,14.768393608684587,-0.026299710583961126,0,2025-11-17,False,0.27,1763381700,-0.27,0.11840447769842588
XRP,xrp-above-2-on-november-20,2.0,1763658060,1763385300,0.8725433509118814,3.156944444444444,2.2507,2.0078,1.8072706837015926,-0.11420168366712419,1,2025-11-20,False,0.9,1763388000,0.09999999999999998,0.30639335492095654
XRP,xrp-above-2pt4-on-november-19,2.4,1763571660,1763388900,0.9675639556352884,2.1152777777777776,2.2062,2.0851,2.7000938110639123,-0.05645476282180617,0,2025-11-19,False,0.08,1763403300,-0.08,0.07243315570023988
XRP,xrp-above-2pt2-on-november-19,2.2,1763571660,1763391600,0.9635152540046391,2.084027777777778,2.2551,2.0851,5.233135691295077,-0.07837750213805779,0,2025-11-19,False,0.6,1763394300,-0.6,-0.18983989616677355
BTC,bitcoin-above-94k-on-november-19,94000.0,1763571660,1763395200,0.5342582991572898,2.042361111111111,93959.67,90049.9,9.977782385325735,-0.04250168652454346,0,2025-11-19,False,0.495,1763396100,-0.495,-0.07092742084877407
SOL,solana-above-130-on-november-18,130.0,1763485260,1763396100,0.9410381415957283,1.0319444444444446,135.12,141.05,6.031897476099298,0.042951164948460796,1,2025-11-18,False,0.711,1763401500,0.28900000000000003,0.02992297655185472
BTC,bitcoin-above-94k-on-november-18,94000.0,1763485260,1763399700,0.5566521209403109,0.9902777777777777,93906.63,93506.28,13.742874314249553,-0.004272390935889716,0,2025-11-18,False,0.481,1763400600,-0.481,-0.42228506834672863
XRP,xrp-above-2pt2-on-november-20,2.2,1763658060,1763399700,0.9187147776348337,2.990277777777778,2.2031,2.0078,4.796099083890082,-0.09282586416109326,0,2025-11-20,False,0.47000000000000003,1763401500,-0.47000000000000003,-0.024797957935675408
SOL,solana-above-130-on-november-19,130.0,1763571660,1763405100,0.8938954461161563,1.9277777777777778,131.27,133.59,6.09902151448676,0.017519137186404705,1,2025-11-19,False,0.548,1763406900,0.45199999999999996,0.3451504053848726
BTC,bitcoin-above-92k-on-november-19,92000.0,1763571660,1763406000,0.5617660269688551,1.917361111111111,92549.01,90049.9,9.721070767341747,-0.02737438091453197,0,2025-11-19,False,0.5680000000000001,1763407800,-0.5680000000000001,-0.3018917059176655
ETH,ethereum-above-3000-on-november-18,3000.0,1763485260,1763406000,0.9090925784974775,0.9173611111111111,3024.98,3153.09,8.643263199504426,0.04147844450842178,1,2025-11-18,False,0.577,1763407800,0.42300000000000004,0.06449088700767158
BTC,bitcoin-above-90k-on-november-20,90000.0,1763658060,1763406000,0.5680024169967561,2.917361111111111,92549.01,87859.19,6.846241728583047,-0.0520029227489575,0,2025-11-20,False,0.723,1763406900,-0.723,-0.3669754202678065
BTC,bitcoin-above-88k-on-november-21,88000.0,1763744460,1763474400,0.6084877963673315,3.1256944444444446,91476.56,84827.94,5.6984855988485155,-0.07545779493675808,0,2025-11-21,False,0.75,1763475300,-0.75,-0.32000484223201964
XRP,xrp-above-2pt1-on-november-21,2.1,1763744460,1763496000,0.8447766759670423,2.875694444444444,2.2282,1.9546,4.007689304835187,-0.13100851572048086,0,2025-11-21,False,0.76,1763503200,-0.76,-0.23495857270469633
XRP,xrp-above-2pt1-on-november-19,2.1,1763571660,1763496000,0.8447766759670423,0.8756944444444444,2.2282,2.0851,3.561052314977641,-0.0663772689117411,0,2025-11-19,False,0.9,1763560800,-0.9,-0.6636270728799509
XRP,xrp-above-2pt2-on-november-22,2.2,1763830860,1763496000,0.8149964640287682,3.8756944444444446,2.2282,1.9419,4.72187256203311,-0.13752720940564206,0,2025-11-22,False,0.54,1763502300,-0.54,0.10938595662548312
XRP,xrp-above-2-on-november-20,2.0,1763658060,1763496000,0.8851496673631497,1.8756944444444446,2.2282,2.0078,1.5562717537176636,-0.10415448936779008,1,2025-11-20,False,0.93,1763560800,0.06999999999999995,0.23209268982597836
XRP,xrp-above-2pt3-on-november-23,2.3,1763917260,1763496900,0.795300522487754,4.865277777777778,2.2337,2.0546,4.06562061802992,-0.08357822155734763,0,2025-11-23,False,0.34,1763503200,-0.34,-0.00020265921817474997
XRP,xrp-above-2pt2-on-november-21,2.2,1763744460,1763496900,0.8163983885328834,2.8652777777777776,2.2337,1.9546,5.432461812870969,-0.13347383443477578,0,2025-11-21,False,0.55,1763502300,-0.55,0.1750915085843815
XRP,xrp-above-2-on-november-21,2.0,1763744460,1763496900,0.8876368138706464,2.8652777777777776,2.2337,1.9546,1.9958297237593936,-0.13347383443477578,0,2025-11-21,False,0.9,1763562600,-0.9,-0.6336089538909344
XRP,xrp-above-2pt2-on-november-23,2.2,1763917260,1763496900,0.8163983885328834,4.865277777777778,2.2337,2.0546,4.205045953744484,-0.08357822155734763,0,2025-11-23,False,0.54,1763502300,-0.54,-0.1885497376191153
XRP,xrp-above-2pt2-on-november-20,2.2,1763658060,1763496900,0.8163983885328834,1.8652777777777778,2.2337,2.0078,6.655265211415155,-0.10661980808208482,0,2025-11-20,False,0.5700000000000001,1763502300,-0.5700000000000001,0.13958309957645942
XRP,xrp-above-2pt1-on-november-20,2.1,1763658060,1763496900,0.8467387348376386,1.8652777777777778,2.2337,2.0078,4.039792953342835,-0.10661980808208482,0,2025-11-20,False,0.8200000000000001,1763560800,-0.8200000000000001,-0.38927805062322834
XRP,xrp-above-2pt3-on-november-24,2.3,1764003660,1763500500,0.7892518700864201,5.823611111111111,2.2272,2.1263,3.73351641934967,-0.04636181112744465,0,2025-11-24,False,0.34,1763562600,-0.34,-0.1669074169248972
BTC,bitcoin-above-98k-on-november-23,98000.0,1763917260,1763504100,0.4701224545660254,4.781944444444445,93074.81,86702.95,4.563468375534927,-0.07091566980970401,0,2025-11-23,False,0.14,1763514900,-0.14,0.18362141650646124
BTC,bitcoin-above-96k-on-november-24,96000.0,1764003660,1763504100,0.47376770378011995,5.781944444444444,93074.81,87269.1,5.7552055785757315,-0.06440713009243912,0,2025-11-24,False,0.26,1763514900,-0.26,0.1106762744080585
ETH,ethereum-above-3100-on-november-20,3100.0,1763658060,1763504100,0.8044132535951417,1.7819444444444446,3120.96,2859.12,7.068068180305982,-0.08762676162443488,0,2025-11-20,False,0.52,1763512200,-0.52,0.09935192558092543
BTC,bitcoin-above-94k-on-november-24,94000.0,1764003660,1763504100,0.4843738307212235,5.781944444444444,93074.81,87269.1,6.423519160704293,-0.06440713009243912,0,2025-11-24,False,0.4,1763514900,-0.4,0.013720434234756718
BTC,bitcoin-above-88k-on-november-22,88000.0,1763830860,1763504100,0.601357748422564,3.781944444444444,93074.81,84629.38,4.404201722526241,-0.09512209074435263,0,2025-11-22,False,0.84,1763514900,-0.84,-0.4210631240934247
BTC,bitcoin-above-96k-on-november-21,96000.0,1763744460,1763504100,0.5204534366102542,2.7819444444444446,93074.81,84827.94,6.854112751900593,-0.09277860872926168,0,2025-11-21,False,0.2,1763514000,-0.2,0.4359150451948281
BTC,bitcoin-above-90k-on-november-24,90000.0,1764003660,1763504100,0.5227818450633793,5.781944444444444,93074.81,87269.1,5.409461482061191,-0.06440713009243912,0,2025-11-24,False,0.6900000000000001,1763514900,-0.6900000000000001,-0.3415921105948464
BTC,bitcoin-above-96k-on-november-22,96000.0,1763830860,1763504100,0.4846599077571198,3.781944444444444,93074.81,84629.38,6.538478703093744,-0.09512209074435263,0,2025-11-22,False,0.23,1763514900,-0.23,0.3919537645257002
BTC,bitcoin-above-90k-on-november-25,90000.0,1764090060,1763504100,0.5116206676214414,6.781944444444444,93074.81,87191.19,5.176964356531671,-0.06530028469145115,0,2025-11-25,False,0.68,1763514900,-0.68,-0.34194275368098676
BTC,bitcoin-above-94k-on-november-22,94000.0,1763830860,1763505900,0.5013273266951688,3.7611111111111106,93264.0,84629.38,7.713450617116954,-0.09715269365534064,0,2025-11-22,False,0.44,1763506800,-0.44,0.3093825048303616
BTC,bitcoin-above-94k-on-november-25,94000.0,1764090060,1763506800,0.48341099676905197,6.750694444444444,93160.0,87191.19,5.981825108165388,-0.06621515131538544,0,2025-11-25,False,0.43,1763512200,-0.43,-0.033912545320656906
BTC,bitcoin-above-96k-on-november-25,96000.0,1764090060,1763506800,0.4747147841024121,6.750694444444444,93160.0,87191.19,5.460341799828152,-0.06621515131538544,0,2025-11-25,False,0.3,1763512200,-0.3,0.061557358509345184
BTC,bitcoin-above-92k-on-november-23,92000.0,1763917260,1763506800,0.5147208822458689,4.750694444444445,93160.0,86702.95,6.679644645668937,-0.07183053643363825,0,2025-11-23,False,0.59,1763511300,-0.59,-0.11019754191552072
BTC,bitcoin-above-94k-on-november-23,94000.0,1763917260,1763506800,0.49512685488779995,4.750694444444445,93160.0,86702.95,6.939938032592944,-0.07183053643363825,0,2025-11-23,False,0.43,1763507700,-0.43,0.06849947169735926
BTC,bitcoin-above-96k-on-november-23,96000.0,1763917260,1763506800,0.4818031702144761,4.750694444444445,93160.0,86702.95,6.156184048037797,-0.07183053643363825,0,2025-11-23,False,0.28,1763507700,-0.28,0.16220200255476158
BTC,bitcoin-above-92k-on-november-19,92000.0,1763571660,1763510400,0.5235633563262281,0.7090277777777778,92960.83,90049.9,15.702294960952793,-0.031814260507991736,0,2025-11-19,False,0.661,1763511300,-0.661,-0.16144309753892194
BTC,bitcoin-above-92k-on-november-22,92000.0,1763830860,1763510400,0.5295450914735084,3.7090277777777776,92960.83,84629.38,7.36883810526982,-0.09389673398731695,0,2025-11-22,False,0.58,1763512200,-0.58,0.11190983136612498
BTC,bitcoin-above-90k-on-november-22,90000.0,1763830860,1763515800,0.5542948958004289,3.6465277777777776,92431.0,84629.38,6.4974489074338635,-0.08818093256846872,0,2025-11-22,False,0.6900000000000001,1763524800,-0.6900000000000001,-0.11704889602650381
BTC,bitcoin-above-92k-on-november-25,92000.0,1764090060,1763515800,0.4972358355000377,6.646527777777777,92431.0,87191.19,5.9417389394546385,-0.05835912651556731,0,2025-11-25,False,0.51,1763527500,-0.51,-0.16324530550989402
BTC,bitcoin-above-92k-on-november-20,92000.0,1763658060,1763515800,0.5502923643946541,1.6465277777777778,92431.0,87859.19,10.731162151681785,-0.05072700092356904,0,2025-11-20,False,0.52,1763524800,-0.52,0.02435967237933101
BTC,bitcoin-above-90k-on-november-20,90000.0,1763658060,1763515800,0.5759933818788977,1.6465277777777778,92431.0,87859.19,8.241229487284803,-0.05072700092356904,0,2025-11-20,False,0.75,1763516700,-0.75,-0.33194714418715937
ETH,ethereum-above-3300-on-november-22,3300.0,1763830860,1763515800,0.7853269728558073,3.6465277777777776,3111.26,2753.61,3.721357481543537,-0.12211501075865225,0,2025-11-22,False,0.18000000000000002,1763527500,-0.18000000000000002,0.27443360889547996
BTC,bitcoin-above-88k-on-november-24,88000.0,1764003660,1763515800,0.5491216002218098,5.646527777777778,92431.0,87269.1,4.6192225563964655,-0.05746597191655527,0,2025-11-24,False,0.78,1763527500,-0.78,-0.5145518862978021
BTC,bitcoin-above-92k-on-november-24,92000.0,1764003660,1763515800,0.5037375386435479,5.646527777777778,92431.0,87269.1,6.361431731733302,-0.05746597191655527,0,2025-11-24,False,0.52,1763526600,-0.52,-0.15443414275513057
ETH,ethereum-above-3000-on-november-19,3000.0,1763571660,1763515800,0.8859611874575285,0.6465277777777778,3111.26,2956.28,6.761908021548827,-0.051096067638566264,0,2025-11-19,False,0.8190000000000001,1763524800,-0.8190000000000001,-0.4734930903651774
ETH,ethereum-above-3100-on-november-24,3100.0,1764003660,1763515800,0.7755984330342213,5.646527777777778,3111.26,2864.84,4.1352732703020045,-0.08251528665183032,0,2025-11-24,False,0.49,1763524800,-0.49,-0.1487767407173783
ETH,ethereum-above-3000-on-november-23,3000.0,1763917260,1763515800,0.806416598617457,4.646527777777778,3111.26,2800.67,4.117252097860658,-0.10516911456554165,0,2025-11-23,False,0.64,1763524800,-0.64,-0.2069922424248758
ETH,ethereum-above-3300-on-november-21,3300.0,1763744460,1763515800,0.7985917256564671,2.6465277777777776,3111.26,2760.68,3.912655047906905,-0.11955076264185492,0,2025-11-21,False,0.15000000000000002,1763526600,-0.15000000000000002,0.3177608949317739
BTC,bitcoin-above-94k-on-november-21,94000.0,1763744460,1763515800,0.5295836762787377,2.6465277777777776,92431.0,84827.94,8.180193302647188,-0.0858374505533777,0,2025-11-21,False,0.32,1763523900,-0.32,0.3821669381330494
ETH,ethereum-above-3200-on-november-20,3200.0,1763658060,1763515800,0.7843881867772515,1.6465277777777778,3111.26,2859.12,6.472989264511041,-0.08451390365964691,0,2025-11-20,False,0.25,1763524800,-0.25,0.29705759109081475
BTC,bitcoin-above-90k-on-november-21,90000.0,1763744460,1763515800,0.5638389417988614,2.6465277777777776,92431.0,84827.94,7.216180310462648,-0.0858374505533777,0,2025-11-21,False,0.71,1763523900,-0.71,-0.09058147941640471
ETH,ethereum-above-3000-on-november-20,3000.0,1763658060,1763515800,0.8462182396391077,1.6465277777777778,3111.26,2859.12,5.81941088592757,-0.08451390365964691,0,2025-11-20,False,0.73,1763523900,-0.73,-0.23817886903081686
BTC,bitcoin-above-94k-on-november-19,94000.0,1763571660,1763515800,0.5341580607218741,0.6465277777777778,92431.0,90049.9,13.29465148856455,-0.026098459089143516,0,2025-11-19,False,0.18100000000000002,1763523900,-0.18100000000000002,0.16596991797872288
ETH,ethereum-above-3100-on-november-21,3100.0,1763744460,1763546400,0.8060462501084558,2.292361111111111,3088.24,2760.68,6.219270244623012,-0.11212432315485439,0,2025-11-21,False,0.46,1763560800,-0.46,0.23733146669548094
BTC,bitcoin-above-88k-on-november-21,88000.0,1763744460,1763561700,0.6004248958019966,2.1152777777777776,91485.9,84827.94,6.199841081082473,-0.07555989238350326,0,2025-11-21,False,0.81,1763562600,-0.81,-0.3415406751185859
BTC,bitcoin-above-90k-on-november-23,90000.0,1763917260,1763561700,0.5001225289111474,4.115277777777778,91485.9,86702.95,7.219975329098427,-0.0536969534639455,0,2025-11-23,False,0.62,1763567100,-0.62,-0.23230932074256716
SOL,solana-above-130-on-november-20,130.0,1763658060,1763561700,1.0947514458175587,1.1152777777777778,136.89,132.68,4.698056211575069,-0.031237469528569047,1,2025-11-20,False,0.8200000000000001,1763567100,0.17999999999999994,0.3267553877525807
XRP,xrp-above-2pt3-on-november-25,2.3,1764090060,1763562600,0.8442510446765521,6.104861111111111,2.102,2.1948,2.482824429644144,0.043201653747923945,0,2025-11-25,False,0.18000000000000002,1763570700,-0.18000000000000002,-0.2872621213263731
XRP,xrp-above-2pt3-on-november-21,2.3,1763744460,1763563500,1.0655681362357827,2.0944444444444446,2.1234,1.9546,2.907501569536835,-0.08283300867473746,0,2025-11-21,False,0.11,1763567100,-0.11,0.13083710273125743
SOL,solana-above-130-on-november-21,130.0,1763744460,1763563500,1.0286409800452945,2.0944444444444446,137.58,128.63,4.039923975321534,-0.06726550000724413,0,2025-11-21,False,0.76,1763567100,-0.76,-0.48825249380874364
XRP,xrp-above-2pt4-on-november-22,2.4,1763830860,1763563500,0.9656306687026925,3.0944444444444446,2.1234,1.9419,1.6332939309381342,-0.08935170235989855,0,2025-11-22,False,0.05,1763574300,-0.05,0.09593759318341287
XRP,xrp-above-2pt4-on-november-23,2.4,1763917260,1763563500,0.8992829301095793,4.094444444444444,2.1234,2.0546,1.7221720448109494,-0.03293739579730939,0,2025-11-23,False,0.060000000000000005,1763574300,-0.060000000000000005,-0.0032761377290001156
XRP,xrp-above-2pt5-on-november-24,2.5,1764003660,1763565300,0.8346896357362884,5.073611111111111,2.139,2.1263,1.0669580100124985,-0.005955050069749765,0,2025-11-24,False,0.03,1763579700,-0.03,-0.023646211628055
BTC,bitcoin-above-88k-on-november-23,88000.0,1763917260,1763566200,0.5209291781809301,4.063194444444444,91235.13,86702.95,5.954225886172962,-0.050952111696744476,0,2025-11-23,False,0.76,1763567100,-0.76,-0.4566196175800679
BTC,bitcoin-above-92k-on-november-21,92000.0,1763744460,1763566200,0.5360465714976465,2.0631944444444446,91235.13,84827.94,9.646389851912197,-0.07281505061630213,0,2025-11-21,False,0.39,1763567100,-0.39,0.31240236533156973
ETH,ethereum-above-2900-on-november-20,2900.0,1763658060,1763566200,0.8992924448138842,1.0631944444444446,3035.11,2859.12,5.41334603595735,-0.05973378249966764,0,2025-11-20,False,0.8200000000000001,1763567100,-0.8200000000000001,-0.49664036529268574
ETH,ethereum-above-3000-on-november-21,3000.0,1763744460,1763566200,0.823865342538051,2.0631944444444446,3035.11,2760.68,6.361891439910154,-0.09477064148187565,0,2025-11-21,False,0.55,1763567100,-0.55,0.05292053279833875
BTC,bitcoin-above-88k-on-november-25,88000.0,1764090060,1763566200,0.5104504538900343,6.063194444444444,91235.13,87191.19,5.308405420746089,-0.04533672657849166,0,2025-11-25,False,0.72,1763567100,-0.72,-0.47933427487185154
BTC,bitcoin-above-84k-on-november-23,84000.0,1763917260,1763567100,0.6117728628982815,4.052777777777778,90696.85,86702.95,3.166455926761059,-0.04503471805677168,1,2025-11-23,False,0.902,1763570700,0.09799999999999998,0.24060044990087795
XRP,xrp-above-2pt2-on-november-25,2.2,1764090060,1763567100,0.8475277067983695,6.052777777777777,2.1048,2.1948,3.288504700911683,0.04187047545873722,0,2025-11-25,False,0.29000000000000004,1763572500,-0.29000000000000004,-0.4276912553754646
ETH,ethereum-above-2900-on-november-21,2900.0,1763744460,1763567100,0.8706713940558886,2.0527777777777776,3003.35,2760.68,5.3820592662785955,-0.08425130613143586,0,2025-11-21,False,0.6900000000000001,1763568000,-0.6900000000000001,-0.23655447713923106
XRP,xrp-above-2pt2-on-november-24,2.2,1764003660,1763567100,0.8699966236445877,5.052777777777778,2.1048,2.1263,3.4677153880642213,0.010162929286572876,0,2025-11-24,False,0.28,1763571600,-0.28,-0.3152421462748573
ETH,ethereum-above-2700-on-november-21,2700.0,1763744460,1763567100,1.0337128380481118,2.0527777777777776,3003.35,2760.68,2.111689264296338,-0.08425130613143586,1,2025-11-21,False,0.916,1763571600,0.08399999999999996,0.2619125786606973
XRP,xrp-above-2pt3-on-november-22,2.3,1763830860,1763567100,0.9639422537527335,3.0527777777777776,2.1048,1.9419,2.60734476658032,-0.08055357550650878,0,2025-11-22,False,0.12,1763572500,-0.12,0.09003094352622831
BTC,bitcoin-above-86k-on-november-24,86000.0,1764003660,1763567100,0.5452884063077886,5.052777777777778,90696.85,87269.1,4.527072043149754,-0.03852617833950689,1,2025-11-24,False,0.81,1763569800,0.18999999999999995,0.3644107848901832
ETH,ethereum-above-2800-on-november-21,2800.0,1763744460,1763567100,0.9390491289351621,2.0527777777777776,3003.35,2760.68,3.5721992157565836,-0.08425130613143586,0,2025-11-21,False,0.83,1763569800,-0.83,-0.5290375503108169
ETH,ethereum-above-2800-on-november-20,2800.0,1763658060,1763567100,1.009553201972052,1.0527777777777778,3003.35,2859.12,3.301767333435607,-0.04921444714922785,1,2025-11-20,False,0.906,1763569800,0.09399999999999997,0.2564946539304136
ETH,ethereum-above-2900-on-november-19,2900.0,1763571660,1763568000,0.9521573325027982,0.04236111111111111,2973.16,2956.28,2.0615974603187053,-0.0056936390622480395,1,2025-11-19,False,0.964,1763568900,0.03600000000000003,0.047737991830701966
ETH,ethereum-above-3000-on-november-25,3000.0,1764090060,1763568900,0.7602869925027635,6.031944444444444,2980.07,2931.54,4.0539122941020675,-0.01641890795357919,0,2025-11-25,False,0.45,1763571600,-0.45,-0.38343918719125514
SOL,solana-above-130-on-november-22,130.0,1763830860,1763568900,0.9463856563919162,3.031944444444444,135.13,128.06,4.259989910635462,-0.05373837395933846,0,2025-11-22,False,0.67,1763570700,-0.67,-0.44107506911926275
XRP,xrp-above-2pt1-on-november-22,2.1,1763830860,1763572500,0.8984828482037654,2.990277777777778,2.0692,1.9419,4.78581232857668,-0.06349518390978577,0,2025-11-22,False,0.4,1763577000,-0.4,-0.09612396603930368
SOL,solana-above-130-on-november-24,130.0,1764003660,1763573400,0.9474621117500065,4.979861111111111,132.93,133.98,3.5665916400156124,0.007867861200613517,1,2025-11-24,False,0.56,1763577000,0.43999999999999995,0.41193855201708857
BTC,bitcoin-above-84k-on-november-24,84000.0,1764003660,1763574300,0.5715477240819723,4.969444444444444,89328.63,87269.1,4.029654886850132,-0.023325592903228297,1,2025-11-24,False,0.83,1763582400,0.17000000000000004,0.2639940894311707
XRP,xrp-above-2pt1-on-november-24,2.1,1764003660,1763574300,0.8532906759968746,4.969444444444444,2.0591,2.1263,3.8861775741569735,0.03211438589855499,1,2025-11-24,False,0.39,1763577000,0.61,0.48519779371321264
XRP,xrp-above-2pt1-on-november-25,2.1,1764090060,1763574300,0.8429119339044151,5.969444444444445,2.0591,2.1948,3.5989556077749416,0.06382193207071928,1,2025-11-25,False,0.39,1763581500,0.61,0.38030769967505346
ETH,ethereum-above-2700-on-november-23,2700.0,1763917260,1763574300,0.8580218905387419,3.9694444444444446,2927.7,2800.67,3.079960666509543,-0.044358457562204474,1,2025-11-23,False,0.81,1763577000,0.18999999999999995,0.3266223045186225
XRP,xrp-above-2-on-november-24,2.0,1764003660,1763578800,0.8762242112071686,4.917361111111111,2.0477,2.1263,3.85894857212914,0.03766616795814131,1,2025-11-24,False,0.56,1763658900,0.43999999999999995,0.2946481949403542
XRP,xrp-above-2-on-november-22,2.0,1763830860,1763581500,0.9370605494493367,2.886111111111111,2.0339,1.9419,4.7268275222618845,-0.046288256971875524,0,2025-11-22,False,0.5700000000000001,1763658900,-0.5700000000000001,-0.3512033929878083
ETH,ethereum-above-2700-on-november-24,2700.0,1764003660,1763587800,0.8914878826728021,4.813194444444444,2969.82,2864.84,2.6476450362416153,-0.03598884273248588,1,2025-11-24,False,0.83,1763588700,0.17000000000000004,0.26528568082074644
SOL,solana-above-140-on-november-24,140.0,1764003660,1763594100,0.9531749344796785,4.740277777777778,136.88,133.98,3.5489458676908265,-0.021414094503816584,0,2025-11-24,False,0.36,1763595000,-0.36,-0.2840025378003393
SOL,solana-above-140-on-november-23,140.0,1763917260,1763594100,0.9700145065850413,3.740277777777778,136.88,131.73,3.9081328524215673,-0.038350256342202335,0,2025-11-23,False,0.35000000000000003,1763595000,-0.35000000000000003,-0.2001221032902505
BTC,bitcoin-above-92k-on-november-23,92000.0,1763917260,1763596800,0.49004723411467,3.7090277777777776,91554.96,86702.95,8.015132208704427,-0.054451539115224726,0,2025-11-23,False,0.45,1763597700,-0.45,-0.013563715024033307
XRP,xrp-above-2pt2-on-november-23,2.2,1763917260,1763601300,0.8417693297238429,3.656944444444444,2.1247,2.0546,4.268317968760344,-0.03354943413942955,0,2025-11-23,False,0.3,1763658900,-0.3,-0.15680034742093113
XRP,xrp-above-1pt9-on-november-21,1.9,1763744460,1763601300,0.9107347550846414,1.6569444444444443,2.1247,1.9546,1.3077900371514293,-0.0834450470168576,1,2025-11-21,False,0.927,1763656200,0.07299999999999995,0.1821286011382789
XRP,xrp-above-2pt3-on-november-23,2.3,1763917260,1763601300,0.8384954672641207,3.656944444444444,2.1247,2.0546,2.92180081084878,-0.03354943413942955,0,2025-11-23,False,0.13,1763658900,-0.13,-0.031975236127897017
XRP,xrp-above-2pt3-on-november-24,2.3,1764003660,1763601300,0.8384954672641207,4.656944444444444,2.1247,2.1263,2.8487798971757545,0.0007527640910628098,0,2025-11-24,False,0.15000000000000002,1763658900,-0.15000000000000002,-0.15214445920993552
SOL,solana-above-110-on-november-22,110.0,1763830860,1763603100,1.1504013853062753,2.636111111111111,139.53,128.06,0.2383044069595197,-0.08578072781345916,1,2025-11-22,False,0.967,1763604000,0.03300000000000003,0.05344192547014239
SOL,solana-above-160-on-november-24,160.0,1764003660,1763604900,0.9544843138707826,4.615277777777777,143.65,133.98,2.1238677293699375,-0.06968925034517723,0,2025-11-24,False,0.106,1763605800,-0.106,0.042010749892104696
SOL,solana-above-140-on-november-25,140.0,1764090060,1763604900,0.962449406621399,5.615277777777778,143.65,136.28,3.301524262204461,-0.05266819263253282,0,2025-11-25,False,0.55,1763605800,-0.55,-0.3761146841772347
SOL,solana-above-140-on-november-26,140.0,1764176460,1763604900,0.9547178510156,6.615277777777777,143.65,137.14,3.0753335777193636,-0.04637748356908035,0,2025-11-26,False,0.54,1763605800,-0.54,-0.3973737675298792
XRP,xrp-above-2pt2-on-november-20,2.2,1763658060,1763613000,0.9499417396489341,0.5215277777777777,2.125,2.0078,6.847045328303935,-0.056732207101091045,0,2025-11-20,False,0.153,1763613900,-0.153,0.23544799359589677
SOL,solana-above-150-on-november-22,150.0,1763830860,1763614800,0.9659043665757857,2.5006944444444446,144.66,128.06,4.418091940469802,-0.12188725733047852,0,2025-11-22,False,0.28,1763615700,-0.28,0.25850910925775594
BTC,bitcoin-above-90k-on-november-20,90000.0,1763658060,1763631900,0.5661859376990683,0.30277777777777776,91692.3,87859.19,12.858326967655307,-0.04270298697838445,0,2025-11-20,False,0.853,1763633700,-0.853,-0.3039110309364058
ETH,ethereum-above-3100-on-november-22,3100.0,1763830860,1763634600,0.7186642489955539,2.2715277777777776,3017.49,2753.61,6.19689273814632,-0.09151258190432808,0,2025-11-22,False,0.28,1763647200,-0.28,0.287093654251951
BTC,bitcoin-above-90k-on-november-21,90000.0,1763744460,1763634600,0.5693301698146961,1.2715277777777778,91973.05,84827.94,9.744050382073459,-0.0808706296897131,0,2025-11-21,False,0.73,1763638200,-0.73,0.05800749012657025
SOL,solana-above-140-on-november-20,140.0,1763658060,1763634600,1.0228965574239708,0.27152777777777776,142.05,132.68,12.57418247792017,-0.06823889422134524,0,2025-11-20,False,0.67,1763646300,-0.67,0.18804830803068717
ETH,ethereum-above-3000-on-november-20,3000.0,1763658060,1763634600,0.7683936333294962,0.27152777777777776,3017.49,2859.12,18.369523598539836,-0.05391147480532277,0,2025-11-20,False,0.56,1763635500,-0.56,0.4303281086684623
BTC,bitcoin-above-92k-on-november-20,92000.0,1763658060,1763634600,0.5620351502946437,0.27152777777777776,91973.05,87859.19,26.015381143390744,-0.045760180059904364,0,2025-11-20,False,0.45,1763637300,-0.45,0.7404685254486012
ETH,ethereum-above-3100-on-november-24,3100.0,1764003660,1763634600,0.6897012454019499,4.271527777777778,3017.49,2864.84,4.938062945833327,-0.051912857797506214,0,2025-11-24,False,0.33,1763647200,-0.33,-0.0736510404978199
ETH,ethereum-above-3100-on-november-21,3100.0,1763744460,1763634600,0.7469990403350235,1.2715277777777778,3017.49,2760.68,7.401430905695311,-0.08894833378753077,0,2025-11-21,False,0.24000000000000002,1763646300,-0.24000000000000002,0.41834494670513267
BTC,bitcoin-above-88k-on-november-24,88000.0,1764003660,1763647200,0.49024184119829056,4.125694444444445,91529.36,87269.1,5.870673463852577,-0.047663346829494926,0,2025-11-24,False,0.78,1763651700,-0.78,-0.5001840545696823
ETH,ethereum-above-2800-on-november-25,2800.0,1764090060,1763649000,0.7842908231721755,5.104861111111111,3013.02,2931.54,3.2609008282139267,-0.02741501580782059,1,2025-11-25,False,0.79,1763649900,0.20999999999999996,0.29939764775322003
ETH,ethereum-above-2900-on-november-20,2900.0,1763658060,1763652600,0.8407683791590617,0.06319444444444444,2988.26,2859.12,0.9306521202590702,-0.04417739303349998,0,2025-11-20,False,0.958,1763654400,-0.958,-0.9168862155058549
BTC,bitcoin-above-90k-on-november-22,90000.0,1763830860,1763652600,0.5092011460096636,2.0631944444444446,90629.88,84629.38,10.283130918634791,-0.06850247235308123,0,2025-11-22,False,0.56,1763654400,-0.56,0.1444198914568945
ETH,ethereum-above-3000-on-november-21,3000.0,1763744460,1763652600,0.7736852375988398,1.0631944444444446,2988.26,2760.68,9.49128560409112,-0.07921425201570793,0,2025-11-21,False,0.43,1763654400,-0.43,0.32184508979553467
ETH,ethereum-above-2900-on-november-21,2900.0,1763744460,1763653500,0.8166986340418161,1.0527777777777778,2988.11,2760.68,7.313199441523491,-0.07916405432044081,0,2025-11-21,False,0.75,1763654400,-0.75,-0.17105748215501704
BTC,bitcoin-above-86k-on-november-24,86000.0,1764003660,1763654400,0.5001161117117708,4.042361111111111,89869.88,87269.1,5.460115770333222,-0.029366398107578684,1,2025-11-24,False,0.81,1763655300,0.18999999999999995,0.350343933425074
BTC,bitcoin-above-84k-on-november-25,84000.0,1764090060,1763657100,0.5409022178828317,5.011111111111111,88224.76,87191.19,4.777874059595323,-0.011784355539508523,1,2025-11-25,False,0.8,1763658900,0.19999999999999996,0.25630416664126615
ETH,ethereum-above-2800-on-november-21,2800.0,1763744460,1763657100,0.874402444997284,1.011111111111111,2868.4,2760.68,7.644545526422381,-0.03827735683141241,0,2025-11-21,False,0.6900000000000001,1763658000,-0.6900000000000001,-0.39738700307115316
BTC,bitcoin-above-84k-on-november-23,84000.0,1763917260,1763658000,0.5451291115518893,3.000694444444444,87878.1,86702.95,5.439397068231011,-0.013462718308740637,1,2025-11-23,False,0.824,1763658900,0.17600000000000005,0.24922907049898382
ETH,ethereum-above-2700-on-november-21,2700.0,1763744460,1763658000,1.0126915590840475,1.0006944444444446,2862.68,2760.68,4.213260854688563,-0.03628122280456141,1,2025-11-21,False,0.86,1763658900,0.14,0.2928622558026926
BTC,bitcoin-above-86k-on-november-22,86000.0,1763830860,1763658900,0.5699649952548586,1.9902777777777778,87049.92,84629.38,9.146190833733817,-0.028200259553860386,0,2025-11-22,False,0.61,1763660700,-0.61,-0.3520750445595676
SOL,solana-above-130-on-november-24,130.0,1764003660,1763660700,0.8831805394271328,3.9694444444444446,132.25,133.98,4.289139722929183,0.012996464341712711,1,2025-11-24,False,0.56,1763661600,0.43999999999999995,0.3842563485343273
ETH,ethereum-above-2800-on-november-23,2800.0,1763917260,1763661600,0.7851699844372594,2.959027777777778,2833.66,2800.67,5.59290693020951,-0.011710488028768562,1,2025-11-23,False,0.55,1763666100,0.44999999999999996,0.5154956696522351
BTC,bitcoin-above-86k-on-november-23,86000.0,1763917260,1763661600,0.5581797695608,2.959027777777778,87233.81,86702.95,7.67749542638252,-0.00610407654262664,1,2025-11-23,False,0.62,1763664300,0.38,0.42686401973830485
XRP,xrp-above-2pt1-on-november-24,2.1,1764003660,1763662500,0.8348579035487861,3.9486111111111115,2.0119,2.1263,3.9774818436581483,0.05530383081746535,1,2025-11-24,False,0.28,1763664300,0.72,0.5000300170387896
SOL,solana-above-130-on-november-23,130.0,1763917260,1763662500,0.9274088055303994,2.948611111111111,134.34,131.73,4.498073314892596,-0.019619526596982784,1,2025-11-23,False,0.65,1763664300,0.35,0.4382500690367138
XRP,xrp-above-2-on-november-26,2.0,1764176460,1763662500,0.8419585764383135,5.948611111111111,2.0119,2.1938,3.7115689084771892,0.08655565078204337,1,2025-11-26,False,0.5,1763664300,0.5,0.1787427377043585
BTC,bitcoin-above-84k-on-november-24,84000.0,1764003660,1763662500,0.600112370235808,3.9486111111111115,87698.62,87269.1,5.1435370029086975,-0.0049097154927651935,1,2025-11-24,False,0.78,1763663400,0.21999999999999997,0.24525330331079187
BTC,bitcoin-above-88k-on-november-23,88000.0,1763917260,1763667000,0.5454809657289695,2.8965277777777776,86928.0,86702.95,7.901932832700003,-0.002592281226665246,0,2025-11-23,False,0.39,1763669700,-0.39,-0.36951596786342206
XRP,xrp-above-2-on-november-21,2.0,1763744460,1763667000,0.9415910401059119,0.8965277777777778,1.9996,1.9546,8.54568071976524,-0.022761591634679963,0,2025-11-21,False,0.48,1763669700,-0.48,-0.28548670521634567
XRP,xrp-above-2-on-november-22,2.0,1763830860,1763670600,0.927126381467117,1.854861111111111,2.0155,1.9419,6.015037021372359,-0.037200428337646245,0,2025-11-22,False,0.54,1763683200,-0.54,-0.31623804633814845
XRP,xrp-above-2pt1-on-november-22,2.1,1763830860,1763670600,0.8755587456684657,1.854861111111111,2.0155,1.9419,5.040420958827673,-0.037200428337646245,0,2025-11-22,False,0.22,1763683200,-0.22,-0.03249418132956097
BTC,bitcoin-above-90k-on-november-24,90000.0,1764003660,1763675100,0.5236349661861488,3.8027777777777776,87595.92,87269.1,6.474706224772605,-0.00373797321544827,0,2025-11-24,False,0.29000000000000004,1763682300,-0.29000000000000004,-0.26579772155390385
SOL,solana-above-130-on-november-27,130.0,1764262860,1763679600,0.8910891899467,6.750694444444444,136.45,142.15,3.1081883749972716,0.0409245909426615,1,2025-11-27,False,0.63,1763680500,0.37,0.2427986621805009
ETH,ethereum-above-2900-on-november-24,2900.0,1764003660,1763699400,0.7988749699897846,3.5215277777777776,2809.77,2864.84,4.610847690114535,0.019409872722985944,0,2025-11-24,False,0.33,1763706600,-0.33,-0.41949596681019685
ETH,ethereum-above-2900-on-november-23,2900.0,1763917260,1763702100,0.7961392461588958,2.4902777777777776,2824.47,2800.67,5.520875190413957,-0.008462062106677867,0,2025-11-23,False,0.32,1763703900,-0.32,-0.2732820112555001
BTC,bitcoin-above-82k-on-november-27,82000.0,1764262860,1763722800,0.6471678817660756,6.250694444444445,82703.61,91452.06,4.70252663013244,0.10055164772338368,1,2025-11-27,False,0.53,1763728200,0.47,-0.0028468011229077494
BTC,bitcoin-above-78k-on-november-27,78000.0,1764262860,1763722800,0.6947673548722108,6.250694444444445,82703.61,91452.06,3.6682034059189785,0.10055164772338368,1,2025-11-27,False,0.75,1763728200,0.25,-0.11884389664968131
BTC,bitcoin-above-80k-on-november-26,80000.0,1764176460,1763729100,0.7358384528327856,5.177777777777778,83010.37,87880.5,4.238687903580884,0.05701239732560693,1,2025-11-26,False,0.672,1763730000,0.32799999999999996,0.08634224110180269
BTC,bitcoin-above-88k-on-november-24,88000.0,1764003660,1763733600,0.7100164425419269,3.1256944444444446,84115.28,87269.1,4.6853964835123545,0.03680820935810305,0,2025-11-24,False,0.21000000000000002,1763734500,-0.21000000000000002,-0.3824610546908426
BTC,bitcoin-above-86k-on-november-26,86000.0,1764176460,1763733600,0.683900322094619,5.125694444444444,84115.28,87880.5,4.685819089274519,0.04378969813525556,1,2025-11-26,False,0.38,1763739000,0.62,0.4148093965642507
BTC,bitcoin-above-88k-on-november-26,88000.0,1764176460,1763733600,0.6723502477284632,5.125694444444444,84115.28,87880.5,4.165916802904631,0.04378969813525556,0,2025-11-26,False,0.26,1763739900,-0.26,-0.4424242392557827
BTC,bitcoin-above-90k-on-november-23,90000.0,1763917260,1763734500,0.7466016828670946,2.1152777777777776,83828.33,86702.95,3.10066563683013,0.03371689140040243,0,2025-11-23,False,0.060000000000000005,1763740800,-0.060000000000000005,-0.16454480654596115
BTC,bitcoin-above-88k-on-november-25,88000.0,1764090060,1763734500,0.6775898851245896,4.115277777777778,83828.33,87191.19,4.3064786559615245,0.03933227651865522,0,2025-11-25,False,0.22,1763740800,-0.22,-0.38938360931796534
ETH,ethereum-above-2900-on-november-26,2900.0,1764176460,1763736300,0.9064795213969663,5.094444444444445,2760.43,2949.03,3.264024998750398,0.066089838025975,1,2025-11-26,False,0.28,1763739900,0.72,0.504281116519853
BTC,bitcoin-above-92k-on-november-23,92000.0,1763917260,1763736300,0.7349440925861122,2.0944444444444446,84916.47,86702.95,2.443239845586468,0.020819841146533978,0,2025-11-23,False,0.025,1763739900,-0.025,-0.07586786546799247
BTC,bitcoin-above-84k-on-november-27,84000.0,1764262860,1763736300,0.668162780568419,6.094444444444444,84916.47,91452.06,4.604989974328047,0.07414683311767649,1,2025-11-27,False,0.54,1763739000,0.45999999999999996,0.11855457686492488
ETH,ethereum-above-2900-on-november-22,2900.0,1763830860,1763737200,0.9994930246829408,1.0840277777777778,2770.35,2753.61,5.029915621722367,-0.006060887929819992,0,2025-11-22,False,0.17,1763738100,-0.17,-0.1395142451202899
ETH,ethereum-above-2800-on-november-25,2800.0,1764090060,1763737200,0.9208434892817763,4.084027777777778,2770.35,2931.54,4.044881049482366,0.05655421621284268,1,2025-11-25,False,0.44,1763738100,0.56,0.33124492257234434
ETH,ethereum-above-2800-on-november-27,2800.0,1764262860,1763737200,0.9159806442685589,6.084027777777777,2770.35,3019.61,3.3361379968035725,0.08615401796686958,1,2025-11-27,False,0.44,1763739000,0.56,0.2725783070834288
ETH,ethereum-above-2700-on-november-27,2700.0,1764262860,1763737200,0.9411710260980716,6.084027777777777,2770.35,3019.61,3.2459810333588686,0.08615401796686958,1,2025-11-27,False,0.5700000000000001,1763738100,0.42999999999999994,0.15034569173188206
ETH,ethereum-above-2500-on-november-26,2500.0,1764176460,1763742600,1.018795427934007,5.021527777777778,2718.64,2949.03,2.7169955622396333,0.08134454745515139,1,2025-11-26,False,0.769,1763743500,0.23099999999999998,0.009987225551962381
ETH,ethereum-above-3000-on-november-23,3000.0,1763917260,1763746200,0.847407560905676,1.979861111111111,2794.46,2800.67,3.230051751238585,0.00221978847675057,0,2025-11-23,False,0.09,1763748900,-0.09,-0.0971700316567074
ETH,ethereum-above-3000-on-november-24,3000.0,1764003660,1763746200,0.8466455348100834,2.9798611111111106,2794.46,2864.84,3.27050369120065,0.02487361639046191,0,2025-11-24,False,0.15000000000000002,1763748000,-0.15000000000000002,-0.2313492542185147
ETH,ethereum-above-2800-on-november-24,2800.0,1764003660,1763748000,0.8753344391106793,2.959027777777778,2780.48,2864.84,5.02042753845481,0.029888927516190763,1,2025-11-24,False,0.46,1763748900,0.54,0.3899448052028362
BTC,bitcoin-above-86k-on-november-22,86000.0,1763830860,1763748000,0.6533115045320312,0.9590277777777778,84877.07,84629.38,10.95611262688841,-0.0029224867406740926,0,2025-11-22,False,0.327,1763748900,-0.327,-0.2949809061185866
BTC,bitcoin-above-86k-on-november-23,86000.0,1763917260,1763750700,0.6016179914939299,1.9277777777777778,84529.65,86702.95,8.367154522762734,0.025385548192057246,1,2025-11-23,False,0.32,1763755200,0.6799999999999999,0.4675951956320168
ETH,ethereum-above-2800-on-november-23,2800.0,1763917260,1763752500,0.8163850590445003,1.9069444444444443,2768.8,2800.67,6.599939519539847,0.011444660932186077,1,2025-11-23,False,0.41000000000000003,1763754300,0.59,0.5144659300259313
ETH,ethereum-above-2700-on-november-22,2700.0,1763830860,1763756100,0.8367461043013187,0.8652777777777777,2746.07,2753.61,9.057713334019306,0.0027419794330189244,1,2025-11-22,False,0.656,1763757000,0.344,0.31916393632793777
BTC,bitcoin-above-86k-on-november-25,86000.0,1764090060,1763756100,0.6095641969341935,3.8652777777777776,84214.93,87191.19,5.948386647880789,0.03473107225659315,1,2025-11-25,False,0.35000000000000003,1763757000,0.6499999999999999,0.4434061535222983
ETH,ethereum-above-2800-on-november-22,2800.0,1763830860,1763756100,0.7753016998883158,0.8652777777777777,2746.07,2753.61,9.163616906225943,0.0027419794330189244,0,2025-11-22,False,0.27,1763757000,-0.27,-0.29512644908893604
BTC,bitcoin-above-84k-on-november-23,84000.0,1763917260,1763756100,0.5930862184873676,1.8652777777777778,84214.93,86702.95,9.402327572596672,0.02911568713834047,1,2025-11-23,False,0.516,1763757000,0.484,0.2102447720240831
ETH,ethereum-above-2700-on-november-23,2700.0,1763917260,1763756100,0.8351842953124571,1.8652777777777778,2746.07,2800.67,6.470608243411783,0.01968787562612958,1,2025-11-23,False,0.61,1763757000,0.39,0.26260746967830007
BTC,bitcoin-above-84k-on-november-24,84000.0,1764003660,1763756100,0.6273021891894884,2.8652777777777776,84214.93,87269.1,7.176695080507071,0.03562422685560531,1,2025-11-24,False,0.52,1763757000,0.48,0.22433578637850948
BTC,bitcoin-above-88k-on-november-23,88000.0,1763917260,1763759700,0.5433333951619443,1.823611111111111,84622.62,86702.95,6.05983676142331,0.024286301822361713,0,2025-11-23,False,0.12,1763764200,-0.12,-0.26717102458216946
ETH,ethereum-above-2700-on-november-26,2700.0,1764176460,1763766900,0.8611558204486096,4.740277777777778,2730.53,2949.03,4.05640335836537,0.0769805731729419,1,2025-11-26,False,0.54,1763767800,0.45999999999999996,0.14773574445238735
BTC,bitcoin-above-84k-on-november-26,84000.0,1764176460,1763770500,0.5932929046809927,4.698611111111111,85515.71,87880.5,5.769174896776954,0.027277835322766772,1,2025-11-26,False,0.61,1763771400,0.39,0.23262939721747827
ETH,ethereum-above-2400-on-november-27,2400.0,1764262860,1763780400,0.7015900932584125,5.584027777777778,2752.84,3019.61,1.4104440089114056,0.09249457791950613,1,2025-11-27,False,0.9,1763781300,0.09999999999999998,-0.030458423283356628
ETH,ethereum-above-2900-on-november-23,2900.0,1763917260,1763793900,0.6835996303754309,1.4277777777777776,2762.62,2800.67,4.780804471475564,0.01367916945672769,0,2025-11-23,False,0.08,1763800200,-0.08,-0.1453974345047957
BTC,bitcoin-above-86k-on-november-23,86000.0,1763917260,1763839800,0.42527682858310684,0.8965277777777778,84617.88,86702.95,13.971735851449557,0.02434231678333422,1,2025-11-23,False,0.19,1763844300,0.81,0.4698955798909471
ETH,ethereum-above-2800-on-november-23,2800.0,1763917260,1763842500,0.5817172341649496,0.8652777777777777,2755.8,2800.67,11.932609884381987,0.016150892693517906,1,2025-11-23,False,0.28,1763844300,0.72,0.5272776982037354
BTC,bitcoin-above-84k-on-november-24,84000.0,1764003660,1763845200,0.5659283788510759,1.8340277777777778,84474.41,87269.1,9.872971387060518,0.03254780003868965,1,2025-11-24,False,0.5700000000000001,1763846100,0.42999999999999994,0.10865650150624978
BTC,bitcoin-above-88k-on-november-23,88000.0,1763917260,1763852400,0.5356301899979772,0.7506944444444446,85072.88,86702.95,6.12277952916221,0.018979607694971673,0,2025-11-23,False,0.034,1763854200,-0.034,-0.1502079534663021
BTC,bitcoin-above-86k-on-november-25,86000.0,1764090060,1763852400,0.5316614494769074,2.7506944444444446,85072.88,87191.19,8.360934696523092,0.024594992813224414,1,2025-11-25,False,0.41000000000000003,1763856000,0.59,0.3843628712271759
ETH,ethereum-above-2900-on-november-23,2900.0,1763917260,1763880300,0.6926171683435658,0.4277777777777778,2811.7,2800.67,7.07821230221926,-0.003930608352916485,0,2025-11-23,False,0.06999999999999999,1763883900,-0.06999999999999999,-0.04217831960118075
ETH,ethereum-above-2800-on-november-27,2800.0,1764262860,1763910000,0.8608705216587618,4.084027777777778,2814.88,3019.61,4.380658901401821,0.07020805206616366,1,2025-11-27,False,0.52,1763918100,0.48,0.17244247176627758
ETH,ethereum-above-2900-on-november-27,2900.0,1764262860,1763910900,0.8364512493906031,4.073611111111111,2820.87,3019.61,4.23555565331077,0.06808233596606382,1,2025-11-27,False,0.37,1763917200,0.63,0.34163347700833524
BTC,bitcoin-above-90k-on-november-26,90000.0,1764176460,1763927100,0.5669959992697972,2.886111111111111,87631.34,87880.5,6.786184748106206,0.0028392405592599155,0,2025-11-26,False,0.29000000000000004,1763928000,-0.29000000000000004,-0.3092676109794542
ETH,ethereum-above-2800-on-november-24,2800.0,1764003660,1763936100,0.8871599570070944,0.7819444444444444,2835.78,2864.84,9.318978372220585,0.010195470571990675,1,2025-11-24,False,0.63,1763939700,0.37,0.27498863024500747
BTC,bitcoin-above-86k-on-november-25,86000.0,1764090060,1763940600,0.6118070560791747,1.7298611111111113,87064.04,87191.19,9.13064372719226,0.0014593538749580603,1,2025-11-25,False,0.63,1763941500,0.37,0.35667515969586044
BTC,bitcoin-above-84k-on-november-26,84000.0,1764176460,1763941500,0.6370915562521289,2.7194444444444446,86854.24,87880.5,6.131013273625187,0.01174662577719297,1,2025-11-26,False,0.75,1763943300,0.25,0.17798128143972214
BTC,bitcoin-above-86k-on-november-24,86000.0,1764003660,1763942400,0.6439621076008414,0.7090277777777778,86830.0,87269.1,13.336384287969688,0.005044264227213088,1,2025-11-24,False,0.64,1763943300,0.36,0.29272775381582783
BTC,bitcoin-above-88k-on-november-25,88000.0,1764090060,1763947800,0.5933808330432113,1.6465277777777778,86827.47,87191.19,9.393787562083931,0.004180247447612698,0,2025-11-25,False,0.36,1763948700,-0.36,-0.39926835647981723
BTC,bitcoin-above-88k-on-november-26,88000.0,1764176460,1763947800,0.5773961537478466,2.6465277777777776,86827.47,87880.5,7.763137829912341,0.01205489082377734,0,2025-11-26,False,0.39,1763948700,-0.39,-0.48358377898952903
BTC,bitcoin-above-88k-on-november-27,88000.0,1764262860,1763949600,0.5831563869544828,3.625694444444444,87068.51,91452.06,6.71123298835231,0.04911962052751195,1,2025-11-27,False,0.42,1763958600,0.5800000000000001,0.2503467823404146
ETH,ethereum-above-2900-on-november-25,2900.0,1764090060,1763954100,0.8623697898164375,1.5736111111111113,2840.43,2931.54,6.517148553915712,0.031572433058019544,1,2025-11-25,False,0.34,1763958600,0.6599999999999999,0.45423776355232726
ETH,ethereum-above-2900-on-november-24,2900.0,1764003660,1763957700,0.8551221587043873,0.5319444444444444,2858.37,2864.84,10.997581711553872,0.002260969894940642,0,2025-11-24,False,0.3,1763958600,-0.3,-0.3248652011669731
ETH,ethereum-above-3000-on-november-27,3000.0,1764262860,1763957700,0.825972551029859,3.5319444444444446,2858.37,3019.61,4.0113955507015255,0.0548761516848085,1,2025-11-27,False,0.24000000000000002,1763958600,0.76,0.5398700492919372
BTC,bitcoin-above-90k-on-november-25,90000.0,1764090060,1763962200,0.5575753353020756,1.479861111111111,87630.5,87191.19,8.35885840910253,-0.0050258171592394325,0,2025-11-25,False,0.21000000000000002,1763964900,-0.21000000000000002,-0.1679899059758797
ETH,ethereum-above-2900-on-november-26,2900.0,1764176460,1763962200,0.8375865745825792,2.479861111111111,2877.93,2949.03,5.717901592608119,0.024405016998137512,1,2025-11-26,False,0.43,1763963100,0.5700000000000001,0.43045451443872135
BTC,bitcoin-above-88k-on-november-24,88000.0,1764003660,1763962200,0.5947090280982382,0.4798611111111111,87630.5,87269.1,18.11285956778055,-0.004132662560227502,0,2025-11-24,False,0.41000000000000003,1763964900,-0.41000000000000003,-0.33514566340557483
ETH,ethereum-above-3000-on-november-25,3000.0,1764090060,1764015300,0.7597376210655764,0.8652777777777777,2976.22,2931.54,10.494504129316152,-0.01512615674899416,0,2025-11-25,False,0.4,1764020700,-0.4,-0.24125848553699744
ETH,ethereum-above-3000-on-november-26,3000.0,1764176460,1764016200,0.7584203988732363,1.854861111111111,2978.51,2949.03,7.2850340766318435,-0.009946872754255941,0,2025-11-26,False,0.43,1764020700,-0.43,-0.3575366930293246
BTC,bitcoin-above-90k-on-november-26,90000.0,1764176460,1764018000,0.5101247165433146,1.8340277777777778,89089.06,87880.5,10.548974209917704,-0.013658606471896699,0,2025-11-26,False,0.37,1764020700,-0.37,-0.22591571258454668
BTC,bitcoin-above-86k-on-november-25,86000.0,1764090060,1764032400,0.5569163572501814,0.6673611111111111,88100.0,87191.19,10.149043241298777,-0.010369239241379061,1,2025-11-25,False,0.84,1764036000,0.16000000000000003,0.2652378574401283
ETH,ethereum-above-2900-on-november-25,2900.0,1764090060,1764041400,0.7585953230567947,0.5631944444444444,2926.88,2931.54,12.819033239610281,0.0015908729598846467,1,2025-11-25,False,0.61,1764042300,0.39,0.3696065466472415
BTC,bitcoin-above-90k-on-november-27,90000.0,1764262860,1764048600,0.4873404380316632,2.479861111111111,88005.95,91452.06,8.404328754372884,0.03841047472477338,1,2025-11-27,False,0.27,1764055800,0.73,0.4071857428014742
ETH,ethereum-above-3000-on-november-27,3000.0,1764262860,1764056700,0.7477662928833381,2.386111111111111,2918.1,3019.61,5.857637215611769,0.034194964413395305,1,2025-11-27,False,0.29000000000000004,1764057600,0.71,0.5096983038655756
BTC,bitcoin-above-88k-on-november-25,88000.0,1764090060,1764072900,0.498672272007613,0.1986111111111111,87680.92,87191.19,32.60380899132812,-0.005601022144632461,0,2025-11-25,False,0.35000000000000003,1764075600,-0.35000000000000003,-0.16738534384020426
BTC,bitcoin-above-88k-on-november-27,88000.0,1764262860,1764072900,0.5026345035670502,2.198611111111111,87680.92,91452.06,10.161920339965704,0.04211058470825708,1,2025-11-27,False,0.44,1764078300,0.56,0.13207559272531372
ETH,ethereum-above-2900-on-november-27,2900.0,1764262860,1764072900,0.7245329796838104,2.198611111111111,2921.88,3019.61,7.055126621596849,0.03290043925136545,1,2025-11-27,False,0.53,1764078300,0.47,0.23788323517546167
ETH,ethereum-above-2900-on-november-26,2900.0,1764176460,1764072900,0.7304642113083747,1.198611111111111,2921.88,2949.03,9.4113901584847,0.009249057997977832,1,2025-11-26,False,0.54,1764078300,0.45999999999999996,0.3729535065825772
BTC,bitcoin-above-86k-on-november-28,86000.0,1764349260,1764081000,0.4964620838228155,3.104861111111111,87180.07,90893.58,8.389930985169586,0.04171362188014085,1,2025-11-28,False,0.61,1764081900,0.39,0.04002559128415828
BTC,bitcoin-above-90k-on-november-28,90000.0,1764349260,1764081000,0.48476071118547304,3.104861111111111,87180.07,90893.58,6.8139862190795775,0.04171362188014085,1,2025-11-28,False,0.2,1764083700,0.8,0.515763955360824
ETH,ethereum-above-3000-on-november-28,3000.0,1764349260,1764081000,0.6953436196099123,3.104861111111111,2913.41,3022.26,5.520321442950443,0.036680679445054216,1,2025-11-28,False,0.29000000000000004,1764081900,0.71,0.5075108587174757
BTC,bitcoin-above-88k-on-november-26,88000.0,1764176460,1764081000,0.5077363522010734,1.104861111111111,87180.07,87880.5,13.43707759064728,0.008002187330541843,0,2025-11-26,False,0.34,1764081900,-0.34,-0.4475260120553854
ETH,ethereum-above-2900-on-november-28,2900.0,1764349260,1764081000,0.7085513549269983,3.104861111111111,2913.41,3022.26,6.100308689760016,0.036680679445054216,1,2025-11-28,False,0.5,1764081900,0.5,0.27623653243503415
BTC,bitcoin-above-88k-on-november-28,88000.0,1764349260,1764081000,0.48523220722196864,3.104861111111111,87180.07,90893.58,8.67847901554294,0.04171362188014085,1,2025-11-28,False,0.39,1764081900,0.61,0.24798920785090478
ETH,ethereum-above-2800-on-november-28,2800.0,1764349260,1764081000,0.7379304585540039,3.104861111111111,2913.41,3022.26,5.040662562662395,0.036680679445054216,1,2025-11-28,False,0.72,1764081900,0.28,0.09510507234829521
ETH,ethereum-above-3100-on-november-27,3100.0,1764262860,1764095400,0.6984300279010701,1.9381944444444446,2949.49,3019.61,4.738433070200722,0.023495409924670613,0,2025-11-27,False,0.12,1764098100,-0.12,-0.23133142738498147
BTC,bitcoin-above-86k-on-november-27,86000.0,1764262860,1764098100,0.4820496417305365,1.9069444444444443,86949.89,91452.06,10.952989418011677,0.05048292484903486,1,2025-11-27,False,0.62,1764099000,0.38,-0.1729389416617576
BTC,bitcoin-above-88k-on-november-30,88000.0,1764522060,1764104400,0.4708473981544054,4.834027777777778,87382.7,91748.01,7.272251128698784,0.04874847476091445,1,2025-11-30,False,0.43,1764108900,0.5700000000000001,0.21548884939759577
BTC,bitcoin-above-90k-on-november-30,90000.0,1764522060,1764111600,0.45732490394857656,4.750694444444445,87642.41,91748.01,6.6272549069925155,0.04578078411801705,1,2025-11-30,False,0.28,1764112500,0.72,0.41659907380790645
ETH,ethereum-above-3000-on-november-26,3000.0,1764176460,1764112500,0.6923099147821326,0.7402777777777778,2976.86,2949.03,12.357506016301508,-0.00939275099785132,0,2025-11-26,False,0.35000000000000003,1764115200,-0.35000000000000003,-0.23392902303443036
ETH,ethereum-above-3100-on-november-29,3100.0,1764435660,1764112500,0.6664929351609333,3.740277777777778,2976.86,3003.5,4.834888404873475,0.008909221588852823,0,2025-11-29,False,0.24000000000000002,1764116100,-0.24000000000000002,-0.283075092156393
ETH,ethereum-above-3200-on-november-30,3200.0,1764522060,1764115200,0.6830791722194537,4.709027777777778,2959.36,3039.99,2.974072177142112,0.026881197197378776,0,2025-11-30,False,0.12,1764129600,-0.12,-0.19994662067299473
ETH,ethereum-above-3200-on-november-29,3200.0,1764435660,1764122400,0.6782854832183576,3.625694444444444,2970.32,3003.5,3.096993672799456,0.011108584189706157,0,2025-11-29,False,0.09999999999999999,1764129600,-0.09999999999999999,-0.13440321494928004
BTC,bitcoin-above-94k-on-november-30,94000.0,1764522060,1764125100,0.45245019515422924,4.594444444444445,87889.95,91748.01,3.1621317238558433,0.0429603336427071,0,2025-11-30,False,0.060000000000000005,1764126900,-0.060000000000000005,-0.19584623387903558
BTC,bitcoin-above-90k-on-november-29,90000.0,1764435660,1764126900,0.425688536691514,3.573611111111111,87704.0,91009.1,7.744029075984199,0.03699199314494456,1,2025-11-29,False,0.24000000000000002,1764128700,0.76,0.4735329295069412
BTC,bitcoin-above-90k-on-november-27,90000.0,1764262860,1764135000,0.45387568654929267,1.479861111111111,87549.48,91452.06,8.626638042952955,0.04361078130258616,1,2025-11-27,False,0.13,1764136800,0.87,0.4937855749322088
ETH,ethereum-above-3100-on-november-28,3100.0,1764349260,1764140400,0.6973483152723481,2.417361111111111,2946.38,3022.26,4.587340066855226,0.02542759770653798,0,2025-11-28,False,0.13,1764145800,-0.13,-0.24664503776307775
BTC,bitcoin-above-86k-on-november-26,86000.0,1764176460,1764159300,0.45423836999756234,0.1986111111111111,86559.81,87880.5,31.314960875248943,0.015142316990399283,1,2025-11-26,False,0.68,1764160200,0.31999999999999995,-0.1541810641149709
ETH,ethereum-above-2900-on-november-26,2900.0,1764176460,1764164700,0.6559953715416724,0.1361111111111111,2923.93,2949.03,25.621274862429424,0.008547700928886195,1,2025-11-26,False,0.71,1764169200,0.29000000000000004,0.07099700505916351
ETH,ethereum-above-2900-on-november-27,2900.0,1764262860,1764165600,0.6563704076432786,1.1256944444444443,2934.25,3019.61,10.450697231010631,0.028675799976666298,1,2025-11-27,False,0.6,1764169200,0.4,0.10031789658683882
ETH,ethereum-above-3000-on-december-1,3000.0,1764608460,1764165600,0.6403192171438328,5.125694444444444,2934.25,2735.22,4.978956036796009,-0.07024001260231956,0,2025-12-01,False,0.35000000000000003,1764169200,-0.35000000000000003,-0.00027806522905332587
BTC,bitcoin-above-92k-on-december-1,92000.0,1764608460,1764180000,0.3957540637390282,4.959027777777778,89830.79,84618.21,7.47372168238373,-0.05977829791529482,0,2025-12-01,False,0.28,1764180900,-0.28,0.16676636126553301
BTC,bitcoin-above-86k-on-december-2,86000.0,1764694860,1764180000,0.46531371265044946,5.959027777777778,89830.79,90913.0,5.239900543740527,0.011975215667445986,1,2025-12-02,False,0.79,1764180900,0.20999999999999996,0.14725106091273965
ETH,ethereum-above-2900-on-november-29,2900.0,1764435660,1764180900,0.6492144710723472,2.948611111111111,3038.65,3003.5,5.078242073805865,-0.011635062530425757,1,2025-11-29,False,0.77,1764181800,0.22999999999999998,0.2890856640733702
BTC,bitcoin-above-88k-on-november-27,88000.0,1764262860,1764180900,0.44220003443700456,0.9486111111111111,90050.57,91452.06,10.620668914591507,0.01544349913494407,1,2025-11-27,False,0.83,1764181800,0.17000000000000004,0.005979708804978751
ETH,ethereum-above-3000-on-december-2,3000.0,1764694860,1764180900,0.664944765402824,5.948611111111111,3038.65,3005.59,4.672116397715748,-0.010939449689121788,1,2025-12-02,False,0.53,1764181800,0.47,0.5211103822745323
ETH,ethereum-above-2900-on-december-2,2900.0,1764694860,1764180900,0.6836625927717753,5.948611111111111,3038.65,3005.59,4.050957250270529,-0.010939449689121788,1,2025-12-02,False,0.6900000000000001,1764181800,0.30999999999999994,0.35431524303211753
ETH,ethereum-above-3200-on-december-2,3200.0,1764694860,1764180900,0.6543575868446199,5.948611111111111,3038.65,3005.59,3.8381899788926463,-0.010939449689121788,0,2025-12-02,False,0.22,1764181800,-0.22,-0.1780123138286125
ETH,ethereum-above-3300-on-november-30,3300.0,1764522060,1764180900,0.6161722792329809,3.9486111111111115,3038.65,3039.99,2.606606177520906,0.0004408881005309394,0,2025-11-30,False,0.061,1764181800,-0.061,-0.062149221646439406
BTC,bitcoin-above-88k-on-november-30,88000.0,1764522060,1764190800,0.40218277687501575,3.8340277777777776,89866.82,91748.01,8.589203889856504,0.02071700072612409,1,2025-11-30,False,0.71,1764191700,0.29000000000000004,0.11205745677701498
BTC,bitcoin-above-90k-on-december-1,90000.0,1764608460,1764194400,0.40365005320604014,4.792361111111111,90195.99,84618.21,8.622885667551023,-0.06383547764104526,0,2025-12-01,False,0.48,1764195300,-0.48,0.07044602523224297
BTC,bitcoin-above-88k-on-december-1,88000.0,1764608460,1764196200,0.42651736699895704,4.771527777777777,90336.91,84618.21,7.171832384587704,-0.06539663384715451,0,2025-12-01,False,0.68,1764197100,-0.68,-0.21098630353195297
BTC,bitcoin-above-84k-on-november-28,84000.0,1764349260,1764196200,0.5371150273672042,1.7715277777777778,90336.91,90893.58,1.6719040083318928,0.006143246102811703,1,2025-11-28,False,0.96,1764197100,0.040000000000000036,0.02972908221653987
ETH,ethereum-above-3000-on-november-30,3000.0,1764522060,1764198000,0.6050366120649541,3.7506944444444446,3027.88,3039.99,6.457789122952376,0.003991521268017587,1,2025-11-30,False,0.54,1764198900,0.45999999999999996,0.4342235973713629
ETH,ethereum-above-2900-on-november-30,2900.0,1764522060,1764201600,0.6196889079136857,3.7090277777777776,3026.56,3039.99,5.161556930321622,0.004427564905716485,1,2025-11-30,False,0.75,1764202500,0.25,0.22714687167645028
ETH,ethereum-above-2600-on-december-2,2600.0,1764694860,1764207900,0.7679447432531857,5.636111111111111,3039.99,3005.59,1.1798668595953523,-0.011380337789652728,1,2025-12-02,False,0.93,1764208800,0.06999999999999995,0.08342728340901183
ETH,ethereum-above-3200-on-december-1,3200.0,1764608460,1764208800,0.6338491596580516,4.625694444444445,3052.6,2735.22,4.386572803519966,-0.10978181510310786,0,2025-12-01,False,0.2,1764209700,-0.2,0.2815659244523504
BTC,bitcoin-above-98k-on-december-2,98000.0,1764694860,1764208800,0.4235289574679874,5.625694444444444,91145.78,90913.0,2.8266269660049934,-0.0025571974815024974,0,2025-12-02,False,0.041,1764209700,-0.041,-0.03377175664138499
ETH,ethereum-above-3300-on-december-2,3300.0,1764694860,1764208800,0.6573349478454947,5.625694444444444,3052.6,3005.59,2.9777298967851547,-0.015519798349501568,0,2025-12-02,False,0.13,1764209700,-0.13,-0.08378623246261228
ETH,ethereum-above-3200-on-november-30,3200.0,1764522060,1764210600,0.5937865531517469,3.6048611111111106,3067.47,3039.99,5.117315072004667,-0.00899889166496944,0,2025-11-30,False,0.18000000000000002,1764211500,-0.18000000000000002,-0.13394983605151473
SOL,solana-above-130-on-november-30,130.0,1764522060,1764214200,0.8880322636022395,3.5631944444444446,143.1,139.24,2.619006053474256,-0.027344623619167015,1,2025-11-30,False,0.84,1764215100,0.16000000000000003,0.23161573478857356
SOL,solana-above-140-on-december-1,140.0,1764608460,1764214200,0.7796100964217664,4.563194444444444,143.1,123.69,4.478991580499671,-0.1457652511754868,0,2025-12-01,False,0.5,1764215100,-0.5,0.15288133274442517
SOL,solana-above-140-on-november-30,140.0,1764522060,1764214200,0.7846149136386614,3.5631944444444446,143.1,139.24,4.995492993355426,-0.027344623619167015,0,2025-11-30,False,0.5,1764215100,-0.5,-0.36340012430450985
SOL,solana-above-150-on-december-1,150.0,1764608460,1764214200,0.7584176215164798,4.563194444444444,143.1,123.69,3.934887504949988,-0.1457652511754868,0,2025-12-01,False,0.19,1764215100,-0.19,0.3835698655063195
SOL,solana-above-140-on-november-29,140.0,1764435660,1764214200,0.7934467476795121,2.5631944444444446,143.1,137.78,5.742541002606298,-0.037885476397355365,0,2025-11-29,False,0.51,1764215100,-0.51,-0.29244109838491367
XRP,xrp-above-2pt3-on-november-27,2.3,1764262860,1764220500,0.8794758546406378,0.4902777777777778,2.2161,2.2149,6.24991572173589,-0.0005416384695721768,0,2025-11-27,False,0.045000000000000005,1764233100,-0.045000000000000005,-0.04161480521352389
XRP,xrp-above-2pt3-on-november-28,2.3,1764349260,1764233100,0.8480993395011563,1.3444444444444446,2.1963,2.1911,5.066710323332076,-0.002370425507071981,0,2025-11-28,False,0.14,1764240300,-0.14,-0.12798974061262874
SOL,solana-above-140-on-november-28,140.0,1764349260,1764234000,0.7330269829974382,1.3340277777777778,142.59,138.69,8.338220967158703,-0.02773215262578407,0,2025-11-28,False,0.66,1764237600,-0.66,-0.428763183511242
BTC,bitcoin-above-94k-on-november-30,94000.0,1764522060,1764269100,0.3383569232413132,2.9277777777777776,91760.31,91748.01,9.475825969958986,-0.0001340538676221099,0,2025-11-30,False,0.182,1764273600,-0.182,-0.18072972887981295
ETH,ethereum-above-3000-on-december-2,3000.0,1764694860,1764269100,0.5975903356884283,4.927777777777777,3034.61,3005.59,5.696792944435336,-0.009609027281417193,1,2025-12-02,False,0.53,1764270000,0.47,0.524740638819664
BTC,bitcoin-above-92k-on-december-1,92000.0,1764608460,1764270000,0.3612339613409539,3.9173611111111115,91791.99,84618.21,10.626962505576016,-0.0813755472410015,0,2025-12-01,False,0.47000000000000003,1764273600,-0.47000000000000003,0.39477488940085276
XRP,xrp-above-2pt2-on-november-28,2.2,1764349260,1764271800,0.7106397744148076,0.8965277777777778,2.222,2.1911,10.936693221909163,-0.014003990385940558,0,2025-11-28,False,0.5700000000000001,1764272700,-0.5700000000000001,-0.4168426532664029
BTC,bitcoin-above-94k-on-november-29,94000.0,1764435660,1764272700,0.3393958750744136,1.8861111111111113,91712.79,91009.1,9.701190033039666,-0.0077023445732658305,0,2025-11-29,False,0.132,1764283500,-0.132,-0.05727809159479637
BTC,bitcoin-above-92k-on-november-30,92000.0,1764522060,1764275400,0.33284748377510653,2.8548611111111115,91429.56,91748.01,13.210729617925479,0.0034769575862152674,0,2025-11-30,False,0.4,1764283500,-0.4,-0.44593314656448474
SOL,solana-above-150-on-november-30,150.0,1764522060,1764276300,0.7202079915915984,2.844444444444444,142.64,139.24,4.471759963851329,-0.024124910611646667,0,2025-11-30,False,0.18000000000000002,1764278100,-0.18000000000000002,-0.07211919059534638
ETH,ethereum-above-3000-on-november-28,3000.0,1764349260,1764277200,0.5351500319573367,0.8340277777777777,3038.93,3022.26,13.822714539071612,-0.005500583889035977,1,2025-11-28,False,0.68,1764283500,0.31999999999999995,0.3960330008963606
SOL,solana-above-140-on-december-2,140.0,1764694860,1764279900,0.8136499704031764,4.802777777777778,142.14,139.8,4.24577797486278,-0.01659965759903907,0,2025-12-02,False,0.56,1764283500,-0.56,-0.4895215393757364
BTC,bitcoin-above-92k-on-november-28,92000.0,1764349260,1764282600,0.3544410623702183,0.7715277777777778,91569.77,90893.58,23.43353039152877,-0.007411823750315235,0,2025-11-28,False,0.365,1764283500,-0.365,-0.1913148028903332
BTC,bitcoin-above-92k-on-november-29,92000.0,1764435660,1764315000,0.3434696541392756,1.3965277777777778,91481.34,91009.1,18.072341166753997,-0.005175515540609926,0,2025-11-29,False,0.38,1764315900,-0.38,-0.28646631743626016
ETH,ethereum-above-3000-on-november-29,3000.0,1764435660,1764320400,0.5106739555765929,1.3340277777777778,3065.24,3003.5,10.244873603848818,-0.020347594440317265,1,2025-11-29,False,0.74,1764328500,0.26,0.46845853318342734
BTC,bitcoin-above-94k-on-december-1,94000.0,1764608460,1764340200,0.31260051523081905,3.104861111111111,92964.17,84618.21,12.779690878949657,-0.0940646584244011,0,2025-12-01,False,0.32,1764341100,-0.32,0.8821172572978337
BTC,bitcoin-above-92k-on-december-4,92000.0,1764867660,1764340200,0.403100382281544,6.104861111111111,92964.17,92506.18,7.5376720827306745,-0.00493869700350581,1,2025-12-04,False,0.5700000000000001,1764341100,0.42999999999999994,0.4672262785283913
BTC,bitcoin-above-94k-on-december-4,94000.0,1764867660,1764340200,0.3922108914252396,6.104861111111111,92964.17,92506.18,7.634678123271148,-0.00493869700350581,0,2025-12-04,False,0.38,1764341100,-0.38,-0.3422946380298694
BTC,bitcoin-above-94k-on-december-3,94000.0,1764781260,1764340200,0.3751725970886101,5.104861111111111,92964.17,92312.73,8.66516728740474,-0.007032098275559465,0,2025-12-03,False,0.37,1764341100,-0.37,-0.3090656920608068
BTC,bitcoin-above-90k-on-december-4,90000.0,1764867660,1764340200,0.42175831462599994,6.104861111111111,92964.17,92506.18,6.2285967148347545,-0.00493869700350581,1,2025-12-04,False,0.73,1764341100,0.27,0.3007611519316006
BTC,bitcoin-above-90k-on-december-3,90000.0,1764781260,1764340200,0.4073667744726159,5.104861111111111,92964.17,92312.73,6.710368273591131,-0.007032098275559465,1,2025-12-03,False,0.75,1764341100,0.25,0.29718796916508916
BTC,bitcoin-above-90k-on-november-30,90000.0,1764522060,1764341100,0.3169885865283465,2.0944444444444446,92010.5,91748.01,11.000712573318205,-0.0028569036452755965,1,2025-11-30,False,0.8200000000000001,1764347400,0.17999999999999994,0.21142797585134182
ETH,ethereum-above-3000-on-december-2,3000.0,1764694860,1764355500,0.5680943081802846,3.927777777777778,3039.95,3005.59,6.642087748365524,-0.011367179765066751,1,2025-12-02,False,0.53,1764356400,0.47,0.5455018054510183
ETH,ethereum-above-3200-on-december-2,3200.0,1764694860,1764360000,0.5441848933642063,3.8756944444444446,3050.0,3005.59,4.8125154050207,-0.014667702469937238,0,2025-12-02,False,0.17,1764368100,-0.17,-0.09941145590716688
BTC,bitcoin-above-92k-on-november-30,92000.0,1764522060,1764362700,0.2585604017262882,1.8444444444444443,91124.18,91748.01,18.864909350415438,0.006822605666088423,0,2025-11-30,False,0.26,1764367200,-0.26,-0.38870783742438886
ETH,ethereum-above-3000-on-november-29,3000.0,1764435660,1764419400,0.4281303766131777,0.18819444444444447,2995.31,3003.5,40.47695698335225,0.002730543253954878,1,2025-11-29,False,0.4,1764427500,0.6,0.4894759181684857
BTC,bitcoin-above-88k-on-december-1,88000.0,1764608460,1764419400,0.3373089354221227,2.1881944444444446,90557.25,84618.21,8.490689715001514,-0.06783275570947198,0,2025-12-01,False,0.87,1764427500,-0.87,-0.29405311875737605
BTC,bitcoin-above-88k-on-december-3,88000.0,1764781260,1764432000,0.42069596040028345,4.042361111111111,91063.5,92312.73,6.797741175524269,0.013624986461494635,1,2025-12-03,False,0.79,1764438300,0.20999999999999996,0.11738086851473717
ETH,ethereum-above-3000-on-november-30,3000.0,1764522060,1764442800,0.4416957190750418,0.9173611111111111,2994.72,3039.99,17.94236999215527,0.015003487890586894,1,2025-11-30,False,0.46,1764446400,0.54,0.2708018690942688
BTC,bitcoin-above-92k-on-november-30,92000.0,1764522060,1764459900,0.29606550084245437,0.7194444444444444,90850.75,91748.01,19.091062574941827,0.009827747152071943,0,2025-11-30,False,0.13,1764460800,-0.13,-0.3176221358509118
ETH,ethereum-above-3100-on-november-30,3100.0,1764522060,1764470700,0.5287350226485675,0.5944444444444444,2996.99,3039.99,5.244860488968618,0.014245774280079686,0,2025-11-30,False,0.026000000000000002,1764480600,-0.026000000000000002,-0.10071709865635531
BTC,bitcoin-above-90k-on-december-2,90000.0,1764694860,1764495000,0.40379855469601517,2.3131944444444446,91420.71,90913.0,11.10661173210168,-0.005569033967243025,1,2025-12-02,False,0.6900000000000001,1764503100,0.30999999999999994,0.37185309799705407
ETH,ethereum-above-3000-on-december-1,3000.0,1764608460,1764516600,0.5661378739065893,1.0631944444444446,3035.83,2735.22,12.177832594587942,-0.10427299183993562,0,2025-12-01,False,0.64,1764517500,-0.64,0.6298190387635704
BTC,bitcoin-above-94k-on-december-2,94000.0,1764694860,1764522000,0.42916575820213015,2.000694444444444,91825.18,90913.0,9.459032907703488,-0.00998354669499312,0,2025-12-02,False,0.2,1764522900,-0.2,-0.1055653032764657
BTC,bitcoin-above-94k-on-december-3,94000.0,1764781260,1764532800,0.4230390562407936,2.875694444444444,91460.79,92312.73,8.031376010418755,0.009271695976983163,0,2025-12-03,False,0.22,1764535500,-0.22,-0.2944644766454387
BTC,bitcoin-above-92k-on-december-2,92000.0,1764694860,1764533700,0.4263594689424461,1.8652777777777778,91563.0,90913.0,12.898088173666507,-0.007124254688036798,0,2025-12-02,False,0.43,1764534600,-0.43,-0.3381107348620444
ETH,ethereum-above-2900-on-december-2,2900.0,1764694860,1764548100,0.6727856194030308,1.698611111111111,2917.0,3005.59,8.645018000120796,0.029918197263798577,1,2025-12-02,False,0.54,1764549000,0.45999999999999996,0.2013566461232965
ETH,ethereum-above-2800-on-december-2,2800.0,1764694860,1764548100,0.7355073644426947,1.698611111111111,2917.0,3005.59,5.816107812928113,0.029918197263798577,1,2025-12-02,False,0.78,1764549000,0.21999999999999997,0.04599253914529658
ETH,ethereum-above-2800-on-december-1,2800.0,1764608460,1764548100,0.7927332019374861,0.6986111111111111,2917.0,2735.22,5.849268981730358,-0.0643438194898077,0,2025-12-01,False,0.881,1764549000,-0.881,-0.5046356924922105
BTC,bitcoin-above-86k-on-december-3,86000.0,1764781260,1764548100,0.5006331401358867,2.698611111111111,88920.0,92312.73,6.973823502527235,0.03744496272939803,1,2025-12-03,False,0.78,1764549000,0.21999999999999997,-0.04113456113353242
ETH,ethereum-above-2700-on-december-2,2700.0,1764694860,1764549000,0.8351820009859771,1.6881944444444443,2893.54,3005.59,3.4581355420530495,0.03799322212470425,1,2025-12-02,False,0.881,1764549900,0.119,-0.012385711786556036
BTC,bitcoin-above-88k-on-december-3,88000.0,1764781260,1764549000,0.4973778428433152,2.688194444444444,88375.56,92312.73,9.317599964133775,0.043586590995070014,1,2025-12-03,False,0.54,1764549900,0.45999999999999996,0.0538775813076221
BTC,bitcoin-above-86k-on-december-1,86000.0,1764608460,1764549000,0.5989629222347923,0.6881944444444444,88375.56,84618.21,8.981184030247448,-0.04344596915377163,0,2025-12-01,False,0.824,1764549900,-0.824,-0.433803755657523
ETH,ethereum-above-2800-on-december-4,2800.0,1764867660,1764549000,0.7221870980687968,3.6881944444444446,2893.54,3173.25,5.039128559081346,0.09227563326147067,1,2025-12-04,False,0.65,1764549900,0.35,-0.11498877887519349
ETH,ethereum-above-2700-on-december-3,2700.0,1764781260,1764549000,0.7675642246244246,2.688194444444444,2893.54,3091.38,3.6071408723151004,0.06613692712975797,1,2025-12-03,False,0.84,1764549900,0.16000000000000003,-0.07856521301907535
BTC,bitcoin-above-86k-on-december-2,86000.0,1764694860,1764549000,0.5639425646327939,1.6881944444444443,88375.56,90913.0,8.191107506651203,0.028307544428969118,1,2025-12-02,False,0.763,1764549900,0.237,0.005129860333008607
BTC,bitcoin-above-84k-on-december-3,84000.0,1764781260,1764549000,0.5684832604689223,2.688194444444444,88375.56,92312.73,4.8782535936869245,0.043586590995070014,1,2025-12-03,False,0.854,1764549900,0.14600000000000002,-0.06662644415826241
ETH,ethereum-above-2900-on-december-3,2900.0,1764781260,1764549000,0.6799578810469157,2.688194444444444,2893.54,3091.38,6.821154611264828,0.06613692712975797,1,2025-12-03,False,0.47000000000000003,1764549900,0.53,0.07886979453396559
ETH,ethereum-above-2900-on-december-4,2900.0,1764867660,1764549000,0.6943414935755171,3.6881944444444446,2893.54,3173.25,5.70303557175722,0.09227563326147067,1,2025-12-04,False,0.47000000000000003,1764549900,0.53,0.003748781103409038
ETH,ethereum-above-2600-on-december-4,2600.0,1764867660,1764549000,0.8159197467870664,3.6881944444444446,2893.54,3173.25,2.1902802676204267,0.09227563326147067,1,2025-12-04,False,0.899,1764550800,0.10099999999999998,-0.10110949871477837
ETH,ethereum-above-2700-on-december-4,2700.0,1764867660,1764549000,0.7622640534077602,3.6881944444444446,2893.54,3173.25,3.5809955880024384,0.09227563326147067,1,2025-12-04,False,0.8,1764550800,0.19999999999999996,-0.13043863558945756
BTC,bitcoin-above-86k-on-december-4,86000.0,1764867660,1764549000,0.5147018603331668,3.6881944444444446,88375.56,92506.18,6.802016507331072,0.04567999226712369,1,2025-12-04,False,0.7,1764549900,0.30000000000000004,-0.010716061455731007
BTC,bitcoin-above-84k-on-december-4,84000.0,1764867660,1764549900,0.5483870260719585,3.6777777777777776,87735.34,92506.18,5.417613449553491,0.0529506702355374,1,2025-12-04,False,0.79,1764550800,0.20999999999999996,-0.07686626323091916
BTC,bitcoin-above-84k-on-december-2,84000.0,1764694860,1764550800,0.6589930124150962,1.667361111111111,87000.0,90913.0,6.681652430825941,0.04399488660470934,1,2025-12-02,False,0.791,1764558900,0.20899999999999996,-0.08495854102626782
BTC,bitcoin-above-82k-on-december-3,82000.0,1764781260,1764550800,0.6290387733074694,2.667361111111111,87000.0,92312.73,4.168234942027412,0.05927393317081005,1,2025-12-03,False,0.849,1764563400,0.15100000000000002,-0.09606767939396807
BTC,bitcoin-above-90k-on-december-4,90000.0,1764867660,1764576000,0.5027868624335965,3.3756944444444446,86550.3,92506.18,5.834450541027321,0.0665497052767304,1,2025-12-04,False,0.19,1764589500,0.81,0.42171903604297156
BTC,bitcoin-above-88k-on-december-4,88000.0,1764867660,1764577800,0.5036935759649371,3.354861111111111,86649.99,92506.18,7.785971201227084,0.06539855234264795,1,2025-12-04,False,0.38,1764586800,0.62,0.11080875485820096
BTC,bitcoin-above-88k-on-december-2,88000.0,1764694860,1764578700,0.4850031601263504,1.3444444444444446,86797.57,90913.0,12.066093124156055,0.04632437937657181,1,2025-12-02,False,0.31,1764580500,0.69,0.13104572452355034
BTC,bitcoin-above-82k-on-december-2,82000.0,1764694860,1764593100,0.6736339656483306,1.1777777777777778,85484.0,90913.0,5.892435079667048,0.061573781331348346,1,2025-12-02,False,0.871,1764603900,0.129,-0.233819509104585
BTC,bitcoin-above-86k-on-december-2,86000.0,1764694860,1764638100,0.5471908345646285,0.6569444444444444,86771.05,90913.0,16.03099489841663,0.04662996457055883,1,2025-12-02,False,0.644,1764640800,0.356,-0.3915247241439769
ETH,ethereum-above-2900-on-december-4,2900.0,1764867660,1764638100,0.7099878815980124,2.6569444444444446,2804.35,3173.25,5.553474662920902,0.12358451622007433,1,2025-12-04,False,0.26,1764646200,0.74,0.05367652044248006
BTC,bitcoin-above-86k-on-december-4,86000.0,1764867660,1764657900,0.5155796666175128,2.4277777777777776,87148.81,92506.18,9.084807730803961,0.05965833584311664,1,2025-12-04,False,0.63,1764658800,0.37,-0.1719845106744451
ETH,ethereum-above-2800-on-december-2,2800.0,1764694860,1764675000,0.620831684839012,0.2298611111111111,2829.46,3005.59,20.540343564329483,0.06038800742214816,1,2025-12-02,False,0.73,1764679500,0.27,-0.9703904196162019
BTC,bitcoin-above-90k-on-december-2,90000.0,1764694860,1764688500,0.5610173217411404,0.07361111111111111,90665.59,90913.0,32.770032720581064,0.002725102701913695,1,2025-12-02,False,0.713,1764689400,0.28700000000000003,0.19769829529134436
ETH,ethereum-above-3000-on-december-2,3000.0,1764694860,1764692100,0.7382790279103577,0.03194444444444444,3016.76,3005.59,41.83700497306925,-0.0037095196422535217,1,2025-12-02,False,0.6880000000000001,1764693000,0.31199999999999994,0.4671951917206586
BTC,bitcoin-above-92k-on-december-3,92000.0,1764781260,1764692100,0.5381798463766756,1.0319444444444446,90897.99,92312.73,12.680340204747285,0.015444163097660212,1,2025-12-03,False,0.296,1764693000,0.704,0.5081627577440648
ETH,ethereum-above-3000-on-december-5,3000.0,1764954060,1764692100,0.6863710556278028,3.031944444444444,3016.76,3029.41,6.366664892484485,0.00418447329739627,1,2025-12-05,False,0.51,1764693000,0.49,0.46335886076392835
ETH,ethereum-above-3000-on-december-3,3000.0,1764781260,1764692100,0.7213642665384273,1.0319444444444446,3016.76,3091.38,10.318641754650704,0.02443418536280024,1,2025-12-03,False,0.531,1764693000,0.469,0.2168723946745344
ETH,ethereum-above-2900-on-december-3,2900.0,1764781260,1764703800,0.7070051812319432,0.8965277777777778,3019.99,3091.38,5.948062530290224,0.023364073031418926,1,2025-12-03,False,0.87,1764706500,0.13,-0.00897096735314723
BTC,bitcoin-above-94k-on-december-6,94000.0,1765040460,1764705600,0.48911816351606535,3.8756944444444446,91903.39,89685.64,7.078448134421361,-0.02442724954001999,0,2025-12-06,False,0.301,1764707400,-0.301,-0.12809298106440045
ETH,ethereum-above-3400-on-december-7,3400.0,1765126860,1764728100,0.6853072750375546,4.615277777777777,3044.84,3036.73,1.7567409170220882,-0.0026670760370763355,0,2025-12-07,False,0.04,1764729000,-0.04,-0.03531463839685888
BTC,bitcoin-above-92k-on-december-4,92000.0,1764867660,1764728100,0.4836978778207648,1.6152777777777778,92883.91,92506.18,11.918011474743443,-0.004074980736009,1,2025-12-04,False,0.614,1764729900,0.386,0.4345656671711138
BTC,bitcoin-above-94k-on-december-5,94000.0,1764954060,1764738000,0.4724058011553408,2.5006944444444446,93362.21,88799.43,10.013059350760006,-0.05010642844757859,0,2025-12-05,False,0.423,1764747900,-0.423,0.07871864190021399
ETH,ethereum-above-3500-on-december-9,3500.0,1765299660,1764742500,0.6795259352467794,6.448611111111111,3069.57,3366.98,1.4382048928183633,0.09247871351286813,0,2025-12-09,False,0.04,1764743400,-0.04,-0.17300333825575465
BTC,bitcoin-above-94k-on-december-3,94000.0,1764781260,1764753300,0.5096864655981047,0.3236111111111111,92976.66,92312.73,20.15511571270627,-0.00716644208825296,0,2025-12-03,False,0.199,1764760500,-0.199,-0.05455953046285325
BTC,bitcoin-above-94k-on-december-4,94000.0,1764867660,1764754200,0.4983798929743755,1.3131944444444443,92934.49,92506.18,12.337528627542088,-0.004619383241349859,0,2025-12-04,False,0.311,1764765000,-0.311,-0.254008227018258
BTC,bitcoin-above-88k-on-december-6,88000.0,1765040460,1764763200,0.5189318694496984,3.2090277777777776,93005.68,89685.64,4.41491559570558,-0.03634989949412205,1,2025-12-06,False,0.87,1764771300,0.13,0.29048173817892975
BTC,bitcoin-above-96k-on-december-9,96000.0,1765299660,1764769500,0.47082308167017656,6.136111111111111,93209.38,94309.91,5.727115065157236,0.011737913851563546,0,2025-12-09,False,0.29000000000000004,1764771300,-0.29000000000000004,-0.3572243832528074
BTC,bitcoin-above-90k-on-december-4,90000.0,1764867660,1764772200,0.5679535147338132,1.104861111111111,92540.06,92506.18,8.705900667622153,-0.0003661787494690382,1,2025-12-04,False,0.81,1764778500,0.18999999999999995,0.19318791581947148
BTC,bitcoin-above-90k-on-december-5,90000.0,1764954060,1764772200,0.5333930251152487,2.104861111111111,92540.06,88799.43,7.885515624067984,-0.04126140078831246,0,2025-12-05,False,0.74,1764778500,-0.74,-0.41463257941283105
ETH,ethereum-above-3100-on-december-3,3100.0,1764781260,1764773100,0.698494283849345,0.09444444444444444,3131.78,3091.38,23.6362194075391,-0.01298393985053955,0,2025-12-03,False,0.666,1764774000,-0.666,-0.35910874891835676
ETH,ethereum-above-3100-on-december-4,3100.0,1764867660,1764773100,0.6815995359224076,1.0944444444444443,3131.78,3173.25,10.347928550791838,0.013154766281173229,1,2025-12-04,False,0.5720000000000001,1764774000,0.42799999999999994,0.2918754184200537
BTC,bitcoin-above-92k-on-december-8,92000.0,1765213260,1764798300,0.4591032426935165,4.802777777777778,93489.64,89903.83,7.28681722494227,-0.03911008455439383,0,2025-12-08,False,0.61,1764808200,-0.61,-0.3250119622000944
BTC,bitcoin-above-92k-on-december-7,92000.0,1765126860,1764799200,0.4376652385197591,3.7923611111111115,93700.0,89848.11,8.293734676424313,-0.041977611294479085,0,2025-12-07,False,0.66,1764807300,-0.66,-0.31184882957351795
SOL,solana-above-140-on-december-4,140.0,1764867660,1764810900,0.7430420238693828,0.6569444444444444,146.78,142.67,4.204914567074428,-0.02840059599019375,1,2025-12-04,False,0.89,1764813600,0.10999999999999999,0.22942207979276127
SOL,solana-above-150-on-december-7,150.0,1765126860,1764814500,0.7255651196413245,3.615277777777778,145.03,131.89,4.868887327006927,-0.09497237573436541,0,2025-12-07,False,0.27,1764827100,-0.27,0.19240979662879198
SOL,solana-above-150-on-december-8,150.0,1765213260,1764815400,0.7173009162105081,4.604861111111111,145.44,135.46,4.52698009852452,-0.07108723664241104,0,2025-12-08,False,0.31,1764824400,-0.31,0.0118105055392978
BTC,bitcoin-above-92k-on-december-4,92000.0,1764867660,1764815400,0.4716235449776378,0.6048611111111111,93800.01,92506.18,12.607836937635087,-0.013889509524533944,1,2025-12-04,False,0.8190000000000001,1764819900,0.18099999999999994,0.3561166712290533
SOL,solana-above-140-on-december-5,140.0,1764954060,1764820800,0.7522105594741842,1.542361111111111,144.67,132.18,6.6196472505093436,-0.09029065659919194,0,2025-12-05,False,0.74,1764826200,-0.74,-0.14230770329647568
ETH,ethereum-above-3200-on-december-4,3200.0,1764867660,1764837000,0.6829489659950481,0.3548611111111111,3180.09,3173.25,17.889799961790267,-0.002153198992237679,0,2025-12-04,False,0.341,1764851400,-0.341,-0.30247970075093955
XRP,xrp-above-2pt5-on-december-8,2.5,1765213260,1764858600,0.9089646556148211,4.104861111111111,2.1383,2.0711,1.0271940432509263,-0.03193125371348438,0,2025-12-08,False,0.02,1765085400,-0.02,0.01279959360802518
ETH,ethereum-above-3100-on-december-5,3100.0,1764954060,1764858600,0.7092848737983362,1.104861111111111,3186.8,3029.41,8.067794216816106,-0.050649397435041175,0,2025-12-05,False,0.75,1764860400,-0.75,-0.34137108428835433
ETH,ethereum-above-3200-on-december-6,3200.0,1765040460,1764858600,0.6349873833705396,2.104861111111111,3186.8,3051.71,8.223566767928379,-0.04331518927575702,0,2025-12-06,False,0.444,1764860400,-0.444,-0.08779464892535688
BTC,bitcoin-above-90k-on-december-5,90000.0,1764954060,1764858600,0.5266684994682121,1.104861111111111,92791.49,88799.43,8.019646209406904,-0.04397470194240481,0,2025-12-05,False,0.85,1764860400,-0.85,-0.49733844825779483
ETH,ethereum-above-3100-on-december-6,3100.0,1765040460,1764858600,0.6610215588338149,2.104861111111111,3186.8,3051.71,6.924212525804247,-0.04331518927575702,0,2025-12-06,False,0.7,1764860400,-0.7,-0.40007642385922143
ETH,ethereum-above-3200-on-december-5,3200.0,1764954060,1764858600,0.6653462679993564,1.104861111111111,3186.8,3029.41,10.804777582966421,-0.050649397435041175,0,2025-12-05,False,0.431,1764860400,-0.431,0.1162554739968899
BTC,bitcoin-above-92k-on-december-5,92000.0,1764954060,1764858600,0.48938157820631856,1.104861111111111,92791.49,88799.43,14.144753933253876,-0.04397470194240481,0,2025-12-05,False,0.61,1764860400,-0.61,0.012011338263497318
BTC,bitcoin-above-94k-on-december-8,94000.0,1765213260,1764858600,0.41320031746512276,4.104861111111111,92791.49,89903.83,8.65758238017772,-0.031614389538809275,0,2025-12-08,False,0.37,1764860400,-0.37,-0.09629581816873001
ETH,ethereum-above-3100-on-december-4,3100.0,1764867660,1764859500,0.7170996443712987,0.09444444444444444,3176.69,3173.25,3.711740785964694,-0.0010834749104789317,1,2025-12-04,False,0.935,1764860400,0.06499999999999995,0.06902157801579405
BTC,bitcoin-above-90k-on-december-10,90000.0,1765386060,1764861300,0.48247613515370225,6.073611111111111,92649.5,92113.77,5.8311746810368295,-0.005799112576535188,1,2025-12-10,False,0.68,1764870300,0.31999999999999995,0.35381563842877417
BTC,bitcoin-above-94k-on-december-5,94000.0,1764954060,1764862200,0.47392896990816563,1.0631944444444446,92576.58,88799.43,12.954284451085854,-0.04165596283820475,0,2025-12-05,False,0.23500000000000001,1764868500,-0.23500000000000001,0.304623191689966
ETH,ethereum-above-3300-on-december-6,3300.0,1765040460,1764863100,0.6280721882185767,2.0527777777777776,3214.61,3051.71,7.157987011326393,-0.0520039547066915,0,2025-12-06,False,0.255,1764864900,-0.255,0.11724363232810381
XRP,xrp-above-2pt3-on-december-6,2.3,1765040460,1764865800,0.9006330037933366,2.0215277777777776,2.1471,2.0349,3.394303576014964,-0.05367141679251803,0,2025-12-06,False,0.08,1764876600,-0.08,0.10217708194863355
BTC,bitcoin-above-96k-on-december-7,96000.0,1765126860,1764867600,0.39407611666924763,3.000694444444444,92431.72,89848.11,6.245159754816193,-0.028349631830486152,0,2025-12-07,False,0.11199999999999999,1764875700,-0.11199999999999999,0.06504797977160826
SOL,solana-above-150-on-december-6,150.0,1765040460,1764868500,0.7281835139588207,1.9902777777777778,142.32,132.97,4.480613104971138,-0.06795450448896515,0,2025-12-06,False,0.123,1764874800,-0.123,0.18147784335507727
BTC,bitcoin-above-92k-on-december-10,92000.0,1765386060,1764868500,0.4629855783973601,5.990277777777778,92267.7,92113.77,6.724877936788384,-0.0016696909484598878,1,2025-12-10,False,0.5,1764875700,0.5,0.5112284678205532
BTC,bitcoin-above-92k-on-december-6,92000.0,1765040460,1764870300,0.43130882570522006,1.9694444444444443,91979.99,89685.64,12.588799721137844,-0.025260386329552357,0,2025-12-06,False,0.48,1764875700,-0.48,-0.16200205561869707
BTC,bitcoin-above-90k-on-december-9,90000.0,1765299660,1764871200,0.4651000854271498,4.959027777777778,92426.76,94309.91,6.6088300278910195,0.020169727147432835,1,2025-12-09,False,0.68,1764875700,0.31999999999999995,0.18670170157367716
BTC,bitcoin-above-94k-on-december-6,94000.0,1765040460,1764881100,0.4243353710906897,1.8444444444444443,92309.82,89685.64,10.935984497946265,-0.028839860985975106,0,2025-12-06,False,0.25,1764885600,-0.25,0.06539227266554903
SOL,solana-above-140-on-december-7,140.0,1765126860,1764884700,0.7413221788387867,2.8027777777777776,139.52,131.89,6.118899723262535,-0.05623971832287631,0,2025-12-07,False,0.46,1764885600,-0.46,-0.11587480311778925
BTC,bitcoin-above-96k-on-december-6,96000.0,1765040460,1764889200,0.41455447090957925,1.7506944444444443,92348.78,89685.64,5.4741400715654915,-0.029261828883252426,0,2025-12-06,False,0.053,1764901800,-0.053,0.10718335005710461
BTC,bitcoin-above-90k-on-december-8,90000.0,1765213260,1764901800,0.42336141905427643,3.6048611111111106,92567.81,89903.83,7.688354168743607,-0.029200913564574382,0,2025-12-08,False,0.78,1764907200,-0.78,-0.5554930344646829
SOL,solana-above-150-on-december-7,150.0,1765126860,1764901800,0.7169643849168509,2.604861111111111,139.72,131.89,3.1967178513155297,-0.05767217810083787,0,2025-12-07,False,0.09,1765082700,-0.09,0.09436168125919697
BTC,bitcoin-above-92k-on-december-8,92000.0,1765213260,1764901800,0.38380775658880745,3.6048611111111106,92567.81,89903.83,10.353926270175247,-0.029200913564574382,0,2025-12-08,False,0.58,1764906300,-0.58,-0.27765589393063655
ETH,ethereum-above-3200-on-december-7,3200.0,1765126860,1764922500,0.4831899395533553,2.365277777777778,3162.48,3036.73,9.736193156937258,-0.04057525133472385,0,2025-12-07,False,0.35000000000000003,1764926100,-0.35000000000000003,0.04504848438614767
BTC,bitcoin-above-90k-on-december-11,90000.0,1765472460,1764927000,0.4622877291588402,6.313194444444445,91345.57,89740.67,6.413630653669473,-0.017725720314993074,0,2025-12-11,False,0.59,1764941400,-0.59,-0.4763137768293887
BTC,bitcoin-above-90k-on-december-6,90000.0,1765040460,1764927900,0.3805551364142674,1.3027777777777776,91050.93,89685.64,15.490956424095403,-0.015108353226559372,0,2025-12-06,False,0.6900000000000001,1764941400,-0.6900000000000001,-0.45595715852752766
BTC,bitcoin-above-88k-on-december-6,88000.0,1765040460,1764928800,0.4529662358600919,1.292361111111111,91128.56,89685.64,6.502169384821803,-0.01596058971814922,1,2025-12-06,False,0.892,1764942300,0.10799999999999998,0.21177845782905153
BTC,bitcoin-above-86k-on-december-8,86000.0,1765213260,1764942300,0.46644238677545624,3.1361111111111106,90420.47,89903.83,4.830680943029779,-0.005730136355802238,1,2025-12-08,False,0.883,1764951300,0.11699999999999999,0.14468046049493596
BTC,bitcoin-above-90k-on-december-5,90000.0,1764954060,1764945000,0.5153490412272219,0.10486111111111111,90440.25,88799.43,39.16836820868977,-0.018309180610944723,0,2025-12-05,False,0.68,1764951300,-0.68,0.03714072776888644
ETH,ethereum-above-3100-on-december-5,3100.0,1764954060,1764947700,0.6914520711494665,0.07361111111111111,3141.46,3029.41,16.375744431204293,-0.03631977891980018,0,2025-12-05,False,0.87,1764949500,-0.87,-0.2752365826115112
BTC,bitcoin-above-86k-on-december-9,86000.0,1765299660,1764947700,0.5003802260019496,4.073611111111111,91037.59,94309.91,4.346743224773716,0.035313776108545865,1,2025-12-09,False,0.87,1764951300,0.13,-0.02349991704099766
ETH,ethereum-above-3100-on-december-7,3100.0,1765126860,1764949500,0.5551003693369695,2.0527777777777776,3132.11,3036.73,9.340106177865852,-0.03092562025179653,0,2025-12-07,False,0.59,1764950400,-0.59,-0.3011514232318619
ETH,ethereum-above-3100-on-december-6,3100.0,1765040460,1764949500,0.5993823025503859,1.0527777777777778,3132.11,3051.71,11.833495052894083,-0.02600480959172514,0,2025-12-06,False,0.62,1764950400,-0.62,-0.31227221434486796
BTC,bitcoin-above-88k-on-december-9,88000.0,1765299660,1764949500,0.46118844109161483,4.052777777777778,91029.12,94309.91,6.549575931949486,0.035406818927918055,1,2025-12-09,False,0.77,1764950400,0.22999999999999998,-0.0018996490771856223
BTC,bitcoin-above-88k-on-december-8,88000.0,1765213260,1764949500,0.43557004380108894,3.0527777777777776,91029.12,89903.83,7.098705195250164,-0.012438911865570536,1,2025-12-08,False,0.8200000000000001,1764950400,0.17999999999999994,0.26830016828338443
BTC,bitcoin-above-92k-on-december-9,92000.0,1765299660,1764949500,0.4174018954654679,4.052777777777778,91029.12,94309.91,8.76158791397393,0.035406818927918055,1,2025-12-09,False,0.39,1764950400,0.61,0.2997800432088898
BTC,bitcoin-above-92k-on-december-7,92000.0,1765126860,1764949500,0.347522945756069,2.0527777777777776,91029.12,89848.11,14.014527138595634,-0.013058877377872667,0,2025-12-07,False,0.31,1764950400,-0.31,-0.1269860085882109
ETH,ethereum-above-3200-on-december-9,3200.0,1765299660,1764949500,0.6016076027414758,4.052777777777778,3132.11,3366.98,5.8768558088487985,0.0723093013153134,1,2025-12-09,False,0.33,1764950400,0.6699999999999999,0.24504866253130225
ETH,ethereum-above-3200-on-december-8,3200.0,1765213260,1764949500,0.557036106587516,3.0527777777777776,3132.11,3102.87,7.088459891810714,-0.009379409191796792,0,2025-12-08,False,0.3,1764950400,-0.3,-0.23351443413506767
ETH,ethereum-above-3200-on-december-6,3200.0,1765040460,1764949500,0.5688593103033452,1.0527777777777778,3132.11,3051.71,10.097052349888983,-0.02600480959172514,0,2025-12-06,False,0.198,1764950400,-0.198,0.06457192379654392
BTC,bitcoin-above-88k-on-december-5,88000.0,1764954060,1764951300,0.5060798049189589,0.03194444444444444,89362.56,88799.43,0.4384411145086925,-0.006321571456717269,1,2025-12-05,False,0.949,1764953100,0.051000000000000045,0.053771636834929505
BTC,bitcoin-above-88k-on-december-7,88000.0,1765126860,1764951300,0.3733950546396481,2.0319444444444446,89362.56,89848.11,12.393041185213717,0.005418775434575962,1,2025-12-07,False,0.725,1764952200,0.275,0.20784489286587576
BTC,bitcoin-above-84k-on-december-9,84000.0,1765299660,1764951300,0.522740179416225,4.031944444444444,89362.56,94309.91,3.9699151236454875,0.053884471740366674,1,2025-12-09,False,0.889,1764953100,0.11099999999999999,-0.10291677929172954
BTC,bitcoin-above-86k-on-december-7,86000.0,1765126860,1764952200,0.43764621105663093,2.0215277777777776,89066.01,89848.11,6.989502474588962,0.00874279773718631,1,2025-12-07,False,0.874,1764953100,0.126,0.06489219358110551
BTC,bitcoin-above-90k-on-december-7,90000.0,1765126860,1764960300,0.3499676356980824,1.9277777777777778,89107.99,89848.11,14.4542962382018,0.008271572970645475,0,2025-12-07,False,0.33,1764961200,-0.33,-0.4495597660736126
BTC,bitcoin-above-90k-on-december-6,90000.0,1765040460,1765017900,0.21656348043975465,0.2611111111111111,89574.49,89685.64,49.166381826685594,0.0012400974410120924,0,2025-12-06,False,0.17,1765018800,-0.17,-0.23097110428709627
BTC,bitcoin-above-88k-on-december-10,88000.0,1765386060,1765033200,0.4435975575816856,4.084027777777778,90004.76,92113.77,7.660417594074712,0.02316188566561119,1,2025-12-10,False,0.68,1765044900,0.31999999999999995,0.14257028353520512
BTC,bitcoin-above-90k-on-december-7,90000.0,1765126860,1765056600,0.32519431796207676,0.8131944444444444,89432.0,89848.11,23.795029265932758,0.004642017981872738,0,2025-12-07,False,0.29000000000000004,1765062900,-0.29000000000000004,-0.4004569537316479
ETH,ethereum-above-3100-on-december-7,3100.0,1765126860,1765058400,0.5281389712471976,0.7923611111111111,3042.98,3036.73,12.083292854827057,-0.00205601984360296,0,2025-12-07,False,0.19,1765062900,-0.19,-0.1651565101144097
XRP,xrp-above-2pt1-on-december-7,2.1,1765126860,1765083600,0.6559892994371922,0.5006944444444444,2.0531,2.0574,10.538375910917747,0.0020922036582108807,0,2025-12-07,False,0.09999999999999999,1765089900,-0.09999999999999999,-0.12204842863242352
XRP,xrp-above-2pt2-on-december-8,2.2,1765213260,1765089000,0.8421261979865716,1.4381944444444443,2.0489,2.0711,2.942583525457433,0.010776803328951642,0,2025-12-08,False,0.052000000000000005,1765183500,-0.052000000000000005,-0.08371164393286792
XRP,xrp-above-2pt1-on-december-9,2.1,1765299660,1765089000,0.8587872243476251,2.4381944444444446,2.0489,2.1667,5.275605055318599,0.05590220895950798,1,2025-12-09,False,0.34,1765091700,0.6599999999999999,0.3650820238097429
SOL,solana-above-140-on-december-10,140.0,1765386060,1765109700,0.7418816595603382,3.198611111111111,132.73,135.93,4.16272426789135,0.023823057709045636,0,2025-12-10,False,0.19,1765116900,-0.19,-0.2891688204608204
SOL,solana-above-140-on-december-9,140.0,1765299660,1765110600,0.7416728525445897,2.1881944444444446,132.59,143.89,4.3160462741804455,0.08178745864869866,1,2025-12-09,False,0.14,1765116900,0.86,0.507001543824597
SOL,solana-above-120-on-december-9,120.0,1765299660,1765116900,0.8705247909515329,2.1152777777777776,131.2,143.89,2.541225627101234,0.0923262422653375,1,2025-12-09,False,0.923,1765117800,0.07699999999999996,-0.15762181289863278
SOL,solana-above-120-on-december-8,120.0,1765213260,1765118700,0.7457860518568659,1.0944444444444443,128.47,135.46,2.5054685985396423,0.052980979743239266,1,2025-12-08,False,0.93,1765119600,0.06999999999999995,-0.06274218106655091
ETH,ethereum-above-3000-on-december-7,3000.0,1765126860,1765123200,0.8515600223635288,0.04236111111111111,3027.01,3036.73,27.103029258933375,0.0032059449531958504,1,2025-12-07,False,0.7,1765124100,0.30000000000000004,0.2131091801310031
BTC,bitcoin-above-90k-on-december-9,90000.0,1765299660,1765123200,0.5353440436678145,2.042361111111111,89554.52,94309.91,9.859584990012483,0.05173867242756855,1,2025-12-09,False,0.43,1765124100,0.5700000000000001,0.05987816192997253
BTC,bitcoin-above-90k-on-december-10,90000.0,1765386060,1765123200,0.5598523021919474,3.042361111111111,89554.52,92113.77,7.746612052964257,0.02817684165807767,1,2025-12-10,False,0.45,1765124100,0.55,0.3317249387970702
BTC,bitcoin-above-92k-on-december-8,92000.0,1765213260,1765136700,0.520409791612106,0.8861111111111111,91376.16,89903.83,14.968019287529957,-0.016244069465603538,0,2025-12-08,False,0.36,1765143000,-0.36,-0.11685845493086977
SOL,solana-above-140-on-december-11,140.0,1765472460,1765139400,0.7533313164044674,3.854861111111111,136.23,131.39,4.773267055056146,-0.03617463412423873,0,2025-12-11,False,0.33,1765143900,-0.33,-0.15732881070606144
BTC,bitcoin-above-88k-on-december-8,88000.0,1765213260,1765143900,0.5608443587958077,0.8027777777777778,90529.93,89903.83,8.607387267577929,-0.006939970800504886,1,2025-12-08,False,0.85,1765144800,0.15000000000000002,0.20973501630562838
BTC,bitcoin-above-90k-on-december-8,90000.0,1765213260,1765198800,0.49727300360978927,0.16736111111111113,91768.96,89903.83,7.116594752179776,-0.020533570624982175,0,2025-12-08,False,0.9420000000000001,1765200600,-0.9420000000000001,-0.7958708990467391
SOL,solana-above-130-on-december-9,130.0,1765299660,1765206900,0.7540467496683252,1.073611111111111,136.14,143.89,5.280077020308172,0.05536535075552089,1,2025-12-09,False,0.85,1765220400,0.15000000000000002,-0.14233331624552753
ETH,ethereum-above-3100-on-december-9,3100.0,1765299660,1765218600,0.654779582942279,0.9381944444444443,3114.49,3366.98,11.925668500484814,0.07795078523669544,1,2025-12-09,False,0.54,1765220400,0.45999999999999996,-0.46961522408531553
SOL,solana-above-140-on-december-9,140.0,1765299660,1765231200,0.7506005658062669,0.7923611111111111,134.48,143.89,5.768747173996765,0.067633629674966,1,2025-12-09,False,0.09999999999999999,1765236600,0.9,0.5098386899453962
SOL,solana-above-140-on-december-10,140.0,1765386060,1765239300,0.7656564747935306,1.698611111111111,133.34,135.93,4.821228290927556,0.019237790157242578,0,2025-12-10,False,0.15000000000000002,1765260000,-0.15000000000000002,-0.2427497781610256
BTC,bitcoin-above-88k-on-december-9,88000.0,1765299660,1765242900,0.49715277781463474,0.6569444444444444,90481.01,94309.91,8.044146631538652,0.04144627982223861,1,2025-12-09,False,0.9,1765243800,0.09999999999999998,-0.23339995222186916
BTC,bitcoin-above-88k-on-december-10,88000.0,1765386060,1765254600,0.5318917078116582,1.5215277777777778,90400.47,92113.77,8.65985829168379,0.01877497698653743,1,2025-12-10,False,0.78,1765255500,0.21999999999999997,0.05741135986696147
ETH,ethereum-above-3000-on-december-10,3000.0,1765386060,1765254600,0.7442007586016667,1.5215277777777778,3126.5,3347.24,5.856316137260126,0.0682219576385991,1,2025-12-10,False,0.8,1765257300,0.19999999999999996,-0.19952935143440464
SOL,solana-above-130-on-december-10,130.0,1765386060,1765283400,0.8731118593202896,1.1881944444444446,133.24,135.93,7.173402317737957,0.01998803402167758,1,2025-12-10,False,0.68,1765287900,0.31999999999999995,0.17661779042187284
BTC,bitcoin-above-94k-on-december-10,94000.0,1765386060,1765298700,0.547483866222547,1.011111111111111,94228.67,92113.77,13.810976346494776,-0.02270004423192469,0,2025-12-10,False,0.51,1765301400,-0.51,-0.19649022604850291
ETH,ethereum-above-3300-on-december-10,3300.0,1765386060,1765298700,0.7876428238654536,1.011111111111111,3345.07,3347.24,9.181829401964931,0.0006485055462315995,1,2025-12-10,False,0.6,1765312200,0.4,0.3940455327082734
XRP,xrp-above-2pt3-on-december-10,2.3,1765386060,1765298700,0.9425683379939086,1.011111111111111,2.1664,2.0664,3.7692129609557528,-0.04725884093632519,0,2025-12-10,False,0.076,1765312200,-0.076,0.10212863577694321
BTC,bitcoin-above-92k-on-december-10,92000.0,1765386060,1765298700,0.5730417208255036,1.011111111111111,94228.67,92113.77,9.769083270520857,-0.02270004423192469,1,2025-12-10,False,0.78,1765300500,0.21999999999999997,0.44175862234617896
ETH,ethereum-above-3200-on-december-11,3200.0,1765472460,1765300500,0.888222869365294,1.9902777777777778,3390.73,3176.17,4.2386766410393895,-0.06536916904246975,0,2025-12-11,False,0.81,1765312200,-0.81,-0.5329212301355284
XRP,xrp-above-2-on-december-10,2.0,1765386060,1765303200,0.9795757523115176,0.9590277777777778,2.1493,2.0664,2.9456300113358216,-0.039334244931599614,1,2025-12-10,False,0.9,1765312200,0.09999999999999998,0.21586413234375373
ETH,ethereum-above-3400-on-december-12,3400.0,1765558860,1765304100,0.7890726296558003,2.948611111111111,3377.72,3072.04,5.579098548814613,-0.0948590896325132,0,2025-12-12,False,0.45,1765309500,-0.45,0.07922820931062974
BTC,bitcoin-above-96k-on-december-12,96000.0,1765558860,1765306800,0.5343816509527743,2.917361111111111,93920.48,90126.79,7.433656966724168,-0.0412310100876401,0,2025-12-12,False,0.3,1765310400,-0.3,0.006497185383060322
BTC,bitcoin-above-98k-on-december-12,98000.0,1765558860,1765310400,0.5281862873856749,2.875694444444444,93800.83,90126.79,5.38012872318129,-0.039956247875477975,0,2025-12-12,False,0.137,1765316700,-0.137,0.07796975686541044
BTC,bitcoin-above-100k-on-december-15,100000.0,1765818060,1765310400,0.47248994329319044,5.875694444444444,93800.83,86424.93,3.6439873592753798,-0.08189752873056698,0,2025-12-15,False,0.11199999999999999,1765317600,-0.11199999999999999,0.18643355945007833
BTC,bitcoin-above-98k-on-december-13,98000.0,1765645260,1765311300,0.492907917751245,3.8652777777777776,93705.61,90087.27,5.204367679304282,-0.0393791922099213,0,2025-12-13,False,0.16,1765312200,-0.16,0.04494379517442537
BTC,bitcoin-above-96k-on-december-13,96000.0,1765645260,1765311300,0.49966954563363386,3.8652777777777776,93705.61,90087.27,6.860055643619596,-0.0393791922099213,0,2025-12-13,False,0.3,1765312200,-0.3,-0.029856550239148516
ETH,ethereum-above-3400-on-december-11,3400.0,1765472460,1765314000,0.7849389499939904,1.8340277777777778,3327.18,3176.17,6.573108415389157,-0.0464490299673845,0,2025-12-11,False,0.32,1765317600,-0.32,-0.014685490234721765
SOL,solana-above-140-on-december-11,140.0,1765472460,1765320300,0.8297659454729154,1.761111111111111,138.94,131.39,6.83283677744643,-0.055872185611004134,0,2025-12-11,False,0.43,1765322100,-0.43,-0.048234475320817705
BTC,bitcoin-above-94k-on-december-13,94000.0,1765645260,1765321200,0.5000459581003611,3.7506944444444446,92884.0,90087.27,7.606812212450438,-0.030572535610545192,0,2025-12-13,False,0.39,1765326600,-0.39,-0.15744046275212892
BTC,bitcoin-above-90k-on-december-11,90000.0,1765472460,1765321200,0.5991660168003927,1.7506944444444443,92884.0,89740.67,7.314716148132552,-0.0344273362515518,0,2025-12-11,False,0.77,1765328400,-0.77,-0.5181738075835849
BTC,bitcoin-above-94k-on-december-12,94000.0,1765558860,1765321200,0.5263695454614994,2.7506944444444446,92884.0,90126.79,8.385000243096536,-0.030133946072819908,0,2025-12-12,False,0.37,1765326600,-0.37,-0.11732685485394717
ETH,ethereum-above-3500-on-december-13,3500.0,1765645260,1765325700,0.7138701379621175,3.698611111111111,3323.96,3105.36,4.177757252215375,-0.06802719253278203,0,2025-12-13,False,0.21000000000000002,1765330200,-0.21000000000000002,0.0742010969516817
ETH,ethereum-above-3300-on-december-13,3300.0,1765645260,1765325700,0.7432161110222963,3.698611111111111,3323.96,3105.36,5.323027630341739,-0.06802719253278203,0,2025-12-13,False,0.54,1765330200,-0.54,-0.17788937453342407
ETH,ethereum-above-3400-on-december-15,3400.0,1765818060,1765325700,0.7110651226784207,5.698611111111111,3323.96,2989.4,4.293874909121511,-0.10608414485687503,0,2025-12-15,False,0.38,1765331100,-0.38,0.07551204785654753
SOL,solana-above-130-on-december-13,130.0,1765645260,1765326600,0.7373720937616185,3.6881944444444446,137.72,133.19,4.0893921596946745,-0.03344595825738388,1,2025-12-13,False,0.77,1765367100,0.22999999999999998,0.366773639471221
ETH,ethereum-above-3400-on-december-13,3400.0,1765645260,1765326600,0.7227208824725746,3.6881944444444446,3320.43,3105.36,5.142538269747201,-0.06696464192027479,0,2025-12-13,False,0.36,1765330200,-0.36,-0.015631766205069175
XRP,xrp-above-1pt9-on-december-12,1.9,1765558860,1765341900,0.8169325238071135,2.511111111111111,2.0918,1.9906,2.2550303697163523,-0.04958883850820476,1,2025-12-12,False,0.9,1765368900,0.09999999999999998,0.21182433683496144
XRP,xrp-above-2-on-december-11,2.0,1765472460,1765341900,0.7847536817457482,1.511111111111111,2.0918,1.9908,5.441882056753273,-0.04948837133576875,0,2025-12-11,False,0.79,1765367100,-0.79,-0.5206901200099371
BTC,bitcoin-above-92k-on-december-13,92000.0,1765645260,1765350000,0.5142360372292515,3.417361111111111,92700.0,90087.27,7.952816207662606,-0.028589605397909997,0,2025-12-13,False,0.5700000000000001,1765362600,-0.5700000000000001,-0.3426321228208231
BTC,bitcoin-above-92k-on-december-11,92000.0,1765472460,1765362600,0.5982360493648731,1.2715277777777778,92450.16,89740.67,11.21666010018389,-0.029745621963967808,0,2025-12-11,False,0.54,1765367100,-0.54,-0.20635346896160872
BTC,bitcoin-above-92k-on-december-12,92000.0,1765558860,1765362600,0.5402901163837052,2.2715277777777776,92450.16,90126.79,9.319313617091247,-0.025452231785235983,0,2025-12-12,False,0.53,1765367100,-0.53,-0.2928026697384877
XRP,xrp-above-2-on-december-12,2.0,1765558860,1765367100,0.7335540848163096,2.2194444444444446,2.0681,1.9906,5.972997192675458,-0.03819421054666748,0,2025-12-12,False,0.6900000000000001,1765465200,-0.6900000000000001,-0.46186608762829984
SOL,solana-above-140-on-december-10,140.0,1765386060,1765375200,1.0044475583510624,0.12569444444444444,137.7,135.93,14.300682987793719,-0.012937358387452557,0,2025-12-10,False,0.15000000000000002,1765376100,-0.15000000000000002,0.035013060998433154
XRP,xrp-above-2pt1-on-december-12,2.1,1765558860,1765379700,0.8455213426030654,2.073611111111111,2.072,1.9906,6.078547257616578,-0.04007822356741059,0,2025-12-12,False,0.38,1765465200,-0.38,-0.13638262404417226
XRP,xrp-above-2pt1-on-december-10,2.1,1765386060,1765380600,0.8753115919197544,0.06319444444444444,2.0695,2.0664,15.345516363692614,-0.001499069407156495,0,2025-12-10,False,0.06999999999999999,1765382400,-0.06999999999999999,-0.04699600588216901
BTC,bitcoin-above-94k-on-december-11,94000.0,1765472460,1765396800,0.5873267596223226,0.8756944444444444,92957.67,89740.67,12.791187696933688,-0.03522016171269732,0,2025-12-11,False,0.32,1765400400,-0.32,0.13050769918346888
ETH,ethereum-above-3500-on-december-11,3500.0,1765472460,1765396800,0.8338595929003744,0.8756944444444444,3390.71,3176.17,7.1089761307662185,-0.06536327059022365,0,2025-12-11,False,0.164,1765400400,-0.164,0.30066593045471346
BTC,bitcoin-above-96k-on-december-11,96000.0,1765472460,1765396800,0.585958630617861,0.8756944444444444,92957.67,89740.67,7.287651669294666,-0.03522016171269732,0,2025-12-11,False,0.09,1765400400,-0.09,0.1666722702983667
ETH,ethereum-above-3400-on-december-12,3400.0,1765558860,1765396800,0.7649349247999714,1.8756944444444446,3390.71,3072.04,7.253589353858349,-0.09869750295699771,0,2025-12-12,False,0.43,1765400400,-0.43,0.2859111567012815
ETH,ethereum-above-3600-on-december-15,3600.0,1765818060,1765396800,0.6746350075144811,4.875694444444444,3390.71,2989.4,3.694065219980744,-0.1259666406214093,0,2025-12-15,False,0.17,1765401300,-0.17,0.2953289859973617
ETH,ethereum-above-3500-on-december-12,3500.0,1765558860,1765397700,0.7557107620251545,1.8652777777777778,3441.58,3072.04,6.973249145556271,-0.1135888322298733,0,2025-12-12,False,0.339,1765398600,-0.339,0.45308322729169864
ETH,ethereum-above-3800-on-december-16,3800.0,1765904460,1765397700,0.6861141013545106,5.865277777777778,3441.58,2936.99,2.279549114889595,-0.15854542088804108,0,2025-12-16,False,0.08,1765405800,-0.08,0.28141207385513234
ETH,ethereum-above-3500-on-december-15,3500.0,1765818060,1765397700,0.6771650705003097,4.865277777777778,3441.58,2989.4,4.940326799080364,-0.14085796989428487,0,2025-12-15,False,0.38,1765398600,-0.38,0.3158844035327907
SOL,solana-above-150-on-december-15,150.0,1765818060,1765399500,0.7391807191668517,4.844444444444444,140.73,126.56,3.4244034007220367,-0.10612665698913247,0,2025-12-15,False,0.18000000000000002,1765400400,-0.18000000000000002,0.18342048510084633
BTC,bitcoin-above-90k-on-december-12,90000.0,1765558860,1765400400,0.5431205214877127,1.8340277777777778,92453.89,90126.79,8.226284750737687,-0.02549257703457474,1,2025-12-12,False,0.76,1765413000,0.24,0.44970919771652795
SOL,solana-above-140-on-december-15,140.0,1765818060,1765402200,0.749176026148599,4.813194444444444,137.81,126.56,4.519988250981769,-0.08515942086770976,0,2025-12-15,False,0.39,1765412100,-0.39,-0.0050804182175401835
ETH,ethereum-above-3200-on-december-11,3200.0,1765472460,1765414800,0.7246798425495906,0.6673611111111111,3279.58,3176.17,9.518091251328093,-0.032039297015856665,0,2025-12-11,False,0.76,1765415700,-0.76,-0.45504704737467244
BTC,bitcoin-above-90k-on-december-11,90000.0,1765472460,1765414800,0.4993371210310957,0.6673611111111111,91386.17,89740.67,14.571383386107351,-0.018170087567973555,0,2025-12-11,False,0.75,1765415700,-0.75,-0.4852366878879144
BTC,bitcoin-above-88k-on-december-12,88000.0,1765558860,1765418400,0.516605500026522,1.6256944444444446,90674.74,90126.79,8.054501770552275,-0.006061361069717831,1,2025-12-12,False,0.8,1765419300,0.19999999999999996,0.24882124346799886
ETH,ethereum-above-3100-on-december-11,3100.0,1765472460,1765420200,0.7827666865217586,0.6048611111111111,3219.92,3176.17,6.276414961940226,-0.013680446126422042,1,2025-12-11,False,0.86,1765422000,0.14,0.22586415675389254
ETH,ethereum-above-3000-on-december-15,3000.0,1765818060,1765421100,0.7266456550611299,4.594444444444445,3223.24,2989.4,3.439784186777385,-0.07531436647572153,0,2025-12-15,False,0.81,1765422900,-0.81,-0.5509348331596564
ETH,ethereum-above-3200-on-december-13,3200.0,1765645260,1765421100,0.6809703197782494,2.5944444444444446,3223.24,3105.36,6.915902765421044,-0.03725741415162866,0,2025-12-13,False,0.53,1765422900,-0.53,-0.2723313464363143
BTC,bitcoin-above-92k-on-december-15,92000.0,1765818060,1765429200,0.43851317428760045,4.500694444444444,90436.55,86424.93,7.632710012155661,-0.04537232398794185,0,2025-12-15,False,0.34,1765440900,-0.34,0.0063137915775342
BTC,bitcoin-above-94k-on-december-13,94000.0,1765645260,1765429200,0.4512712902102143,2.5006944444444446,90436.55,90087.27,6.132991863929446,-0.0038696326705780952,0,2025-12-13,False,0.11,1765431000,-0.11,-0.08626757431494897
BTC,bitcoin-above-94k-on-december-15,94000.0,1765818060,1765429200,0.4338169113182877,4.500694444444444,90436.55,86424.93,5.88621941960092,-0.04537232398794185,0,2025-12-15,False,0.18000000000000002,1765430100,-0.18000000000000002,0.08707145457024798
ETH,ethereum-above-3400-on-december-13,3400.0,1765645260,1765432800,0.704200152746006,2.459027777777778,3214.35,3105.36,4.184844096532624,-0.03449550926139367,0,2025-12-13,False,0.11,1765440900,-0.11,0.03435832828942974
ETH,ethereum-above-3300-on-december-15,3300.0,1765818060,1765443600,0.5771230157766173,4.334027777777778,3197.06,2989.4,5.496719129432096,-0.06715893912663809,0,2025-12-15,False,0.3,1765449900,-0.3,0.06915382540975723
BTC,bitcoin-above-88k-on-december-11,88000.0,1765472460,1765460700,0.4818990432759876,0.1361111111111111,90042.29,89740.67,2.0762055385336122,-0.0033553823230479236,1,2025-12-11,False,0.953,1765461600,0.04700000000000004,0.05396646336300992
ETH,ethereum-above-3100-on-december-12,3100.0,1765558860,1765463400,0.6659233749118759,1.104861111111111,3186.01,3072.04,8.350067948976404,-0.0364275141808946,0,2025-12-12,False,0.74,1765465200,-0.74,-0.43582778137722855
BTC,bitcoin-above-88k-on-december-13,88000.0,1765645260,1765463400,0.42256433578761565,2.104861111111111,90139.2,90087.27,9.507324906573476,-0.0005762749660149878,1,2025-12-13,False,0.77,1765465200,0.22999999999999998,0.23547883333742906
ETH,ethereum-above-3100-on-december-15,3100.0,1765818060,1765463400,0.6050777457444897,4.104861111111111,3186.01,2989.4,5.751962954072307,-0.06369665184530622,0,2025-12-15,False,0.66,1765465200,-0.66,-0.2936192182873572
BTC,bitcoin-above-90k-on-december-16,90000.0,1765904460,1765463400,0.4144215508810362,5.104861111111111,90139.2,87560.24,8.139757646110048,-0.029028128511393313,0,2025-12-16,False,0.51,1765465200,-0.51,-0.2737180689971212
ETH,ethereum-above-3200-on-december-12,3200.0,1765558860,1765463400,0.641013530902432,1.104861111111111,3186.01,3072.04,11.198632342337461,-0.0364275141808946,0,2025-12-12,False,0.39,1765465200,-0.39,0.017938338457122782
BTC,bitcoin-above-90k-on-december-15,90000.0,1765818060,1765467000,0.4019638645855279,4.063194444444444,90251.23,86424.93,9.39734651232871,-0.04332105007244741,0,2025-12-15,False,0.52,1765468800,-0.52,-0.11289708119126896
XRP,xrp-above-2pt1-on-december-15,2.1,1765818060,1765467900,0.7048141539956895,4.052777777777778,1.9942,1.9139,4.105602271201927,-0.04109992235066508,0,2025-12-15,False,0.21000000000000002,1765554300,-0.21000000000000002,-0.041260065450886646
XRP,xrp-above-2-on-december-13,2.0,1765645260,1765468800,0.7365502356022298,2.042361111111111,1.9968,2.0261,7.229228180796455,0.014566863756997105,1,2025-12-13,False,0.47000000000000003,1765555200,0.53,0.424692818022094
XRP,xrp-above-2pt1-on-december-16,2.1,1765904460,1765471500,0.7055510386318119,5.011111111111111,1.999,1.926,3.9381620837829985,-0.037201742142329276,0,2025-12-16,False,0.24000000000000002,1765555200,-0.24000000000000002,-0.09349350964440675
XRP,xrp-above-2pt1-on-december-17,2.1,1765990860,1765471500,0.7055510386318119,6.011111111111112,1.999,1.8985,3.702976343381817,-0.05158295482854309,0,2025-12-17,False,0.26,1765555200,-0.26,-0.06898953854817208
BTC,bitcoin-above-92k-on-december-12,92000.0,1765558860,1765478700,0.41008118828713297,0.9277777777777778,91169.65,90126.79,17.44673643825901,-0.011504599895696322,0,2025-12-12,False,0.29000000000000004,1765479600,-0.29000000000000004,-0.08928227779216422
BTC,bitcoin-above-92k-on-december-13,92000.0,1765645260,1765478700,0.39070359771053276,1.9277777777777778,91169.65,90087.27,13.29009584725666,-0.011943189433421604,0,2025-12-13,False,0.34,1765479600,-0.34,-0.18127386770788395
BTC,bitcoin-above-90k-on-december-12,90000.0,1765558860,1765488600,0.5051568826026961,0.8131944444444444,93280.01,90126.79,5.51905732792314,-0.0343883730946683,1,2025-12-12,False,0.92,1765492200,0.07999999999999996,0.269791402523484
SOL,solana-above-150-on-december-16,150.0,1765904460,1765491300,0.6783908984543705,4.781944444444445,137.31,128.26,2.5695006897425854,-0.06818168961294362,0,2025-12-16,False,0.09,1765502100,-0.09,0.0851928984882735
SOL,solana-above-140-on-december-15,140.0,1765818060,1765496700,0.662944649160037,3.7194444444444446,136.64,126.56,5.5107258790660945,-0.07663322602091584,0,2025-12-15,False,0.33,1765501200,-0.33,0.09230470182978212
SOL,solana-above-140-on-december-18,140.0,1766077260,1765520100,0.6718581049899723,6.448611111111111,140.07,126.6,4.463901998408543,-0.10110978794087958,0,2025-12-18,False,0.47000000000000003,1765528200,-0.47000000000000003,-0.018655815552043653
ETH,ethereum-above-3300-on-december-17,3300.0,1765990860,1765548000,0.5938661193740776,5.125694444444444,3242.5,2868.14,5.443254011382687,-0.12268090115759579,0,2025-12-17,False,0.38,1765552500,-0.38,0.2877833073461262
ETH,ethereum-above-3300-on-december-16,3300.0,1765904460,1765548900,0.5645199565156772,4.115277777777778,3235.68,2936.99,6.241568069792936,-0.09685385941528034,0,2025-12-16,False,0.35000000000000003,1765552500,-0.35000000000000003,0.25451995636262764
SOL,solana-above-150-on-december-15,150.0,1765818060,1765549800,0.6483814053583083,3.104861111111111,138.91,126.56,2.812524206873085,-0.09310973738995416,0,2025-12-15,False,0.066,1765553400,-0.066,0.19587339030484208
BTC,bitcoin-above-92k-on-december-18,92000.0,1766077260,1765549800,0.4117031796567171,6.104861111111111,92126.94,87911.58,7.492629682053709,-0.04683587200398421,0,2025-12-18,False,0.5,1765553400,-0.5,-0.1490761552380796
XRP,xrp-above-2-on-december-12,2.0,1765558860,1765550700,0.7048047969430182,0.09444444444444444,2.04,1.9906,7.730427662962096,-0.02451370702629897,0,2025-12-12,False,0.92,1765552500,-0.92,-0.7304985610821502
BTC,bitcoin-above-90k-on-december-13,90000.0,1765645260,1765553400,0.36627291452145794,1.0631944444444446,90842.7,90087.27,18.14189187854961,-0.00835057221091858,1,2025-12-13,False,0.66,1765554300,0.33999999999999997,0.49149517817450583
SOL,solana-above-130-on-december-17,130.0,1765990860,1765554300,0.6849594607639088,5.052777777777778,134.81,124.93,4.5501975569773805,-0.07611279925923478,0,2025-12-17,False,0.66,1765555200,-0.66,-0.31367172675592014
ETH,ethereum-above-3000-on-december-17,3000.0,1765990860,1765554300,0.6467618339074764,5.052777777777778,3109.29,2868.14,4.775177206199087,-0.08073066825688328,0,2025-12-17,False,0.67,1765555200,-0.67,-0.28449675309851075
ETH,ethereum-above-2900-on-december-17,2900.0,1765990860,1765554300,0.6761911768569768,5.052777777777778,3109.29,2868.14,3.535276073177355,-0.08073066825688328,0,2025-12-17,False,0.8,1765556100,-0.8,-0.514594800139822
ETH,ethereum-above-2900-on-december-16,2900.0,1765904460,1765554300,0.661908465316127,4.052777777777778,3109.29,2936.99,3.5933456183151353,-0.057009156931928553,1,2025-12-16,False,0.838,1765557900,0.16200000000000003,0.36685360426518543
ETH,ethereum-above-3100-on-december-13,3100.0,1765645260,1765554300,0.5728732325093554,1.0527777777777778,3109.29,3105.36,12.923316737579375,-0.0012647536140794134,1,2025-12-13,False,0.51,1765555200,0.49,0.5063448115497465
ETH,ethereum-above-3100-on-december-12,3100.0,1765558860,1765554300,0.638080677154877,0.05277777777777778,3109.29,3072.04,48.25875878694655,-0.012052568273760809,0,2025-12-12,False,0.506,1765555200,-0.506,0.07564198508662767
ETH,ethereum-above-3100-on-december-15,3100.0,1765818060,1765557000,0.5822750003616037,3.0215277777777776,3085.07,2989.4,7.478441592003003,-0.0315016491679513,0,2025-12-15,False,0.44,1765557900,-0.44,-0.20441675664570622
ETH,ethereum-above-3200-on-december-16,3200.0,1765904460,1765557000,0.6010519850652062,4.021527777777778,3085.07,2936.99,5.245719465581558,-0.04918910016170742,0,2025-12-16,False,0.25,1765557900,-0.25,0.008032220212709607
ETH,ethereum-above-3200-on-december-17,3200.0,1765990860,1765557000,0.6297043001741469,5.021527777777778,3085.07,2868.14,4.688248324996555,-0.07291061148666221,0,2025-12-17,False,0.28,1765557900,-0.28,0.06182305217681866
ETH,ethereum-above-3000-on-december-16,3000.0,1765904460,1765557000,0.6373808303165804,4.021527777777778,3085.07,2936.99,5.538085704619916,-0.04918910016170742,0,2025-12-16,False,0.66,1765557900,-0.66,-0.387586547571331
BTC,bitcoin-above-88k-on-december-16,88000.0,1765904460,1765557000,0.42133491724642996,4.021527777777778,90409.17,87560.24,7.585869674999735,-0.03201868667821555,0,2025-12-16,False,0.73,1765557900,-0.73,-0.4871104156944066
BTC,bitcoin-above-90k-on-december-15,90000.0,1765818060,1765557000,0.3796831128062729,3.0215277777777776,90409.17,86424.93,11.473559563516128,-0.04506952445020097,0,2025-12-15,False,0.54,1765557900,-0.54,-0.02289212672127272
SOL,solana-above-130-on-december-18,130.0,1766077260,1765558800,0.702614895985114,6.000694444444445,132.2,126.6,4.384368551665468,-0.04328341770751007,0,2025-12-18,False,0.56,1765568700,-0.56,-0.3702295445945927
SOL,solana-above-140-on-december-16,140.0,1765904460,1765564200,0.6381665490307822,3.938194444444444,132.4,128.26,4.103600509253122,-0.03176818978219111,0,2025-12-16,False,0.17,1765568700,-0.17,-0.03963604023175074
XRP,xrp-above-2pt2-on-december-17,2.2,1765990860,1765570500,0.6930035277992799,4.865277777777778,2.0008,1.8985,2.3509927322906123,-0.05248299989155225,0,2025-12-17,False,0.06999999999999999,1765780200,-0.06999999999999999,0.053387151313848344
XRP,xrp-above-2pt2-on-december-15,2.2,1765818060,1765574100,0.7044374657963183,2.823611111111111,2.0015,1.9139,1.9154565327350694,-0.0447538543886009,0,2025-12-15,False,0.022,1765787400,-0.022,0.06372406275371964
XRP,xrp-above-2pt2-on-december-16,2.2,1765904460,1765575900,0.7063042250542658,3.8027777777777776,2.0022,1.926,2.2462280426863863,-0.03880126262731265,0,2025-12-16,False,0.05,1765780200,-0.05,0.03715648420510892
SOL,solana-above-140-on-december-15,140.0,1765818060,1765583100,0.6537520670216713,2.7194444444444446,132.58,126.56,4.316982119057586,-0.04646973279390185,0,2025-12-15,False,0.11,1765590300,-0.11,0.09060900554865821
BTC,bitcoin-above-92k-on-december-13,92000.0,1765645260,1765605600,0.4120784263066809,0.45902777777777776,90342.91,90087.27,12.481598659541204,-0.0028336741786717692,0,2025-12-13,False,0.060000000000000005,1765606500,-0.060000000000000005,-0.024631216169913928
BTC,bitcoin-above-88k-on-december-15,88000.0,1765818060,1765638900,0.3329657651012043,2.073611111111111,90141.84,86424.93,10.165030356837791,-0.04210825388899931,0,2025-12-15,False,0.83,1765647000,-0.83,-0.401968320944889
BTC,bitcoin-above-90k-on-december-17,90000.0,1765990860,1765673100,0.405171448435799,3.6777777777777776,90453.77,86936.11,9.756787435323412,-0.039665410400793036,0,2025-12-17,False,0.56,1765676700,-0.56,-0.172993022184596
SOL,solana-above-130-on-december-17,130.0,1765990860,1765716300,0.6910631391049207,3.1777777777777776,131.66,124.93,6.1037730102488315,-0.05246926159599265,0,2025-12-17,False,0.5700000000000001,1765723500,-0.5700000000000001,-0.2497395372026946
SOL,solana-above-130-on-december-16,130.0,1765904460,1765716300,0.6880807869924362,2.1777777777777776,131.66,128.26,7.338994034568297,-0.026163388319013867,0,2025-12-16,False,0.59,1765718100,-0.59,-0.39798704920266337
BTC,bitcoin-above-92k-on-december-16,92000.0,1765904460,1765716300,0.5021673557889984,2.1777777777777776,89591.04,87560.24,8.030678928363063,-0.022928301352030177,0,2025-12-16,False,0.24000000000000002,1765718100,-0.24000000000000002,-0.055870173469092954
SOL,solana-above-130-on-december-18,130.0,1766077260,1765716300,0.6926126776511179,4.177777777777778,131.66,126.6,5.3356038488046496,-0.0391903323296549,0,2025-12-18,False,0.56,1765723500,-0.56,-0.35089591198596004
ETH,ethereum-above-3100-on-december-16,3100.0,1765904460,1765717200,0.6938134238339803,2.167361111111111,3098.54,2936.99,7.457166431161491,-0.053545785433202875,0,2025-12-16,False,0.49,1765723500,-0.49,-0.09070016633734351
BTC,bitcoin-above-90k-on-december-16,90000.0,1765904460,1765717200,0.5236166774234663,2.167361111111111,89431.65,87560.24,9.73330920154469,-0.021147632743867897,0,2025-12-16,False,0.44,1765718100,-0.44,-0.2341635516232228
BTC,bitcoin-above-86k-on-december-16,86000.0,1765904460,1765738800,0.5493653406372516,1.917361111111111,88997.28,87560.24,7.037912524029813,-0.016278793838844667,1,2025-12-16,False,0.81,1765740600,0.18999999999999995,0.3045687270345042
BTC,bitcoin-above-88k-on-december-15,88000.0,1765818060,1765739700,0.529989801093684,0.9069444444444446,88748.98,86424.93,14.403030990121323,-0.02653575947519836,0,2025-12-15,False,0.62,1765746000,-0.62,-0.2378046339323125
BTC,bitcoin-above-88k-on-december-16,88000.0,1765904460,1765739700,0.5085595840515974,1.9069444444444443,88748.98,87560.24,10.611326266630805,-0.013484921703212976,0,2025-12-16,False,0.59,1765749600,-0.59,-0.44690709612723634
ETH,ethereum-above-3200-on-december-18,3200.0,1766077260,1765743300,0.6991237977130925,3.8652777777777776,3096.31,2939.3,4.9086119902744,-0.05203962215052951,0,2025-12-18,False,0.3,1765750500,-0.3,-0.04455768674256155
BTC,bitcoin-above-86k-on-december-17,86000.0,1765990860,1765744200,0.5300167633403194,2.8548611111111115,88658.53,86936.11,6.996201938444865,-0.019618767927094504,1,2025-12-17,False,0.75,1765751400,0.25,0.3872568622014385
ETH,ethereum-above-3100-on-december-15,3100.0,1765818060,1765751400,0.6674179733420346,0.7715277777777778,3075.24,2989.4,12.512952177606072,-0.028310248623744236,0,2025-12-15,False,0.34,1765755900,-0.34,0.014244787165049733
XRP,xrp-above-2-on-december-15,2.0,1765818060,1765765800,0.6869734465580511,0.6048611111111111,2.0071,1.9139,14.175192102382969,-0.047547849121419905,0,2025-12-15,False,0.53,1765766700,-0.53,0.14399989535124835
XRP,xrp-above-1pt8-on-december-17,1.8,1765990860,1765800900,0.7397757686569081,2.198611111111111,1.9841,1.8985,1.7306645450831732,-0.0441013101285676,1,2025-12-17,False,0.932,1765819800,0.06799999999999995,0.14432457383122932
SOL,solana-above-130-on-december-17,130.0,1765990860,1765802700,0.7296448453328516,2.1777777777777776,132.97,124.93,6.603715965467849,-0.06236995842487657,0,2025-12-17,False,0.64,1765803600,-0.64,-0.22812650978407667
XRP,xrp-above-1pt8-on-december-18,1.8,1766077260,1765802700,0.699041580225751,3.1777777777777776,1.9854,1.9089,2.0749847092231235,-0.03929324524876538,1,2025-12-18,False,0.9,1765819800,0.09999999999999998,0.1815328830669423
XRP,xrp-above-1pt9-on-december-16,1.9,1765904460,1765804500,0.7003053473475793,1.1569444444444443,1.9729,1.926,6.534104233109144,-0.024059228142853016,1,2025-12-16,False,0.8,1765818900,0.19999999999999996,0.3572055044535545
SOL,solana-above-130-on-december-16,130.0,1765904460,1765805400,0.7039751055355483,1.1465277777777778,132.58,128.26,9.01818410962901,-0.0331267830925288,0,2025-12-16,False,0.67,1765810800,-0.67,-0.3712565711118299
ETH,ethereum-above-3000-on-december-16,3000.0,1765904460,1765808100,0.6976832730042123,1.1152777777777778,3138.43,2936.99,5.337316044212332,-0.0663374275026587,0,2025-12-16,False,0.87,1765809900,-0.87,-0.5159361838582873
SOL,solana-above-130-on-december-18,130.0,1766077260,1765809000,0.7249264137273407,3.104861111111111,132.95,126.6,5.700511756432516,-0.04894060797895301,0,2025-12-18,False,0.6,1765809900,-0.6,-0.3210134888490233
BTC,bitcoin-above-88k-on-december-17,88000.0,1765990860,1765809900,0.44138971482208883,2.0944444444444446,89261.77,86936.11,10.973950567578038,-0.026399807657114038,0,2025-12-17,False,0.66,1765810800,-0.66,-0.3702898157772624
ETH,ethereum-above-2900-on-december-16,2900.0,1765904460,1765810800,0.7558643133906843,1.0840277777777778,3048.72,2936.99,4.75100058570251,-0.03733658302535686,1,2025-12-16,False,0.87,1765811700,0.13,0.30738612782160085
ETH,ethereum-above-3000-on-december-15,3000.0,1765818060,1765810800,0.6902430607391851,0.08402777777777778,3048.72,2989.4,11.763704300989946,-0.01964913203160078,0,2025-12-15,False,0.79,1765811700,-0.79,-0.5588534210091386
ETH,ethereum-above-2900-on-december-18,2900.0,1766077260,1765810800,0.716020151686592,3.0840277777777776,3048.72,2939.3,4.6539495675758635,-0.036550372637853976,1,2025-12-18,False,0.76,1765812600,0.24,0.4101035909326772
ETH,ethereum-above-3100-on-december-16,3100.0,1765904460,1765811700,0.6684991524316438,1.073611111111111,3034.31,2936.99,9.141746709512145,-0.032598803677052174,0,2025-12-16,False,0.25,1765812600,-0.25,0.04801000624872409
ETH,ethereum-above-3000-on-december-17,3000.0,1765990860,1765811700,0.6841591728552683,2.073611111111111,3034.31,2868.14,7.591030642882651,-0.056320315002006974,0,2025-12-17,False,0.5700000000000001,1765812600,-0.5700000000000001,-0.14247076300296163
ETH,ethereum-above-2900-on-december-17,2900.0,1765990860,1765811700,0.7271296184392991,2.073611111111111,3034.31,2868.14,5.291416284156015,-0.056320315002006974,0,2025-12-17,False,0.78,1765812600,-0.78,-0.48198576806958404
BTC,bitcoin-above-84k-on-december-16,84000.0,1765904460,1765814400,0.5787967706218268,1.042361111111111,87033.22,87560.24,6.800821554344745,0.00603712877546712,1,2025-12-16,False,0.877,1765817100,0.123,0.0819425644974483
SOL,solana-above-120-on-december-16,120.0,1765904460,1765815300,0.8424467290621913,1.0319444444444446,126.63,128.26,4.449170248499534,0.012790005258199719,1,2025-12-16,False,0.866,1765821600,0.134,0.07709508912706522
BTC,bitcoin-above-84k-on-december-17,84000.0,1765990860,1765818000,0.5296532269803775,2.000694444444444,86400.01,86936.11,7.969641015132209,0.006185689507616596,1,2025-12-17,False,0.769,1765820700,0.23099999999999998,0.1817022751932258
SOL,solana-above-120-on-december-18,120.0,1766077260,1765821600,0.8160164699860278,2.959027777777778,124.94,126.6,4.761947666610253,0.01319888764465193,1,2025-12-18,False,0.708,1765830600,0.29200000000000004,0.22914758777869887
BTC,bitcoin-above-86k-on-december-16,86000.0,1765904460,1765828800,0.5088206638310213,0.8756944444444444,86149.96,87560.24,15.980815613563339,0.016237514961132498,1,2025-12-16,False,0.51,1765829700,0.49,0.23051126738366545
XRP,xrp-above-2pt1-on-december-18,2.1,1766077260,1765834200,0.9679762136803782,2.8131944444444446,1.8962,1.9089,2.1660609263946604,0.006675276422997457,0,2025-12-18,False,0.05,1765986300,-0.05,-0.0644590554327383
XRP,xrp-above-2-on-december-18,2.0,1766077260,1765834200,0.9304796325389061,2.8131944444444446,1.8962,1.9089,3.8404745072830124,0.006675276422997457,0,2025-12-18,False,0.2,1765872000,-0.2,-0.22563622893158908
XRP,xrp-above-2pt1-on-december-17,2.1,1765990860,1765834200,0.9679762136803782,1.8131944444444443,1.8962,1.8985,1.812861974819135,0.0012122171879983214,0,2025-12-17,False,0.023,1765906200,-0.023,-0.025197582445344334
XRP,xrp-above-2-on-december-16,2.0,1765904460,1765834200,0.9304796325389061,0.8131944444444444,1.8962,1.926,4.234675901329507,0.015593429874212021,0,2025-12-16,False,0.060000000000000005,1765872000,-0.060000000000000005,-0.12603312170739725
BTC,bitcoin-above-84k-on-december-19,84000.0,1766163660,1765881900,0.5109779804581098,3.261111111111111,87143.63,87928.5,6.297512916030632,0.008966307296005515,1,2025-12-19,False,0.78,1765893600,0.21999999999999997,0.16353456399430555
BTC,bitcoin-above-86k-on-december-18,86000.0,1766077260,1765886400,0.4953765196788511,2.209027777777778,87261.45,87911.58,9.707336137062823,0.007422752064383798,1,2025-12-18,False,0.65,1765892700,0.35,0.27794485064894947
SOL,solana-above-130-on-december-18,130.0,1766077260,1765900800,0.787210382685545,2.042361111111111,129.75,126.6,6.761781676894637,-0.02457701233592225,0,2025-12-18,False,0.47000000000000003,1765901700,-0.47000000000000003,-0.3038156083141475
BTC,bitcoin-above-88k-on-december-16,88000.0,1765904460,1765902600,0.46509240937328233,0.021527777777777778,87843.23,87560.24,98.51819110539088,-0.0032267348591979335,0,2025-12-16,False,0.26,1765903500,-0.26,0.05789208150488856
BTC,bitcoin-above-90k-on-december-19,90000.0,1766163660,1765902600,0.48526846691354886,3.0215277777777776,87843.23,87928.5,7.674505027347635,0.0009702357334609617,0,2025-12-19,False,0.26,1765906200,-0.26,-0.26744607901415846
SOL,solana-above-130-on-december-17,130.0,1765990860,1765907100,0.7462748959208898,0.9694444444444444,127.36,124.93,8.90363296281375,-0.019264141652334962,0,2025-12-17,False,0.28,1765912500,-0.28,-0.10847915338395711
BTC,bitcoin-above-90k-on-december-20,90000.0,1766250060,1765921500,0.44730534735690175,3.8027777777777776,87876.56,88179.61,7.528671411969049,0.003442654685820673,0,2025-12-20,False,0.28,1765930500,-0.28,-0.30591861591441943
BTC,bitcoin-above-92k-on-december-20,92000.0,1766250060,1765924200,0.44840769257503454,3.771527777777778,87872.8,88179.61,5.150698573743148,0.00348544289285105,0,2025-12-20,False,0.13,1765927800,-0.13,-0.1479524657370711
BTC,bitcoin-above-92k-on-december-21,92000.0,1766336460,1765924200,0.443500155496583,4.771527777777777,87872.8,88341.5,5.102935238338216,0.005319671619245323,0,2025-12-21,False,0.16,1765927800,-0.16,-0.18714593976223468
BTC,bitcoin-above-92k-on-december-22,92000.0,1766422860,1765924200,0.44025507072886316,5.771527777777777,87872.8,89507.76,4.992462413896257,0.01843501117730084,0,2025-12-22,False,0.18000000000000002,1765931400,-0.18000000000000002,-0.27203610040243187
ETH,ethereum-above-3000-on-december-21,3000.0,1766336460,1765929600,0.6570805414887656,4.709027777777778,2962.3,2984.47,5.232258745234651,0.00745618300726203,0,2025-12-21,False,0.41000000000000003,1765938600,-0.41000000000000003,-0.4490126787458168
SOL,solana-above-130-on-december-22,130.0,1766422860,1765935000,0.6959389864501498,5.646527777777778,129.4,127.18,4.587362805319666,-0.0173049762275384,0,2025-12-22,False,0.45,1765945800,-0.45,-0.3706157957068493
SOL,solana-above-130-on-december-20,130.0,1766250060,1765935900,0.7394536698085843,3.6361111111111115,129.19,126.33,5.36558006173747,-0.022386658130263783,0,2025-12-20,False,0.45,1765944900,-0.45,-0.3298825934873236
SOL,solana-above-130-on-december-21,130.0,1766336460,1765935900,0.7236734649757561,4.636111111111111,129.19,125.48,4.857841233759754,-0.029137805649732385,0,2025-12-21,False,0.45,1765944000,-0.45,-0.3084531662534521
SOL,solana-above-130-on-december-19,130.0,1766163660,1765943100,0.7895989442296407,2.5527777777777776,128.58,125.24,5.9226284703229,-0.02631938225533584,0,2025-12-19,False,0.44,1765945800,-0.44,-0.28412007733323663
ETH,ethereum-above-2900-on-december-17,2900.0,1765990860,1765946700,0.617374819923897,0.5111111111111111,2931.02,2868.14,15.612563784550046,-0.021686749264298023,0,2025-12-17,False,0.67,1765949400,-0.67,-0.3314142438316034
SOL,solana-above-140-on-december-21,140.0,1766336460,1765976400,0.7500765112930581,4.167361111111111,127.97,125.48,2.536751146482742,-0.019649478127027175,0,2025-12-21,False,0.08,1765989000,-0.08,-0.03015416383347625
ETH,ethereum-above-2800-on-december-18,2800.0,1766077260,1765982700,0.7441190710684596,1.0944444444444443,2927.4,2939.3,5.513801734520339,0.004056800695614469,1,2025-12-18,False,0.835,1765988100,0.16500000000000004,0.14263160528791766
ETH,ethereum-above-3000-on-december-22,3000.0,1766422860,1765982700,0.6294244586662099,5.094444444444445,2927.4,3041.51,5.016228499151181,0.03823944555689762,1,2025-12-22,False,0.33,1765988100,0.6699999999999999,0.4781822034057501
BTC,bitcoin-above-86k-on-december-17,86000.0,1765990860,1765982700,0.47752436401700116,0.09444444444444444,87496.05,86936.11,4.212764234973941,-0.006420168429096026,1,2025-12-17,False,0.93,1765988100,0.06999999999999995,0.09704665594060452
BTC,bitcoin-above-88k-on-december-20,88000.0,1766250060,1765982700,0.43777602347861894,3.0944444444444446,87496.05,88179.61,9.767190220493424,0.0077821076609511436,1,2025-12-20,False,0.43,1765988100,0.5700000000000001,0.4939906741591311
SOL,solana-above-130-on-december-23,130.0,1766509260,1765982700,0.7020506341174902,6.094444444444444,128.3,124.59,4.318609979224933,-0.02934292531081899,0,2025-12-23,False,0.41000000000000003,1765987200,-0.41000000000000003,-0.28327934993304527
BTC,bitcoin-above-90k-on-december-21,90000.0,1766336460,1765982700,0.41020041524004397,4.094444444444444,87496.05,88341.5,7.330653254376424,0.009616336387345187,0,2025-12-21,False,0.23,1765989000,-0.23,-0.3004940276330704
ETH,ethereum-above-3000-on-december-19,3000.0,1766163660,1765982700,0.6777847016530087,2.0944444444444446,2927.4,2968.1,6.847493857605474,0.013807360392209363,0,2025-12-19,False,0.28,1765988100,-0.28,-0.3745458154753988
ETH,ethereum-above-2800-on-december-21,2800.0,1766336460,1765982700,0.6733381846265888,4.094444444444444,2927.4,2984.47,4.705234849263602,0.01930751957333952,1,2025-12-21,False,0.73,1765988100,0.27,0.17915358605068382
ETH,ethereum-above-3000-on-december-23,3000.0,1766509260,1765982700,0.6346920198761197,6.094444444444444,2927.4,2957.95,4.591630745885104,0.010381803764986538,0,2025-12-23,False,0.34,1765988100,-0.34,-0.38766940936505795
ETH,ethereum-above-2900-on-december-20,2900.0,1766250060,1765982700,0.6688004100418247,3.0944444444444446,2927.4,2979.79,6.430442312793522,0.017738171167832988,1,2025-12-20,False,0.54,1765987200,0.45999999999999996,0.34593571357079267
ETH,ethereum-above-3100-on-december-21,3100.0,1766336460,1765982700,0.6130299390374675,4.094444444444444,2927.4,2984.47,4.043537686405225,0.01930751957333952,0,2025-12-21,False,0.15000000000000002,1765988100,-0.15000000000000002,-0.2280706830258049
ETH,ethereum-above-3000-on-december-18,3000.0,1766077260,1765982700,0.6742294880422159,1.0944444444444443,2927.4,2939.3,8.563515335329717,0.004056800695614469,0,2025-12-18,False,0.21000000000000002,1765988100,-0.21000000000000002,-0.2447404749692708
ETH,ethereum-above-3100-on-december-22,3100.0,1766422860,1765983600,0.6295381351186308,5.084027777777777,2995.89,3041.51,4.745794531173133,0.015112753264496822,0,2025-12-22,False,0.29000000000000004,1765986300,-0.29000000000000004,-0.36172202179361795
ETH,ethereum-above-3000-on-december-20,3000.0,1766250060,1765983600,0.6725823760017686,3.0840277777777776,2995.89,2979.79,6.443768152592242,-0.005388521124567918,0,2025-12-20,False,0.47000000000000003,1765986300,-0.47000000000000003,-0.4352776191879387
BTC,bitcoin-above-88k-on-december-17,88000.0,1765990860,1765983600,0.4766300870425068,0.08402777777777778,89675.85,86936.11,1.8541481624909741,-0.03102802098804927,0,2025-12-17,False,0.9,1765986300,-0.9,-0.8424694518992771
ETH,ethereum-above-2900-on-december-22,2900.0,1766422860,1765983600,0.669321188788071,5.084027777777777,2995.89,3041.51,4.712128729551977,0.015112753264496822,1,2025-12-22,False,0.66,1765986300,0.33999999999999997,0.2687867611597341
ETH,ethereum-above-2900-on-december-21,2900.0,1766336460,1765983600,0.6688840516389004,4.084027777777778,2995.89,2984.47,5.152885105335819,-0.003819172719061454,1,2025-12-21,False,0.68,1765986300,0.31999999999999995,0.3396797582187566
ETH,ethereum-above-2900-on-december-18,2900.0,1766077260,1765983600,0.7358141123486515,1.0840277777777778,2995.89,2939.3,7.275072405133763,-0.019069891596786393,1,2025-12-18,False,0.78,1765986300,0.21999999999999997,0.3587348421246729
SOL,solana-above-150-on-december-22,150.0,1766422860,1765984500,0.7203113619168732,5.073611111111111,133.44,127.18,1.714135595320406,-0.048048532771174886,0,2025-12-22,False,0.05,1765987200,-0.05,0.032361700325989895
BTC,bitcoin-above-88k-on-december-18,88000.0,1766077260,1765984500,0.5157615413481924,1.073611111111111,90196.49,87911.58,9.790704649399519,-0.02565897615749513,0,2025-12-18,False,0.8,1765985400,-0.8,-0.5487805428359811
BTC,bitcoin-above-90k-on-december-18,90000.0,1766077260,1765986300,0.5069480303298929,1.0527777777777778,88707.75,87911.58,12.631984106024358,-0.009015722038269716,0,2025-12-18,False,0.25,1765987200,-0.25,-0.13611354250824342
BTC,bitcoin-above-86k-on-december-18,86000.0,1766077260,1765986300,0.5443145935644941,1.0527777777777778,88707.75,87911.58,7.898243764232614,-0.009015722038269716,1,2025-12-18,False,0.8200000000000001,1765987200,0.17999999999999994,0.25120837036881827
ETH,ethereum-above-2900-on-december-23,2900.0,1766509260,1765986300,0.6591156598323271,6.052777777777777,2953.1,2957.95,4.631726083732267,0.0016409947770245797,1,2025-12-23,False,0.5700000000000001,1765987200,0.42999999999999994,0.42239936168798675
BTC,bitcoin-above-88k-on-december-19,88000.0,1766163660,1765986300,0.4972786226470172,2.0527777777777776,88707.75,87928.5,10.493752408228467,-0.00882327444552267,0,2025-12-19,False,0.55,1765987200,-0.55,-0.45741074253883585
BTC,bitcoin-above-88k-on-december-23,88000.0,1766509260,1765986300,0.4366997998305625,6.052777777777777,88707.75,88027.69,7.0478711285943,-0.007695834592376662,1,2025-12-23,False,0.54,1765987200,0.45999999999999996,0.5142392504340487
BTC,bitcoin-above-88k-on-december-22,88000.0,1766422860,1765986300,0.43721277794587443,5.052777777777778,88707.75,89507.76,7.690043309553337,0.008978066766154397,1,2025-12-22,False,0.54,1765987200,0.45999999999999996,0.3909582777322112
BTC,bitcoin-above-84k-on-december-20,84000.0,1766250060,1765987200,0.49361663449463566,3.042361111111111,87233.44,88179.61,6.347706933005304,0.01078801350699583,1,2025-12-20,False,0.8,1765989000,0.19999999999999996,0.13152085186828766
BTC,bitcoin-above-86k-on-december-19,86000.0,1766163660,1765987200,0.504920851939085,2.042361111111111,87233.44,87928.5,9.906340982263362,0.00793624057976828,1,2025-12-19,False,0.63,1765989000,0.37,0.2913808946995399
ETH,ethereum-above-2800-on-december-19,2800.0,1766163660,1765988100,0.7464237166566268,2.0319444444444446,2878.04,2968.1,6.42700630215871,0.030812510550673453,1,2025-12-19,False,0.67,1765989900,0.32999999999999996,0.13196780050548992
BTC,bitcoin-above-84k-on-december-18,84000.0,1766077260,1765988100,0.5624150856992589,1.0319444444444446,86976.01,87911.58,6.892244709076401,0.010699203125515554,1,2025-12-18,False,0.858,1765989000,0.14200000000000002,0.06825847386683175
SOL,solana-above-120-on-december-19,120.0,1766163660,1765988100,0.8731240373676431,2.0319444444444446,126.46,125.24,4.54470789558504,-0.009694156172262228,1,2025-12-19,False,0.79,1765989000,0.20999999999999996,0.25405710809711457
BTC,bitcoin-above-84k-on-december-19,84000.0,1766163660,1765988100,0.5299726550427935,2.0319444444444446,86976.01,87928.5,6.9660611250145354,0.010891650718262558,1,2025-12-19,False,0.8,1765989000,0.19999999999999996,0.1241280953442745
ETH,ethereum-above-2700-on-december-19,2700.0,1766163660,1765989000,0.7857879841784607,2.0215277777777776,2848.46,2968.1,4.607034058806068,0.041143520098699704,1,2025-12-19,False,0.8130000000000001,1765998000,0.18699999999999994,-0.0025495983938815803
BTC,bitcoin-above-82k-on-december-20,82000.0,1766250060,1765989000,0.5174508958428251,3.0215277777777776,86355.19,88179.61,4.751505342639549,0.020906850134923355,1,2025-12-20,False,0.864,1765998900,0.136,0.03666098988614733
ETH,ethereum-above-2900-on-december-19,2900.0,1766163660,1766063700,0.746615495971505,1.1569444444444443,2904.39,2968.1,9.489746099484618,0.021698631993812893,1,2025-12-19,False,0.49,1766078100,0.51,0.30408549167256194
SOL,solana-above-130-on-december-19,130.0,1766163660,1766065500,0.8544074671317583,1.136111111111111,126.05,125.24,6.681476525638658,-0.006446757175723909,0,2025-12-19,False,0.24000000000000002,1766069100,-0.24000000000000002,-0.19692614326390814
BTC,bitcoin-above-92k-on-december-20,92000.0,1766250060,1766065500,0.49710177208265005,2.136111111111111,88764.37,88179.61,6.614084869677594,-0.006609573593176642,0,2025-12-20,False,0.12,1766069100,-0.12,-0.0762837193023498
ETH,ethereum-above-3100-on-december-20,3100.0,1766250060,1766071800,0.6917133051547737,2.0631944444444446,2973.53,2979.79,5.449725081165461,0.002103029001360871,0,2025-12-20,False,0.15000000000000002,1766075400,-0.15000000000000002,-0.16146092989513472
ETH,ethereum-above-3000-on-december-19,3000.0,1766163660,1766071800,0.7688886145287945,1.0631944444444446,2973.53,2968.1,9.353293793463536,-0.0018277817742625886,0,2025-12-19,False,0.37,1766074500,-0.37,-0.35290422007498395
ETH,ethereum-above-3100-on-december-21,3100.0,1766336460,1766071800,0.6239800268152331,3.0631944444444446,2973.53,2984.47,5.239402026038023,0.003672377406867445,0,2025-12-21,False,0.18000000000000002,1766075400,-0.18000000000000002,-0.19924106162591756
BTC,bitcoin-above-92k-on-december-21,92000.0,1766336460,1766071800,0.4308597024095235,3.0631944444444446,88599.94,88341.5,6.290996686145595,-0.0029211945351014174,0,2025-12-21,False,0.12,1766077200,-0.12,-0.10162277486009036
ETH,ethereum-above-3300-on-december-24,3300.0,1766595660,1766071800,0.662421695626571,6.063194444444444,2973.53,2940.85,2.105090238528308,-0.0110511440232075,0,2025-12-24,False,0.06999999999999999,1766078100,-0.06999999999999999,-0.04673634459217543
BTC,bitcoin-above-88k-on-december-21,88000.0,1766336460,1766071800,0.43471840392572053,3.0631944444444446,88599.94,88341.5,9.904439992690273,-0.0029211945351014174,1,2025-12-21,False,0.54,1766077200,0.45999999999999996,0.4889327959798867
BTC,bitcoin-above-90k-on-december-21,90000.0,1766336460,1766071800,0.42628610957309826,3.0631944444444446,88599.94,88341.5,9.349316087496321,-0.0029211945351014174,0,2025-12-21,False,0.29000000000000004,1766075400,-0.29000000000000004,-0.26268882893827
SOL,solana-above-130-on-december-23,130.0,1766509260,1766071800,0.7515536524520241,5.063194444444445,128.43,124.59,4.433317972535662,-0.030355662514192555,0,2025-12-23,False,0.41000000000000003,1766074500,-0.41000000000000003,-0.27542369580760306
ETH,ethereum-above-3000-on-december-20,3000.0,1766250060,1766071800,0.6883657958973034,2.0631944444444446,2973.53,2979.79,7.560135935923275,0.002103029001360871,0,2025-12-20,False,0.39,1766074500,-0.39,-0.4058991851274772
BTC,bitcoin-above-88k-on-december-20,88000.0,1766250060,1766071800,0.47703358285550673,2.0631944444444446,88599.94,88179.61,10.96099478012118,-0.004755423261495477,1,2025-12-20,False,0.55,1766075400,0.44999999999999996,0.5021241695465187
ETH,ethereum-above-3000-on-december-22,3000.0,1766422860,1766071800,0.6260035099598471,4.063194444444444,2973.53,3041.51,5.9562784552896755,0.022604303390425556,1,2025-12-22,False,0.41000000000000003,1766074500,0.59,0.4553624747187769
BTC,bitcoin-above-88k-on-december-18,88000.0,1766077260,1766072700,0.5378758949580711,0.05277777777777778,89077.12,87911.58,10.581139718758774,-0.01317097474864447,0,2025-12-18,False,0.85,1766073600,-0.85,-0.7106360759523491
ETH,ethereum-above-2900-on-december-20,2900.0,1766250060,1766078100,0.6780227313918087,1.9902777777777778,2857.23,2979.79,7.566049869055356,0.04200020420198036,1,2025-12-20,False,0.33,1766079000,0.6699999999999999,0.3522243604973082
BTC,bitcoin-above-86k-on-december-20,86000.0,1766250060,1766078100,0.46539773130396017,1.9902777777777778,86381.18,88179.61,11.536539424364438,0.02060592913958096,1,2025-12-20,False,0.53,1766079000,0.47,0.23227888610556424
ETH,ethereum-above-2700-on-december-22,2700.0,1766422860,1766078100,0.6752658937979523,3.9902777777777776,2857.23,3041.51,4.2125672383626425,0.06250147859104513,1,2025-12-22,False,0.79,1766079000,0.20999999999999996,-0.05329168106186083
BTC,bitcoin-above-82k-on-december-23,82000.0,1766509260,1766078100,0.472700729691656,4.990277777777778,86381.18,88027.69,4.753014554929692,0.018881596065499624,1,2025-12-23,False,0.83,1766085300,0.17000000000000004,0.08025549908037713
ETH,ethereum-above-2900-on-december-22,2900.0,1766422860,1766078100,0.6181558075160469,3.9902777777777776,2857.23,3041.51,5.963870466109183,0.06250147859104513,1,2025-12-22,False,0.37,1766079000,0.63,0.25724927774271056
ETH,ethereum-above-2800-on-december-23,2800.0,1766509260,1766078100,0.6438370434104537,4.990277777777778,2857.23,2957.95,5.159629759779158,0.03464383679913382,1,2025-12-23,False,0.59,1766079000,0.41000000000000003,0.23125062865825685
ETH,ethereum-above-2900-on-december-23,2900.0,1766509260,1766078100,0.6294048555170764,4.990277777777778,2857.23,2957.95,5.268569095749609,0.03464383679913382,1,2025-12-23,False,0.38,1766079000,0.62,0.4374765520818905
ETH,ethereum-above-2900-on-december-24,2900.0,1766595660,1766078100,0.6367861812268,5.990277777777778,2857.23,2940.85,4.770328314792477,0.028846031177411937,1,2025-12-24,False,0.39,1766079000,0.61,0.47239496070500525
BTC,bitcoin-above-84k-on-december-19,84000.0,1766163660,1766078100,0.5505935136217143,0.9902777777777777,86381.18,87928.5,8.771595177379663,0.017754156212353517,1,2025-12-19,False,0.793,1766079000,0.20699999999999996,0.051267728989274675
BTC,bitcoin-above-82k-on-december-24,82000.0,1766595660,1766078100,0.4697161666631363,5.990277777777778,86381.18,87300.34,4.678761330479166,0.010584529445411772,1,2025-12-24,False,0.81,1766085300,0.18999999999999995,0.14047751292948923
ETH,ethereum-above-2600-on-december-22,2600.0,1766422860,1766078100,0.7343181387492548,3.9902777777777776,2857.23,3041.51,2.5584937504631644,0.06250147859104513,1,2025-12-22,False,0.894,1766079000,0.10599999999999998,-0.05390964236989623
ETH,ethereum-above-2600-on-december-23,2600.0,1766509260,1766078100,0.7189649269596726,4.990277777777778,2857.23,2957.95,2.6480045709324966,0.03464383679913382,1,2025-12-23,False,0.87,1766079000,0.13,0.038262961801254214
ETH,ethereum-above-2800-on-december-21,2800.0,1766336460,1766079000,0.6645773285698157,2.9798611111111106,2823.44,2984.47,6.604532692400715,0.055466176957440216,1,2025-12-21,False,0.54,1766087100,0.45999999999999996,0.0936718209621028
BTC,bitcoin-above-86k-on-december-24,86000.0,1766595660,1766079000,0.4363486516587136,5.97986111111111,85902.98,87300.34,7.134674497765879,0.016135837564018683,1,2025-12-24,False,0.47000000000000003,1766087100,0.53,0.41487605123190324
BTC,bitcoin-above-86k-on-december-19,86000.0,1766163660,1766079000,0.5282077730826483,0.9798611111111112,85902.98,87928.5,14.555069536266581,0.02330546433096052,1,2025-12-19,False,0.45,1766087100,0.55,0.21078734608788913
BTC,bitcoin-above-82k-on-december-19,82000.0,1766163660,1766079000,0.6355739827878958,0.9798611111111112,85902.98,87928.5,4.5750036900468665,0.02330546433096052,1,2025-12-19,False,0.913,1766087100,0.08699999999999997,-0.019622585312400048
ETH,ethereum-above-2800-on-december-19,2800.0,1766163660,1766079000,0.8202721752562019,0.9798611111111112,2823.44,2968.1,9.244289457081642,0.049966017776310115,1,2025-12-19,False,0.54,1766087100,0.45999999999999996,-0.0019003313418975432
SOL,solana-above-120-on-december-20,120.0,1766250060,1766079900,0.8462489009497389,1.9694444444444443,123.06,126.33,5.984301950591458,0.026225489529601853,1,2025-12-20,False,0.66,1766084400,0.33999999999999997,0.18305875185278772
ETH,ethereum-above-2700-on-december-19,2700.0,1766163660,1766079900,0.9024566877075526,0.9694444444444444,2843.45,2968.1,4.7367829032857705,0.04290391381322678,1,2025-12-19,False,0.862,1766087100,0.138,-0.0652265254345388
SOL,solana-above-120-on-december-19,120.0,1766163660,1766079900,0.8898995120412234,0.9694444444444444,123.06,125.24,7.574422272595014,0.0175598551458607,1,2025-12-19,False,0.6900000000000001,1766084400,0.30999999999999994,0.17699424207965048
SOL,solana-above-120-on-december-22,120.0,1766422860,1766084400,0.7820337033303917,3.9173611111111115,121.54,127.18,4.890659691692942,0.045359979132052586,1,2025-12-22,False,0.55,1766087100,0.44999999999999996,0.22815977844283736
XRP,xrp-above-1pt7-on-december-19,1.7,1766163660,1766085300,0.6891595986604916,0.9069444444444446,1.8343,1.8902,1.0413974280210403,0.03001970624065062,1,2025-12-19,False,0.95,1766088000,0.050000000000000044,0.018737555131039314
XRP,xrp-above-1pt7-on-december-20,1.7,1766250060,1766092500,0.6679425954463428,1.823611111111111,1.8156,1.9299,3.3066681434671117,0.06105219650275383,1,2025-12-20,False,0.881,1766105100,0.119,-0.08287935326435028
XRP,xrp-above-1pt8-on-december-19,1.8,1766163660,1766093400,0.6674340310564778,0.8131944444444444,1.8194,1.8902,12.013813778356726,0.03817586717299435,1,2025-12-19,False,0.6,1766094300,0.4,-0.05863775904363572
XRP,xrp-above-1pt9-on-december-20,1.9,1766250060,1766103300,0.8051765581651992,1.698611111111111,1.8068,1.9299,4.65542146133286,0.06591086330461517,1,2025-12-20,False,0.15000000000000002,1766104200,0.85,0.543157152436718
XRP,xrp-above-2-on-december-22,2.0,1766422860,1766103300,0.7904474364956025,3.698611111111111,1.8068,1.939,2.1076240890760567,0.07061505146220283,0,2025-12-22,False,0.06999999999999999,1766105100,-0.06999999999999999,-0.21882998351308408
XRP,xrp-above-2-on-december-23,2.0,1766509260,1766103300,0.7904474364956025,4.698611111111111,1.8068,1.8901,2.2236645591838053,0.04507241292646149,0,2025-12-23,False,0.08,1766107800,-0.08,-0.18022592722147046
XRP,xrp-above-1pt9-on-december-21,1.9,1766336460,1766103300,0.8051765581651992,2.698611111111111,1.8068,1.9073,4.31329212881146,0.05413130460193179,1,2025-12-21,False,0.18000000000000002,1766104200,0.82,0.586515869938192
BTC,bitcoin-above-88k-on-december-23,88000.0,1766509260,1766143800,0.42629580934590544,4.229861111111111,88281.59,88027.69,8.683791600033308,-0.0028801680265057644,1,2025-12-23,False,0.52,1766149200,0.48,0.5050107789152553
BTC,bitcoin-above-90k-on-december-20,90000.0,1766250060,1766154600,0.47124048131758967,1.104861111111111,88032.38,88179.61,10.579797099654067,0.0016710558034190007,0,2025-12-20,False,0.17,1766160000,-0.17,-0.18767943134237244
BTC,bitcoin-above-88k-on-december-19,88000.0,1766163660,1766154600,0.5714685755327917,0.10486111111111111,88032.38,87928.5,41.16408527647074,-0.0011807171238084285,0,2025-12-19,False,0.47000000000000003,1766163600,-0.47000000000000003,-0.4213968596281606
ETH,ethereum-above-3100-on-december-25,3100.0,1766682060,1766155500,0.6272302849847958,6.094444444444444,2993.0,2949.22,4.399386289987386,-0.014735500260129953,0,2025-12-25,False,0.29000000000000004,1766158200,-0.29000000000000004,-0.22517284217947875
BTC,bitcoin-above-92k-on-december-25,92000.0,1766682060,1766155500,0.4331662039473825,6.094444444444444,88501.78,88081.15,5.497764987297172,-0.004764116164335762,0,2025-12-25,False,0.21000000000000002,1766164500,-0.21000000000000002,-0.18380800895629837
ETH,ethereum-above-3000-on-december-23,3000.0,1766509260,1766155500,0.6272698141355039,4.094444444444444,2993.0,2957.95,5.990861222029224,-0.011779768037865877,0,2025-12-23,False,0.45,1766158200,-0.45,-0.37942904445745007
ETH,ethereum-above-3000-on-december-24,3000.0,1766595660,1766155500,0.6332093673238964,5.094444444444445,2993.0,2940.85,5.3203221400918315,-0.017577573659587873,0,2025-12-24,False,0.46,1766158200,-0.46,-0.3664816456897997
ETH,ethereum-above-3100-on-december-23,3100.0,1766509260,1766155500,0.6156934634150499,4.094444444444444,2993.0,2957.95,5.196737167231033,-0.011779768037865877,0,2025-12-23,False,0.25,1766158200,-0.25,-0.1887836416162622
ETH,ethereum-above-3100-on-december-22,3100.0,1766422860,1766155500,0.5990396929362128,3.0944444444444446,2993.0,3041.51,5.800307356835041,0.016077873754045267,0,2025-12-22,False,0.21000000000000002,1766158200,-0.21000000000000002,-0.3032566094178538
ETH,ethereum-above-3100-on-december-24,3100.0,1766595660,1766155500,0.6226171598545496,5.094444444444445,2993.0,2940.85,4.751687074660151,-0.017577573659587873,0,2025-12-24,False,0.28,1766158200,-0.28,-0.1964768704378496
BTC,bitcoin-above-90k-on-december-24,90000.0,1766595660,1766155500,0.43322893707215704,5.094444444444445,88501.78,87300.34,7.322236481763901,-0.013668307351732346,0,2025-12-24,False,0.33,1766165400,-0.33,-0.22991742126518372
BTC,bitcoin-above-86k-on-december-25,86000.0,1766682060,1766155500,0.4582606825609789,6.094444444444444,88501.78,88081.15,6.075628530787246,-0.004764116164335762,1,2025-12-25,False,0.68,1766165400,0.31999999999999995,0.348945000092023
BTC,bitcoin-above-90k-on-december-22,90000.0,1766422860,1766155500,0.41692161732774974,3.0944444444444446,88501.78,89507.76,9.363995686496263,0.0113026606268869,0,2025-12-22,False,0.28,1766160000,-0.28,-0.3858380653561001
BTC,bitcoin-above-90k-on-december-23,90000.0,1766509260,1766155500,0.4302139781208862,4.094444444444444,88501.78,88027.69,8.110416702122231,-0.0053712407316443694,0,2025-12-23,False,0.32,1766160000,-0.32,-0.2764369994589523
BTC,bitcoin-above-88k-on-december-20,88000.0,1766250060,1766158200,0.46496267541128844,1.0631944444444446,88192.12,88179.61,15.853730648556137,-0.00014185946943963588,1,2025-12-20,False,0.5,1766160000,0.5,0.5022490018184431
ETH,ethereum-above-3100-on-december-21,3100.0,1766336460,1766158200,0.5695694342791287,2.0631944444444446,2966.49,2984.47,5.371422634817925,0.006042740906067269,0,2025-12-21,False,0.11399999999999999,1766167200,-0.11399999999999999,-0.1464581152791899
ETH,ethereum-above-3000-on-december-20,3000.0,1766250060,1766158200,0.6359914188819699,1.0631944444444446,2966.49,2979.79,10.95319892120641,0.00447339250056081,0,2025-12-20,False,0.32,1766167200,-0.32,-0.36899795791127554
BTC,bitcoin-above-86k-on-december-23,86000.0,1766509260,1766158200,0.44190008430496935,4.063194444444444,88192.12,88027.69,7.487900852819102,-0.0018661925435209843,1,2025-12-23,False,0.71,1766165400,0.29000000000000004,0.30397386473815546
BTC,bitcoin-above-90k-on-december-21,90000.0,1766336460,1766158200,0.39930462703273495,2.0631944444444446,88192.12,88341.5,10.466897029894819,0.001692369256954466,0,2025-12-21,False,0.2,1766165400,-0.2,-0.21771385474910201
BTC,bitcoin-above-88k-on-december-22,88000.0,1766422860,1766158200,0.41075334684092263,3.0631944444444446,88192.12,89507.76,10.593889318355854,0.014807708815010071,1,2025-12-22,False,0.5,1766165400,0.5,0.34312877175534096
BTC,bitcoin-above-88k-on-december-21,88000.0,1766336460,1766158200,0.40703799450930017,2.0631944444444446,88192.12,88341.5,13.015817532586897,0.001692369256954466,1,2025-12-21,False,0.5,1766165400,0.5,0.477972430553721
ETH,ethereum-above-3000-on-december-22,3000.0,1766422860,1766158200,0.5989413388512018,3.0631944444444446,2966.49,3041.51,7.0775249926984865,0.02497466688962561,1,2025-12-22,False,0.39,1766167200,0.61,0.4332411709043554
BTC,bitcoin-above-88k-on-december-25,88000.0,1766682060,1766165400,0.4356361200862956,5.97986111111111,87609.86,88081.15,7.1133569247456405,0.005364999955736095,1,2025-12-25,False,0.45,1766166300,0.55,0.5118368404136047
BTC,bitcoin-above-86k-on-december-20,86000.0,1766250060,1766165400,0.46038526877500946,0.9798611111111112,87609.86,88179.61,12.476225794626945,0.00648220846250888,1,2025-12-20,False,0.78,1766166300,0.21999999999999997,0.1391265035738976
XRP,xrp-above-2-on-december-20,2.0,1766250060,1766190600,0.7087027266931072,0.6881944444444444,1.9087,1.9299,3.998762361230401,0.011045806049217574,0,2025-12-20,False,0.031,1766191500,-0.031,-0.07516955347906232
BTC,bitcoin-above-90k-on-december-21,90000.0,1766336460,1766268900,0.3596078633110987,0.7819444444444444,88180.48,88341.5,11.174494176522966,0.0018243625486210995,0,2025-12-21,False,0.08,1766281500,-0.08,-0.10038632867543307
ETH,ethereum-above-3000-on-december-22,3000.0,1766422860,1766322900,0.6491047513255366,1.1569444444444443,2972.19,3041.51,10.516901069037761,0.02305504779907179,1,2025-12-22,False,0.38,1766324700,0.62,0.3775323431552252
BTC,bitcoin-above-86k-on-december-22,86000.0,1766422860,1766324700,0.5226014269120549,1.136111111111111,87934.72,89507.76,10.340270709645432,0.01773060441972503,1,2025-12-22,False,0.77,1766325600,0.22999999999999998,0.0466607504544074
BTC,bitcoin-above-88k-on-december-22,88000.0,1766422860,1766364300,0.46797164816102055,0.6777777777777778,89127.98,89507.76,16.30858785089964,0.004252011072241023,1,2025-12-22,False,0.72,1766365200,0.28,0.2106557038853593
ETH,ethereum-above-3000-on-december-23,3000.0,1766509260,1766364300,0.7082269658917342,1.6777777777777778,3033.06,2957.95,8.136896889264365,-0.025075550071748703,0,2025-12-23,False,0.5700000000000001,1766368800,-0.5700000000000001,-0.3659628346245952
BTC,bitcoin-above-90k-on-december-25,90000.0,1766682060,1766364300,0.4415343796000075,3.6777777777777776,89127.98,88081.15,8.741767097185189,-0.011814765718981643,0,2025-12-25,False,0.39,1766365200,-0.39,-0.28671806977685477
BTC,bitcoin-above-88k-on-december-23,88000.0,1766509260,1766365200,0.46419461857750494,1.667361111111111,88622.4,88027.69,12.441152541685113,-0.006733223253124999,1,2025-12-23,False,0.5700000000000001,1766369700,0.42999999999999994,0.5137690575893493
ETH,ethereum-above-3000-on-december-22,3000.0,1766422860,1766410200,0.6989135652062205,0.14652777777777778,3063.0,3041.51,9.569747482890453,-0.007040725226031028,1,2025-12-22,False,0.9,1766411100,0.09999999999999998,0.16737796250953374
BTC,bitcoin-above-90k-on-december-22,90000.0,1766422860,1766421000,0.4509499298400407,0.021527777777777778,90084.06,89507.76,111.13520076052201,-0.006417908990811047,0,2025-12-22,False,0.46,1766421900,-0.46,0.25325560415654486
ETH,ethereum-above-3100-on-december-25,3100.0,1766682060,1766423700,0.6369951665747386,2.990277777777778,3033.23,2949.22,6.370681677501867,-0.028087329729939707,0,2025-12-25,False,0.32,1766430000,-0.32,-0.14106456311951965
ETH,ethereum-above-3000-on-december-24,3000.0,1766595660,1766451600,0.6254360175501265,1.667361111111111,3028.2,2940.85,9.250301465918518,-0.029269728381160563,0,2025-12-24,False,0.5700000000000001,1766457000,-0.5700000000000001,-0.29924618864871366
ETH,ethereum-above-3200-on-december-25,3200.0,1766682060,1766455200,0.6252535880127641,2.6256944444444446,3018.3,2949.22,3.9781147895033775,-0.02315303037354581,0,2025-12-25,False,0.09999999999999999,1766458800,-0.09999999999999999,-0.007894587449176496
BTC,bitcoin-above-90k-on-december-25,90000.0,1766682060,1766457900,0.4080393509342138,2.5944444444444446,88270.01,88081.15,9.793350644676861,-0.0021418636792732617,0,2025-12-25,False,0.25,1766466000,-0.25,-0.22902397795577925
ETH,ethereum-above-3000-on-december-23,3000.0,1766509260,1766457900,0.5945425168374449,0.5944444444444444,2995.72,2957.95,16.584708253144584,-0.012688142510886,0,2025-12-23,False,0.44,1766466000,-0.44,-0.2295708581826343
BTC,bitcoin-above-88k-on-december-24,88000.0,1766595660,1766457900,0.4099778473363721,1.5944444444444443,88270.01,87300.34,14.65011563793789,-0.011046054866669899,0,2025-12-24,False,0.53,1766466000,-0.53,-0.3681740188602794
ETH,ethereum-above-3000-on-december-25,3000.0,1766682060,1766457900,0.6184381628095501,2.5944444444444446,2995.72,2949.22,7.640426804693815,-0.015643874733150043,0,2025-12-25,False,0.47000000000000003,1766466900,-0.47000000000000003,-0.35047412015956814
BTC,bitcoin-above-86k-on-december-23,86000.0,1766509260,1766468700,0.4186168240573827,0.4694444444444444,87779.99,88027.69,10.581220426428105,0.002817853735411259,1,2025-12-23,False,0.896,1766471400,0.10399999999999998,0.07418366849617963
BTC,bitcoin-above-90k-on-december-26,90000.0,1766768460,1766491200,0.394875273500544,3.2090277777777776,87856.65,86902.02,8.61147031463832,-0.010925231868868089,0,2025-12-26,False,0.22,1766500200,-0.22,-0.12591769008070192
XRP,xrp-above-1pt9-on-december-23,1.9,1766509260,1766505600,0.6689796862847299,0.04236111111111111,1.8815,1.8901,21.916841150007592,0.004560406673418657,0,2025-12-23,False,0.060000000000000005,1766508300,-0.060000000000000005,-0.15994970864075125
SOL,solana-above-130-on-december-27,130.0,1766854860,1766521800,0.6203081015850802,3.854861111111111,124.14,122.99,4.704652778246841,-0.009306909731187614,0,2025-12-27,False,0.18000000000000002,1766807100,-0.18000000000000002,-0.13621422127627567
XRP,xrp-above-1pt9-on-december-24,1.9,1766595660,1766529000,0.595367126376458,0.7715277777777778,1.8786,1.8614,13.301822168642488,-0.009197925808804934,0,2025-12-24,False,0.31,1766534400,-0.31,-0.18765082657090965
BTC,bitcoin-above-86k-on-december-25,86000.0,1766682060,1766533500,0.393919836725442,1.7194444444444446,87488.86,88081.15,12.16538045871444,0.0067470776689319365,1,2025-12-25,False,0.73,1766544300,0.27,0.18791923317294687
BTC,bitcoin-above-92k-on-december-28,92000.0,1766941260,1766536200,0.37593736511556675,4.688194444444444,87352.89,87814.04,4.352190060082311,0.005265275419008682,0,2025-12-28,False,0.08,1766544300,-0.08,-0.10291547934220531
BTC,bitcoin-above-90k-on-december-28,90000.0,1766941260,1766538900,0.3646478097794828,4.656944444444444,87746.72,87814.04,7.911288113758699,0.0007669140108478852,0,2025-12-28,False,0.23,1766544300,-0.23,-0.23606727769829589
ETH,ethereum-above-3000-on-december-27,3000.0,1766854860,1766550600,0.5471674742077917,3.5215277777777776,2944.96,2920.73,6.9281407855895285,-0.008261649632957243,0,2025-12-27,False,0.34,1766555100,-0.34,-0.2827621282216582
BTC,bitcoin-above-88k-on-december-27,88000.0,1766854860,1766557800,0.35401978139527,3.4381944444444446,86979.68,87498.41,10.895585734254835,0.005946093613838387,0,2025-12-27,False,0.35000000000000003,1766566800,-0.35000000000000003,-0.41478617275348134
ETH,ethereum-above-2900-on-december-24,2900.0,1766595660,1766578500,0.49760206505182475,0.1986111111111111,2929.69,2940.85,23.505076960085557,0.003802039827211108,1,2025-12-24,False,0.79,1766587500,0.20999999999999996,0.12063276125609249
BTC,bitcoin-above-88k-on-december-25,88000.0,1766682060,1766587500,0.3547657636685594,1.0944444444444443,86994.32,88081.15,17.138959618052514,0.012415719474685064,1,2025-12-25,False,0.24000000000000002,1766590200,0.76,0.5472074852943045
BTC,bitcoin-above-90k-on-december-25,90000.0,1766682060,1766631600,0.40142879006466603,0.5840277777777778,87892.66,88081.15,8.266120183124812,0.002142251418952463,0,2025-12-25,False,0.032,1766632500,-0.032,-0.04970810769153072
BTC,bitcoin-above-90k-on-december-26,90000.0,1766768460,1766631600,0.35682101220395807,1.5840277777777776,87892.66,86902.02,10.090985177958077,-0.011335020112178159,0,2025-12-26,False,0.11,1766640600,-0.11,0.0043815199438464875
BTC,bitcoin-above-88k-on-december-27,88000.0,1766854860,1766644200,0.30401098269509336,2.4381944444444446,87754.47,87498.41,15.9311490928919,-0.0029221794496140157,0,2025-12-27,False,0.46,1766651400,-0.46,-0.4134463235120143
ETH,ethereum-above-3000-on-december-30,3000.0,1767114060,1766650500,0.4968987015771565,5.365277777777778,2938.34,2984.93,6.172795333092416,0.015731499944283345,0,2025-12-30,False,0.33,1766659500,-0.33,-0.42710732943861585
ETH,ethereum-above-3000-on-december-29,3000.0,1767027660,1766650500,0.47732557919461543,4.365277777777778,2938.34,2937.32,6.9856810923664225,-0.00034719504200252175,0,2025-12-29,False,0.31,1766658600,-0.31,-0.3075746061597196
ETH,ethereum-above-2900-on-december-26,2900.0,1766768460,1766650500,0.44323498898661845,1.3652777777777778,2938.34,2911.33,13.171924309636065,-0.009234774595211019,1,2025-12-26,False,0.66,1766651400,0.33999999999999997,0.46163975198466956
ETH,ethereum-above-2900-on-december-29,2900.0,1767027660,1766650500,0.49217008946346674,4.365277777777778,2938.34,2937.32,7.239356557533321,-0.00034719504200252175,1,2025-12-29,False,0.5700000000000001,1766659500,0.42999999999999994,0.43251346870406393
ETH,ethereum-above-3000-on-december-27,3000.0,1766854860,1766650500,0.4352383898162243,2.365277777777778,2938.34,2920.73,9.451919709576917,-0.00601121100365016,0,2025-12-27,False,0.24000000000000002,1766657700,-0.24000000000000002,-0.18318251623617343
ETH,ethereum-above-2900-on-december-27,2900.0,1766854860,1766650500,0.4550511117802234,2.365277777777778,2938.34,2920.73,10.278248234431132,-0.00601121100365016,1,2025-12-27,False,0.63,1766651400,0.37,0.43178471888506026
BTC,bitcoin-above-88k-on-december-26,88000.0,1766768460,1766702700,0.35533456163103966,0.7611111111111111,87709.82,86902.02,24.041738647332004,-0.009252588633145351,0,2025-12-26,False,0.39,1766705400,-0.39,-0.16755168227064463
BTC,bitcoin-above-90k-on-december-30,90000.0,1767114060,1766702700,0.3321056395972304,4.761111111111111,87709.82,88835.92,8.240843199991371,0.01275720696908786,0,2025-12-30,False,0.22,1766706300,-0.22,-0.32513014230209025
BTC,bitcoin-above-86k-on-december-29,86000.0,1767027660,1766702700,0.33551121034367076,3.7611111111111106,87709.82,87657.36,10.008062711017155,-0.0005982875651514094,1,2025-12-29,False,0.73,1766705400,0.27,0.27598769947125706
BTC,bitcoin-above-88k-on-december-31,88000.0,1767200460,1766702700,0.3510496235993625,5.761111111111111,87709.82,87622.31,9.003143047429113,-0.000998219861545856,0,2025-12-31,False,0.46,1766706300,-0.46,-0.4510128837937178
BTC,bitcoin-above-88k-on-december-30,88000.0,1767114060,1766702700,0.33747703968622644,4.761111111111111,87709.82,88835.92,10.293560590557469,0.01275720696908786,1,2025-12-30,False,0.45,1766706300,0.55,0.4186829170974121
BTC,bitcoin-above-88k-on-december-29,88000.0,1767027660,1766702700,0.31559451763080737,3.7611111111111106,87709.82,87657.36,12.364820377616034,-0.0005982875651514094,0,2025-12-29,False,0.45,1766705400,-0.45,-0.4426022817227416
ETH,ethereum-above-2900-on-december-28,2900.0,1766941260,1766703600,0.44806112062143905,2.7506944444444446,2921.56,2942.72,10.107645822163125,0.007216603515931348,1,2025-12-28,False,0.56,1766706300,0.43999999999999995,0.3670571276219887
BTC,bitcoin-above-86k-on-december-26,86000.0,1766768460,1766705400,0.40662015510228394,0.7298611111111111,87491.0,86902.02,14.155094549595638,-0.006754653820048793,1,2025-12-26,False,0.83,1766706300,0.17000000000000004,0.26561276347257806
BTC,bitcoin-above-90k-on-december-27,90000.0,1766854860,1766734200,0.3614947257644382,1.3965277777777778,89422.18,87498.41,17.06030060936931,-0.02174812807225092,0,2025-12-27,False,0.35000000000000003,1766735100,-0.35000000000000003,0.0210296026036641
ETH,ethereum-above-3100-on-december-28,3100.0,1766941260,1766737800,0.484189085827305,2.354861111111111,2963.18,2942.72,5.112738084472099,-0.006928692274331986,0,2025-12-28,False,0.08399999999999999,1766749500,-0.08399999999999999,-0.04857541113343524
ETH,ethereum-above-3000-on-december-28,3000.0,1766941260,1766751300,0.3988198238480011,2.198611111111111,2969.56,2942.72,12.14411365762536,-0.00907946997886899,0,2025-12-28,False,0.33,1766760300,-0.33,-0.21973788462561766
ETH,ethereum-above-3000-on-december-27,3000.0,1766854860,1766759400,0.434707419960355,1.104861111111111,2977.96,2920.73,15.84647072874114,-0.01940491730276635,0,2025-12-27,False,0.33,1766760300,-0.33,-0.02250054596807055
ETH,ethereum-above-2900-on-december-29,2900.0,1767027660,1766760300,0.4349688503169099,3.0944444444444446,2957.09,2937.32,8.933104445247675,-0.0067080756630805306,1,2025-12-29,False,0.67,1766761200,0.32999999999999996,0.3899239405249224
BTC,bitcoin-above-86k-on-december-30,86000.0,1767114060,1766761200,0.36626064504355016,4.084027777777778,87380.43,88835.92,9.537039459513815,0.016519728166994128,1,2025-12-30,False,0.65,1766762100,0.35,0.19245070061093514
BTC,bitcoin-above-88k-on-december-27,88000.0,1766854860,1766761200,0.37506556838490607,1.0840277777777778,87380.43,87498.41,18.3200192037942,0.0013492772241516775,0,2025-12-27,False,0.31,1766762100,-0.31,-0.3347187846577009
BTC,bitcoin-above-90k-on-december-28,90000.0,1766941260,1766761200,0.34856697232567674,2.084027777777778,87380.43,87814.04,7.957072531253321,0.004950052195091826,0,2025-12-28,False,0.08,1766765700,-0.08,-0.11938792434983538
BTC,bitcoin-above-86k-on-december-27,86000.0,1766854860,1766761200,0.3973675181641737,1.0840277777777778,87380.43,87498.41,14.1696742220093,0.0013492772241516775,1,2025-12-27,False,0.761,1766762100,0.239,0.2198811812985937
BTC,bitcoin-above-86k-on-december-31,86000.0,1767200460,1766761200,0.37277750113041347,5.084027777777777,87380.43,87622.31,8.55870296022668,0.002764301336360452,1,2025-12-31,False,0.63,1766762100,0.37,0.34634116596953324
BTC,bitcoin-above-90k-on-december-29,90000.0,1767027660,1766776500,0.33417760786097866,2.9069444444444446,87316.64,87657.36,7.871412047471675,0.0038945263942199372,0,2025-12-29,False,0.11,1766788200,-0.11,-0.14065542197865924
BTC,bitcoin-above-88k-on-december-28,88000.0,1766941260,1766895300,0.3021094109202718,0.5319444444444444,87813.93,87814.04,33.97646481035257,1.252647855585082e-06,0,2025-12-28,False,0.39,1766898000,-0.39,-0.39004256054578507
BTC,bitcoin-above-88k-on-december-29,88000.0,1767027660,1766945700,0.3971804817493197,0.9486111111111111,87681.85,87657.36,19.35387115310369,-0.0002793442511718647,0,2025-12-29,False,0.39,1766952000,-0.39,-0.3845936073554595
ETH,ethereum-above-3200-on-january-1,3200.0,1767286860,1766969100,0.5796653248724664,3.6777777777777776,2968.23,2981.17,2.8643440550638473,0.004350025348772661,0,2026-01-01,False,0.060000000000000005,1766970000,-0.060000000000000005,-0.07245996924713402
ETH,ethereum-above-3300-on-january-1,3300.0,1767286860,1766979900,0.5595386512521072,3.5527777777777776,3037.44,2981.17,2.243823053185877,-0.01869921447223785,0,2026-01-01,False,0.033,1766980800,-0.033,0.008957728509274274
ETH,ethereum-above-3000-on-december-29,3000.0,1767027660,1766981700,0.5765795107198941,0.5319444444444444,3046.96,2937.32,14.239234574589913,-0.0366467712538007,0,2025-12-29,False,0.74,1766992500,-0.74,-0.2181780277157933
BTC,bitcoin-above-90k-on-december-29,90000.0,1767027660,1766997900,0.3899266144047613,0.34444444444444444,89719.19,87657.36,32.14017037317791,-0.023249103345373157,0,2025-12-29,False,0.37,1766998800,-0.37,0.37723014254391374
ETH,ethereum-above-3000-on-january-1,3000.0,1767286860,1767001500,0.5401533110511352,3.302777777777778,2971.09,2981.17,7.588244812532082,0.0033869520605657472,0,2026-01-01,False,0.38,1767010500,-0.38,-0.40570102140388287
ETH,ethereum-above-2900-on-december-30,2900.0,1767114060,1767001500,0.5522340795227483,1.3027777777777776,2971.09,2984.93,9.347398982043929,0.004647407130982484,1,2025-12-30,False,0.74,1767010500,0.26,0.21655883131471065
BTC,bitcoin-above-86k-on-december-29,86000.0,1767027660,1767001500,0.4539697400641779,0.30277777777777776,88232.85,87657.36,4.523825141117178,-0.006543764471935254,1,2025-12-29,False,0.951,1767006000,0.049000000000000044,0.07860284623569012
ETH,ethereum-above-2900-on-january-1,2900.0,1767286860,1767002400,0.5585635357572667,3.2923611111111106,2976.65,2981.17,6.748839482341263,0.0015173338124348146,1,2026-01-01,False,0.68,1767010500,0.31999999999999995,0.30975975765874847
ETH,ethereum-above-3100-on-january-1,3100.0,1767286860,1767008700,0.5468309596239179,3.2194444444444446,2963.86,2981.17,5.18045178571967,0.005823368062895541,0,2026-01-01,False,0.14,1767010500,-0.14,-0.17016767748033013
SOL,solana-above-130-on-december-30,130.0,1767114060,1767023100,0.7709837157989414,1.0527777777777778,123.86,125.89,4.750750099776972,0.016256614268252985,0,2025-12-30,False,0.08,1767024000,-0.08,-0.1572311118569386
SOL,solana-above-130-on-december-31,130.0,1767200460,1767039300,0.7269252120298476,1.8652777777777778,123.49,124.77,4.588369225011962,0.010311861293198938,0,2025-12-31,False,0.11,1767044700,-0.11,-0.15731462701030607
ETH,ethereum-above-3000-on-december-31,3000.0,1767200460,1767116700,0.4813066112522311,0.9694444444444444,2981.03,2974.3,15.515333464088904,-0.002260161188354162,0,2025-12-31,False,0.36,1767120300,-0.36,-0.3249328454800937
BTC,bitcoin-above-88k-on-january-2,88000.0,1767373260,1767116700,0.3745365545742013,2.9694444444444446,88533.43,90472.94,11.655358683553022,0.02167057966891104,1,2026-01-02,False,0.54,1767128400,0.45999999999999996,0.20742162107833012
ETH,ethereum-above-3100-on-january-1,3100.0,1767286860,1767119400,0.4985192330047556,1.9381944444444446,2975.33,2981.17,5.681374340495177,0.0019608836972265717,0,2026-01-01,False,0.08,1767122100,-0.08,-0.09114051432211837
ETH,ethereum-above-3000-on-january-2,3000.0,1767373260,1767121200,0.4839238993334604,2.917361111111111,2971.63,3134.14,8.956652162433691,0.05324419046665271,1,2026-01-02,False,0.38,1767122100,0.62,0.14311030631982363
SOL,solana-above-120-on-january-2,120.0,1767373260,1767144600,0.5727499579542656,2.6465277777777776,125.66,131.0,5.3544382487878766,0.04161747622635061,1,2026-01-02,False,0.83,1767145500,0.17000000000000004,-0.052838206524391806
SOL,solana-above-130-on-january-2,130.0,1767373260,1767155400,0.5729899421618702,2.521527777777778,125.6,131.0,6.33828290698582,0.04209506916705339,1,2026-01-02,False,0.2,1767156300,0.8,0.5331895426300797
BTC,bitcoin-above-90k-on-january-1,90000.0,1767286860,1767168000,0.4359034726725417,1.3756944444444446,88613.12,87990.0,12.498786577333941,-0.007056756254726068,0,2026-01-01,False,0.23,1767170700,-0.23,-0.14179910964391249
BTC,bitcoin-above-92k-on-january-1,92000.0,1767286860,1767168000,0.4412570711161828,1.3756944444444446,88613.12,87990.0,5.5414158393554525,-0.007056756254726068,0,2026-01-01,False,0.05,1767168900,-0.05,-0.01089557911559031
BTC,bitcoin-above-90k-on-december-31,90000.0,1767200460,1767168000,0.4895365381122937,0.3756944444444445,88613.12,87622.31,15.458176149111724,-0.01124428203009186,0,2025-12-31,False,0.09999999999999999,1767170700,-0.09999999999999999,0.07381609229145157
BTC,bitcoin-above-86k-on-january-5,86000.0,1767632460,1767182400,0.3810588307297141,5.209027777777778,89011.52,93697.64,6.697513757722468,0.051307202602923485,1,2026-01-05,False,0.78,1767193200,0.21999999999999997,-0.12363069530333409
BTC,bitcoin-above-88k-on-january-3,88000.0,1767459660,1767187800,0.35824444678462347,3.146527777777778,88844.12,90123.77,11.56342966537429,0.014300574343025816,1,2026-01-03,False,0.6,1767193200,0.4,0.23463631440996485
BTC,bitcoin-above-88k-on-december-31,88000.0,1767200460,1767190500,0.4578605585398791,0.11527777777777777,89135.14,87622.31,14.271469616856221,-0.017117999171747125,0,2025-12-31,False,0.91,1767191400,-0.91,-0.665700994919041
ETH,ethereum-above-3000-on-january-1,3000.0,1767286860,1767192300,0.460390515470712,1.0944444444444443,2998.4,2981.17,15.815600554831924,-0.00576297214905155,0,2026-01-01,False,0.45,1767194100,-0.45,-0.35885513448197937
ETH,ethereum-above-3100-on-january-4,3100.0,1767546060,1767194100,0.4605331726723016,4.073611111111111,2980.13,3139.68,5.786957795245671,0.052153960171994244,1,2026-01-04,False,0.15000000000000002,1767199500,0.85,0.5481872336297456
ETH,ethereum-above-3200-on-january-4,3200.0,1767546060,1767235500,0.5242235619783597,3.5944444444444446,2982.79,3139.68,2.970719292872256,0.051261779771638996,0,2026-01-04,False,0.05,1767241800,-0.05,-0.20228435815457674
ETH,ethereum-above-3100-on-january-3,3100.0,1767459660,1767249000,0.4845587378233507,2.4381944444444446,2979.3,3108.72,5.971862873450034,0.042522692312687585,1,2026-01-03,False,0.11,1767263400,0.89,0.6360603124987219
ETH,ethereum-above-2900-on-january-2,2900.0,1767373260,1767273300,0.3990314305772241,1.1569444444444443,2988.97,3134.14,7.295447428414123,0.047425967832790315,1,2026-01-02,False,0.9,1767276000,0.09999999999999998,-0.24599365506578103
ETH,ethereum-above-3000-on-january-1,3000.0,1767286860,1767281400,0.3155030610591294,0.06319444444444444,2985.02,2981.17,46.33358421091764,-0.0012906060767090373,0,2026-01-01,False,0.06999999999999999,1767284100,-0.06999999999999999,-0.010201594661679782
BTC,bitcoin-above-88k-on-january-3,88000.0,1767459660,1767310200,0.31136804052233474,1.7298611111111113,88735.06,90123.77,17.332363671350357,0.015528871643550535,1,2026-01-03,False,0.62,1767321000,0.38,0.11084794926826197
BTC,bitcoin-above-90k-on-january-2,90000.0,1767373260,1767311100,0.35157088277147086,0.7194444444444444,88875.01,90472.94,18.355919755631014,0.017819799828974515,1,2026-01-02,False,0.13,1767321000,0.87,0.5429011842779365
SOL,solana-above-130-on-january-3,130.0,1767459660,1767314700,0.5707176475841208,1.6777777777777778,126.5,131.81,7.9292120459946025,0.041119183556799443,1,2026-01-03,False,0.2,1767317400,0.8,0.4739572744199627
SOL,solana-above-130-on-january-4,130.0,1767546060,1767315600,0.5706667116462399,2.667361111111111,126.79,135.06,7.080066312220741,0.0631869496068393,1,2026-01-04,False,0.26,1767318300,0.74,0.2926322067166275
SOL,solana-above-130-on-january-5,130.0,1767632460,1767315600,0.5706667116462399,3.667361111111111,126.79,135.37,6.257569125959543,0.0654795956578381,1,2026-01-05,False,0.29000000000000004,1767320100,0.71,0.3002569038311977
SOL,solana-above-130-on-january-6,130.0,1767718860,1767315600,0.5706667116462399,4.667361111111111,126.79,138.63,5.660914596903381,0.08927633901042796,1,2026-01-06,False,0.31,1767316500,0.69,0.18461426933777358
SOL,solana-above-140-on-january-5,140.0,1767632460,1767348000,0.6246938123876254,3.2923611111111106,129.4,135.37,2.678777116427163,0.04510338813089471,0,2026-01-05,False,0.060000000000000005,1767356100,-0.060000000000000005,-0.18082192399837327
SOL,solana-above-140-on-january-4,140.0,1767546060,1767348900,0.6207908581416584,2.2819444444444446,129.54,135.06,2.2361935099532144,0.04172941039192494,0,2026-01-04,False,0.025,1767357900,-0.025,-0.11831503669259677
BTC,bitcoin-above-88k-on-january-2,88000.0,1767373260,1767351600,0.42619345488182414,0.25069444444444444,89666.29,90472.94,8.800373901161308,0.008955910288542103,1,2026-01-02,False,0.93,1767352500,0.06999999999999995,-0.008815359164428008
BTC,bitcoin-above-90k-on-january-3,90000.0,1767459660,1767365100,0.36413266963004165,1.0944444444444443,89387.65,90123.77,18.80349766152131,0.008201418340383468,1,2026-01-03,False,0.3,1767366900,0.7,0.5457846494154415
XRP,xrp-above-2pt1-on-january-5,2.1,1767632460,1767375000,0.5836973092848168,2.9798611111111106,1.9905,2.1925,4.39652412266961,0.09665658180596627,1,2026-01-05,False,0.11,1767380400,0.89,0.4650470064752808
BTC,bitcoin-above-92k-on-january-4,92000.0,1767546060,1767381300,0.3219761153586461,1.9069444444444443,89982.72,91306.78,10.768271723986583,0.014607393626909486,0,2026-01-04,False,0.12,1767385800,-0.12,-0.27729638375379123
BTC,bitcoin-above-92k-on-january-6,92000.0,1767718860,1767384900,0.37301934282070454,3.8652777777777776,90070.5,92613.77,8.82764278715635,0.027845137682276814,1,2026-01-06,False,0.25,1767387600,0.75,0.5041930711816736
BTC,bitcoin-above-92k-on-january-5,92000.0,1767632460,1767384900,0.3485987056055935,2.8652777777777776,90070.5,93697.64,10.097801290804503,0.03948030514273969,1,2026-01-05,False,0.2,1767387600,0.8,0.4013357237682876
BTC,bitcoin-above-92k-on-january-3,92000.0,1767459660,1767387600,0.40201734524207033,0.8340277777777777,89740.0,90123.77,8.872683252400828,0.004267347252633279,0,2026-01-03,False,0.041,1767389400,-0.041,-0.07886282050061799
ETH,ethereum-above-3200-on-january-3,3200.0,1767459660,1767395700,0.4156997425463985,0.7402777777777778,3130.42,3108.72,10.576918211264134,-0.006956114945560614,0,2026-01-03,False,0.091,1767396600,-0.091,-0.017425741152653315
ETH,ethereum-above-3200-on-january-4,3200.0,1767546060,1767397500,0.40654081066180886,1.7194444444444446,3126.45,3139.68,9.985479998984212,0.004222708325222984,0,2026-01-04,False,0.156,1767406500,-0.156,-0.19816576952305823
ETH,ethereum-above-3100-on-january-4,3100.0,1767546060,1767420000,0.3632645468657985,1.4590277777777778,3112.12,3139.68,17.15348851750114,0.008816717914852617,1,2026-01-04,False,0.56,1767422700,0.43999999999999995,0.288762530485529
SOL,solana-above-140-on-january-5,140.0,1767632460,1767434400,0.608079841575548,2.292361111111111,131.17,135.37,3.2122669194248097,0.03151757837064073,0,2026-01-05,False,0.05,1767447900,-0.05,-0.1512428743803881
BTC,bitcoin-above-92k-on-january-4,92000.0,1767546060,1767467700,0.3366726924304432,0.9069444444444446,90063.89,91306.78,10.535155799278323,0.013705738155594116,0,2026-01-04,False,0.071,1767469500,-0.071,-0.21539208681329752
BTC,bitcoin-above-92k-on-january-6,92000.0,1767718860,1767485700,0.42464439730941617,2.698611111111111,91399.99,92613.77,10.715056007352763,0.013192465649538243,1,2026-01-06,False,0.41000000000000003,1767490200,0.59,0.44864199169012026
XRP,xrp-above-2-on-january-8,2.0,1767891660,1767488400,0.617539863915558,4.667361111111111,2.0428,2.1426,5.51092329696029,0.04769862905496886,1,2026-01-08,False,0.58,1767489300,0.42000000000000004,0.15713651390790517
SOL,solana-above-140-on-january-4,140.0,1767546060,1767499200,0.6833727809295493,0.5423611111111111,134.62,135.06,4.911160697403377,0.003263129564128704,0,2026-01-04,False,0.022,1767503700,-0.022,-0.0380257536658839
BTC,bitcoin-above-92k-on-january-7,92000.0,1767805260,1767524400,0.4418012313043378,3.2506944444444446,91600.62,91277.42,9.493757262409199,-0.003534599741868446,0,2026-01-07,False,0.43,1767530700,-0.43,-0.3964433680309268
SOL,solana-above-130-on-january-5,130.0,1767632460,1767540600,0.57208390281621,1.0631944444444446,135.24,135.37,5.809367125312023,0.0009607923580094593,1,2026-01-05,False,0.86,1767554100,0.14,0.13441840446112885
BTC,bitcoin-above-92k-on-january-5,92000.0,1767632460,1767546900,0.5028962452292761,0.9902777777777777,91349.89,93697.64,14.628754098322803,0.02537592349744336,1,2026-01-05,False,0.37,1767550500,0.63,0.2587818551380496
BTC,bitcoin-above-94k-on-january-5,94000.0,1767632460,1767561300,0.5134745616431028,0.8236111111111112,91360.01,93697.64,8.151976238463561,0.025265146796122337,0,2026-01-05,False,0.088,1767563100,-0.088,-0.29396087634328305
XRP,xrp-above-2pt2-on-january-5,2.2,1767632460,1767575700,0.7828563539802158,0.6569444444444444,2.1308,2.1925,7.439305086005405,0.028544949203493975,0,2026-01-05,False,0.12,1767588300,-0.12,-0.33235458578931865
BTC,bitcoin-above-92k-on-january-6,92000.0,1767718860,1767576600,0.4640631485087457,1.6465277777777778,92978.35,92613.77,12.145844256894126,-0.003928835652760286,1,2026-01-06,False,0.61,1767580200,0.39,0.4377190259493594
BTC,bitcoin-above-92k-on-january-8,92000.0,1767891660,1767576600,0.4580779131554573,3.6465277777777776,92978.35,90904.38,8.526485153815253,-0.022558485512142522,0,2026-01-08,False,0.5700000000000001,1767588300,-0.5700000000000001,-0.37765540818816035
SOL,solana-above-140-on-january-7,140.0,1767805260,1767591000,0.642290169238123,2.479861111111111,135.92,135.63,6.349909156378555,-0.0021358873890530887,0,2026-01-07,False,0.25,1767594600,-0.25,-0.23643730911125832
SOL,solana-above-130-on-january-6,130.0,1767718860,1767608100,0.6690953944324555,1.2819444444444443,135.8,138.63,5.609337663792784,0.02062529842568888,1,2026-01-06,False,0.85,1767619800,0.15000000000000002,0.03430573671381737
BTC,bitcoin-above-92k-on-january-7,92000.0,1767805260,1767610800,0.44343988088640296,2.2506944444444446,93080.0,91277.42,10.892792947553705,-0.019555897959829517,0,2026-01-07,False,0.61,1767619800,-0.61,-0.3969816526200891
ETH,ethereum-above-3100-on-january-7,3100.0,1767805260,1767618000,0.5704832714181923,2.167361111111111,3170.5,3156.36,8.050190454861646,-0.004469839238566682,1,2026-01-07,False,0.68,1767619800,0.31999999999999995,0.3559830571730755
ETH,ethereum-above-3200-on-january-5,3200.0,1767632460,1767628800,0.5579115128261637,0.04236111111111111,3195.57,3183.18,64.59049912409428,-0.0038847785481401957,0,2026-01-05,False,0.37,1767629700,-0.37,-0.11908021458905044
BTC,bitcoin-above-94k-on-january-6,94000.0,1767718860,1767636000,0.4405777707504016,0.9590277777777778,94317.84,92613.77,17.49734870530426,-0.018232520503084035,0,2026-01-06,False,0.54,1767637800,-0.54,-0.22097923098092925
ETH,ethereum-above-3200-on-january-6,3200.0,1767718860,1767639600,0.5577408537921775,0.9173611111111111,3228.3,3248.99,13.636132170528276,0.006388495919793345,1,2026-01-06,False,0.59,1767640500,0.41000000000000003,0.32288562526681736
BTC,bitcoin-above-94k-on-january-8,94000.0,1767891660,1767645000,0.4497085751678869,2.8548611111111115,94744.43,90904.38,9.872287605790024,-0.04137487111380724,0,2026-01-08,False,0.56,1767645900,-0.56,-0.15153537271200113
ETH,ethereum-above-3400-on-january-8,3400.0,1767891660,1767645000,0.5993985101363194,2.8548611111111115,3260.96,3121.47,5.402713199846794,-0.043717585846510094,0,2026-01-08,False,0.155,1767658500,-0.155,0.08119357811837546
SOL,solana-above-140-on-january-8,140.0,1767891660,1767673800,0.6744607467168006,2.521527777777778,138.64,138.45,6.972572220733709,-0.0013713957903797752,0,2026-01-08,False,0.4,1767684600,-0.4,-0.3904378438083669
SOL,solana-above-140-on-january-7,140.0,1767805260,1767707100,0.6746650172304759,1.136111111111111,138.91,135.63,10.330472975633146,-0.02389565143467444,0,2026-01-07,False,0.39,1767717900,-0.39,-0.14314661861894631
ETH,ethereum-above-3300-on-january-9,3300.0,1767978060,1767709800,0.5844112871426036,3.104861111111111,3306.0,3131.37,7.40128139951582,-0.0542683909288221,0,2026-01-09,False,0.48,1767711600,-0.48,-0.07834436763685587
ETH,ethereum-above-3300-on-january-6,3300.0,1767718860,1767709800,0.5626713452790099,0.10486111111111111,3306.0,3248.99,41.11555152891311,-0.017394820586719737,0,2026-01-06,False,0.49,1767710700,-0.49,0.2251976421694739
ETH,ethereum-above-3300-on-january-7,3300.0,1767805260,1767709800,0.5645623346762846,1.104861111111111,3306.0,3156.36,12.831875972060807,-0.04631953447944986,0,2026-01-07,False,0.48,1767710700,-0.48,0.1143665215238947
ETH,ethereum-above-3300-on-january-8,3300.0,1767891660,1767709800,0.5722838509046045,2.104861111111111,3306.0,3121.47,9.177952803227774,-0.057434954689410164,0,2026-01-08,False,0.48,1767711600,-0.48,0.047135303394932215
SOL,solana-above-150-on-january-7,150.0,1767805260,1767711600,0.7876702292189668,1.0840277777777778,142.0,135.63,4.001153724432444,-0.04589646762663727,0,2026-01-07,False,0.068,1767717000,-0.068,0.11563882238261283
SOL,solana-above-140-on-january-6,140.0,1767718860,1767713400,0.7628038247235337,0.06319444444444444,143.08,138.63,3.8306546715239564,-0.03159540084053242,0,2026-01-06,False,0.9410000000000001,1767714300,-0.9410000000000001,-0.8199689301715426
BTC,bitcoin-above-94k-on-january-7,94000.0,1767805260,1767714300,0.4236571222610238,1.0527777777777778,93497.95,91277.42,17.007999442235025,-0.0240360704463308,0,2026-01-07,False,0.39,1767717000,-0.39,0.018805472744716
BTC,bitcoin-above-92k-on-january-6,92000.0,1767718860,1767717000,0.4443532008945788,0.021527777777777778,92850.61,92613.77,3.093731840678888,-0.00255402281282151,1,2026-01-06,False,0.97,1767717900,0.030000000000000027,0.03790146169784619
BTC,bitcoin-above-92k-on-january-8,92000.0,1767891660,1767718800,0.4337918758686885,2.000694444444444,92692.32,90904.38,12.131764526008597,-0.019477436402228866,0,2026-01-08,False,0.56,1767721500,-0.56,-0.3237043279978514
XRP,xrp-above-2pt2-on-january-7,2.2,1767805260,1767725100,0.8777878901935598,0.9277777777777778,2.2448,2.2014,8.206515760585308,-0.019522908758905135,1,2026-01-07,False,0.679,1767728700,0.32099999999999995,0.4812150584224239
XRP,xrp-above-2pt2-on-january-10,2.2,1768064460,1767735900,0.7660079318138774,3.8027777777777776,2.2871,2.094,4.595394986326065,-0.08820852704083146,0,2026-01-10,False,0.66,1767801600,-0.66,-0.254646977085356
XRP,xrp-above-2pt3-on-january-8,2.3,1767891660,1767735900,0.7855883721658445,1.8027777777777778,2.2871,2.1426,7.165556412925794,-0.06526459464285589,0,2026-01-08,False,0.397,1767767400,-0.397,0.07065713468011836
BTC,bitcoin-above-94k-on-january-11,94000.0,1768150860,1767741300,0.45321139902735347,4.740277777777778,93479.51,91055.17,7.655852464383679,-0.026276681344475552,0,2026-01-11,False,0.43,1767747600,-0.43,-0.22882960437307218
XRP,xrp-above-2pt2-on-january-11,2.2,1768150860,1767741300,0.7569764877030722,4.740277777777778,2.2977,2.0959,4.159222902407775,-0.09192556720454352,0,2026-01-11,False,0.66,1767801600,-0.66,-0.2776610755660376
ETH,ethereum-above-3300-on-january-11,3300.0,1768150860,1767741300,0.5874260422869438,4.740277777777778,3288.65,3130.49,5.937926399395629,-0.04928760440036993,0,2026-01-11,False,0.43,1767749400,-0.43,-0.13733383266807525
ETH,ethereum-above-3200-on-january-10,3200.0,1768064460,1767741300,0.5958545923512419,3.740277777777778,3288.65,3095.97,6.048286578735721,-0.06037588046254863,0,2026-01-10,False,0.65,1767749400,-0.65,-0.2848293725190149
ETH,ethereum-above-3600-on-january-12,3600.0,1768237260,1767741300,0.607692245381877,5.740277777777777,3288.65,3130.55,2.4718050372724085,-0.04926843825544765,0,2026-01-12,False,0.08,1767750300,-0.08,0.04178197385836013
BTC,bitcoin-above-96k-on-january-8,96000.0,1767891660,1767741300,0.45163084040050616,1.7402777777777776,93479.51,90904.38,8.771519498265684,-0.027934083052911094,0,2026-01-08,False,0.152,1767747600,-0.152,0.09302435416478269
SOL,solana-above-150-on-january-8,150.0,1767891660,1767741300,0.6993733579680207,1.7402777777777776,140.91,138.45,3.4629975452736477,-0.017612139090042597,0,2026-01-08,False,0.055,1767751200,-0.055,0.00599079443583557
XRP,xrp-above-2pt1-on-january-8,2.1,1767891660,1767742200,0.7757320115577581,1.7298611111111113,2.3006,2.1426,1.816573069440533,-0.07114991363345231,1,2026-01-08,False,0.93,1767796200,0.06999999999999995,0.19924901699954925
SOL,solana-above-150-on-january-10,150.0,1768064460,1767742200,0.6807547713388825,3.729861111111111,140.95,136.45,3.7314495990577137,-0.0324469704057741,0,2026-01-10,False,0.14,1767750300,-0.14,-0.01892576528873674
ETH,ethereum-above-3400-on-january-8,3400.0,1767891660,1767743100,0.5822935824001635,1.7194444444444446,3291.49,3121.47,7.064278380513261,-0.053036305083244015,0,2026-01-08,False,0.16,1767747600,-0.16,0.21466322338186625
ETH,ethereum-above-3300-on-january-12,3300.0,1768237260,1767744000,0.5842234443981411,5.709027777777777,3296.84,3130.55,5.453323435915225,-0.05175572598114585,0,2026-01-12,False,0.45,1767747600,-0.45,-0.16775928656421085
SOL,solana-above-150-on-january-12,150.0,1768237260,1767748500,0.658402313266991,5.656944444444444,140.09,142.93,3.319498359990231,0.020069926713001413,0,2026-01-12,False,0.15000000000000002,1767778200,-0.15000000000000002,-0.21662208880893236
ETH,ethereum-above-3300-on-january-10,3300.0,1768064460,1767764700,0.5787533635340995,3.469444444444444,3256.36,3095.97,6.827825925600379,-0.05050874138093534,0,2026-01-10,False,0.37,1767777300,-0.37,-0.025135106129804963
ETH,ethereum-above-3400-on-january-11,3400.0,1768150860,1767764700,0.5799186648842587,4.469444444444445,3256.36,3130.49,4.849713352152518,-0.039420465318756565,0,2026-01-11,False,0.21000000000000002,1767777300,-0.21000000000000002,-0.018822042995561034
ETH,ethereum-above-3500-on-january-12,3500.0,1768237260,1767764700,0.5826652506887533,5.469444444444444,3256.36,3130.55,3.23226109444018,-0.039401299173834295,0,2026-01-12,False,0.12,1767778200,-0.12,0.0073552863899825904
BTC,bitcoin-above-94k-on-january-8,94000.0,1767891660,1767764700,0.42343082301882534,1.4694444444444446,92750.0,90904.38,13.02678903230904,-0.020099516646480513,0,2026-01-08,False,0.28,1767765600,-0.28,-0.0181678369949147
XRP,xrp-above-2pt1-on-january-9,2.1,1767978060,1767767400,0.6923154608988773,2.4381944444444446,2.2647,2.1305,3.0046017014966657,-0.061085605873722096,1,2026-01-09,False,0.87,1767801600,0.13,0.31353791534514014
XRP,xrp-above-2pt2-on-january-8,2.2,1767891660,1767769200,0.6914795135144212,1.417361111111111,2.2643,2.1426,7.509847175005831,-0.055245615550018015,0,2026-01-08,False,0.716,1767793500,-0.716,-0.301113870130239
SOL,solana-above-140-on-january-8,140.0,1767891660,1767784500,0.6622021823943964,1.2402777777777778,138.04,138.45,9.598335918523258,0.002965751387168151,0,2026-01-08,False,0.34,1767791700,-0.34,-0.36846627806486626
BTC,bitcoin-above-94k-on-january-9,94000.0,1767978060,1767789000,0.5042187960862301,2.1881944444444446,92068.0,91593.17,8.777227936835256,-0.005170728880122736,0,2026-01-09,False,0.25,1767795300,-0.25,-0.20461533401958584
BTC,bitcoin-above-96k-on-january-9,96000.0,1767978060,1767789000,0.5046626249581014,2.1881944444444446,92068.0,91593.17,5.637802943796093,-0.005170728880122736,0,2026-01-09,False,0.11,1767791700,-0.11,-0.08084844949807257
BTC,bitcoin-above-98k-on-january-9,98000.0,1767978060,1767789900,0.5570543601971509,2.1777777777777776,92016.17,91593.17,3.0748515801204324,-0.004607616893148704,0,2026-01-09,False,0.032,1767799800,-0.032,-0.017832261915512113
ETH,ethereum-above-3200-on-january-7,3200.0,1767805260,1767792600,0.5135097577059641,0.14652777777777778,3223.55,3156.36,30.188882463241434,-0.021063771819289166,0,2026-01-07,False,0.73,1767793500,-0.73,-0.09410826831494212
BTC,bitcoin-above-90k-on-january-7,90000.0,1767805260,1767795300,0.45123576904227475,0.11527777777777777,91701.85,91277.42,3.280078140990352,-0.004639113066662264,1,2026-01-07,False,0.964,1767796200,0.03600000000000003,0.05121665336354164
ETH,ethereum-above-3200-on-january-13,3200.0,1768323660,1767798000,0.5679243981529701,6.084027777777777,3191.54,3182.88,5.426510198277479,-0.0027171116204594667,0,2026-01-13,False,0.46,1767798900,-0.46,-0.44525556608171846
BTC,bitcoin-above-92k-on-january-10,92000.0,1768064460,1767798900,0.4287660667750218,3.073611111111111,91671.29,90685.75,10.077511271769318,-0.010809010668537365,0,2026-01-10,False,0.44,1767799800,-0.44,-0.3310720731511399
BTC,bitcoin-above-92k-on-january-11,92000.0,1768150860,1767798900,0.40814613539673333,4.073611111111111,91671.29,91055.17,9.201878205005574,-0.0067436575407276425,0,2026-01-11,False,0.44,1767799800,-0.44,-0.37794568465395684
XRP,xrp-above-2pt2-on-january-9,2.2,1767978060,1767810600,0.7840665213469469,1.9381944444444446,2.1963,2.1305,6.970657158205743,-0.030417432380739944,0,2026-01-09,False,0.49,1767812400,-0.49,-0.27797050724095596
XRP,xrp-above-2pt2-on-january-13,2.2,1768323660,1767812400,0.7202363903810661,5.917361111111111,2.1879,2.1062,4.325913768672266,-0.03805680371180032,0,2026-01-13,False,0.45,1768151700,-0.45,-0.2853695488314652
ETH,ethereum-above-3300-on-january-11,3300.0,1768150860,1767827700,0.5105502273806855,3.740277777777778,3155.27,3130.49,5.1780518058823795,-0.007884528958228743,0,2026-01-11,False,0.16,1767841200,-0.16,-0.11917350058931175
BTC,bitcoin-above-94k-on-january-11,94000.0,1768150860,1767834900,0.43649041649652864,3.656944444444444,91429.1,91055.17,7.360665818545476,-0.004098221982193318,0,2026-01-11,False,0.21000000000000002,1767839400,-0.21000000000000002,-0.179834357538858
BTC,bitcoin-above-96k-on-january-12,96000.0,1768237260,1767834900,0.4320877375146294,4.656944444444444,91429.1,92149.84,4.839040006988025,0.007852139283120264,0,2026-01-12,False,0.12,1767840300,-0.12,-0.15799681613146122
BTC,bitcoin-above-96k-on-january-11,96000.0,1768150860,1767834900,0.4435525060557088,3.656944444444444,91429.1,91055.17,4.793705903763881,-0.004098221982193318,0,2026-01-11,False,0.09,1767840300,-0.09,-0.07035432908902498
XRP,xrp-above-2pt1-on-january-8,2.1,1767891660,1767846600,0.7972962505054031,0.5215277777777777,2.1674,2.1426,7.762771162096244,-0.011508247660437242,1,2026-01-08,False,0.837,1767852000,0.16300000000000003,0.25233589306470383
BTC,bitcoin-above-90k-on-january-11,90000.0,1768150860,1767863700,0.3859830705570455,3.3236111111111115,90327.61,91055.17,10.796556144267068,0.008022414278686357,1,2026-01-11,False,0.54,1767864600,0.45999999999999996,0.3733855538275929
BTC,bitcoin-above-90k-on-january-10,90000.0,1768064460,1767863700,0.41910906784834373,2.323611111111111,90327.61,90685.75,11.879885124471947,0.003957061150876567,1,2026-01-10,False,0.54,1767864600,0.45999999999999996,0.41299056809707557
BTC,bitcoin-above-90k-on-january-12,90000.0,1768237260,1767863700,0.3915258393021669,4.323611111111111,90327.61,92149.84,9.342957512420723,0.019972775544000024,1,2026-01-12,False,0.54,1767864600,0.45999999999999996,0.27339520668729206
ETH,ethereum-above-3100-on-january-8,3100.0,1767891660,1767866400,0.5273098492132438,0.2923611111111111,3111.89,3121.47,25.915640129321172,0.0030737860617003464,1,2026-01-08,False,0.58,1767874500,0.42000000000000004,0.3403408665904505
BTC,bitcoin-above-92k-on-january-8,92000.0,1767891660,1767871800,0.5910520536573548,0.2298611111111111,90218.61,90904.38,11.170816972748751,0.00757245976291806,0,2026-01-08,False,0.060000000000000005,1767872700,-0.060000000000000005,-0.14459056204506204
BTC,bitcoin-above-92k-on-january-9,92000.0,1767978060,1767871800,0.5045843177759268,1.229861111111111,90218.61,91593.17,10.792737262613407,0.015120980503179032,0,2026-01-09,False,0.22,1767872700,-0.22,-0.38319676972391115
BTC,bitcoin-above-94k-on-january-9,94000.0,1767978060,1767875400,0.5136476960352614,1.1881944444444446,89953.03,91593.17,4.312276896399236,0.018069060371355233,0,2026-01-09,False,0.04,1767876300,-0.04,-0.11791879157903817
XRP,xrp-above-2pt1-on-january-9,2.1,1767978060,1767877200,0.7756059291993339,1.167361111111111,2.0812,2.1305,8.8639713738914,0.023412043523818427,1,2026-01-09,False,0.4,1767882600,0.6,0.3924763164005739
BTC,bitcoin-above-90k-on-january-8,90000.0,1767891660,1767880800,0.6326341783135274,0.12569444444444444,89962.14,90904.38,33.95220890069124,0.01041926968250947,1,2026-01-08,False,0.44,1767881700,0.56,0.20624277914679967
ETH,ethereum-above-3000-on-january-8,3000.0,1767891660,1767882600,0.5774833918691205,0.10486111111111111,3079.08,3121.47,1.2064767934911982,0.013673193642758952,1,2026-01-08,False,0.968,1767883500,0.03200000000000003,0.015503609177099972
ETH,ethereum-above-3100-on-january-10,3100.0,1768064460,1767882600,0.506460629144138,2.104861111111111,3079.08,3095.97,10.176947923782368,0.005470414691389164,0,2026-01-10,False,0.41000000000000003,1767883500,-0.41000000000000003,-0.46567212543576153
XRP,xrp-above-2pt2-on-january-9,2.2,1767978060,1767898800,0.7548773848553686,0.9173611111111111,2.1368,2.1305,7.721229330847943,-0.0029526888557843372,0,2026-01-09,False,0.18000000000000002,1767903300,-0.18000000000000002,-0.15720161220185014
ETH,ethereum-above-3200-on-january-12,3200.0,1768237260,1767899700,0.4597259231469032,3.9069444444444446,3124.09,3130.55,7.294215687654523,0.002065667183741376,0,2026-01-12,False,0.27,1767903300,-0.27,-0.2850674219771195
ETH,ethereum-above-3200-on-january-11,3200.0,1768150860,1767899700,0.43943823737840054,2.9069444444444446,3124.09,3130.49,8.332272205768016,0.0020465010388191055,0,2026-01-11,False,0.23,1767903300,-0.23,-0.24705200372482783
BTC,bitcoin-above-92k-on-january-14,92000.0,1768410060,1767910500,0.3877995650882939,5.781944444444444,91442.11,97283.07,8.083321394908692,0.06191888164713848,1,2026-01-14,False,0.44,1767923100,0.56,0.05948977923286647
ETH,ethereum-above-3200-on-january-13,3200.0,1768323660,1767910500,0.4933568090864862,4.781944444444445,3126.44,3182.88,6.412709143554044,0.017891470253881662,0,2026-01-13,False,0.31,1767911400,-0.31,-0.4247327948886921
BTC,bitcoin-above-92k-on-january-15,92000.0,1768496460,1767910500,0.39689604298093756,6.781944444444444,91442.11,96820.1,7.302611326957165,0.05714852289454765,1,2026-01-15,False,0.44,1767923100,0.56,0.1426665493914055
SOL,solana-above-140-on-january-11,140.0,1768150860,1767911400,0.6466052437712845,2.771527777777778,139.51,140.14,7.051526379898011,0.004505639662371197,1,2026-01-11,False,0.45,1767913200,0.55,0.5182283630624748
SOL,solana-above-140-on-january-12,140.0,1768237260,1767919500,0.6346259450662138,3.6777777777777776,139.1,142.93,6.207254306267997,0.027161900991626704,1,2026-01-12,False,0.43,1767923100,0.5700000000000001,0.4013991731033002
ETH,ethereum-above-3200-on-january-10,3200.0,1768064460,1767922200,0.4672140884052213,1.6465277777777778,3139.38,3095.97,10.456519634309931,-0.013924062436552417,0,2026-01-10,False,0.23,1767923100,-0.23,-0.08440276774283229
ETH,ethereum-above-3100-on-january-15,3100.0,1768496460,1767922200,0.5315987987599865,6.646527777777777,3139.38,3335.31,5.506972174830811,0.06054030037630958,1,2026-01-15,False,0.55,1767923100,0.44999999999999996,0.11660625037176381
ETH,ethereum-above-3100-on-january-14,3100.0,1768410060,1767922200,0.5172252738729614,5.646527777777778,3139.38,3365.87,6.118453767271946,0.06966114531896996,1,2026-01-14,False,0.56,1767923100,0.43999999999999995,0.013781502990669714
ETH,ethereum-above-3100-on-january-13,3100.0,1768323660,1767922200,0.4959435233408864,4.646527777777778,3139.38,3182.88,6.991660150547033,0.013761119111925261,1,2026-01-13,False,0.5700000000000001,1767923100,0.42999999999999994,0.3337869318782209
ETH,ethereum-above-3300-on-january-13,3300.0,1768323660,1767922200,0.488848923204083,4.646527777777778,3139.38,3182.88,4.683858909607617,0.013761119111925261,0,2026-01-13,False,0.14,1767923100,-0.14,-0.2044551403585628
ETH,ethereum-above-3100-on-january-12,3100.0,1768237260,1767922200,0.4610581899659281,3.6465277777777776,3139.38,3130.55,8.388686819319986,-0.002816620229451404,1,2026-01-12,False,0.59,1767923100,0.41000000000000003,0.43362774499382906
ETH,ethereum-above-3100-on-january-9,3100.0,1767978060,1767965400,0.5441631466425538,0.14652777777777778,3098.65,3131.37,36.55272621454238,0.01050407570051667,1,2026-01-09,False,0.44,1767968100,0.56,0.17604739678218673
ETH,ethereum-above-3100-on-january-11,3100.0,1768150860,1767965400,0.41725623882546214,2.146527777777778,3098.65,3130.49,12.46220802642113,0.010223009050737433,1,2026-01-11,False,0.47000000000000003,1767968100,0.53,0.40259873455372414
ETH,ethereum-above-3100-on-january-10,3100.0,1768064460,1767970800,0.46075093875294565,1.0840277777777778,3078.93,3095.97,15.25933896778449,0.005519131728233746,0,2026-01-10,False,0.37,1767971700,-0.37,-0.45421830184897294
BTC,bitcoin-above-92k-on-january-11,92000.0,1768150860,1767972600,0.2801241495467993,2.0631944444444446,91680.59,91055.17,18.652411947422056,-0.006845101823796641,0,2026-01-11,False,0.41000000000000003,1767973500,-0.41000000000000003,-0.282322340960495
BTC,bitcoin-above-92k-on-january-10,92000.0,1768064460,1767982500,0.23213960328692385,0.9486111111111111,91283.29,90685.75,26.991240103362102,-0.006567514427384255,0,2026-01-10,False,0.18000000000000002,1767983400,-0.18000000000000002,-0.00273464120817693
BTC,bitcoin-above-92k-on-january-13,92000.0,1768323660,1767985200,0.31688302156761344,3.9173611111111115,90820.31,93371.06,11.1748155570927,0.027698508105209997,1,2026-01-13,False,0.33,1767986100,0.6699999999999999,0.36047428071764104
ETH,ethereum-above-3200-on-january-12,3200.0,1768237260,1768009500,0.4010925930625721,2.636111111111111,3090.4,3130.55,6.818821406103003,0.012908175595218837,0,2026-01-12,False,0.12,1768014900,-0.12,-0.20801854406241457
ETH,ethereum-above-3200-on-january-11,3200.0,1768150860,1768009500,0.33777701772870145,1.636111111111111,3090.4,3130.49,5.287337329995928,0.012889009450296444,0,2026-01-11,False,0.035,1768020300,-0.035,-0.1031485408132227
BTC,bitcoin-above-92k-on-january-15,92000.0,1768496460,1768011300,0.3333425874670194,5.615277777777778,90739.61,96820.1,9.061911394755302,0.0648606411231566,1,2026-01-15,False,0.36,1768012200,0.64,0.05223861713493283
BTC,bitcoin-above-92k-on-january-11,92000.0,1768150860,1768059000,0.22268250603307518,1.0631944444444446,90595.76,91055.17,14.522841004798355,0.0050581737126767536,0,2026-01-11,False,0.060000000000000005,1768059900,-0.060000000000000005,-0.1334590526038551
ETH,ethereum-above-3100-on-january-10,3100.0,1768064460,1768059900,0.4354227717450497,0.05277777777777778,3095.94,3095.97,73.7954503051304,9.690063324481875e-06,0,2026-01-10,False,0.26,1768060800,-0.26,-0.2607150825865154
ETH,ethereum-above-3100-on-january-11,3100.0,1768150860,1768065300,0.26728480373136937,0.9902777777777777,3098.61,3130.49,28.633237862049377,0.010235917981458498,1,2026-01-11,False,0.47000000000000003,1768068000,0.53,0.2369125257004705
ETH,ethereum-above-3100-on-january-15,3100.0,1768496460,1768096800,0.47469129974381,4.625694444444445,3095.31,3335.31,7.4541589114909135,0.07467756589929969,1,2026-01-15,False,0.47000000000000003,1768097700,0.53,-0.026658443336714743
XRP,xrp-above-2pt2-on-january-12,2.2,1768237260,1768151700,0.6595731276578537,0.9902777777777777,2.0962,2.0949,4.213110768783535,-0.0006203622159776924,0,2026-01-12,False,0.03,1768162500,-0.03,-0.027386345267317966
XRP,xrp-above-2pt1-on-january-12,2.1,1768237260,1768185000,0.6556220822663212,0.6048611111111111,2.0833,2.0949,14.235394370488855,0.005552644585763155,0,2026-01-12,False,0.35000000000000003,1768199400,-0.35000000000000003,-0.4290440854774983
XRP,xrp-above-2-on-january-15,2.0,1768496460,1768200300,0.6764047796907205,3.427777777777778,2.075,2.0934,5.291895270179467,0.00882838475598461,1,2026-01-15,False,0.6900000000000001,1768203900,0.30999999999999994,0.2632811124664805
ETH,ethereum-above-3300-on-january-15,3300.0,1768496460,1768206600,0.5200046679229977,3.354861111111111,3139.46,3335.31,4.730908474827475,0.0605148179623592,1,2026-01-15,False,0.12,1768210200,0.88,0.593709934849233
ETH,ethereum-above-3100-on-january-12,3100.0,1768237260,1768206600,0.4812368996512122,0.3548611111111111,3139.46,3130.55,18.754433183723105,-0.00284210264340181,1,2026-01-12,False,0.77,1768207500,0.22999999999999998,0.28330202412696204
ETH,ethereum-above-3200-on-january-14,3200.0,1768410060,1768206600,0.49223597430577704,2.354861111111111,3139.46,3365.87,8.891851007211397,0.06963566290501952,1,2026-01-14,False,0.29000000000000004,1768207500,0.71,0.09081006066016883
XRP,xrp-above-1pt9-on-january-15,1.9,1768496460,1768231800,0.703039540501243,3.0631944444444446,2.0866,2.0934,2.25252730750371,0.003253591386914508,1,2026-01-15,False,0.89,1768232700,0.10999999999999999,0.10267119655351618
SOL,solana-above-150-on-january-14,150.0,1768410060,1768235400,0.6305188496013039,2.0215277777777776,143.94,146.99,5.658810588491933,0.02096801117423827,0,2026-01-14,False,0.12,1768236300,-0.12,-0.2386540036523967
SOL,solana-above-140-on-january-13,140.0,1768323660,1768299300,0.6218278317729526,0.28194444444444444,142.2,143.28,15.485564911101758,0.0075662403833158766,1,2026-01-13,False,0.78,1768306500,0.21999999999999997,0.10283249341116252
ETH,ethereum-above-3100-on-january-13,3100.0,1768323660,1768299300,0.4512729693721667,0.28194444444444444,3136.01,3182.88,20.936884762904153,0.014835156047942574,1,2026-01-13,False,0.81,1768301100,0.18999999999999995,-0.12060195261547435
BTC,bitcoin-above-94k-on-january-14,94000.0,1768410060,1768330800,0.35517870705082694,0.9173611111111111,93633.71,97283.07,21.829025192343114,0.03823450789015364,1,2026-01-14,False,0.41000000000000003,1768331700,0.59,-0.2446220359510054
BTC,bitcoin-above-96k-on-january-14,96000.0,1768410060,1768342500,0.43800661548260406,0.7819444444444444,95604.1,97283.07,19.232936199946035,0.017409269941037385,1,2026-01-14,False,0.342,1768347900,0.6579999999999999,0.3231686219363896
BTC,bitcoin-above-96k-on-january-16,96000.0,1768582860,1768342500,0.3937111469075218,2.7819444444444446,95604.1,94805.37,11.49752201572965,-0.00838965294072538,0,2026-01-16,False,0.41000000000000003,1768355100,-0.41000000000000003,-0.31353978060967896
BTC,bitcoin-above-98k-on-january-14,98000.0,1768410060,1768344300,0.4616133525641616,0.7611111111111111,95583.98,97283.07,9.27029997768639,0.01761974331442224,0,2026-01-14,False,0.086,1768348800,-0.086,-0.2493403060545284
ETH,ethereum-above-3400-on-january-17,3400.0,1768669260,1768346100,0.5517306323802176,3.740277777777778,3336.46,3318.24,6.680932474326342,-0.005475842795913053,0,2026-01-17,False,0.34,1768351500,-0.34,-0.30341626404047856
BTC,bitcoin-above-100k-on-january-18,100000.0,1768755660,1768347000,0.4206816856712795,4.729861111111111,95386.61,95169.35,5.001081531913052,-0.002280276031668635,0,2026-01-18,False,0.131,1768351500,-0.131,-0.11959615365035801
BTC,bitcoin-above-100k-on-january-17,100000.0,1768669260,1768347000,0.4359609524973668,3.729861111111111,95386.61,95296.35,4.977149699495338,-0.000946702387473448,0,2026-01-17,False,0.108,1768361400,-0.108,-0.103288120496675
BTC,bitcoin-above-98k-on-january-15,98000.0,1768496460,1768353300,0.4218200207769424,1.6569444444444443,95485.48,96820.1,9.119035788694896,0.013880423313139982,0,2026-01-15,False,0.139,1768356000,-0.139,-0.2655760769547585
ETH,ethereum-above-3500-on-january-17,3500.0,1768669260,1768353300,0.5614527329563094,3.656944444444444,3334.17,3318.24,4.769608673522387,-0.004789250947778635,0,2026-01-17,False,0.152,1768360500,-0.152,-0.1291571471397997
XRP,xrp-above-2pt2-on-january-14,2.2,1768410060,1768356900,0.6586128097358389,0.6152777777777777,2.1803,2.1608,13.895380207910067,-0.008983958515596599,0,2026-01-14,False,0.33,1768359600,-0.33,-0.20516448065369391
ETH,ethereum-above-3400-on-january-15,3400.0,1768496460,1768378500,0.5135729060827422,1.3652777777777778,3341.05,3335.31,10.781051359768686,-0.00171950027088997,0,2026-01-15,False,0.23600000000000002,1768392900,-0.23600000000000002,-0.21746197926639907
XRP,xrp-above-2pt2-on-january-18,2.2,1768755660,1768378500,0.5652453579655264,4.365277777777778,2.1499,2.0512,5.949051174175444,-0.04699634168575128,0,2026-01-18,False,0.32,1768389300,-0.32,-0.04041635831243101
XRP,xrp-above-2-on-january-16,2.0,1768582860,1768382100,0.5953845081010753,2.323611111111111,2.1532,2.0446,2.605461930742166,-0.05175293636388855,1,2026-01-16,False,0.9,1768390200,0.09999999999999998,0.2348403055002335
XRP,xrp-above-2pt1-on-january-16,2.1,1768582860,1768402800,0.6330113325926937,2.084027777777778,2.1598,2.0446,7.117682291512647,-0.054813453475745774,0,2026-01-16,False,0.68,1768413600,-0.68,-0.28985525285903196
XRP,xrp-above-2pt2-on-january-20,2.2,1768928460,1768415400,0.5774629306926464,5.938194444444445,2.1509,1.909,5.106438160665225,-0.11930681445663967,0,2026-01-20,False,0.34,1768416300,-0.34,0.26923287016879033
SOL,solana-above-150-on-january-17,150.0,1768669260,1768416300,0.618661861155566,2.9277777777777776,145.7,143.84,6.180394902756422,-0.012848142477848913,0,2026-01-17,False,0.25,1768526100,-0.25,-0.1705934057200143
ETH,ethereum-above-3400-on-january-18,3400.0,1768755660,1768419000,0.4902825648396038,3.896527777777778,3390.84,3334.02,7.851094149197689,-0.01689889519784933,0,2026-01-18,False,0.43,1768420800,-0.43,-0.2973251827842602
ETH,ethereum-above-3300-on-january-16,3300.0,1768582860,1768419000,0.5468010385072984,1.8965277777777776,3390.84,3276.47,8.090756063514018,-0.03431105496490628,0,2026-01-16,False,0.72,1768419900,-0.72,-0.44239762399712174
ETH,ethereum-above-3300-on-january-20,3300.0,1768928460,1768419000,0.5121376554801786,5.896527777777778,3390.84,3008.45,5.691774357395242,-0.11965268234639889,0,2026-01-20,False,0.64,1768430700,-0.64,0.04103606917279157
BTC,bitcoin-above-96k-on-january-17,96000.0,1768669260,1768419000,0.40445394107724375,2.8965277777777776,97561.58,95296.35,10.095566190102462,-0.023492258556774046,0,2026-01-17,False,0.66,1768430700,-0.66,-0.4228323487850867
ETH,ethereum-above-3500-on-january-19,3500.0,1768842060,1768419000,0.5002739561283102,4.896527777777778,3390.84,3221.91,5.833240574434188,-0.05110332690494241,0,2026-01-19,False,0.23800000000000002,1768430700,-0.23800000000000002,0.060097999990484346
ETH,ethereum-above-3300-on-january-19,3300.0,1768842060,1768419000,0.5079747336178527,4.896527777777778,3390.84,3221.91,6.176204262722469,-0.05110332690494241,0,2026-01-19,False,0.66,1768430700,-0.66,-0.3443754145303949
ETH,ethereum-above-3400-on-january-20,3400.0,1768928460,1768419000,0.5035231634759205,5.896527777777778,3390.84,3008.45,6.216484597569378,-0.11965268234639889,0,2026-01-20,False,0.45,1768420800,-0.45,0.2938190568642502
SOL,solana-above-140-on-january-17,140.0,1768669260,1768419000,0.6430445416655295,2.8965277777777776,147.35,143.84,4.792401242722618,-0.02410913846039358,1,2026-01-17,False,0.81,1768526100,0.18999999999999995,0.3055406651185618
BTC,bitcoin-above-96k-on-january-15,96000.0,1768496460,1768419000,0.43370210997351144,0.8965277777777778,97561.58,96820.1,14.115406250835715,-0.007629151023062304,1,2026-01-15,False,0.76,1768430700,0.24,0.3476885660395033
ETH,ethereum-above-3400-on-january-16,3400.0,1768582860,1768419000,0.5317502542648764,1.8965277777777776,3390.84,3276.47,10.366399813442317,-0.03431105496490628,0,2026-01-16,False,0.402,1768420800,-0.402,-0.046317886212786485
SOL,solana-above-160-on-january-19,160.0,1768842060,1768420800,0.6139649765389116,4.875694444444444,146.8,134.39,2.57758943586004,-0.08832509562144257,0,2026-01-19,False,0.074,1768526100,-0.074,0.15366583339515827
XRP,xrp-above-2pt3-on-january-18,2.3,1768755660,1768420800,0.5693748724747418,3.8756944444444446,2.1462,2.0512,3.274190911328355,-0.04527384876667599,0,2026-01-18,False,0.08,1768560300,-0.08,0.06823522415270498
SOL,solana-above-150-on-january-18,150.0,1768755660,1768425300,0.6083600196256987,3.823611111111111,147.01,142.05,6.016864837712589,-0.03432150337567783,0,2026-01-18,False,0.33,1768526100,-0.33,-0.12349215316145012
SOL,solana-above-160-on-january-20,160.0,1768928460,1768428000,0.613383084831953,5.792361111111111,146.93,126.99,2.691270696718016,-0.14584793968691306,0,2026-01-20,False,0.09999999999999999,1768526100,-0.09999999999999999,0.2925162862560857
SOL,solana-above-150-on-january-15,150.0,1768496460,1768428000,0.6265429969914207,0.7923611111111111,146.93,143.69,10.523100027762764,-0.022298081646739753,0,2026-01-15,False,0.21000000000000002,1768430700,-0.21000000000000002,0.024644943595863444
BTC,bitcoin-above-98k-on-january-16,98000.0,1768582860,1768455900,0.4244284731991359,1.4694444444444446,96435.05,94805.37,12.289909844461759,-0.01704367151928166,0,2026-01-16,False,0.23700000000000002,1768459500,-0.23700000000000002,-0.02753481360940785
ETH,ethereum-above-3300-on-january-15,3300.0,1768496460,1768470300,0.4831880470619113,0.30277777777777776,3369.77,3335.31,9.356601177175923,-0.01027886420610914,1,2026-01-15,False,0.91,1768471200,0.08999999999999997,0.1861752329309122
BTC,bitcoin-above-96k-on-january-19,96000.0,1768842060,1768482000,0.3425527823671469,4.167361111111111,96981.65,93294.63,10.538024399100411,-0.03875923542297863,0,2026-01-19,False,0.61,1768488300,-0.61,-0.20155423142217427
BTC,bitcoin-above-98k-on-january-17,98000.0,1768669260,1768482000,0.36563802053321426,2.167361111111111,96981.65,95296.35,13.14867680336659,-0.017530275527997807,0,2026-01-17,False,0.324,1768488300,-0.324,-0.09350007280839026
BTC,bitcoin-above-94k-on-january-21,94000.0,1769014860,1768482000,0.380051225357434,6.167361111111111,96981.65,87795.99,6.715094373481081,-0.09950595773345716,0,2026-01-21,False,0.75,1768488300,-0.75,-0.08180810309621556
BTC,bitcoin-above-96k-on-january-21,96000.0,1769014860,1768482000,0.36827480971828036,6.167361111111111,96981.65,87795.99,8.18676239301509,-0.09950595773345716,0,2026-01-21,False,0.59,1768488300,-0.59,0.22463163265321628
BTC,bitcoin-above-98k-on-january-21,98000.0,1769014860,1768482000,0.36234364506754607,6.167361111111111,96981.65,87795.99,8.218966944532227,-0.09950595773345716,0,2026-01-21,False,0.41000000000000003,1768488300,-0.41000000000000003,0.4078361773953053
BTC,bitcoin-above-96k-on-january-18,96000.0,1768755660,1768486500,0.3413532726106183,3.115277777777778,97139.27,95169.35,11.863758185082169,-0.0204877857848903,0,2026-01-18,False,0.63,1768488300,-0.63,-0.3869378637002976
BTC,bitcoin-above-102k-on-january-19,102000.0,1768842060,1768494600,0.3673294371895592,4.021527777777778,96427.08,93294.63,3.4787413379534935,-0.033024525104163746,0,2026-01-19,False,0.048,1768509000,-0.048,0.06688378064613733
ETH,ethereum-above-3400-on-january-17,3400.0,1768669260,1768495500,0.47913180438069675,2.011111111111111,3329.28,3318.24,9.319726222562416,-0.0033215425151129473,0,2026-01-17,False,0.24000000000000002,1768497300,-0.24000000000000002,-0.20904413312254597
BTC,bitcoin-above-98k-on-january-18,98000.0,1768755660,1768498200,0.33789812689864007,2.9798611111111106,96742.61,95169.35,11.870523482569117,-0.016396010386102583,0,2026-01-18,False,0.3,1768509000,-0.3,-0.10537077369132214
ETH,ethereum-above-3200-on-january-16,3200.0,1768582860,1768500000,0.5209788052486294,0.9590277777777778,3301.46,3276.47,7.662838911836223,-0.007598171530318205,1,2026-01-16,False,0.867,1768502700,0.133,0.19122356446132854
ETH,ethereum-above-3300-on-january-20,3300.0,1768928460,1768551300,0.4338258501387533,4.365277777777778,3318.63,3008.45,8.371011843508784,-0.09812705119999847,0,2026-01-20,False,0.52,1768561200,-0.52,0.30142270776378
BTC,bitcoin-above-94k-on-january-18,94000.0,1768755660,1768552200,0.304451566246227,2.354861111111111,95806.75,95169.35,12.163052114034887,-0.0066752056073018685,1,2026-01-18,False,0.77,1768553100,0.22999999999999998,0.3111908736735105
XRP,xrp-above-2pt2-on-january-18,2.2,1768755660,1768560300,0.5659151618231275,2.261111111111111,2.063,2.0512,3.0591603477630707,-0.005736246344900911,0,2026-01-18,False,0.04,1768561200,-0.04,-0.022451902636678286
SOL,solana-above-140-on-january-16,140.0,1768582860,1768562100,0.4516131566299512,0.24027777777777778,142.83,141.82,7.825565416285394,-0.00709646399868657,1,2026-01-16,False,0.93,1768563000,0.06999999999999995,0.12553384324603592
SOL,solana-above-140-on-january-17,140.0,1768669260,1768563000,0.4514253542875039,1.229861111111111,143.14,143.84,10.758093618476215,0.0048783984128588755,1,2026-01-17,False,0.77,1768577400,0.22999999999999998,0.17751773316623842
XRP,xrp-above-2pt1-on-january-19,2.1,1768842060,1768564800,0.5553882833150073,3.2090277777777776,2.0652,2.0231,7.213374839567079,-0.020596085522125968,0,2026-01-19,False,0.34,1768577400,-0.34,-0.1914327149011248
SOL,solana-above-150-on-january-21,150.0,1769014860,1768568400,0.5175385269044696,5.167361111111111,143.66,126.14,4.955579733212059,-0.1300569954111503,0,2026-01-21,False,0.2,1768577400,-0.2,0.44450781062195016
XRP,xrp-above-2pt1-on-january-20,2.1,1768928460,1768571100,0.5562867511974732,4.136111111111111,2.0578,1.909,6.285579756498437,-0.07505790621596219,0,2026-01-20,False,0.33,1768577400,-0.33,0.14178245587621008
BTC,bitcoin-above-96k-on-january-18,96000.0,1768755660,1768581000,0.2523135758307833,2.0215277777777776,94870.05,95169.35,17.31204508262507,0.0031498757359171565,0,2026-01-18,False,0.21000000000000002,1768583700,-0.21000000000000002,-0.26453079074486463
SOL,solana-above-150-on-january-17,150.0,1768669260,1768596300,0.47370523692326116,0.8444444444444444,144.7,143.84,4.944980498901617,-0.005961062914127937,0,2026-01-17,False,0.024,1768597200,-0.024,0.005477339863088293
SOL,solana-above-150-on-january-19,150.0,1768842060,1768612500,0.4892690808456377,2.6569444444444446,144.65,134.39,6.426399437067831,-0.07357101086317148,0,2026-01-19,False,0.14,1768616100,-0.14,0.3327967027955965
SOL,solana-above-150-on-january-18,150.0,1768755660,1768613400,0.48939507715505925,1.6465277777777778,144.63,142.05,6.441918468592754,-0.017999648785443526,0,2026-01-18,False,0.062,1768617900,-0.062,0.05395226993913178
XRP,xrp-above-2pt1-on-january-18,2.1,1768755660,1768661100,0.5087669595184536,1.0944444444444443,2.0753,2.0512,13.006601714747758,-0.011680733801263561,0,2026-01-18,False,0.26,1768667400,-0.26,-0.10807334771097327
XRP,xrp-above-2pt2-on-january-19,2.2,1768842060,1768665600,0.5659409938978407,2.042361111111111,2.0817,2.0231,3.9080373077763193,-0.028553879090244885,0,2026-01-19,False,0.044000000000000004,1768784400,-0.044000000000000004,0.06758962476641114
XRP,xrp-above-2pt2-on-january-21,2.2,1769014860,1768668300,0.5654203843583068,4.011111111111111,2.0718,1.8856,3.9086322793679553,-0.09417172200208034,0,2026-01-21,False,0.11,1768785300,-0.11,0.2580826324209967
BTC,bitcoin-above-96k-on-january-18,96000.0,1768755660,1768675500,0.2509585872903222,0.9277777777777778,95440.84,95169.35,28.25970891272503,-0.0028486429145240686,0,2026-01-18,False,0.25,1768677300,-0.25,-0.1694981804392532
ETH,ethereum-above-3300-on-january-18,3300.0,1768755660,1768685400,0.30678296428155677,0.8131944444444444,3313.63,3334.02,26.510490138408144,0.006134517895354356,1,2026-01-18,False,0.6,1768689000,0.4,0.23737092383132008
BTC,bitcoin-above-96k-on-january-19,96000.0,1768842060,1768691700,0.31166486489744727,1.7402777777777776,95187.45,93294.63,17.073079909550863,-0.020085555449412016,0,2026-01-19,False,0.31,1768693500,-0.31,0.032922293215526144
BTC,bitcoin-above-94k-on-january-19,94000.0,1768842060,1768759200,0.34752563302840717,0.9590277777777778,95274.36,93294.63,16.9424742491997,-0.020998179413577334,0,2026-01-19,False,0.77,1768760100,-0.77,-0.4142388860053907
BTC,bitcoin-above-96k-on-january-20,96000.0,1768928460,1768761000,0.3442026382448319,1.9381944444444446,95363.31,90148.01,15.303155856740231,-0.05624103820000345,0,2026-01-20,False,0.36,1768761900,-0.36,0.5006653731195339
ETH,ethereum-above-3200-on-january-19,3200.0,1768842060,1768761000,0.4787303823192517,0.9381944444444443,3362.23,3221.91,2.11358397803265,-0.042630092902423075,1,2026-01-19,False,0.95,1768761900,0.050000000000000044,0.14010228134060487
ETH,ethereum-above-3400-on-january-19,3400.0,1768842060,1768780800,0.5438479963418613,0.7090277777777778,3284.03,3221.91,5.734459724791791,-0.01909697534567431,0,2026-01-19,False,0.03,1768781700,-0.03,0.07951083598511113
ETH,ethereum-above-3300-on-january-19,3300.0,1768842060,1768780800,0.5012469583830338,0.7090277777777778,3284.03,3221.91,17.584203168293087,-0.01909697534567431,0,2026-01-19,False,0.32,1768781700,-0.32,0.015805094378221196
SOL,solana-above-130-on-january-22,130.0,1769101260,1768783500,0.5527326884095811,3.6777777777777776,134.28,127.87,6.160264614759099,-0.04891304928875728,0,2026-01-22,False,0.709,1768784400,-0.709,-0.40768267326650076
BTC,bitcoin-above-94k-on-january-22,94000.0,1769101260,1768861800,0.3604269601300434,2.771527777777778,92983.85,89026.0,11.897621437155243,-0.043497360258814115,0,2026-01-22,False,0.35000000000000003,1768864500,-0.35000000000000003,0.16751512587493128
ETH,ethereum-above-3200-on-january-20,3200.0,1768928460,1768878000,0.4477938996743851,0.5840277777777778,3192.96,3008.45,22.07918279847677,-0.059523390288180864,0,2026-01-20,False,0.46,1768878900,-0.46,0.8542278149578222
BTC,bitcoin-above-92k-on-january-22,92000.0,1769101260,1768879800,0.37826519552305665,2.5631944444444446,92377.67,89026.0,12.504819345339396,-0.03695682087434807,0,2026-01-22,False,0.55,1768885200,-0.55,-0.08786163138820952
ETH,ethereum-above-3100-on-january-21,3100.0,1769014860,1768885200,0.501729228413424,1.5006944444444446,3172.76,2904.58,9.67162299699964,-0.08831307000488652,0,2026-01-21,False,0.765,1768886100,-0.765,0.08913071879489942
BTC,bitcoin-above-92k-on-january-20,92000.0,1768928460,1768885200,0.3659981973723843,0.5006944444444444,92062.61,90148.01,29.402346169092855,-0.021016013977488854,0,2026-01-20,False,0.47000000000000003,1768886100,-0.47000000000000003,0.14792011806062128
BTC,bitcoin-above-90k-on-january-22,90000.0,1769101260,1768885200,0.39871662738010344,2.5006944444444446,92062.61,89026.0,9.657372524088428,-0.033540427162067524,0,2026-01-22,False,0.75,1768886100,-0.75,-0.4260876002788599
ETH,ethereum-above-3100-on-january-20,3100.0,1768928460,1768885200,0.49153833063053115,0.5006944444444444,3172.76,3008.45,9.842298221649882,-0.053176875580756386,0,2026-01-20,False,0.858,1768886100,-0.858,-0.3346173320386244
ETH,ethereum-above-3100-on-january-22,3100.0,1769101260,1768885200,0.5028437490029037,2.5006944444444446,3172.76,2942.02,8.299854241020075,-0.07550545129038443,0,2026-01-22,False,0.6900000000000001,1768890600,-0.6900000000000001,-0.06331575988736815
BTC,bitcoin-above-90k-on-january-20,90000.0,1768928460,1768914000,0.419146757866385,0.16736111111111113,91280.31,90148.01,12.973965154095215,-0.012482226606678802,1,2026-01-20,False,0.914,1768914900,0.08599999999999997,0.2479439730405709
ETH,ethereum-above-3000-on-january-22,3000.0,1769101260,1768916700,0.55367810000104,2.136111111111111,3087.42,2942.02,7.590474692249449,-0.04823937043455571,0,2026-01-22,False,0.76,1768917600,-0.76,-0.3938402795464586
ETH,ethereum-above-3000-on-january-21,3000.0,1769014860,1768916700,0.5879344193439163,1.136111111111111,3087.42,2904.58,8.407848089728404,-0.06104698914905781,0,2026-01-21,False,0.812,1768919400,-0.812,-0.2987261888994237
BTC,bitcoin-above-90k-on-january-21,90000.0,1769014860,1768920300,0.4502563170489716,1.0944444444444443,91066.14,87795.99,14.52057525169119,-0.03657022808657318,0,2026-01-21,False,0.68,1768921200,-0.68,-0.1489792510974034
BTC,bitcoin-above-92k-on-january-23,92000.0,1769187660,1768920300,0.4110617869329834,3.0944444444444446,91066.14,90070.61,10.110819217608281,-0.01099213741988278,0,2026-01-23,False,0.38,1768921200,-0.38,-0.2688604857324581
ETH,ethereum-above-2900-on-january-22,2900.0,1769101260,1768921200,0.6395039386998462,2.084027777777778,3047.49,2942.02,4.9952334664747555,-0.035221880737055136,1,2026-01-22,False,0.847,1768922100,0.15300000000000002,0.3289415174099204
ETH,ethereum-above-3000-on-january-23,3000.0,1769187660,1768922100,0.5646528000436661,3.073611111111111,3018.2,2964.98,7.6675997943041185,-0.017790340137937566,0,2026-01-23,False,0.53,1768931100,-0.53,-0.3935907916177497
BTC,bitcoin-above-88k-on-january-21,88000.0,1769014860,1768922100,0.5374340205855527,1.073611111111111,90304.51,87795.99,9.355649991696865,-0.028171576188465015,0,2026-01-21,False,0.84,1768931100,-0.84,-0.5764365934662996
ETH,ethereum-above-3100-on-january-24,3100.0,1769274060,1768939200,0.5410276641451589,3.8756944444444446,2996.49,2959.8,5.841748423634998,-0.012319905198159158,0,2026-01-24,False,0.25,1768949100,-0.25,-0.1780302132293211
BTC,bitcoin-above-92k-on-january-25,92000.0,1769360460,1768939200,0.400317081899407,4.875694444444444,89725.76,88049.67,7.354072796241966,-0.01885682025913028,0,2026-01-25,False,0.27,1768949100,-0.27,-0.13132557110870566
ETH,ethereum-above-3000-on-january-24,3000.0,1769274060,1768939200,0.5581848392340055,3.8756944444444446,2996.49,2959.8,6.9275541752618865,-0.012319905198159158,0,2026-01-24,False,0.49,1768948200,-0.49,-0.4046531893056619
BTC,bitcoin-above-92k-on-january-24,92000.0,1769274060,1768939200,0.40149997990967534,3.8756944444444446,89725.76,89280.7,7.9283979145416845,-0.00497256821973763,0,2026-01-24,False,0.25,1768949100,-0.25,-0.21057550049671592
ETH,ethereum-above-3100-on-january-25,3100.0,1769360460,1768939200,0.5389345974972861,4.875694444444444,2996.49,2897.46,5.424610040313942,-0.033607112551603945,0,2026-01-25,False,0.27,1768949100,-0.27,-0.08769451982660856
ETH,ethereum-above-3200-on-january-25,3200.0,1769360460,1768941000,0.5357723106309715,4.854861111111111,3003.35,2897.46,3.6918158471402855,-0.03589384119414047,0,2026-01-25,False,0.12,1768949100,-0.12,0.01251345173526458
ETH,ethereum-above-3100-on-january-26,3100.0,1769446860,1768941000,0.5379023797265042,5.854861111111111,3003.35,2901.97,5.170434363063114,-0.03433851561588375,0,2026-01-26,False,0.3,1768948200,-0.3,-0.12245495888305533
BTC,bitcoin-above-88k-on-january-24,88000.0,1769274060,1768948200,0.43317582666198867,3.771527777777778,89510.67,89280.7,8.477690952292958,-0.002572496947961965,1,2026-01-24,False,0.66,1768949100,0.33999999999999997,0.3618088341005384
BTC,bitcoin-above-88k-on-january-23,88000.0,1769187660,1768950000,0.4424201802995193,2.7506944444444446,88509.18,90070.61,10.298477706313713,0.017487642835006322,1,2026-01-23,False,0.5640000000000001,1768951800,0.43599999999999994,0.2559039001277106
BTC,bitcoin-above-90k-on-january-22,90000.0,1769101260,1768972500,0.4207033097772719,1.4902777777777778,89583.72,89026.0,14.586214309655407,-0.006245145142988189,0,2026-01-22,False,0.42,1768981500,-0.42,-0.3289069745494707
BTC,bitcoin-above-94k-on-january-24,94000.0,1769274060,1768974300,0.3933304104952651,3.469444444444444,89928.79,89280.7,5.2238724474983735,-0.007232795822475649,0,2026-01-24,False,0.09999999999999999,1768981500,-0.09999999999999999,-0.062216797184588106
BTC,bitcoin-above-90k-on-january-27,90000.0,1769533260,1768975200,0.4235479538627047,6.459027777777778,89950.04,88565.72,7.0754869531171884,-0.015509529794112136,0,2026-01-27,False,0.49,1768981500,-0.49,-0.38026252429277724
ETH,ethereum-above-3000-on-january-27,3000.0,1769533260,1768975200,0.5554095282180768,6.459027777777778,2993.03,2986.15,5.386949922129272,-0.002301319925613632,0,2026-01-27,False,0.47000000000000003,1768981500,-0.47000000000000003,-0.45760290480592114
ETH,ethereum-above-2800-on-january-25,2800.0,1769360460,1768991400,0.5846742777125352,4.271527777777778,2965.19,2897.46,4.30259628736425,-0.023106620208777778,1,2026-01-25,False,0.831,1768997700,0.16900000000000004,0.26841845832382305
ETH,ethereum-above-2900-on-january-26,2900.0,1769446860,1769000400,0.5537503833169528,5.167361111111111,2931.48,2901.97,6.003244356861859,-0.010117598242590424,1,2026-01-26,False,0.54,1769013900,0.45999999999999996,0.5207384145548264
ETH,ethereum-above-2900-on-january-25,2900.0,1769360460,1769004900,0.5795189174734409,4.115277777777778,2974.01,2897.46,6.034437245696735,-0.026076719374925988,0,2026-01-25,False,0.659,1769005800,-0.659,-0.501641673358365
BTC,bitcoin-above-92k-on-january-22,92000.0,1769101260,1769008500,0.43729458166956875,1.073611111111111,90344.43,89026.0,12.433116541101072,-0.014700904095096959,0,2026-01-22,False,0.19,1769009400,-0.19,-0.007221946126109519
ETH,ethereum-above-2900-on-january-21,2900.0,1769014860,1769008500,0.7192102921365073,0.07361111111111111,2997.08,2904.58,0.21976289889947245,-0.03134967980012174,1,2026-01-21,False,0.967,1769013900,0.03300000000000003,0.039889496512445013
BTC,bitcoin-above-90k-on-january-21,90000.0,1769014860,1769008500,0.47189724513455394,0.07361111111111111,90344.43,87795.99,50.701327895016156,-0.028613538379328753,0,2026-01-21,False,0.67,1769009400,-0.67,0.7807443916069762
ETH,ethereum-above-3000-on-january-21,3000.0,1769014860,1769011200,0.5539789234228634,0.04236111111111111,3002.69,2904.58,66.12639793512548,-0.03321975203119959,0,2026-01-21,False,0.521,1769012100,-0.521,1.675702542121297
ETH,ethereum-above-3200-on-january-28,3200.0,1769619660,1769024700,0.5152658849313859,6.886111111111111,3034.01,2999.17,4.132376173297488,-0.011549593177654308,0,2026-01-28,False,0.19,1769039100,-0.19,-0.1422727363413821
ETH,ethereum-above-3100-on-january-28,3100.0,1769619660,1769024700,0.5195817108631745,6.886111111111111,3034.01,2999.17,5.281140775027237,-0.011549593177654308,0,2026-01-28,False,0.35000000000000003,1769039100,-0.35000000000000003,-0.28900497253451346
BTC,bitcoin-above-92k-on-january-23,92000.0,1769187660,1769025600,0.42877435270209635,1.8756944444444446,90355.56,90070.61,10.827097382547985,-0.003158635323374578,0,2026-01-23,False,0.24000000000000002,1769026500,-0.24000000000000002,-0.2058011477578675
ETH,ethereum-above-3100-on-january-24,3100.0,1769274060,1769025600,0.5135539035542932,2.875694444444444,3055.56,2959.8,8.26157215748449,-0.03184118339509237,0,2026-01-24,False,0.35000000000000003,1769026500,-0.35000000000000003,-0.08694176580174745
BTC,bitcoin-above-92k-on-january-24,92000.0,1769274060,1769025600,0.395209600999847,2.875694444444444,90355.56,89280.7,9.873515990947118,-0.011967214502306171,0,2026-01-24,False,0.27,1769026500,-0.27,-0.1518415162443858
BTC,bitcoin-above-92k-on-january-25,92000.0,1769360460,1769025600,0.3693519600514314,3.8756944444444446,90355.56,88049.67,9.282871015029396,-0.025851466541698714,0,2026-01-25,False,0.29000000000000004,1769026500,-0.29000000000000004,-0.0500241705440628
ETH,ethereum-above-3000-on-january-22,3000.0,1769101260,1769025600,0.5887604282115749,0.8756944444444444,3055.56,2942.02,11.401320889103014,-0.037866461628031166,0,2026-01-22,False,0.732,1769026500,-0.732,-0.3002723200439105
ETH,ethereum-above-3000-on-january-23,3000.0,1769187660,1769025600,0.5645332321438198,1.8756944444444446,3055.56,2964.98,8.974977591732936,-0.030092594816327468,0,2026-01-23,False,0.669,1769026500,-0.669,-0.3989196358463623
ETH,ethereum-above-3000-on-january-24,3000.0,1769274060,1769025600,0.535716013010813,2.875694444444444,3055.56,2959.8,7.85729171532431,-0.03184118339509237,0,2026-01-24,False,0.65,1769026500,-0.65,-0.39981453350361873
ETH,ethereum-above-3100-on-january-25,3100.0,1769360460,1769026500,0.4924562327896371,3.8652777777777776,3028.61,2897.46,6.998472117435223,-0.044269277258444095,0,2026-01-25,False,0.29000000000000004,1769036400,-0.29000000000000004,0.019817302552230187
ETH,ethereum-above-3100-on-january-26,3100.0,1769446860,1769029200,0.502927017731414,4.834027777777778,3031.84,2901.97,6.329169738487203,-0.04377987922874494,0,2026-01-26,False,0.32,1769036400,-0.32,-0.04290971323080306
ETH,ethereum-above-3200-on-january-25,3200.0,1769360460,1769029200,0.4979797334183053,3.8340277777777776,3031.84,2897.46,4.347505052077441,-0.045335204807001574,0,2026-01-25,False,0.09999999999999999,1769039100,-0.09999999999999999,0.09709503193540485
BTC,bitcoin-above-90k-on-january-25,90000.0,1769360460,1769047200,0.3489386105110781,3.625694444444444,90113.19,88049.67,11.469263085654921,-0.023165459732015413,0,2026-01-25,False,0.52,1769052600,-0.52,-0.2543092478333701
ETH,ethereum-above-3000-on-january-25,3000.0,1769360460,1769062500,0.4756881889654808,3.4486111111111106,3017.83,2897.46,8.580571274749705,-0.040703538932471195,0,2026-01-25,False,0.55,1769068800,-0.55,-0.20074038305538144
BTC,bitcoin-above-88k-on-january-22,88000.0,1769101260,1769067900,0.3949160176667291,0.3861111111111111,89943.22,89026.0,7.39629763553583,-0.010250120446709822,1,2026-01-22,False,0.934,1769068800,0.06599999999999995,0.14181294162395724
ETH,ethereum-above-3000-on-january-26,3000.0,1769446860,1769083200,0.4431360346646315,4.209027777777778,2986.8,2901.97,8.3268998299921,-0.028812763468987163,0,2026-01-26,False,0.44,1769089500,-0.44,-0.20007900476848817
ETH,ethereum-above-2900-on-january-23,2900.0,1769187660,1769083200,0.5334302486027487,1.2090277777777778,2986.8,2964.98,8.312492746642063,-0.007332293115034173,1,2026-01-23,False,0.829,1769089500,0.17100000000000004,0.23194963333497515
ETH,ethereum-above-3000-on-january-27,3000.0,1769533260,1769083200,0.46936771089937646,5.209027777777778,2986.8,2986.15,7.074466434522115,-0.00021764789679004442,0,2026-01-27,False,0.45,1769093100,-0.45,-0.4484602572596145
ETH,ethereum-above-2900-on-january-22,2900.0,1769101260,1769086800,0.5450388971045261,0.16736111111111113,2990.86,2942.02,1.0549997619308382,-0.016464551211722803,1,2026-01-22,False,0.971,1769089500,0.029000000000000026,0.04637009760866567
BTC,bitcoin-above-86k-on-january-27,86000.0,1769533260,1769090400,0.38620343690448666,5.125694444444444,89619.81,88565.72,5.928941627147068,-0.011831513999437316,1,2026-01-27,False,0.83,1769094000,0.17000000000000004,0.24014835586343725
BTC,bitcoin-above-88k-on-january-23,88000.0,1769187660,1769093100,0.4215232185675857,1.0944444444444443,89486.1,90070.61,13.394994451888302,0.006510612326169729,1,2026-01-23,False,0.758,1769094000,0.242,0.1547903840125609
ETH,ethereum-above-2800-on-january-27,2800.0,1769533260,1769093100,0.5252089646127158,5.094444444444445,2962.32,2986.15,4.376144870007047,0.008012187160973667,1,2026-01-27,False,0.8200000000000001,1769095800,0.17999999999999994,0.1449375082579687
ETH,ethereum-above-2900-on-january-24,2900.0,1769274060,1769093100,0.5002185694799303,2.0944444444444446,2962.32,2959.8,9.089312598164769,-0.0008510466360353381,1,2026-01-24,False,0.712,1769094000,0.28800000000000003,0.2957354289105418
BTC,bitcoin-above-90k-on-january-24,90000.0,1769274060,1769093100,0.36472607356146053,2.0944444444444446,89486.1,89280.7,14.091007884952466,-0.002297966852761916,0,2026-01-24,False,0.4,1769095800,-0.4,-0.36761933095837246
BTC,bitcoin-above-90k-on-january-23,90000.0,1769187660,1769093100,0.40412442214289257,1.0944444444444443,89486.1,90070.61,17.38336820730124,0.006510612326169729,1,2026-01-23,False,0.36,1769094000,0.64,0.5268236286791976
BTC,bitcoin-above-92k-on-january-27,92000.0,1769533260,1769112000,0.3481017458639872,4.875694444444444,89777.9,88565.72,8.142169166152103,-0.013593967276261616,0,2026-01-27,False,0.25,1769118300,-0.25,-0.13931561879754198
BTC,bitcoin-above-92k-on-january-24,92000.0,1769274060,1769112900,0.3863519675350646,1.8652777777777778,89924.0,89280.7,10.148802430915447,-0.00717953003770661,0,2026-01-24,False,0.16,1769113800,-0.16,-0.08713636810049269
XRP,xrp-above-2-on-january-25,2.0,1769360460,1769130000,0.5573811509653165,2.667361111111111,1.918,1.8545,5.572131990717201,-0.033667858513737964,0,2026-01-25,False,0.15000000000000002,1769138100,-0.15000000000000002,0.037601751483339774
BTC,bitcoin-above-92k-on-january-25,92000.0,1769360460,1769131800,0.3177395340813918,2.6465277777777776,89693.16,88049.67,9.371364864088045,-0.0184934249119869,0,2026-01-25,False,0.13,1769146200,-0.13,0.0433086324368446
XRP,xrp-above-2-on-january-24,2.0,1769274060,1769131800,0.5691351327497856,1.6465277777777778,1.9204,1.9152,5.814743708361436,-0.002711441853076683,0,2026-01-24,False,0.11,1769139900,-0.11,-0.09423366054423449
ETH,ethereum-above-2900-on-january-26,2900.0,1769446860,1769132700,0.4817406685561342,3.6361111111111115,2963.07,2901.97,7.5856496229213555,-0.02083607630663804,1,2026-01-26,False,0.71,1769137200,0.29000000000000004,0.4480551743786095
ETH,ethereum-above-3000-on-january-23,3000.0,1769187660,1769140800,0.4899396957206798,0.5423611111111111,2964.42,2964.98,17.198849148988984,0.00018888926423066553,0,2026-01-23,False,0.24100000000000002,1769149800,-0.24100000000000002,-0.24424867796136676
ETH,ethereum-above-3100-on-january-27,3100.0,1769533260,1769141700,0.4514901998048404,4.531944444444444,2977.59,2986.15,5.637985130510338,0.0028706837918670877,0,2026-01-27,False,0.18000000000000002,1769149800,-0.18000000000000002,-0.1961848725329437
ETH,ethereum-above-2900-on-january-27,2900.0,1769533260,1769141700,0.4933159723217555,4.531944444444444,2977.59,2986.15,6.550262267957768,0.0028706837918670877,1,2026-01-27,False,0.71,1769149800,0.29000000000000004,0.2711962682748951
XRP,xrp-above-1pt9-on-january-29,1.9,1769706060,1769143500,0.5752965020223126,6.511111111111111,1.9235,1.8201,5.15380904454822,-0.0552549985759879,0,2026-01-29,False,0.55,1769148000,-0.55,-0.2652262885825746
XRP,xrp-above-1pt9-on-january-28,1.9,1769619660,1769143500,0.5752965020223126,5.511111111111111,1.9235,1.9078,5.589552879096791,-0.008195697481242086,1,2026-01-28,False,0.56,1769144400,0.43999999999999995,0.485810284452483
BTC,bitcoin-above-92k-on-january-23,92000.0,1769187660,1769148900,0.4918030171342597,0.4486111111111111,89733.5,90070.61,8.023979722861498,0.0037497518271233632,0,2026-01-23,False,0.04,1769149800,-0.04,-0.07008793262660072
ETH,ethereum-above-3000-on-january-25,3000.0,1769360460,1769150700,0.3904712706883864,2.4277777777777776,2955.15,2897.46,11.116164490118715,-0.0197149198588983,0,2026-01-25,False,0.28,1769152500,-0.28,-0.06084570793897848
SOL,solana-above-130-on-january-25,130.0,1769360460,1769154300,0.5646587877264369,2.386111111111111,128.09,122.82,8.227620231947983,-0.04201327294179163,0,2026-01-25,False,0.34,1769156100,-0.34,0.0056692544662375055
BTC,bitcoin-above-90k-on-january-25,90000.0,1769360460,1769159700,0.28728382373441985,2.323611111111111,89238.57,88049.67,16.179134769122147,-0.01341225816688649,0,2026-01-25,False,0.33,1769161500,-0.33,-0.11300126755968432
ETH,ethereum-above-2900-on-january-23,2900.0,1769187660,1769169600,0.4994909635908777,0.20902777777777776,2940.68,2964.98,17.042326924378745,0.008229439940769039,1,2026-01-23,False,0.854,1769170500,0.14600000000000002,0.005751194124873987
SOL,solana-above-130-on-january-24,130.0,1769274060,1769175000,0.5303650311416067,1.1465277777777778,127.23,127.02,10.21079977537556,-0.001651917779780326,0,2026-01-24,False,0.21000000000000002,1769179500,-0.21000000000000002,-0.19313259830528018
ETH,ethereum-above-3000-on-january-26,3000.0,1769446860,1769175000,0.39843873568338267,3.146527777777778,2937.44,2901.97,9.071158072400115,-0.012148637019336047,0,2026-01-26,False,0.26,1769179500,-0.26,-0.14979779323339096
BTC,bitcoin-above-90k-on-january-24,90000.0,1769274060,1769184000,0.27557242679874877,1.042361111111111,89761.61,89280.7,26.61829524639523,-0.00537203922961147,0,2026-01-24,False,0.39,1769185800,-0.39,-0.24700547371098433
ETH,ethereum-above-3000-on-january-27,3000.0,1769533260,1769186700,0.42475869343643324,4.011111111111111,2972.34,2986.15,8.725012717612286,0.004635410893695027,0,2026-01-27,False,0.4,1769197500,-0.4,-0.44044401899884766
XRP,xrp-above-2pt1-on-january-26,2.1,1769446860,1769190300,0.5115396399295471,2.9694444444444446,1.9584,1.9196,2.6574564192489634,-0.020010982333916415,0,2026-01-26,False,0.031,1769195700,-0.031,0.022178313458743784
BTC,bitcoin-above-92k-on-january-28,92000.0,1769619660,1769195700,0.31961866087209184,4.906944444444445,90278.0,89624.58,9.36251241563423,-0.007264185686769488,0,2026-01-28,False,0.28,1769200200,-0.28,-0.21198897131814823
BTC,bitcoin-above-90k-on-january-26,90000.0,1769446860,1769195700,0.2663137220855474,2.9069444444444446,90278.0,87650.0,16.66966774043172,-0.029542187035861582,0,2026-01-26,False,0.52,1769196600,-0.52,-0.027541557786498028
ETH,ethereum-above-3000-on-january-29,3000.0,1769706060,1769195700,0.46080406116813477,5.906944444444445,2977.78,2839.37,6.723036722999421,-0.047595859869903306,0,2026-01-29,False,0.43,1769196600,-0.43,-0.11001128623190565
ETH,ethereum-above-3000-on-january-28,3000.0,1769619660,1769198400,0.44583802026914576,4.875694444444444,2959.8,2999.17,7.428542500997436,0.013213885236549735,0,2026-01-28,False,0.38,1769200200,-0.38,-0.47815990808301223
BTC,bitcoin-above-90k-on-january-27,90000.0,1769533260,1769207400,0.3013939848365531,3.771527777777778,89712.22,88565.72,12.928374099713686,-0.0128621163762617,0,2026-01-27,False,0.45,1769216400,-0.45,-0.283713747773635
ETH,ethereum-above-3000-on-january-24,3000.0,1769274060,1769209200,0.27975868881496346,0.7506944444444446,2960.02,2959.8,17.856723527800362,-7.432658428836702e-05,0,2026-01-24,False,0.12,1769210100,-0.12,-0.11867277073359687
BTC,bitcoin-above-92k-on-january-25,92000.0,1769360460,1769234400,0.2697601229154648,1.4590277777777778,89775.2,88049.67,8.248383014829527,-0.01940768083670275,0,2026-01-25,False,0.032,1769238000,-0.032,0.12808198497069145
BTC,bitcoin-above-90k-on-january-25,90000.0,1769360460,1769246100,0.22831451131371278,1.323611111111111,89640.45,88049.67,27.755939377709403,-0.017905581935783253,0,2026-01-25,False,0.34,1769248800,-0.34,0.1569862467322085
ETH,ethereum-above-3000-on-january-26,3000.0,1769446860,1769261400,0.34333984753357044,2.146527777777778,2960.86,2901.97,13.290894662495834,-0.020089949967357735,0,2026-01-26,False,0.31,1769263200,-0.31,-0.04298659120903675
ETH,ethereum-above-3000-on-january-25,3000.0,1769360460,1769267700,0.2894750609974284,1.073611111111111,2968.08,2897.46,20.038991662870394,-0.02408078798760855,0,2026-01-25,False,0.22,1769269500,-0.22,0.26255470971903727
ETH,ethereum-above-3000-on-january-29,3000.0,1769706060,1769299200,0.5165320617050211,4.709027777777778,2953.22,2839.37,6.505973080276526,-0.03931390391565181,0,2026-01-29,False,0.38,1769311800,-0.38,-0.12422479944419146
ETH,ethereum-above-3000-on-january-28,3000.0,1769619660,1769301900,0.5006730230220008,3.6777777777777776,2955.97,2999.17,7.543410315824437,0.01450872953750185,0,2026-01-28,False,0.38,1769311800,-0.38,-0.48944530006269815
BTC,bitcoin-above-90k-on-january-27,90000.0,1769533260,1769301900,0.3514237714241038,2.677777777777778,89272.0,88565.72,12.726704959662735,-0.007943013589573781,0,2026-01-27,False,0.4,1769310900,-0.4,-0.29891160955490287
BTC,bitcoin-above-90k-on-january-26,90000.0,1769446860,1769302800,0.3364823286673401,1.667361111111111,89315.18,87650.0,16.51573072896598,-0.018819850870542203,0,2026-01-26,False,0.36,1769305500,-0.36,-0.04917641066282896
BTC,bitcoin-above-88k-on-january-26,88000.0,1769446860,1769311800,0.38430366296962487,1.5631944444444446,89035.32,87650.0,14.319072013433031,-0.015681533571786466,0,2026-01-26,False,0.68,1769321700,-0.68,-0.45545499150452196
ETH,ethereum-above-3100-on-january-28,3100.0,1769619660,1769317200,0.5412364203522005,3.500694444444444,2945.29,2999.17,4.599969148108375,0.018128299480240282,0,2026-01-28,False,0.14,1769330700,-0.14,-0.2233896183167744
BTC,bitcoin-above-90k-on-january-25,90000.0,1769360460,1769334300,0.41017249933299055,0.30277777777777776,88487.99,88049.67,11.972823375606211,-0.004965749525609439,0,2026-01-25,False,0.042,1769335200,-0.042,0.01745404199762214
BTC,bitcoin-above-88k-on-january-25,88000.0,1769360460,1769357700,0.47975427749988897,0.03194444444444444,87904.72,88049.67,86.2884569510642,0.0016475864317950122,1,2026-01-25,False,0.311,1769359500,0.6890000000000001,0.5468323091068987
BTC,bitcoin-above-86k-on-january-27,86000.0,1769533260,1769357700,0.4712402022035059,2.0319444444444446,87904.72,88565.72,9.446181424076272,0.007491374660957641,1,2026-01-27,False,0.76,1769365800,0.24,0.16923511583686623
ETH,ethereum-above-2800-on-january-27,2800.0,1769533260,1769357700,0.6530174804134463,2.0319444444444446,2903.17,2986.15,6.326205765220729,0.028181688844472252,1,2026-01-27,False,0.78,1769361300,0.21999999999999997,0.04171683755844291
ETH,ethereum-above-2900-on-january-25,2900.0,1769360460,1769359500,0.6580131123104127,0.01111111111111111,2890.86,2897.46,75.17775906849272,0.0022804554206616243,0,2026-01-25,False,0.064,1769360400,-0.064,-0.2354395281809378
ETH,ethereum-above-2900-on-january-26,2900.0,1769446860,1769359500,0.6230775017544442,1.011111111111111,2890.86,2901.97,12.08812995688429,0.003835780998918273,1,2026-01-26,False,0.47000000000000003,1769361300,0.53,0.4836325807989285
ETH,ethereum-above-3000-on-january-27,3000.0,1769533260,1769359500,0.539301542692126,2.011111111111111,2890.86,2986.15,6.3721355728394125,0.03243089657111547,0,2026-01-27,False,0.17,1769364900,-0.17,-0.3766540696998806
BTC,bitcoin-above-88k-on-january-29,88000.0,1769706060,1769359500,0.43817748108548793,4.011111111111111,87930.95,85403.57,8.678120725652159,-0.029163944181742386,0,2026-01-29,False,0.49,1769366700,-0.49,-0.2369117715546587
ETH,ethereum-above-2800-on-january-26,2800.0,1769446860,1769365800,0.6885837496310312,0.9381944444444443,2855.3,2901.97,9.862425814688407,0.016212900313733458,1,2026-01-26,False,0.736,1769366700,0.264,0.10410147341486536
BTC,bitcoin-above-88k-on-january-27,88000.0,1769533260,1769365800,0.4298246429401349,1.9381944444444446,87528.53,88565.72,12.515813285593516,0.011780077932478593,1,2026-01-27,False,0.43,1769366700,0.5700000000000001,0.4225627441073575
ETH,ethereum-above-2900-on-january-28,2900.0,1769619660,1769366700,0.5901230248243995,2.9277777777777776,2837.63,2999.17,6.858459676566409,0.05536638698613964,1,2026-01-28,False,0.34,1769369400,0.6599999999999999,0.28027186741839
ETH,ethereum-above-2900-on-january-29,2900.0,1769706060,1769366700,0.5916339973980629,3.927777777777778,2837.63,2839.37,6.036063692002889,0.0006129998430461373,0,2026-01-29,False,0.35000000000000003,1769372100,-0.35000000000000003,-0.3537001060958143
ETH,ethereum-above-2800-on-january-29,2800.0,1769706060,1769369400,0.6182094421323033,3.896527777777778,2820.87,2839.37,6.223548284223937,0.006536848570367892,1,2026-01-29,False,0.55,1769372100,0.44999999999999996,0.40931760729565514
ETH,ethereum-above-2700-on-january-27,2700.0,1769533260,1769370300,0.7421624869141713,1.8861111111111113,2824.67,2986.15,5.345247139237968,0.0555933886668127,1,2026-01-27,False,0.824,1769372100,0.17600000000000005,-0.12116040173182502
BTC,bitcoin-above-88k-on-january-28,88000.0,1769619660,1769370300,0.4399073202746256,2.886111111111111,86706.64,89624.58,9.421716082449342,0.03309914593390295,1,2026-01-28,False,0.33,1769373900,0.6699999999999999,0.35814924443920876
ETH,ethereum-above-2900-on-january-27,2900.0,1769533260,1769370300,0.5896741542756977,1.8861111111111113,2824.67,2986.15,7.658320730033575,0.0555933886668127,1,2026-01-27,False,0.25,1769372100,0.75,0.3242479991201347
BTC,bitcoin-above-86k-on-january-28,86000.0,1769619660,1769370300,0.46557997008812496,2.886111111111111,86706.64,89624.58,9.486495931299205,0.03309914593390295,1,2026-01-28,False,0.59,1769372100,0.41000000000000003,0.09600508676855107
BTC,bitcoin-above-86k-on-january-29,86000.0,1769706060,1769370300,0.46783654184089263,3.886111111111111,86706.64,85403.57,8.177398573041382,-0.015142563582952583,0,2026-01-29,False,0.5700000000000001,1769382900,-0.5700000000000001,-0.4461732221645752
BTC,bitcoin-above-86k-on-january-26,86000.0,1769446860,1769370300,0.516757546537178,0.8861111111111111,86706.64,87650.0,14.939545187184608,0.01082114458481075,1,2026-01-26,False,0.611,1769373900,0.389,0.2273370214981618
ETH,ethereum-above-2700-on-january-26,2700.0,1769446860,1769370300,0.8514511895580045,0.8861111111111111,2824.67,2901.97,5.450836906189514,0.02699827309461549,1,2026-01-26,False,0.887,1769372100,0.11299999999999999,-0.03416318338751351
BTC,bitcoin-above-88k-on-january-26,88000.0,1769446860,1769440500,0.4451913587362545,0.07361111111111111,88721.46,87650.0,27.518941249349457,-0.012150187806372378,0,2026-01-26,False,0.86,1769441400,-0.86,-0.5256396955878764
ETH,ethereum-above-2900-on-january-27,2900.0,1769533260,1769468400,0.5170882245879337,0.7506944444444446,2927.22,2986.15,15.786810162950273,0.019931765115213496,1,2026-01-27,False,0.65,1769475600,0.35,0.035341007913609834
ETH,ethereum-above-3000-on-january-29,3000.0,1769706060,1769497200,0.5226212164234663,2.417361111111111,2929.0,2839.37,7.907449063973618,-0.031078871266529796,0,2026-01-29,False,0.27,1769504400,-0.27,-0.024245408494122406
BTC,bitcoin-above-88k-on-january-27,88000.0,1769533260,1769524200,0.3989571825378622,0.10486111111111111,88264.54,88565.72,53.54107576211499,0.0034064338449287363,1,2026-01-27,False,0.62,1769525100,0.38,0.19761586743003787
BTC,bitcoin-above-88k-on-january-28,88000.0,1769619660,1769524200,0.403942479651728,1.104861111111111,88264.54,89624.58,17.813408470112275,0.015291171267438224,1,2026-01-28,False,0.54,1769525100,0.45999999999999996,0.18761212022667845
ETH,ethereum-above-3000-on-january-28,3000.0,1769619660,1769533200,0.5021135295692702,1.0006944444444446,2990.81,2999.17,15.046760735367087,0.002791329997126453,0,2026-01-28,False,0.43,1769534100,-0.43,-0.47200047460021466
BTC,bitcoin-above-90k-on-january-29,90000.0,1769706060,1769534100,0.39000037981304264,1.9902777777777778,88016.25,85403.57,10.152820688580983,-0.030133553322244155,0,2026-01-29,False,0.2,1769535900,-0.2,0.10594056359053866
BTC,bitcoin-above-88k-on-january-29,88000.0,1769706060,1769535000,0.40458986019298465,1.979861111111111,87894.33,85403.57,13.367862750944223,-0.028747394291652625,0,2026-01-29,False,0.48,1769535900,-0.48,-0.0957087786619103
BTC,bitcoin-above-90k-on-january-28,90000.0,1769619660,1769555700,0.3768079807492089,0.7402777777777778,89320.31,89624.58,21.195429894152074,0.0034007150831374513,0,2026-01-28,False,0.31,1769568300,-0.31,-0.3820796181346254
ETH,ethereum-above-3100-on-january-31,3100.0,1769878860,1769564700,0.51689577534823,3.6361111111111115,3013.71,2489.99,6.562093617542373,-0.1908931835198317,0,2026-01-31,False,0.27,1769571000,-0.27,0.9826589412078324
ETH,ethereum-above-3100-on-february-2,3100.0,1770051660,1769569200,0.5084165176656628,5.584027777777778,3010.82,2361.96,5.610786150031337,-0.2427206840781746,0,2026-02-02,False,0.3,1769573700,-0.3,1.0618538525519536
BTC,bitcoin-above-90k-on-january-29,90000.0,1769706060,1769621400,0.4294919680580398,0.9798611111111112,89593.88,85403.57,17.520274298416638,-0.047899110877181066,0,2026-01-29,False,0.39,1769627700,-0.39,0.4492055612184842
BTC,bitcoin-above-88k-on-february-2,88000.0,1770051660,1769621400,0.36590766706984446,4.979861111111111,89593.88,78673.74,8.621298601087997,-0.12997758650705754,0,2026-02-02,False,0.66,1769635800,-0.66,0.46057558472608917
BTC,bitcoin-above-88k-on-february-1,88000.0,1769965260,1769623200,0.36396585307645285,3.9590277777777776,90169.88,77510.53,8.664506275280393,-0.15128164859394744,0,2026-02-01,False,0.74,1769624100,-0.74,0.5707807935770208
BTC,bitcoin-above-88k-on-january-29,88000.0,1769706060,1769623200,0.477833802922479,0.9590277777777778,90169.88,85403.57,10.054341452598953,-0.05430754349188674,0,2026-01-29,False,0.84,1769624100,-0.84,-0.29397341428070267
BTC,bitcoin-above-92k-on-january-31,92000.0,1769878860,1769623200,0.3662070874534705,2.959027777777778,90169.88,80522.77,9.94706656219899,-0.11315544512053154,0,2026-01-31,False,0.23,1769625000,-0.23,0.8955647444891823
BTC,bitcoin-above-92k-on-january-29,92000.0,1769706060,1769623200,0.44077368919841153,0.9590277777777778,90169.88,85403.57,11.770394947379113,-0.05430754349188674,0,2026-01-29,False,0.14,1769624100,-0.14,0.4992212355214751
BTC,bitcoin-above-94k-on-february-1,94000.0,1769965260,1769627700,0.36774427951029914,3.9069444444444446,89361.26,77510.53,4.220190691566171,-0.14227345683269454,0,2026-02-01,False,0.060000000000000005,1769634000,-0.060000000000000005,0.5404211181822789
BTC,bitcoin-above-90k-on-february-1,90000.0,1769965260,1769632200,0.34441722974794015,3.854861111111111,89791.55,77510.53,11.232172792466397,-0.14707707478769486,0,2026-02-01,False,0.45,1769633100,-0.45,1.2019951178258916
BTC,bitcoin-above-92k-on-february-1,92000.0,1769965260,1769632200,0.34259023265562005,3.854861111111111,89791.55,77510.53,8.82084609137924,-0.14707707478769486,0,2026-02-01,False,0.2,1769633100,-0.2,1.0973442402725304
BTC,bitcoin-above-90k-on-february-2,90000.0,1770051660,1769632200,0.35242205551347794,4.854861111111111,89791.55,78673.74,9.785996459536923,-0.1321814453155106,0,2026-02-02,False,0.46,1769633100,-0.46,0.8335271558740602
ETH,ethereum-above-3000-on-february-2,3000.0,1770051660,1769636700,0.49542710629819514,4.802777777777778,3019.94,2361.96,6.992669356742419,-0.2457451808089879,0,2026-02-02,False,0.54,1769645700,-0.54,1.178414795410135
ETH,ethereum-above-3000-on-february-3,3000.0,1770138060,1769636700,0.4977435607983018,5.802777777777778,3019.94,2241.65,6.33925276136256,-0.2980247617918311,0,2026-02-03,False,0.53,1769647500,-0.53,1.3592542941432846
ETH,ethereum-above-3000-on-january-31,3000.0,1769878860,1769636700,0.5059271800806057,2.8027777777777776,3019.94,2489.99,8.926011368896683,-0.19295826923545237,0,2026-01-31,False,0.55,1769645700,-0.55,1.172347704918275
ETH,ethereum-above-3100-on-february-1,3100.0,1769965260,1769636700,0.4668766790056767,3.8027777777777776,3019.94,2306.07,7.104557317089269,-0.26969218665949907,0,2026-02-01,False,0.26,1769645700,-0.26,1.656043598093549
ETH,ethereum-above-3000-on-february-1,3000.0,1769965260,1769636700,0.4918639461672992,3.8027777777777776,3019.94,2306.07,7.900997351579183,-0.26969218665949907,0,2026-02-01,False,0.55,1769645700,-0.55,1.5808372525383005
ETH,ethereum-above-3000-on-january-30,3000.0,1769792460,1769636700,0.5242565361786631,1.8027777777777778,3019.94,2719.68,10.687748651100314,-0.10472273731162277,0,2026-01-30,False,0.56,1769645700,-0.56,0.5592502944418287
ETH,ethereum-above-3200-on-february-1,3200.0,1769965260,1769645700,0.48770655730939494,3.698611111111111,3003.79,2306.07,3.42995488110583,-0.2643300476871013,0,2026-02-01,False,0.068,1769654700,-0.068,0.8386401372873098
ETH,ethereum-above-3100-on-february-4,3100.0,1770224460,1769651100,0.4861411724096992,6.636111111111112,3000.79,2147.0,5.291443753133612,-0.33480406843866256,0,2026-02-04,False,0.27,1769654700,-0.27,1.5015968964634792
BTC,bitcoin-above-92k-on-february-4,92000.0,1770224460,1769652900,0.35142680953535216,6.615277777777777,88690.26,73800.99,6.132562664849823,-0.18377792879283017,0,2026-02-04,False,0.18000000000000002,1769655600,-0.18000000000000002,0.9470296647383395
BTC,bitcoin-above-90k-on-february-4,90000.0,1770224460,1769653800,0.3503716890580319,6.60486111111111,88611.14,73800.99,7.951607723511599,-0.18288543719093808,0,2026-02-04,False,0.34,1769654700,-0.34,1.1142332548852587
SOL,solana-above-120-on-january-29,120.0,1769706060,1769654700,0.5250621775088248,0.5944444444444444,123.69,118.93,6.882009284666354,-0.03924335064776429,0,2026-01-29,False,0.891,1769657400,-0.891,-0.6209268964806688
BTC,bitcoin-above-86k-on-february-4,86000.0,1770224460,1769670900,0.3725084636587755,6.406944444444444,88329.73,73800.99,7.072485771294096,-0.17970459788264978,0,2026-02-04,False,0.709,1769684400,-0.709,0.5619582115611678
ETH,ethereum-above-3100-on-january-31,3100.0,1769878860,1769675400,0.4709534086430111,2.354861111111111,2968.16,2489.99,5.33289849479147,-0.17566353780363125,0,2026-01-31,False,0.08,1769680800,-0.08,0.8567958163427297
SOL,solana-above-130-on-february-3,130.0,1770138060,1769676300,0.5458748428776257,5.344444444444444,123.37,100.78,4.295698595178329,-0.2022480468309212,0,2026-02-03,False,0.18000000000000002,1769690700,-0.18000000000000002,0.688796650649149
ETH,ethereum-above-2900-on-january-29,2900.0,1769706060,1769685300,0.5117786818723193,0.24027777777777778,2940.41,2839.37,17.556465955500787,-0.03496683083078276,0,2026-01-29,False,0.837,1769686200,-0.837,-0.22310602494760712
SOL,solana-above-130-on-february-4,130.0,1770224460,1769686200,0.5445162184016651,6.229861111111111,122.8,92.13,3.9523799236664,-0.2873563925922014,0,2026-02-04,False,0.18000000000000002,1769697900,-0.18000000000000002,0.955741637018617
SOL,solana-above-120-on-february-3,120.0,1770138060,1769693400,0.5428674325166001,5.146527777777778,123.11,100.78,5.790617134177854,-0.20013834140707154,0,2026-02-03,False,0.64,1769697900,-0.64,0.5189245089577256
BTC,bitcoin-above-86k-on-january-31,86000.0,1769878860,1769698800,0.3591041670667104,2.084027777777778,87014.4,80522.77,13.4690610761062,-0.07753362062866039,0,2026-01-31,False,0.66,1769699700,-0.66,0.38430507169907424
BTC,bitcoin-above-86k-on-january-30,86000.0,1769792460,1769698800,0.39463900929641943,1.0840277777777778,87014.4,83007.42,16.0806053504684,-0.04714362080826278,0,2026-01-30,False,0.68,1769699700,-0.68,0.07809796100980382
BTC,bitcoin-above-84k-on-february-2,84000.0,1770051660,1769698800,0.36161853857114323,4.084027777777778,87014.4,78673.74,6.940015281641128,-0.10076419462989211,0,2026-02-02,False,0.83,1769699700,-0.83,-0.1306949494262878
ETH,ethereum-above-2800-on-january-30,2800.0,1769792460,1769698800,0.6079935521541161,1.0840277777777778,2876.28,2719.68,8.780515270269591,-0.05598356623263808,0,2026-01-30,False,0.794,1769699700,-0.794,-0.30243544181017235
ETH,ethereum-above-2800-on-february-4,2800.0,1770224460,1769698800,0.4989562287254791,6.084027777777777,2876.28,2147.0,5.7505025177339295,-0.29242627366411833,0,2026-02-04,False,0.65,1769699700,-0.65,1.0315980229570636
SOL,solana-above-120-on-january-31,120.0,1769878860,1769698800,0.52794431983901,2.084027777777778,120.37,106.57,9.984021844407447,-0.12176828615877877,0,2026-01-31,False,0.51,1769699700,-0.51,0.7057372289653043
BTC,bitcoin-above-86k-on-february-2,86000.0,1770051660,1769698800,0.33544461426856287,4.084027777777778,87014.4,78673.74,10.706643891206527,-0.10076419462989211,0,2026-02-02,False,0.62,1769699700,-0.62,0.4588463488864799
BTC,bitcoin-above-86k-on-february-1,86000.0,1769965260,1769698800,0.33094968322867285,3.0840277777777776,87014.4,77510.53,12.245222894407226,-0.11565982410207633,0,2026-02-01,False,0.65,1769699700,-0.65,0.7662803260578576
ETH,ethereum-above-2900-on-january-31,2900.0,1769878860,1769698800,0.4807014722182958,2.084027777777778,2876.28,2489.99,10.660376063096004,-0.14421909815646766,0,2026-01-31,False,0.39,1769699700,-0.39,1.147429821828501
BTC,bitcoin-above-86k-on-january-29,86000.0,1769706060,1769698800,0.41155361863268297,0.08402777777777778,87014.4,85403.57,11.020418768231607,-0.01868571900001561,0,2026-01-29,False,0.867,1769699700,-0.867,-0.6610755516343261
BTC,bitcoin-above-88k-on-january-31,88000.0,1769878860,1769698800,0.34187184501968565,2.084027777777778,87014.4,80522.77,13.963020729730522,-0.07753362062866039,0,2026-01-31,False,0.3,1769699700,-0.3,0.7826035520890469
BTC,bitcoin-above-84k-on-january-29,84000.0,1769706060,1769699700,0.47633861786521936,0.07361111111111111,85338.76,85403.57,3.869613669899916,0.0007591556600241901,1,2026-01-29,False,0.933,1769701500,0.06699999999999995,0.06406236088038846
ETH,ethereum-above-2800-on-february-3,2800.0,1770138060,1769702400,0.5282468864662595,5.042361111111111,2824.32,2241.65,6.387901928640417,-0.2310554258110748,0,2026-02-03,False,0.56,1769704200,-0.56,0.9159594001613975
ETH,ethereum-above-2700-on-february-4,2700.0,1770224460,1769702400,0.5663167934061202,6.042361111111112,2824.32,2147.0,4.623810390022689,-0.2741961087623467,0,2026-02-04,False,0.74,1769711400,-0.74,0.5278308165991297
BTC,bitcoin-above-84k-on-february-4,84000.0,1770224460,1769702400,0.3930318015132505,6.042361111111112,84934.02,73800.99,7.742917297079806,-0.1405025736189897,0,2026-02-04,False,0.59,1769704200,-0.59,0.49789980755870433
BTC,bitcoin-above-82k-on-february-2,82000.0,1770051660,1769702400,0.41941332740653914,4.042361111111111,84934.02,78673.74,6.696809241059688,-0.07656529219998397,0,2026-02-02,False,0.804,1769704200,-0.804,-0.29125684365071214
ETH,ethereum-above-2900-on-february-1,2900.0,1769965260,1769706000,0.4907624444706905,3.000694444444444,2835.03,2306.07,7.784725041982146,-0.20650774215406043,0,2026-02-01,False,0.29000000000000004,1769709600,-0.29000000000000004,1.317605991709906
ETH,ethereum-above-2900-on-february-2,2900.0,1770051660,1769706900,0.49964923952885804,3.9902777777777776,2841.41,2361.96,7.0010766358151875,-0.18480862501073653,0,2026-02-02,False,0.34,1769708700,-0.34,0.9538593466597978
ETH,ethereum-above-2800-on-january-31,2800.0,1769878860,1769708700,0.5773118709977275,1.9694444444444443,2833.44,2489.99,9.097778561717355,-0.12921282677405715,0,2026-01-31,False,0.618,1769709600,-0.618,0.5575496853239156
ETH,ethereum-above-2900-on-february-3,2900.0,1770138060,1769708700,0.5099756679854467,4.969444444444444,2833.44,2241.65,6.138417484274971,-0.23427931933043605,0,2026-02-03,False,0.33,1769711400,-0.33,1.1081042699819879
ETH,ethereum-above-2800-on-february-2,2800.0,1770051660,1769708700,0.5312526275221932,3.9694444444444446,2833.44,2361.96,7.0766901714277965,-0.1819997383475928,0,2026-02-02,False,0.59,1769711400,-0.59,0.6979557595668407
ETH,ethereum-above-2800-on-february-1,2800.0,1769965260,1769708700,0.5267082856522782,2.9694444444444446,2833.44,2306.07,8.185465129676311,-0.20594674419810388,0,2026-02-01,False,0.61,1769711400,-0.61,1.0757698932039466
ETH,ethereum-above-2700-on-february-2,2700.0,1770051660,1769711400,0.5674801429963526,3.938194444444444,2803.27,2361.96,5.6282274689669425,-0.1712948100785816,0,2026-02-02,False,0.73,1769713200,-0.73,0.2340861553757485
ETH,ethereum-above-2700-on-february-1,2700.0,1769965260,1769711400,0.5761343473412387,2.9381944444444446,2803.27,2306.07,6.039523280334009,-0.19524181592909276,0,2026-02-01,False,0.77,1769713200,-0.77,0.4091674925984432
BTC,bitcoin-above-80k-on-february-4,80000.0,1770224460,1769711400,0.4605264953997364,5.938194444444445,83881.48,73800.99,5.021209503286226,-0.12803270398115912,0,2026-02-04,False,0.8170000000000001,1769713200,-0.8170000000000001,-0.17412097003837168
BTC,bitcoin-above-84k-on-february-1,84000.0,1769965260,1769711400,0.3870463016311679,2.9381944444444446,83881.48,77510.53,11.468912964207055,-0.07899105203433755,0,2026-02-01,False,0.47200000000000003,1769713200,-0.47200000000000003,0.43394150073296806
ETH,ethereum-above-2700-on-february-3,2700.0,1770138060,1769711400,0.5654548502502033,4.938194444444445,2803.27,2241.65,5.248904396864313,-0.22357439106142477,0,2026-02-03,False,0.711,1769713200,-0.711,0.462520604268574
ETH,ethereum-above-2700-on-january-31,2700.0,1769878860,1769711400,0.6389518075482402,1.9381944444444446,2803.27,2489.99,6.306736010149856,-0.11850789850504599,0,2026-01-31,False,0.767,1769713200,-0.767,-0.019601969011042164
ETH,ethereum-above-2900-on-february-4,2900.0,1770224460,1769711400,0.5173026709834537,5.938194444444445,2803.27,2147.0,5.205716002017625,-0.2667150740126968,0,2026-02-04,False,0.26,1769713200,-0.26,1.1284429287672109
BTC,bitcoin-above-82k-on-february-1,82000.0,1769965260,1769711400,0.4217547284503179,2.9381944444444446,83881.48,77510.53,8.907569981356126,-0.07899105203433755,0,2026-02-01,False,0.744,1769713200,-0.744,-0.0403816761031951
SOL,solana-above-120-on-february-2,120.0,1770051660,1769711400,0.5776228202536731,3.938194444444444,117.02,104.99,6.01122901650417,-0.10847975283324017,0,2026-02-02,False,0.29000000000000004,1769713200,-0.29000000000000004,0.36209663793437374
BTC,bitcoin-above-84k-on-january-30,84000.0,1769792460,1769711400,0.4882189679143545,0.9381944444444443,83881.48,83007.42,16.078627651220458,-0.010474848740523965,0,2026-01-30,False,0.465,1769713200,-0.465,-0.2965788073982596
ETH,ethereum-above-2600-on-february-3,2600.0,1770138060,1769711400,0.6247425148142771,4.938194444444445,2803.27,2241.65,3.3313287707555768,-0.22357439106142477,0,2026-02-03,False,0.858,1769713200,-0.858,-0.1132001986529172
BTC,bitcoin-above-82k-on-january-30,82000.0,1769792460,1769711400,0.5419025023267394,0.9381944444444443,83881.48,83007.42,10.442935705200766,-0.010474848740523965,1,2026-01-30,False,0.79,1769713200,0.20999999999999996,0.31938817191899493
BTC,bitcoin-above-80k-on-february-3,80000.0,1770138060,1769711400,0.4642386538824607,4.938194444444445,83881.48,76464.84,5.146270576175442,-0.09257382279446234,0,2026-02-03,False,0.838,1769713200,-0.838,-0.361590059628779
BTC,bitcoin-above-82k-on-january-31,82000.0,1769878860,1769711400,0.46816419812211185,1.9381944444444446,83881.48,80522.77,9.47991065061163,-0.040864848560921575,0,2026-01-31,False,0.76,1769713200,-0.76,-0.3726048868916882
BTC,bitcoin-above-82k-on-february-3,82000.0,1770138060,1769711400,0.42171883885650646,4.938194444444445,83881.48,76464.84,7.389251811440078,-0.09257382279446234,0,2026-02-03,False,0.6970000000000001,1769713200,-0.6970000000000001,-0.012948712224086445
BTC,bitcoin-above-82k-on-february-4,82000.0,1770224460,1769711400,0.4234475100048802,5.938194444444445,83881.48,73800.99,6.8373693253688606,-0.12803270398115912,0,2026-02-04,False,0.683,1769713200,-0.683,0.1924068828448089
ETH,ethereum-above-2700-on-january-30,2700.0,1769792460,1769712300,0.7363639714741723,0.9277777777777778,2804.4,2719.68,6.496012963355349,-0.03067538602255127,1,2026-01-30,False,0.847,1769713200,0.15300000000000002,0.35226770525842255
XRP,xrp-above-1pt9-on-february-1,1.9,1769965260,1769719500,0.632267826233064,2.844444444444444,1.7988,1.5918,4.298196303749288,-0.12225432452480321,0,2026-02-01,False,0.12,1769881500,-0.12,0.40547308578987507
XRP,xrp-above-1pt9-on-february-5,1.9,1770310860,1769719500,0.6138473966450138,6.844444444444445,1.7988,1.2754,3.7324240158973048,-0.34385992101538093,0,2026-02-05,False,0.21000000000000002,1769881500,-0.21000000000000002,1.0734310273023582
XRP,xrp-above-1pt9-on-february-3,1.9,1770138060,1769719500,0.6193120447869923,4.844444444444444,1.7988,1.588,4.05109349349565,-0.12464441308947118,0,2026-02-03,False,0.18000000000000002,1769881500,-0.18000000000000002,0.3249461708673407
XRP,xrp-above-1pt9-on-february-4,1.9,1770224460,1769720400,0.6143834175791408,5.834027777777778,1.8025,1.5339,3.9717858055948816,-0.1613610784050409,0,2026-02-04,False,0.21000000000000002,1769881500,-0.21000000000000002,0.4308916407846242
XRP,xrp-above-1pt9-on-february-2,1.9,1770051660,1769722200,0.6242237964073191,3.813194444444444,1.7996,1.6444,4.234884333222676,-0.09018884194329382,0,2026-02-02,False,0.16,1769881500,-0.16,0.22193931377715118
SOL,solana-above-120-on-february-4,120.0,1770224460,1769724000,0.5858876975218175,5.792361111111111,117.45,92.13,5.1222883867808475,-0.24281208798408113,0,2026-02-04,False,0.37,1769736600,-0.37,0.8737535384508682
BTC,bitcoin-above-88k-on-february-5,88000.0,1770310860,1769726700,0.4023568845482219,6.761111111111111,84458.9,68102.04,5.385234296777973,-0.2152578568504058,0,2026-02-05,False,0.2,1769734800,-0.2,0.9592139933617287
BTC,bitcoin-above-88k-on-february-1,88000.0,1769965260,1769727600,0.42288563084294367,2.7506944444444446,84570.05,77510.53,5.925650229814283,-0.08716638692273995,0,2026-02-01,False,0.09999999999999999,1769735700,-0.09999999999999999,0.4165175207008147
ETH,ethereum-above-3100-on-february-5,3100.0,1770310860,1769730300,0.5325664424406144,6.719444444444444,2824.93,1990.87,2.3040526976298152,-0.3499118564022188,0,2026-02-05,False,0.060000000000000005,1769739300,-0.060000000000000005,0.7462153566761887
XRP,xrp-above-1pt6-on-february-4,1.6,1770224460,1769731200,0.5547724095903342,5.709027777777777,1.8076,1.5339,1.301787811092366,-0.16418648678306136,0,2026-02-04,False,0.927,1769881500,-0.927,-0.7132640327597329
XRP,xrp-above-1pt9-on-january-31,1.9,1769878860,1769731200,0.6178954210609752,1.7090277777777778,1.8076,1.6152,4.591368577676765,-0.11254121053849701,0,2026-01-31,False,0.08,1769868000,-0.08,0.43671817776016036
XRP,xrp-above-1pt6-on-february-5,1.6,1770310860,1769731200,0.5414020091794925,6.709027777777777,1.8076,1.2754,1.4506308046847332,-0.3487401436559534,0,2026-02-05,False,0.91,1769881500,-0.91,-0.40410680478249494
XRP,xrp-above-1pt7-on-february-2,1.7,1770051660,1769732100,0.5259744513260938,3.698611111111111,1.8076,1.6444,3.967285522442867,-0.09462442251340134,0,2026-02-02,False,0.83,1769881500,-0.83,-0.4545978984930659
XRP,xrp-above-1pt6-on-february-3,1.6,1770138060,1769732100,0.5294661852839536,4.698611111111111,1.8076,1.588,0.8973628278443639,-0.12952463573004355,0,2026-02-03,False,0.949,1769881500,-0.949,-0.8327694066057769
XRP,xrp-above-1pt7-on-january-31,1.7,1769878860,1769732100,0.506222132966824,1.698611111111111,1.8076,1.6152,2.4553524278356393,-0.11254121053849701,0,2026-01-31,False,0.91,1769868000,-0.91,-0.6336716654727396
BTC,bitcoin-above-78k-on-february-2,78000.0,1770051660,1769737500,0.531714155558231,3.6361111111111115,82035.92,78673.74,4.905004715155019,-0.04184777255977964,1,2026-02-02,False,0.853,1769740200,0.14700000000000002,0.35226352172445397
BTC,bitcoin-above-78k-on-february-1,78000.0,1769965260,1769737500,0.5591520464426258,2.636111111111111,82035.92,77510.53,4.899249245135946,-0.05674340203196392,0,2026-02-01,False,0.878,1769740200,-0.878,-0.5999999304284552
BTC,bitcoin-above-80k-on-january-30,80000.0,1769792460,1769737500,0.6896589486899818,0.6361111111111112,82035.92,83007.42,9.585705159836992,0.011772801261849698,1,2026-01-30,False,0.748,1769740200,0.252,0.1391493981985519
BTC,bitcoin-above-78k-on-february-3,78000.0,1770138060,1769737500,0.5168239499754544,4.636111111111111,82035.92,76464.84,4.825190856478019,-0.07032617279208868,0,2026-02-03,False,0.823,1769740200,-0.823,-0.4836627940725204
BTC,bitcoin-above-78k-on-february-5,78000.0,1770310860,1769737500,0.5000041377176172,6.636111111111112,82035.92,68102.04,4.5840448632121245,-0.18615003147545053,0,2026-02-05,False,0.79,1769740200,-0.79,0.06332009557181428
BTC,bitcoin-above-80k-on-february-1,80000.0,1769965260,1769737500,0.4869760067226947,2.636111111111111,82035.92,77510.53,8.116346394972874,-0.05674340203196392,0,2026-02-01,False,0.751,1769740200,-0.751,-0.29045089347937314
SOL,solana-above-110-on-february-1,110.0,1769965260,1769738400,0.6278802883104607,2.6256944444444446,115.22,101.77,5.246691720502516,-0.12412797910039691,0,2026-02-01,False,0.787,1769740200,-0.787,-0.13573875977123828
ETH,ethereum-above-2600-on-january-31,2600.0,1769878860,1769738400,0.8117698093844098,1.6256944444444446,2747.15,2489.99,4.515099439526419,-0.09828531624170422,0,2026-01-31,False,0.884,1769740200,-0.884,-0.4402320237234044
SOL,solana-above-110-on-january-31,110.0,1769878860,1769738400,0.6278802883104607,1.6256944444444446,115.22,106.57,5.282099828285793,-0.07804129807137229,0,2026-01-31,False,0.8210000000000001,1769740200,-0.8210000000000001,-0.40877807285800405
SOL,solana-above-110-on-february-3,110.0,1770138060,1769739300,0.619290947770542,4.615277777777777,114.31,100.78,5.0118991989107124,-0.1259741327852351,0,2026-02-03,False,0.712,1769740200,-0.712,-0.08063034481020848
BTC,bitcoin-above-84k-on-january-31,84000.0,1769878860,1769746500,0.5286573314088565,1.5319444444444443,83030.61,80522.77,10.932879915708282,-0.030669333418258227,0,2026-01-31,False,0.34700000000000003,1769748300,-0.34700000000000003,-0.011695860643363809
BTC,bitcoin-above-84k-on-february-3,84000.0,1770138060,1769746500,0.46229097570740235,4.531944444444444,83030.61,76464.84,7.504270954261337,-0.08237830765179899,0,2026-02-03,False,0.41000000000000003,1769749200,-0.41000000000000003,0.20818914137259947
BTC,bitcoin-above-86k-on-february-4,86000.0,1770224460,1769784300,0.4163724668226126,5.094444444444445,83650.86,73800.99,6.824109449126035,-0.12527956216184347,0,2026-02-04,False,0.27,1769785200,-0.27,0.5849214439310084
BTC,bitcoin-above-86k-on-february-3,86000.0,1770138060,1769784300,0.41363655721964826,4.094444444444444,83650.86,76464.84,7.352562116332223,-0.08982068097514669,0,2026-02-03,False,0.24000000000000002,1769785200,-0.24000000000000002,0.4204121362010259
BTC,bitcoin-above-86k-on-february-1,86000.0,1769965260,1769785200,0.403191003277415,2.084027777777778,83098.0,77510.53,6.8221669669413885,-0.0696068360856706,0,2026-02-01,False,0.09,1769787000,-0.09,0.3848694578169658
BTC,bitcoin-above-84k-on-february-2,84000.0,1770051660,1769785200,0.4124958928710455,3.0840277777777776,83098.0,78673.74,10.047328998540296,-0.05471120661348638,0,2026-02-02,False,0.38,1769787000,-0.38,0.16970149275281132
ETH,ethereum-above-2800-on-february-4,2800.0,1770224460,1769787900,0.5273146217671724,5.052777777777778,2738.34,2147.0,5.959439974378013,-0.24328037849242118,0,2026-02-04,False,0.34,1769792400,-0.34,1.1098148125695475
ETH,ethereum-above-2800-on-february-3,2800.0,1770138060,1769789700,0.517382935801644,4.031944444444444,2736.52,2241.65,6.63326589794212,-0.19947483833309565,0,2026-02-03,False,0.32,1769792400,-0.32,1.003169642612441
BTC,bitcoin-above-86k-on-january-31,86000.0,1769878860,1769789700,0.45712379182875634,1.0319444444444446,83071.61,80522.77,5.8410279422139295,-0.031163005337064387,0,2026-01-31,False,0.031,1769793300,-0.031,0.1510239849371549
BTC,bitcoin-above-84k-on-february-4,84000.0,1770224460,1769789700,0.40562523480302753,5.031944444444444,83071.61,73800.99,8.104058401238177,-0.11833086075730184,0,2026-02-04,False,0.4,1769793300,-0.4,0.5589602062459569
BTC,bitcoin-above-88k-on-february-3,88000.0,1770138060,1769791500,0.3830027903421634,4.011111111111111,83390.52,76464.84,3.9402986670139617,-0.08670360650184063,0,2026-02-03,False,0.060000000000000005,1769793300,-0.060000000000000005,0.2816381051245057
ETH,ethereum-above-2700-on-february-4,2700.0,1770224460,1769792400,0.5465729508692349,5.000694444444444,2726.96,2147.0,6.188581734227808,-0.2391159167257494,0,2026-02-04,False,0.56,1769796900,-0.56,0.9197883946121104
ETH,ethereum-above-2600-on-february-2,2600.0,1770051660,1769796900,0.5640458772519834,2.948611111111111,2701.81,2361.96,6.018416871249876,-0.13443013595204806,0,2026-02-02,False,0.79,1769797800,-0.79,0.019056598218220477
ETH,ethereum-above-2600-on-february-1,2600.0,1769965260,1769796900,0.5474036170757846,1.948611111111111,2701.81,2306.07,6.4102459459693195,-0.1583771418025592,0,2026-02-01,False,0.838,1769797800,-0.838,0.17723643117406318
ETH,ethereum-above-2600-on-february-4,2600.0,1770224460,1769796900,0.5778411956312901,4.948611111111111,2701.81,2147.0,5.1325335818796,-0.2298503998861632,0,2026-02-04,False,0.736,1769797800,-0.736,0.4437148962241877
BTC,bitcoin-above-82k-on-february-2,82000.0,1770051660,1769796900,0.3773248727604519,2.948611111111111,82871.83,78673.74,11.262872129020929,-0.051985769827784814,0,2026-02-02,False,0.628,1769797800,-0.628,-0.04249092190094528
ETH,ethereum-above-2800-on-january-31,2800.0,1769878860,1769803200,0.5263382940908,0.8756944444444444,2742.4,2489.99,11.06388489251142,-0.09655475501702886,0,2026-01-31,False,0.171,1769804100,-0.171,0.8972706953330467
ETH,ethereum-above-2800-on-february-5,2800.0,1770310860,1769823000,0.5279272220395169,5.646527777777778,2710.61,1990.87,5.288019560065352,-0.3086019726849475,0,2026-02-05,False,0.29000000000000004,1769826600,-0.29000000000000004,1.3418932678327558
BTC,bitcoin-above-86k-on-february-5,86000.0,1770310860,1769827500,0.36576236964524594,5.594444444444444,84138.66,68102.04,7.7519937665075895,-0.21145898354373535,0,2026-02-05,False,0.3,1769838300,-0.3,1.3392287223030674
SOL,solana-above-120-on-february-2,120.0,1770051660,1769829300,0.5971317181353257,2.573611111111111,118.49,104.99,7.655589863873489,-0.12096346130179873,0,2026-02-02,False,0.37,1769841000,-0.37,0.5560466482411034
SOL,solana-above-120-on-february-1,120.0,1769965260,1769832900,0.5988044114716615,1.5319444444444443,118.75,101.77,9.862191558074317,-0.15430507771091043,0,2026-02-01,False,0.33,1769837400,-0.33,1.1917862347685422
SOL,solana-above-120-on-january-31,120.0,1769878860,1769832900,0.5988044114716615,0.5319444444444444,118.75,106.57,15.630512079413032,-0.10821839668188586,0,2026-01-31,False,0.21000000000000002,1769836500,-0.21000000000000002,1.4815089565509283
SOL,solana-above-120-on-february-5,120.0,1770310860,1769833800,0.597941674427655,5.521527777777778,118.68,85.24,5.330409983437952,-0.33095998819220485,0,2026-02-05,False,0.41000000000000003,1769845500,-0.41000000000000003,1.3541524251782353
BTC,bitcoin-above-84k-on-january-31,84000.0,1769878860,1769841900,0.3243593063037378,0.4277777777777778,83774.72,80522.77,34.844195531264276,-0.039591289761068606,0,2026-01-31,False,0.36,1769842800,-0.36,1.0195266417696156
BTC,bitcoin-above-84k-on-february-3,84000.0,1770138060,1769842800,0.3516806603412771,3.417361111111111,83786.09,76464.84,11.674192381391764,-0.0914359759193422,0,2026-02-03,False,0.48,1769844600,-0.48,0.5874411734627056
SOL,solana-above-110-on-february-4,110.0,1770224460,1769846400,0.658770080671711,4.375694444444444,117.37,92.13,3.8112129798863763,-0.24213071499119196,0,2026-02-04,False,0.81,1769848200,-0.81,0.1128117238035995
ETH,ethereum-above-2600-on-january-31,2600.0,1769878860,1769850000,0.5053792519916961,0.33402777777777776,2644.03,2489.99,14.394485504538327,-0.060025573965555475,0,2026-01-31,False,0.85,1769851800,-0.85,0.014037254348781447
BTC,bitcoin-above-80k-on-february-3,80000.0,1770138060,1769855400,0.4513548521980834,3.271527777777778,83055.34,76464.84,6.473561667903822,-0.08267610527023393,0,2026-02-03,False,0.832,1769864400,-0.832,-0.2967911340710324
ETH,ethereum-above-2500-on-february-2,2500.0,1770051660,1769868900,0.6970008495306659,2.1152777777777776,2610.78,2361.96,5.500539262484143,-0.10015724443161755,0,2026-02-02,False,0.811,1769869800,-0.811,-0.2600811445816664
ETH,ethereum-above-2500-on-february-5,2500.0,1770310860,1769868900,0.67228293730568,5.115277777777778,2610.78,1990.87,4.412571760713974,-0.2710772981342518,0,2026-02-05,False,0.731,1769869800,-0.731,0.4651480307178425
ETH,ethereum-above-2400-on-february-2,2400.0,1770051660,1769869800,0.786613808000769,2.104861111111111,2533.99,2361.96,4.536069211256766,-0.07030335273048813,0,2026-02-02,False,0.825,1769870700,-0.825,-0.5060991262311085
BTC,bitcoin-above-78k-on-february-3,78000.0,1770138060,1769869800,0.5178172553957784,3.104861111111111,81588.0,76464.84,5.482042381901005,-0.06485116499502841,0,2026-02-03,False,0.836,1769870700,-0.836,-0.4804831649815994
BTC,bitcoin-above-80k-on-february-1,80000.0,1769965260,1769869800,0.4764727451874667,1.104861111111111,81588.0,77510.53,11.601612667741671,-0.05126839423490361,0,2026-02-01,False,0.771,1769870700,-0.771,-0.17620394798956818
BTC,bitcoin-above-80k-on-february-2,80000.0,1770051660,1769869800,0.466047782910683,2.104861111111111,81588.0,78673.74,9.755201988814513,-0.03637276476271934,0,2026-02-02,False,0.71,1769870700,-0.71,-0.35517633284803785
BTC,bitcoin-above-78k-on-february-2,78000.0,1770051660,1769869800,0.5426194000422081,2.104861111111111,81588.0,78673.74,5.457005921659175,-0.03637276476271934,1,2026-02-02,False,0.87,1769870700,0.13,0.32848639269727564
ETH,ethereum-above-2500-on-february-1,2500.0,1769965260,1769869800,0.6912602269024356,1.104861111111111,2533.99,2306.07,9.913720315155334,-0.09425035858099928,0,2026-02-01,False,0.641,1769876100,-0.641,0.29337169457512746
ETH,ethereum-above-2500-on-january-31,2500.0,1769878860,1769869800,0.714043511666678,0.10486111111111111,2533.99,2489.99,17.80714180905069,-0.017516441156952504,0,2026-01-31,False,0.775,1769870700,-0.775,-0.46308224832825484
ETH,ethereum-above-2400-on-february-5,2400.0,1770310860,1769869800,0.7000070244370016,5.104861111111111,2533.99,1990.87,3.989074404593336,-0.24122340643312246,0,2026-02-05,False,0.763,1769876100,-0.763,0.1992581163911843
BTC,bitcoin-above-80k-on-january-31,80000.0,1769878860,1769869800,0.4716053536484699,0.10486111111111111,81588.0,80522.77,2.451838178066383,-0.013142190761487644,1,2026-01-31,False,0.93,1769870700,0.06999999999999995,0.10222252505244667
ETH,ethereum-above-2400-on-february-1,2400.0,1769965260,1769870700,0.9483065695271952,1.0944444444444443,2522.42,2306.07,4.975668423804328,-0.08967398119358141,0,2026-02-01,False,0.86,1769878800,-0.86,-0.4138120033382738
ETH,ethereum-above-2300-on-february-5,2300.0,1770310860,1769870700,0.8166965478937899,5.094444444444445,2522.42,1990.87,2.736714627248253,-0.23664702904570445,0,2026-02-05,False,0.846,1769878800,-0.846,-0.19836461411577844
BTC,bitcoin-above-78k-on-february-5,78000.0,1770310860,1769872500,0.5423744656259207,5.073611111111111,81265.88,68102.04,5.181302231744411,-0.1767190796126491,0,2026-02-05,False,0.76,1769878800,-0.76,0.15563496158883694
SOL,solana-above-90-on-february-5,90.0,1770310860,1769872500,0.7743239315543379,5.073611111111111,109.67,85.24,0.46231888334026344,-0.25200504954170116,0,2026-02-05,False,0.9400000000000001,1769879700,-0.9400000000000001,-0.823493306899773
SOL,solana-above-110-on-february-1,110.0,1769965260,1769873400,0.7082222759602999,1.0631944444444446,109.38,101.77,10.292608939088089,-0.0721126927147865,0,2026-02-01,False,0.427,1769874300,-0.427,0.31522774565792405
SOL,solana-above-100-on-february-2,100.0,1770051660,1769873400,0.7699299927695195,2.0631944444444446,109.38,104.99,2.1711498642405833,-0.04096295039177678,1,2026-02-02,False,0.869,1769878800,0.131,0.2199367041819999
SOL,solana-above-100-on-february-1,100.0,1769965260,1769876100,0.9477536034443976,1.0319444444444446,108.35,101.77,2.3220663171895493,-0.0626513627785279,1,2026-02-01,False,0.909,1769878800,0.09099999999999997,0.23648061923404265
BTC,bitcoin-above-76k-on-february-5,76000.0,1770310860,1769878800,0.6002980259217148,5.000694444444444,80365.04,68102.04,4.2546228475646135,-0.1655720870961586,0,2026-02-05,False,0.8170000000000001,1769879700,-0.8170000000000001,-0.11255321532172557
SOL,solana-above-100-on-february-4,100.0,1770224460,1769878800,0.7974080723023356,4.000694444444445,106.28,92.13,3.7720308940319183,-0.14287649777077213,0,2026-02-04,False,0.782,1769879700,-0.782,-0.24306543637756506
BTC,bitcoin-above-78k-on-february-1,78000.0,1769965260,1769878800,0.6887247859572773,1.0006944444444446,80365.04,77510.53,7.966958626398502,-0.03616545765267202,0,2026-02-01,False,0.8190000000000001,1769879700,-0.8190000000000001,-0.530871295176395
BTC,bitcoin-above-80k-on-february-4,80000.0,1770224460,1769880600,0.546660418456561,3.979861111111111,79120.1,73800.99,6.818284093589152,-0.06959480506599243,0,2026-02-04,False,0.428,1769883300,-0.428,0.04651715237789389
SOL,solana-above-100-on-february-5,100.0,1770310860,1769883300,0.8271219963649069,4.948611111111111,103.18,85.24,3.9865445012766476,-0.1910042285860876,0,2026-02-05,False,0.607,1769885100,-0.607,0.15444685719045537
SOL,solana-above-110-on-february-3,110.0,1770138060,1769884200,0.8020796508427522,2.9381944444444446,103.49,100.78,3.751621155585265,-0.026535066427629532,0,2026-02-03,False,0.185,1769885100,-0.185,-0.08545048342524472
ETH,ethereum-above-2500-on-february-4,2500.0,1770224460,1769884200,0.8229478159470023,3.938194444444444,2398.47,2147.0,4.060273430648146,-0.11075951516772829,0,2026-02-04,False,0.305,1769886000,-0.305,0.1447139166269975
XRP,xrp-above-1pt6-on-february-4,1.6,1770224460,1769886900,0.8590952563396312,3.9069444444444446,1.6022,1.5339,4.4865671232718025,-0.043564173026953174,0,2026-02-04,False,0.47100000000000003,1769888700,-0.47100000000000003,-0.2755464135447477
BTC,bitcoin-above-80k-on-february-5,80000.0,1770310860,1769886900,0.5622223589265465,4.906944444444445,78226.24,68102.04,5.701042243336839,-0.13859797248518763,0,2026-02-05,False,0.35000000000000003,1769891400,-0.35000000000000003,0.44015289597889146
XRP,xrp-above-1pt6-on-february-3,1.6,1770138060,1769895000,0.9052679911175724,2.8131944444444446,1.6092,1.588,5.0170847126196305,-0.013261798268551995,0,2026-02-03,False,0.504,1770011100,-0.504,-0.4374644346450023
XRP,xrp-above-1pt6-on-february-5,1.6,1770310860,1769895000,0.9052679911175723,4.813194444444444,1.6092,1.2754,3.837606488018263,-0.23247730619446175,0,2026-02-05,False,0.5,1770011100,-0.5,0.39215641856887473
XRP,xrp-above-1pt7-on-february-4,1.7,1770224460,1769895900,0.8736988173568867,3.8027777777777776,1.6237,1.5339,3.8252961288167326,-0.05689398383900543,0,2026-02-04,False,0.27,1770011100,-0.27,-0.052363663867690785
XRP,xrp-above-1pt6-on-february-2,1.6,1770051660,1769896800,0.9702153447492737,1.792361111111111,1.6209,1.6444,5.796029876785812,0.014394025505593702,1,2026-02-02,False,0.548,1770011100,0.45199999999999996,0.36857179812236185
XRP,xrp-above-1pt8-on-february-5,1.8,1770310860,1769896800,0.8574841980767471,4.792361111111111,1.6209,1.2754,2.178757410538523,-0.23972169563695853,0,2026-02-05,False,0.11,1770011100,-0.11,0.41229542083588366
ETH,ethereum-above-2700-on-february-4,2700.0,1770224460,1769902200,0.7947505502906985,3.729861111111111,2454.55,2147.0,2.3406267008901622,-0.1338719261594518,0,2026-02-04,False,0.09,1769908500,-0.09,0.22334420486840903
ETH,ethereum-above-2500-on-february-3,2500.0,1770138060,1769916600,0.8197831687415954,2.5631944444444446,2443.11,2241.65,5.424151706317415,-0.08605961602065153,0,2026-02-03,False,0.36,1769924700,-0.36,0.10680041308343857
BTC,bitcoin-above-78k-on-february-3,78000.0,1770138060,1769956200,0.6034423162184671,2.104861111111111,77849.34,76464.84,8.687376406406981,-0.017944393064771785,0,2026-02-03,False,0.486,1769958900,-0.486,-0.33011030306180855
ETH,ethereum-above-2400-on-february-1,2400.0,1769965260,1769958000,0.9878625392933097,0.08402777777777778,2373.07,2306.07,19.934658893093232,-0.02863969856337944,0,2026-02-01,False,0.19,1769958900,-0.19,0.3809226216619814
BTC,bitcoin-above-76k-on-february-5,76000.0,1770310860,1769965200,0.6161689030181547,4.000694444444445,77494.77,68102.04,5.963445537278165,-0.12920328155726205,0,2026-02-05,False,0.617,1769977800,-0.617,0.1534967328043486
ETH,ethereum-above-2300-on-february-5,2300.0,1770310860,1769966100,0.8707619635793513,3.9902777777777776,2318.27,1990.87,4.378079480093787,-0.15224948873009866,0,2026-02-05,False,0.536,1769967900,-0.536,0.13056036246401515
ETH,ethereum-above-2400-on-february-2,2400.0,1770051660,1769966100,1.0103847396549162,0.9902777777777777,2318.27,2361.96,5.99655453961925,0.018670564972535525,0,2026-02-02,False,0.234,1769967900,-0.234,-0.3459590611433141
BTC,bitcoin-above-80k-on-february-3,80000.0,1770138060,1769969700,0.6310424666753544,1.948611111111111,78234.0,76464.84,7.60811034790189,-0.022873308332095662,0,2026-02-03,False,0.292,1769971500,-0.292,-0.11797734618783245
BTC,bitcoin-above-80k-on-february-4,80000.0,1770224460,1769969700,0.59336815262956,2.948611111111111,78234.0,73800.99,6.77454697374696,-0.05833218951879236,0,2026-02-04,False,0.313,1769972400,-0.313,0.08217415797656896
ETH,ethereum-above-2400-on-february-5,2400.0,1770310860,1769970600,0.8332149377934412,3.938194444444444,2360.63,1990.87,4.484579817766744,-0.17035680343735102,0,2026-02-05,False,0.403,1769973300,-0.403,0.3609786825144007
BTC,bitcoin-above-78k-on-february-5,78000.0,1770310860,1769972400,0.5816084933354009,3.9173611111111115,78029.28,68102.04,6.6191914276408195,-0.13607697221186624,0,2026-02-05,False,0.51,1769973300,-0.51,0.39071952796410303
BTC,bitcoin-above-78k-on-february-2,78000.0,1770051660,1769982300,0.7071956176461501,0.8027777777777778,76841.43,78673.74,10.782019460293894,0.02356547974350663,1,2026-02-02,False,0.28900000000000003,1769983200,0.711,0.4569165388143499
ETH,ethereum-above-2500-on-february-5,2500.0,1770310860,1769982300,0.8268465337890833,3.8027777777777776,2308.46,1990.87,2.9052835381090882,-0.14800890641787356,0,2026-02-05,False,0.14300000000000002,1769987700,-0.14300000000000002,0.2870078393093766
BTC,bitcoin-above-80k-on-february-5,80000.0,1770310860,1770006600,0.6217133858354226,3.5215277777777776,76481.93,68102.04,4.868172791745254,-0.1160473351264553,0,2026-02-05,False,0.2,1770008400,-0.2,0.364938479417153
SOL,solana-above-90-on-february-5,90.0,1770310860,1770006600,1.1108777843110433,3.5215277777777776,101.29,85.24,2.154388089142122,-0.17251688246828953,0,2026-02-05,False,0.857,1770012000,-0.857,-0.48533168323438564
SOL,solana-above-100-on-february-2,100.0,1770051660,1770007500,1.096062665374979,0.5111111111111111,100.93,104.99,9.524036022775974,0.039437900276081565,1,2026-02-02,False,0.581,1770008400,0.41900000000000004,0.04339201710795271
XRP,xrp-above-1pt6-on-february-2,1.6,1770051660,1770039900,1.0452873292185818,0.1361111111111111,1.6422,1.6444,8.71593985983514,0.0013387697490350443,1,2026-02-02,False,0.875,1770042600,0.125,0.11333136338124397
BTC,bitcoin-above-78k-on-february-3,78000.0,1770138060,1770043500,0.7045878384511145,1.0944444444444443,78504.04,76464.84,10.227983588688122,-0.026319061094945,0,2026-02-03,False,0.559,1770044400,-0.559,-0.28980907505122255
XRP,xrp-above-1pt6-on-february-5,1.6,1770310860,1770044400,0.8759499978582853,3.0840277777777776,1.6297,1.2754,4.8677648066927475,-0.24513609390077176,0,2026-02-05,False,0.5700000000000001,1770078600,-0.5700000000000001,0.6232648507403054
XRP,xrp-above-1pt6-on-february-4,1.6,1770224460,1770045300,0.9061902741896306,2.073611111111111,1.6432,1.5339,5.482359417811107,-0.06883204842023051,0,2026-02-04,False,0.626,1770078600,-0.626,-0.24863797109611913
ETH,ethereum-above-2500-on-february-4,2500.0,1770224460,1770048000,0.8802495959093678,2.042361111111111,2372.71,2147.0,4.305523247064655,-0.09996124291364958,0,2026-02-04,False,0.188,1770050700,-0.188,0.24238545517019527
BTC,bitcoin-above-82k-on-february-5,82000.0,1770310860,1770049800,0.5538311101522401,3.0215277777777776,79180.01,68102.04,6.110756181246518,-0.15071669931856266,0,2026-02-05,False,0.22,1770050700,-0.22,0.7009930019779796
ETH,ethereum-above-2300-on-february-5,2300.0,1770310860,1770054300,0.8408799064214802,2.9694444444444446,2353.84,1990.87,5.0755848328373485,-0.16747630798617114,0,2026-02-05,False,0.622,1770057000,-0.622,0.2280402086742067
BTC,bitcoin-above-80k-on-february-4,80000.0,1770224460,1770056100,0.5324479972393827,1.948611111111111,78711.87,73800.99,9.321908686949941,-0.06442182382089373,0,2026-02-04,False,0.327,1770057000,-0.327,0.27353435910514795
BTC,bitcoin-above-78k-on-february-5,78000.0,1770310860,1770061500,0.5387786521432953,2.886111111111111,78544.85,68102.04,8.265943936879257,-0.14266263056287296,0,2026-02-05,False,0.56,1770062400,-0.56,0.6192413061204249
XRP,xrp-above-1pt5-on-february-4,1.5,1770224460,1770093900,0.8158049499485889,1.511111111111111,1.6246,1.5339,2.4899016408500567,-0.05744811986279021,1,2026-02-04,False,0.926,1770099300,0.07399999999999995,0.21704016791011205
SOL,solana-above-110-on-february-4,110.0,1770224460,1770102900,0.8464964394751457,1.4069444444444446,104.23,92.13,4.367255216518446,-0.1233993726303903,0,2026-02-04,False,0.14,1770103800,-0.14,0.39891655383517555
SOL,solana-above-100-on-february-4,100.0,1770224460,1770105600,0.8593183011898319,1.3756944444444446,104.7,92.13,5.295157491445054,-0.12789849475565054,0,2026-02-04,False,0.763,1770110100,-0.763,-0.08575732735007102
ETH,ethereum-above-2200-on-february-6,2200.0,1770397260,1770112800,0.8270566191596777,3.2923611111111106,2292.06,2031.04,4.520551812599087,-0.12090299938435796,0,2026-02-06,False,0.6960000000000001,1770116400,-0.6960000000000001,-0.14945172698437437
ETH,ethereum-above-2300-on-february-6,2300.0,1770397260,1770112800,0.7761652322956489,3.2923611111111106,2292.06,2031.04,5.3929299423542645,-0.12090299938435796,0,2026-02-06,False,0.47000000000000003,1770115500,-0.47000000000000003,0.18202140550034324
XRP,xrp-above-1pt6-on-february-3,1.6,1770138060,1770123600,0.874983961914974,0.16736111111111113,1.6083,1.588,20.548191378012632,-0.01270235769452075,0,2026-02-03,False,0.584,1770129900,-0.584,-0.32298952314101625
BTC,bitcoin-above-76k-on-february-6,76000.0,1770397260,1770129900,0.5514203027279097,3.0944444444444446,77875.71,69659.02,7.0854080506784785,-0.11150189773401854,0,2026-02-06,False,0.6910000000000001,1770130800,-0.6910000000000001,0.09903644387054333
BTC,bitcoin-above-74k-on-february-6,74000.0,1770397260,1770129900,0.5969385457299896,3.0944444444444446,77875.71,69659.02,4.835468758157291,-0.11150189773401854,0,2026-02-06,False,0.839,1770130800,-0.839,-0.2998360570319041
SOL,solana-above-100-on-february-5,100.0,1770310860,1770132600,0.8986342226938482,2.0631944444444446,102.05,85.24,5.698660374445857,-0.1799920820254374,0,2026-02-05,False,0.636,1770133500,-0.636,0.3897137455523684
BTC,bitcoin-above-78k-on-february-3,78000.0,1770138060,1770134400,0.5939848437682921,0.04236111111111111,78132.33,76464.84,60.245636536422495,-0.0215729003180749,0,2026-02-03,False,0.51,1770135300,-0.51,0.7896731115992135
ETH,ethereum-above-2400-on-february-6,2400.0,1770397260,1770134400,0.767566415441899,3.042361111111111,2303.2,2031.04,4.6901025052838925,-0.12575148317986073,0,2026-02-06,False,0.254,1770135300,-0.254,0.33578734630503004
SOL,solana-above-90-on-february-4,90.0,1770224460,1770142500,0.9324255126657567,0.9486111111111111,98.69,92.13,1.3406270213712088,-0.06878300106307517,1,2026-02-04,False,0.934,1770145200,0.06599999999999995,0.1582123498361631
BTC,bitcoin-above-78k-on-february-6,78000.0,1770397260,1770147900,0.6511910277910237,2.886111111111111,74912.83,69659.02,5.292058277842855,-0.07271297440693283,0,2026-02-06,False,0.21000000000000002,1770149700,-0.21000000000000002,0.17480129811678458
BTC,bitcoin-above-74k-on-february-8,74000.0,1770570060,1770148800,0.639675505673202,4.875694444444444,74935.0,70545.46,5.3486620956989315,-0.06036374639252653,0,2026-02-08,False,0.59,1770149700,-0.59,-0.26713471771591024
BTC,bitcoin-above-74k-on-february-9,74000.0,1770656460,1770148800,0.620830028170631,5.875694444444444,74935.0,70270.91,5.028359677712411,-0.06426315592689635,0,2026-02-09,False,0.58,1770149700,-0.58,-0.256861737974649
SOL,solana-above-110-on-february-8,110.0,1770570060,1770148800,0.7639826337609587,4.875694444444444,99.02,86.49,2.1072179826108624,-0.13529304961485653,0,2026-02-08,False,0.08,1770162300,-0.08,0.20509194707068928
BTC,bitcoin-above-72k-on-february-9,72000.0,1770656460,1770148800,0.6606111392865234,5.875694444444444,74935.0,70270.91,4.330433640121713,-0.06426315592689635,0,2026-02-09,False,0.71,1770149700,-0.71,-0.4317126677537809
ETH,ethereum-above-2400-on-february-9,2400.0,1770656460,1770148800,0.8014298610510655,5.875694444444444,2205.28,2096.93,2.6568209754687793,-0.05038011462187314,0,2026-02-09,False,0.18000000000000002,1770149700,-0.18000000000000002,-0.0461490547260861
SOL,solana-above-100-on-february-8,100.0,1770570060,1770148800,0.8057178646868204,4.875694444444444,99.02,86.49,4.234647649172351,-0.13529304961485653,0,2026-02-08,False,0.43,1770160500,-0.43,0.14291839450091043
SOL,solana-above-100-on-february-10,100.0,1770742860,1770148800,0.7749086553980754,6.875694444444445,99.02,84.34,3.7113609667406253,-0.1604656016148631,0,2026-02-10,False,0.44,1770161400,-0.44,0.1555457703379543
SOL,solana-above-90-on-february-6,90.0,1770397260,1770148800,1.042011768811693,2.875694444444444,99.02,86.34,2.651681110244541,-0.1370288598059454,0,2026-02-06,False,0.855,1770160500,-0.855,-0.49164316089422716
BTC,bitcoin-above-76k-on-february-8,76000.0,1770570060,1770148800,0.6080338820345422,4.875694444444444,74935.0,70545.46,5.521042242059298,-0.06036374639252653,0,2026-02-08,False,0.42,1770149700,-0.42,-0.08672920627790642
SOL,solana-above-100-on-february-9,100.0,1770656460,1770149700,0.7832090944621699,5.865277777777778,98.5,86.38,3.9371818990838805,-0.13130038064548824,0,2026-02-09,False,0.41000000000000003,1770163200,-0.41000000000000003,0.1069534820202398
SOL,solana-above-100-on-february-7,100.0,1770483660,1770150600,0.8380420246701408,3.854861111111111,100.13,87.06,4.630377151141784,-0.13987180559555992,0,2026-02-07,False,0.5,1770156900,-0.5,0.14765921271862614
BTC,bitcoin-above-78k-on-february-7,78000.0,1770483660,1770151500,0.6124693713132773,3.8444444444444446,76388.64,68977.71,5.940988840055229,-0.10205058508816668,0,2026-02-07,False,0.35000000000000003,1770156900,-0.35000000000000003,0.2562813871299047
BTC,bitcoin-above-82k-on-february-10,82000.0,1770742860,1770151500,0.5397901745658334,6.844444444444445,76388.64,69432.0,3.2868251710378336,-0.0954861376754372,0,2026-02-10,False,0.13,1770159600,-0.13,0.183846240796811
BTC,bitcoin-above-82k-on-february-9,82000.0,1770656460,1770151500,0.5531477738723396,5.844444444444444,76388.64,70270.91,3.292141162497178,-0.08347607884731777,0,2026-02-09,False,0.12,1770156900,-0.12,0.15481503525711482
BTC,bitcoin-above-80k-on-february-7,80000.0,1770483660,1770151500,0.5985147462757062,3.8444444444444446,76388.64,68977.71,4.781082977894286,-0.10205058508816668,0,2026-02-07,False,0.19,1770156900,-0.19,0.29791231524918615
BTC,bitcoin-above-80k-on-february-8,80000.0,1770570060,1770151500,0.5741392676776406,4.844444444444444,76388.64,70545.46,4.615775492180281,-0.07957666931294799,0,2026-02-08,False,0.21000000000000002,1770156900,-0.21000000000000002,0.15730803996403991
BTC,bitcoin-above-80k-on-february-9,80000.0,1770656460,1770151500,0.5575547949288192,5.844444444444444,76388.64,70270.91,4.456692122075201,-0.08347607884731777,0,2026-02-09,False,0.23,1770156900,-0.23,0.1420271829805694
BTC,bitcoin-above-78k-on-february-8,78000.0,1770570060,1770151500,0.5880596885748332,4.844444444444444,76388.64,70545.46,5.554115751121039,-0.07957666931294799,0,2026-02-08,False,0.35000000000000003,1770156900,-0.35000000000000003,0.09197803245279457
BTC,bitcoin-above-78k-on-february-5,78000.0,1770310860,1770151500,0.6706072786990914,1.8444444444444443,76388.64,68102.04,7.522480111416983,-0.11482682536344813,0,2026-02-05,False,0.31,1770156900,-0.31,0.5537825100536897
XRP,xrp-above-1pt6-on-february-6,1.6,1770397260,1770151500,0.8223169434960306,2.844444444444444,1.6139,1.4838,5.47680878706051,-0.08404724528635114,0,2026-02-06,False,0.53,1770156000,-0.53,-0.06968930848748206
BTC,bitcoin-above-78k-on-february-9,78000.0,1770656460,1770152400,0.570473524500789,5.834027777777778,76475.52,70270.91,5.2723540511854186,-0.08461277445150185,0,2026-02-09,False,0.38,1770156900,-0.38,0.06610850416141384
ETH,ethereum-above-2500-on-february-7,2500.0,1770483660,1770152400,0.8148641069794822,3.8340277777777776,2299.46,2050.61,2.7729044783195027,-0.11453700289721719,0,2026-02-07,False,0.13,1770156900,-0.13,0.1876001682669874
ETH,ethereum-above-2300-on-february-9,2300.0,1770656460,1770152400,0.8203637786141568,5.834027777777778,2299.46,2096.93,3.8408709353027377,-0.09219994241853824,0,2026-02-09,False,0.49,1770156900,-0.49,-0.13587192092805045
ETH,ethereum-above-2500-on-february-9,2500.0,1770656460,1770152400,0.7757140647773381,5.834027777777778,2299.46,2096.93,2.709170485663703,-0.09219994241853824,0,2026-02-09,False,0.17,1770156900,-0.17,0.07978536278019666
ETH,ethereum-above-2500-on-february-8,2500.0,1770570060,1770153300,0.7915915500745521,4.823611111111111,2318.59,2085.63,2.9940140161244657,-0.10588827441386636,0,2026-02-08,False,0.18000000000000002,1770156000,-0.18000000000000002,0.13703097773834952
XRP,xrp-above-1pt6-on-february-7,1.6,1770483660,1770153300,0.8058618211176538,3.823611111111111,1.6269,1.4196,4.774603100985036,-0.13630122174278334,0,2026-02-07,False,0.55,1770155100,-0.55,0.10078423600114228
ETH,ethereum-above-2300-on-february-8,2300.0,1770570060,1770153300,0.8457377580944244,4.823611111111111,2318.59,2085.63,4.100915697032882,-0.10588827441386636,0,2026-02-08,False,0.53,1770155100,-0.53,-0.0957611133244502
SOL,solana-above-90-on-february-8,90.0,1770570060,1770153300,0.9303024063341353,4.823611111111111,101.34,86.49,2.1356013635860283,-0.15845239972934327,0,2026-02-08,False,0.87,1770154200,-0.87,-0.5316088390745362
ETH,ethereum-above-2300-on-february-5,2300.0,1770310860,1770156000,0.9107719398786615,1.792361111111111,2283.92,1990.87,6.188216445127423,-0.13732153578250256,0,2026-02-05,False,0.448,1770156900,-0.448,0.40177538599943613
XRP,xrp-above-1pt7-on-february-8,1.7,1770570060,1770156000,0.7691323435402044,4.792361111111111,1.6024,1.422,3.5057853199681084,-0.11943817398842237,0,2026-02-08,False,0.21000000000000002,1770160500,-0.21000000000000002,0.20872459701240786
XRP,xrp-above-1pt5-on-february-10,1.5,1770742860,1770163200,0.8247377675024785,6.709027777777777,1.5791,1.4155,3.2886906081561205,-0.10937223892064317,0,2026-02-10,False,0.66,1770231600,-0.66,-0.30030854506867355
XRP,xrp-above-1pt6-on-february-10,1.6,1770742860,1770163200,0.7668856196331184,6.709027777777777,1.5791,1.4155,3.776428481119939,-0.10937223892064317,0,2026-02-10,False,0.41000000000000003,1770231600,-0.41000000000000003,0.0030364381037715216
SOL,solana-above-90-on-february-5,90.0,1770310860,1770192900,0.7815201179189688,1.3652777777777778,97.43,85.24,2.190408783738005,-0.13366336420683356,0,2026-02-05,False,0.899,1770203700,-0.899,-0.6062225929773797
ETH,ethereum-above-2200-on-february-9,2200.0,1770656460,1770199200,0.7562180670907753,5.292361111111111,2260.65,2096.93,4.24298996681958,-0.07517801220953936,0,2026-02-09,False,0.63,1770203700,-0.63,-0.3110204484694846
ETH,ethereum-above-2200-on-february-6,2200.0,1770397260,1770199200,0.8470060729254617,2.292361111111111,2260.65,2031.04,5.546851452474136,-0.1071044054156898,0,2026-02-06,False,0.652,1770203700,-0.652,-0.05790777325360241
ETH,ethereum-above-2200-on-february-8,2200.0,1770570060,1770199200,0.7551369521780033,4.292361111111111,2260.65,2085.63,4.669554337897141,-0.08058141466812947,0,2026-02-08,False,0.65,1770203700,-0.65,-0.27372070558254774
XRP,xrp-above-1pt5-on-february-4,1.5,1770224460,1770204600,0.9909495447347318,0.2298611111111111,1.5877,1.5339,1.2130233933328192,-0.034472916329402435,1,2026-02-04,False,0.957,1770217200,0.04300000000000004,0.08481645394397014
ETH,ethereum-above-2300-on-february-6,2300.0,1770397260,1770207300,0.8263782958024606,2.198611111111111,2254.99,2031.04,5.8704209117569475,-0.10459756121904008,0,2026-02-06,False,0.358,1770208200,-0.358,0.2560317106990304
BTC,bitcoin-above-70k-on-february-8,70000.0,1770570060,1770212700,0.6859315216844457,4.136111111111111,75358.07,70545.46,3.401332004919168,-0.06599369483232574,1,2026-02-08,False,0.882,1770213600,0.118,0.34246646635605826
ETH,ethereum-above-2000-on-february-8,2000.0,1770570060,1770213600,0.9503275806160782,4.125694444444445,2198.63,2085.63,2.66517541303673,-0.052763471232852965,1,2026-02-08,False,0.84,1770218100,0.16000000000000003,0.30062390623627055
BTC,bitcoin-above-74k-on-february-6,74000.0,1770397260,1770216300,0.6465866989159594,2.0944444444444446,75212.01,69659.02,7.769681574866304,-0.07669872914372852,0,2026-02-06,False,0.609,1770217200,-0.609,-0.0130752973563113
BTC,bitcoin-above-70k-on-february-9,70000.0,1770656460,1770217200,0.6312537472823911,5.084027777777777,74359.53,70270.91,3.969733931951957,-0.056553927060730584,1,2026-02-09,False,0.799,1770220800,0.20099999999999996,0.4255040432381182
ETH,ethereum-above-2000-on-february-9,2000.0,1770656460,1770218100,0.9377953925936193,5.073611111111111,2178.47,2096.93,2.78875139673729,-0.038148425195111114,1,2026-02-09,False,0.79,1770219900,0.20999999999999996,0.31638647404619413
ETH,ethereum-above-2000-on-february-7,2000.0,1770483660,1770219000,1.0604830392156162,3.0631944444444446,2181.66,2050.61,2.870345769472643,-0.0619487450578832,1,2026-02-07,False,0.841,1770219900,0.15900000000000003,0.33681431830103437
BTC,bitcoin-above-76k-on-february-6,76000.0,1770397260,1770219000,0.6274182125507074,2.0631944444444446,74911.68,69659.02,8.01077687096461,-0.07269762311360933,0,2026-02-06,False,0.368,1770219900,-0.368,0.21436443781260395
SOL,solana-above-80-on-february-7,80.0,1770483660,1770219000,1.060354852829459,3.0631944444444446,93.46,87.06,1.2310284378709129,-0.07093600114812854,1,2026-02-07,False,0.932,1770226200,0.06799999999999995,0.15532423468218992
BTC,bitcoin-above-68k-on-february-9,68000.0,1770656460,1770223500,0.6974187702082448,5.011111111111111,73113.02,70270.91,3.4123891502139703,-0.03964854790068213,1,2026-02-09,False,0.837,1770226200,0.16300000000000003,0.29829627467802666
BTC,bitcoin-above-68k-on-february-8,68000.0,1770570060,1770223500,0.7411611779566049,4.011111111111111,73113.02,70545.46,3.442378083501589,-0.03574913836631226,1,2026-02-08,False,0.85,1770226200,0.15000000000000002,0.27306205041625914
SOL,solana-above-90-on-february-9,90.0,1770656460,1770224400,0.855407061910505,5.000694444444444,91.97,86.38,3.9298022763575604,-0.06270626938205116,0,2026-02-09,False,0.5700000000000001,1770226200,-0.5700000000000001,-0.32357675984052503
SOL,solana-above-90-on-february-10,90.0,1770742860,1770224400,0.8324010292618809,6.000694444444445,91.97,84.34,3.696317383731863,-0.08660618859619236,0,2026-02-10,False,0.56,1770226200,-0.56,-0.23987603955313402
BTC,bitcoin-above-72k-on-february-11,72000.0,1770829260,1770228900,0.6220358357955594,6.948611111111112,72858.9,66080.42,4.627236576170427,-0.09765220889456397,0,2026-02-11,False,0.56,1770241500,-0.56,-0.10814012725923855
BTC,bitcoin-above-76k-on-february-11,76000.0,1770829260,1770229800,0.5844167598380816,6.938194444444445,73416.02,66080.42,4.434309082350392,-0.10526968281212874,0,2026-02-11,False,0.32,1770233400,-0.32,0.14679831058996745
BTC,bitcoin-above-74k-on-february-11,74000.0,1770829260,1770229800,0.6036045992961976,6.938194444444445,73416.02,66080.42,4.7491525971059545,-0.10526968281212874,0,2026-02-11,False,0.46,1770240600,-0.46,0.03994178752374128
ETH,ethereum-above-2200-on-february-11,2200.0,1770829260,1770230700,0.8582383287698334,6.927777777777777,2168.32,1916.22,3.3187552761266126,-0.12359817865735094,0,2026-02-11,False,0.44,1770231600,-0.44,-0.029807892461276908
BTC,bitcoin-above-78k-on-february-11,78000.0,1770829260,1770230700,0.5713916990117168,6.927777777777777,74002.0,66080.42,3.9450271836205144,-0.11321963474124606,0,2026-02-11,False,0.22,1770231600,-0.22,0.2266545367738013
XRP,xrp-above-1pt5-on-february-5,1.5,1770310860,1770231600,1.0486916942641882,0.9173611111111111,1.5348,1.2754,6.97660641495717,-0.1851402244916259,0,2026-02-05,False,0.663,1770240600,-0.663,0.6286504778548878
XRP,xrp-above-1pt5-on-february-7,1.5,1770483660,1770233400,0.9003445190013974,2.8965277777777776,1.5291,1.4196,4.87606785756364,-0.07430418524176423,0,2026-02-07,False,0.5700000000000001,1770241500,-0.5700000000000001,-0.20768775066017897
BTC,bitcoin-above-74k-on-february-9,74000.0,1770656460,1770235200,0.5918471853953173,4.875694444444444,73923.29,70270.91,5.825048156714554,-0.050670018748690315,0,2026-02-09,False,0.5,1770236100,-0.5,-0.20484470068724958
ETH,ethereum-above-2300-on-february-11,2300.0,1770829260,1770235200,0.8254455364494832,6.875694444444445,2188.27,1916.22,3.1134751372155467,-0.13275678180812908,0,2026-02-11,False,0.3,1770236100,-0.3,0.11333493945635909
ETH,ethereum-above-2400-on-february-11,2400.0,1770829260,1770235200,0.8099486263306335,6.875694444444445,2188.27,1916.22,2.4228649615149354,-0.13275678180812908,0,2026-02-11,False,0.17,1770237000,-0.17,0.1516517550463993
SOL,solana-above-90-on-february-6,90.0,1770397260,1770235200,1.1181349072039588,1.8756944444444446,94.38,86.34,4.271995513009934,-0.08903619617090992,0,2026-02-06,False,0.707,1770237000,-0.707,-0.32663776946240053
ETH,ethereum-above-2100-on-february-11,2100.0,1770829260,1770235200,0.9001943685838109,6.875694444444445,2188.27,1916.22,3.112133240810743,-0.13275678180812908,0,2026-02-11,False,0.63,1770239700,-0.63,-0.21684320639186255
BTC,bitcoin-above-72k-on-february-9,72000.0,1770656460,1770235200,0.6274035757356713,4.875694444444444,73923.29,70270.91,5.2147221650928275,-0.050670018748690315,0,2026-02-09,False,0.65,1770236100,-0.65,-0.3857699301255355
BTC,bitcoin-above-76k-on-february-7,76000.0,1770483660,1770235200,0.6329883277266769,2.875694444444444,73923.29,68977.71,6.198704187643371,-0.06924452498953926,0,2026-02-07,False,0.28,1770236100,-0.28,0.14922632702403305
XRP,xrp-above-1pt7-on-february-9,1.7,1770656460,1770235200,0.8134983413857203,4.875694444444444,1.5547,1.4528,2.5805697962984655,-0.0677898721086661,0,2026-02-09,False,0.12,1770241500,-0.12,0.054936496458559525
BTC,bitcoin-above-76k-on-february-8,76000.0,1770570060,1770235200,0.5672105867115045,3.8756944444444446,73923.29,70545.46,6.013744670889047,-0.0467706092143205,0,2026-02-08,False,0.31,1770236100,-0.31,-0.02873349808314596
SOL,solana-above-100-on-february-8,100.0,1770570060,1770235200,0.8674582174920253,3.8756944444444446,94.38,86.49,3.51331218706331,-0.08730038597982097,0,2026-02-08,False,0.21000000000000002,1770239700,-0.21000000000000002,0.09671350999823591
BTC,bitcoin-above-74k-on-february-7,74000.0,1770483660,1770235200,0.6687429586427014,2.875694444444444,73923.29,68977.71,6.713409193169779,-0.06924452498953926,0,2026-02-07,False,0.49,1770236100,-0.49,-0.025133169358552643
BTC,bitcoin-above-74k-on-february-8,74000.0,1770570060,1770235200,0.5957345870793739,3.8756944444444446,73923.29,70545.46,6.49138159955998,-0.0467706092143205,0,2026-02-08,False,0.5,1770236100,-0.5,-0.19639412794594946
BTC,bitcoin-above-72k-on-february-7,72000.0,1770483660,1770236100,0.7054014917530227,2.8652777777777776,73535.6,68977.71,6.090446880860493,-0.06398623376966257,0,2026-02-07,False,0.66,1770240600,-0.66,-0.27029524211954825
ETH,ethereum-above-2100-on-february-8,2100.0,1770570060,1770236100,0.9256399992323661,3.8652777777777776,2166.7,2085.63,4.026457445755716,-0.03813430484699568,0,2026-02-08,False,0.65,1770240600,-0.65,-0.496453844310096
ETH,ethereum-above-2100-on-february-7,2100.0,1770483660,1770236100,1.0167210016922819,2.8652777777777776,2166.7,2050.61,4.2311488831951305,-0.055067962867084486,0,2026-02-07,False,0.66,1770240600,-0.66,-0.42699925041510456
ETH,ethereum-above-2200-on-february-10,2200.0,1770742860,1770237000,0.8499336064058923,5.854861111111111,2171.2,2023.6,3.648956821259095,-0.0704019066628236,0,2026-02-10,False,0.44,1770240600,-0.44,-0.18310648245304367
BTC,bitcoin-above-72k-on-february-8,72000.0,1770570060,1770237000,0.6276798736205085,3.854861111111111,73589.27,70545.46,5.901362856932974,-0.04224190235880964,0,2026-02-08,False,0.65,1770240600,-0.65,-0.4007152064135314
ETH,ethereum-above-2100-on-february-10,2100.0,1770742860,1770237000,0.8980533825608163,5.854861111111111,2171.2,2023.6,3.410934335747372,-0.0704019066628236,0,2026-02-10,False,0.62,1770240600,-0.62,-0.37986371926169327
XRP,xrp-above-1pt6-on-february-8,1.6,1770570060,1770237900,0.8291020931737378,3.8444444444444446,1.5398,1.422,4.151443996650742,-0.07958820648076309,0,2026-02-08,False,0.28,1770240600,-0.28,0.05040598199876356
BTC,bitcoin-above-74k-on-february-10,74000.0,1770742860,1770237900,0.5763158967116729,5.844444444444444,73649.3,69432.0,5.442301658479455,-0.058966782108765325,0,2026-02-10,False,0.48,1770238800,-0.48,-0.15908498393426984
BTC,bitcoin-above-72k-on-february-10,72000.0,1770742860,1770239700,0.6012445758982419,5.823611111111111,73569.13,69432.0,5.096571325134431,-0.05787765205996872,0,2026-02-10,False,0.63,1770240600,-0.63,-0.3350224181450557
XRP,xrp-above-1pt5-on-february-8,1.5,1770570060,1770239700,0.8730438440188438,3.823611111111111,1.5294,1.422,4.398642552197846,-0.07281117024693874,0,2026-02-08,False,0.5700000000000001,1770241500,-0.5700000000000001,-0.24972968827649356
XRP,xrp-above-1pt6-on-february-9,1.6,1770656460,1770239700,0.8136480320077659,4.823611111111111,1.5294,1.4528,3.7077655481244935,-0.05138277276309586,0,2026-02-09,False,0.28,1770242400,-0.28,-0.08948472538188362
BTC,bitcoin-above-70k-on-february-10,70000.0,1770742860,1770239700,0.6434684502445154,5.823611111111111,73569.13,69432.0,4.169484153475987,-0.05787765205996872,0,2026-02-10,False,0.76,1770240600,-0.76,-0.5186800468955636
SOL,solana-above-90-on-february-8,90.0,1770570060,1770239700,0.9221943000044265,3.823611111111111,92.76,86.49,4.072245279652639,-0.06998671206891052,0,2026-02-08,False,0.62,1770240600,-0.62,-0.3349969421389707
ETH,ethereum-above-2300-on-february-7,2300.0,1770483660,1770239700,0.8812509321669553,2.823611111111111,2163.74,2050.61,3.6572957603111518,-0.05370089602815424,0,2026-02-07,False,0.2,1770241500,-0.2,-0.0035999406313215465
XRP,xrp-above-1pt4-on-february-7,1.4,1770483660,1770240600,1.071051416429616,2.8131944444444446,1.5214,1.4196,2.9880168703712875,-0.06925582179085951,1,2026-02-07,False,0.84,1770246900,0.16000000000000003,0.3669375638825157
XRP,xrp-above-1pt6-on-february-5,1.6,1770310860,1770241500,0.9587766440440236,0.8027777777777778,1.514,1.2754,4.05599961363463,-0.17149530011622274,0,2026-02-05,False,0.08,1770243300,-0.08,0.6155848710115545
BTC,bitcoin-above-70k-on-february-7,70000.0,1770483660,1770241500,0.7325720645660173,2.8027777777777776,72639.97,68977.71,5.358103054455737,-0.05173191236814366,0,2026-02-07,False,0.746,1770243300,-0.746,-0.468815082327413
XRP,xrp-above-1pt7-on-february-8,1.7,1770570060,1770242400,0.828854359728014,3.7923611111111115,1.5177,1.422,1.8099835183881696,-0.06513169960281397,0,2026-02-08,False,0.04,1770283800,-0.04,0.07788730280570258
XRP,xrp-above-1pt4-on-february-6,1.4,1770397260,1770243300,1.253415510821771,1.7819444444444446,1.5058,1.4838,3.339307522763506,-0.01471795366059641,1,2026-02-06,False,0.809,1770276600,0.19099999999999995,0.24014777337851423
XRP,xrp-above-1pt5-on-february-6,1.5,1770397260,1770243300,0.9975392573653145,1.7819444444444446,1.5058,1.4838,5.722528890347047,-0.01471795366059641,0,2026-02-06,False,0.499,1770276600,-0.499,-0.41477608497044793
ETH,ethereum-above-2300-on-february-8,2300.0,1770570060,1770244200,0.8144541899057639,3.771527777777778,2163.67,2085.63,3.5563691592622955,-0.03673488609317605,0,2026-02-08,False,0.21000000000000002,1770246000,-0.21000000000000002,-0.07935718402921532
XRP,xrp-above-1pt6-on-february-6,1.6,1770397260,1770244200,0.9474932941176013,1.7715277777777778,1.5423,1.4838,5.080010543825008,-0.03866844397414309,0,2026-02-06,False,0.24000000000000002,1770245100,-0.24000000000000002,-0.043563896898046545
XRP,xrp-above-1pt3-on-february-6,1.3,1770397260,1770244200,1.289224103420194,1.7715277777777778,1.5423,1.4838,0.7905761909768788,-0.03866844397414309,1,2026-02-06,False,0.934,1770276600,0.06599999999999995,0.09657035114808084
ETH,ethereum-above-2200-on-february-7,2200.0,1770483660,1770246900,0.9213143181347294,2.7402777777777776,2133.51,2050.61,4.5671926709122985,-0.03963120090531096,0,2026-02-07,False,0.34,1770257700,-0.34,-0.15899666968581094
SOL,solana-above-90-on-february-7,90.0,1770483660,1770250500,0.9793623098079988,2.698611111111111,91.9,87.06,4.6379916801943315,-0.05410349323748996,0,2026-02-07,False,0.58,1770260400,-0.58,-0.3290684484950712
ETH,ethereum-above-1900-on-february-11,1900.0,1770829260,1770270300,1.0002255985799746,6.469444444444444,2119.27,1916.22,2.2553053095716193,-0.10071719425874111,1,2026-02-11,False,0.81,1770273000,0.18999999999999995,0.417148022976895
XRP,xrp-above-1pt2-on-february-7,1.2,1770483660,1770277500,1.0672828676753787,2.386111111111111,1.4424,1.4196,0.5216237489854859,-0.015933251116766096,1,2026-02-07,False,0.9420000000000001,1770291000,0.05799999999999994,0.06631116218105465
XRP,xrp-above-1pt3-on-february-5,1.3,1770310860,1770278400,0.9856356780381007,0.3756944444444445,1.4323,1.2754,0.12082031304151182,-0.11602168890464803,0,2026-02-05,False,0.97,1770289200,-0.97,-0.9559822232269355
SOL,solana-above-90-on-february-5,90.0,1770310860,1770279300,1.1972898705621982,0.36527777777777776,91.14,85.24,10.028116350514248,-0.0669259786053202,0,2026-02-05,False,0.614,1770289200,-0.614,0.05714150032617815
XRP,xrp-above-1pt3-on-february-7,1.3,1770483660,1770279300,0.9879565073241804,2.365277777777778,1.4346,1.4196,2.444501581830604,-0.010510922919992711,1,2026-02-07,False,0.841,1770289200,0.15900000000000003,0.18469396770442176
XRP,xrp-above-1pt6-on-february-10,1.6,1770742860,1770282000,0.8202988952374688,5.334027777777778,1.4279,1.4155,1.964898672454482,-0.00872200788429523,0,2026-02-10,False,0.09999999999999999,1770289200,-0.09999999999999999,-0.08286213828701078
XRP,xrp-above-1pt4-on-february-10,1.4,1770742860,1770282000,0.9275770020572018,5.334027777777778,1.4279,1.4155,3.5322926386644315,-0.00872200788429523,1,2026-02-10,False,0.55,1770285600,0.44999999999999996,0.48080868424406914
XRP,xrp-above-1pt5-on-february-10,1.5,1770742860,1770282000,0.8692257822368908,5.334027777777778,1.4279,1.4155,3.314194040800273,-0.00872200788429523,0,2026-02-10,False,0.28,1770285600,-0.28,-0.25109357344605576
XRP,xrp-above-1pt6-on-february-11,1.6,1770829260,1770282000,0.8202988952374688,6.334027777777777,1.4279,1.3474,2.0002128029510673,-0.05802802390969008,0,2026-02-11,False,0.11,1770291000,-0.11,0.006068396354112743
XRP,xrp-above-1pt3-on-february-10,1.3,1770742860,1770282000,0.9972157058971637,5.334027777777778,1.4279,1.4155,2.5570929366012085,-0.00872200788429523,1,2026-02-10,False,0.775,1770286500,0.22499999999999998,0.24730298475391135
SOL,solana-above-100-on-february-10,100.0,1770742860,1770282900,0.8934980803453074,5.323611111111111,92.9,84.34,2.818949019059587,-0.09666739750137901,0,2026-02-10,False,0.21000000000000002,1770285600,-0.21000000000000002,0.06250046536155551
SOL,solana-above-80-on-february-8,80.0,1770570060,1770282900,1.0724441956771216,3.3236111111111115,92.9,86.49,1.4433600660357961,-0.0714948455013724,1,2026-02-08,False,0.902,1770297300,0.09799999999999998,0.20119280492407987
SOL,solana-above-100-on-february-11,100.0,1770829260,1770285600,0.8808341771707795,6.29236111111111,92.5,78.69,2.6389157190710555,-0.16169256197148757,0,2026-02-11,False,0.21000000000000002,1770288300,-0.21000000000000002,0.21669304344342932
XRP,xrp-above-1pt4-on-february-11,1.4,1770829260,1770285600,0.9230347359890352,6.29236111111111,1.414,1.3474,3.29102512640301,-0.04824575792995859,0,2026-02-11,False,0.52,1770289200,-0.52,-0.361221998410149
XRP,xrp-above-1pt5-on-february-11,1.5,1770829260,1770286500,0.8691293674084843,6.281944444444445,1.4063,1.3474,2.882167430822757,-0.04278533234964274,0,2026-02-11,False,0.25,1770289200,-0.25,-0.12668550858493238
XRP,xrp-above-1pt5-on-february-9,1.5,1770656460,1770286500,0.8691293674084843,4.281944444444445,1.4063,1.4528,3.2412432651845133,0.032530586970826836,0,2026-02-09,False,0.21000000000000002,1770289200,-0.21000000000000002,-0.3154395459316916
ETH,ethereum-above-2200-on-february-9,2200.0,1770656460,1770286500,0.8076708090374211,4.281944444444445,2131.49,2096.93,4.200659304489597,-0.01634689533821885,0,2026-02-09,False,0.35000000000000003,1770289200,-0.35000000000000003,-0.28133226199799344
ETH,ethereum-above-2200-on-february-6,2200.0,1770397260,1770287400,0.9984053068372758,1.2715277777777778,2139.01,2031.04,5.954792681487272,-0.05179512803518623,0,2026-02-06,False,0.3,1770288300,-0.3,0.008429249360623225
BTC,bitcoin-above-66k-on-february-10,66000.0,1770742860,1770289200,0.6962378013748854,5.250694444444445,70858.13,69432.0,3.4446801469593074,-0.020331852682241757,1,2026-02-10,False,0.826,1770291000,0.17400000000000004,0.24403672928541958
ETH,ethereum-above-2000-on-february-10,2000.0,1770742860,1770290100,0.9245360184936665,5.240277777777777,2087.73,2023.6,3.4080032799908055,-0.031199247878617383,1,2026-02-10,False,0.68,1770291000,0.31999999999999995,0.42632713910357417
BTC,bitcoin-above-66k-on-february-11,66000.0,1770829260,1770291000,0.6837826279413535,6.229861111111111,70065.4,66080.42,3.6747207375868736,-0.058556606465671984,1,2026-02-11,False,0.76,1770294600,0.24,0.45517917610211844
XRP,xrp-above-1pt4-on-february-9,1.4,1770656460,1770291000,0.9772959675805808,4.229861111111111,1.3469,1.4528,3.4716682138698807,0.07568707324225972,1,2026-02-09,False,0.32,1770304500,0.6799999999999999,0.4172395936240053
BTC,bitcoin-above-64k-on-february-11,64000.0,1770829260,1770295500,0.7526293949540878,6.177777777777778,69327.77,66080.42,3.0344749685828796,-0.047973062304433926,1,2026-02-11,False,0.79,1770304500,0.20999999999999996,0.35557305672907163
XRP,xrp-above-1pt4-on-february-8,1.4,1770570060,1770295500,1.0498116271007933,3.1777777777777776,1.3627,1.422,3.8636300798245804,0.04259630560741096,1,2026-02-08,False,0.337,1770304500,0.663,0.49842363236580656
SOL,solana-above-80-on-february-10,80.0,1770742860,1770297300,1.0748497066527352,5.156944444444444,89.14,84.34,2.298402162343536,-0.05535191919999597,1,2026-02-10,False,0.795,1770304500,0.20499999999999996,0.33222097077913537
BTC,bitcoin-above-70k-on-february-8,70000.0,1770570060,1770299100,0.7023224536893057,3.1361111111111106,69434.09,70545.46,6.052788395592488,0.015879367421357298,1,2026-02-08,False,0.452,1770304500,0.548,0.45188554914265916
ETH,ethereum-above-2000-on-february-8,2000.0,1770570060,1770300000,1.0539143442344512,3.1256944444444446,2058.64,2085.63,3.9670871202232645,0.013025397280934629,1,2026-02-08,False,0.63,1770304500,0.37,0.3183271142110131
ETH,ethereum-above-1800-on-february-10,1800.0,1770742860,1770302700,1.1998763252300726,5.094444444444445,2086.35,2023.6,1.7571968375389146,-0.03053802430346778,1,2026-02-10,False,0.869,1770303600,0.131,0.1846613197307401
ETH,ethereum-above-1800-on-february-8,1800.0,1770570060,1770304500,1.2639590794769924,3.073611111111111,1997.36,2085.63,2.419054875413032,0.043244659290999035,1,2026-02-08,False,0.831,1770305400,0.16900000000000004,0.06438879610653335
ETH,ethereum-above-1700-on-february-10,1700.0,1770742860,1770305400,1.2637774259799903,5.063194444444445,1933.74,2023.6,1.9601002718657121,0.0454221518431653,1,2026-02-10,False,0.806,1770317100,0.19399999999999995,0.10496802782348598
ETH,ethereum-above-1800-on-february-11,1800.0,1770829260,1770306300,1.1508680822514845,6.052777777777777,1964.83,1916.22,2.354984357750047,-0.025051232079724407,1,2026-02-11,False,0.72,1770308100,0.28,0.3389952596901172
ETH,ethereum-above-2000-on-february-9,2000.0,1770656460,1770306300,1.0286767764607134,4.052777777777778,1964.83,2096.93,3.5941285570864374,0.06506864275835661,1,2026-02-09,False,0.43,1770316200,0.5700000000000001,0.33613493289133495
SOL,solana-above-80-on-february-7,80.0,1770483660,1770306300,1.2458118639086277,2.0527777777777776,85.45,87.06,3.4373039164145314,0.018666126562551517,1,2026-02-07,False,0.716,1770308100,0.28400000000000003,0.2198388500622524
ETH,ethereum-above-2000-on-february-7,2000.0,1770483660,1770307200,1.2637174225207868,2.042361111111111,1961.12,2050.61,4.085328636568483,0.04462157125272188,1,2026-02-07,False,0.41300000000000003,1770316200,0.587,0.40470621715257427
ETH,ethereum-above-1700-on-february-11,1700.0,1770829260,1770308100,1.27356386378356,6.031944444444444,1952.48,1916.22,1.8200549463286348,-0.01874586389735479,1,2026-02-11,False,0.812,1770321600,0.18799999999999994,0.2221185023095839
ETH,ethereum-above-1900-on-february-10,1900.0,1770742860,1770309900,1.1438646343466443,5.011111111111111,1975.19,2023.6,2.9037492178506703,0.024213507178079886,1,2026-02-10,False,0.615,1770316200,0.385,0.31469004747022894
BTC,bitcoin-above-68k-on-february-8,68000.0,1770570060,1770309900,0.8928106119313232,3.0111111111111115,67873.52,70545.46,4.909735044472364,0.038611351476274924,1,2026-02-08,False,0.49,1770311700,0.51,0.3204284945424932
BTC,bitcoin-above-68k-on-february-9,68000.0,1770656460,1770309900,0.8538929889730709,4.011111111111111,67873.52,70270.91,4.447208787345561,0.03471194194190502,1,2026-02-09,False,0.492,1770311700,0.508,0.35362874677013106
ETH,ethereum-above-1900-on-february-8,1900.0,1770570060,1770309900,1.2713539767399729,3.0111111111111115,1975.19,2085.63,3.323539014481799,0.05440637162596453,1,2026-02-08,False,0.626,1770316200,0.374,0.19317830126471133
ETH,ethereum-above-1900-on-february-9,1900.0,1770656460,1770310800,1.1956262551782442,4.000694444444445,1998.68,2096.93,3.006132057010234,0.047987407678052825,1,2026-02-09,False,0.675,1770311700,0.32499999999999996,0.18074351544618633
BTC,bitcoin-above-70k-on-february-9,70000.0,1770656460,1770310800,0.8202776282746015,4.000694444444445,68295.15,70270.91,4.399197961479769,0.028519161363567823,1,2026-02-09,False,0.376,1770311700,0.624,0.49853856346627984
ETH,ethereum-above-2000-on-february-12,2000.0,1770915660,1770313500,1.0454817353691979,6.969444444444444,1973.53,1905.49,2.7243815303019043,-0.03508462407242926,0,2026-02-12,False,0.45,1770315300,-0.45,-0.35441609817948816
SOL,solana-above-90-on-february-9,90.0,1770656460,1770313500,1.007175183536026,3.9694444444444446,83.61,86.38,2.859135378856212,0.0325930373705884,0,2026-02-09,False,0.21000000000000002,1770316200,-0.21000000000000002,-0.30318790625063197
BTC,bitcoin-above-60k-on-february-12,60000.0,1770915660,1770313500,0.943547859462584,6.969444444444444,67109.93,65712.79,2.2330032796830697,-0.021038441806747434,1,2026-02-12,False,0.83,1770315300,0.17000000000000004,0.21697890955388846
BTC,bitcoin-above-68k-on-february-10,68000.0,1770742860,1770314400,0.7905406078496445,4.959027777777778,66181.69,69432.0,4.086017805457578,0.04794401775869059,1,2026-02-10,False,0.38,1770321600,0.62,0.42409988977281593
ETH,ethereum-above-1700-on-february-12,1700.0,1770915660,1770316200,1.228332564006973,6.938194444444445,1936.8,1905.49,1.8625915614114124,-0.016297933290117424,1,2026-02-12,False,0.79,1770323400,0.20999999999999996,0.2403563930146188
ETH,ethereum-above-1900-on-february-12,1900.0,1770915660,1770316200,1.079235297181771,6.938194444444445,1936.8,1905.49,2.677142982277055,-0.016297933290117424,1,2026-02-12,False,0.54,1770322500,0.45999999999999996,0.5036318977332574
SOL,solana-above-80-on-february-9,80.0,1770656460,1770316200,1.1061223470864652,3.938194444444444,82.01,86.38,3.428844180916802,0.05191497648423509,1,2026-02-09,False,0.534,1770323400,0.46599999999999997,0.28799163497959784
BTC,bitcoin-above-58k-on-february-12,58000.0,1770915660,1770317100,0.9834421216664684,6.927777777777777,65766.86,65712.79,2.0345885846891307,-0.0008224847426672939,1,2026-02-12,False,0.83,1770321600,0.17000000000000004,0.17167341806851188
SOL,solana-above-60-on-february-12,60.0,1770915660,1770317100,1.2316985054864507,6.927777777777777,81.47,78.11,0.5376345908812199,-0.04211676470034443,1,2026-02-12,False,0.93,1770324300,0.06999999999999995,0.09264342955891024
XRP,xrp-above-1pt1-on-february-10,1.1,1770742860,1770318000,1.2529447043410462,4.917361111111111,1.2612,1.4155,1.882756739189986,0.11541917688104851,1,2026-02-10,False,0.786,1770321600,0.21399999999999997,-0.003306233104555134
XRP,xrp-above-1pt2-on-february-8,1.2,1770570060,1770318000,1.2808703326869195,2.917361111111111,1.2612,1.422,3.2446884810610377,0.12000068269228024,1,2026-02-08,False,0.627,1770319800,0.373,-0.01636483285110235
BTC,bitcoin-above-62k-on-february-12,62000.0,1770915660,1770318000,0.9023206491979968,6.91736111111111,66347.0,65712.79,2.8574578466527014,-0.009604965686610218,1,2026-02-12,False,0.68,1770323400,0.31999999999999995,0.34744578456803427
SOL,solana-above-70-on-february-10,70.0,1770742860,1770318900,1.2706218162931882,4.906944444444445,82.59,84.34,1.5620439411784661,0.020967640495788115,1,2026-02-10,False,0.843,1770326100,0.15700000000000003,0.12424762420274596
BTC,bitcoin-above-68k-on-february-12,68000.0,1770915660,1770318900,0.8135730194016264,6.906944444444445,66300.03,65712.79,3.4255247327225344,-0.008896770381172698,0,2026-02-12,False,0.38,1770324300,-0.38,-0.3495238930179396
ETH,ethereum-above-1800-on-february-12,1800.0,1770915660,1770319800,1.1701007982559315,6.896527777777778,1937.79,1905.49,2.3091964800867637,-0.01680895511257836,1,2026-02-12,False,0.68,1770322500,0.31999999999999995,0.3588151799799023
SOL,solana-above-70-on-february-11,70.0,1770829260,1770319800,1.200997716345592,5.896527777777778,82.18,78.69,1.6254591897149968,-0.04339588090837176,1,2026-02-11,False,0.85,1770322500,0.15000000000000002,0.22053823341829049
ETH,ethereum-above-2000-on-february-11,2000.0,1770829260,1770320700,1.077527687704557,5.886111111111111,1933.63,1916.22,2.7743442252361996,-0.009044569884106058,0,2026-02-11,False,0.39,1770323400,-0.39,-0.3649072497722851
BTC,bitcoin-above-64k-on-february-12,64000.0,1770915660,1770320700,0.8709139788241692,6.886111111111111,65806.59,65712.79,3.2855135412805003,-0.001426405992851489,1,2026-02-12,False,0.59,1770321600,0.41000000000000003,0.41468647620487725
XRP,xrp-above-1pt2-on-february-10,1.2,1770742860,1770320700,1.1357860978537355,4.886111111111111,1.2245,1.4155,3.024078574621603,0.14495022815973194,1,2026-02-10,False,0.51,1770323400,0.49,0.05165912063564171
XRP,xrp-above-1pt2-on-february-9,1.2,1770656460,1770321600,1.2071552732420103,3.8756944444444446,1.2135,1.4528,3.2059113490657505,0.17998398268037286,1,2026-02-09,False,0.52,1770322500,0.48,-0.09701269272506086
SOL,solana-above-70-on-february-12,70.0,1770915660,1770321600,1.1484837863892243,6.875694444444445,81.68,78.11,1.6878124651756563,-0.0446910842342043,1,2026-02-12,False,0.8,1770324300,0.19999999999999996,0.27543016905270523
ETH,ethereum-above-2100-on-february-8,2100.0,1770570060,1770322500,1.1268085919859052,2.8652777777777776,1922.55,2085.63,2.5828847030915965,0.08141853802172296,0,2026-02-08,False,0.17,1770323400,-0.17,-0.38029469640438973
ETH,ethereum-above-2100-on-february-7,2100.0,1770483660,1770322500,1.2405366344161972,1.8652777777777778,1922.55,2050.61,2.6198102921674256,0.06448488000163413,0,2026-02-07,False,0.13,1770323400,-0.13,-0.29893815231746246
ETH,ethereum-above-1600-on-february-12,1600.0,1770915660,1770324300,1.3188247285961916,6.844444444444445,1867.54,1905.49,1.6475406374468193,0.020117136546771733,1,2026-02-12,False,0.81,1770328800,0.18999999999999995,0.15685620003012693
SOL,solana-above-80-on-february-12,80.0,1770915660,1770326100,1.0861030513579768,6.823611111111111,79.35,78.11,2.6641229854774653,-0.015750357350212088,0,2026-02-12,False,0.43,1770337800,-0.43,-0.38803911095381605
XRP,xrp-above-1pt1-on-february-8,1.1,1770570060,1770326100,1.371222033784863,2.823611111111111,1.1716,1.422,2.972241671173027,0.19369399540960777,1,2026-02-08,False,0.659,1770336900,0.34099999999999997,-0.2347053646124332
SOL,solana-above-80-on-february-11,80.0,1770829260,1770326100,1.1083022867868901,5.823611111111111,79.35,78.69,2.8263711810305296,-0.008352364425526074,0,2026-02-11,False,0.43,1770337800,-0.43,-0.4063931178942285
BTC,bitcoin-above-66k-on-february-12,66000.0,1770915660,1770327000,0.93702698936886,6.813194444444444,63969.92,65712.79,2.9718253512563866,0.02688060642417759,0,2026-02-12,False,0.4,1770328800,-0.4,-0.4798844676285163
SOL,solana-above-70-on-february-6,70.0,1770397260,1770328800,1.6089051683933902,0.7923611111111111,79.0,86.34,1.5371097722819034,0.08884513766030996,1,2026-02-06,False,0.891,1770336900,0.10899999999999999,-0.027564729317393427
ETH,ethereum-above-2100-on-february-12,2100.0,1770915660,1770332400,1.0964748946644816,6.750694444444444,1870.79,1905.49,1.8647917704150456,0.018378391803107068,0,2026-02-12,False,0.19,1770335100,-0.19,-0.2242718737878974
ETH,ethereum-above-2200-on-february-12,2200.0,1770915660,1770333300,1.0752855683467146,6.740277777777778,1900.22,1905.49,1.531053835012387,0.0027695244085987965,0,2026-02-12,False,0.12,1770335100,-0.12,-0.1242402909669456
BTC,bitcoin-above-72k-on-february-8,72000.0,1770570060,1770333300,0.9922569255918319,2.7402777777777776,64581.12,70545.46,1.9730230920323346,0.08833521669409108,0,2026-02-08,False,0.06999999999999999,1770335100,-0.06999999999999999,-0.24428742237712187
ETH,ethereum-above-2100-on-february-9,2100.0,1770656460,1770333300,1.1828984808506817,3.740277777777778,1900.22,2096.93,2.2326784151014847,0.09850470139912332,0,2026-02-09,False,0.18000000000000002,1770335100,-0.18000000000000002,-0.39992932059983965
BTC,bitcoin-above-74k-on-february-12,74000.0,1770915660,1770333300,0.8769362304884117,6.740277777777778,64581.12,65712.79,1.625548337183817,0.01737147128888778,0,2026-02-12,False,0.09,1770335100,-0.09,-0.11823816626808795
BTC,bitcoin-above-70k-on-february-12,70000.0,1770915660,1770334200,0.8838156301434855,6.729861111111111,64409.83,65712.79,2.5026318041098676,0.020027318085630463,0,2026-02-12,False,0.22,1770335100,-0.22,-0.27012100319212357
ETH,ethereum-above-2200-on-february-10,2200.0,1770742860,1770334200,1.10515570264815,4.729861111111111,1881.83,2023.6,1.3540334508929652,0.07263339578917467,0,2026-02-10,False,0.08,1770335100,-0.08,-0.17834804755049077
SOL,solana-above-80-on-february-6,80.0,1770397260,1770335100,1.5505796190493255,0.7194444444444444,78.83,86.34,5.619030576311221,0.09099935505551468,1,2026-02-06,False,0.395,1770336900,0.605,0.09367184151846186
SOL,solana-above-70-on-february-8,70.0,1770570060,1770336000,1.5152949866177705,2.7090277777777776,78.35,86.49,2.2227164443403646,0.09884283151639069,1,2026-02-08,False,0.762,1770336900,0.238,0.01830041298335436
BTC,bitcoin-above-70k-on-february-11,70000.0,1770829260,1770342300,0.8682071968488075,5.636111111111111,64731.0,66080.42,2.7294269973176735,0.02063226389936942,0,2026-02-11,False,0.2,1770350400,-0.2,-0.25631425810272174
ETH,ethereum-above-2200-on-february-11,2200.0,1770829260,1770342300,1.059483689233404,5.636111111111111,1921.16,1916.22,1.663375884902964,-0.002574674767115907,0,2026-02-11,False,0.12,1770347700,-0.12,-0.11571734808091125
BTC,bitcoin-above-72k-on-february-12,72000.0,1770915660,1770343200,0.8332664927408473,6.625694444444445,65714.96,65712.79,2.434459687678632,-3.302194552081036e-05,0,2026-02-12,False,0.17,1770344100,-0.17,-0.16991960940482087
BTC,bitcoin-above-72k-on-february-9,72000.0,1770656460,1770343200,0.9048863903520092,3.625694444444444,65714.96,70270.91,2.5278877909096567,0.06703131392531272,0,2026-02-09,False,0.13,1770344100,-0.13,-0.29944764008043046
BTC,bitcoin-above-74k-on-february-10,74000.0,1770742860,1770343200,0.8595066005358697,4.625694444444445,65714.96,69432.0,1.8277696911690096,0.05502125509719332,0,2026-02-10,False,0.08,1770346800,-0.08,-0.18056618243672834
SOL,solana-above-70-on-february-7,70.0,1770483660,1770345000,1.303567062967396,1.604861111111111,77.31,87.06,2.503966213912564,0.11877422279176801,1,2026-02-07,False,0.758,1770346800,0.242,-0.05540664095431069
ETH,ethereum-above-2100-on-february-10,2100.0,1770742860,1770345900,1.079857899307372,4.594444444444445,1919.09,2023.6,2.383168402769521,0.053026988083039975,0,2026-02-10,False,0.21000000000000002,1770346800,-0.21000000000000002,-0.3363722424935368
ETH,ethereum-above-2000-on-february-8,2000.0,1770570060,1770390000,0.9586001247328338,2.084027777777778,1978.88,2085.63,5.416424492362349,0.052539939786772495,1,2026-02-08,False,0.43,1770390900,0.5700000000000001,0.28542138331168243
ETH,ethereum-above-2000-on-february-9,2000.0,1770656460,1770392700,0.9302440548234121,3.0527777777777776,1987.86,2096.93,4.658915166372136,0.053415687122730794,1,2026-02-09,False,0.48,1770393600,0.52,0.2711408451417207
BTC,bitcoin-above-70k-on-february-9,70000.0,1770656460,1770397200,0.7288400889660553,3.000694444444444,69954.01,70270.91,6.031316131304916,0.004519889039781858,1,2026-02-09,False,0.49,1770402600,0.51,0.4827391203226554
BTC,bitcoin-above-68k-on-february-9,68000.0,1770656460,1770397200,0.7750029106020662,3.000694444444444,69954.01,70270.91,5.305549557801714,0.004519889039781858,1,2026-02-09,False,0.674,1770402600,0.32599999999999996,0.3020195047036725
BTC,bitcoin-above-68k-on-february-10,68000.0,1770742860,1770401700,0.7192318571942273,3.9486111111111115,70053.52,69432.0,4.997754055931736,-0.008911665000148474,1,2026-02-10,False,0.66,1770402600,0.33999999999999997,0.3845383098995969
BTC,bitcoin-above-62k-on-february-12,62000.0,1770915660,1770408900,0.8235601820530492,5.865277777777778,70510.69,65712.79,1.9050553200301348,-0.07047075022981797,1,2026-02-12,False,0.91,1770423300,0.08999999999999997,0.22425067763182954
ETH,ethereum-above-2100-on-february-7,2100.0,1770483660,1770413400,0.7500265729616674,0.8131944444444444,2057.46,2050.61,9.436380150737335,-0.003334902447409199,0,2026-02-07,False,0.26,1770423300,-0.26,-0.22853059274062248
BTC,bitcoin-above-68k-on-february-12,68000.0,1770915660,1770422400,0.6584070159531392,5.709027777777777,70580.26,65712.79,4.4522529708296865,-0.07145692270421507,0,2026-02-12,False,0.68,1770425100,-0.68,-0.36185570360381125
BTC,bitcoin-above-72k-on-february-8,72000.0,1770570060,1770422400,0.5344390663741385,1.7090277777777778,70580.26,70545.46,9.310779116449567,-0.0004931772990116539,0,2026-02-08,False,0.25,1770424200,-0.25,-0.24540813510365528
BTC,bitcoin-above-70k-on-february-12,70000.0,1770915660,1770422400,0.6216199180102315,5.709027777777777,70580.26,65712.79,5.119959422085332,-0.07145692270421507,0,2026-02-12,False,0.55,1770425100,-0.55,-0.18414345532733084
ETH,ethereum-above-2000-on-february-7,2000.0,1770483660,1770426000,0.7583578861789887,0.6673611111111111,2043.5,2050.61,9.97720546446067,0.0034732858412449474,1,2026-02-07,False,0.753,1770426900,0.247,0.21234631352509703
BTC,bitcoin-above-72k-on-february-9,72000.0,1770656460,1770429600,0.5874781783172935,2.6256944444444446,70471.49,70270.91,7.21734167437771,-0.0028503156944553166,0,2026-02-09,False,0.31,1770443100,-0.31,-0.2894282977532748
BTC,bitcoin-above-58k-on-february-12,58000.0,1770915660,1770435900,1.0110341156190281,5.552777777777777,70729.59,65712.79,0.9942796127759964,-0.07357043504022379,1,2026-02-12,False,0.95,1770436800,0.050000000000000044,0.12314958366355534
SOL,solana-above-80-on-february-7,80.0,1770483660,1770437700,1.1533574551779373,0.5319444444444444,88.69,87.06,0.6142716366407273,-0.01854960726420947,1,2026-02-07,False,0.956,1770449400,0.04400000000000004,0.05539449761322871
SOL,solana-above-90-on-february-7,90.0,1770483660,1770437700,0.9014102988891332,0.5319444444444444,88.69,87.06,10.508223024422911,-0.01854960726420947,0,2026-02-07,False,0.28,1770438600,-0.28,-0.0850765898522316
ETH,ethereum-above-2200-on-february-9,2200.0,1770656460,1770437700,0.7180168056702549,2.531944444444444,2104.74,2096.93,4.9592307623010905,-0.0037175737241360103,0,2026-02-09,False,0.2,1770439500,-0.2,-0.18156369402614247
BTC,bitcoin-above-72k-on-february-7,72000.0,1770483660,1770438600,0.47274983636269413,0.5215277777777777,71151.31,68977.71,17.80690187168748,-0.031025327243195507,0,2026-02-07,False,0.21000000000000002,1770439500,-0.21000000000000002,0.34246495775657465
BTC,bitcoin-above-74k-on-february-10,74000.0,1770742860,1770438600,0.563597411462907,3.5215277777777776,71151.31,69432.0,5.493350983563474,-0.024460879830466013,0,2026-02-10,False,0.22,1770440400,-0.22,-0.08562780172448159
BTC,bitcoin-above-68k-on-february-11,68000.0,1770829260,1770440400,0.6740353311636264,4.500694444444444,70768.13,66080.42,4.713919401947745,-0.06853627298802598,0,2026-02-11,False,0.73,1770442200,-0.73,-0.4069255330245572
BTC,bitcoin-above-70k-on-february-7,70000.0,1770483660,1770444000,0.49437980829166295,0.45902777777777776,70161.5,68977.71,22.584384481672757,-0.017016318609705566,0,2026-02-07,False,0.519,1770444900,-0.519,-0.13469691805576628
ETH,ethereum-above-1700-on-february-10,1700.0,1770742860,1770445800,1.019037370508339,3.4381944444444446,2079.09,2023.6,0.5614571211504946,-0.02705219454653516,1,2026-02-10,False,0.954,1770449400,0.04600000000000004,0.06118864727090078
BTC,bitcoin-above-72k-on-february-12,72000.0,1770915660,1770446700,0.5822126085146978,5.427777777777778,70063.41,65712.79,5.145703896912522,-0.06410710985201208,0,2026-02-12,False,0.34,1770447600,-0.34,-0.010123795014702341
XRP,xrp-above-1pt4-on-february-9,1.4,1770656460,1770450300,1.0374677856327845,2.386111111111111,1.4227,1.4528,4.702875036746085,0.02093625418990748,1,2026-02-09,False,0.55,1770461100,0.44999999999999996,0.35153941280731343
XRP,xrp-above-1pt4-on-february-7,1.4,1770483660,1770450300,1.0374677856327845,0.3861111111111111,1.4227,1.4196,10.63697130691644,-0.002181332884780015,1,2026-02-07,False,0.659,1770457500,0.34099999999999997,0.36420277530623824
XRP,xrp-above-1pt5-on-february-12,1.5,1770915660,1770453900,1.0044086275201456,5.344444444444444,1.4187,1.3507,2.8684395076197053,-0.04911798275122135,0,2026-02-12,False,0.27,1770462900,-0.27,-0.12910803774181348
XRP,xrp-above-1pt4-on-february-11,1.4,1770829260,1770453900,1.0342246297353572,4.344444444444444,1.4187,1.3474,3.5290817728678303,-0.05156414979138041,0,2026-02-11,False,0.51,1770461100,-0.51,-0.32802589883781286
XRP,xrp-above-1pt4-on-february-10,1.4,1770742860,1770454800,1.0388961437315098,3.3340277777777776,1.4238,1.4155,3.9890189713678508,-0.005846528117818627,1,2026-02-10,False,0.56,1770458400,0.43999999999999995,0.463321911578614
ETH,ethereum-above-2000-on-february-11,2000.0,1770829260,1770455700,0.8664717554092134,4.323611111111111,2028.99,1916.22,4.206919489706554,-0.05718363679127003,0,2026-02-11,False,0.58,1770457500,-0.58,-0.3394330438905053
ETH,ethereum-above-2100-on-february-12,2100.0,1770915660,1770455700,0.8179555004874035,5.323611111111111,2028.99,1905.49,3.7315781724102344,-0.06279893894371344,0,2026-02-12,False,0.35000000000000003,1770458400,-0.35000000000000003,-0.11566085018711594
SOL,solana-above-90-on-february-8,90.0,1770570060,1770456600,0.967485186759819,1.3131944444444443,85.31,86.49,4.372800239620391,0.013737119397816949,0,2026-02-08,False,0.14,1770457500,-0.14,-0.20006967899446787
BTC,bitcoin-above-70k-on-february-8,70000.0,1770570060,1770471900,0.5746368894924118,1.136111111111111,68902.15,70545.46,10.931255512727155,0.02356994252726272,1,2026-02-08,False,0.29100000000000004,1770475500,0.709,0.45135093581419716
BTC,bitcoin-above-72k-on-february-10,72000.0,1770742860,1770480000,0.6095517963591596,3.042361111111111,69151.5,69432.0,5.398304322716025,0.004048106492474226,0,2026-02-10,False,0.23,1770484500,-0.23,-0.25185291077713845
ETH,ethereum-above-2000-on-february-9,2000.0,1770656460,1770482700,0.9211093537203043,2.011111111111111,2056.84,2096.93,5.43726082870405,0.019303545875954387,1,2026-02-09,False,0.67,1770484500,0.32999999999999996,0.22504158615358155
ETH,ethereum-above-1900-on-february-11,1900.0,1770829260,1770482700,0.9534229419202802,4.011111111111111,2056.84,1916.22,3.027364564472044,-0.07081632896212671,1,2026-02-11,False,0.81,1770484500,0.18999999999999995,0.4043868448859377
BTC,bitcoin-above-72k-on-february-11,72000.0,1770829260,1770482700,0.6048431378297643,4.011111111111111,69332.39,66080.42,5.16865178285266,-0.04803970004669102,0,2026-02-11,False,0.27,1770483600,-0.27,-0.021699518705963483
BTC,bitcoin-above-68k-on-february-12,68000.0,1770915660,1770513300,0.6788147689119813,4.656944444444444,69380.01,65712.79,5.074452552570392,-0.05430520637611972,0,2026-02-12,False,0.62,1770524100,-0.62,-0.34443080688683736
ETH,ethereum-above-2100-on-february-9,2100.0,1770656460,1770516000,0.8646406355005924,1.6256944444444446,2096.35,2096.93,6.901532367337981,0.0002766330908972057,0,2026-02-09,False,0.47000000000000003,1770523200,-0.47000000000000003,-0.4719091922307038
ETH,ethereum-above-2100-on-february-8,2100.0,1770570060,1770516900,0.8262655426625445,0.6152777777777777,2099.11,2085.63,11.754734164177787,-0.00644247748940087,0,2026-02-08,False,0.48,1770518700,-0.48,-0.40427038975339324
ETH,ethereum-above-2100-on-february-10,2100.0,1770742860,1770519600,0.864408507634935,2.5840277777777776,2088.84,2023.6,5.45229243781403,-0.03173078453483729,0,2026-02-10,False,0.46,1770520500,-0.46,-0.2869944834348003
BTC,bitcoin-above-72k-on-february-8,72000.0,1770570060,1770541200,0.6536424913127407,0.33402777777777776,70665.59,70545.46,12.775570321015481,-0.0017014253343464127,0,2026-02-08,False,0.154,1770542100,-0.154,-0.13226332099510013
BTC,bitcoin-above-72k-on-february-12,72000.0,1770915660,1770541200,0.6323858961784122,4.334027777777778,70665.59,65712.79,5.524651407891047,-0.07266517073954978,0,2026-02-12,False,0.39,1770542100,-0.39,0.011449737830896978
ETH,ethereum-above-2000-on-february-8,2000.0,1770570060,1770553800,1.050589138250324,0.18819444444444447,2138.36,2085.63,0.3392058033326705,-0.024968212209831107,1,2026-02-08,False,0.97,1770560100,0.030000000000000027,0.03846936248041638
BTC,bitcoin-above-70k-on-february-10,70000.0,1770742860,1770563700,0.6780074813876397,2.073611111111111,71359.35,69432.0,7.3406665250659335,-0.027380523143930857,0,2026-02-10,False,0.65,1770564600,-0.65,-0.4490087103185537
BTC,bitcoin-above-72k-on-february-10,72000.0,1770742860,1770566400,0.6369123960738933,2.042361111111111,71188.99,69432.0,8.09191759425567,-0.024990315287327612,0,2026-02-10,False,0.4,1770569100,-0.4,-0.1977804280404773
BTC,bitcoin-above-66k-on-february-10,66000.0,1770742860,1770572700,0.7887761562110741,1.9694444444444443,70813.0,69432.0,3.4084755428735116,-0.0196947433216182,1,2026-02-10,False,0.891,1770573600,0.10899999999999999,0.17612905093490705
ETH,ethereum-above-2100-on-february-11,2100.0,1770829260,1770579900,0.8953516138115016,2.886111111111111,2119.42,1916.22,4.9964135992442955,-0.10078797084304555,0,2026-02-11,False,0.54,1770584400,-0.54,-0.03642161183956971
ETH,ethereum-above-2200-on-february-12,2200.0,1770915660,1770580800,0.8603783661743544,3.8756944444444446,2126.77,1905.49,4.109172581378187,-0.10986520349826362,0,2026-02-12,False,0.32,1770584400,-0.32,0.1314550818625998
ETH,ethereum-above-2200-on-february-11,2200.0,1770829260,1770580800,0.8631321295122499,2.875694444444444,2126.77,1916.22,4.640238840925578,-0.10424990134582013,0,2026-02-11,False,0.31,1770584400,-0.31,0.17374444138753425
ETH,ethereum-above-2200-on-february-10,2200.0,1770742860,1770580800,0.8721431134188217,1.8756944444444446,2126.77,2023.6,5.415756083998694,-0.04972629341421379,0,2026-02-10,False,0.27,1770582600,-0.27,-0.0006945239072674858
BTC,bitcoin-above-70k-on-february-9,70000.0,1770656460,1770584400,0.7129887606212346,0.8340277777777777,70835.17,70270.91,11.081521268880648,-0.007997713601902021,1,2026-02-09,False,0.644,1770588000,0.356,0.4446268333818933
BTC,bitcoin-above-68k-on-february-10,68000.0,1770742860,1770585300,0.7467558323140343,1.823611111111111,71012.15,69432.0,5.511274889256245,-0.02250313281942114,1,2026-02-10,False,0.8,1770593400,0.19999999999999996,0.3240209508372738
ETH,ethereum-above-2100-on-february-12,2100.0,1770915660,1770593400,0.8720323348154465,3.729861111111111,2092.03,1905.49,4.5084369475262696,-0.0933956930924288,0,2026-02-12,False,0.46,1770601500,-0.46,-0.03893140652227001
ETH,ethereum-above-2000-on-february-9,2000.0,1770656460,1770593400,1.0531513259815677,0.7298611111111111,2092.03,2096.93,5.4882702423561,0.0023394838980956784,1,2026-02-09,False,0.83,1770601500,0.17000000000000004,0.15716028013961028
ETH,ethereum-above-2000-on-february-12,2000.0,1770915660,1770593400,0.9226264988801565,3.729861111111111,2092.03,1905.49,3.890073747804184,-0.0933956930924288,0,2026-02-12,False,0.6900000000000001,1770601500,-0.6900000000000001,-0.3266838661431662
BTC,bitcoin-above-74k-on-february-12,74000.0,1770915660,1770609600,0.6167605189152099,3.542361111111111,71307.56,65712.79,5.3486950508364925,-0.08170877335568683,0,2026-02-12,False,0.26,1770612300,-0.26,0.17703531165748276
ETH,ethereum-above-2100-on-february-10,2100.0,1770742860,1770616800,0.855386461886085,1.4590277777777778,2095.82,2023.6,7.36166704551799,-0.035066781472841646,0,2026-02-10,False,0.46,1770618600,-0.46,-0.20185003043900085
BTC,bitcoin-above-72k-on-february-9,72000.0,1770656460,1770616800,0.6065660350345596,0.45902777777777776,71044.51,70270.91,15.19053857050898,-0.01094866685910162,0,2026-02-09,False,0.25,1770617700,-0.25,-0.08368385378116341
ETH,ethereum-above-2100-on-february-9,2100.0,1770656460,1770616800,0.8288345004844031,0.45902777777777776,2095.82,2096.93,13.526698734344604,0.0005294854336330544,0,2026-02-09,False,0.44,1770617700,-0.44,-0.44716218994497814
XRP,xrp-above-1pt4-on-february-9,1.4,1770656460,1770617700,1.0524156474595043,0.4486111111111111,1.4431,1.4528,7.830484647600792,0.006699151404996792,1,2026-02-09,False,0.79,1770618600,0.20999999999999996,0.1575423977712193
SOL,solana-above-80-on-february-10,80.0,1770742860,1770620400,1.1936261578593175,1.417361111111111,86.45,84.34,3.235967604803789,-0.024709963810885693,1,2026-02-10,False,0.836,1770623100,0.16400000000000003,0.2439606424079001
BTC,bitcoin-above-68k-on-february-11,68000.0,1770829260,1770624000,0.7031927555018642,2.3756944444444446,70422.59,66080.42,5.9133457296953935,-0.06364160724989223,0,2026-02-11,False,0.75,1770625800,-0.75,-0.37366517353789835
ETH,ethereum-above-1900-on-february-10,1900.0,1770742860,1770625800,1.0113707415972208,1.3548611111111113,2053.02,2023.6,3.052657679654198,-0.014433776394909148,1,2026-02-10,False,0.896,1770633000,0.10399999999999998,0.1480613783583309
SOL,solana-above-80-on-february-11,80.0,1770829260,1770629400,1.2108517531023708,2.3131944444444446,84.59,78.69,3.5952766128972717,-0.07229997376903129,0,2026-02-11,False,0.72,1770633000,-0.72,-0.4600615951951156
SOL,solana-above-80-on-february-12,80.0,1770915660,1770632100,1.1677234061824906,3.2819444444444446,84.14,78.11,3.3254811362747634,-0.0743639885401689,0,2026-02-12,False,0.66,1770633900,-0.66,-0.4127039588915157
BTC,bitcoin-above-66k-on-february-12,66000.0,1770915660,1770632100,0.7238175608594702,3.2819444444444446,69540.01,65712.79,4.46292906753603,-0.0566086910826037,0,2026-02-12,False,0.79,1770633000,-0.79,-0.5373594270922804
BTC,bitcoin-above-68k-on-february-12,68000.0,1770915660,1770632100,0.6726991666621539,3.2819444444444446,69540.01,65712.79,5.943571690395364,-0.0566086910826037,0,2026-02-12,False,0.63,1770633000,-0.63,-0.2935421862511002
BTC,bitcoin-above-66k-on-february-11,66000.0,1770829260,1770632100,0.7548090646250187,2.2819444444444446,69540.01,66080.42,4.675211281491275,-0.05102978525710608,1,2026-02-11,False,0.8200000000000001,1770633000,0.17999999999999994,0.41857502772609945
ETH,ethereum-above-2000-on-february-10,2000.0,1770742860,1770632100,0.9011678915318326,1.2819444444444443,2039.78,2023.6,7.0454324081183035,-0.0079638554677369,1,2026-02-10,False,0.63,1770633000,0.37,0.4261088054059637
BTC,bitcoin-above-64k-on-february-11,64000.0,1770829260,1770633000,0.8219543504940582,2.2715277777777776,69038.84,66080.42,3.2258882238074005,-0.04379675965529485,1,2026-02-11,False,0.88,1770633900,0.12,0.2612834512129387
ETH,ethereum-above-1900-on-february-9,1900.0,1770656460,1770634800,1.0745711351200093,0.25069444444444444,2022.7,2096.93,1.2375102665472955,0.03604111776520578,1,2026-02-09,False,0.96,1770647400,0.040000000000000036,-0.004601253252282229
BTC,bitcoin-above-72k-on-february-12,72000.0,1770915660,1770638400,0.6702323282174825,3.2090277777777776,68928.72,65712.79,4.880646106592269,-0.04777934786258929,0,2026-02-12,False,0.24000000000000002,1770645600,-0.24000000000000002,-0.00680591187893595
BTC,bitcoin-above-70k-on-february-10,70000.0,1770742860,1770652800,0.6882014821437191,1.042361111111111,69563.37,69432.0,10.656487558284839,-0.0018902793541557036,0,2026-02-10,False,0.42,1770653700,-0.42,-0.39985626158075704
XRP,xrp-above-1pt4-on-february-10,1.4,1770742860,1770659100,0.9882642176010835,0.9694444444444444,1.4533,1.4155,6.095732933246524,-0.026354007080170508,1,2026-02-10,False,0.72,1770734700,0.28,0.44064698888160747
XRP,xrp-above-1pt5-on-february-10,1.5,1770742860,1770660000,0.9740634707687407,0.9590277777777778,1.4505,1.4155,6.266811846403179,-0.024425499009504373,0,2026-02-10,False,0.215,1770733800,-0.215,-0.06192999345292888
ETH,ethereum-above-2200-on-february-12,2200.0,1770915660,1770667200,0.7945447626418626,2.875694444444444,2131.34,1905.49,5.02946727142422,-0.1120116965454905,0,2026-02-12,False,0.29000000000000004,1770672600,-0.29000000000000004,0.27335916179224584
ETH,ethereum-above-2100-on-february-11,2100.0,1770829260,1770667200,0.8165611262113474,1.8756944444444446,2131.34,1916.22,6.646770873313991,-0.10639639439304713,0,2026-02-11,False,0.59,1770671700,-0.59,0.11719245527733368
ETH,ethereum-above-2200-on-february-10,2200.0,1770742860,1770668100,0.7395423388169379,0.8652777777777777,2140.68,2023.6,8.19178253708547,-0.056245432133395445,0,2026-02-10,False,0.18000000000000002,1770669000,-0.18000000000000002,0.28075034874117466
SOL,solana-above-90-on-february-10,90.0,1770742860,1770668100,0.995645242727001,0.8652777777777777,88.01,84.34,7.314694296782003,-0.04259419606730662,0,2026-02-10,False,0.29000000000000004,1770669000,-0.29000000000000004,0.02156352304954212
ETH,ethereum-above-2200-on-february-11,2200.0,1770829260,1770668100,0.7757152015329578,1.8652777777777778,2140.68,1916.22,6.282328391815098,-0.11076904006500184,0,2026-02-11,False,0.27,1770669000,-0.27,0.4258874853344652
BTC,bitcoin-above-72k-on-february-11,72000.0,1770829260,1770668100,0.5701954984171063,1.8652777777777778,70987.99,66080.42,9.147639177563526,-0.07163822267870226,0,2026-02-11,False,0.33,1770669000,-0.33,0.32532061238671667
SOL,solana-above-90-on-february-11,90.0,1770829260,1770668100,1.011090512501748,1.8652777777777778,88.01,78.69,5.199675619031808,-0.11193436183882842,0,2026-02-11,False,0.34,1770673500,-0.34,0.24202237218524053
SOL,solana-above-90-on-february-12,90.0,1770915660,1770678900,1.0695394892512886,2.7402777777777776,87.11,78.11,3.976258601871507,-0.10905359820859468,0,2026-02-12,False,0.34,1770693300,-0.34,0.09362530794196378
ETH,ethereum-above-2100-on-february-12,2100.0,1770915660,1770679800,0.7998888240430376,2.729861111111111,2109.12,1905.49,5.764818839509308,-0.10153160553062378,0,2026-02-12,False,0.52,1770684300,-0.52,0.06531131236856746
BTC,bitcoin-above-70k-on-february-11,70000.0,1770829260,1770688800,0.5869601774440044,1.6256944444444446,70486.82,66080.42,10.058957933340373,-0.06455325686149015,0,2026-02-11,False,0.5700000000000001,1770691500,-0.5700000000000001,0.07933849522984515
BTC,bitcoin-above-70k-on-february-12,70000.0,1770915660,1770688800,0.5975349114681545,2.6256944444444446,70486.82,65712.79,7.8230459541336685,-0.07013216268698774,0,2026-02-12,False,0.55,1770691500,-0.55,-0.001352868436916399
BTC,bitcoin-above-68k-on-february-10,68000.0,1770742860,1770693300,0.6480408369139297,0.5736111111111111,69844.0,69432.0,9.1489191482895,-0.005916327317937394,1,2026-02-10,False,0.86,1770694200,0.14,0.1941280002866257
ETH,ethereum-above-2000-on-february-12,2000.0,1770915660,1770694200,0.8310390940937248,2.5631944444444446,2071.34,1905.49,5.133240716079454,-0.08345654748475571,0,2026-02-12,False,0.67,1770702300,-0.67,-0.24159745242783365
ETH,ethereum-above-1900-on-february-11,1900.0,1770829260,1770694200,0.9593201891022055,1.5631944444444446,2071.34,1916.22,2.575714077055688,-0.07784124533231239,1,2026-02-11,False,0.901,1770705000,0.09899999999999998,0.29949679137798235
BTC,bitcoin-above-68k-on-february-11,68000.0,1770829260,1770711300,0.659701477940956,1.3652777777777778,68838.0,66080.42,9.498575064912016,-0.04088343292033376,0,2026-02-11,False,0.62,1770723900,-0.62,-0.2316656434949147
BTC,bitcoin-above-66k-on-february-13,66000.0,1771002060,1770715800,0.6911066023459081,3.313194444444444,69280.54,68860.52,4.729638091355957,-0.0060810492453355,1,2026-02-13,False,0.78,1770723900,0.21999999999999997,0.24876116214615016
SOL,solana-above-80-on-february-11,80.0,1770829260,1770716700,1.1667468178164098,1.3027777777777776,84.75,78.69,4.180449662607979,-0.07418966371366766,0,2026-02-11,False,0.79,1770724800,-0.79,-0.47985384535919867
BTC,bitcoin-above-70k-on-february-13,70000.0,1771002060,1770719400,0.6142032856157635,3.271527777777778,69176.09,68860.52,6.6774675171535804,-0.004572273250799012,0,2026-02-13,False,0.41000000000000003,1770723900,-0.41000000000000003,-0.3794687938882394
BTC,bitcoin-above-66k-on-february-11,66000.0,1770829260,1770723900,0.6941538935362751,1.2194444444444446,68666.41,66080.42,6.2294358685452655,-0.03838765712568076,1,2026-02-11,False,0.85,1770734700,0.15000000000000002,0.389133448208133
BTC,bitcoin-above-66k-on-february-10,66000.0,1770742860,1770723900,0.7088901549227726,0.21944444444444444,68666.41,69432.0,1.7458655215975023,0.011087714091535783,1,2026-02-10,False,0.952,1770727500,0.04800000000000004,0.028642342254256947
ETH,ethereum-above-2000-on-february-10,2000.0,1770742860,1770729300,0.8282030534514061,0.15694444444444444,2011.19,2023.6,22.096466174301355,0.006151516750085916,1,2026-02-10,False,0.6,1770734700,0.4,0.2640732182110784
BTC,bitcoin-above-72k-on-february-12,72000.0,1770915660,1770738300,0.6048633012560373,2.0527777777777776,69286.4,65712.79,6.025831750248926,-0.0529550594411827,0,2026-02-12,False,0.17,1770748200,-0.17,0.1490982785169979
ETH,ethereum-above-2100-on-february-13,2100.0,1771002060,1770738300,0.7648597117430083,3.0527777777777776,2025.33,2055.8,4.895839653229504,0.01493241635224053,0,2026-02-13,False,0.27,1770748200,-0.27,-0.3431067160958319
BTC,bitcoin-above-72k-on-february-13,72000.0,1771002060,1770738300,0.6061083744514948,3.0527777777777776,69286.4,68860.52,5.550646832734162,-0.006165629304669858,0,2026-02-13,False,0.21000000000000002,1770748200,-0.21000000000000002,-0.17577676922822133
XRP,xrp-above-1pt4-on-february-12,1.4,1770915660,1770740100,0.9646301633508789,2.0319444444444446,1.4165,1.3507,5.4985474989974215,-0.04756606370385287,0,2026-02-12,False,0.53,1770749100,-0.53,-0.2684557393840278
BTC,bitcoin-above-74k-on-february-13,74000.0,1771002060,1770740100,0.5915230593556622,3.031944444444444,69679.8,68860.52,3.8517449720056445,-0.01182745284032155,0,2026-02-13,False,0.09,1770748200,-0.09,-0.04444366799065758
ETH,ethereum-above-2000-on-february-11,2000.0,1770829260,1770741000,0.7900621186156896,1.0215277777777778,2027.41,1916.22,9.11171330939261,-0.056404620875727306,0,2026-02-11,False,0.62,1770748200,-0.62,-0.10605726525539128
BTC,bitcoin-above-70k-on-february-17,70000.0,1771347660,1770753600,0.5371985339539583,6.875694444444445,69062.01,67523.73,5.281645139769601,-0.02252570501141306,0,2026-02-17,False,0.41000000000000003,1770759000,-0.41000000000000003,-0.2910272196065865
BTC,bitcoin-above-72k-on-february-17,72000.0,1771347660,1770753600,0.5196330647663511,6.875694444444445,69062.01,67523.73,4.616164045351961,-0.02252570501141306,0,2026-02-17,False,0.25,1770759000,-0.25,-0.14601765043011056
BTC,bitcoin-above-68k-on-february-16,68000.0,1771261260,1770753600,0.571634430339449,5.875694444444444,69062.01,67900.0,5.414695597308419,-0.016968762099627215,0,2026-02-16,False,0.6,1770754500,-0.6,-0.5081193185673746
SOL,solana-above-80-on-february-13,80.0,1771002060,1770753600,0.9769701764441717,2.875694444444444,83.08,84.05,4.259794040606133,0.0116078608467131,1,2026-02-13,False,0.66,1770885000,0.33999999999999997,0.29055290354098623
SOL,solana-above-70-on-february-13,70.0,1771002060,1770753600,1.3409742945202836,2.875694444444444,83.08,84.05,1.2938724588975445,0.0116078608467131,1,2026-02-13,False,0.937,1770754500,0.06299999999999994,0.047980908543722736
BTC,bitcoin-above-68k-on-february-14,68000.0,1771088460,1770753600,0.5973140855516564,3.8756944444444446,69062.01,69718.67,6.325180844625611,0.009463347500366608,1,2026-02-14,False,0.61,1770759000,0.39,0.3301426156646455
BTC,bitcoin-above-70k-on-february-14,70000.0,1771088460,1770753600,0.559049975054681,3.8756944444444446,69062.01,69718.67,6.689801815702289,0.009463347500366608,0,2026-02-14,False,0.4,1770757200,-0.4,-0.46330791929057424
BTC,bitcoin-above-72k-on-february-15,72000.0,1771174860,1770753600,0.5278628332906342,4.875694444444444,69062.01,69036.73,5.070014944785147,-0.00036611485785279104,0,2026-02-15,False,0.23,1770754500,-0.23,-0.22814379219917846
BTC,bitcoin-above-68k-on-february-15,68000.0,1771174860,1770754500,0.5761075376891706,4.865277777777778,68760.85,69036.73,5.944266888188503,0.004004139529904988,1,2026-02-15,False,0.58,1770759900,0.42000000000000004,0.39619832597669913
BTC,bitcoin-above-66k-on-february-14,66000.0,1771088460,1770754500,0.6423485685764948,3.8652777777777776,68760.85,69718.67,5.0804183009912025,0.013833601888124455,1,2026-02-14,False,0.76,1770759900,0.24,0.16971951579894606
BTC,bitcoin-above-70k-on-february-16,70000.0,1771261260,1770755400,0.5375709606507802,5.854861111111111,68812.75,67900.0,5.625853936908719,-0.01335301297250246,0,2026-02-16,False,0.4,1770759000,-0.4,-0.32487789939905387
BTC,bitcoin-above-72k-on-february-14,72000.0,1771088460,1770756300,0.5289045360638122,3.8444444444444446,68901.61,69718.67,5.1755623259421455,0.011788599219201092,0,2026-02-14,False,0.19,1770759900,-0.19,-0.25101262999452817
BTC,bitcoin-above-66k-on-february-16,66000.0,1771261260,1770756300,0.6076997480674302,5.844444444444444,68901.61,67900.0,4.529395823002099,-0.014643510380792648,1,2026-02-16,False,0.74,1770759000,0.26,0.3263262547528501
BTC,bitcoin-above-70k-on-february-15,70000.0,1771174860,1770756300,0.5437239901195934,4.844444444444444,68901.61,69036.73,6.117386218035487,0.00195913686098181,0,2026-02-15,False,0.39,1770759000,-0.39,-0.40198479683261545
BTC,bitcoin-above-72k-on-february-16,72000.0,1771261260,1770765300,0.5210981963213278,5.740277777777777,68717.98,67900.0,4.619828571483522,-0.011974848034382458,0,2026-02-16,False,0.22,1770779700,-0.22,-0.16467825491158664
BTC,bitcoin-above-70k-on-february-11,70000.0,1770829260,1770777900,0.5178635157807686,0.5944444444444444,68869.82,66080.42,13.979884564605086,-0.04134557080860085,0,2026-02-11,False,0.19,1770779700,-0.19,0.3880063071619457
ETH,ethereum-above-2200-on-february-15,2200.0,1771174860,1770779700,0.701095993971998,4.573611111111111,2010.26,2006.54,2.5085818640818602,-0.0018522212027107696,0,2026-02-15,False,0.09,1770785100,-0.09,-0.08535355148261187
ETH,ethereum-above-2200-on-february-14,2200.0,1771088460,1770780600,0.7191810022891234,3.5631944444444446,2011.07,2081.62,2.4143300861388037,0.034479517986128076,0,2026-02-14,False,0.06999999999999999,1770786000,-0.06999999999999999,-0.15324493762947303
BTC,bitcoin-above-66k-on-february-15,66000.0,1771174860,1770784200,0.5963479106526883,4.521527777777778,67576.63,69036.73,5.705991925195424,0.02137646858817661,1,2026-02-15,False,0.65,1770785100,0.35,0.2280260428466706
ETH,ethereum-above-1900-on-february-11,1900.0,1770829260,1770784200,0.8691871990163721,0.5215277777777777,1984.38,1916.22,5.174443312476857,-0.034952027276746823,1,2026-02-11,False,0.896,1770785100,0.10399999999999998,0.28485728379967123
BTC,bitcoin-above-64k-on-february-12,64000.0,1770915660,1770785100,0.7617495948742387,1.511111111111111,67516.13,65712.79,4.6080499784540665,-0.027072952995116563,1,2026-02-12,False,0.88,1770790500,0.12,0.24475352046583482
BTC,bitcoin-above-64k-on-february-15,64000.0,1771174860,1770786900,0.6654971052916948,4.490277777777778,67717.8,69036.73,4.14634788143583,0.019289611779177127,1,2026-02-15,False,0.8,1770789600,0.19999999999999996,0.12001855906568924
BTC,bitcoin-above-64k-on-february-14,64000.0,1771088460,1770787800,0.6962896578817802,3.4798611111111115,67587.43,69718.67,4.368560051263184,0.03104612515152755,1,2026-02-14,False,0.81,1770790500,0.18999999999999995,0.054373137916519515
ETH,ethereum-above-1900-on-february-16,1900.0,1771261260,1770787800,0.7432044673996939,5.479861111111111,1979.38,1974.47,4.03769798026284,-0.00248365644825399,1,2026-02-16,False,0.68,1770790500,0.31999999999999995,0.33002825462478186
ETH,ethereum-above-1900-on-february-17,1900.0,1771347660,1770787800,0.7345075179752135,6.479861111111111,1979.38,1979.11,3.8077122761879316,-0.00013641565365530005,1,2026-02-17,False,0.67,1770790500,0.32999999999999996,0.3305194315590875
ETH,ethereum-above-1900-on-february-15,1900.0,1771174860,1770787800,0.7556923095694706,4.479861111111111,1979.38,2006.54,4.312072199492089,0.01362818137923016,1,2026-02-15,False,0.7,1770790500,0.30000000000000004,0.2412342979449859
ETH,ethereum-above-1900-on-february-14,1900.0,1771088460,1770787800,0.7750484967345876,3.4798611111111115,1979.38,2081.62,4.645197312022975,0.05036277236633183,1,2026-02-14,False,0.72,1770790500,0.28,0.04605498517789042
BTC,bitcoin-above-64k-on-february-17,64000.0,1771347660,1770791400,0.6249556864961642,6.438194444444444,67120.96,67523.73,4.1719007882310075,0.0059827268548381975,1,2026-02-17,False,0.73,1770794100,0.27,0.24504065711852974
ETH,ethereum-above-1800-on-february-16,1800.0,1771261260,1770791400,0.8332390434779486,5.438194444444444,1959.23,1974.47,2.8878547466562994,0.007748468998227679,1,2026-02-16,False,0.8200000000000001,1770794100,0.17999999999999994,0.15762354702414896
BTC,bitcoin-above-62k-on-february-16,62000.0,1771261260,1770793200,0.6978159037747939,5.417361111111111,66820.32,67900.0,3.302593877829498,0.016028808662173207,1,2026-02-16,False,0.83,1770794100,0.17000000000000004,0.11706335464340639
BTC,bitcoin-above-68k-on-february-13,68000.0,1771002060,1770797700,0.6520518871008757,2.365277777777778,66908.09,68860.52,7.186473513010355,0.028763122856257643,1,2026-02-13,False,0.37,1770807600,0.63,0.4232945794420417
BTC,bitcoin-above-66k-on-february-13,66000.0,1771002060,1770802200,0.6819045918895629,2.3131944444444446,66978.43,68860.52,7.133538425574126,0.027712382177186957,1,2026-02-13,False,0.6,1770807600,0.4,0.20231265687484132
BTC,bitcoin-above-66k-on-february-11,66000.0,1770829260,1770812100,0.7084282470320635,0.1986111111111111,67094.16,66080.42,14.8369890334468,-0.015224520788008353,1,2026-02-11,False,0.8200000000000001,1770815700,0.17999999999999994,0.4058860479711627
ETH,ethereum-above-1900-on-february-12,1900.0,1770915660,1770813000,0.8969420899760808,1.1881944444444446,1960.1,1905.49,6.5774560634944,-0.028256298997498056,1,2026-02-12,False,0.74,1770813900,0.26,0.4458545651730043
ETH,ethereum-above-2000-on-february-12,2000.0,1770915660,1770816600,0.8193004965073751,1.1465277777777778,1948.72,1905.49,7.306087733271547,-0.022433553436115337,0,2026-02-12,False,0.26,1770822000,-0.26,-0.09609849042670598
ETH,ethereum-above-2000-on-february-13,2000.0,1771002060,1770816600,0.7826987376898704,2.146527777777778,1948.72,2055.8,5.971637330570644,0.053492319808975036,1,2026-02-13,False,0.31,1770822000,0.69,0.3705632661299011
BTC,bitcoin-above-68k-on-february-11,68000.0,1770829260,1770819300,0.678586008153547,0.11527777777777777,68458.52,66080.42,28.418263714098703,-0.03535552928029359,0,2026-02-11,False,0.6900000000000001,1770820200,-0.6900000000000001,0.31474275483892156
ETH,ethereum-above-1900-on-february-13,1900.0,1771002060,1770821100,0.844779185453137,2.0944444444444446,1963.66,2055.8,5.547794940143555,0.045854987740343245,1,2026-02-13,False,0.7,1770822000,0.30000000000000004,0.04560593103377908
BTC,bitcoin-above-64k-on-february-13,64000.0,1771002060,1770822000,0.7102369396675632,2.084027777777778,66584.6,68860.52,5.773914943725594,0.03360968985869301,1,2026-02-13,False,0.76,1770822900,0.24,0.04594050947090986
BTC,bitcoin-above-66k-on-february-12,66000.0,1770915660,1770822000,0.6642201777042496,1.0840277777777778,66584.6,65712.79,10.744351261509234,-0.013179740277819778,0,2026-02-12,False,0.58,1770822900,-0.58,-0.43839224091964296
ETH,ethereum-above-1800-on-february-13,1800.0,1771002060,1770822000,0.9323521347969541,2.084027777777778,1943.3,2055.8,3.2559213702312415,0.05627750770816389,1,2026-02-13,False,0.86,1770822900,0.14,-0.043235140010364215
BTC,bitcoin-above-68k-on-february-12,68000.0,1770915660,1770826500,0.621573223433349,1.0319444444444446,67150.26,65712.79,11.156062762423234,-0.021639215591039276,0,2026-02-12,False,0.33,1770827400,-0.33,-0.08859155273675848
BTC,bitcoin-above-72k-on-february-18,72000.0,1771434060,1770837300,0.5156777543577439,6.906944444444445,67643.0,67110.65,3.6988134604149967,-0.007901125786943828,0,2026-02-18,False,0.16,1770838200,-0.16,-0.13077520958682015
BTC,bitcoin-above-70k-on-february-13,70000.0,1771002060,1770839100,0.5867572923174722,1.8861111111111113,67795.22,68860.52,6.97837220147208,0.01559131844966443,0,2026-02-13,False,0.19,1770840000,-0.19,-0.298802023253437
BTC,bitcoin-above-68k-on-february-16,68000.0,1771261260,1770840000,0.5499542213688392,4.875694444444444,67586.67,67900.0,6.225446853036368,0.004625260309220342,0,2026-02-16,False,0.47000000000000003,1770841800,-0.47000000000000003,-0.49879431223650983
BTC,bitcoin-above-70k-on-february-14,70000.0,1771088460,1770840000,0.5350461157406436,2.875694444444444,67586.67,69718.67,6.281217769213194,0.031057369909214202,0,2026-02-14,False,0.22,1770841800,-0.22,-0.4150781037387834
BTC,bitcoin-above-70k-on-february-17,70000.0,1771347660,1770840000,0.527374628922508,5.875694444444444,67586.67,67523.73,5.103233425490192,-0.0009316826025655225,0,2026-02-17,False,0.29000000000000004,1770841800,-0.29000000000000004,-0.28524540620064
BTC,bitcoin-above-68k-on-february-14,68000.0,1771088460,1770840000,0.5811153935987958,2.875694444444444,67586.67,69718.67,7.654564317596809,0.031057369909214202,1,2026-02-14,False,0.46,1770841800,0.54,0.30226936449452413
BTC,bitcoin-above-68k-on-february-15,68000.0,1771174860,1770840900,0.5437778836021211,3.8652777777777776,67654.34,69036.73,7.0789195502095295,0.0202271755149441,1,2026-02-15,False,0.47000000000000003,1770841800,0.53,0.38681345180174276
BTC,bitcoin-above-68k-on-february-17,68000.0,1771347660,1770840900,0.5557968666214679,5.865277777777778,67654.34,67523.73,5.629682493014307,-0.0019324146386161234,0,2026-02-17,False,0.48,1770841800,-0.48,-0.4691211191397382
BTC,bitcoin-above-66k-on-february-14,66000.0,1771088460,1770841800,0.6248978488332237,2.8548611111111115,67213.3,69718.67,6.896878252949618,0.036596999551793234,1,2026-02-14,False,0.65,1770852600,0.35,0.09759494966803034
BTC,bitcoin-above-66k-on-february-16,66000.0,1771261260,1770842700,0.5809790104395844,4.844444444444444,67312.3,67900.0,5.7612594750753665,0.008693050868798907,1,2026-02-16,False,0.63,1770853500,0.37,0.31991707831482014
BTC,bitcoin-above-70k-on-february-16,70000.0,1771261260,1770843600,0.5165971620826233,4.834027777777778,67555.98,67900.0,5.511191705895465,0.005079447059703444,0,2026-02-16,False,0.27,1770852600,-0.27,-0.29799380650597274
BTC,bitcoin-above-72k-on-february-17,72000.0,1771347660,1770845400,0.5092187151411047,5.813194444444444,68202.84,67523.73,4.232605409393377,-0.010007114558277271,0,2026-02-17,False,0.18000000000000002,1770846300,-0.18000000000000002,-0.13764383278821643
BTC,bitcoin-above-66k-on-february-17,66000.0,1771347660,1770847200,0.5796537595373543,5.792361111111111,67811.17,67523.73,5.166568527181045,-0.004247838986352806,1,2026-02-17,False,0.66,1770850800,0.33999999999999997,0.361946751215423
ETH,ethereum-above-2000-on-february-14,2000.0,1771088460,1770849900,0.6830143799051975,2.761111111111111,1960.86,2081.62,6.288772028921788,0.05976328420499336,1,2026-02-14,False,0.36,1770850800,0.64,0.26416232993513444
ETH,ethereum-above-2000-on-february-15,2000.0,1771174860,1770850800,0.6480051660941941,3.7506944444444446,1951.47,2006.54,5.590981241495503,0.027828911006487596,1,2026-02-15,False,0.34,1770852600,0.6599999999999999,0.50440908059148
ETH,ethereum-above-2000-on-february-16,2000.0,1771261260,1770850800,0.6627838965748617,4.750694444444445,1951.47,1974.47,4.9402031123388745,0.011717073179003666,0,2026-02-16,False,0.36,1770852600,-0.36,-0.41788472138641625
ETH,ethereum-above-2000-on-february-17,2000.0,1771347660,1770860700,0.6715144400676734,5.636111111111111,1972.24,1979.11,4.677412841556075,0.003477296074725066,0,2026-02-17,False,0.43,1770861600,-0.43,-0.44626474931381155
ETH,ethereum-above-2100-on-february-17,2100.0,1771347660,1770860700,0.6484998728837,5.636111111111111,1972.24,1979.11,3.5394438678750197,0.003477296074725066,0,2026-02-17,False,0.19,1770862500,-0.19,-0.2023076942684715
ETH,ethereum-above-2100-on-february-16,2100.0,1771261260,1770860700,0.6388328408694686,4.636111111111111,1972.24,1974.47,3.6697966577514993,0.0011300552801263926,0,2026-02-16,False,0.16,1770865200,-0.16,-0.16414707309008228
BTC,bitcoin-above-66k-on-february-15,66000.0,1771174860,1770870600,0.552669843695719,3.5215277777777776,67212.01,69036.73,7.008360343717618,0.02678673000778503,1,2026-02-15,False,0.65,1770872400,0.35,0.16226894367556866
ETH,ethereum-above-1900-on-february-17,1900.0,1771347660,1770879600,0.7068096986236955,5.417361111111111,1975.06,1979.11,4.264894896034975,0.00204847106534558,1,2026-02-17,False,0.6900000000000001,1770885000,0.30999999999999994,0.3012634862087322
ETH,ethereum-above-1900-on-february-18,1900.0,1771434060,1770881400,0.6987921349560297,6.396527777777777,1975.85,1970.88,4.0168849695863065,-0.0025185419965799084,1,2026-02-18,False,0.67,1770885000,0.32999999999999996,0.34011669349133367
BTC,bitcoin-above-70k-on-february-15,70000.0,1771174860,1770894000,0.4769753202634273,3.2506944444444446,68014.01,69036.73,7.11925207230545,0.014924968439698073,0,2026-02-15,False,0.25,1770907500,-0.25,-0.35625461249341395
ETH,ethereum-above-1900-on-february-12,1900.0,1770915660,1770900300,0.7807165201415753,0.17777777777777776,1982.78,1905.49,1.1056012963264545,-0.039760707015800284,1,2026-02-12,False,0.961,1770905700,0.039000000000000035,0.08295948921952519
ETH,ethereum-above-2000-on-february-12,2000.0,1770915660,1770904800,0.6657213251173822,0.12569444444444444,1994.99,1905.49,31.593845993104136,-0.045899844446341494,0,2026-02-12,False,0.37,1770905700,-0.37,1.0801526165451492
ETH,ethereum-above-2000-on-february-13,2000.0,1771002060,1770904800,0.681422227318078,1.1256944444444443,1994.99,2055.8,10.503974826638855,0.030026028798748976,1,2026-02-13,False,0.45,1770905700,0.55,0.2346073493540075
SOL,solana-above-90-on-february-16,90.0,1771261260,1770904800,0.9861143643099439,4.125694444444445,81.96,84.04,2.434801907730265,0.02506155260610077,0,2026-02-16,False,0.11,1770912900,-0.11,-0.17101991609601655
ETH,ethereum-above-1900-on-february-13,1900.0,1771002060,1770907500,0.789697789774642,1.0944444444444443,1977.02,2055.8,6.168232980795762,0.039074406121488804,1,2026-02-13,False,0.8200000000000001,1770911100,0.17999999999999994,-0.0610200405435751
ETH,ethereum-above-1900-on-february-14,1900.0,1771088460,1770907500,0.7383197537292687,2.0944444444444446,1977.02,2081.62,5.650935514244097,0.05155577624860243,1,2026-02-14,False,0.78,1770911100,0.21999999999999997,-0.07133836696764978
BTC,bitcoin-above-66k-on-february-12,66000.0,1770915660,1770908400,0.6365167286826944,0.08402777777777778,67577.02,65712.79,2.1039457314470966,-0.027974405128305374,0,2026-02-12,False,0.9400000000000001,1770912900,-0.9400000000000001,-0.8811433697405302
ETH,ethereum-above-1800-on-february-16,1800.0,1771261260,1770912000,0.7478173910765578,4.042361111111111,1948.47,1974.47,3.1737550472265905,0.013255558689926498,1,2026-02-16,False,0.86,1770912900,0.14,0.0979301037040375
ETH,ethereum-above-1800-on-february-14,1800.0,1771088460,1770912900,0.8066105225113127,2.0319444444444446,1919.7,2081.62,3.861114807387461,0.08097751289241081,1,2026-02-14,False,0.872,1770913800,0.128,-0.1846634740942964
SOL,solana-above-80-on-february-14,80.0,1771088460,1770912900,0.9694786127506496,2.0319444444444446,79.02,88.1,5.398796010020807,0.10877154795888916,1,2026-02-14,False,0.4,1770913800,0.6,0.012764600875762255
BTC,bitcoin-above-64k-on-february-13,64000.0,1771002060,1770913800,0.7027172603979395,1.0215277777777778,66065.4,68860.52,7.567700662734646,0.04143784894473696,1,2026-02-13,False,0.79,1770915600,0.20999999999999996,-0.10358923692138411
ETH,ethereum-above-1900-on-february-15,1900.0,1771174860,1770913800,0.6449891864723062,3.0215277777777776,1908.99,2006.54,6.789281869498204,0.0498375393514891,1,2026-02-15,False,0.52,1770915600,0.48,0.14163889766053173
ETH,ethereum-above-1800-on-february-13,1800.0,1771002060,1770913800,0.880819325276639,1.0215277777777778,1908.99,2055.8,3.9771779789584323,0.07409076021147734,1,2026-02-13,False,0.891,1770915600,0.10899999999999999,-0.1856721399573773
BTC,bitcoin-above-62k-on-february-14,62000.0,1771088460,1770915600,0.7260013156723859,2.000694444444444,65863.37,69718.67,4.063148682722374,0.056885699378847444,1,2026-02-14,False,0.876,1770919200,0.124,-0.10713505449690494
BTC,bitcoin-above-64k-on-february-14,64000.0,1771088460,1770915600,0.6537100995307905,2.000694444444444,65863.37,69718.67,7.011811261434784,0.056885699378847444,1,2026-02-14,False,0.73,1770916500,0.27,-0.1288717875191962
BTC,bitcoin-above-62k-on-february-17,62000.0,1771347660,1770915600,0.6306748906545689,5.000694444444444,65863.37,67523.73,3.9807328622252913,0.02489664686706776,1,2026-02-17,False,0.8,1770919200,0.19999999999999996,0.10089309965704499
BTC,bitcoin-above-64k-on-february-15,64000.0,1771174860,1770916500,0.5914845151794264,2.990277777777778,65740.35,69036.73,6.658734186381827,0.04892578958087311,1,2026-02-15,False,0.7,1770919200,0.30000000000000004,-0.025783827677883564
SOL,solana-above-80-on-february-19,80.0,1771520460,1770920100,0.945639283040631,6.948611111111112,78.34,80.88,2.9805498855047015,0.03190824647453055,1,2026-02-19,False,0.39,1770927300,0.61,0.5148958796236822
BTC,bitcoin-above-64k-on-february-18,64000.0,1771434060,1770920100,0.6032175355743408,5.948611111111111,65694.08,67110.65,4.951454829014613,0.021333934828238765,1,2026-02-18,False,0.64,1770921000,0.36,0.2543659853728341
ETH,ethereum-above-1900-on-february-19,1900.0,1771520460,1770925500,0.700784130488349,6.886111111111111,1931.91,1922.74,4.112420228180158,-0.004757898796982197,1,2026-02-19,False,0.56,1770927300,0.43999999999999995,0.4595664792563436
BTC,bitcoin-above-66k-on-february-18,66000.0,1771434060,1770926400,0.5739729437459198,5.875694444444444,65788.36,67110.65,5.460441428797322,0.01989982672743764,1,2026-02-18,False,0.48,1770928200,0.52,0.4113381617116113
BTC,bitcoin-above-68k-on-february-14,68000.0,1771088460,1770926400,0.5795007709406892,1.8756944444444446,65788.36,69718.67,6.879908869041411,0.05802522117801804,1,2026-02-14,False,0.2,1770927300,0.8,0.40079176618926426
BTC,bitcoin-above-64k-on-february-19,64000.0,1771520460,1770927300,0.6033834147358996,6.865277777777778,65704.14,66343.18,4.640557590783023,0.009679030047067737,1,2026-02-19,False,0.63,1770930000,0.37,0.32508390364366285
BTC,bitcoin-above-66k-on-february-16,66000.0,1771261260,1770930900,0.5641182184886202,3.823611111111111,65669.89,67900.0,6.863442483795729,0.033395509405048165,1,2026-02-16,False,0.47000000000000003,1770931800,0.53,0.30079184198139264
BTC,bitcoin-above-68k-on-february-17,68000.0,1771347660,1770937200,0.5459287331852501,4.750694444444445,66288.0,67523.73,5.812969163676647,0.018470206317818493,0,2026-02-17,False,0.33,1770940800,-0.33,-0.4373667397722245
ETH,ethereum-above-2000-on-february-16,2000.0,1771261260,1770937200,0.6287001605706316,3.7506944444444446,1942.97,1974.47,5.563028252065156,0.016082277674281355,0,2026-02-16,False,0.3,1770943500,-0.3,-0.38946616505958387
ETH,ethereum-above-2000-on-february-14,2000.0,1771088460,1770937200,0.6697511993448866,1.7506944444444443,1942.97,2081.62,6.97704405255225,0.06892870648886727,1,2026-02-14,False,0.24000000000000002,1770942600,0.76,0.2790813783417289
ETH,ethereum-above-2000-on-february-15,2000.0,1771174860,1770937200,0.6167584100164235,2.7506944444444446,1942.97,2006.54,6.344357765932972,0.032194115501765375,1,2026-02-15,False,0.26,1770943500,0.74,0.5357490132990318
BTC,bitcoin-above-68k-on-february-16,68000.0,1771261260,1770939900,0.5333013482713124,3.7194444444444446,66247.44,67900.0,6.500333829465435,0.024639211954355224,0,2026-02-16,False,0.3,1770942600,-0.3,-0.4601631029982644
ETH,ethereum-above-2000-on-february-18,2000.0,1771434060,1770954300,0.6285230497823271,5.552777777777777,1954.22,1970.88,4.861289049187586,0.008489006673801995,0,2026-02-18,False,0.37,1770958800,-0.37,-0.41126751518183396
ETH,ethereum-above-2000-on-february-17,2000.0,1771347660,1770954300,0.6148719467228906,4.552777777777778,1954.22,1979.11,5.4219911656534014,0.012656111861071524,0,2026-02-17,False,0.35000000000000003,1770959700,-0.35000000000000003,-0.41862132670225105
BTC,bitcoin-above-66k-on-february-15,66000.0,1771174860,1770958800,0.4786443829799917,2.5006944444444446,66329.22,69036.73,10.013440122128548,0.04000815772299608,1,2026-02-15,False,0.56,1770962400,0.43999999999999995,0.039380708244103835
BTC,bitcoin-above-64k-on-february-16,64000.0,1771261260,1770966900,0.5527216289254397,3.4069444444444446,66528.27,67900.0,5.852185886282998,0.02040906445572508,1,2026-02-16,False,0.78,1770968700,0.21999999999999997,0.10056236103996567
ETH,ethereum-above-1900-on-february-17,1900.0,1771347660,1770967800,0.6526500271839345,4.396527777777778,1946.13,1979.11,5.325940467681514,0.016804463471368162,1,2026-02-17,False,0.64,1770968700,0.36,0.2705004279601645
XRP,xrp-above-1pt4-on-february-15,1.4,1771174860,1770978600,0.8129892221034969,2.2715277777777776,1.3691,1.523,5.786908464436304,0.10652848425545146,1,2026-02-15,False,0.33,1770982200,0.6699999999999999,0.05352941275855838
XRP,xrp-above-1pt3-on-february-13,1.3,1771002060,1770978600,0.8587611495877006,0.27152777777777776,1.3691,1.4132,1.5166110042174548,0.03170304684527995,1,2026-02-13,False,0.9400000000000001,1770980400,0.05999999999999994,0.01191881028722691
BTC,bitcoin-above-66k-on-february-13,66000.0,1771002060,1770979500,0.5822821560693052,0.2611111111111111,67029.95,68860.52,15.74680606213379,0.02694347500081042,1,2026-02-13,False,0.8200000000000001,1770980400,0.17999999999999994,-0.24427367547771184
BTC,bitcoin-above-70k-on-february-14,70000.0,1771088460,1770998400,0.4426893775748197,1.042361111111111,68692.12,69718.67,12.156266703864796,0.014833653116236961,0,2026-02-14,False,0.18000000000000002,1771011900,-0.18000000000000002,-0.36032184347359164
BTC,bitcoin-above-70k-on-february-16,70000.0,1771261260,1771000200,0.4108809088062487,3.0215277777777776,69079.39,67900.0,9.955065467868533,-0.01722038833320684,0,2026-02-16,False,0.36,1771002000,-0.36,-0.1885699067608064
BTC,bitcoin-above-72k-on-february-19,72000.0,1771520460,1771000200,0.4511201921807423,6.021527777777777,69079.39,66343.18,5.221909565409473,-0.04041545564687423,0,2026-02-19,False,0.23,1771013700,-0.23,-0.01895414556720515
BTC,bitcoin-above-70k-on-february-17,70000.0,1771347660,1771000200,0.43110546163325536,4.021527777777778,69079.39,67523.73,8.388907995481777,-0.022777331244992694,0,2026-02-17,False,0.39,1771003800,-0.39,-0.19892306380314392
ETH,ethereum-above-2100-on-february-14,2100.0,1771088460,1771002000,0.5576933858430033,1.0006944444444446,2061.43,2081.62,11.064439768451038,0.009746519992879177,0,2026-02-14,False,0.221,1771006500,-0.221,-0.3288397834132155
ETH,ethereum-above-2100-on-february-15,2100.0,1771174860,1771002000,0.5151022375363659,2.000694444444444,2061.43,2006.54,9.207911844132258,-0.026988070994222603,0,2026-02-15,False,0.268,1771013700,-0.268,-0.01949622144201546
BTC,bitcoin-above-68k-on-february-14,68000.0,1771088460,1771018200,0.30271160402399055,0.8131944444444444,68903.11,69718.67,18.34994948611448,0.011766829282727853,1,2026-02-14,False,0.81,1771020900,0.18999999999999995,-0.02592072294978881
BTC,bitcoin-above-66k-on-february-14,66000.0,1771088460,1771018200,0.4372236505610978,0.8131944444444444,68903.11,69718.67,2.242939059188583,0.011766829282727853,1,2026-02-14,False,0.966,1771019100,0.03400000000000003,0.00760771899896575
ETH,ethereum-above-2000-on-february-17,2000.0,1771347660,1771059600,0.5821539627093634,3.3340277777777776,2082.35,1979.11,5.622408552861414,-0.05084981494932568,0,2026-02-17,False,0.76,1771074000,-0.76,-0.4741015655174911
ETH,ethereum-above-2000-on-february-16,2000.0,1771261260,1771068600,0.5930376901396528,2.229861111111111,2096.46,1974.47,5.25669108942566,-0.05995020011937589,0,2026-02-16,False,0.84,1771073100,-0.84,-0.5248603172231916
ETH,ethereum-above-2000-on-february-15,2000.0,1771174860,1771068600,0.5565471310201119,1.229861111111111,2096.46,2006.54,4.366946723625079,-0.04383836229189178,1,2026-02-15,False,0.92,1771073100,0.07999999999999996,0.271439792579666
BTC,bitcoin-above-70k-on-february-17,70000.0,1771347660,1771105500,0.4446824669985341,2.8027777777777776,69860.9,67523.73,10.212497739227876,-0.03402703055151182,0,2026-02-17,False,0.46,1771119000,-0.46,-0.11249902742004764
BTC,bitcoin-above-70k-on-february-18,70000.0,1771434060,1771115400,0.4572598050167225,3.6881944444444446,69695.77,67110.65,8.619383220903394,-0.037796877545072625,0,2026-02-18,False,0.46,1771119900,-0.46,-0.13421422788546078
BTC,bitcoin-above-68k-on-february-18,68000.0,1771434060,1771117200,0.4951761980006677,3.667361111111111,69777.07,67110.65,7.11096764766536,-0.0389626960543699,0,2026-02-18,False,0.71,1771119000,-0.71,-0.4329375288915568
BTC,bitcoin-above-72k-on-february-18,72000.0,1771434060,1771118100,0.42912555871752955,3.656944444444444,69902.69,67110.65,7.220013759181814,-0.04076138233315361,0,2026-02-18,False,0.25,1771119000,-0.25,0.04429774128863956
BTC,bitcoin-above-70k-on-february-19,70000.0,1771520460,1771118100,0.47447938792654565,4.656944444444444,69902.69,66343.18,7.433345406549506,-0.052263164796234454,0,2026-02-19,False,0.48,1771119000,-0.48,-0.09150984403017076
ETH,ethereum-above-2000-on-february-17,2000.0,1771347660,1771146000,0.6652490319263397,2.3340277777777776,2069.2,1979.11,6.215453057969533,-0.04451481044341186,0,2026-02-17,False,0.73,1771160400,-0.73,-0.45332028530456164
ETH,ethereum-above-2100-on-february-15,2100.0,1771174860,1771149600,0.6623551102693256,0.2923611111111111,2068.7,2006.54,15.324101778292526,-0.030508544930170026,0,2026-02-15,False,0.169,1771150500,-0.169,0.2985160476175359
ETH,ethereum-above-2100-on-february-19,2100.0,1771520460,1771155000,0.664359285496855,4.229861111111111,2062.25,1922.74,5.34939186248058,-0.07004636770135285,0,2026-02-19,False,0.38,1771160400,-0.38,-0.005294530622060534
BTC,bitcoin-above-68k-on-february-15,68000.0,1771174860,1771156800,0.5539172318941126,0.20902777777777776,70295.22,69036.73,1.3300383599852,-0.018065120388376908,1,2026-02-15,False,0.961,1771158600,0.039000000000000035,0.06302730309429205
ETH,ethereum-above-1900-on-february-17,1900.0,1771347660,1771161300,0.7468532044110611,2.156944444444444,2020.14,1979.11,4.049344717640754,-0.02051956723838111,1,2026-02-17,False,0.86,1771163100,0.14,0.22309080120501285
ETH,ethereum-above-1900-on-february-18,1900.0,1771434060,1771163100,0.7209950994388294,3.1361111111111106,2007.16,1970.88,4.377676874655384,-0.018240644096693494,1,2026-02-18,False,0.79,1771177500,0.20999999999999996,0.28985164584091433
BTC,bitcoin-above-68k-on-february-16,68000.0,1771261260,1771166700,0.49150631841421333,1.0944444444444443,69167.88,67900.0,12.236560371679188,-0.018500558452805547,0,2026-02-16,False,0.73,1771169400,-0.73,-0.5036167995824652
BTC,bitcoin-above-66k-on-february-19,66000.0,1771520460,1771177500,0.5267416193000504,3.9694444444444446,68823.06,66343.18,5.5434257672594,-0.03669789594852226,1,2026-02-19,False,0.76,1771182900,0.24,0.44343206200524266
ETH,ethereum-above-2000-on-february-18,2000.0,1771434060,1771177500,0.6940579000844165,2.9694444444444446,1987.27,1970.88,6.316328582515957,-0.008281694062913922,0,2026-02-18,False,0.4,1771181100,-0.4,-0.34769009907876414
ETH,ethereum-above-1900-on-february-16,1900.0,1771261260,1771177500,0.7654276275981183,0.9694444444444444,1987.27,1974.47,5.409201911806708,-0.0064618296702431055,1,2026-02-16,False,0.825,1771181100,0.17500000000000004,0.20995334140604835
BTC,bitcoin-above-66k-on-february-18,66000.0,1771434060,1771177500,0.5280905869414493,2.9694444444444446,68823.06,67110.65,5.808728404293001,-0.025196113485441544,1,2026-02-18,False,0.79,1771182000,0.20999999999999996,0.3563573800806742
ETH,ethereum-above-2000-on-february-16,2000.0,1771261260,1771177500,0.7002300550498803,0.9694444444444444,1987.27,1974.47,10.846723252739013,-0.0064618296702431055,0,2026-02-16,False,0.35000000000000003,1771178400,-0.35000000000000003,-0.27991032186053527
ETH,ethereum-above-1900-on-february-19,1900.0,1771520460,1771177500,0.7275559672675079,3.9694444444444446,1987.27,1922.74,4.510152768366179,-0.03301058552210422,1,2026-02-19,False,0.7,1771181100,0.30000000000000004,0.4488827836779069
ETH,ethereum-above-2000-on-february-19,2000.0,1771520460,1771177500,0.6979383724166895,3.9694444444444446,1987.27,1922.74,5.439126053960012,-0.03301058552210422,0,2026-02-19,False,0.41000000000000003,1771178400,-0.41000000000000003,-0.23045126423024778
BTC,bitcoin-above-66k-on-february-17,66000.0,1771347660,1771177500,0.5340817350363791,1.9694444444444443,68823.06,67523.73,5.8719420340719255,-0.019059771546640847,1,2026-02-17,False,0.85,1771178400,0.15000000000000002,0.26191787370452846
BTC,bitcoin-above-66k-on-february-16,66000.0,1771261260,1771181100,0.5493713667772547,0.9277777777777778,68700.05,67900.0,5.153319585579192,-0.011713892465426243,1,2026-02-16,False,0.917,1771182000,0.08299999999999996,0.14336543146544956
SOL,solana-above-90-on-february-16,90.0,1771261260,1771207200,0.8712187140964035,0.6256944444444444,85.77,84.04,4.430542929649877,-0.020376419025530296,0,2026-02-16,False,0.05,1771211700,-0.05,0.040278599245146485
BTC,bitcoin-above-70k-on-february-16,70000.0,1771261260,1771218000,0.5266011219773026,0.5006944444444444,68870.07,67900.0,14.32387046717958,-0.014185651399164704,0,2026-02-16,False,0.18000000000000002,1771218900,-0.18000000000000002,0.02319343313419997
SOL,solana-above-90-on-february-19,90.0,1771520460,1771218000,0.9059944431940388,3.500694444444444,85.79,80.88,3.790685164741976,-0.058935874872657994,0,2026-02-19,False,0.25,1771219800,-0.25,-0.026592653449125953
SOL,solana-above-80-on-february-17,80.0,1771347660,1771235100,0.8777939894776282,1.3027777777777776,86.14,84.1,2.920005046638037,-0.02396731264706217,1,2026-02-17,False,0.895,1771249500,0.10499999999999998,0.17498467388377317
BTC,bitcoin-above-68k-on-february-19,68000.0,1771520460,1771245000,0.5114498829208197,3.188194444444444,69505.01,66343.18,7.595675871238008,-0.046557869052603874,0,2026-02-19,False,0.67,1771248600,-0.67,-0.31636151742087804
BTC,bitcoin-above-70k-on-february-19,70000.0,1771520460,1771245000,0.4856725163076561,3.188194444444444,69505.01,66343.18,8.649285419231827,-0.046557869052603874,0,2026-02-19,False,0.42,1771248600,-0.42,-0.01730770205280857
BTC,bitcoin-above-70k-on-february-18,70000.0,1771434060,1771245000,0.46841843643976183,2.1881944444444446,69505.01,67110.65,10.75112597355518,-0.035056086589523035,0,2026-02-18,False,0.4,1771248600,-0.4,-0.02310759693617953
ETH,ethereum-above-2000-on-february-17,2000.0,1771347660,1771245000,0.6407212162623535,1.1881944444444446,1992.42,1979.11,10.83187558344851,-0.0067027316077493135,0,2026-02-17,False,0.43,1771248600,-0.43,-0.35739684515561165
BTC,bitcoin-above-68k-on-february-18,68000.0,1771434060,1771245000,0.5029025263336557,2.1881944444444446,69505.01,67110.65,8.842365827614174,-0.035056086589523035,0,2026-02-18,False,0.71,1771248600,-0.71,-0.40002125789091797
SOL,solana-above-90-on-february-18,90.0,1771434060,1771245900,0.8799355416379383,2.1777777777777776,86.31,82.31,4.752018972675443,-0.047452859247013604,0,2026-02-18,False,0.25,1771248600,-0.25,-0.024503112550494033
BTC,bitcoin-above-70k-on-february-17,70000.0,1771347660,1771246800,0.46849483085586935,1.167361111111111,69763.24,67523.73,14.908175470101028,-0.03262813182345469,0,2026-02-17,False,0.44,1771248600,-0.44,0.04642591448564998
SOL,solana-above-80-on-february-19,80.0,1771520460,1771249500,0.9524208214951382,3.1361111111111106,84.51,80.88,3.8257609220283597,-0.04390329584417508,1,2026-02-19,False,0.72,1771256700,0.28,0.44796351358889513
BTC,bitcoin-above-68k-on-february-17,68000.0,1771347660,1771249500,0.5103249397430187,1.136111111111111,68430.65,67523.73,13.71354935132061,-0.013341732024283579,0,2026-02-17,False,0.58,1771254900,-0.58,-0.39703749945289246
SOL,solana-above-80-on-february-18,80.0,1771434060,1771252200,0.9830700549452694,2.104861111111111,83.68,82.31,4.555294512805422,-0.01650739333206024,1,2026-02-18,False,0.74,1771256700,0.26,0.3351960382662548
ETH,ethereum-above-1900-on-february-17,1900.0,1771347660,1771255800,0.7339382282978173,1.0631944444444446,1966.41,1979.11,7.032639733442424,0.006437703451795152,1,2026-02-17,False,0.81,1771256700,0.18999999999999995,0.14472595091278592
BTC,bitcoin-above-68k-on-february-16,68000.0,1771261260,1771255800,0.526468445909064,0.06319444444444444,68243.07,67900.0,50.524752851703646,-0.005039855883501798,0,2026-02-16,False,0.63,1771256700,-0.63,-0.37536252707786716
ETH,ethereum-above-1900-on-february-18,1900.0,1771434060,1771255800,0.726462040874076,2.0631944444444446,1966.41,1970.88,6.0947381822490065,0.0022705982645256774,1,2026-02-18,False,0.73,1771256700,0.27,0.256161298060647
XRP,xrp-above-1pt5-on-february-19,1.5,1771520460,1771258500,0.8565309291635624,3.031944444444444,1.4889,1.393,5.06457942986711,-0.066577897481699,0,2026-02-19,False,0.44,1771266600,-0.44,-0.10281094993038598
XRP,xrp-above-1pt5-on-february-18,1.5,1771434060,1771258500,0.8565309291635624,2.0319444444444446,1.4889,1.4596,6.17432928198553,-0.01987516669921214,0,2026-02-18,False,0.43,1771267500,-0.43,-0.3072841762647108
XRP,xrp-above-1pt5-on-february-16,1.5,1771261260,1771258500,0.8565309291635624,0.03194444444444444,1.4889,1.4864,32.27934094855931,-0.0016805032019306587,0,2026-02-16,False,0.15000000000000002,1771259400,-0.15000000000000002,-0.09575446417973468
XRP,xrp-above-1pt5-on-february-17,1.5,1771347660,1771259400,0.8553149429358565,1.0215277777777778,1.487,1.4751,8.61525825790527,-0.008034883374151655,0,2026-02-17,False,0.4,1771267500,-0.4,-0.3307774046595342
BTC,bitcoin-above-66k-on-february-18,66000.0,1771434060,1771302600,0.6007994251638907,1.5215277777777778,68603.95,67110.65,6.37414756528131,-0.022007363535028163,1,2026-02-18,False,0.85,1771303500,0.15000000000000002,0.29027818269506045
SOL,solana-above-90-on-february-19,90.0,1771520460,1771304400,1.0227503274318432,2.5006944444444446,86.37,80.88,4.097994856579867,-0.06567381857997831,0,2026-02-19,False,0.26,1771333200,-0.26,0.00913097075271041
BTC,bitcoin-above-66k-on-february-17,66000.0,1771347660,1771319700,0.5688178887416655,0.3236111111111111,68109.03,67523.73,4.265076613522475,-0.008630711831058692,1,2026-02-17,False,0.9450000000000001,1771320600,0.05499999999999994,0.0918106471887001
SOL,solana-above-80-on-february-19,80.0,1771520460,1771335900,0.9834243056218902,2.136111111111111,85.03,80.88,3.9335488042322004,-0.05003756068548522,1,2026-02-19,False,0.78,1771339500,0.21999999999999997,0.4168251870010865
BTC,bitcoin-above-68k-on-february-17,68000.0,1771347660,1771336800,0.5092926738966002,0.12569444444444444,68136.34,67523.73,41.31499905922139,-0.009031606193425079,0,2026-02-17,False,0.55,1771338600,-0.55,-0.1768591986153848
ETH,ethereum-above-2000-on-february-20,2000.0,1771606860,1771338600,0.6548399644598921,3.104861111111111,1988.11,1965.54,6.550747756752606,-0.01141742196716677,0,2026-02-20,False,0.44,1771339500,-0.44,-0.3652073486606844
BTC,bitcoin-above-66k-on-february-20,66000.0,1771606860,1771338600,0.5317364664967488,3.104861111111111,68026.68,67719.7,6.826314846171102,-0.004522853917779584,1,2026-02-20,False,0.72,1771339500,0.28,0.3108744248460019
BTC,bitcoin-above-64k-on-february-20,64000.0,1771606860,1771339500,0.5676441618135485,3.0944444444444446,67103.87,67719.7,5.182523184520629,0.009135409822951046,1,2026-02-20,False,0.81,1771341300,0.18999999999999995,0.14265552679245866
BTC,bitcoin-above-64k-on-february-19,64000.0,1771520460,1771339500,0.5857197820531073,2.0944444444444446,67103.87,66343.18,5.207277373061816,-0.011400750175281122,1,2026-02-19,False,0.842,1771340400,0.15800000000000003,0.21736686842367195
ETH,ethereum-above-1900-on-february-20,1900.0,1771606860,1771339500,0.6808136894798312,3.0944444444444446,1961.76,1965.54,5.674475887905423,0.001924987226469174,1,2026-02-20,False,0.68,1771340400,0.31999999999999995,0.3090767063988747
BTC,bitcoin-above-68k-on-february-18,68000.0,1771434060,1771344000,0.5378980592972712,1.042361111111111,67392.05,67110.65,13.157001174012697,-0.004184308724996497,0,2026-02-18,False,0.36,1771348500,-0.36,-0.3049470451927895
ETH,ethereum-above-2000-on-february-17,2000.0,1771347660,1771346700,0.6725324142641173,0.01111111111111111,1992.63,1979.11,65.41996793131737,-0.006808125517584495,0,2026-02-17,False,0.129,1771347600,-0.129,0.31638735303276116
BTC,bitcoin-above-68k-on-february-24,68000.0,1771952460,1771358400,0.5185496323280548,6.875694444444445,67793.32,64243.11,5.588235010365831,-0.053789184347782376,0,2026-02-24,False,0.47000000000000003,1771370100,-0.47000000000000003,-0.16941339684870077
XRP,xrp-above-1pt5-on-february-18,1.5,1771434060,1771359300,0.7911177325701744,0.8652777777777777,1.4792,1.4596,9.629144673140534,-0.013338975510622601,0,2026-02-18,False,0.33,1771369200,-0.33,-0.20155707501673636
XRP,xrp-above-1pt5-on-february-22,1.5,1771779660,1771360200,0.7934536039712901,4.854861111111111,1.4824,1.3925,4.293551523150481,-0.0625617031697108,0,2026-02-22,False,0.41000000000000003,1771441200,-0.41000000000000003,-0.14138810406479996
BTC,bitcoin-above-68k-on-february-21,68000.0,1771693260,1771360200,0.5191255390955267,3.854861111111111,67735.6,68314.42,7.440828756431342,0.008508980628484767,1,2026-02-21,False,0.46,1771370100,0.54,0.47668613225165335
XRP,xrp-above-1pt5-on-february-20,1.5,1771606860,1771361100,0.7953339930835279,2.844444444444444,1.4833,1.4305,5.575553212437452,-0.03624530183940175,0,2026-02-20,False,0.41000000000000003,1771441200,-0.41000000000000003,-0.20791239089355854
XRP,xrp-above-1pt6-on-february-23,1.6,1771866060,1771361100,0.7806477750566283,5.844444444444444,1.4833,1.3663,2.894788675332968,-0.08216297898512445,0,2026-02-23,False,0.18000000000000002,1771441200,-0.18000000000000002,0.05784446109775887
XRP,xrp-above-1pt5-on-february-21,1.5,1771693260,1771361100,0.7953339930835279,3.8444444444444446,1.4833,1.4403,4.810741836447362,-0.029417910124562487,0,2026-02-21,False,0.42,1771441200,-0.42,-0.2784780290229188
BTC,bitcoin-above-68k-on-february-22,68000.0,1771779660,1771362000,0.5181276337824624,4.834027777777778,67753.3,67635.21,6.6630969932598845,-0.0017444616230298242,0,2026-02-22,False,0.47000000000000003,1771366500,-0.47000000000000003,-0.45837648300473277
BTC,bitcoin-above-68k-on-february-23,68000.0,1771866060,1771362000,0.5172414268122046,5.834027777777778,67753.3,65413.5,6.076965644921007,-0.03514450788126708,0,2026-02-23,False,0.47000000000000003,1771369200,-0.47000000000000003,-0.2564280329978844
XRP,xrp-above-1pt6-on-february-22,1.6,1771779660,1771362000,0.7813000807398721,4.834027777777778,1.4873,1.3925,3.0724654849340616,-0.0658617027971132,0,2026-02-22,False,0.17,1771441200,-0.17,0.032357808623115436
BTC,bitcoin-above-70k-on-february-23,70000.0,1771866060,1771362000,0.50446043705477,5.834027777777778,67753.3,65413.5,5.396690923302138,-0.03514450788126708,0,2026-02-23,False,0.28,1771364700,-0.28,-0.09033595331324551
XRP,xrp-above-1pt7-on-february-22,1.7,1771779660,1771362900,0.7848379391886704,4.823611111111111,1.491,1.3925,1.4375226436485038,-0.06834634296329929,0,2026-02-22,False,0.04,1771441200,-0.04,0.05824941562030931
XRP,xrp-above-1pt5-on-february-19,1.5,1771520460,1771362900,0.8002930644862171,1.823611111111111,1.491,1.393,6.988807745603209,-0.06798734098493278,0,2026-02-19,False,0.43,1771364700,-0.43,0.04515045527846473
BTC,bitcoin-above-66k-on-february-24,66000.0,1771952460,1771362900,0.5386761924259309,6.823611111111111,67885.23,64243.11,5.102602302748455,-0.055144004458384584,0,2026-02-24,False,0.65,1771370100,-0.65,-0.36862207586787576
BTC,bitcoin-above-72k-on-february-22,72000.0,1771779660,1771363800,0.49694020284717516,4.813194444444444,67590.85,67635.21,3.667324672777181,0.0006560865796315925,0,2026-02-22,False,0.09999999999999999,1771378200,-0.09999999999999999,-0.10240608250096092
ETH,ethereum-above-2100-on-february-22,2100.0,1771779660,1771364700,0.6845072326240632,4.802777777777778,1996.34,1953.53,4.021142436426663,-0.021677511617792328,0,2026-02-22,False,0.22,1771375500,-0.22,-0.13283163811756327
SOL,solana-above-90-on-february-22,90.0,1771779660,1771364700,0.8940903181328167,4.802777777777778,85.06,83.6,3.245703615711787,-0.017313369734831625,0,2026-02-22,False,0.24000000000000002,1771383600,-0.24000000000000002,-0.183805933251502
ETH,ethereum-above-2200-on-february-22,2200.0,1771779660,1771366500,0.6911665198931636,4.781944444444445,2000.58,1953.53,2.3357977007397412,-0.023799146071557094,0,2026-02-22,False,0.08,1771370100,-0.08,-0.024410009326487694
ETH,ethereum-above-2100-on-february-24,2100.0,1771952460,1771366500,0.6886852797876412,6.781944444444444,2000.58,1857.12,3.6256605167258713,-0.07441023787989778,0,2026-02-24,False,0.26,1771377300,-0.26,0.009786261521325168
ETH,ethereum-above-2100-on-february-21,2100.0,1771693260,1771370100,0.6832545516357897,3.740277777777778,1992.53,1986.86,4.208142322982253,-0.0028496849200667254,0,2026-02-21,False,0.18000000000000002,1771377300,-0.18000000000000002,-0.16800812028070294
XRP,xrp-above-1pt5-on-february-24,1.5,1771952460,1771371000,0.7940133276522199,6.729861111111111,1.4731,1.3571,3.610338000999362,-0.08201895373356773,0,2026-02-24,False,0.4,1771441200,-0.4,-0.10388385453349197
ETH,ethereum-above-2000-on-february-21,2000.0,1771693260,1771375500,0.6815528989270317,3.6777777777777776,1992.33,1986.86,5.80752091708919,-0.002749304981916892,0,2026-02-21,False,0.45,1771377300,-0.45,-0.43403335381006014
ETH,ethereum-above-2000-on-february-22,2000.0,1771779660,1771376400,0.6826531512596719,4.667361111111111,1981.54,1953.53,5.103290776724011,-0.014236327725314165,0,2026-02-22,False,0.44,1771378200,-0.44,-0.3673478800249839
BTC,bitcoin-above-72k-on-february-20,72000.0,1771606860,1771380900,0.6358365026185009,2.615277777777778,67277.03,67719.7,3.235902549979977,0.006558256435230092,0,2026-02-20,False,0.060000000000000005,1771381800,-0.060000000000000005,-0.08122187872218364
BTC,bitcoin-above-70k-on-february-19,70000.0,1771520460,1771380900,0.6135717387395856,1.6152777777777778,67277.03,66343.18,5.9728604177479445,-0.013977903563002313,0,2026-02-19,False,0.12,1771381800,-0.12,-0.03651193308544552
BTC,bitcoin-above-66k-on-february-18,66000.0,1771434060,1771390800,0.5357148736370984,0.5006944444444444,67823.54,67110.65,7.934400090667479,-0.010566582613250762,1,2026-02-18,False,0.9,1771392600,0.09999999999999998,0.18383949404462224
ETH,ethereum-above-2200-on-february-21,2200.0,1771693260,1771404300,0.6824557180059134,3.344444444444444,2022.6,1986.86,2.556650203877917,-0.017828309375382573,0,2026-02-21,False,0.060000000000000005,1771411500,-0.060000000000000005,-0.01441924920062957
ETH,ethereum-above-1900-on-february-18,1900.0,1771434060,1771413300,0.7118990645788641,0.24027777777777778,1984.98,1970.88,1.266687285782998,-0.007128695005102793,1,2026-02-18,False,0.962,1771423200,0.038000000000000034,0.04702982732718851
BTC,bitcoin-above-66k-on-february-20,66000.0,1771606860,1771425000,0.5280945207978778,2.104861111111111,67086.01,67719.7,9.230487053459601,0.009401599793543063,1,2026-02-20,False,0.65,1771439400,0.35,0.2632186548238923
BTC,bitcoin-above-66k-on-february-21,66000.0,1771693260,1771427700,0.5079683683549334,3.073611111111111,67369.78,68314.42,7.844551942690998,0.013924322252932247,1,2026-02-21,False,0.67,1771431300,0.32999999999999996,0.22076993082010482
SOL,solana-above-80-on-february-19,80.0,1771520460,1771427700,0.9477161197773485,1.073611111111111,82.79,80.88,6.3192152776814705,-0.023340706438498685,1,2026-02-19,False,0.74,1771439400,0.26,0.40749494871803915
ETH,ethereum-above-2000-on-february-20,2000.0,1771606860,1771428600,0.6262204905078356,2.0631944444444446,1981.98,1965.54,8.278444190999465,-0.008329328311118362,0,2026-02-20,False,0.4,1771431300,-0.4,-0.33104612042789483
SOL,solana-above-80-on-february-21,80.0,1771693260,1771430400,0.8887947542083354,3.042361111111111,83.01,86.02,4.511535713753034,0.035618744888645915,1,2026-02-21,False,0.68,1771431300,0.31999999999999995,0.1593047603558156
BTC,bitcoin-above-66k-on-february-22,66000.0,1771779660,1771432200,0.4763192292585597,4.021527777777778,67256.05,67635.21,7.499760170529028,0.005621728176830511,1,2026-02-22,False,0.65,1771435800,0.35,0.30783838692986576
BTC,bitcoin-above-66k-on-february-19,66000.0,1771520460,1771436700,0.502138477007367,0.9694444444444444,67096.7,66343.18,12.689656641851919,-0.011293895189392146,1,2026-02-19,False,0.72,1771439400,0.28,0.4233156521024495
BTC,bitcoin-above-68k-on-february-25,68000.0,1772038860,1771437600,0.47834445393313796,6.959027777777777,67187.39,68249.16,5.902009728662458,0.015679545185681827,1,2026-02-25,False,0.4,1771440300,0.6,0.5074591717731032
SOL,solana-above-80-on-february-25,80.0,1772038860,1771439400,0.8261910757595609,6.938194444444445,81.74,87.47,3.471942917460207,0.06775239929563232,1,2026-02-25,False,0.55,1771443900,0.44999999999999996,0.21476753712459343
ETH,ethereum-above-1900-on-february-20,1900.0,1771606860,1771439400,0.6230453532117367,1.9381944444444446,1968.63,1965.54,6.588571886137508,-0.0015708526247729788,1,2026-02-20,False,0.77,1771440300,0.22999999999999998,0.24034967544084454
ETH,ethereum-above-2000-on-february-25,2000.0,1772038860,1771439400,0.627253683735971,6.938194444444445,1968.63,2047.32,4.4967047313477275,0.03919375143949924,1,2026-02-25,False,0.39,1771441200,0.61,0.43375727246273693
BTC,bitcoin-above-64k-on-february-21,64000.0,1771693260,1771439400,0.5524931050765488,2.9381944444444446,66882.41,68314.42,5.5414403245076915,0.021184868855497543,1,2026-02-21,False,0.8200000000000001,1771440300,0.17999999999999994,0.06260531345473874
SOL,solana-above-80-on-february-23,80.0,1771866060,1771439400,0.8344423463327563,4.938194444444445,81.74,79.08,4.04916103356682,-0.033083479833715054,0,2026-02-23,False,0.5700000000000001,1771443000,-0.5700000000000001,-0.43603966260252736
BTC,bitcoin-above-64k-on-february-20,64000.0,1771606860,1771440300,0.5643762013181157,1.9277777777777778,66342.3,67719.7,6.743762106218109,0.020549424448871628,1,2026-02-20,False,0.81,1771441200,0.18999999999999995,0.051419570097107514
BTC,bitcoin-above-64k-on-february-19,64000.0,1771520460,1771440300,0.6143001008087015,0.9277777777777778,66342.3,66343.18,6.686793943915111,1.3264450639175392e-05,1,2026-02-19,False,0.886,1771441200,0.11399999999999999,0.1139113033517966
BTC,bitcoin-above-64k-on-february-22,64000.0,1771779660,1771440300,0.5136721530703614,3.927777777777778,66342.3,67635.21,6.06930926168602,0.01930100263730183,1,2026-02-22,False,0.76,1771443000,0.24,0.12285624593359769
ETH,ethereum-above-1900-on-february-19,1900.0,1771520460,1771442100,0.6437571908500557,0.9069444444444446,1955.36,1922.74,8.448561906457005,-0.01682306765020211,1,2026-02-19,False,0.81,1771443900,0.18999999999999995,0.33213072849924663
BTC,bitcoin-above-64k-on-february-23,64000.0,1771866060,1771446600,0.5338896799387521,4.854861111111111,66301.6,65413.5,5.590973162200029,-0.013485370451234052,1,2026-02-23,False,0.73,1771449300,0.27,0.3453963442751749
XRP,xrp-above-1pt6-on-february-22,1.6,1771779660,1771454700,0.81736237433982,3.7611111111111106,1.4214,1.3925,1.6368575104763912,-0.020541608591355648,0,2026-02-22,False,0.04,1771566300,-0.04,-0.0063763136999731435
BTC,bitcoin-above-68k-on-february-22,68000.0,1771779660,1771471800,0.4680426259916884,3.5631944444444446,66956.44,67635.21,8.09264766848993,0.010086446739086328,0,2026-02-22,False,0.35000000000000003,1771478100,-0.35000000000000003,-0.4316260596864149
BTC,bitcoin-above-68k-on-february-21,68000.0,1771693260,1771471800,0.4940820894760631,2.5631944444444446,66956.44,68314.42,8.914947227093558,0.02007861297314585,1,2026-02-21,False,0.35000000000000003,1771472700,0.6499999999999999,0.47100022495116856
BTC,bitcoin-above-68k-on-february-20,68000.0,1771606860,1771487100,0.520127519302643,1.386111111111111,67193.46,67719.7,11.542760042587723,0.007801205884720267,0,2026-02-20,False,0.34,1771488000,-0.34,-0.43004744757014934
BTC,bitcoin-above-66k-on-february-23,66000.0,1771866060,1771490700,0.45501652292699474,4.344444444444444,66933.82,65413.5,7.772947138975563,-0.022975710859957924,0,2026-02-23,False,0.61,1771501500,-0.61,-0.43141101400516024
ETH,ethereum-above-1800-on-february-23,1800.0,1771866060,1771499700,0.7012149694061552,4.240277777777778,1963.58,1886.35,2.8409798155942205,-0.04012559283954052,1,2026-02-23,False,0.89,1771506900,0.10999999999999999,0.2239959993458866
BTC,bitcoin-above-66k-on-february-24,66000.0,1771952460,1771502400,0.48338272564027707,5.209027777777778,66496.02,64243.11,6.8735526126495206,-0.03446761557578075,0,2026-02-24,False,0.55,1771507800,-0.55,-0.313085030907293
BTC,bitcoin-above-66k-on-february-25,66000.0,1772038860,1771503300,0.4950360171615202,6.198611111111111,66564.14,68249.16,6.153397855721588,0.024999132199147272,1,2026-02-25,False,0.55,1771507800,0.44999999999999996,0.2961703935308666
ETH,ethereum-above-1900-on-february-22,1900.0,1771779660,1771503300,0.5998655038237662,3.198611111111111,1950.45,1953.53,6.452817522858561,0.0015778772632143983,1,2026-02-22,False,0.6900000000000001,1771506900,0.30999999999999994,0.29981824594700995
BTC,bitcoin-above-66k-on-february-20,66000.0,1771606860,1771512300,0.5742061426374534,1.0944444444444443,66260.56,67719.7,12.611997594358042,0.021782278858697386,1,2026-02-20,False,0.54,1771515000,0.45999999999999996,0.18528195143447246
ETH,ethereum-above-1900-on-february-25,1900.0,1772038860,1771512300,0.6813129848157898,6.094444444444444,1934.66,2047.32,4.47292402298133,0.05660002034416632,1,2026-02-25,False,0.5700000000000001,1771514100,0.42999999999999994,0.17683240930134642
ETH,ethereum-above-1900-on-february-24,1900.0,1771952460,1771512300,0.6697665174200453,5.094444444444445,1934.66,1857.12,4.952632345363478,-0.04090469981033943,0,2026-02-24,False,0.58,1771514100,-0.58,-0.3774140606419296
BTC,bitcoin-above-68k-on-february-23,68000.0,1771866060,1771515900,0.4700948460221317,4.052777777777778,66474.03,65413.5,7.167150063761095,-0.01608268589135005,0,2026-02-23,False,0.31,1771517700,-0.31,-0.19473297678836082
ETH,ethereum-above-1900-on-february-20,1900.0,1771606860,1771529400,0.6671914447928196,0.8965277777777778,1936.87,1965.54,10.286743133054658,0.014693748649761544,1,2026-02-20,False,0.72,1771530300,0.28,0.1288491819782343
ETH,ethereum-above-2000-on-february-21,2000.0,1771693260,1771550100,0.5884152149533889,1.6569444444444443,1961.2,1986.86,8.8177069253412,0.01299897231560911,0,2026-02-21,False,0.28,1771552800,-0.28,-0.394621128209665
ETH,ethereum-above-2000-on-february-22,2000.0,1771779660,1771550100,0.5503803163927093,2.6569444444444446,1961.2,1953.53,7.7096277999203835,-0.003918538348425147,0,2026-02-22,False,0.31,1771551000,-0.31,-0.27978952781392735
BTC,bitcoin-above-68k-on-february-22,68000.0,1771779660,1771558200,0.4002975421040851,2.5631944444444446,67414.25,67635.21,11.452491745246942,0.003272285534014517,0,2026-02-22,False,0.39,1771560900,-0.39,-0.42747582306639226
ETH,ethereum-above-2000-on-february-23,2000.0,1771866060,1771558200,0.5653569268937351,3.5631944444444446,1958.26,1886.35,6.57821998821929,-0.03741257891590781,0,2026-02-23,False,0.33,1771560900,-0.33,-0.08389182556454367
ETH,ethereum-above-2000-on-february-20,2000.0,1771606860,1771560000,0.6363747616393785,0.5423611111111111,1954.85,1965.54,10.424764435714692,0.005453552577407363,0,2026-02-20,False,0.15000000000000002,1771560900,-0.15000000000000002,-0.2068520009572565
ETH,ethereum-above-1900-on-february-23,1900.0,1771866060,1771560900,0.5985125382982871,3.5319444444444446,1947.73,1886.35,6.2749927238526535,-0.03202084698131958,0,2026-02-23,False,0.67,1771561800,-0.67,-0.4690694181806205
XRP,xrp-above-1pt6-on-february-26,1.6,1772125260,1771566300,0.7746381506343305,6.469444444444444,1.4209,1.3913,1.8769029934396213,-0.021051911796198617,0,2026-02-26,False,0.09,1771990200,-0.09,-0.05048760373208794
XRP,xrp-above-1pt5-on-february-23,1.5,1771866060,1771566300,0.7879553725291781,3.469444444444444,1.4209,1.3663,3.938696676874288,-0.03918411729958743,0,2026-02-23,False,0.19,1771569000,-0.19,-0.0356656474058627
XRP,xrp-above-1pt6-on-february-25,1.6,1772038860,1771566300,0.7746381506343305,5.469444444444444,1.4209,1.448,1.808784233379432,0.018892820301632016,0,2026-02-25,False,0.06999999999999999,1771990200,-0.06999999999999999,-0.10417303548566283
XRP,xrp-above-1pt5-on-february-26,1.5,1772125260,1771567200,0.7719460783755012,6.459027777777778,1.4187,1.3913,3.256643042456567,-0.019502397470108748,0,2026-02-26,False,0.25,1771990200,-0.25,-0.18648765296774777
XRP,xrp-above-1pt5-on-february-25,1.5,1772038860,1771569000,0.7724323948492525,5.438194444444444,1.4147,1.448,3.384861598507789,0.023265799480772915,0,2026-02-25,False,0.23,1771990200,-0.23,-0.3087515112210507
XRP,xrp-above-1pt4-on-february-25,1.4,1772038860,1771571700,0.8145516884084967,5.406944444444444,1.4197,1.448,4.007271917748808,0.019737712276133364,1,2026-02-25,False,0.54,1771990200,0.45999999999999996,0.38090561987524485
XRP,xrp-above-1pt4-on-february-26,1.4,1772125260,1771571700,0.8145516884084967,6.406944444444444,1.4197,1.3913,3.6861576398391342,-0.020207019821697186,0,2026-02-26,False,0.53,1771990200,-0.53,-0.45551373950587015
BTC,bitcoin-above-66k-on-february-23,66000.0,1771866060,1771577100,0.4767192283270453,3.344444444444444,67792.86,65413.5,7.454685592639901,-0.03572822048696893,0,2026-02-23,False,0.74,1771587900,-0.74,-0.47365734948513094
BTC,bitcoin-above-70k-on-february-21,70000.0,1771693260,1771578900,0.44938685485653496,1.323611111111111,68132.01,68314.42,8.82496218706299,0.0026737248994757466,0,2026-02-21,False,0.13,1771580700,-0.13,-0.15359552113648225
BTC,bitcoin-above-68k-on-february-20,68000.0,1771606860,1771585200,0.5001814941823925,0.25069444444444444,67948.99,67719.7,30.371944153308096,-0.003380149366976061,0,2026-02-20,False,0.47000000000000003,1771586100,-0.47000000000000003,-0.3673382921963634
SOL,solana-above-80-on-february-26,80.0,1772125260,1771585200,0.7826244832334822,6.250694444444445,84.09,84.79,3.5426564552582867,0.008289957471104987,1,2026-02-26,False,0.68,1771593300,0.31999999999999995,0.2906315286511732
BTC,bitcoin-above-66k-on-february-24,66000.0,1771952460,1771591500,0.48182904521114545,4.177777777777778,67475.31,64243.11,7.1352636917355525,-0.049087272516790174,0,2026-02-24,False,0.68,1771592400,-0.68,-0.3297493666846187
BTC,bitcoin-above-64k-on-february-23,64000.0,1771866060,1771592400,0.5239678674622945,3.1673611111111115,67541.77,65413.5,4.565960159440739,-0.032017562126954564,1,2026-02-23,False,0.88,1771593300,0.12,0.26619091307409326
BTC,bitcoin-above-66k-on-february-25,66000.0,1772038860,1771592400,0.5029373322291342,5.167361111111111,67541.77,68249.16,6.257407855808117,0.010418904990658303,1,2026-02-25,False,0.64,1771593300,0.36,0.2948046620625363
BTC,bitcoin-above-64k-on-february-25,64000.0,1772038860,1771592400,0.5475330865804502,5.167361111111111,67541.77,68249.16,4.46725736194852,0.010418904990658303,1,2026-02-25,False,0.81,1771593300,0.18999999999999995,0.14345606997703947
ETH,ethereum-above-1900-on-february-22,1900.0,1771779660,1771592400,0.5706801317366439,2.167361111111111,1949.82,1953.53,7.726592636129596,0.0019009318237855452,1,2026-02-22,False,0.73,1771595100,0.27,0.25531227416855423
BTC,bitcoin-above-66k-on-february-20,66000.0,1771606860,1771598700,0.5900242202089675,0.09444444444444444,67065.3,67719.7,10.209869334764019,0.009710355632968055,1,2026-02-20,False,0.89,1771600500,0.10999999999999999,0.010858537793306394
BTC,bitcoin-above-70k-on-february-22,70000.0,1771779660,1771601400,0.423040649019834,2.0631944444444446,67453.71,67635.21,6.2457765587181795,0.002687120590079829,0,2026-02-22,False,0.06999999999999999,1771607700,-0.06999999999999999,-0.08678315479196955
SOL,solana-above-80-on-february-23,80.0,1771866060,1771603200,0.753548961381298,3.042361111111111,84.38,79.08,4.408612917298628,-0.06487040839377638,0,2026-02-23,False,0.8,1771607700,-0.8,-0.5140114796047601
BTC,bitcoin-above-68k-on-february-23,68000.0,1771866060,1771604100,0.4446583479993246,3.031944444444444,67725.13,65413.5,9.773085323752216,-0.03472864831740922,0,2026-02-23,False,0.43,1771605000,-0.43,-0.09059395681537585
ETH,ethereum-above-2000-on-february-24,2000.0,1771952460,1771604100,0.5770294515632091,4.031944444444444,1963.52,1857.12,6.221539381766304,-0.05571188023841477,0,2026-02-24,False,0.35000000000000003,1771607700,-0.35000000000000003,-0.003386343064454622
BTC,bitcoin-above-68k-on-february-25,68000.0,1772038860,1771618500,0.46560564631709367,4.865277777777778,67816.34,68249.16,7.399299926251253,0.006361957437364702,1,2026-02-25,False,0.47000000000000003,1771621200,0.53,0.4829259688028938
BTC,bitcoin-above-68k-on-february-26,68000.0,1772125260,1771636500,0.4705909089633424,5.656944444444444,67928.82,66806.69,6.802035071784811,-0.01665716700087779,0,2026-02-26,False,0.49,1771645500,-0.49,-0.37669736586345265
BTC,bitcoin-above-68k-on-february-24,68000.0,1771952460,1771638300,0.4345705843419519,3.6361111111111115,67976.28,64243.11,9.19360116288365,-0.056484340122708476,0,2026-02-24,False,0.5,1771643700,-0.5,0.019294495036848325
BTC,bitcoin-above-66k-on-february-21,66000.0,1771693260,1771648200,0.2426924565932543,0.5215277777777777,67717.0,68314.42,0.8750660009814715,0.008783615447113886,1,2026-02-21,False,0.971,1771650000,0.029000000000000026,0.021313756756534998
BTC,bitcoin-above-68k-on-february-21,68000.0,1771693260,1771655400,0.2628733344501232,0.43819444444444444,67873.26,68314.42,42.85062549382465,0.006478729105313217,1,2026-02-21,False,0.36,1771656300,0.64,0.3623824054322817
ETH,ethereum-above-2000-on-february-23,2000.0,1771866060,1771666200,0.46465986169141665,2.3131944444444446,1975.84,1886.35,10.154560411215668,-0.04634987945082986,0,2026-02-23,False,0.36,1771668900,-0.36,0.11066265093601552
SOL,solana-above-90-on-february-22,90.0,1771779660,1771682400,0.5543528723077966,1.1256944444444443,85.85,83.6,3.9052636246362864,-0.02655806725282861,0,2026-02-22,False,0.033,1771695900,-0.033,0.07071625398311572
SOL,solana-above-110-on-february-26,110.0,1772125260,1771689600,1.630366509999662,5.042361111111111,86.58,84.79,0.8424137661831205,-0.020891230697922772,0,2026-02-26,False,0.02,1771695000,-0.02,-0.002400939667562458
SOL,solana-above-110-on-february-25,110.0,1772038860,1771689600,1.5438305464828876,4.042361111111111,86.58,87.47,0.7331549325575999,0.010227035417929107,0,2026-02-25,False,0.02,1771690500,-0.02,-0.027498001462096
BTC,bitcoin-above-70k-on-february-22,70000.0,1771779660,1771698600,0.36768963635791047,0.9381944444444443,68490.45,67635.21,10.682826436427295,-0.01256561405281782,0,2026-02-22,False,0.08099999999999999,1771707600,-0.08099999999999999,0.05323627399338454
ETH,ethereum-above-1900-on-february-25,1900.0,1772038860,1771699500,0.6197973043844406,3.927777777777778,1992.38,2047.32,4.835248974914102,0.02720171677102323,1,2026-02-25,False,0.78,1771706700,0.21999999999999997,0.08847292686700617
BTC,bitcoin-above-70k-on-february-26,70000.0,1772125260,1771726500,0.5154215071426672,4.615277777777777,68215.41,66806.69,6.150254306673135,-0.020867267176490602,0,2026-02-26,False,0.3,1771737300,-0.3,-0.1716610001792897
ETH,ethereum-above-2000-on-february-22,2000.0,1771779660,1771734600,0.5237515167071807,0.5215277777777777,1972.34,1953.53,15.624190389790732,-0.009582662665481242,0,2026-02-22,False,0.17,1771735500,-0.17,-0.020278654073381558
BTC,bitcoin-above-68k-on-february-25,68000.0,1772038860,1771735500,0.4802219017053328,3.511111111111111,67987.14,68249.16,8.466954923602653,0.0038465566529705016,1,2026-02-25,False,0.51,1771737300,0.49,0.4574313782082149
BTC,bitcoin-above-68k-on-february-24,68000.0,1771952460,1771736400,0.5016625564578714,2.5006944444444446,67983.5,64243.11,9.604190837360214,-0.05659054800281514,0,2026-02-24,False,0.5,1771738200,-0.5,0.04350642260983051
BTC,bitcoin-above-70k-on-february-24,70000.0,1771952460,1771743600,0.5299993263715348,2.417361111111111,68038.13,64243.11,7.33692323540357,-0.05739380264602675,0,2026-02-24,False,0.22,1771749000,-0.22,0.20109392420180053
ETH,ethereum-above-1900-on-february-23,1900.0,1771866060,1771767900,0.6289726890351667,1.136111111111111,1947.8,1886.35,8.957263088611581,-0.03205678560841648,0,2026-02-23,False,0.76,1771782300,-0.76,-0.4728589375301961
BTC,bitcoin-above-68k-on-february-22,68000.0,1771779660,1771767900,0.48751120123633473,0.1361111111111111,67633.61,67635.21,35.845265876097365,2.3656597286422346e-05,0,2026-02-22,False,0.24000000000000002,1771768800,-0.24000000000000002,-0.2408479770194556
ETH,ethereum-above-2000-on-february-26,2000.0,1772125260,1771772400,0.6338171522948367,4.084027777777778,1950.64,1989.24,5.4791021543561715,0.01959513238629872,0,2026-02-26,False,0.34,1771781400,-0.34,-0.4473637320726637
ETH,ethereum-above-1900-on-february-24,1900.0,1771952460,1771780500,0.6563742873187083,1.9902777777777778,1948.43,1857.12,7.281596024071789,-0.047997019442563627,0,2026-02-24,False,0.71,1771782300,-0.71,-0.3605050940597323
ETH,ethereum-above-2000-on-february-24,2000.0,1771952460,1771794900,0.606240128281022,1.823611111111111,1942.51,1857.12,7.276380330703712,-0.04495405061338714,0,2026-02-24,False,0.23,1771807500,-0.23,0.09710276966870932
ETH,ethereum-above-2000-on-february-23,2000.0,1771866060,1771796700,0.5655498189378719,0.8027777777777778,1949.83,1886.35,9.386553139690873,-0.033098444351578195,0,2026-02-23,False,0.16,1771806600,-0.16,0.15068030674718993
BTC,bitcoin-above-70k-on-february-23,70000.0,1771866060,1771807500,0.629584345999519,0.6777777777777778,67180.25,65413.5,4.568281197658823,-0.02665064634345281,0,2026-02-23,False,0.031,1771808400,-0.031,0.09074764659625036
BTC,bitcoin-above-66k-on-february-23,66000.0,1771866060,1771808400,0.5422010405382975,0.6673611111111111,66740.47,65413.5,15.410746628496558,-0.020082856372544287,0,2026-02-23,False,0.67,1771810200,-0.67,-0.3605081888662326
BTC,bitcoin-above-62k-on-february-25,62000.0,1772038860,1771810200,0.7021114149255142,2.6465277777777776,65050.0,68249.16,4.948194109806916,0.048008921338506864,1,2026-02-25,False,0.794,1771812000,0.20599999999999996,-0.031557461785383295
ETH,ethereum-above-1800-on-february-26,1800.0,1772125260,1771810200,0.7961732418136198,3.6465277777777776,1873.62,1989.24,4.501656592531027,0.059880267801233296,1,2026-02-26,False,0.67,1771812000,0.32999999999999996,0.06043959769005475
ETH,ethereum-above-1800-on-february-25,1800.0,1772038860,1771810200,0.7724238606131854,2.6465277777777776,1873.62,2047.32,5.136601179778781,0.08865923235127662,1,2026-02-25,False,0.71,1771812000,0.29000000000000004,-0.1654071174938485
ETH,ethereum-above-1800-on-february-23,1800.0,1771866060,1771810200,0.9078833140260844,0.6465277777777778,1873.62,1886.35,6.142827342204748,0.006771356495140753,1,2026-02-23,False,0.856,1771811100,0.14400000000000002,0.1024047261778337
BTC,bitcoin-above-62k-on-february-26,62000.0,1772125260,1771810200,0.6516982012501356,3.6465277777777776,65050.0,66806.69,4.778028113498095,0.026647020270038135,1,2026-02-26,False,0.77,1771812000,0.22999999999999998,0.10267978800880417
BTC,bitcoin-above-64k-on-february-25,64000.0,1772038860,1771810200,0.6172291634787976,2.6465277777777776,65050.0,68249.16,7.291862448298875,0.048008921338506864,1,2026-02-25,False,0.6,1771812000,0.4,0.04992554930840726
BTC,bitcoin-above-64k-on-february-23,64000.0,1771866060,1771810200,0.7358735714558757,0.6465277777777778,65050.0,65413.5,11.310725015531805,0.005572454220894058,1,2026-02-23,False,0.668,1771812000,0.33199999999999996,0.26897150264582775
BTC,bitcoin-above-64k-on-february-24,64000.0,1771952460,1771810200,0.6726859535055528,1.6465277777777778,65050.0,64243.11,8.340880889207948,-0.01248172428760683,1,2026-02-24,False,0.62,1771812000,0.38,0.48410857557486253
ETH,ethereum-above-1800-on-february-24,1800.0,1771952460,1771810200,0.7956484792889588,1.6465277777777778,1873.62,1857.12,5.746666467345955,-0.00884548780322918,1,2026-02-24,False,0.75,1771811100,0.25,0.3008320681461348
BTC,bitcoin-above-62k-on-february-24,62000.0,1771952460,1771810200,0.7623856483766632,1.6465277777777778,65050.0,64243.11,5.139191396038821,-0.01248172428760683,1,2026-02-24,False,0.84,1771812000,0.16000000000000003,0.22414597006659784
BTC,bitcoin-above-66k-on-february-25,66000.0,1772038860,1771840800,0.6004051144408814,2.292361111111111,66404.91,68249.16,8.338498730220087,0.027394126765355076,1,2026-02-25,False,0.56,1771841700,0.43999999999999995,0.21157410875159857
BTC,bitcoin-above-68k-on-february-26,68000.0,1772125260,1771848000,0.5589789389826292,3.2090277777777776,66207.23,66806.69,6.593193298771389,0.009013553747548872,0,2026-02-26,False,0.3,1771857000,-0.3,-0.35942810216645493
BTC,bitcoin-above-68k-on-february-25,68000.0,1772038860,1771854300,0.560607295874739,2.136111111111111,66353.16,68249.16,7.8019269328254195,0.028173740428330485,1,2026-02-25,False,0.27,1771857000,0.73,0.510190535753776
ETH,ethereum-above-1900-on-february-23,1900.0,1771866060,1771854300,0.7485687079603133,0.1361111111111111,1932.34,1886.35,14.077011003832615,-0.024087958807365355,0,2026-02-23,False,0.8200000000000001,1771855200,-0.8200000000000001,-0.48091353880885124
BTC,bitcoin-above-64k-on-february-26,64000.0,1772125260,1771868700,0.6195494738670928,2.9694444444444446,64467.13,66806.69,7.101905188403437,0.03564774372646024,1,2026-02-26,False,0.56,1771875900,0.43999999999999995,0.1868331038741759
ETH,ethereum-above-1900-on-february-24,1900.0,1771952460,1771869600,0.7724168047470507,0.9590277777777778,1863.92,1857.12,8.874119134737514,-0.0036548962492652464,0,2026-02-24,False,0.29000000000000004,1771873200,-0.29000000000000004,-0.2575660152589149
ETH,ethereum-above-1900-on-february-25,1900.0,1772038860,1771872300,0.7604857985885713,1.9277777777777778,1868.53,2047.32,6.836182304497672,0.09137959531855049,1,2026-02-25,False,0.36,1771873200,0.64,0.015312427491166791
BTC,bitcoin-above-66k-on-february-26,66000.0,1772125260,1771872300,0.5933679397000883,2.9277777777777776,64891.99,66806.69,7.072843857692484,0.029079029782612335,1,2026-02-26,False,0.37,1771875000,0.63,0.4243285628143936
ETH,ethereum-above-1800-on-february-24,1800.0,1771952460,1771896600,0.9063504731042742,0.6465277777777778,1849.71,1857.12,8.213933129165214,0.003998030592323113,1,2026-02-24,False,0.775,1771902900,0.22499999999999998,0.19216044406630114
ETH,ethereum-above-1800-on-february-26,1800.0,1772125260,1771898400,0.8288161919066384,2.6256944444444446,1840.95,1989.24,5.449496890450936,0.07747091351314805,1,2026-02-26,False,0.64,1771902900,0.36,-0.06217750229029373
BTC,bitcoin-above-64k-on-february-25,64000.0,1772038860,1771898400,0.629346500772386,1.6256944444444446,64160.27,68249.16,9.491275049677107,0.061780954518190316,1,2026-02-25,False,0.52,1771902900,0.48,-0.10638003216373593
BTC,bitcoin-above-62k-on-february-25,62000.0,1772038860,1771901100,0.7069486025987548,1.5944444444444443,64132.43,68249.16,6.6811569262221795,0.06221496207180803,1,2026-02-25,False,0.789,1771902900,0.21099999999999997,-0.20466792476071044
ETH,ethereum-above-1800-on-february-25,1800.0,1772038860,1771901100,0.8420465480662125,1.5944444444444443,1842.82,2047.32,6.631346366690157,0.10523461372224342,1,2026-02-25,False,0.68,1771902900,0.31999999999999995,-0.3778471733570411
ETH,ethereum-above-1700-on-february-25,1700.0,1772038860,1771902900,0.9998753632717244,1.5736111111111113,1831.74,2047.32,3.3035157276389397,0.11126528600991703,1,2026-02-25,False,0.894,1771911000,0.10599999999999998,-0.26156662227400584
ETH,ethereum-above-1700-on-february-26,1700.0,1772125260,1771902900,0.945826846669275,2.573611111111111,1831.74,1989.24,3.3501097258562877,0.08248632145987383,1,2026-02-26,False,0.838,1771911000,0.16200000000000003,-0.11433822777283154
BTC,bitcoin-above-62k-on-february-26,62000.0,1772125260,1771902900,0.671382496181216,2.573611111111111,63685.23,66806.69,6.4021672991237635,0.04785055766787405,1,2026-02-26,False,0.71,1771905600,0.29000000000000004,-0.01634727554609905
BTC,bitcoin-above-62k-on-february-24,62000.0,1771952460,1771902900,0.7020065152040831,0.5736111111111111,63685.23,64243.11,9.131306610081037,0.008721813110229258,1,2026-02-24,False,0.827,1771906500,0.17300000000000004,0.09335845029467217
BTC,bitcoin-above-60k-on-february-26,60000.0,1772125260,1771906500,0.7502651301741994,2.531944444444444,63012.06,66806.69,4.809682648096702,0.05847708858570219,1,2026-02-26,False,0.799,1771911000,0.20099999999999996,-0.08025623828186557
BTC,bitcoin-above-60k-on-february-25,60000.0,1772038860,1771906500,0.7937740938102662,1.5319444444444443,63012.06,68249.16,5.049244218583644,0.07983898965417102,1,2026-02-25,False,0.853,1771911000,0.14700000000000002,-0.2561265569288824
BTC,bitcoin-above-64k-on-february-24,64000.0,1771952460,1771910100,0.6498541999991151,0.4902777777777778,63497.07,64243.11,15.7924482269067,0.011680717569107454,1,2026-02-24,False,0.36,1771911000,0.64,0.45553287253675107
ETH,ethereum-above-1900-on-february-27,1900.0,1772211660,1771921800,0.7983630610779399,3.354861111111111,1830.31,1929.99,4.537613645667356,0.053029470142161986,1,2026-02-27,False,0.3,1771925400,0.7,0.4593727526604161
BTC,bitcoin-above-64k-on-february-27,64000.0,1772211660,1771921800,0.6334799584678158,3.354861111111111,63298.21,65543.48,6.422950868827467,0.03485668849696216,1,2026-02-27,False,0.43,1771925400,0.5700000000000001,0.34611720233398857
BTC,bitcoin-above-62k-on-february-27,62000.0,1772211660,1771921800,0.6877246885209771,3.354861111111111,63298.21,65543.48,5.815915935189491,0.03485668849696216,1,2026-02-27,False,0.64,1771925400,0.36,0.15727642992258153
ETH,ethereum-above-1800-on-february-27,1800.0,1772211660,1771921800,0.8646909662917238,3.354861111111111,1830.31,1929.99,4.751169226803913,0.053029470142161986,1,2026-02-27,False,0.59,1771924500,0.41000000000000003,0.15804801334684304
BTC,bitcoin-above-66k-on-february-25,66000.0,1772038860,1771948800,0.5820587972481162,1.042361111111111,63973.97,68249.16,7.639815997703404,0.06468884441985355,1,2026-02-25,False,0.12,1771950600,0.88,0.3857891315282563
BTC,bitcoin-above-66k-on-february-26,66000.0,1772125260,1771963200,0.5240743799782105,1.8756944444444446,64435.03,66806.69,8.554543570255769,0.03614579590283258,1,2026-02-26,False,0.23,1771966800,0.77,0.4607892140676463
BTC,bitcoin-above-66k-on-march-3,66000.0,1772557260,1771963200,0.5284965560778773,6.875694444444445,64435.03,68079.21,5.1415330200368405,0.055014450876772536,1,2026-03-03,False,0.35000000000000003,1771968600,0.6499999999999999,0.36714138423787923
BTC,bitcoin-above-68k-on-march-3,68000.0,1772557260,1771963200,0.5082457322304937,6.875694444444445,64435.03,68079.21,4.130089947670268,0.055014450876772536,1,2026-03-03,False,0.19,1771970400,0.81,0.582785369457242
BTC,bitcoin-above-64k-on-march-3,64000.0,1772557260,1771963200,0.5592008889452453,6.875694444444445,64435.03,68079.21,5.19146445608071,0.055014450876772536,1,2026-03-03,False,0.53,1771968600,0.47,0.18439443370243708
BTC,bitcoin-above-64k-on-march-1,64000.0,1772384460,1771963200,0.5541148456073623,4.875694444444444,64435.03,66163.83,6.21236812494595,0.026476509677881194,1,2026-03-01,False,0.56,1771967700,0.43999999999999995,0.2755181752173078
BTC,bitcoin-above-64k-on-february-28,64000.0,1772298060,1771963200,0.549596349674513,3.8756944444444446,64435.03,65090.08,7.015001739583189,0.010114727325265886,1,2026-02-28,False,0.56,1771967700,0.43999999999999995,0.3690451702178501
ETH,ethereum-above-1900-on-february-28,1900.0,1772298060,1771963200,0.6607245666721556,3.8756944444444446,1852.46,1904.01,5.395469203778709,0.027447702943881977,1,2026-02-28,False,0.34,1771968600,0.6599999999999999,0.5119067640518185
BTC,bitcoin-above-62k-on-march-3,62000.0,1772557260,1771964100,0.5918494781606869,6.865277777777778,64397.43,68079.21,4.487007262109799,0.055598154720781376,1,2026-03-03,False,0.71,1771968600,0.29000000000000004,0.040530676007949795
BTC,bitcoin-above-62k-on-february-28,62000.0,1772298060,1771965000,0.6081084464957014,3.854861111111111,64473.95,65090.08,5.348553049464486,0.009510890398116522,1,2026-02-28,False,0.772,1771967700,0.22799999999999998,0.17713049815803136
BTC,bitcoin-above-62k-on-march-1,62000.0,1772384460,1771965000,0.6003767244075187,4.854861111111111,64473.95,66163.83,5.00543674189236,0.025872672750731702,1,2026-03-01,False,0.75,1771967700,0.25,0.12049597320253025
ETH,ethereum-above-1800-on-march-1,1800.0,1772384460,1771965900,0.7210318714752251,4.844444444444444,1860.22,1973.13,4.5099460345929,0.05892635407769737,1,2026-03-01,False,0.67,1771968600,0.32999999999999996,0.0642453230942715
BTC,bitcoin-above-66k-on-february-28,66000.0,1772298060,1771966800,0.5059472415331489,3.8340277777777776,64472.9,65090.08,6.864959308160996,0.00952717617787801,0,2026-02-28,False,0.31,1771967700,-0.31,-0.37540367678281333
ETH,ethereum-above-1900-on-february-25,1900.0,1772038860,1771966800,0.5777810766604992,0.8340277777777777,1858.58,2047.32,10.389147922429219,0.09671886549716681,1,2026-02-25,False,0.19,1771968600,0.81,-0.19482660053960155
BTC,bitcoin-above-66k-on-march-1,66000.0,1772384460,1771966800,0.5119634774374772,4.834027777777778,64472.9,66163.83,6.181730814242997,0.025888958530493188,1,2026-03-01,False,0.33,1771967700,0.6699999999999999,0.5099614273033911
ETH,ethereum-above-2100-on-march-3,2100.0,1772557260,1771985700,0.6064044990902226,6.615277777777777,1934.9,1980.46,2.834196181207923,0.02327349539615803,0,2026-03-03,False,0.13,1771989300,-0.13,-0.1959616517751513
SOL,solana-above-70-on-february-28,70.0,1772298060,1771985700,0.8760986530962455,3.615277777777778,82.71,81.06,0.7964156580207542,-0.02015089250365252,1,2026-02-28,False,0.9430000000000001,1771986600,0.05699999999999994,0.07304848631300184
SOL,solana-above-80-on-february-25,80.0,1772038860,1771985700,0.8676855965220995,0.6152777777777777,82.71,87.47,7.3524797845211936,0.05595536372794853,1,2026-02-25,False,0.79,1771986600,0.20999999999999996,-0.20141068064527207
ETH,ethereum-above-2100-on-march-1,2100.0,1772384460,1771985700,0.6069767586050681,4.615277777777777,1934.9,1973.13,2.730432524720025,0.01956546881847693,0,2026-03-01,False,0.089,1771990200,-0.089,-0.1424221924233649
BTC,bitcoin-above-68k-on-march-1,68000.0,1772384460,1771985700,0.4896439523818217,4.615277777777777,66229.81,66163.83,6.373077334929154,-0.0009967246985938696,0,2026-03-01,False,0.28,1771988400,-0.28,-0.2736477964142273
XRP,xrp-above-1pt3-on-february-26,1.3,1772125260,1771992000,0.9102079555047686,1.542361111111111,1.3701,1.3913,4.666044629519654,0.015354831988767994,1,2026-02-26,False,0.81,1771998300,0.18999999999999995,0.11835366866163247
XRP,xrp-above-1pt4-on-february-25,1.4,1772038860,1771992000,0.8297450222002156,0.5423611111111111,1.3701,1.448,9.824200552908241,0.0552995640865985,1,2026-02-25,False,0.22,1771997400,0.78,0.23672599192485433
XRP,xrp-above-1pt4-on-february-26,1.4,1772125260,1771992900,0.8297918551107692,1.5319444444444443,1.3692,1.3913,6.734331767838772,0.01601193419180089,0,2026-02-26,False,0.31,1771998300,-0.31,-0.41782967709238855
SOL,solana-above-90-on-february-28,90.0,1772298060,1772037900,0.8439114108904279,3.0111111111111115,87.28,81.06,4.727220785443743,-0.07393172032465282,0,2026-02-28,False,0.28700000000000003,1772038800,-0.28700000000000003,0.0624915650223124
XRP,xrp-above-1pt3-on-february-27,1.3,1772211660,1772043300,0.8698778490071357,1.948611111111111,1.4641,1.3532,1.1580003774097856,-0.0787685612928831,1,2026-02-27,False,0.9400000000000001,1772044200,0.05999999999999994,0.15121402370518439
BTC,bitcoin-above-70k-on-february-28,70000.0,1772298060,1772044200,0.4801365411399729,2.9381944444444446,69348.39,65090.08,9.0008848018453,-0.06337077426718972,0,2026-02-28,False,0.39,1772046900,-0.39,0.1803930389827172
BTC,bitcoin-above-70k-on-february-27,70000.0,1772211660,1772045100,0.5285083723986891,1.9277777777777778,69478.55,65543.48,10.151802113549637,-0.058304332634039224,0,2026-02-27,False,0.392,1772046900,-0.392,0.19989404726334048
BTC,bitcoin-above-70k-on-march-1,70000.0,1772384460,1772045100,0.4564024946441472,3.927777777777778,69478.55,66163.83,8.288457188128591,-0.04888413283662536,0,2026-03-01,False,0.402,1772046900,-0.402,0.003174042195160376
BTC,bitcoin-above-70k-on-march-3,70000.0,1772557260,1772045100,0.48245012331133885,5.927777777777778,69478.55,68079.21,6.413832832615152,-0.02034619163773402,0,2026-03-03,False,0.43,1772046900,-0.43,-0.29950292805522166
BTC,bitcoin-above-68k-on-march-4,68000.0,1772643660,1772047800,0.5108984337556199,6.896527777777778,68972.9,73257.96,5.601935257029568,0.06027323710894874,1,2026-03-04,False,0.5700000000000001,1772059500,0.42999999999999994,0.09235322798407708
BTC,bitcoin-above-70k-on-march-4,70000.0,1772643660,1772047800,0.49464927780174084,6.896527777777778,68972.9,73257.96,5.6848681042017875,0.06027323710894874,1,2026-03-04,False,0.39,1772059500,0.61,0.26735459682234575
ETH,ethereum-above-2100-on-march-4,2100.0,1772643660,1772048700,0.6459444864602746,6.886111111111111,2066.42,2141.64,4.383072221987484,0.03575424925291628,1,2026-03-04,False,0.39,1772063100,0.61,0.4532865432815259
BTC,bitcoin-above-66k-on-february-26,66000.0,1772125260,1772050500,0.6431750591371226,0.8652777777777777,68644.69,66806.69,5.91322855562858,-0.027140555122764313,1,2026-02-26,False,0.89,1772063100,0.10999999999999999,0.27048830556754144
ETH,ethereum-above-2100-on-february-28,2100.0,1772298060,1772055900,0.6782339245597946,2.8027777777777776,2111.4,1904.01,6.699843570419259,-0.10338904611723582,0,2026-02-28,False,0.507,1772059500,-0.507,0.18569043588034262
ETH,ethereum-above-2100-on-february-26,2100.0,1772125260,1772055900,0.7756593400936185,0.8027777777777778,2111.4,1989.24,10.873810463503686,-0.05959857833081956,0,2026-02-26,False,0.518,1772058600,-0.518,0.13006364466360976
BTC,bitcoin-above-66k-on-february-28,66000.0,1772298060,1772055900,0.598141133546278,2.8027777777777776,69221.59,65090.08,5.153871140790186,-0.06154065153221559,0,2026-02-28,False,0.83,1772059500,-0.83,-0.5128274120826887
BTC,bitcoin-above-66k-on-march-1,66000.0,1772384460,1772055900,0.5454930962384834,3.8027777777777776,69221.59,66163.83,5.08520118874317,-0.04517886917960043,1,2026-03-01,False,0.81,1772059500,0.18999999999999995,0.4197436392581762
SOL,solana-above-100-on-march-3,100.0,1772557260,1772057700,0.8204868534568648,5.781944444444444,90.34,85.2,2.260260032001616,-0.05857889639118804,0,2026-03-03,False,0.11,1772063100,-0.11,0.022403538231766038
BTC,bitcoin-above-64k-on-february-27,64000.0,1772211660,1772059500,0.7243571370599211,1.761111111111111,68420.42,65543.48,3.3959954637473824,-0.04295757888040845,1,2026-02-27,False,0.91,1772063100,0.08999999999999997,0.2358837430114374
BTC,bitcoin-above-66k-on-february-27,66000.0,1772211660,1772066700,0.6581324535299082,1.6777777777777778,68195.93,65543.48,6.942849167389455,-0.0396711464431063,0,2026-02-27,False,0.78,1772072100,-0.78,-0.5045692139480944
BTC,bitcoin-above-68k-on-march-3,68000.0,1772557260,1772069400,0.5166414569247296,5.646527777777778,68390.41,68079.21,6.1982907921703125,-0.0045607299180552745,1,2026-03-03,False,0.53,1772072100,0.47,0.49826873025665763
ETH,ethereum-above-2000-on-march-1,2000.0,1772384460,1772070300,0.6872580173968008,3.6361111111111115,2057.88,1973.13,5.407490527879689,-0.04205521229569609,0,2026-03-01,False,0.66,1772072100,-0.66,-0.43258683786305396
BTC,bitcoin-above-64k-on-march-3,64000.0,1772557260,1772097300,0.5629630721520199,5.323611111111111,68325.83,68079.21,3.814778310242249,-0.0036159993607605243,1,2026-03-03,False,0.85,1772111700,0.15000000000000002,0.16379423593127912
ETH,ethereum-above-2100-on-march-3,2100.0,1772557260,1772112600,0.645094940736717,5.146527777777778,2071.96,1980.46,5.090391100009136,-0.045165878235683334,0,2026-03-03,False,0.4,1772117100,-0.4,-0.17008801540498122
ETH,ethereum-above-2000-on-february-28,2000.0,1772298060,1772116200,0.6995397100742664,2.104861111111111,2069.37,1904.01,6.214734936248589,-0.08328202467177025,0,2026-02-28,False,0.71,1772117100,-0.71,-0.19242429171083253
BTC,bitcoin-above-64k-on-march-1,64000.0,1772384460,1772116200,0.5529907501619701,3.104861111111111,68116.0,66163.83,3.8230362012431987,-0.029078195160757325,1,2026-03-01,False,0.89,1772118900,0.10999999999999999,0.22116699276639
ETH,ethereum-above-2100-on-march-1,2100.0,1772384460,1772116200,0.6149374728939309,3.104861111111111,2069.37,1973.13,6.7494049513517576,-0.04762309874976895,0,2026-03-01,False,0.335,1772118900,-0.335,-0.013572421499595755
ETH,ethereum-above-2100-on-february-27,2100.0,1772211660,1772116200,0.7393057971370877,1.104861111111111,2069.37,1929.99,9.11933904198039,-0.06972939157177126,0,2026-02-27,False,0.3,1772117100,-0.3,0.33588596293399203
ETH,ethereum-above-1900-on-march-1,1900.0,1772384460,1772119800,0.6918954270619094,3.0631944444444446,2022.79,1973.13,3.9841963544828465,-0.024856632190772374,1,2026-03-01,False,0.84,1772124300,0.16000000000000003,0.2590337033591963
ETH,ethereum-above-1900-on-march-4,1900.0,1772643660,1772121600,0.713842596497283,6.042361111111112,2033.34,2141.64,3.417437590211236,0.05189212947948161,1,2026-03-04,False,0.77,1772124300,0.22999999999999998,0.0526618860807109
ETH,ethereum-above-1900-on-february-28,1900.0,1772298060,1772124300,0.7158177683207834,2.011111111111111,2011.75,1904.01,4.330840963530784,-0.05504280158788346,1,2026-02-28,False,0.844,1772125200,0.15600000000000003,0.394381619864303
ETH,ethereum-above-2000-on-march-4,2000.0,1772643660,1772141400,0.6589821374760921,5.813194444444444,2031.74,2141.64,4.7449892838975805,0.0526793219001094,1,2026-03-04,False,0.56,1772153100,0.43999999999999995,0.19003718210098972
ETH,ethereum-above-2000-on-february-27,2000.0,1772211660,1772145000,0.6661700883648853,0.7715277777777778,2029.68,1929.99,11.687203625912524,-0.0503633236037188,0,2026-02-27,False,0.66,1772153100,-0.66,-0.07139358176561195
ETH,ethereum-above-2100-on-march-4,2100.0,1772643660,1772146800,0.6274210539442976,5.750694444444444,2033.29,2141.64,4.579350748063605,0.05191671986513379,1,2026-03-04,False,0.31,1772153100,0.69,0.4522551300485909
ETH,ethereum-above-2000-on-march-3,2000.0,1772557260,1772146800,0.637297791081812,4.750694444444445,2033.29,1980.46,5.388141721154941,-0.02632602985274924,0,2026-03-03,False,0.58,1772153100,-0.58,-0.43815162019803133
SOL,solana-above-90-on-march-1,90.0,1772384460,1772165700,0.7684943698489317,2.531944444444444,87.9,83.99,5.75166397755758,-0.045502060553595666,0,2026-03-01,False,0.306,1772168400,-0.306,-0.04428743740924007
ETH,ethereum-above-2100-on-february-28,2100.0,1772298060,1772166600,0.5860305197732096,1.5215277777777778,2056.65,1904.01,8.961781864091735,-0.07711625703241501,0,2026-02-28,False,0.249,1772168400,-0.249,0.44209907369973356
BTC,bitcoin-above-68k-on-march-3,68000.0,1772557260,1772166600,0.4605091267516938,4.521527777777778,67947.9,68079.21,7.777106454519811,0.001930645160174033,1,2026-03-03,False,0.48,1772173800,0.52,0.5049851670634231
BTC,bitcoin-above-68k-on-february-27,68000.0,1772211660,1772166600,0.4627409658566849,0.5215277777777777,67947.9,65543.48,22.776124611764516,-0.03602749583613111,0,2026-02-27,False,0.45,1772167500,-0.45,0.37056673461354933
SOL,solana-above-90-on-february-28,90.0,1772298060,1772167500,0.8505003203013083,1.511111111111111,87.6,81.06,6.363989409654465,-0.07759137674218321,0,2026-02-28,False,0.26,1772172900,-0.26,0.23379069986776368
ETH,ethereum-above-2000-on-march-5,2000.0,1772730060,1772171100,0.657821759393235,6.469444444444444,2046.1,2080.56,4.4498397013421735,0.016701546055981106,1,2026-03-05,False,0.6,1772173800,0.4,0.3256807972863005
SOL,solana-above-90-on-march-3,90.0,1772557260,1772171100,0.7660390885872499,4.469444444444445,87.75,85.2,4.440382476635684,-0.02949042851070515,0,2026-03-03,False,0.34,1772177400,-0.34,-0.2090512180125875
SOL,solana-above-90-on-march-4,90.0,1772643660,1772176500,0.7923047671056171,5.406944444444444,87.26,91.47,3.8649911178799945,0.04711888197280955,1,2026-03-04,False,0.33,1772186400,0.6699999999999999,0.4878859396906552
SOL,solana-above-90-on-march-5,90.0,1772730060,1772176500,0.7911363339092439,6.406944444444444,87.26,88.93,3.5832453922822696,0.01895737571608515,0,2026-03-05,False,0.34,1772187300,-0.34,-0.4079289291844259
SOL,solana-above-100-on-march-5,100.0,1772730060,1772178300,0.9021807000331561,6.386111111111111,87.02,88.93,1.5791767107646644,0.02171156611901482,0,2026-03-05,False,0.06999999999999999,1772192700,-0.06999999999999999,-0.10428639956937535
BTC,bitcoin-above-68k-on-march-4,68000.0,1772643660,1772180100,0.461232330878434,5.365277777777778,67890.94,73257.96,7.122680094042609,0.07608431679017746,1,2026-03-04,False,0.47000000000000003,1772185500,0.53,-0.011924248670228899
BTC,bitcoin-above-68k-on-march-5,68000.0,1772730060,1772180100,0.4706781415439945,6.365277777777777,67890.94,71295.9,6.407973416097179,0.04893622811561177,1,2026-03-05,False,0.47000000000000003,1772185500,0.53,0.21641795115109247
XRP,xrp-above-1pt5-on-march-1,1.5,1772384460,1772181900,0.765687384156639,2.3444444444444446,1.4196,1.3694,4.224870969899316,-0.03600245408537892,0,2026-03-01,False,0.11,1772186400,-0.11,0.042105723110450424
XRP,xrp-above-1pt5-on-february-28,1.5,1772298060,1772181900,0.765687384156639,1.3444444444444446,1.4196,1.3264,4.135047844881448,-0.06790663639131082,0,2026-02-28,False,0.08,1772186400,-0.08,0.2007971904630379
BTC,bitcoin-above-66k-on-march-3,66000.0,1772557260,1772182800,0.45719798649497934,4.334027777777778,67926.24,68079.21,6.8740942362998565,0.002249469627927374,1,2026-03-03,False,0.73,1772185500,0.27,0.2545369337959329
SOL,solana-above-80-on-march-4,80.0,1772643660,1772183700,0.7987841323835174,5.323611111111111,87.78,91.47,2.723927986707569,0.04117736540818506,1,2026-03-04,False,0.81,1772187300,0.18999999999999995,0.07783582194576051
XRP,xrp-above-1pt6-on-march-3,1.6,1772557260,1772183700,0.783545640154979,4.323611111111111,1.4233,1.3673,1.7192827991862554,-0.04014012676154365,0,2026-03-03,False,0.04,1772196300,-0.04,0.029012229498277885
BTC,bitcoin-above-66k-on-march-1,66000.0,1772384460,1772185500,0.42032807271714795,2.302777777777778,67609.71,66163.83,9.319531643976035,-0.021617672783470945,1,2026-03-01,False,0.75,1772187300,0.25,0.45146658557467695
XRP,xrp-above-1pt5-on-march-3,1.5,1772557260,1772186400,0.782629527265299,4.292361111111111,1.4067,1.3673,3.4157875917668337,-0.028408543448614387,0,2026-03-03,False,0.17,1772190000,-0.17,-0.07296244978805402
XRP,xrp-above-1pt5-on-march-4,1.5,1772643660,1772187300,0.7848845708005043,5.281944444444444,1.3938,1.4488,3.006646288975448,0.038701797564785305,0,2026-03-04,False,0.17,1772199000,-0.17,-0.2863626160248408
XRP,xrp-above-1pt4-on-march-4,1.4,1772643660,1772188200,0.7957393605241638,5.271527777777778,1.3948,1.4488,4.156081946204788,0.03798459176770767,1,2026-03-04,False,0.45,1772192700,0.55,0.3921329239202712
XRP,xrp-above-1pt4-on-march-3,1.4,1772557260,1772188200,0.7957393605241638,4.271527777777778,1.3948,1.3673,4.617192010121197,-0.01991304348646022,0,2026-03-03,False,0.45,1772192700,-0.45,-0.3580576547171199
SOL,solana-above-80-on-february-28,80.0,1772298060,1772189100,0.6974867875033082,1.261111111111111,85.33,81.06,2.914831925270354,-0.05133647134833095,1,2026-02-28,False,0.909,1772190000,0.09099999999999997,0.24063718561684183
BTC,bitcoin-above-64k-on-march-4,64000.0,1772643660,1772190900,0.5067360458496777,5.240277777777777,66700.53,73257.96,5.3181254604367245,0.09377401201811947,1,2026-03-04,False,0.76,1772192700,0.24,-0.25870196084086056
XRP,xrp-above-1pt4-on-march-1,1.4,1772384460,1772191800,0.8031970006335839,2.229861111111111,1.3915,1.3694,6.30254215279576,-0.01600961427898291,0,2026-03-01,False,0.43,1772192700,-0.43,-0.3290987311567093
SOL,solana-above-80-on-march-3,80.0,1772557260,1772192700,0.7644433687462495,4.219444444444444,83.49,85.2,4.32892841044678,0.020274569629361087,1,2026-03-03,False,0.68,1772196300,0.31999999999999995,0.2322328395218773
BTC,bitcoin-above-64k-on-march-3,64000.0,1772557260,1772192700,0.5005377769746182,4.219444444444444,66002.58,68079.21,6.387795819038873,0.030978048031005505,1,2026-03-03,False,0.72,1772195400,0.28,0.08211855430555767
XRP,xrp-above-1pt4-on-february-28,1.4,1772298060,1772192700,0.8033940887649108,1.2194444444444446,1.3807,1.3264,8.156628489669913,-0.04012211154107615,0,2026-02-28,False,0.35000000000000003,1772196300,-0.35000000000000003,-0.0227388419383443
BTC,bitcoin-above-64k-on-february-27,64000.0,1772211660,1772193600,0.6858697392146947,0.20902777777777776,66126.99,65543.48,3.397989639303886,-0.008863245037403924,1,2026-02-27,False,0.955,1772194500,0.04500000000000004,0.07511721480771016
SOL,solana-above-80-on-march-1,80.0,1772384460,1772193600,0.7259058102868916,2.209027777777778,83.59,83.99,5.336133460293503,0.004773848426470839,1,2026-03-01,False,0.75,1772194500,0.25,0.22452610767713946
XRP,xrp-above-1pt3-on-march-4,1.3,1772643660,1772196300,0.8040682568366203,5.177777777777778,1.3771,1.4488,3.5736296656004876,0.05075578883612344,1,2026-03-04,False,0.73,1772225100,0.27,0.08861760731427526
BTC,bitcoin-above-66k-on-february-28,66000.0,1772298060,1772199000,0.528092860514942,1.1465277777777778,66018.0,65090.08,13.478672984947911,-0.014155275464844823,0,2026-02-28,False,0.48,1772203500,-0.48,-0.28920567099750005
ETH,ethereum-above-2000-on-march-1,2000.0,1772384460,1772199000,0.6113034103701115,2.146527777777778,1959.99,1973.13,7.674936597224847,0.006681743189628877,0,2026-03-01,False,0.3,1772203500,-0.3,-0.35128195533934053
BTC,bitcoin-above-62k-on-march-4,62000.0,1772643660,1772200800,0.587197104512707,5.125694444444444,66270.55,73257.96,3.7463842356188706,0.10024130548809976,1,2026-03-04,False,0.85,1772211600,0.15000000000000002,-0.22554244663847228
BTC,bitcoin-above-60k-on-march-3,60000.0,1772557260,1772200800,0.6692127223158193,4.125694444444445,66270.55,68079.21,2.2192794381642242,0.0269262747554776,1,2026-03-03,False,0.926,1772202600,0.07399999999999995,0.014243072088808088
ETH,ethereum-above-2000-on-february-28,2000.0,1772298060,1772203500,0.6929611826565967,1.0944444444444443,1946.49,1904.01,8.032800893578829,-0.022065562172805545,0,2026-02-28,False,0.19,1772208900,-0.19,-0.012751732460968418
ETH,ethereum-above-1900-on-march-5,1900.0,1772730060,1772208000,0.7067703499918085,6.042361111111112,1948.59,2080.56,4.270360461231589,0.06553105413998377,1,2026-03-05,False,0.62,1772208900,0.38,0.10015877741778667
ETH,ethereum-above-1900-on-march-4,1900.0,1772643660,1772208000,0.7007475202505811,5.042361111111111,1948.59,2141.64,4.676070725481465,0.09446585656741341,1,2026-03-04,False,0.63,1772208900,0.37,-0.07172902645241286
ETH,ethereum-above-1900-on-march-1,1900.0,1772384460,1772212500,0.6049174908942864,1.9902777777777778,1924.54,1973.13,8.623015050124906,0.02493413623317481,1,2026-03-01,False,0.61,1772213400,0.39,0.1749925679994689
ETH,ethereum-above-1900-on-february-28,1900.0,1772298060,1772212500,0.6473174796694384,0.9902777777777777,1924.54,1904.01,11.074612643096698,-0.010724789688826496,1,2026-02-28,False,0.647,1772213400,0.353,0.471772891482431
BTC,bitcoin-above-66k-on-march-5,66000.0,1772730060,1772217900,0.49896378448517403,5.927777777777778,65574.31,71295.9,6.21825100149463,0.08365481886567817,1,2026-03-05,False,0.46,1772218800,0.54,0.019813338808644887
ETH,ethereum-above-1900-on-march-3,1900.0,1772557260,1772229600,0.6507666089363137,3.7923611111111115,1921.26,1980.46,5.959960754546224,0.030347920154083687,1,2026-03-03,False,0.5700000000000001,1772231400,0.42999999999999994,0.24912758689955875
BTC,bitcoin-above-64k-on-february-28,64000.0,1772298060,1772236800,0.3108560474502808,0.7090277777777778,65872.1,65090.08,3.2268420403461393,-0.011942826471111636,1,2026-02-28,False,0.963,1772239500,0.03700000000000003,0.07553761453754179
BTC,bitcoin-above-64k-on-march-5,64000.0,1772730060,1772240400,0.5292019179282811,5.667361111111111,65942.0,71295.9,5.538317027181919,0.07806325447334828,1,2026-03-05,False,0.7,1772253000,0.30000000000000004,-0.13233905144697983
BTC,bitcoin-above-68k-on-march-1,68000.0,1772384460,1772247600,0.3913474165249323,1.5840277777777776,65961.13,66163.83,7.589261653709459,0.003068309864040708,0,2026-03-01,False,0.05,1772253000,-0.05,-0.07328620639286262
BTC,bitcoin-above-66k-on-march-4,66000.0,1772643660,1772250300,0.44846801885653714,4.552777777777778,65768.82,73257.96,7.929082568090895,0.10784104509343,1,2026-03-04,False,0.47000000000000003,1772253000,0.53,-0.32508055077501996
ETH,ethereum-above-1800-on-march-1,1800.0,1772384460,1772260200,0.6306645630920107,1.4381944444444443,1880.56,1973.13,5.586794203786807,0.04805150955109738,1,2026-03-01,False,0.869,1772261100,0.131,-0.13745389504327726
ETH,ethereum-above-1800-on-february-28,1800.0,1772298060,1772260200,0.6928094849562678,0.43819444444444444,1880.56,1904.01,3.2189233952090834,0.012392583629096062,1,2026-02-28,False,0.924,1772261100,0.07599999999999996,0.036109222629217556
BTC,bitcoin-above-60k-on-february-28,60000.0,1772298060,1772261100,0.7305494637999395,0.4277777777777778,64052.07,65090.08,0.5423559525479275,0.016075810329303067,1,2026-02-28,False,0.962,1772262000,0.038000000000000034,0.02928118857587106
BTC,bitcoin-above-60k-on-march-4,60000.0,1772643660,1772261100,0.6153076503901562,4.427777777777778,64052.07,73257.96,3.8184507241792547,0.13429056461343192,1,2026-03-04,False,0.862,1772262000,0.138,-0.3747819036986001
BTC,bitcoin-above-60k-on-march-5,60000.0,1772730060,1772261100,0.6155913254085702,5.427777777777778,64052.07,71295.9,3.7563526892319556,0.10714247593886604,1,2026-03-05,False,0.824,1772262000,0.17600000000000005,-0.2264649276239295
BTC,bitcoin-above-60k-on-march-1,60000.0,1772384460,1772261100,0.5958803075440313,1.4277777777777776,64052.07,66163.83,2.376728723067023,0.03243759268191824,1,2026-03-01,False,0.931,1772263800,0.06899999999999995,-0.0080953582342638
ETH,ethereum-above-1800-on-march-4,1800.0,1772643660,1772261100,0.7122201711521908,4.427777777777778,1870.81,2141.64,4.590465990847528,0.13520039851165852,1,2026-03-04,False,0.681,1772262000,0.31899999999999995,-0.3016328313168012
ETH,ethereum-above-1700-on-march-3,1700.0,1772557260,1772261100,0.8300914028740902,3.427777777777778,1870.81,1980.46,2.560085163896361,0.05695764879377544,1,2026-03-03,False,0.905,1772262000,0.09499999999999997,-0.05081643164736399
ETH,ethereum-above-1700-on-march-4,1700.0,1772643660,1772261100,0.8219601985679279,4.427777777777778,1870.81,2141.64,2.6398973778152373,0.13520039851165852,1,2026-03-04,False,0.865,1772262000,0.135,-0.22191517751050244
ETH,ethereum-above-1700-on-march-5,1700.0,1772730060,1772261100,0.8167864751051739,5.427777777777778,1870.81,2080.56,2.643903578135677,0.10626559608422893,1,2026-03-05,False,0.847,1772262000,0.15300000000000002,-0.12795598971981342
ETH,ethereum-above-1700-on-february-28,1700.0,1772298060,1772262000,1.0236732098804269,0.41736111111111107,1842.45,1904.01,0.8046630303182095,0.032865980785145604,1,2026-02-28,False,0.968,1772262900,0.03200000000000003,0.00555396030704472
BTC,bitcoin-above-58k-on-february-28,58000.0,1772298060,1772262000,1.234905326514924,0.41736111111111107,63216.01,65090.08,1.1893371335918803,0.029214564794162658,1,2026-02-28,False,0.96,1772262900,0.040000000000000036,0.005254033248576359
BTC,bitcoin-above-64k-on-march-3,64000.0,1772557260,1772279100,0.6266564066134518,3.2194444444444446,64015.97,68079.21,6.7763961333545915,0.061539296720564685,1,2026-03-03,False,0.5,1772280000,0.5,0.0829853476534046
BTC,bitcoin-above-58k-on-march-3,58000.0,1772557260,1772280000,0.8776622558969488,3.2090277777777776,63844.2,68079.21,2.5733686164973664,0.0642261397512872,1,2026-03-03,False,0.911,1772281800,0.08899999999999997,-0.07627753239473647
BTC,bitcoin-above-62k-on-march-1,62000.0,1772384460,1772287200,0.7197400152685246,1.1256944444444443,65106.44,66163.83,4.83991575456016,0.016110469950623024,1,2026-03-01,False,0.891,1772290800,0.10899999999999999,0.031026682672611577
BTC,bitcoin-above-62k-on-march-4,62000.0,1772643660,1772288100,0.7040731992035091,4.115277777777778,64823.0,73257.96,4.566438980894386,0.12232643228096762,1,2026-03-04,False,0.74,1772290800,0.26,-0.2985961887615479
BTC,bitcoin-above-66k-on-march-1,66000.0,1772384460,1772288100,0.5315351995726316,1.1152777777777778,64823.0,66163.83,11.154059670495903,0.020473460349454117,1,2026-03-01,False,0.25,1772290800,0.75,0.5216378016006569
BTC,bitcoin-above-68k-on-march-3,68000.0,1772557260,1772289900,0.5692027637669839,3.0944444444444446,64934.2,68079.21,5.0475418101793315,0.047297430728650725,1,2026-03-03,False,0.18000000000000002,1772290800,0.82,0.5812642408830747
ETH,ethereum-above-1900-on-march-4,1900.0,1772643660,1772294400,0.7483346342562266,4.042361111111111,1898.88,2141.64,5.060182692057544,0.12030765199352196,1,2026-03-04,False,0.49,1772300700,0.51,-0.0987786983397021
ETH,ethereum-above-1800-on-march-3,1800.0,1772557260,1772299800,0.8662144807006376,2.9798611111111106,1902.77,1980.46,4.071663510692784,0.04001842174342966,1,2026-03-03,False,0.788,1772300700,0.21199999999999997,0.04905845243176274
BTC,bitcoin-above-64k-on-march-1,64000.0,1772384460,1772299800,0.6062662488402689,0.9798611111111112,65102.11,66163.83,11.048704324151604,0.016176978639977104,1,2026-03-01,False,0.73,1772300700,0.27,0.09126534614877685
ETH,ethereum-above-1900-on-march-1,1900.0,1772384460,1772301600,0.7406519966044185,0.9590277777777778,1906.91,1973.13,10.47734649405471,0.034136983420046466,1,2026-03-01,False,0.54,1772302500,0.45999999999999996,0.10233499644637234
ETH,ethereum-above-1900-on-march-3,1900.0,1772557260,1772319600,0.8120803765157344,2.7506944444444446,1965.48,1980.46,5.124643911754087,0.0075926506557526495,1,2026-03-03,False,0.7,1772325900,0.30000000000000004,0.26109036904292154
SOL,solana-above-80-on-march-3,80.0,1772557260,1772331300,0.7643740031819611,2.615277777777778,88.14,85.2,2.1074980683097886,-0.033925025578570814,1,2026-03-03,False,0.9,1772345700,0.09999999999999998,0.17149692587419813
BTC,bitcoin-above-70k-on-march-3,70000.0,1772557260,1772331300,0.5967909152409172,2.615277777777778,67895.95,68079.21,6.478220333687467,0.0026954939557953016,0,2026-03-03,False,0.264,1772334000,-0.264,-0.2814620037537648
ETH,ethereum-above-2100-on-march-5,2100.0,1772730060,1772331300,0.7173250758636834,4.615277777777777,2046.85,2080.56,4.638620909480445,0.016335062219924357,0,2026-03-05,False,0.36,1772332200,-0.36,-0.43577216117100515
SOL,solana-above-90-on-march-5,90.0,1772730060,1772335800,0.8053513638569393,4.563194444444444,88.16,88.93,4.266624758358726,0.008696198006944347,0,2026-03-05,False,0.37,1772336700,-0.37,-0.40710341372001857
BTC,bitcoin-above-68k-on-march-1,68000.0,1772384460,1772340300,0.5233799601783413,0.5111111111111111,67397.42,66163.83,18.288458931703385,-0.01847279925025261,0,2026-03-01,False,0.309,1772341200,-0.309,0.028839030441845936
BTC,bitcoin-above-66k-on-march-4,66000.0,1772643660,1772340300,0.6348165918680171,3.511111111111111,67397.42,73257.96,6.115546275070391,0.08338017268126106,1,2026-03-04,False,0.64,1772345700,0.36,-0.14991530445561208
SOL,solana-above-90-on-march-1,90.0,1772384460,1772341200,0.8142419024185412,0.5006944444444444,87.55,83.99,8.582205814844624,-0.04151231459432508,0,2026-03-01,False,0.15000000000000002,1772347500,-0.15000000000000002,0.20626722769907602
ETH,ethereum-above-2000-on-march-1,2000.0,1772384460,1772347500,0.748720690086429,0.4277777777777778,1994.68,1973.13,15.458547621368933,-0.010862522095481063,0,2026-03-01,False,0.427,1772355600,-0.427,-0.2590811848988337
ETH,ethereum-above-2100-on-march-4,2100.0,1772643660,1772353800,0.7093198529924849,3.354861111111111,2007.25,2141.64,4.59732032467395,0.06480626459113094,1,2026-03-04,False,0.23,1772355600,0.77,0.47206484262899606
BTC,bitcoin-above-60k-on-march-3,60000.0,1772557260,1772360100,0.8445661631753056,2.2819444444444446,66524.84,68079.21,1.903410397755509,0.023096468452492285,1,2026-03-03,False,0.9400000000000001,1772361000,0.05999999999999994,0.016037941796094038
BTC,bitcoin-above-64k-on-march-3,64000.0,1772557260,1772371800,0.6747751175736495,2.146527777777778,66319.99,68079.21,6.191445658908561,0.02618052015954121,1,2026-03-03,False,0.76,1772385300,0.24,0.07790473211024049
BTC,bitcoin-above-66k-on-march-3,66000.0,1772557260,1772374500,0.6406448318504249,2.1152777777777776,67073.12,68079.21,7.805126232751109,0.014888512610105514,1,2026-03-03,False,0.61,1772375400,0.39,0.27379327966021977
BTC,bitcoin-above-68k-on-march-5,68000.0,1772730060,1772375400,0.5871967860465597,4.104861111111111,66917.8,71295.9,6.1449315577294,0.06337382175703875,1,2026-03-05,False,0.38,1772384400,0.62,0.2305722027512545
BTC,bitcoin-above-68k-on-march-3,68000.0,1772557260,1772378100,0.6079878810381714,2.073611111111111,67115.18,68079.21,8.300454358234962,0.014261632302695898,1,2026-03-03,False,0.37,1772380800,0.63,0.5116219719975433
ETH,ethereum-above-2000-on-march-5,2000.0,1772730060,1772382600,0.783583816328477,4.021527777777778,2005.77,2080.56,4.85028687057772,0.03660906131202344,1,2026-03-05,False,0.5,1772384400,0.5,0.322435550574118
ETH,ethereum-above-1900-on-march-4,1900.0,1772643660,1772383500,0.8600364851954121,3.0111111111111115,2000.04,2141.64,4.2197433711932515,0.06840471031383924,1,2026-03-04,False,0.75,1772384400,0.25,-0.03865032290521775
BTC,bitcoin-above-68k-on-march-4,68000.0,1772643660,1772383500,0.5941832992075444,3.0111111111111115,66828.52,73257.96,6.955466197243119,0.09185697540028619,1,2026-03-04,False,0.35000000000000003,1772384400,0.6499999999999999,0.011091912622316569
BTC,bitcoin-above-62k-on-march-4,62000.0,1772643660,1772397000,0.6926810173459234,2.8548611111111115,65313.84,73257.96,4.655380345132128,0.11478295224003858,1,2026-03-04,False,0.8200000000000001,1772397900,0.17999999999999994,-0.3543582998145155
BTC,bitcoin-above-66k-on-march-5,66000.0,1772730060,1772399700,0.6149068325793938,3.823611111111111,65515.83,71295.9,6.26937697246985,0.08454702942978852,1,2026-03-05,False,0.44,1772405100,0.56,0.029942800602153263
BTC,bitcoin-above-64k-on-march-4,64000.0,1772643660,1772400600,0.6568928088618727,2.8131944444444446,65598.15,73257.96,6.388784364494671,0.11043941660224525,1,2026-03-04,False,0.67,1772405100,0.32999999999999996,-0.3755736180123377
ETH,ethereum-above-2000-on-march-4,2000.0,1772643660,1772404200,0.8146574775597692,2.771527777777778,1936.23,2141.64,4.97926404564346,0.10082910722286674,1,2026-03-04,False,0.3,1772406000,0.7,0.1979452516508503
BTC,bitcoin-above-64k-on-march-5,64000.0,1772730060,1772414100,0.6510857241197817,3.656944444444444,66923.05,71295.9,4.947099707421495,0.06329537037238765,1,2026-03-05,False,0.77,1772416800,0.22999999999999998,-0.08312850825037416
SOL,solana-above-80-on-march-3,80.0,1772557260,1772421300,0.9082398131495575,1.5736111111111113,84.49,85.2,4.518579721963767,0.0083682496705168,1,2026-03-03,False,0.8,1772433000,0.19999999999999996,0.16218739673047278
BTC,bitcoin-above-66k-on-march-4,66000.0,1772643660,1772426700,0.6361823440068443,2.511111111111111,66818.55,73257.96,7.399780840107011,0.09200617433174788,1,2026-03-04,False,0.6,1772432100,0.4,-0.28082552599161337
ETH,ethereum-above-1900-on-march-5,1900.0,1772730060,1772431200,0.792485909719285,3.459027777777778,1970.84,2080.56,4.702452558827755,0.05417724043828939,1,2026-03-05,False,0.6900000000000001,1772433000,0.30999999999999994,0.05523409707073945
ETH,ethereum-above-2100-on-march-4,2100.0,1772643660,1772466300,0.7715385526161809,2.0527777777777776,2062.17,2141.64,6.500766326398405,0.03781306424845359,1,2026-03-04,False,0.35000000000000003,1772467200,0.6499999999999999,0.4041861052357134
BTC,bitcoin-above-72k-on-march-5,72000.0,1772730060,1772468100,0.5674154911916546,3.031944444444444,69665.12,71295.9,6.190859601414849,0.023139060167230156,0,2026-03-05,False,0.231,1772470800,-0.231,-0.3742506728040127
ETH,ethereum-above-2100-on-march-3,2100.0,1772557260,1772468100,0.790672672209937,1.0319444444444446,2070.36,1980.46,8.896606856282787,-0.04439336424373182,0,2026-03-03,False,0.329,1772469000,-0.329,0.06595030870424362
ETH,ethereum-above-2000-on-march-5,2000.0,1772730060,1772474400,0.7896851341353842,2.959027777777778,2041.01,2080.56,5.438322376860178,0.01919230487161297,1,2026-03-05,False,0.61,1772478000,0.39,0.2856260589531846
BTC,bitcoin-above-68k-on-march-4,68000.0,1772643660,1772475300,0.6054655260100064,1.948611111111111,69190.32,73257.96,8.420816978978934,0.057125942489288324,1,2026-03-04,False,0.65,1772478000,0.35,-0.13104710645397322
XRP,xrp-above-1pt4-on-march-3,1.4,1772557260,1772482500,0.8072359546559675,0.8652777777777777,1.3913,1.3673,9.990296951954734,-0.017400569532795084,0,2026-03-03,False,0.42,1772494200,-0.42,-0.24616314323424085
SOL,solana-above-90-on-march-5,90.0,1772730060,1772486100,0.8724179549280054,2.823611111111111,87.53,88.93,4.797411224732174,0.015867951667202174,0,2026-03-05,False,0.32,1772497800,-0.32,-0.3961250894417433
ETH,ethereum-above-2000-on-march-3,2000.0,1772557260,1772494200,0.758869934248952,0.7298611111111111,2037.58,1980.46,10.20707762963954,-0.028433688209854674,0,2026-03-03,False,0.7,1772495100,-0.7,-0.40977513714504676
ETH,ethereum-above-2000-on-march-4,2000.0,1772643660,1772500500,0.7937773296503547,1.6569444444444443,2037.32,2141.64,7.089473944112173,0.04993667200171064,1,2026-03-04,False,0.63,1772501400,0.37,0.015975264988196514
SOL,solana-above-90-on-march-4,90.0,1772643660,1772511300,0.8470614177324581,1.5319444444444443,86.25,91.47,5.266316024727322,0.058760993756803874,1,2026-03-04,False,0.2,1772517600,0.8,0.49054603694964166
ETH,ethereum-above-1800-on-march-5,1800.0,1772730060,1772522100,0.9804389358085955,2.4069444444444446,2000.34,2080.56,2.192669416066679,0.03931992213477478,1,2026-03-05,False,0.91,1772527500,0.08999999999999997,0.0037844092929560647
BTC,bitcoin-above-68k-on-march-6,68000.0,1772816460,1772526600,0.607568052340521,3.354861111111111,67747.78,68471.56,6.819451074252518,0.01062678487905,1,2026-03-06,False,0.45,1772527500,0.55,0.4775311604407121
ETH,ethereum-above-1900-on-march-3,1900.0,1772557260,1772526600,0.9212232334734274,0.3548611111111111,1983.82,1980.46,4.586706944829048,-0.0016951379844904401,1,2026-03-03,False,0.917,1772527500,0.08299999999999996,0.09077510116590579
ETH,ethereum-above-1900-on-march-6,1900.0,1772816460,1772527500,0.8132733279361009,3.344444444444444,1961.66,1971.91,4.783191654013667,0.005211562626054624,1,2026-03-06,False,0.66,1772530200,0.33999999999999997,0.3150720971426859
BTC,bitcoin-above-64k-on-march-3,64000.0,1772557260,1772527500,0.7551120420702474,0.34444444444444444,67347.0,68079.21,1.577213239876047,0.010813521768051386,1,2026-03-03,False,0.961,1772528400,0.039000000000000035,0.02194477029774155
BTC,bitcoin-above-66k-on-march-6,66000.0,1772816460,1772528400,0.6343561738050393,3.3340277777777776,67003.3,68471.56,6.424928836605593,0.02167660466493362,1,2026-03-06,False,0.6,1772530200,0.4,0.2607293576085687
BTC,bitcoin-above-64k-on-march-6,64000.0,1772816460,1772532000,0.6721156515860738,3.2923611111111106,66647.98,68471.56,5.2101596945779995,0.026993737985778414,1,2026-03-06,False,0.74,1772533800,0.26,0.1193583143404982
BTC,bitcoin-above-66k-on-march-4,66000.0,1772643660,1772532000,0.6689509616052358,1.292361111111111,66647.98,73257.96,9.77066463525005,0.09456217234657512,1,2026-03-04,False,0.58,1772532900,0.42000000000000004,-0.5039352731791017
ETH,ethereum-above-1900-on-march-5,1900.0,1772730060,1772545500,0.8379471478668429,2.136111111111111,1951.78,2080.56,5.773510617042501,0.0638953115251661,1,2026-03-05,False,0.66,1772549100,0.33999999999999997,-0.028900259469784584
BTC,bitcoin-above-66k-on-march-5,66000.0,1772730060,1772545500,0.6471025076379284,2.136111111111111,66861.13,71295.9,7.835441601102739,0.06422104042427901,1,2026-03-05,False,0.6,1772549100,0.4,-0.10320021180649641
BTC,bitcoin-above-68k-on-march-3,68000.0,1772557260,1772554500,0.6473983904229397,0.03194444444444444,68474.02,68079.21,34.239162797998816,-0.00578252305160994,1,2026-03-03,False,0.8200000000000001,1772556300,0.17999999999999994,0.3779887481472536
BTC,bitcoin-above-70k-on-march-6,70000.0,1772816460,1772554500,0.59115510518985,3.031944444444444,68474.02,68471.56,6.733040226976192,-3.5926679784355266e-05,0,2026-03-06,False,0.32,1772556300,-0.32,-0.31975810421979023
BTC,bitcoin-above-70k-on-march-5,70000.0,1772730060,1772555400,0.5970836022675219,2.0215277777777776,68828.97,71295.9,8.281523809455,0.03521409036729972,1,2026-03-05,False,0.32,1772556300,0.6799999999999999,0.3883736721949073
BTC,bitcoin-above-68k-on-march-5,68000.0,1772730060,1772557200,0.6072788822094811,2.000694444444444,68175.9,71295.9,8.867725537704004,0.04474769229590128,1,2026-03-05,False,0.52,1772558100,0.48,0.08318974627431547
BTC,bitcoin-above-68k-on-march-4,68000.0,1772643660,1772563500,0.5958729300608074,0.9277777777777778,68689.6,73257.96,12.61326069535431,0.06438910599021883,1,2026-03-04,False,0.62,1772564400,0.38,-0.4321565797954299
BTC,bitcoin-above-66k-on-march-10,66000.0,1773158460,1772568000,0.5916707646816933,6.834027777777778,68435.0,71388.9,4.535910352164473,0.04225800541193692,1,2026-03-10,False,0.68,1772572500,0.31999999999999995,0.12832147579017295
ETH,ethereum-above-1900-on-march-10,1900.0,1773158460,1772568000,0.7759244931859914,6.834027777777778,1986.02,2079.77,3.5166883067258783,0.04612467461034306,1,2026-03-10,False,0.66,1772572500,0.33999999999999997,0.17779389614627053
BTC,bitcoin-above-70k-on-march-8,70000.0,1772985660,1772568000,0.5574389297463742,4.834027777777778,68435.0,67204.69,5.775576639399683,-0.01814135290278409,0,2026-03-08,False,0.34,1772572500,-0.34,-0.2352232259675746
BTC,bitcoin-above-70k-on-march-10,70000.0,1773158460,1772568000,0.5499314367288995,6.834027777777778,68435.0,71388.9,5.007101368296374,0.04225800541193692,1,2026-03-10,False,0.36,1772569800,0.64,0.42840988328041507
ETH,ethereum-above-2000-on-march-10,2000.0,1773158460,1772568000,0.7420748167262133,6.834027777777778,1986.02,2079.77,3.900778134943293,0.04612467461034306,1,2026-03-10,False,0.45,1772572500,0.55,0.3700778777985998
BTC,bitcoin-above-68k-on-march-7,68000.0,1772902860,1772568000,0.5825063785559033,3.8756944444444446,68435.0,67788.85,6.627037941189263,-0.009486662518253216,0,2026-03-07,False,0.54,1772572500,-0.54,-0.4771315275562779
BTC,bitcoin-above-68k-on-march-9,68000.0,1773072060,1772568000,0.5698822913732714,5.834027777777778,68435.0,68868.72,5.529539867961132,0.0063176939794085205,1,2026-03-09,False,0.53,1772572500,0.47,0.43506605926728253
SOL,solana-above-80-on-march-6,80.0,1772816460,1772568900,0.8737317258034732,2.8652777777777776,84.77,84.42,4.006905455727892,-0.004137366265961394,1,2026-03-06,False,0.76,1772573400,0.24,0.2565780354634252
BTC,bitcoin-above-70k-on-march-9,70000.0,1773072060,1772569800,0.5526088790991417,5.813194444444444,68390.95,68868.72,5.345310222050853,0.0069615777093863795,0,2026-03-09,False,0.35000000000000003,1772572500,-0.35000000000000003,-0.38721179249158444
BTC,bitcoin-above-68k-on-march-8,68000.0,1772985660,1772569800,0.5745655736962575,4.813194444444444,68390.95,67204.69,6.037670265603444,-0.017497469172806313,0,2026-03-08,False,0.53,1772572500,-0.53,-0.42435605065203447
BTC,bitcoin-above-68k-on-march-10,68000.0,1773158460,1772569800,0.5651719832029163,6.813194444444444,68390.95,71388.9,5.163268797692167,0.042901889141914756,1,2026-03-10,False,0.52,1772572500,0.48,0.25848601443150315
BTC,bitcoin-above-66k-on-march-9,66000.0,1773072060,1772570700,0.5969948603050802,5.802777777777778,68483.57,68868.72,4.782870454488937,0.005608221158631544,1,2026-03-09,False,0.7,1772572500,0.30000000000000004,0.27317660471814154
BTC,bitcoin-above-72k-on-march-8,72000.0,1772985660,1772570700,0.550975595070844,4.802777777777778,68483.57,67204.69,4.495640936525817,-0.01885082572356108,0,2026-03-08,False,0.18000000000000002,1772572500,-0.18000000000000002,-0.09525345618984493
BTC,bitcoin-above-70k-on-march-7,70000.0,1772902860,1772570700,0.564255892891895,3.8444444444444446,68483.57,67788.85,6.341113424671856,-0.010196135339030141,0,2026-03-07,False,0.33,1772572500,-0.33,-0.2653451493219049
ETH,ethereum-above-2000-on-march-9,2000.0,1773072060,1772576100,0.7374984705481276,5.740277777777777,1980.79,2023.1,4.26485316358075,0.021135233471101307,1,2026-03-09,False,0.44,1772585100,0.56,0.46986133266775587
ETH,ethereum-above-2000-on-march-7,2000.0,1772902860,1772576100,0.7525781553315848,3.781944444444444,1980.79,1977.08,5.137906426752736,-0.0018747463088074935,0,2026-03-07,False,0.43,1772585100,-0.43,-0.420367728891447
SOL,solana-above-90-on-march-7,90.0,1772902860,1772577900,0.7907587427787997,3.7611111111111106,86.57,83.59,4.331963466594579,-0.03502943951661755,0,2026-03-07,False,0.27,1772595900,-0.27,-0.11825374775872832
ETH,ethereum-above-2000-on-march-8,2000.0,1772985660,1772577900,0.7449660887488221,4.719444444444444,1986.21,1942.24,4.6734108865119675,-0.02238635404679437,0,2026-03-08,False,0.45,1772585100,-0.45,-0.34537936928839996
ETH,ethereum-above-2000-on-march-5,2000.0,1772730060,1772588700,0.7502390120145219,1.636111111111111,1989.97,2080.56,7.880363592734147,0.04451752500047567,1,2026-03-05,False,0.43,1772590500,0.5700000000000001,0.21918571674761939
ETH,ethereum-above-2000-on-march-4,2000.0,1772643660,1772588700,0.7497332309613964,0.6361111111111112,1989.97,2141.64,12.549755808492977,0.07345232742790524,1,2026-03-04,False,0.41000000000000003,1772589600,0.59,-0.33180877278568177
SOL,solana-above-90-on-march-5,90.0,1772730060,1772593200,0.8144165581863578,1.5840277777777776,87.08,88.93,6.0526485639669065,0.021022307045202127,0,2026-03-05,False,0.23,1772595000,-0.23,-0.35724063654841404
BTC,bitcoin-above-72k-on-march-6,72000.0,1772816460,1772614800,0.6178760980001237,2.3340277777777776,71011.4,68471.56,7.708411313272048,-0.0364219509583593,0,2026-03-06,False,0.361,1772627400,-0.361,-0.0802446211811434
ETH,ethereum-above-2100-on-march-6,2100.0,1772816460,1772614800,0.8007631244850039,2.3340277777777776,2063.71,1971.91,5.948381961877903,-0.04550271767803102,0,2026-03-06,False,0.36,1772626500,-0.36,-0.08933245494757752
BTC,bitcoin-above-70k-on-march-4,70000.0,1772643660,1772614800,0.6627054395478684,0.33402777777777776,71011.4,73257.96,15.515133486297241,0.031146483402437447,1,2026-03-04,False,0.72,1772627400,0.28,-0.20324184761755842
XRP,xrp-above-1pt4-on-march-4,1.4,1772643660,1772615700,0.7365585673924246,0.3236111111111111,1.4154,1.4488,16.14940239610472,0.023323450927519244,1,2026-03-04,False,0.64,1772620200,0.36,-0.016659794294310137
XRP,xrp-above-1pt6-on-march-10,1.6,1773158460,1772615700,0.7240632457390866,6.281944444444445,1.4154,1.4327,1.7157186631940136,0.012148599257642353,0,2026-03-10,False,0.060000000000000005,1772616600,-0.060000000000000005,-0.08084357847800193
XRP,xrp-above-1pt3-on-march-6,1.3,1772816460,1772615700,0.7947689654682503,2.323611111111111,1.4154,1.3571,2.6692311721274833,-0.04206210655435928,1,2026-03-06,False,0.87,1772628300,0.13,0.24227348598024354
XRP,xrp-above-1pt3-on-march-5,1.3,1772730060,1772615700,0.7947689654682502,1.323611111111111,1.4154,1.4111,1.7930066625702332,-0.0030426345779693198,1,2026-03-05,False,0.9400000000000001,1772627400,0.05999999999999994,0.0654554640700655
SOL,solana-above-90-on-march-4,90.0,1772643660,1772617500,0.8283864654786105,0.30277777777777776,90.8,91.47,15.67752151364902,0.007351764061025491,1,2026-03-04,False,0.63,1772618400,0.37,0.2547425607700012
XRP,xrp-above-1pt4-on-march-6,1.4,1772816460,1772619300,0.7379359093529098,2.2819444444444446,1.4181,1.3571,6.713746470712977,-0.043967877379975345,0,2026-03-06,False,0.56,1772620200,-0.56,-0.2648108184154497
XRP,xrp-above-1pt6-on-march-7,1.6,1772902860,1772638200,0.7433256562237319,3.0631944444444446,1.4467,1.3612,1.8647662638189282,-0.060918437008794,0,2026-03-07,False,0.04,1772639100,-0.04,0.0735986461785775
BTC,bitcoin-above-74k-on-march-5,74000.0,1772730060,1772638200,0.6127091935507094,1.0631944444444446,72972.15,71295.9,10.95340787539901,-0.023239039246274674,0,2026-03-05,False,0.301,1772639100,-0.301,-0.04645332450314832
ETH,ethereum-above-2100-on-march-5,2100.0,1772730060,1772638200,0.8532630881872373,1.0631944444444446,2139.02,2080.56,8.06945988421281,-0.02771069197382633,0,2026-03-05,False,0.63,1772639100,-0.63,-0.40638968275343057
XRP,xrp-above-1pt4-on-march-9,1.4,1773072060,1772640000,0.76873090537214,5.000694444444444,1.4629,1.3602,4.018533019289009,-0.0727890192425021,0,2026-03-09,False,0.68,1772647200,-0.68,-0.3874949227323423
SOL,solana-above-100-on-march-9,100.0,1773072060,1772651700,0.7833330386189161,4.865277777777778,92.87,85.08,3.039399993488837,-0.08760867545588064,0,2026-03-09,False,0.17,1772665200,-0.17,0.09627780761016921
BTC,bitcoin-above-70k-on-march-5,70000.0,1772730060,1772652600,0.6909492412272491,0.8965277777777778,73557.99,71295.9,4.186490743192338,-0.031235252469294275,1,2026-03-05,False,0.92,1772658000,0.07999999999999996,0.21076609532397605
ETH,ethereum-above-2000-on-march-11,2000.0,1773244860,1772653500,0.7994590090391087,6.844444444444445,2181.34,2050.34,2.7752651445952936,-0.06193373380572883,1,2026-03-11,False,0.78,1772658900,0.21999999999999997,0.3918825327056824
ETH,ethereum-above-2400-on-march-8,2400.0,1772985660,1772655300,0.7587413546923685,3.823611111111111,2168.3,1942.24,2.075943029012949,-0.1101015042206786,0,2026-03-08,False,0.060000000000000005,1772665200,-0.060000000000000005,0.16856445017075752
BTC,bitcoin-above-70k-on-march-10,70000.0,1773158460,1772658900,0.5704464774541109,5.781944444444444,73060.84,71388.9,4.7496438057898756,-0.02315012362527295,1,2026-03-10,False,0.72,1772667000,0.28,0.38995484128004754
BTC,bitcoin-above-70k-on-march-6,70000.0,1772816460,1772658900,0.6356499239038204,1.823611111111111,73060.84,68471.56,5.761501695865917,-0.06487404212612172,0,2026-03-06,False,0.83,1772665200,-0.83,-0.45622809627267275
BTC,bitcoin-above-74k-on-march-9,74000.0,1773072060,1772659800,0.5293673712283338,4.771527777777777,73161.57,68868.72,6.435776343027748,-0.06046819946387434,0,2026-03-09,False,0.4,1772664300,-0.4,-0.010840192384914349
BTC,bitcoin-above-72k-on-march-10,72000.0,1773158460,1772659800,0.5494424298682749,5.771527777777777,73161.57,71388.9,5.66309217948395,-0.02452788803134595,0,2026-03-10,False,0.58,1772664300,-0.58,-0.44109630911042674
BTC,bitcoin-above-72k-on-march-8,72000.0,1772985660,1772664300,0.5293379423503487,3.7194444444444446,72917.01,67204.69,7.302920564206581,-0.08157890836951184,0,2026-03-08,False,0.58,1772667000,-0.58,0.01576428753723247
ETH,ethereum-above-2100-on-march-11,2100.0,1773244860,1772667900,0.7390447764318205,6.677777777777777,2131.34,2050.34,3.9716905847035644,-0.038745256840428836,0,2026-03-11,False,0.54,1772675100,-0.54,-0.38611582820494744
BTC,bitcoin-above-76k-on-march-8,76000.0,1772985660,1772685000,0.5399517846609864,3.4798611111111115,72793.66,67204.69,5.299789723242959,-0.07988582673773452,0,2026-03-08,False,0.187,1772688600,-0.187,0.23637808357741302
BTC,bitcoin-above-76k-on-march-9,76000.0,1773072060,1772685900,0.5420609399882531,4.469444444444445,72922.81,68868.72,5.135812511329154,-0.057199400806594976,0,2026-03-09,False,0.22,1772688600,-0.22,0.07376539830304138
BTC,bitcoin-above-76k-on-march-10,76000.0,1773158460,1772687700,0.5419255956536293,5.448611111111111,72820.0,71388.9,4.785897239720802,-0.019848247672120782,0,2026-03-10,False,0.23,1772689500,-0.23,-0.13500832625270232
BTC,bitcoin-above-72k-on-march-6,72000.0,1772816460,1772703000,0.5859299235382238,1.3131944444444443,72690.81,68471.56,10.990638702312237,-0.059796490071036636,0,2026-03-06,False,0.592,1772717400,-0.592,0.06520161803716473
ETH,ethereum-above-2000-on-march-8,2000.0,1772985660,1772708400,0.7615757427319798,3.2090277777777776,2156.15,1942.24,3.3307077403007996,-0.10448227774314459,0,2026-03-08,False,0.85,1772712900,-0.85,-0.5020000687966504
ETH,ethereum-above-2000-on-march-10,2000.0,1773158460,1772708400,0.7652128823590928,5.209027777777778,2156.15,2079.77,3.2278185898704512,-0.036066913234430134,1,2026-03-10,False,0.79,1772716500,0.20999999999999996,0.32641745301733815
ETH,ethereum-above-2000-on-march-9,2000.0,1773072060,1772708400,0.753835004198778,4.209027777777778,2156.15,2023.1,3.321861742101835,-0.06369323540927008,1,2026-03-09,False,0.8200000000000001,1772716500,0.17999999999999994,0.3915801219367401
BTC,bitcoin-above-68k-on-march-9,68000.0,1773072060,1772709300,0.5900022571447721,4.198611111111111,73190.73,68868.72,3.3262801390595067,-0.06086668996092651,1,2026-03-09,False,0.88,1772712000,0.12,0.3224596619473225
ETH,ethereum-above-2000-on-march-7,2000.0,1772902860,1772709300,0.8266526587509734,2.2402777777777776,2151.0,1977.08,3.3953303182237713,-0.08431184156427063,0,2026-03-07,False,0.86,1772716500,-0.86,-0.5737334481515528
BTC,bitcoin-above-68k-on-march-10,68000.0,1773158460,1772710200,0.5944893171080098,5.188194444444444,73122.37,71388.9,3.4506616750289134,-0.02399194401810275,1,2026-03-10,False,0.85,1772716500,0.15000000000000002,0.23278808173270638
BTC,bitcoin-above-70k-on-march-9,70000.0,1773072060,1772710200,0.5503726531388246,4.188194444444444,73122.37,68868.72,5.256515930843393,-0.05993225545063116,0,2026-03-09,False,0.77,1772713800,-0.77,-0.45496514445238156
BTC,bitcoin-above-68k-on-march-8,68000.0,1772985660,1772713800,0.5951874248132254,3.146527777777778,72809.1,67204.69,3.4764300781161537,-0.08009791063034585,0,2026-03-08,False,0.89,1772718300,-0.89,-0.6115452142904061
BTC,bitcoin-above-72k-on-march-5,72000.0,1772730060,1772714700,0.6067062330938068,0.17777777777777776,72903.29,71295.9,19.434193817835897,-0.0222949460512222,0,2026-03-05,False,0.791,1772715600,-0.791,-0.3577156972823527
BTC,bitcoin-above-70k-on-march-7,70000.0,1772902860,1772716500,0.5981046435353682,2.156944444444444,72670.1,67788.85,6.344922876241635,-0.06953229356628729,0,2026-03-07,False,0.79,1772717400,-0.79,-0.34882295991371476
ETH,ethereum-above-2000-on-march-5,2000.0,1772730060,1772718300,0.9557670666758455,0.1361111111111111,2119.1,2080.56,0.16383249290565716,-0.018354381998025516,1,2026-03-05,False,0.969,1772719200,0.031000000000000028,0.034007044158479265
ETH,ethereum-above-2000-on-march-6,2000.0,1772816460,1772724600,0.878190876758219,1.0631944444444446,2073.87,1971.91,6.393813506429689,-0.0504138108390604,0,2026-03-06,False,0.76,1772733600,-0.76,-0.4376634953466242
ETH,ethereum-above-2100-on-march-8,2100.0,1772985660,1772726400,0.7475882516729893,3.000694444444444,2086.96,1942.24,5.839120800793312,-0.07186651547666253,0,2026-03-08,False,0.43,1772727300,-0.43,-0.010362734599685286
BTC,bitcoin-above-68k-on-march-6,68000.0,1772816460,1772727300,0.6674018955665261,1.0319444444444446,71005.23,68471.56,5.466155569760315,-0.036335059725918696,1,2026-03-06,False,0.88,1772733600,0.12,0.3186130890984042
BTC,bitcoin-above-70k-on-march-10,70000.0,1773158460,1772747100,0.554677887989007,4.761111111111111,71189.0,71388.9,6.127048999852635,0.0028040829747454396,1,2026-03-10,False,0.59,1772754300,0.41000000000000003,0.3928192462140822
BTC,bitcoin-above-70k-on-march-6,70000.0,1772816460,1772753400,0.5747324175461345,0.7298611111111111,71213.98,68471.56,12.516351791585949,-0.03927067088441151,0,2026-03-06,False,0.73,1772754300,-0.73,-0.23847446811911382
BTC,bitcoin-above-72k-on-march-10,72000.0,1773158460,1772753400,0.5326515216682547,4.688194444444444,71213.98,71388.9,6.46173490475228,0.00245324761643721,0,2026-03-10,False,0.4,1772759700,-0.4,-0.4158522357531327
BTC,bitcoin-above-70k-on-march-11,70000.0,1773244860,1772762400,0.5534869253900132,5.584027777777778,71257.2,70255.0,5.680744874253504,-0.01416438661656208,1,2026-03-11,False,0.6,1772771400,0.4,0.48046426666898
BTC,bitcoin-above-72k-on-march-11,72000.0,1773244860,1772762400,0.5363706966658291,5.584027777777778,71257.2,70255.0,5.906376079585791,-0.01416438661656208,0,2026-03-11,False,0.42,1772771400,-0.42,-0.3363398057059326
BTC,bitcoin-above-72k-on-march-9,72000.0,1773072060,1772764200,0.5075414336349802,3.5631944444444446,71335.89,68868.72,7.782187416781044,-0.03519748319032123,0,2026-03-09,False,0.41000000000000003,1772766900,-0.41000000000000003,-0.1360865892139198
ETH,ethereum-above-2200-on-march-8,2200.0,1772985660,1772765100,0.7223124389046001,2.5527777777777776,2088.73,1942.24,4.446876651907892,-0.07271427960954063,0,2026-03-08,False,0.16,1772771400,-0.16,0.16335143225596835
ETH,ethereum-above-2200-on-march-7,2200.0,1772902860,1772765100,0.7758929729608662,1.5944444444444443,2088.73,1977.08,4.540564540803421,-0.054935217055574755,0,2026-03-07,False,0.12,1772771400,-0.12,0.12943689860388208
ETH,ethereum-above-2100-on-march-10,2100.0,1773158460,1772769600,0.7305296892184123,4.500694444444444,2083.8,2079.77,4.8726026955703245,-0.0019358393198754325,0,2026-03-10,False,0.44,1772772300,-0.44,-0.43056742411178395
BTC,bitcoin-above-68k-on-march-11,68000.0,1773244860,1772773200,0.5776380601670289,5.459027777777778,70613.61,70255.0,4.987320119208962,-0.0050914220659141205,1,2026-03-11,False,0.71,1772775900,0.29000000000000004,0.31539255170471797
ETH,ethereum-above-2100-on-march-9,2100.0,1773072060,1772779500,0.7127222077372184,3.386111111111111,2075.55,2023.1,5.690715812864414,-0.025595190300135136,0,2026-03-09,False,0.41000000000000003,1772789400,-0.41000000000000003,-0.26434504582574714
SOL,solana-above-90-on-march-9,90.0,1773072060,1772781300,0.8007291279504936,3.3652777777777776,88.01,85.08,4.914962371574843,-0.03385845405368398,0,2026-03-09,False,0.35000000000000003,1772790300,-0.35000000000000003,-0.18358697236644758
SOL,solana-above-90-on-march-7,90.0,1772902860,1772781300,0.8007291279504936,1.4069444444444446,88.01,83.59,7.169979428915248,-0.051526548674655684,0,2026-03-07,False,0.29000000000000004,1772789400,-0.29000000000000004,0.07944429404028147
SOL,solana-above-90-on-march-11,90.0,1773244860,1772787600,0.793033396125678,5.292361111111111,88.35,85.43,4.0576464711298055,-0.03360887160217794,0,2026-03-11,False,0.4,1772789400,-0.4,-0.263627080744768
SOL,solana-above-90-on-march-10,90.0,1773158460,1772787600,0.793033396125678,4.292361111111111,88.35,88.41,4.486884753893784,0.0006788866520077374,0,2026-03-10,False,0.39,1772789400,-0.39,-0.39304608616851555
BTC,bitcoin-above-68k-on-march-9,68000.0,1773072060,1772797500,0.5142302422607504,3.1777777777777776,70383.34,68868.72,6.535208966078972,-0.021754503788593935,1,2026-03-09,False,0.76,1772798400,0.24,0.382170228211818
BTC,bitcoin-above-70k-on-march-9,70000.0,1773072060,1772797500,0.4886506812190155,3.1777777777777776,70383.34,68868.72,8.708709454023134,-0.021754503788593935,0,2026-03-09,False,0.53,1772799300,-0.53,-0.3405463471886899
SOL,solana-above-80-on-march-10,80.0,1773158460,1772800200,0.8737509990062833,4.146527777777777,86.8,88.41,3.0369669564600312,0.018378463751408565,1,2026-03-10,False,0.81,1772805600,0.18999999999999995,0.13418521287647367
BTC,bitcoin-above-66k-on-march-9,66000.0,1773072060,1772800200,0.552887626939798,3.146527777777778,70004.19,68868.72,4.142617490684328,-0.01635301375821064,1,2026-03-09,False,0.87,1772805600,0.13,0.19774428082016487
ETH,ethereum-above-1900-on-march-9,1900.0,1773072060,1772800200,0.7617802942698684,3.146527777777778,2051.79,2023.1,3.2457479865536865,-0.014081594388994166,1,2026-03-09,False,0.86,1772805600,0.14,0.18570530663554352
BTC,bitcoin-above-68k-on-march-10,68000.0,1773158460,1772801100,0.5345145696287963,4.136111111111111,69754.35,71388.9,6.421532905389536,0.023162610726946344,1,2026-03-10,False,0.67,1772805600,0.32999999999999996,0.18126053304218537
BTC,bitcoin-above-68k-on-march-8,68000.0,1772985660,1772801100,0.5055332050260521,2.136111111111111,69754.35,67204.69,8.40900259833072,-0.037236747587774774,0,2026-03-08,False,0.74,1772805600,-0.74,-0.4268760927810168
BTC,bitcoin-above-70k-on-march-8,70000.0,1772985660,1772803800,0.4831816385741131,2.104861111111111,70060.84,67204.69,10.8724691192812,-0.04162097066011352,0,2026-03-08,False,0.49,1772805600,-0.49,-0.03747728178340687
XRP,xrp-above-1pt4-on-march-11,1.4,1773244860,1772803800,0.7290541800465483,5.104861111111111,1.392,1.3821,4.599360694784974,-0.007137480284383808,0,2026-03-11,False,0.43,1772805600,-0.43,-0.3971721537202024
XRP,xrp-above-1pt4-on-march-8,1.4,1772985660,1772803800,0.7290541800465483,2.104861111111111,1.392,1.3447,7.144101354486086,-0.034570622064540604,0,2026-03-08,False,0.41000000000000003,1772805600,-0.41000000000000003,-0.16302397208328895
XRP,xrp-above-1pt4-on-march-7,1.4,1772902860,1772803800,0.7290541800465483,1.1465277777777778,1.392,1.3612,9.638248528749083,-0.022374898267614293,0,2026-03-07,False,0.4,1772805600,-0.4,-0.18434516969125617
BTC,bitcoin-above-70k-on-march-7,70000.0,1772902860,1772803800,0.5487181747612384,1.1465277777777778,70060.84,67788.85,12.971161918809358,-0.03296628027558256,0,2026-03-07,False,0.49,1772805600,-0.49,-0.062389040684567465
XRP,xrp-above-1pt4-on-march-9,1.4,1773072060,1772803800,0.7290541800465483,3.104861111111111,1.392,1.3602,5.89126444562284,-0.023109814152826508,0,2026-03-09,False,0.43,1772805600,-0.43,-0.29385397353650167
ETH,ethereum-above-2000-on-march-7,2000.0,1772902860,1772803800,0.7448643517368084,1.1465277777777778,2049.43,1977.08,8.151272861654318,-0.03594069698577756,0,2026-03-07,False,0.71,1772805600,-0.71,-0.4170375720308902
ETH,ethereum-above-1900-on-march-8,1900.0,1772985660,1772803800,0.7641417841898788,2.104861111111111,2049.43,1942.24,3.047236740579668,-0.05371975953974337,1,2026-03-08,False,0.902,1772805600,0.09799999999999998,0.2616968249646111
XRP,xrp-above-1pt3-on-march-10,1.3,1773158460,1772803800,0.7826191400942673,4.104861111111111,1.392,1.4327,3.5394808811023535,0.028819214004961697,1,2026-03-10,False,0.79,1772805600,0.20999999999999996,0.10799494302104085
BTC,bitcoin-above-68k-on-march-7,68000.0,1772902860,1772803800,0.590100075225445,1.1465277777777778,70060.84,67788.85,8.14514904620781,-0.03296628027558256,0,2026-03-07,False,0.81,1772805600,-0.81,-0.5414847336563194
ETH,ethereum-above-2000-on-march-8,2000.0,1772985660,1772803800,0.6788945118273257,2.104861111111111,2049.43,1942.24,7.000051314752598,-0.05371975953974337,0,2026-03-08,False,0.66,1772805600,-0.66,-0.28395892660562605
XRP,xrp-above-1pt4-on-march-10,1.4,1773158460,1772803800,0.7290541800465483,4.104861111111111,1.392,1.4327,5.1272625382621495,0.028819214004961697,1,2026-03-10,False,0.43,1772805600,0.5700000000000001,0.42223632365020003
SOL,solana-above-80-on-march-7,80.0,1772902860,1772803800,0.8416595804935725,1.1465277777777778,86.48,83.59,2.2492081991257393,-0.033989277619888035,1,2026-03-07,False,0.935,1772806500,0.06499999999999995,0.1414489619050131
ETH,ethereum-above-2000-on-march-9,2000.0,1773072060,1772803800,0.6976957372951739,3.104861111111111,2049.43,2023.1,5.8369705740942,-0.012930717205868868,1,2026-03-09,False,0.64,1772805600,0.36,0.4354762158325901
BTC,bitcoin-above-66k-on-march-8,66000.0,1772985660,1772805600,0.5635052212553592,2.084027777777778,69208.0,67204.69,5.153698762975942,-0.029373426117627617,1,2026-03-08,False,0.86,1772806500,0.14,0.2913817898467827
BTC,bitcoin-above-64k-on-march-11,64000.0,1773244860,1772805600,0.6115183172018683,5.084027777777777,69208.0,70255.0,3.192222960353648,0.01501501718023032,1,2026-03-11,False,0.86,1772809200,0.14,0.0920687174071643
BTC,bitcoin-above-66k-on-march-11,66000.0,1773244860,1772805600,0.5751646486002099,5.084027777777777,69208.0,70255.0,4.710435360814113,0.01501501718023032,1,2026-03-11,False,0.74,1772809200,0.26,0.1892727321310117
ETH,ethereum-above-1900-on-march-6,1900.0,1772816460,1772806500,0.9851264436709728,0.11527777777777777,2006.72,1971.91,0.17939442277740555,-0.0174989321787969,1,2026-03-06,False,0.968,1772808300,0.03200000000000003,0.03513921083743626
ETH,ethereum-above-1900-on-march-10,1900.0,1773158460,1772838000,0.7322336532903346,3.7090277777777776,1987.22,2079.77,4.591343253793571,0.04552063355745595,1,2026-03-10,False,0.74,1772846100,0.26,0.050999146207565405
ETH,ethereum-above-2000-on-march-11,2000.0,1773244860,1772853300,0.6981118270794543,4.531944444444444,1995.07,2050.34,5.115713338452865,0.027326495611090722,1,2026-03-11,False,0.47000000000000003,1772856000,0.53,0.39020548190916954
BTC,bitcoin-above-66k-on-march-7,66000.0,1772902860,1772856900,0.3773374105034675,0.5319444444444444,67952.25,67788.85,3.6264643446828266,-0.002407525486748319,1,2026-03-07,False,0.957,1772866800,0.04300000000000004,0.05173080533660798
BTC,bitcoin-above-68k-on-march-12,68000.0,1773331260,1772861400,0.5501365786350341,5.438194444444444,68020.4,70296.55,5.93847072091921,0.03291506203609754,1,2026-03-12,False,0.49,1772866800,0.51,0.31453486782139534
BTC,bitcoin-above-68k-on-march-11,68000.0,1773244860,1772861400,0.5345300273168251,4.438194444444445,68020.4,70255.0,6.7663137970876885,0.03232381987319896,1,2026-03-11,False,0.49,1772866800,0.51,0.2912868916173966
ETH,ethereum-above-1900-on-march-9,1900.0,1773072060,1772888400,0.6399487187054763,2.1256944444444446,1982.51,2023.1,5.711316519547898,0.020267269850894946,1,2026-03-09,False,0.8,1772892900,0.19999999999999996,0.08424720689444859
ETH,ethereum-above-1900-on-march-7,1900.0,1772902860,1772890200,0.5717749238448638,0.14652777777777778,1981.8,1977.08,0.04085995992309535,-0.002384513921339544,1,2026-03-07,False,0.972,1772891100,0.028000000000000025,0.028097431143262023
ETH,ethereum-above-2000-on-march-7,2000.0,1772902860,1772890200,0.4842344573950532,0.14652777777777778,1981.8,1977.08,26.258441550847156,-0.002384513921339544,0,2026-03-07,False,0.13,1772891100,-0.13,-0.06738638056932424
BTC,bitcoin-above-68k-on-march-7,68000.0,1772902860,1772892000,0.36057785029051953,0.12569444444444444,67931.06,67788.85,58.909691290459016,-0.0020956402350309302,0,2026-03-07,False,0.36,1772892900,-0.36,-0.2365464806984629
BTC,bitcoin-above-66k-on-march-9,66000.0,1773072060,1772894700,0.5007853610913063,2.0527777777777776,68016.77,68868.72,7.820060918973975,0.012447791224605605,1,2026-03-09,False,0.79,1772898300,0.20999999999999996,0.11265751431691448
ETH,ethereum-above-1900-on-march-11,1900.0,1773244860,1772899200,0.7316639516664626,4.000694444444445,1981.04,2050.34,4.580009463029931,0.034383673721782214,1,2026-03-11,False,0.71,1772909100,0.29000000000000004,0.13252244898050392
BTC,bitcoin-above-68k-on-march-10,68000.0,1773158460,1772899200,0.5146663026165313,3.000694444444444,67877.45,71388.9,8.532680823369331,0.05043852170823109,1,2026-03-10,False,0.47000000000000003,1772907300,0.53,0.09962419306107889
BTC,bitcoin-above-64k-on-march-10,64000.0,1773158460,1772907300,0.5805431854065262,2.9069444444444446,67624.7,71388.9,4.495713254196923,0.05416909414756645,1,2026-03-10,False,0.851,1772911800,0.14900000000000002,-0.09452871452705547
BTC,bitcoin-above-66k-on-march-11,66000.0,1773244860,1772908200,0.5683109675756207,3.896527777777778,67662.0,70255.0,6.286243336037907,0.037606757580097835,1,2026-03-11,False,0.66,1772911800,0.33999999999999997,0.10359477077211693
BTC,bitcoin-above-66k-on-march-12,66000.0,1773331260,1772910000,0.5881357872482457,4.875694444444444,67568.13,70296.55,5.591084119186098,0.03958630004377874,1,2026-03-12,False,0.63,1772913600,0.37,0.14866966648789273
BTC,bitcoin-above-64k-on-march-11,64000.0,1773244860,1772911800,0.6042655807929559,3.854861111111111,67227.72,70255.0,4.808166291004306,0.04404581758393542,1,2026-03-11,False,0.79,1772913600,0.20999999999999996,-0.0017796153668030446
BTC,bitcoin-above-68k-on-march-9,68000.0,1773072060,1772919900,0.5418710301140854,1.761111111111111,67369.99,68868.72,10.230325795505083,0.022002417104101803,1,2026-03-09,False,0.39,1772931600,0.61,0.3849081047364451
BTC,bitcoin-above-68k-on-march-8,68000.0,1772985660,1772919900,0.4952883043829531,0.7611111111111111,67369.99,67204.69,16.130449131301894,-0.0024566297780909607,0,2026-03-08,False,0.33,1772921700,-0.33,-0.29037345833006234
ETH,ethereum-above-1900-on-march-10,1900.0,1773158460,1772924400,0.7533766140672422,2.7090277777777776,1966.46,2079.77,5.431781078176707,0.05602233870005838,1,2026-03-10,False,0.7,1772938800,0.30000000000000004,-0.004301079306183675
ETH,ethereum-above-2000-on-march-10,2000.0,1773158460,1772925300,0.6947737844976879,2.698611111111111,1968.07,2079.77,6.385503011297787,0.05520394357288398,1,2026-03-10,False,0.38,1772938800,0.62,0.26749505207983626
ETH,ethereum-above-2000-on-march-8,2000.0,1772985660,1772928900,0.5944970227179469,0.6569444444444444,1973.91,1942.24,13.721414166914924,-0.01617440109938726,0,2026-03-08,False,0.27,1772929800,-0.27,-0.04806434361350334
ETH,ethereum-above-2000-on-march-9,2000.0,1773072060,1772937900,0.6695980215799499,1.5527777777777778,1969.11,2023.1,8.503964449891503,0.027049324482897246,1,2026-03-09,False,0.34,1772938800,0.6599999999999999,0.4299735062038619
ETH,ethereum-above-1800-on-march-11,1800.0,1773244860,1772962200,0.9520080058227172,3.271527777777778,1968.99,2050.34,2.8173554301373684,0.040484912132726786,1,2026-03-11,False,0.853,1772972100,0.14700000000000002,0.03293961296422798
BTC,bitcoin-above-66k-on-march-10,66000.0,1773158460,1772962200,0.6723573633308993,2.2715277777777776,67847.63,71388.9,6.657369612516236,0.05087793939698554,1,2026-03-10,False,0.7,1772968500,0.30000000000000004,-0.03871324768893414
ETH,ethereum-above-2000-on-march-11,2000.0,1773244860,1772964900,0.7925195617497289,3.2402777777777776,1966.07,2050.34,5.1562669173029825,0.04196900667560579,1,2026-03-11,False,0.4,1772970300,0.6,0.3835965993265058
BTC,bitcoin-above-68k-on-march-12,68000.0,1773331260,1772965800,0.636298074433285,4.229861111111111,68057.83,70296.55,5.822765124544431,0.03236493728882561,1,2026-03-12,False,0.5,1772968500,0.5,0.31154657189655866
BTC,bitcoin-above-62k-on-march-10,62000.0,1773158460,1772968500,0.8196147970066112,2.198611111111111,67556.63,71388.9,2.6329725040923515,0.05517618596643265,1,2026-03-10,False,0.915,1772975700,0.08499999999999996,-0.06027738053030349
BTC,bitcoin-above-64k-on-march-12,64000.0,1773331260,1772970300,0.7014042096127621,4.177777777777778,67499.46,70296.55,4.242080923586779,0.04060312437471811,1,2026-03-12,False,0.77,1772972100,0.22999999999999998,0.057758260651986915
SOL,solana-above-80-on-march-10,80.0,1773158460,1772973000,0.8795343164500872,2.146527777777778,82.74,88.41,5.307237839651311,0.06628192438444754,1,2026-03-10,False,0.68,1772974800,0.31999999999999995,-0.03177393717804694
ETH,ethereum-above-1900-on-march-12,1900.0,1773331260,1772973900,0.846987980099755,4.136111111111111,1948.05,2070.46,4.3072859670994745,0.06094193256972749,1,2026-03-12,False,0.61,1772975700,0.39,0.12750566903449034
SOL,solana-above-80-on-march-11,80.0,1773244860,1772975700,0.9060370260255615,3.115277777777778,81.71,85.43,4.6613426919541245,0.0445209337669114,1,2026-03-11,False,0.61,1772989200,0.39,0.18247267074663395
BTC,bitcoin-above-66k-on-march-9,66000.0,1773072060,1772981100,0.7767945217024185,1.0527777777777778,67130.9,68868.72,8.874888596658742,0.02555763895926568,1,2026-03-09,False,0.64,1772989200,0.36,0.1331788014428918
BTC,bitcoin-above-64k-on-march-9,64000.0,1773072060,1772990100,0.8725569780848984,0.9486111111111111,67150.0,68868.72,5.125265190087436,0.02527316067339169,1,2026-03-09,False,0.871,1772994600,0.129,-0.0005316506428211798
BTC,bitcoin-above-66k-on-march-11,66000.0,1773244860,1773000000,0.763051577268072,2.834027777777778,67337.42,70255.0,5.729019846781646,0.04241538009765148,1,2026-03-11,False,0.62,1773001800,0.38,0.13700144561176747
BTC,bitcoin-above-66k-on-march-12,66000.0,1773331260,1773005400,0.7392169325599905,3.771527777777778,66936.05,70296.55,5.249889334485187,0.04898503624599173,1,2026-03-12,False,0.58,1773008100,0.42000000000000004,0.16283398066279775
BTC,bitcoin-above-70k-on-march-11,70000.0,1773244860,1773007200,0.6815658982231885,2.7506944444444446,67020.01,70255.0,5.032643389191554,0.04714024853995902,1,2026-03-11,False,0.21000000000000002,1773008100,0.79,0.5527599398205285
BTC,bitcoin-above-68k-on-march-9,68000.0,1773072060,1773007200,0.722435762927054,0.7506944444444446,67020.01,68868.72,10.956855103514712,0.027210852124293885,1,2026-03-09,False,0.3,1773008100,0.7,0.40185463603094634
BTC,bitcoin-above-64k-on-march-11,64000.0,1773244860,1773007200,0.8035405247556665,2.7506944444444446,67020.01,70255.0,4.701129408710492,0.04714024853995902,1,2026-03-11,False,0.75,1773008100,0.25,0.02838759125487683
ETH,ethereum-above-2000-on-march-10,2000.0,1773158460,1773019800,0.8293715671716726,1.604861111111111,1951.76,2079.77,6.491158720429243,0.0635257810639141,1,2026-03-10,False,0.31,1773023400,0.69,0.27764407227489507
ETH,ethereum-above-2000-on-march-9,2000.0,1773072060,1773026100,0.834043388032061,0.5319444444444444,1997.72,2023.1,12.512765593306574,0.012624458235556234,1,2026-03-09,False,0.44,1773027000,0.56,0.40203311335599623
BTC,bitcoin-above-68k-on-march-11,68000.0,1773244860,1773048600,0.6714240294146231,2.2715277777777776,68011.2,70255.0,7.5297741569147725,0.03245908256236866,1,2026-03-11,False,0.49,1773052200,0.51,0.26559043896471357
ETH,ethereum-above-2000-on-march-11,2000.0,1773244860,1773051300,0.8257621349806136,2.2402777777777776,2002.51,2050.34,6.166150603246334,0.02360423935094487,1,2026-03-11,False,0.49,1773055800,0.51,0.36445270528700047
BTC,bitcoin-above-70k-on-march-12,70000.0,1773331260,1773063000,0.6343282247407649,3.104861111111111,68773.03,70296.55,6.454412751957292,0.02191105995022238,1,2026-03-12,False,0.37,1773077400,0.63,0.48857697524838395
SOL,solana-above-90-on-march-10,90.0,1773158460,1773063900,0.8645897866385438,1.0944444444444443,85.52,88.41,4.590592286451739,0.03323481870092318,0,2026-03-10,False,0.11,1773074700,-0.11,-0.26256750237008
ETH,ethereum-above-2100-on-march-10,2100.0,1773158460,1773063900,0.7739234954514778,1.0944444444444443,2028.17,2079.77,6.601650103661181,0.025123402030392778,0,2026-03-10,False,0.17,1773065700,-0.17,-0.33585590961826406
BTC,bitcoin-above-70k-on-march-10,70000.0,1773158460,1773063900,0.6501050331384758,1.0944444444444443,69238.3,71388.9,10.629665733924412,0.030588217350488316,1,2026-03-10,False,0.36,1773064800,0.64,0.31485747416768217
ETH,ethereum-above-2000-on-march-12,2000.0,1773331260,1773063900,0.8034180707439089,3.0944444444444446,2028.17,2070.46,5.330905049160976,0.020636896166121105,1,2026-03-12,False,0.56,1773078300,0.43999999999999995,0.32998666602901416
BTC,bitcoin-above-72k-on-march-12,72000.0,1773331260,1773067500,0.5996740555158996,3.0527777777777776,69416.37,70296.55,5.71848815671507,0.012600003560975955,0,2026-03-12,False,0.24000000000000002,1773070200,-0.24000000000000002,-0.31205297113800873
BTC,bitcoin-above-72k-on-march-11,72000.0,1773244860,1773067500,0.5915869408334439,2.0527777777777776,69416.37,70255.0,6.287768763434244,0.012008761398077264,0,2026-03-11,False,0.19,1773068400,-0.19,-0.26550831480636516
BTC,bitcoin-above-68k-on-march-10,68000.0,1773158460,1773079200,0.5840432477396427,0.9173611111111111,68600.71,71388.9,13.0801100249283,0.039839510542658885,1,2026-03-10,False,0.61,1773080100,0.39,-0.13110518123726922
ETH,ethereum-above-2100-on-march-12,2100.0,1773331260,1773084600,0.7252711759041941,2.8548611111111115,2050.03,2070.46,5.72399906718859,0.009916377622219037,0,2026-03-12,False,0.33,1773085500,-0.33,-0.3867613362594716
BTC,bitcoin-above-70k-on-march-11,70000.0,1773244860,1773135900,0.5308426596732126,1.261111111111111,71075.63,70255.0,11.43165495041737,-0.011613041315663191,1,2026-03-11,False,0.68,1773137700,0.31999999999999995,0.4527562812456025
BTC,bitcoin-above-72k-on-march-13,72000.0,1773417660,1773136800,0.5173643581968912,3.2506944444444446,71078.92,71880.48,7.838737044365721,0.011213930665810239,0,2026-03-13,False,0.38,1773139500,-0.38,-0.4679030537230355
XRP,xrp-above-1pt4-on-march-10,1.4,1773158460,1773149400,0.7344862964500115,0.10486111111111111,1.4,1.4327,32.04477004376247,0.023088539295976825,1,2026-03-10,False,0.45,1773150300,0.55,-0.18986693238595076
BTC,bitcoin-above-70k-on-march-12,70000.0,1773331260,1773150300,0.540815616021701,2.0944444444444446,69916.54,70296.55,9.726095758725862,0.005420477224209561,1,2026-03-12,False,0.48,1773152100,0.52,0.46727991945934527
BTC,bitcoin-above-72k-on-march-11,72000.0,1773244860,1773155700,0.5274631365018912,1.0319444444444446,71198.89,70255.0,13.061809171494362,-0.01334574835046248,0,2026-03-11,False,0.32,1773164700,-0.32,-0.14568038179547343
BTC,bitcoin-above-70k-on-march-13,70000.0,1773417660,1773155700,0.5511526704236953,3.031944444444444,71198.89,71880.48,7.562354131644848,0.009527511280622932,1,2026-03-13,False,0.62,1773164700,0.38,0.30794958570268827
BTC,bitcoin-above-72k-on-march-12,72000.0,1773331260,1773155700,0.5286759188314132,2.0319444444444446,71198.89,70296.55,9.658850484950362,-0.012754506187563854,0,2026-03-12,False,0.36,1773164700,-0.36,-0.23680613172494647
ETH,ethereum-above-2000-on-march-13,2000.0,1773417660,1773155700,0.7021571291157676,3.031944444444444,2068.48,2129.22,5.5176171972791055,0.02894167744124371,1,2026-03-13,False,0.6900000000000001,1773166500,0.30999999999999994,0.1503109028320889
ETH,ethereum-above-2000-on-march-11,2000.0,1773244860,1773168300,0.6783476285468472,0.8861111111111111,2041.51,2050.34,9.982332494090592,0.004315902932109779,1,2026-03-11,False,0.71,1773171000,0.29000000000000004,0.24691722191945972
ETH,ethereum-above-2000-on-march-12,2000.0,1773331260,1773168300,0.6887975211189256,1.8861111111111113,2041.51,2070.46,7.466754382818925,0.014081074687253059,1,2026-03-12,False,0.65,1773171000,0.35,0.2448600738641526
BTC,bitcoin-above-70k-on-march-17,70000.0,1773763260,1773172800,0.5410633967843339,6.834027777777778,70043.63,73975.65,5.3863222847043914,0.05461765139817252,1,2026-03-17,False,0.49,1773179100,0.51,0.21581172713580743
BTC,bitcoin-above-68k-on-march-17,68000.0,1773763260,1773172800,0.5623404965112033,6.834027777777778,70043.63,73975.65,4.882821464217993,0.05461765139817252,1,2026-03-17,False,0.65,1773179100,0.35,0.08331175942782731
BTC,bitcoin-above-72k-on-march-17,72000.0,1773763260,1773172800,0.5266843546565538,6.834027777777778,70043.63,73975.65,5.071959875498521,0.05461765139817252,1,2026-03-17,False,0.33,1773180900,0.6699999999999999,0.3929814636145032
BTC,bitcoin-above-68k-on-march-12,68000.0,1773331260,1773173700,0.5990208574644221,1.823611111111111,70112.68,70296.55,7.367311262137476,0.0026190600874931164,1,2026-03-12,False,0.77,1773179100,0.22999999999999998,0.21070456912119717
BTC,bitcoin-above-70k-on-march-16,70000.0,1773676860,1773173700,0.5400359802042854,5.823611111111111,70112.68,73257.95,5.848083320763572,0.04388311229745826,1,2026-03-16,False,0.5,1773179100,0.5,0.24336790291003957
BTC,bitcoin-above-68k-on-march-14,68000.0,1773504060,1773213300,0.5661897192421971,3.3652777777777776,69891.19,70575.58,6.547786519202074,0.009744588212948766,1,2026-03-14,False,0.7,1773217800,0.30000000000000004,0.2361945166640787
BTC,bitcoin-above-70k-on-march-11,70000.0,1773244860,1773236700,0.5751699613746138,0.09444444444444444,70442.0,70255.0,34.31850170349485,-0.0026581961251757455,1,2026-03-11,False,0.6900000000000001,1773238500,0.30999999999999994,0.4012253082500672
BTC,bitcoin-above-70k-on-march-12,70000.0,1773331260,1773239400,0.5590310702178105,1.0631944444444446,70664.16,70296.55,12.648627495725123,-0.005215791455451888,1,2026-03-12,False,0.61,1773242100,0.39,0.4559726032153969
BTC,bitcoin-above-70k-on-march-13,70000.0,1773417660,1773242100,0.5374322735952456,2.0319444444444446,70147.69,71880.48,9.943684095880778,0.02440186312002575,1,2026-03-13,False,0.51,1773243000,0.49,0.24735558178354025
BTC,bitcoin-above-70k-on-march-17,70000.0,1773763260,1773259200,0.521586580733749,5.834027777777778,70641.82,73975.65,6.016331243864752,0.04611366459673287,1,2026-03-17,False,0.54,1773273600,0.45999999999999996,0.18256491891757615
BTC,bitcoin-above-72k-on-march-16,72000.0,1773676860,1773267300,0.4934677393736263,4.740277777777778,70809.03,73257.95,6.729758225260004,0.03400023949144904,1,2026-03-16,False,0.36,1773268200,0.64,0.4111866086216108
BTC,bitcoin-above-70k-on-march-14,70000.0,1773504060,1773267300,0.49484542522172587,2.7402777777777776,70809.03,70575.58,9.025843097408043,-0.003302342626354097,1,2026-03-14,False,0.6,1773268200,0.4,0.4298064263993545
BTC,bitcoin-above-70k-on-march-16,70000.0,1773676860,1773271800,0.49837640412781115,4.688194444444444,70367.12,73257.95,7.04849656411835,0.04026066582141554,1,2026-03-16,False,0.53,1773278100,0.47,0.18622283528863542
BTC,bitcoin-above-72k-on-march-17,72000.0,1773763260,1773273600,0.5063745473248547,5.667361111111111,70191.86,73975.65,5.752729127479407,0.052503635107373214,1,2026-03-17,False,0.33,1773278100,0.6699999999999999,0.36796080901926365
ETH,ethereum-above-1900-on-march-17,1900.0,1773763260,1773277200,0.7309451649690734,5.625694444444444,2055.78,2317.13,3.133303151893706,0.11967401293471401,1,2026-03-17,False,0.81,1773284400,0.18999999999999995,-0.18497496192810758
ETH,ethereum-above-2000-on-march-14,2000.0,1773504060,1773321300,0.6227659654919129,2.1152777777777776,2065.21,2074.4,6.798888857703939,0.0044400390846446244,1,2026-03-14,False,0.74,1773326700,0.26,0.22981266773963968
BTC,bitcoin-above-68k-on-march-14,68000.0,1773504060,1773322200,0.5343420783157086,2.104861111111111,70111.28,70575.58,7.514158521973478,0.006600498236470039,1,2026-03-14,False,0.77,1773326700,0.22999999999999998,0.18040280992715774
BTC,bitcoin-above-66k-on-march-17,66000.0,1773763260,1773323100,0.5605787932347052,5.094444444444445,70079.52,73975.65,4.116904998597377,0.05410538771034024,1,2026-03-17,False,0.8200000000000001,1773326700,0.17999999999999994,-0.042746741115748915
ETH,ethereum-above-2100-on-march-13,2100.0,1773417660,1773323100,0.6455243605228075,1.0944444444444443,2068.41,2129.22,10.215535996885015,0.028975519288624938,1,2026-03-13,False,0.29000000000000004,1773326700,0.71,0.41399953967861586
BTC,bitcoin-above-70k-on-march-13,70000.0,1773417660,1773331200,0.5426238615976657,1.0006944444444446,70334.88,71880.48,13.876255051905991,0.021736904601893196,1,2026-03-13,False,0.56,1773332100,0.43999999999999995,0.13837316770518088
ETH,ethereum-above-2100-on-march-17,2100.0,1773763260,1773333900,0.6408705903910725,4.969444444444444,2071.02,2317.13,5.203702874197063,0.11228811137399133,1,2026-03-17,False,0.41000000000000003,1773340200,0.59,0.005686032105001293
BTC,bitcoin-above-72k-on-march-18,72000.0,1773849660,1773335700,0.5167993086192862,5.948611111111111,70429.76,71479.4,5.652579233783042,0.014793395186923762,0,2026-03-18,False,0.36,1773338400,-0.36,-0.44362083843075123
BTC,bitcoin-above-70k-on-march-18,70000.0,1773849660,1773338400,0.533800210022944,5.917361111111111,70212.06,71479.4,5.869345600757942,0.017889205151135203,1,2026-03-18,False,0.52,1773341100,0.48,0.3750020724451283
BTC,bitcoin-above-70k-on-march-19,70000.0,1773936060,1773340200,0.5377428323297837,6.896527777777778,70019.71,69418.98,5.3942118622484125,-0.008616456690437554,0,2026-03-19,False,0.5,1773349200,-0.5,-0.45352100710989207
BTC,bitcoin-above-70k-on-march-17,70000.0,1773763260,1773345600,0.5047425800181357,4.834027777777778,70432.32,73975.65,6.84772146856002,0.04908373627685267,1,2026-03-17,False,0.55,1773347400,0.44999999999999996,0.11388824533985764
BTC,bitcoin-above-74k-on-march-19,74000.0,1773936060,1773346500,0.49607006282945754,6.823611111111111,70400.0,69418.98,4.375522646901031,-0.014032946010298784,0,2026-03-19,False,0.21000000000000002,1773355500,-0.21000000000000002,-0.14859852692919823
BTC,bitcoin-above-72k-on-march-16,72000.0,1773676860,1773362700,0.4696694627616502,3.6361111111111115,71512.01,73257.95,8.390336177638881,0.024121366808955044,1,2026-03-16,False,0.43,1773370800,0.5700000000000001,0.36761362340872683
BTC,bitcoin-above-72k-on-march-14,72000.0,1773504060,1773367200,0.48791030714837075,1.5840277777777776,71672.39,70575.58,12.257931446777098,-0.015421404422627794,0,2026-03-14,False,0.43,1773369000,-0.43,-0.24096548177440336
BTC,bitcoin-above-72k-on-march-13,72000.0,1773417660,1773404100,0.5119903052399092,0.15694444444444444,72420.0,71880.48,32.43420230934063,-0.00747776464810609,0,2026-03-13,False,0.67,1773416700,-0.67,-0.4274646685816918
BTC,bitcoin-above-74k-on-march-18,74000.0,1773849660,1773404100,0.4806479333130904,5.156944444444444,72420.0,71479.4,6.4295472649637295,-0.013073208037848836,0,2026-03-18,False,0.34,1773416700,-0.34,-0.2559451910159472
BTC,bitcoin-above-74k-on-march-17,74000.0,1773763260,1773404100,0.45261475926805333,4.156944444444445,72420.0,73975.65,7.392206211337201,0.02125348066245608,0,2026-03-17,False,0.31,1773416700,-0.31,-0.46711011176554296
ETH,ethereum-above-2200-on-march-13,2200.0,1773417660,1773411300,0.7115458969869329,0.07361111111111111,2193.3,2129.22,37.66426206834839,-0.02965154351356993,0,2026-03-13,False,0.339,1773413100,-0.339,0.7778035056261337
BTC,bitcoin-above-72k-on-march-18,72000.0,1773849660,1773422100,0.5109659335305304,4.948611111111111,72116.0,71479.4,6.705347919567488,-0.00886663738030746,0,2026-03-18,False,0.5,1773423000,-0.5,-0.44054611148839606
ETH,ethereum-above-2100-on-march-14,2100.0,1773504060,1773434700,0.4753505515198278,0.8027777777777778,2111.04,2074.4,17.451935638148303,-0.01750876181005131,0,2026-03-14,False,0.6,1773437400,-0.6,-0.29443821578731555
ETH,ethereum-above-2100-on-march-17,2100.0,1773763260,1773435600,0.645647605131974,3.7923611111111115,2111.37,2317.13,6.054548023470075,0.09299232502072638,1,2026-03-17,False,0.53,1773438300,0.47,-0.09302649765212578
BTC,bitcoin-above-70k-on-march-14,70000.0,1773504060,1773440100,0.3047474292087586,0.7402777777777778,70847.33,70575.58,19.91240564199802,-0.0038430878626889158,1,2026-03-14,False,0.808,1773441000,0.19199999999999995,0.26852512443970084
ETH,ethereum-above-2100-on-march-16,2100.0,1773676860,1773440100,0.5556706642118827,2.7402777777777776,2091.75,2273.46,8.239667802614905,0.08330186391654683,1,2026-03-16,False,0.45,1773441000,0.55,-0.13637968601097916
BTC,bitcoin-above-70k-on-march-16,70000.0,1773676860,1773444600,0.4395806338665313,2.688194444444444,70900.01,73257.95,10.048039988788208,0.03271619984937211,1,2026-03-16,False,0.63,1773446400,0.37,0.041266315632322303
BTC,bitcoin-above-68k-on-march-19,68000.0,1773936060,1773467100,0.5577842954350204,5.427777777777778,71005.01,69418.98,4.893882927989092,-0.022590120778420895,1,2026-03-19,False,0.74,1773469800,0.26,0.3705534064187257
BTC,bitcoin-above-64k-on-march-18,64000.0,1773849660,1773477000,0.42917018573048815,4.313194444444445,70671.78,71479.4,0.9384117901007385,0.011362954422926851,1,2026-03-18,False,0.948,1773477900,0.052000000000000046,0.04133686959914816
BTC,bitcoin-above-68k-on-march-18,68000.0,1773849660,1773477000,0.40673169727003206,4.313194444444445,70671.78,71479.4,6.289756945269481,0.011362954422926851,1,2026-03-18,False,0.76,1773477900,0.24,0.16852977849961526
ETH,ethereum-above-2000-on-march-16,2000.0,1773676860,1773478800,0.6233490327867499,2.292361111111111,2074.34,2273.46,6.258309442309327,0.09165986931233226,1,2026-03-16,False,0.77,1773483300,0.22999999999999998,-0.34363582559820793
SOL,solana-above-90-on-march-16,90.0,1773676860,1773540900,0.7534182512592424,1.5736111111111113,88.18,93.25,7.327727012901497,0.05590387859413318,1,2026-03-16,False,0.29000000000000004,1773546300,0.71,0.3003516386998045
SOL,solana-above-90-on-march-17,90.0,1773763260,1773540900,0.7534182512592424,2.573611111111111,88.18,93.86,5.921772677554652,0.06242413043648002,1,2026-03-17,False,0.34,1773545400,0.6599999999999999,0.29033848996114475
XRP,xrp-above-1pt5-on-march-16,1.5,1773676860,1773540900,0.7252734635872654,1.5736111111111113,1.4153,1.4938,3.8625923117262166,0.05398168618317312,0,2026-03-16,False,0.08,1773547200,-0.08,-0.28850924602514183
BTC,bitcoin-above-70k-on-march-16,70000.0,1773676860,1773544500,0.5207873611170435,1.5319444444444443,71463.9,73257.95,9.896721015543362,0.024794347338553003,1,2026-03-16,False,0.72,1773545400,0.28,0.03461726162786091
BTC,bitcoin-above-72k-on-march-16,72000.0,1773676860,1773591300,0.5372503441704237,0.9902777777777777,71559.98,73257.95,13.874182059423454,0.02345079527643448,1,2026-03-16,False,0.4,1773592200,0.6,0.2746393968964804
BTC,bitcoin-above-72k-on-march-18,72000.0,1773849660,1773607500,0.5544479144375649,2.8027777777777776,71846.68,71479.4,8.19204536975363,-0.005125107781315003,0,2026-03-18,False,0.47000000000000003,1773609300,-0.47000000000000003,-0.42801488453059017
BTC,bitcoin-above-74k-on-march-18,74000.0,1773849660,1773632700,0.5495320024566821,2.511111111111111,73769.99,71479.4,8.71623311649537,-0.03154271304009612,0,2026-03-18,False,0.46,1773633600,-0.46,-0.18506636001580384
BTC,bitcoin-above-74k-on-march-16,74000.0,1773676860,1773638100,0.5062887542212878,0.4486111111111111,73866.52,73257.95,22.339189948551397,-0.00827290621231358,0,2026-03-16,False,0.44,1773639000,-0.44,-0.25518997669657606
BTC,bitcoin-above-72k-on-march-17,72000.0,1773763260,1773639000,0.5636814771366263,1.4381944444444443,73909.56,73975.65,8.68735975794529,0.0008938014071838543,1,2026-03-17,False,0.77,1773641700,0.22999999999999998,0.2222352256236361
ETH,ethereum-above-2200-on-march-16,2200.0,1773676860,1773641700,0.7844880541418104,0.40694444444444444,2263.44,2273.46,8.571786062207202,0.004417120188515745,1,2026-03-16,False,0.84,1773647100,0.16000000000000003,0.12213739073298671
BTC,bitcoin-above-76k-on-march-19,76000.0,1773936060,1773648900,0.5543288105045867,3.3236111111111115,73514.27,69418.98,6.085437786383028,-0.05731921988035093,0,2026-03-19,False,0.24000000000000002,1773652500,-0.24000000000000002,0.10881254654588476
ETH,ethereum-above-2200-on-march-17,2200.0,1773763260,1773671400,0.7928340717663869,1.0631944444444446,2281.11,2317.13,6.63553687415837,0.01566718430881361,1,2026-03-17,False,0.79,1773672300,0.20999999999999996,0.10603982080463184
ETH,ethereum-above-2300-on-march-16,2300.0,1773676860,1773671400,0.7542784624310351,0.06319444444444444,2281.11,2273.46,28.343789057887864,-0.0033592664923260177,0,2026-03-16,False,0.13,1773672300,-0.13,-0.034785659152280476
ETH,ethereum-above-2300-on-march-18,2300.0,1773849660,1773671400,0.7698424656229491,2.0631944444444446,2281.11,2185.6,6.7920893258917925,-0.042771776208109964,0,2026-03-18,False,0.41000000000000003,1773672300,-0.41000000000000003,-0.11949027536746382
BTC,bitcoin-above-74k-on-march-17,74000.0,1773763260,1773671400,0.5278046486129221,1.0631944444444446,73618.49,73975.65,13.73918282299427,0.00483976799020352,0,2026-03-17,False,0.37,1773672300,-0.37,-0.4364944572382817
BTC,bitcoin-above-76k-on-march-17,76000.0,1773763260,1773705600,0.5099151580705967,0.6673611111111111,74884.67,73975.65,14.431351085974766,-0.012213211677670515,0,2026-03-17,False,0.2,1773719100,-0.2,-0.023746854392209915
BTC,bitcoin-above-76k-on-march-18,76000.0,1773849660,1773705600,0.5231106193922572,1.667361111111111,74884.67,71479.4,10.261278815193615,-0.046539900377975285,0,2026-03-18,False,0.31,1773719100,-0.31,0.1675588938097391
ETH,ethereum-above-2400-on-march-19,2400.0,1773936060,1773705600,0.7718583643355629,2.667361111111111,2352.97,2117.41,5.7201824183140895,-0.10548471629348712,0,2026-03-19,False,0.338,1773719100,-0.338,0.2653918195428548
ETH,ethereum-above-2300-on-march-19,2300.0,1773936060,1773705600,0.7960919165465563,2.667361111111111,2352.97,2117.41,5.60322386265338,-0.10548471629348712,0,2026-03-19,False,0.61,1773718200,-0.61,-0.018945520519111247
ETH,ethereum-above-2400-on-march-18,2400.0,1773849660,1773705600,0.7615863360481886,1.667361111111111,2352.97,2185.6,7.124962173977588,-0.07378796958835564,0,2026-03-18,False,0.307,1773719100,-0.307,0.21873649221164254
BTC,bitcoin-above-74k-on-march-19,74000.0,1773936060,1773711000,0.5745815143916558,2.604861111111111,75933.8,69418.98,7.226928348721457,-0.08970159091426808,0,2026-03-19,False,0.7,1773711900,-0.7,-0.051733029696260924
BTC,bitcoin-above-76k-on-march-20,76000.0,1774022460,1773738000,0.5417844831927617,3.2923611111111106,74188.38,69914.25,6.860521841034843,-0.05933804301255832,0,2026-03-20,False,0.3,1773742500,-0.3,0.10708994009192135
BTC,bitcoin-above-74k-on-march-20,74000.0,1774022460,1773738000,0.5627937014784886,3.2923611111111106,74188.38,69914.25,7.462068439679533,-0.05933804301255832,0,2026-03-20,False,0.51,1773741600,-0.51,-0.06721546196364192
BTC,bitcoin-above-72k-on-march-17,72000.0,1773763260,1773752400,0.5513089110251751,0.12569444444444444,73739.74,73975.65,2.591406647228728,0.0031941181019857785,1,2026-03-17,False,0.964,1773753300,0.03600000000000003,0.027722741118480478
ETH,ethereum-above-2300-on-march-20,2300.0,1774022460,1773755100,0.7971930909799184,3.0944444444444446,2332.75,2135.97,5.369361265480985,-0.08812695307649739,0,2026-03-20,False,0.56,1773762300,-0.56,-0.08681455170619462
BTC,bitcoin-above-74k-on-march-21,74000.0,1774108860,1773777600,0.5251750107082107,3.8340277777777776,74512.17,70600.32,7.373938854293743,-0.053927790682293426,0,2026-03-21,False,0.55,1773787500,-0.55,-0.15233976896161644
BTC,bitcoin-above-74k-on-march-23,74000.0,1774281660,1773777600,0.5212236860483987,5.834027777777778,74512.17,70183.08,6.038528257731229,-0.059855211409729665,0,2026-03-23,False,0.54,1773787500,-0.54,-0.17856261452987082
BTC,bitcoin-above-72k-on-march-24,72000.0,1774368060,1773777600,0.5432770903017543,6.834027777777778,74512.17,69838.04,4.904839349692194,-0.06478362075820125,0,2026-03-24,False,0.68,1773792000,-0.68,-0.3622467476896385
BTC,bitcoin-above-76k-on-march-21,76000.0,1774108860,1773779400,0.5033990544372032,3.813194444444444,74652.26,70600.32,7.231220931056564,-0.05580612107497374,0,2026-03-21,False,0.35000000000000003,1773787500,-0.35000000000000003,0.053546390798426935
BTC,bitcoin-above-74k-on-march-22,74000.0,1774195260,1773779400,0.5246154567232442,4.813194444444444,74652.26,68835.4,6.578085110940698,-0.0811226506464667,0,2026-03-22,False,0.56,1773786600,-0.56,-0.02636829962243359
BTC,bitcoin-above-74k-on-march-24,74000.0,1774368060,1773779400,0.5219266306533875,6.813194444444444,74652.26,69838.04,5.573299725374444,-0.06666195115088148,0,2026-03-24,False,0.53,1773791100,-0.53,-0.1584729659578677
BTC,bitcoin-above-76k-on-march-24,76000.0,1774368060,1773779400,0.5044200587251416,6.813194444444444,74652.26,69838.04,5.5438118713125215,-0.06666195115088148,0,2026-03-24,False,0.37,1773791100,-0.37,-0.00043868384488782164
BTC,bitcoin-above-76k-on-march-23,76000.0,1774281660,1773779400,0.5041786257498315,5.813194444444444,74652.26,70183.08,5.970188927831074,-0.06173354180241001,0,2026-03-23,False,0.38,1773787500,-0.38,-0.01143909225545503
BTC,bitcoin-above-76k-on-march-22,76000.0,1774195260,1773780300,0.5018261956271808,4.802777777777778,74552.58,68835.4,6.4889123504095965,-0.0797865007624569,0,2026-03-22,False,0.36,1773786600,-0.36,0.15772761019347126
ETH,ethereum-above-2300-on-march-24,2300.0,1774368060,1773783900,0.7512335477034012,6.761111111111111,2338.92,2134.13,3.8770364664481782,-0.09163021487932478,0,2026-03-24,False,0.54,1773793800,-0.54,-0.18474631548437542
ETH,ethereum-above-2300-on-march-21,2300.0,1774108860,1773784800,0.7548580320100227,3.7506944444444446,2338.45,2152.41,5.131259018170568,-0.0829001721290204,0,2026-03-21,False,0.5700000000000001,1773787500,-0.5700000000000001,-0.14461774415507173
ETH,ethereum-above-2400-on-march-21,2400.0,1774108860,1773808200,0.7324099480987912,3.4798611111111115,2332.7,2152.41,5.078307782370127,-0.08043825037345395,0,2026-03-21,False,0.32,1773813600,-0.32,0.08849019287174792
ETH,ethereum-above-2300-on-march-22,2300.0,1774195260,1773825300,0.6989042300242755,4.281944444444445,2328.34,2081.71,5.229779036309223,-0.11196589596907976,0,2026-03-22,False,0.5700000000000001,1773830700,-0.5700000000000001,0.01555689552067252
ETH,ethereum-above-2300-on-march-23,2300.0,1774281660,1773825300,0.7148119729176116,5.281944444444444,2328.34,2130.82,4.616589029302093,-0.08864868515246428,0,2026-03-23,False,0.56,1773830700,-0.56,-0.15074545266307815
ETH,ethereum-above-2300-on-march-18,2300.0,1773849660,1773830700,0.7493230053671605,0.21944444444444444,2314.34,2185.6,20.56868253052135,-0.057234159303708544,0,2026-03-18,False,0.6,1773833400,-0.6,0.5772312526192659
BTC,bitcoin-above-74k-on-march-20,74000.0,1774022460,1773831600,0.516062641409553,2.209027777777778,73946.35,69914.25,9.929734460536732,-0.056070339141034466,0,2026-03-20,False,0.48,1773833400,-0.48,0.07676357878271145
BTC,bitcoin-above-72k-on-march-23,72000.0,1774281660,1773831600,0.5044224330525441,5.209027777777778,73946.35,70183.08,6.080395047578055,-0.05223257392518286,0,2026-03-23,False,0.67,1773833400,-0.67,-0.35240531618306353
ETH,ethereum-above-2200-on-march-18,2200.0,1773849660,1773831600,0.8085780387871603,0.20902777777777776,2312.83,2185.6,0.7487316445104832,-0.056581492531749905,0,2026-03-18,False,0.969,1773833400,-0.969,-0.9266356460478452
ETH,ethereum-above-2200-on-march-20,2200.0,1774022460,1773833400,0.7936791223758505,2.1881944444444446,2295.16,2135.97,5.227014784923729,-0.07188168180250917,0,2026-03-20,False,0.74,1773834300,-0.74,-0.3642733864531016
ETH,ethereum-above-2400-on-march-20,2400.0,1774022460,1773833400,0.7337991499706742,2.1881944444444446,2295.16,2135.97,5.039161321213439,-0.07188168180250917,0,2026-03-20,False,0.17,1773836100,-0.17,0.19222339064297614
ETH,ethereum-above-2500-on-march-22,2500.0,1774195260,1773833400,0.6829339062272708,4.188194444444444,2295.16,2081.71,2.6380071092740467,-0.09761288651191567,0,2026-03-22,False,0.088,1773841500,-0.088,0.16950348857519423
BTC,bitcoin-above-72k-on-march-19,72000.0,1773936060,1773833400,0.550826134913076,1.1881944444444446,73602.91,69418.98,10.04012051146261,-0.05852424584300309,0,2026-03-19,False,0.72,1773834300,-0.72,-0.13240951889378416
BTC,bitcoin-above-72k-on-march-18,72000.0,1773849660,1773833400,0.5534689932282436,0.18819444444444447,73602.91,71479.4,6.9165769231839604,-0.02927526669705464,0,2026-03-18,False,0.89,1773834300,-0.89,-0.6875153659430959
BTC,bitcoin-above-70k-on-march-21,70000.0,1774108860,1773833400,0.5575298047457146,3.188194444444444,73602.91,70600.32,4.935226407753212,-0.041649885929872975,1,2026-03-21,False,0.83,1773834300,0.17000000000000004,0.37555161692101807
BTC,bitcoin-above-74k-on-march-18,74000.0,1773849660,1773833400,0.5204234838481604,0.18819444444444447,73602.91,71479.4,30.35311331323554,-0.02927526669705464,0,2026-03-18,False,0.23,1773835200,-0.23,0.6585954873308902
BTC,bitcoin-above-72k-on-march-20,72000.0,1774022460,1773833400,0.5453459600530056,2.1881944444444446,73602.91,69914.25,8.336426371399503,-0.0514150718731608,0,2026-03-20,False,0.6900000000000001,1773834300,-0.6900000000000001,-0.26138203894918155
BTC,bitcoin-above-72k-on-march-22,72000.0,1774195260,1773833400,0.49697750591763185,4.188194444444444,73602.91,68835.4,6.953237278260182,-0.06696641550136592,0,2026-03-22,False,0.63,1773834300,-0.63,-0.16436662334444196
BTC,bitcoin-above-72k-on-march-21,72000.0,1774108860,1773833400,0.5222097073518073,3.188194444444444,73602.91,70600.32,7.462679787043474,-0.041649885929872975,0,2026-03-21,False,0.67,1773834300,-0.67,-0.3591802381384706
ETH,ethereum-above-2200-on-march-19,2200.0,1773936060,1773833400,0.8047627395489717,1.1881944444444446,2295.16,2117.41,5.798828914191956,-0.08060891416880366,0,2026-03-19,False,0.79,1773834300,-0.79,-0.32256269777632374
BTC,bitcoin-above-74k-on-march-19,74000.0,1773936060,1773833400,0.520238542596584,1.1881944444444446,73602.91,69418.98,13.184353571213725,-0.05852424584300309,0,2026-03-19,False,0.38,1773834300,-0.38,0.3916043496827878
ETH,ethereum-above-2300-on-march-19,2300.0,1773936060,1773833400,0.7584483321359553,1.1881944444444446,2295.16,2117.41,9.196298525657177,-0.08060891416880366,0,2026-03-19,False,0.42,1773834300,-0.42,0.32130363852539495
ETH,ethereum-above-2200-on-march-21,2200.0,1774108860,1773834300,0.7555184776999078,3.1777777777777776,2276.61,2152.41,5.113462969381607,-0.05609934981556714,0,2026-03-21,False,0.68,1773836100,-0.68,-0.3931380521117126
ETH,ethereum-above-2200-on-march-22,2200.0,1774195260,1773834300,0.728494459987519,4.177777777777778,2276.61,2081.71,4.724708529730871,-0.08949782306839588,0,2026-03-22,False,0.66,1773837000,-0.66,-0.23714887195640572
BTC,bitcoin-above-70k-on-march-19,70000.0,1773936060,1773837000,0.6278864812172623,1.1465277777777778,72818.67,69418.98,6.161953442217016,-0.047812061213668426,0,2026-03-19,False,0.85,1773837900,-0.85,-0.5553843048249452
ETH,ethereum-above-2200-on-march-24,2200.0,1774368060,1773837000,0.7495785782839471,6.146527777777778,2263.52,2134.13,3.9810516197383685,-0.05886205424139936,0,2026-03-24,False,0.59,1773838800,-0.59,-0.35566712362114933
ETH,ethereum-above-2200-on-march-23,2200.0,1774281660,1773837000,0.7411953813944692,5.146527777777778,2263.52,2130.82,4.359283543393357,-0.06041424156578117,0,2026-03-23,False,0.6,1773838800,-0.6,-0.33663719095569916
BTC,bitcoin-above-70k-on-march-18,70000.0,1773849660,1773837900,0.6500157536637906,0.1361111111111111,72429.39,71479.4,0.8043302158635494,-0.01320285994750688,1,2026-03-18,False,0.96,1773838800,0.040000000000000036,0.050619459191594454
BTC,bitcoin-above-70k-on-march-20,70000.0,1774022460,1773838800,0.5970441963636666,2.1256944444444446,72361.24,69914.25,6.827565052979699,-0.034401305796250004,0,2026-03-20,False,0.76,1773843300,-0.76,-0.5251228467686555
ETH,ethereum-above-2100-on-march-21,2100.0,1774108860,1773846000,0.7909748952227751,3.042361111111111,2190.27,2152.41,4.7575700197937305,-0.017436679301422765,1,2026-03-21,False,0.72,1773850500,0.28,0.36295622268920685
BTC,bitcoin-above-68k-on-march-25,68000.0,1774454460,1773857700,0.5646524048302468,6.906944444444445,71882.21,70850.63,4.087090004038502,-0.014454949007414451,1,2026-03-25,False,0.77,1773860400,0.22999999999999998,0.28907867759708983
BTC,bitcoin-above-68k-on-march-23,68000.0,1774281660,1773857700,0.569749150857427,4.906944444444445,71882.21,70183.08,4.3591408852377915,-0.023921550790584164,1,2026-03-23,False,0.81,1773860400,0.18999999999999995,0.2942774100895278
ETH,ethereum-above-2100-on-march-22,2100.0,1774195260,1773857700,0.7604464530557374,3.9069444444444446,2215.03,2081.71,4.135661227687803,-0.0620762760773479,0,2026-03-22,False,0.75,1773860400,-0.75,-0.4932735518676684
ETH,ethereum-above-2300-on-march-20,2300.0,1774022460,1773857700,0.7718964943697713,1.9069444444444443,2215.03,2135.97,5.586480734909705,-0.036345071367941385,0,2026-03-20,False,0.2,1773860400,-0.2,0.0030410410059228676
BTC,bitcoin-above-66k-on-march-25,66000.0,1774454460,1773859500,0.5969032308074415,6.886111111111111,71620.46,70850.63,3.081623779759505,-0.010806929214030227,1,2026-03-25,False,0.85,1773864900,0.15000000000000002,0.18330289005213327
BTC,bitcoin-above-70k-on-march-23,70000.0,1774281660,1773859500,0.5280895969773023,4.886111111111111,71620.46,70183.08,6.154174237778539,-0.020273530997199883,1,2026-03-23,False,0.65,1773860400,0.35,0.4747668421717722
BTC,bitcoin-above-72k-on-march-24,72000.0,1774368060,1773864000,0.5125399933356842,5.834027777777778,71072.38,69838.04,5.992453094016576,-0.017519947397483124,0,2026-03-24,False,0.41000000000000003,1773864900,-0.41000000000000003,-0.3050125370109446
BTC,bitcoin-above-74k-on-march-22,74000.0,1774195260,1773886500,0.4684256717046313,3.573611111111111,71181.98,68835.4,5.9422089990317595,-0.03352154900230397,0,2026-03-22,False,0.18000000000000002,1773893700,-0.18000000000000002,0.019192050142974704
BTC,bitcoin-above-68k-on-march-21,68000.0,1774108860,1773904500,0.5684541107629941,2.365277777777778,69990.0,70600.32,7.2492124307617125,0.008682302365379735,1,2026-03-21,False,0.75,1773905400,0.25,0.18706014576525742
BTC,bitcoin-above-68k-on-march-20,68000.0,1774022460,1773904500,0.5946925447354746,1.3652777777777778,69990.0,69914.25,8.123999258915303,-0.0010828835779079877,1,2026-03-20,False,0.791,1773905400,0.20899999999999996,0.217797345384416
BTC,bitcoin-above-68k-on-march-19,68000.0,1773936060,1773904500,0.6041728530914067,0.36527777777777776,69990.0,69418.98,6.7803453916968115,-0.008192057547750367,1,2026-03-19,False,0.904,1773905400,0.09599999999999997,0.15154497964240426
BTC,bitcoin-above-70k-on-march-21,70000.0,1774108860,1773921600,0.5208187215069574,2.167361111111111,69952.75,70600.32,9.93364744536293,0.009214662932536572,1,2026-03-21,False,0.49,1773922500,0.51,0.41846478710032764
ETH,ethereum-above-2100-on-march-20,2100.0,1774022460,1773922500,0.8101533171079646,1.1569444444444443,2162.06,2135.97,7.236209576686752,-0.012140594857843827,1,2026-03-20,False,0.73,1773924300,0.27,0.35785188877700347
ETH,ethereum-above-2200-on-march-21,2200.0,1774108860,1773927000,0.7784905062833289,2.104861111111111,2130.13,2152.41,5.718398240044663,0.010405133876165018,0,2026-03-21,False,0.27,1773930600,-0.27,-0.32950069924489117
ETH,ethereum-above-2200-on-march-22,2200.0,1774195260,1773927000,0.7248162563260528,3.104861111111111,2130.13,2081.71,5.223280534480585,-0.022993339376663632,0,2026-03-22,False,0.29000000000000004,1773927900,-0.29000000000000004,-0.16989933801116694
BTC,bitcoin-above-70k-on-march-20,70000.0,1774022460,1773927900,0.6306980151938346,1.0944444444444443,69717.19,69914.25,11.447498536999316,0.0028225753573876524,0,2026-03-20,False,0.45,1773929700,-0.45,-0.48231142727426546
BTC,bitcoin-above-72k-on-march-25,72000.0,1774454460,1773929700,0.537039446287377,6.073611111111111,69507.4,70850.63,4.968761307070189,0.019140636399712523,0,2026-03-25,False,0.29000000000000004,1773935100,-0.29000000000000004,-0.3851052535355909
ETH,ethereum-above-2200-on-march-20,2200.0,1774022460,1773929700,0.8362904635415396,1.073611111111111,2127.15,2135.97,6.563793690664841,0.004137820462169258,0,2026-03-20,False,0.2,1773930600,-0.2,-0.22715979984269047
ETH,ethereum-above-2200-on-march-23,2200.0,1774281660,1773929700,0.7444111776408168,4.073611111111111,2127.15,2130.82,4.5476967863853694,0.0017238265693781134,0,2026-03-23,False,0.31,1773930600,-0.31,-0.3178394405498466
BTC,bitcoin-above-74k-on-march-25,74000.0,1774454460,1773933300,0.519071191264656,6.031944444444444,69700.69,70850.63,3.8783312918139368,0.016363640835499692,0,2026-03-25,False,0.16,1773935100,-0.16,-0.2234636203003228
BTC,bitcoin-above-70k-on-march-24,70000.0,1774368060,1773936000,0.5339797614375893,5.000694444444444,69412.51,69838.04,6.295436472860231,0.006111736356934708,0,2026-03-24,False,0.44,1773940500,-0.44,-0.47847604797395266
BTC,bitcoin-above-72k-on-march-23,72000.0,1774281660,1773936000,0.4950715284682912,4.000694444444445,69412.51,70183.08,5.887840665203768,0.011040145705406115,0,2026-03-23,False,0.23,1773940500,-0.23,-0.29500261883406487
BTC,bitcoin-above-68k-on-march-25,68000.0,1774454460,1773948600,0.5657534385393281,5.854861111111111,70282.46,70850.63,5.087011863199471,0.008051592570490403,1,2026-03-25,False,0.6900000000000001,1773960300,0.30999999999999994,0.26904145307626653
BTC,bitcoin-above-72k-on-march-22,72000.0,1774195260,1773949500,0.4616704051048426,2.844444444444444,70445.18,68835.4,8.386616942363199,-0.02311667119153638,0,2026-03-22,False,0.28,1773950400,-0.28,-0.08612933373402176
BTC,bitcoin-above-72k-on-march-21,72000.0,1774108860,1773950400,0.4909968248582556,1.8340277777777778,70271.99,70600.32,8.874523197038673,0.0046613929240167185,0,2026-03-21,False,0.22,1773960300,-0.22,-0.2613676396346983
ETH,ethereum-above-2100-on-march-26,2100.0,1774540860,1773957600,0.7611759101984791,6.750694444444444,2149.95,2069.24,3.7950915796863622,-0.03826319595234796,0,2026-03-26,False,0.56,1773960300,-0.56,-0.414787667229355
ETH,ethereum-above-2100-on-march-23,2100.0,1774281660,1773971100,0.6945608916792204,3.5944444444444446,2159.07,2130.82,5.409070703960097,-0.013170691262155258,1,2026-03-23,False,0.63,1773972000,0.37,0.44124120025702723
SOL,solana-above-90-on-march-20,90.0,1774022460,1773982800,0.82127523454917,0.45902777777777776,89.28,89.04,13.132348055967134,-0.0026917916657114146,0,2026-03-20,False,0.35000000000000003,1773989100,-0.35000000000000003,-0.3146504549517262
BTC,bitcoin-above-70k-on-march-25,70000.0,1774454460,1773992700,0.5272281256350919,5.344444444444444,70852.47,70850.63,6.175854248635884,-2.5969791770251113e-05,1,2026-03-25,False,0.5700000000000001,1773999000,0.42999999999999994,0.43016038564884046
SOL,solana-above-90-on-march-24,90.0,1774368060,1773996300,0.7544713122758073,4.302777777777777,89.76,89.73,4.856959279677827,-0.00033428046441986943,0,2026-03-24,False,0.47000000000000003,1773999000,-0.47000000000000003,-0.4683764133963209
SOL,solana-above-90-on-march-25,90.0,1774454460,1773996300,0.7483008612445007,5.302777777777778,89.76,91.75,4.410793805598714,0.021928045160293508,1,2026-03-25,False,0.47000000000000003,1773999000,0.53,0.43327991423808854
SOL,solana-above-90-on-march-22,90.0,1774195260,1773996300,0.7822616007820338,2.302777777777778,89.76,87.49,6.40306652599023,-0.025614940656213107,0,2026-03-22,False,0.47000000000000003,1773998100,-0.47000000000000003,-0.3059858309189757
BTC,bitcoin-above-68k-on-march-22,68000.0,1774195260,1774000800,0.4832055381783352,2.2506944444444446,70583.8,68835.4,6.6073506326821025,-0.02508250891711064,1,2026-03-22,False,0.84,1774001700,0.16000000000000003,0.3257289311627255
ETH,ethereum-above-2100-on-march-20,2100.0,1774022460,1774008900,0.7315088662336069,0.15694444444444444,2145.86,2135.97,9.642653917645957,-0.004619528373497175,1,2026-03-20,False,0.86,1774009800,0.14,0.1845445133683792
ETH,ethereum-above-2200-on-march-21,2200.0,1774108860,1774013400,0.6117591786206084,1.104861111111111,2146.8,2152.41,8.986403321265161,0.0026097832783824972,0,2026-03-21,False,0.19,1774014300,-0.19,-0.21345256512063876
ETH,ethereum-above-2200-on-march-22,2200.0,1774195260,1774013400,0.576935156854057,2.104861111111111,2146.8,2081.71,7.693241460597365,-0.030788689974446306,0,2026-03-22,False,0.26,1774015200,-0.26,-0.023135173771111267
BTC,bitcoin-above-70k-on-march-21,70000.0,1774108860,1774013400,0.5094157070611057,1.104861111111111,70495.62,70600.32,13.837554486182782,0.0014840968381826805,1,2026-03-21,False,0.6,1774014300,0.4,0.3794637291388756
BTC,bitcoin-above-70k-on-march-20,70000.0,1774022460,1774014300,0.5705327107605173,0.09444444444444444,70323.01,69914.25,38.41833279085032,-0.005829565660396731,0,2026-03-20,False,0.66,1774015200,-0.66,-0.43603780643276524
ETH,ethereum-above-2200-on-march-23,2200.0,1774281660,1774017900,0.6138002997269418,3.0527777777777776,2136.22,2130.82,6.102086808414146,-0.0025310298861739113,0,2026-03-23,False,0.28,1774028700,-0.28,-0.26455543591987624
SOL,solana-above-90-on-march-23,90.0,1774281660,1774019700,0.7310605703938579,3.031944444444444,89.0,90.02,5.867713522736816,0.011395498132646766,1,2026-03-23,False,0.41000000000000003,1774028700,0.59,0.5231344815087464
BTC,bitcoin-above-72k-on-march-25,72000.0,1774454460,1774021500,0.49673455953243734,5.011111111111111,69908.65,70850.63,5.938606450407722,0.013384468327244266,0,2026-03-25,False,0.3,1774027800,-0.3,-0.37948508994345065
XRP,xrp-above-1pt5-on-march-23,1.5,1774281660,1774022400,0.715107005180406,3.000694444444444,1.4375,1.434,4.853411642346191,-0.0024377515119398587,0,2026-03-23,False,0.19,1774247400,-0.19,-0.17816858843080408
BTC,bitcoin-above-72k-on-march-23,72000.0,1774281660,1774023300,0.4372557280748233,2.990277777777778,69988.51,70183.08,7.689940516255968,0.002776170620088916,0,2026-03-23,False,0.22,1774025100,-0.22,-0.24134858693146122
BTC,bitcoin-above-70k-on-march-24,70000.0,1774368060,1774024200,0.5046741983298376,3.979861111111111,70024.65,69838.04,7.568807100639845,-0.0026684759278374336,0,2026-03-24,False,0.51,1774025100,-0.51,-0.4898028204494975
BTC,bitcoin-above-70k-on-march-22,70000.0,1774195260,1774029600,0.3907251100301161,1.917361111111111,70000.0,68835.4,14.086064823982333,-0.01677709455402389,0,2026-03-22,False,0.49,1774031400,-0.49,-0.2536767585539385
BTC,bitcoin-above-70k-on-march-23,70000.0,1774281660,1774035900,0.4292501329366717,2.844444444444444,70007.91,70183.08,10.526693707803922,0.0024990206740518,1,2026-03-23,False,0.5,1774039500,0.5,0.473693574794787
BTC,bitcoin-above-68k-on-march-23,68000.0,1774281660,1774046700,0.4639598017625329,2.7194444444444446,70696.29,70183.08,6.338170325358494,-0.00728583993873643,1,2026-03-23,False,0.84,1774048500,0.16000000000000003,0.20617889449501103
ETH,ethereum-above-2400-on-march-26,2400.0,1774540860,1774062000,0.790669138579487,5.542361111111111,2154.9,2069.24,2.103060623012499,-0.040562928663879304,0,2026-03-26,False,0.09,1774062900,-0.09,-0.004693701972930425
BTC,bitcoin-above-72k-on-march-22,72000.0,1774195260,1774074600,0.31193852328794036,1.3965277777777778,70815.0,68835.4,14.16472561083108,-0.028352695171024674,0,2026-03-22,False,0.17,1774080000,-0.17,0.23160814742509991
BTC,bitcoin-above-68k-on-march-24,68000.0,1774368060,1774106100,0.49036061092263145,3.031944444444444,70639.37,69838.04,6.32693404956182,-0.011408790805218358,1,2026-03-24,False,0.8,1774110600,0.19999999999999996,0.2721826670098638
ETH,ethereum-above-2100-on-march-24,2100.0,1774368060,1774108800,0.6126876595530826,3.000694444444444,2155.12,2134.13,6.522761272591037,-0.009787336973057914,1,2026-03-24,False,0.67,1774112400,0.32999999999999996,0.39384046256966054
BTC,bitcoin-above-70k-on-march-23,70000.0,1774281660,1774125000,0.446347971975781,1.8131944444444443,70455.01,70183.08,12.45384264585411,-0.0038670937422343103,1,2026-03-23,False,0.58,1774127700,0.42000000000000004,0.46816017696255324
ETH,ethereum-above-2200-on-march-22,2200.0,1774195260,1774127700,0.49775116284978516,0.7819444444444444,2154.33,2081.71,11.3197498143297,-0.03429009899629114,0,2026-03-22,False,0.13,1774130400,-0.13,0.25815534174661364
BTC,bitcoin-above-70k-on-march-24,70000.0,1774368060,1774136700,0.5004037702503052,2.677777777777778,70163.0,69838.04,9.302818429630946,-0.004642259565919501,0,2026-03-24,False,0.52,1774137600,-0.52,-0.47681390215503355
BTC,bitcoin-above-70k-on-march-22,70000.0,1774195260,1774136700,0.3764665768687591,0.6777777777777778,70163.0,68835.4,24.367651521743515,-0.019102959061504745,0,2026-03-22,False,0.54,1774137600,-0.54,-0.07450575055511988
BTC,bitcoin-above-68k-on-march-22,68000.0,1774195260,1774137600,0.49804574546375624,0.6673611111111111,68918.12,68835.4,15.465916814218671,-0.0012009857888599514,1,2026-03-22,False,0.718,1774138500,0.28200000000000003,0.30057434630556684
ETH,ethereum-above-2000-on-march-22,2000.0,1774195260,1774137600,0.7191073838372648,0.6673611111111111,2084.87,2081.71,5.313487513858776,-0.0015168318409206126,1,2026-03-22,False,0.908,1774138500,0.09199999999999997,0.10005966704735507
ETH,ethereum-above-2100-on-march-25,2100.0,1774454460,1774155600,0.7627466891168587,3.459027777777778,2119.39,2160.84,5.352647119679023,0.019368723556314953,1,2026-03-25,False,0.54,1774160100,0.45999999999999996,0.3563260576444315
BTC,bitcoin-above-66k-on-march-26,66000.0,1774540860,1774161000,0.6462583889471558,4.396527777777778,69236.29,69024.08,4.584615277112358,-0.0030697179045714573,1,2026-03-26,False,0.76,1774165500,0.24,0.2540734756017236
ETH,ethereum-above-2000-on-march-24,2000.0,1774368060,1774167300,0.8092496119730664,2.323611111111111,2092.25,2134.13,4.94935251591885,0.019819027556241292,1,2026-03-24,False,0.76,1774168200,0.24,0.14190864610145215
ETH,ethereum-above-2100-on-march-26,2100.0,1774540860,1774170900,0.7781385461759814,4.281944444444445,2092.41,2069.24,4.71635406195395,-0.011135121600966913,0,2026-03-26,False,0.47000000000000003,1774171800,-0.47000000000000003,-0.41748282400692854
BTC,bitcoin-above-70k-on-march-26,70000.0,1774540860,1774170900,0.58287780477553,4.281944444444445,68873.38,69024.08,6.0614362291445065,0.002185682897912485,0,2026-03-26,False,0.39,1774176300,-0.39,-0.4032483775028283
BTC,bitcoin-above-70k-on-march-25,70000.0,1774454460,1774185300,0.5687039047359198,3.115277777777778,68815.32,70850.63,7.1391594438021455,0.029147463552927345,1,2026-03-25,False,0.37,1774187100,0.63,0.4219116103132399
BTC,bitcoin-above-68k-on-march-24,68000.0,1774368060,1774197900,0.620900304707884,1.9694444444444443,68733.34,69838.04,8.552002191976655,0.01594446708296467,1,2026-03-24,False,0.6,1774202400,0.4,0.2636428825565865
ETH,ethereum-above-2000-on-march-26,2000.0,1774540860,1774208700,0.7880416860199957,3.8444444444444446,2065.66,2069.24,4.624969280162147,0.0017316021642778939,1,2026-03-26,False,0.66,1774214100,0.33999999999999997,0.3319913931847524
ETH,ethereum-above-2000-on-march-25,2000.0,1774454460,1774212300,0.7918603132690325,2.8027777777777776,2066.03,2160.84,5.233881683284991,0.044868143582090965,1,2026-03-25,False,0.68,1774214100,0.31999999999999995,0.08516544514269303
BTC,bitcoin-above-66k-on-march-23,66000.0,1774281660,1774214100,0.7754966166551838,0.7819444444444444,67780.83,70183.08,8.553116362542308,0.034827844735314514,1,2026-03-23,False,0.773,1774216800,0.22699999999999998,-0.07088660867770158
ETH,ethereum-above-2000-on-march-23,2000.0,1774281660,1774224900,0.8526414522926563,0.6569444444444444,2057.21,2130.82,8.252271009902035,0.03515618627981227,1,2026-03-23,False,0.77,1774226700,0.22999999999999998,-0.0601183768556105
BTC,bitcoin-above-68k-on-march-25,68000.0,1774454460,1774224900,0.6326391846308311,2.6569444444444446,67957.48,70850.63,7.385604200959531,0.04169164264200205,1,2026-03-25,False,0.49,1774226700,0.51,0.20208202895832617
BTC,bitcoin-above-68k-on-march-26,68000.0,1774540860,1774224900,0.6278013943243815,3.656944444444444,67957.48,69024.08,6.343125923519635,0.01557321374266836,1,2026-03-26,False,0.49,1774226700,0.51,0.4112171441963681
BTC,bitcoin-above-68k-on-march-23,68000.0,1774281660,1774224900,0.6813897676368041,0.6569444444444444,67957.48,70183.08,13.791570247966892,0.03222504085883251,1,2026-03-23,False,0.47000000000000003,1774226700,0.53,0.08556608525180814
BTC,bitcoin-above-66k-on-march-25,66000.0,1774454460,1774224900,0.6779261990523204,2.6569444444444446,67957.48,70850.63,6.157442107228726,0.04169164264200205,1,2026-03-25,False,0.71,1774226700,0.29000000000000004,0.03328612407660392
SOL,solana-above-90-on-march-25,90.0,1774454460,1774235700,0.8241194140364629,2.531944444444444,86.72,91.75,4.926021343174439,0.0563829492433436,1,2026-03-25,False,0.27,1774248300,0.73,0.45225638863616835
SOL,solana-above-90-on-march-26,90.0,1774540860,1774237500,0.8256616487209744,3.511111111111111,86.54,87.51,4.293118985760751,0.011146337751000893,0,2026-03-26,False,0.29000000000000004,1774248300,-0.29000000000000004,-0.33785255422052374
ETH,ethereum-above-2100-on-march-25,2100.0,1774454460,1774243800,0.7764243117310131,2.4381944444444446,2065.35,2160.84,6.020950637446411,0.0451973314109235,1,2026-03-25,False,0.38,1774248300,0.62,0.34786909863052345
ETH,ethereum-above-2000-on-march-24,2000.0,1774368060,1774256400,0.8466583503319051,1.292361111111111,2048.02,2134.13,7.16982305553493,0.04118559673250982,1,2026-03-24,False,0.6900000000000001,1774259100,0.30999999999999994,0.014706558991286978
ETH,ethereum-above-2100-on-march-23,2100.0,1774281660,1774265400,0.9131957174940563,0.18819444444444447,2167.79,2130.82,6.043643348760016,-0.01720133325449041,1,2026-03-23,False,0.86,1774266300,0.14,0.24395872331330548
BTC,bitcoin-above-70k-on-march-23,70000.0,1774281660,1774265400,0.62993403282329,0.18819444444444447,70702.57,70183.08,21.966713139358497,-0.007374666680396719,1,2026-03-23,False,0.73,1774266300,0.27,0.43199718746665994
BTC,bitcoin-above-70k-on-march-24,70000.0,1774368060,1774266300,0.6128567640643264,1.1777777777777778,70669.98,69838.04,11.089476032817073,-0.011842024706283972,0,2026-03-24,False,0.6,1774267200,-0.6,-0.46867815083963626
ETH,ethereum-above-2200-on-march-26,2200.0,1774540860,1774266300,0.7768455048283128,3.1777777777777776,2155.01,2069.24,5.226898644545064,-0.040613973813325176,0,2026-03-26,False,0.37,1774267200,-0.37,-0.15771487532554193
ETH,ethereum-above-2200-on-march-24,2200.0,1774368060,1774272600,0.8211088226019955,1.104861111111111,2150.4,2134.13,7.68443564989478,-0.007594801859605658,0,2026-03-24,False,0.27,1774280700,-0.27,-0.21163823383615912
BTC,bitcoin-above-72k-on-march-26,72000.0,1774540860,1774272600,0.5674363813344377,3.104861111111111,70815.73,69024.08,7.187220396423078,-0.025625721940447613,0,2026-03-26,False,0.36,1774280700,-0.36,-0.17582228859654853
ETH,ethereum-above-2200-on-march-25,2200.0,1774454460,1774274400,0.7999248556983539,2.084027777777778,2185.64,2160.84,6.53711765337986,-0.01141165685012572,0,2026-03-25,False,0.43,1774277100,-0.43,-0.35540065655072994
BTC,bitcoin-above-70k-on-march-25,70000.0,1774454460,1774277100,0.5790078085738656,2.0527777777777776,71385.8,70850.63,8.37713301073106,-0.007525111891995996,1,2026-03-25,False,0.68,1774279800,0.31999999999999995,0.38303886323988445
BTC,bitcoin-above-72k-on-march-24,72000.0,1774368060,1774277100,0.5529894302398406,1.0527777777777778,71385.8,69838.04,12.829019357771426,-0.021920123023637182,0,2026-03-24,False,0.36,1774279800,-0.36,-0.07878631740502745
BTC,bitcoin-above-72k-on-march-25,72000.0,1774454460,1774277100,0.5440866652692227,2.0527777777777776,71385.8,70850.63,9.521247894698586,-0.007525111891995996,0,2026-03-25,False,0.4,1774279800,-0.4,-0.32835154424096186
ETH,ethereum-above-2100-on-march-24,2100.0,1774368060,1774304100,0.6755079887441302,0.7402777777777778,2150.89,2134.13,9.735412732284578,-0.007822640485747746,1,2026-03-24,False,0.77,1774312200,0.22999999999999998,0.30615663378503344
BTC,bitcoin-above-72k-on-march-27,72000.0,1774627260,1774346400,0.5610119073328856,3.2506944444444446,71316.97,66029.35,7.376254769876535,-0.07703496736815899,0,2026-03-27,False,0.42,1774347300,-0.42,0.14822954549666595
BTC,bitcoin-above-70k-on-march-27,70000.0,1774627260,1774347300,0.5863707106610785,3.2402777777777776,71264.83,66029.35,6.910382668957344,-0.07630359769371045,0,2026-03-27,False,0.63,1774351800,-0.63,-0.10271294091828975
BTC,bitcoin-above-68k-on-march-25,68000.0,1774454460,1774352700,0.6127674910667888,1.1777777777777778,71244.0,70850.63,4.7867670598941245,-0.005536746953977253,1,2026-03-25,False,0.9,1774353600,0.09999999999999998,0.1265031179382674
BTC,bitcoin-above-70k-on-march-24,70000.0,1774368060,1774352700,0.5548571702432151,0.17777777777777776,71244.0,69838.04,11.678783172131414,-0.01993175808561839,0,2026-03-24,False,0.89,1774353600,-0.89,-0.6572213190786858
BTC,bitcoin-above-68k-on-march-26,68000.0,1774540860,1774361700,0.5797857610306736,2.073611111111111,69858.64,69024.08,7.647042723716418,-0.012018342459522371,1,2026-03-26,False,0.73,1774363500,0.27,0.36190477825622264
BTC,bitcoin-above-70k-on-march-26,70000.0,1774540860,1774363500,0.5529759008406281,2.0527777777777776,69846.28,69024.08,9.593969418457268,-0.011841398082298662,0,2026-03-26,False,0.45,1774371600,-0.45,-0.33639398892664807
ETH,ethereum-above-2100-on-march-25,2100.0,1774454460,1774363500,0.7233451003849942,1.0527777777777778,2133.51,2160.84,9.52438076943359,0.012728524218526592,1,2026-03-25,False,0.62,1774372500,0.38,0.25876868870979564
BTC,bitcoin-above-70k-on-march-25,70000.0,1774454460,1774363500,0.5442754870358468,1.0527777777777778,69846.28,70850.63,13.59306327656132,0.014277030817035083,1,2026-03-25,False,0.42,1774370700,0.5800000000000001,0.3859314167026262
ETH,ethereum-above-2100-on-march-27,2100.0,1774627260,1774363500,0.7425877272565609,3.0527777777777776,2133.51,1988.65,5.759018137074879,-0.07031249420409616,0,2026-03-27,False,0.5700000000000001,1774372500,-0.5700000000000001,-0.16506907061563797
BTC,bitcoin-above-74k-on-march-29,74000.0,1774800060,1774397700,0.5089508127855106,4.656944444444444,70726.0,66517.98,4.974845877688006,-0.06134096930282916,0,2026-03-29,False,0.19,1774407600,-0.19,0.11516186826956615
XRP,xrp-above-1pt4-on-march-30,1.4,1774886460,1774431000,0.6685787982113276,5.271527777777778,1.4176,1.3439,4.932285538345685,-0.05338946629779797,0,2026-03-30,False,0.54,1774431900,-0.54,-0.2766679074793768
XRP,xrp-above-1pt4-on-march-25,1.4,1774454460,1774436400,0.583239465239258,0.20902777777777776,1.4228,1.4073,14.747178700927114,-0.010953786071778196,1,2026-03-25,False,0.85,1774441800,0.15000000000000002,0.31153744065223954
XRP,xrp-above-1pt5-on-march-26,1.5,1774540860,1774437300,0.6068494655651828,1.198611111111111,1.431,1.3611,4.478696110407421,-0.05008030421842307,0,2026-03-26,False,0.060000000000000005,1774442700,-0.060000000000000005,0.1642944637110718
XRP,xrp-above-1pt5-on-march-27,1.5,1774627260,1774438200,0.6073964470249739,2.1881944444444446,1.4336,1.3354,5.21589276859865,-0.07095789079689768,0,2026-03-27,False,0.14,1774441800,-0.14,0.23010874948255128
SOL,solana-above-100-on-march-28,100.0,1774713660,1774440900,0.7676445155589041,3.156944444444444,93.19,83.84,3.3092897988247705,-0.10573019922483208,0,2026-03-28,False,0.12,1774452600,-0.12,0.22989186972244746
SOL,solana-above-100-on-march-27,100.0,1774627260,1774440900,0.7857683955857884,2.156944444444444,93.19,83.28,3.223144468384576,-0.11243199549085062,0,2026-03-27,False,0.09,1774450800,-0.09,0.27238456433577474
SOL,solana-above-100-on-march-29,100.0,1774800060,1774440900,0.7580697173394761,4.156944444444445,93.19,81.77,3.252712422961115,-0.13072999162367832,0,2026-03-29,False,0.14,1774450800,-0.14,0.28522706780794094
SOL,solana-above-100-on-march-30,100.0,1774886460,1774441800,0.7526439669551861,5.146527777777778,92.58,84.46,2.957598742419454,-0.09179508609732703,0,2026-03-30,False,0.15000000000000002,1774451700,-0.15000000000000002,0.12149303120173993
ETH,ethereum-above-2200-on-march-25,2200.0,1774454460,1774447200,0.6259390311885162,0.08402777777777778,2184.37,2160.84,31.57730737645254,-0.010830422465877641,0,2026-03-25,False,0.19,1774449000,-0.19,0.15199557922185536
BTC,bitcoin-above-74k-on-march-31,74000.0,1774972860,1774447200,0.48446810003308804,6.084027777777777,71581.42,66806.62,5.444772723140073,-0.0690333656559214,0,2026-03-31,False,0.27,1774451700,-0.27,0.10587098630991554
XRP,xrp-above-1pt5-on-march-29,1.5,1774800060,1774449000,0.6153490545176648,4.063194444444444,1.4187,1.3251,4.132449610507269,-0.06825303104734935,0,2026-03-29,False,0.17,1774524600,-0.17,0.11205221156755937
SOL,solana-above-100-on-march-31,100.0,1774972860,1774449900,0.7397159685653132,6.052777777777777,92.17,80.99,2.7843357631858012,-0.12930900774467438,0,2026-03-31,False,0.15000000000000002,1774451700,-0.15000000000000002,0.2100396947655666
ETH,ethereum-above-2400-on-april-1,2400.0,1775059260,1774466100,0.6889528390534639,6.865277777777778,2169.28,2134.12,2.262714271966802,-0.016340931534519515,0,2026-04-01,False,0.09,1774473300,-0.09,-0.053025140999610317
SOL,solana-above-100-on-april-1,100.0,1775059260,1774470600,0.6950287443486374,6.813194444444444,91.21,83.58,2.5064312042076113,-0.08736028317229766,0,2026-04-01,False,0.12,1774506600,-0.12,0.09896253975145994
BTC,bitcoin-above-70k-on-march-26,70000.0,1774540860,1774487700,0.4893723014346108,0.6152777777777777,71269.6,69024.08,13.426903156925029,-0.032014439815141384,0,2026-03-26,False,0.8,1774491300,-0.8,-0.37014521697889186
ETH,ethereum-above-2100-on-march-26,2100.0,1774540860,1774503900,0.6314148545782285,0.4277777777777778,2130.26,2069.24,14.931125945688736,-0.029062647896769433,0,2026-03-26,False,0.71,1774504800,-0.71,-0.2760619439381297
ETH,ethereum-above-2200-on-march-26,2200.0,1774540860,1774503900,0.7290823465356192,0.4277777777777778,2130.26,2069.24,6.8382243917663015,-0.029062647896769433,0,2026-03-26,False,0.060000000000000005,1774509300,-0.060000000000000005,0.13873690773700434
ETH,ethereum-above-2200-on-march-31,2200.0,1774972860,1774514700,0.6323074284807012,5.302777777777778,2116.34,2057.96,4.507672729811011,-0.027972980740617267,0,2026-03-31,False,0.29000000000000004,1774518300,-0.29000000000000004,-0.16390695754399096
ETH,ethereum-above-2200-on-march-30,2200.0,1774886460,1774514700,0.5947735881739585,4.302777777777777,2116.34,2072.58,5.05731798740988,-0.020893973611532255,0,2026-03-30,False,0.27,1774518300,-0.27,-0.16433253142593057
SOL,solana-above-90-on-march-30,90.0,1774886460,1774517400,0.6934215581044975,4.271527777777778,88.9,84.46,5.211417042255245,-0.05123409301406153,0,2026-03-30,False,0.41000000000000003,1774518300,-0.41000000000000003,-0.14299777452202939
ETH,ethereum-above-2000-on-march-27,2000.0,1774627260,1774518300,0.7344875404032614,1.261111111111111,2084.09,1988.65,5.98313568102448,-0.04687629257439193,0,2026-03-27,False,0.8220000000000001,1774519200,-0.8220000000000001,-0.5415327813040128
ETH,ethereum-above-2000-on-march-29,2000.0,1774800060,1774518300,0.6529439149320477,3.261111111111111,2084.09,1992.76,5.278831386441619,-0.04481169663479998,0,2026-03-29,False,0.75,1774520100,-0.75,-0.5134466093245176
ETH,ethereum-above-2000-on-march-30,2000.0,1774886460,1774519200,0.6735739124390927,4.250694444444444,2082.64,2072.58,4.7926126371201,-0.004842111683903036,1,2026-03-30,False,0.71,1774524600,0.29000000000000004,0.31320636564662063
ETH,ethereum-above-2000-on-march-26,2000.0,1774540860,1774520100,0.7526513336370938,0.24027777777777778,2077.2,2069.24,3.0764684964041193,-0.003839442885177449,1,2026-03-26,False,0.949,1774523700,0.051000000000000045,0.06281192507999141
SOL,solana-above-90-on-march-29,90.0,1774800060,1774523700,0.7233758382777736,3.198611111111111,87.91,81.77,5.479211692682977,-0.07240313568920134,0,2026-03-29,False,0.34,1774537200,-0.34,0.05671210765518414
XRP,xrp-above-1pt4-on-march-29,1.4,1774800060,1774524600,0.6787343907249799,3.188194444444444,1.3706,1.3251,5.880977683604552,-0.03376067188113297,0,2026-03-29,False,0.34,1774539000,-0.34,-0.1414542420835613
BTC,bitcoin-above-68k-on-march-30,68000.0,1774886460,1774528200,0.5006207683129663,4.146527777777777,69420.65,67583.37,7.00541758848482,-0.026822426818345506,0,2026-03-30,False,0.65,1774538100,-0.65,-0.4620976994009155
BTC,bitcoin-above-70k-on-march-30,70000.0,1774886460,1774530900,0.4803685090972979,4.115277777777778,69484.14,67583.37,7.708476372410337,-0.027736578222647888,0,2026-03-30,False,0.43,1774538100,-0.43,-0.21619324211920765
XRP,xrp-above-1pt4-on-march-27,1.4,1774627260,1774531800,0.6947731726992548,1.104861111111111,1.3754,1.3354,9.288095308678413,-0.02951372546196735,0,2026-03-27,False,0.29000000000000004,1774537200,-0.29000000000000004,-0.015873704995078453
XRP,xrp-above-1pt5-on-march-31,1.5,1774972860,1774532700,0.6887896218071502,5.094444444444445,1.3767,1.3165,2.6925531395658995,-0.0447126311325334,0,2026-03-31,False,0.11,1774548900,-0.11,0.010391135334154783
SOL,solana-above-90-on-march-28,90.0,1774713660,1774533600,0.7716571916498909,2.084027777777778,87.92,83.84,6.2373278449931275,-0.04751708952263389,0,2026-03-28,False,0.32,1774538100,-0.32,-0.023620334407444432
XRP,xrp-above-1pt4-on-march-30,1.4,1774886460,1774537200,0.6617146424694323,4.042361111111111,1.3685,1.3439,5.366280388401124,-0.018139414927715255,0,2026-03-30,False,0.34,1774538100,-0.34,-0.24265881341633105
ETH,ethereum-above-2000-on-march-31,2000.0,1774972860,1774540800,0.6965011866907456,5.000694444444444,2070.4,2057.96,4.546419750369273,-0.0060266244474417386,1,2026-03-31,False,0.65,1774548900,0.35,0.3773995644159074
XRP,xrp-above-1pt4-on-march-31,1.4,1774972860,1774544400,0.6915702937612646,4.959027777777778,1.361,1.3165,4.585217527159349,-0.03324302371510197,0,2026-03-31,False,0.33,1774548900,-0.33,-0.17757350500574057
BTC,bitcoin-above-68k-on-march-28,68000.0,1774713660,1774548900,0.4907143902494286,1.9069444444444443,68459.44,67026.36,11.08220409824322,-0.021155478257100454,0,2026-03-28,False,0.56,1774549800,-0.56,-0.325550672158866
BTC,bitcoin-above-70k-on-april-2,70000.0,1775145660,1774548900,0.49393550646437645,6.906944444444445,68459.44,66813.75,5.500056124252217,-0.024332555425330804,0,2026-04-02,False,0.34,1774549800,-0.34,-0.2061695795142028
XRP,xrp-above-1pt4-on-april-1,1.4,1775059260,1774556100,0.6362631966615174,5.823611111111111,1.3579,1.3571,4.544661360829564,-0.0005893186174241551,0,2026-04-01,False,0.33,1774601100,-0.33,-0.327321746450175
SOL,solana-above-90-on-march-27,90.0,1774627260,1774560600,0.7698069804160426,0.7715277777777778,87.0,83.28,7.003767869570341,-0.04369969434787029,0,2026-03-27,False,0.15000000000000002,1774567800,-0.15000000000000002,0.15606251518365855
BTC,bitcoin-above-68k-on-march-31,68000.0,1774972860,1774561500,0.49627121263914825,4.761111111111111,69020.98,66806.62,6.8475152833335375,-0.032608338923268504,0,2026-03-31,False,0.6,1774564200,-0.6,-0.376713900858799
BTC,bitcoin-above-68k-on-march-27,68000.0,1774627260,1774572300,0.5393691984935954,0.6361111111111112,68718.75,66029.35,15.970211130664149,-0.039922747607305464,0,2026-03-27,False,0.67,1774584900,-0.67,-0.032425291795114775
ETH,ethereum-above-2100-on-march-28,2100.0,1774713660,1774573200,0.6176652528296055,1.6256944444444446,2065.03,2026.8,8.830983939888958,-0.018686559532886775,0,2026-03-28,False,0.32,1774584000,-0.32,-0.154979292873298
SOL,solana-above-90-on-april-2,90.0,1775145660,1774578600,0.7162441511959339,6.563194444444445,86.78,78.98,3.7912145196304885,-0.09418152451170125,0,2026-04-02,False,0.34,1774584900,-0.34,0.017062363209696507
ETH,ethereum-above-2100-on-march-27,2100.0,1774627260,1774584000,0.6570378324155205,0.5006944444444444,2061.48,1988.65,12.160477359258977,-0.03596815487956279,0,2026-03-27,False,0.16,1774584900,-0.16,0.2773899330672436
BTC,bitcoin-above-72k-on-march-29,72000.0,1774800060,1774593000,0.5401277204681662,2.3965277777777776,68789.13,66517.98,5.173982818603404,-0.033573451214184646,0,2026-03-29,False,0.11,1774598400,-0.11,0.06370845974341095
ETH,ethereum-above-1900-on-march-30,1900.0,1774886460,1774601100,0.7353402827940462,3.302777777777778,2043.27,2072.58,3.444302711262714,0.014242742312471513,1,2026-03-30,False,0.865,1774608300,0.135,0.08594368403733821
SOL,solana-above-80-on-april-1,80.0,1775059260,1774601100,0.7747670686542751,5.302777777777778,84.79,83.58,3.618985802175683,-0.014373354296142386,1,2026-04-01,False,0.724,1774608300,0.276,0.32801696512738016
BTC,bitcoin-above-66k-on-march-27,66000.0,1774627260,1774602900,0.6036954553985053,0.28194444444444444,67749.67,66029.35,7.141048923155589,-0.02572024875151003,1,2026-03-27,False,0.921,1774608300,0.07899999999999996,0.26266955465026454
ETH,ethereum-above-2000-on-march-27,2000.0,1774627260,1774604700,0.6991531993651893,0.2611111111111111,2044.4,1988.65,10.825192390161225,-0.027648331347332814,0,2026-03-27,False,0.85,1774608300,-0.85,-0.5507014938981967
ETH,ethereum-above-2000-on-march-29,2000.0,1774800060,1774605600,0.6163766113764649,2.2506944444444446,2041.08,1992.76,7.6211880073514,-0.02395846702761697,0,2026-03-29,False,0.67,1774608300,-0.67,-0.4874080184146017
ETH,ethereum-above-1900-on-march-29,1900.0,1774800060,1774608300,0.7253281349660855,2.2194444444444446,2011.4,1992.76,4.367547212101887,-0.009310384523996362,1,2026-03-29,False,0.845,1774609200,0.15500000000000003,0.1956635439713769
ETH,ethereum-above-2000-on-march-30,2000.0,1774886460,1774608300,0.6320241049668662,3.2194444444444446,2011.4,2072.58,6.706320521832732,0.029963210977844632,1,2026-03-30,False,0.53,1774609200,0.47,0.2690571033192767
ETH,ethereum-above-1900-on-march-28,1900.0,1774713660,1774608300,0.802503093776701,1.2194444444444446,2011.4,2026.8,4.160520495800909,0.0076271975913746745,1,2026-03-28,False,0.891,1774609200,0.10899999999999999,0.07726688809556233
BTC,bitcoin-above-66k-on-march-31,66000.0,1774972860,1774608300,0.5125860904439103,4.219444444444444,66906.57,66806.62,7.0656765900688185,-0.0014949911615404201,1,2026-03-31,False,0.6,1774609200,0.4,0.410563124052456
BTC,bitcoin-above-64k-on-march-29,64000.0,1774800060,1774609200,0.5192377139338039,2.209027777777778,66502.41,66517.98,6.412887367869695,0.00023409945003322763,1,2026-03-29,False,0.824,1774620000,0.17600000000000005,0.17449874659405673
BTC,bitcoin-above-64k-on-march-31,64000.0,1774972860,1774609200,0.5458614125484523,4.209027777777778,66502.41,66806.62,5.59827856105592,0.0045639898221109315,1,2026-03-31,False,0.74,1774620000,0.26,0.23444951362599897
BTC,bitcoin-above-64k-on-march-30,64000.0,1774886460,1774609200,0.5343194210039225,3.2090277777777776,66502.41,67583.37,6.053319051961366,0.016123759260701743,1,2026-03-30,False,0.775,1774620000,0.22499999999999998,0.1273977408779556
BTC,bitcoin-above-64k-on-april-1,64000.0,1775059260,1774609200,0.5467170055438157,5.209027777777778,66502.41,68895.96,5.237509322811412,0.03535935298991673,1,2026-04-01,False,0.72,1774620000,0.28,0.09480505906673159
ETH,ethereum-above-1900-on-march-31,1900.0,1774972860,1774610100,0.7404469635887553,4.198611111111111,1994.52,2057.96,4.2663174057003275,0.03131178098812065,1,2026-03-31,False,0.74,1774614600,0.26,0.12641400376690426
BTC,bitcoin-above-64k-on-april-2,64000.0,1775145660,1774611900,0.563559620927108,6.177777777777778,66764.79,66813.75,4.702594511642207,0.0007330519137648033,1,2026-04-02,False,0.72,1774620000,0.28,0.2765527540935808
SOL,solana-above-80-on-march-28,80.0,1774713660,1774620900,0.8074664607484936,1.073611111111111,83.27,83.84,6.114776861653727,0.006821880325004248,1,2026-03-28,False,0.823,1774621800,0.17700000000000005,0.13528572403569328
SOL,solana-above-90-on-march-31,90.0,1774972860,1774631700,0.7259154032911188,3.9486111111111115,83.2,80.99,2.9544426688904304,-0.026921657566264443,0,2026-03-31,False,0.11,1774639800,-0.11,-0.030461506168971433
BTC,bitcoin-above-66k-on-march-28,66000.0,1774713660,1774648800,0.35937385418519363,0.7506944444444446,66098.0,67026.36,24.39419253282881,0.013947485638581636,1,2026-03-28,False,0.537,1774649700,0.46299999999999997,0.12276234998357471
BTC,bitcoin-above-68k-on-april-2,68000.0,1775145660,1774682100,0.477195251835031,5.365277777777778,66437.73,66813.75,6.284779552891648,0.005643779687695735,0,2026-04-02,False,0.34,1774691100,-0.34,-0.37546991118225537
BTC,bitcoin-above-68k-on-april-1,68000.0,1775059260,1774682100,0.4652063523279841,4.365277777777778,66437.73,68895.96,6.980635158178865,0.03633242260009757,1,2026-04-01,False,0.32,1774689300,0.6799999999999999,0.42637661341594646
BTC,bitcoin-above-66k-on-april-2,66000.0,1775145660,1774683000,0.5070458697369875,5.354861111111111,66471.17,66813.75,6.472347224570185,0.005140577859893109,1,2026-04-02,False,0.56,1774689300,0.43999999999999995,0.4067283951558338
ETH,ethereum-above-2000-on-march-29,2000.0,1774800060,1774705500,0.49317001325336535,1.0944444444444443,2028.06,1992.76,13.021174032549085,-0.017559058585855578,0,2026-03-29,False,0.6900000000000001,1774707300,-0.6900000000000001,-0.4613604423058493
BTC,bitcoin-above-68k-on-march-29,68000.0,1774800060,1774705500,0.3470844276866908,1.0944444444444443,66940.95,66517.98,14.807401740483469,-0.00633860043937139,0,2026-03-29,False,0.17,1774706400,-0.17,-0.07614179682182282
ETH,ethereum-above-2000-on-april-1,2000.0,1775059260,1774735200,0.6991818753523258,3.7506944444444446,2009.61,2134.12,5.625814790744334,0.06011371033193295,1,2026-04-01,False,0.52,1774739700,0.48,0.1418113992880911
ETH,ethereum-above-2000-on-april-2,2000.0,1775145660,1774757700,0.7179981441455292,4.490277777777778,2012.16,2058.02,5.0062263828676725,0.022535583599079523,1,2026-04-02,False,0.52,1774758600,0.48,0.36718176683296805
ETH,ethereum-above-2000-on-march-31,2000.0,1774972860,1774757700,0.6831395019421272,2.4902777777777776,2012.16,2057.96,7.047916787197804,0.02250642893846206,1,2026-03-31,False,0.54,1774759500,0.45999999999999996,0.3013765616647388
BTC,bitcoin-above-66k-on-april-1,66000.0,1775059260,1774767600,0.5389597135143757,3.3756944444444446,66738.5,68895.96,7.561031303924194,0.03181554280309415,1,2026-04-01,False,0.59,1774779300,0.41000000000000003,0.16944168491446507
BTC,bitcoin-above-68k-on-april-1,68000.0,1775059260,1774772100,0.5149208322493886,3.3236111111111115,66654.18,68895.96,7.397739076171722,0.033079780259462746,1,2026-04-01,False,0.34,1774777500,0.6599999999999999,0.41528441694339846
BTC,bitcoin-above-66k-on-march-30,66000.0,1774886460,1774775700,0.5422956661971452,1.2819444444444443,66696.24,67583.37,11.829248409109425,0.013213367348804513,1,2026-03-30,False,0.63,1774779300,0.37,0.2136957953101758
ETH,ethereum-above-1900-on-march-31,1900.0,1774972860,1774778400,0.7703291982350013,2.2506944444444446,1999.21,2057.96,4.746101146945645,0.028963098350106818,1,2026-03-31,False,0.81,1774792800,0.18999999999999995,0.05253820570145845
ETH,ethereum-above-2000-on-march-29,2000.0,1774800060,1774791900,0.6523476470746589,0.09444444444444444,1992.05,1992.76,35.304883485147464,0.0003563532552434595,0,2026-03-29,False,0.29000000000000004,1774792800,-0.29000000000000004,-0.30258101015592337
BTC,bitcoin-above-66k-on-april-2,66000.0,1775145660,1774795500,0.5428064395859824,4.052777777777778,66574.96,66813.75,6.9222503836790175,0.0035803668104726,1,2026-04-02,False,0.56,1774805400,0.43999999999999995,0.4152158044724944
BTC,bitcoin-above-68k-on-april-2,68000.0,1775145660,1774801800,0.5168846091288658,3.979861111111111,66617.19,66813.75,6.802147176973125,0.0029462453338678393,0,2026-04-02,False,0.35000000000000003,1774802700,-0.35000000000000003,-0.3700407943804394
BTC,bitcoin-above-68k-on-march-30,68000.0,1774886460,1774810800,0.5728910416725167,0.8756944444444444,66427.26,67583.37,9.923841854116455,0.017254432465654914,0,2026-03-30,False,0.18000000000000002,1774811700,-0.18000000000000002,-0.35123025907169203
ETH,ethereum-above-2000-on-april-1,2000.0,1775059260,1774821600,0.7258495607031104,2.7506944444444446,2006.51,2134.12,6.329964291907734,0.06165748921088772,1,2026-04-01,False,0.5,1774822500,0.5,0.1097102949663944
BTC,bitcoin-above-66k-on-march-31,66000.0,1774972860,1774821600,0.5666199100599872,1.7506944444444443,66710.12,66806.62,9.845768606941693,0.0014455118781824846,1,2026-03-31,False,0.61,1774822500,0.39,0.37576782452882956
BTC,bitcoin-above-68k-on-april-1,68000.0,1775059260,1774858500,0.5425503093490419,2.323611111111111,67893.92,68895.96,9.200503059674599,0.014651053487402005,1,2026-04-01,False,0.49,1774859400,0.51,0.37520293756170164
BTC,bitcoin-above-66k-on-march-30,66000.0,1774886460,1774864800,0.5451347633014576,0.25069444444444444,67495.46,67583.37,8.255680066591477,0.0013016105101198777,1,2026-03-30,False,0.92,1774865700,0.07999999999999996,0.06925432005713732
ETH,ethereum-above-2100-on-april-1,2100.0,1775059260,1774870200,0.6835166469898601,2.1881944444444446,2066.46,2134.12,7.13705667078618,0.03221738534334159,1,2026-04-01,False,0.37,1774881000,0.63,0.400062695020015
BTC,bitcoin-above-70k-on-april-2,70000.0,1775145660,1774877400,0.48450291895301467,3.104861111111111,67878.85,66813.75,6.9340052839850905,-0.015815600876605763,0,2026-04-02,False,0.23,1774879200,-0.23,-0.12033453995221642
BTC,bitcoin-above-66k-on-april-2,66000.0,1775145660,1774883700,0.5519487234887541,3.031944444444444,67561.67,66813.75,7.199607372924716,-0.011131912718445401,1,2026-04-02,False,0.6900000000000001,1774888200,0.30999999999999994,0.39014540088247385
BTC,bitcoin-above-68k-on-april-2,68000.0,1775145660,1774890000,0.5042718365621028,2.959027777777778,67368.1,66813.75,8.560455066040573,-0.008262714426714526,0,2026-04-02,False,0.42,1774890900,-0.42,-0.3492674044265851
BTC,bitcoin-above-68k-on-march-31,68000.0,1774972860,1774920600,0.5224213894985483,0.6048611111111111,67775.48,66806.62,18.501782714558434,-0.014398300188371127,0,2026-03-31,False,0.44,1774928700,-0.44,-0.17360577845577163
XRP,xrp-above-1pt3-on-march-31,1.3,1774972860,1774938600,0.6455589637728283,0.39652777777777776,1.3249,1.3165,12.718365764282025,-0.006360284937713335,1,2026-03-31,False,0.78,1774942200,0.21999999999999997,0.3008924302028919
SOL,solana-above-80-on-april-1,80.0,1775059260,1774939500,0.6694531138051794,1.386111111111111,83.25,83.58,6.189701032147391,0.0039561281592160845,1,2026-04-01,False,0.827,1774946700,0.17300000000000004,0.1485127494495929
SOL,solana-above-80-on-april-2,80.0,1775145660,1774940400,0.680108944520976,2.3756944444444446,83.41,78.98,5.556633205916938,-0.05457355039501701,0,2026-04-02,False,0.78,1774946700,-0.78,-0.4767547977102671
XRP,xrp-above-1pt3-on-april-1,1.3,1775059260,1774943100,0.6590595130016724,1.3444444444444446,1.3218,1.3571,9.222500682728024,0.026355626050972445,1,2026-04-01,False,0.66,1774947600,0.33999999999999997,0.0969352207511821
BTC,bitcoin-above-66k-on-april-1,66000.0,1775059260,1774946700,0.5421522538673177,1.3027777777777776,66842.82,68895.96,11.478133557459882,0.03025364745414045,1,2026-04-01,False,0.65,1774949400,0.35,0.002744593921069738
ETH,ethereum-above-2000-on-april-1,2000.0,1775059260,1774946700,0.6862930789393681,1.3027777777777776,2041.1,2134.12,8.689394682413216,0.04456550550808445,1,2026-04-01,False,0.6900000000000001,1774949400,0.30999999999999994,-0.07724726658100595
ETH,ethereum-above-2000-on-april-3,2000.0,1775232060,1774946700,0.6946893456423423,3.302777777777778,2041.1,2051.17,5.813400784488966,0.004921483834375703,1,2026-04-03,False,0.62,1774951200,0.38,0.35138944201639055
BTC,bitcoin-above-66k-on-march-31,66000.0,1774972860,1774946700,0.5337242392720809,0.30277777777777776,66842.82,66806.62,18.576192471770035,-0.0005417157136651181,1,2026-03-31,False,0.78,1774948500,0.21999999999999997,0.23006301536202547
BTC,bitcoin-above-68k-on-april-3,68000.0,1775232060,1774946700,0.5558888700224947,3.302777777777778,66842.82,66829.01,7.093685076178958,-0.00020662543557827245,0,2026-04-03,False,0.35000000000000003,1774949400,-0.35000000000000003,-0.3485342642312795
XRP,xrp-above-1pt3-on-april-2,1.3,1775145660,1774950300,0.6617616452506212,2.261111111111111,1.3105,1.2987,7.59650199920459,-0.009044979647416516,0,2026-04-02,False,0.56,1774951200,-0.56,-0.49128979402563566
ETH,ethereum-above-2000-on-march-31,2000.0,1774972860,1774957500,0.676843839913095,0.17777777777777776,2042.35,2057.96,10.089658734738038,0.007614095234272133,1,2026-03-31,False,0.89,1774959300,0.10999999999999999,0.033176377512398894
BTC,bitcoin-above-68k-on-april-1,68000.0,1775059260,1774967400,0.48509248081226064,1.0631944444444446,67737.99,68895.96,15.042797136910854,0.01695036592350993,1,2026-04-01,False,0.42,1774968300,0.5800000000000001,0.3250190840162336
ETH,ethereum-above-2100-on-march-31,2100.0,1774972860,1774967400,0.607544405348774,0.06319444444444444,2086.69,2057.96,36.25647559330706,-0.013863877613001662,0,2026-03-31,False,0.171,1774968300,-0.171,0.3316553403043908
ETH,ethereum-above-2100-on-april-2,2100.0,1775145660,1774968300,0.6488818348625363,2.0527777777777776,2068.68,2058.02,7.755724033978279,-0.005166367175130295,0,2026-04-02,False,0.34,1774969200,-0.34,-0.29993108193148554
ETH,ethereum-above-2100-on-april-3,2100.0,1775232060,1774968300,0.6591975058671312,3.0527777777777776,2068.68,2051.17,6.36417442064261,-0.008500360660514848,0,2026-04-03,False,0.37,1774969200,-0.37,-0.3159022221181147
ETH,ethereum-above-2100-on-april-1,2100.0,1775059260,1774968300,0.6213171606507699,1.0527777777777778,2068.68,2134.12,10.72051127403057,0.0311436610131939,1,2026-04-01,False,0.28,1774969200,0.72,0.3861240309934684
BTC,bitcoin-above-70k-on-april-3,70000.0,1775232060,1774977300,0.4967343241329502,2.948611111111111,68454.01,66829.01,7.795263317195112,-0.024024865218942464,0,2026-04-03,False,0.28,1774978200,-0.28,-0.09271984945822112
SOL,solana-above-80-on-april-3,80.0,1775232060,1774988100,0.7385764660609497,2.823611111111111,83.26,80.28,5.183348548743239,-0.036447717838692,1,2026-04-03,False,0.76,1774989000,0.24,0.42892122536418725
BTC,bitcoin-above-68k-on-april-2,68000.0,1775145660,1774990800,0.49989771063179117,1.792361111111111,68265.53,66813.75,11.338473388071465,-0.0214960562838464,0,2026-04-02,False,0.53,1774991700,-0.53,-0.2862675378771212
BTC,bitcoin-above-70k-on-april-4,70000.0,1775318460,1774990800,0.49601517339864937,3.7923611111111115,68265.53,67385.65,6.887215005977984,-0.012972866729735197,0,2026-04-04,False,0.28,1774991700,-0.28,-0.19065307758841524
BTC,bitcoin-above-70k-on-april-5,70000.0,1775404860,1774990800,0.49335370263155326,4.792361111111111,68265.53,67339.82,6.312862842756301,-0.013653213241315645,0,2026-04-05,False,0.3,1774991700,-0.3,-0.21380913744467012
BTC,bitcoin-above-68k-on-april-7,68000.0,1775577660,1774997100,0.5115267484827939,6.719444444444444,68184.21,68187.74,5.748009728943566,5.1770177089859935e-05,1,2026-04-07,False,0.51,1775009700,0.49,0.48970242451841833
BTC,bitcoin-above-72k-on-april-5,72000.0,1775404860,1775000700,0.4881820147073408,4.677777777777778,68310.02,67339.82,4.467738878185835,-0.014304720799933604,0,2026-04-05,False,0.14,1775002500,-0.14,-0.07609024274054307
BTC,bitcoin-above-68k-on-april-6,68000.0,1775491260,1775001600,0.5123513500916678,5.667361111111111,68284.48,69938.59,6.245323014593804,0.02393506333577619,1,2026-04-06,False,0.52,1775003400,0.48,0.3305177980933166
BTC,bitcoin-above-70k-on-april-7,70000.0,1775577660,1775001600,0.4944990558453167,6.667361111111112,68284.48,68187.74,5.499879944431489,-0.0014177246651880162,0,2026-04-07,False,0.34,1775008800,-0.34,-0.3322026845472066
ETH,ethereum-above-2200-on-april-2,2200.0,1775145660,1775001600,0.6506036521976661,1.667361111111111,2105.43,2058.02,5.38616839516077,-0.022775366269760264,0,2026-04-02,False,0.14,1775008800,-0.14,-0.017328042009606623
ETH,ethereum-above-2100-on-april-4,2100.0,1775318460,1775004300,0.6646450791074426,3.6361111111111115,2103.51,2056.15,6.013596074590358,-0.022772075888482627,0,2026-04-04,False,0.5,1775008800,-0.5,-0.3630579338267471
ETH,ethereum-above-2100-on-april-6,2100.0,1775491260,1775005200,0.6808932323744933,5.625694444444444,2114.72,2163.78,4.715585030946129,0.02293427620283125,1,2026-04-06,False,0.52,1775007900,0.48,0.3718514704423449
ETH,ethereum-above-2200-on-april-4,2200.0,1775318460,1775005200,0.6417332237543159,3.625694444444444,2114.72,2056.15,5.0493057106538215,-0.02808711389724408,0,2026-04-04,False,0.24000000000000002,1775007000,-0.24000000000000002,-0.09817957540286115
BTC,bitcoin-above-68k-on-april-4,68000.0,1775318460,1775006100,0.5097140193347389,3.615277777777778,68265.74,67385.65,7.853850980813588,-0.012975942948099077,0,2026-04-04,False,0.52,1775007900,-0.52,-0.4180888777500909
SOL,solana-above-90-on-april-4,90.0,1775318460,1775006100,0.6642592615445774,3.615277777777778,83.24,81.16,2.887587955088209,-0.025305486567819644,0,2026-04-04,False,0.09,1775007000,-0.09,-0.016928181789117536
XRP,xrp-above-1pt4-on-april-5,1.4,1775404860,1775023200,0.5888122819540522,4.417361111111111,1.3467,1.2978,5.045115293796348,-0.03698663226892805,0,2026-04-05,False,0.24000000000000002,1775076300,-0.24000000000000002,-0.05339817587400958
XRP,xrp-above-1pt4-on-april-4,1.4,1775318460,1775024100,0.5914212513463283,3.4069444444444446,1.3547,1.3134,5.8170143784019155,-0.0309608328298185,0,2026-04-04,False,0.25,1775068200,-0.25,-0.06990039026164774
XRP,xrp-above-1pt4-on-april-7,1.4,1775577660,1775025900,0.5935083844460045,6.386111111111111,1.3624,1.2982,4.71683998064857,-0.048269160749110335,0,2026-04-07,False,0.33,1775068200,-0.33,-0.10232209274624374
BTC,bitcoin-above-68k-on-april-5,68000.0,1775404860,1775047500,0.4781619865981546,4.136111111111111,68665.68,67339.82,7.730474277997594,-0.019497770359515266,0,2026-04-05,False,0.58,1775048400,-0.58,-0.4292729877574633
ETH,ethereum-above-2200-on-april-3,2200.0,1775232060,1775047500,0.6464126771414923,2.136111111111111,2142.15,2051.17,6.882744382660495,-0.0433996355326793,0,2026-04-03,False,0.26,1775048400,-0.26,0.03870859767206131
BTC,bitcoin-above-66k-on-april-6,66000.0,1775491260,1775047500,0.5272344293697627,5.136111111111111,68665.68,69938.59,5.32216943808169,0.018368060208552524,1,2026-04-06,False,0.75,1775051100,0.25,0.15224207132119738
SOL,solana-above-80-on-april-2,80.0,1775145660,1775047500,0.7491195676199653,1.136111111111111,83.56,78.98,5.6689751771014505,-0.05637028082986161,0,2026-04-02,False,0.86,1775051100,-0.86,-0.5404382772492767
BTC,bitcoin-above-68k-on-april-3,68000.0,1775232060,1775047500,0.5127416399777542,2.136111111111111,68665.68,66829.01,9.907955113750557,-0.027112243379362935,0,2026-04-03,False,0.6,1775048400,-0.6,-0.3313731095641913
BTC,bitcoin-above-70k-on-april-8,70000.0,1775664060,1775061900,0.48953882380808716,6.969444444444444,68937.66,71329.98,5.701685600531904,0.034114097949062415,1,2026-04-08,False,0.37,1775066400,0.63,0.4354921389486959
BTC,bitcoin-above-74k-on-april-8,74000.0,1775664060,1775062800,0.4628796652621683,6.959027777777777,68816.34,71329.98,3.1547061546772674,0.03587549916233582,0,2026-04-08,False,0.09999999999999999,1775067300,-0.09999999999999999,-0.21317665800953994
BTC,bitcoin-above-68k-on-april-8,68000.0,1775664060,1775062800,0.5061405709636182,6.959027777777777,68816.34,71329.98,5.655954955288137,0.03587549916233582,1,2026-04-08,False,0.56,1775066400,0.43999999999999995,0.23708979273935127
BTC,bitcoin-above-76k-on-april-8,76000.0,1775664060,1775062800,0.4576911179491792,6.959027777777777,68816.34,71329.98,1.7474675897147045,0.03587549916233582,0,2026-04-08,False,0.03,1775075400,-0.03,-0.09269127205101887
BTC,bitcoin-above-72k-on-april-8,72000.0,1775664060,1775064600,0.46749850140556,6.938194444444445,68527.97,71329.98,4.497969424474283,0.04007473280731294,0,2026-04-08,False,0.2,1775068200,-0.2,-0.38025492286127005
SOL,solana-above-90-on-april-6,90.0,1775491260,1775065500,0.6160387703331905,4.927777777777777,84.98,82.19,3.9244092705292677,-0.033382294526256955,0,2026-04-06,False,0.18000000000000002,1775068200,-0.18000000000000002,-0.048994213889618804
XRP,xrp-above-1pt4-on-april-2,1.4,1775145660,1775079000,0.5572459057752746,0.7715277777777778,1.3542,1.2987,6.5928756625241,-0.04184710993550049,0,2026-04-02,False,0.06999999999999999,1775082600,-0.06999999999999999,0.20589279264073163
SOL,solana-above-80-on-april-7,80.0,1775577660,1775080800,0.6556615944050189,5.750694444444444,81.86,78.87,4.711983177347963,-0.03720954365435733,0,2026-04-07,False,0.59,1775082600,-0.59,-0.4146692562638736
SOL,solana-above-80-on-april-3,80.0,1775232060,1775080800,0.7067245104248497,1.7506944444444443,81.86,80.28,7.382083794543692,-0.019489947136119547,1,2026-04-03,False,0.67,1775081700,0.32999999999999996,0.47387642291006127
SOL,solana-above-80-on-april-5,80.0,1775404860,1775084400,0.6800064337366332,3.7090277777777776,81.17,79.63,5.728874616535606,-0.019154814503730938,0,2026-04-05,False,0.5700000000000001,1775092500,-0.5700000000000001,-0.46026446940512783
SOL,solana-above-80-on-april-8,80.0,1775664060,1775086200,0.6724545294453473,6.688194444444444,81.32,83.37,4.343343697676479,0.02489654366237631,1,2026-04-08,False,0.55,1775092500,0.44999999999999996,0.3418657539900905
BTC,bitcoin-above-68k-on-april-7,68000.0,1775577660,1775086200,0.5034988035822424,5.688194444444445,68119.46,68187.74,6.346995266507777,0.0010018547180358193,1,2026-04-07,False,0.51,1775093400,0.49,0.48364123284689814
SOL,solana-above-80-on-april-6,80.0,1775491260,1775087100,0.6772328737527044,4.677777777777778,81.34,82.19,5.1214489814141775,0.010395739681330177,1,2026-04-06,False,0.5700000000000001,1775092500,0.42999999999999994,0.37675874959800454
ETH,ethereum-above-2200-on-april-7,2200.0,1775577660,1775090700,0.6500874512472212,5.636111111111111,2153.93,2080.7,4.717822229165711,-0.03458970496899949,0,2026-04-07,False,0.37,1775092500,-0.37,-0.20681192099697054
ETH,ethereum-above-2000-on-april-8,2000.0,1775664060,1775091600,0.7248234222560787,6.625694444444445,2156.14,2215.83,3.1502645154423488,0.0273074651373667,1,2026-04-08,False,0.78,1775093400,0.21999999999999997,0.13397426157107462
ETH,ethereum-above-2100-on-april-2,2100.0,1775145660,1775091600,0.7567343191375714,0.6256944444444444,2156.14,2058.02,9.049876964470434,-0.04657523046587549,0,2026-04-02,False,0.8,1775092500,-0.8,-0.37849989469197187
ETH,ethereum-above-2100-on-april-6,2100.0,1775491260,1775091600,0.6615648244217802,4.625694444444445,2156.14,2163.78,5.09418197392947,0.0035371062266950303,1,2026-04-06,False,0.63,1775092500,0.37,0.3519813372200965
BTC,bitcoin-above-70k-on-april-2,70000.0,1775145660,1775091600,0.5416965542852343,0.6256944444444444,68600.29,66813.75,11.737763192558473,-0.026387864443999525,0,2026-04-02,False,0.15000000000000002,1775092500,-0.15000000000000002,0.1597345040010001
ETH,ethereum-above-2100-on-april-7,2100.0,1775577660,1775091600,0.675285389867815,5.625694444444444,2156.14,2080.7,4.584841556832568,-0.03561521044509665,0,2026-04-07,False,0.61,1775092500,-0.61,-0.4467099030959835
BTC,bitcoin-above-68k-on-april-2,68000.0,1775145660,1775091600,0.5866277828594844,0.6256944444444444,68600.29,66813.75,15.450936515390135,-0.026387864443999525,0,2026-04-02,False,0.62,1775092500,-0.62,-0.21228278169904274
BTC,bitcoin-above-70k-on-april-5,70000.0,1775404860,1775091600,0.4643823065893651,3.625694444444444,68600.29,67339.82,7.75579935957451,-0.018545021401468787,0,2026-04-05,False,0.3,1775092500,-0.3,-0.15616853489119278
BTC,bitcoin-above-70k-on-april-4,70000.0,1775318460,1775091600,0.4831411967028211,2.6256944444444446,68600.29,67385.65,8.533450203362278,-0.017864674889888278,0,2026-04-04,False,0.29000000000000004,1775092500,-0.29000000000000004,-0.13755268642788193
ETH,ethereum-above-2200-on-april-2,2200.0,1775145660,1775091600,0.6998816213455319,0.6256944444444444,2156.14,2058.02,10.704355703722534,-0.04657523046587549,0,2026-04-02,False,0.19,1775092500,-0.19,0.30855783388958585
ETH,ethereum-above-2200-on-april-4,2200.0,1775318460,1775091600,0.6239624494302222,2.6256944444444446,2156.14,2056.15,6.9391956031834745,-0.047484283873380315,0,2026-04-04,False,0.31,1775092500,-0.31,0.019502733874476652
ETH,ethereum-above-2100-on-april-4,2100.0,1775318460,1775091600,0.6762513187330494,2.6256944444444446,2156.14,2056.15,6.337741124868933,-0.047484283873380315,0,2026-04-04,False,0.68,1775092500,-0.68,-0.37905690131072695
BTC,bitcoin-above-70k-on-april-6,70000.0,1775491260,1775091600,0.4768824124257534,4.625694444444445,68600.29,69938.59,6.851340522513219,0.01932080916659913,0,2026-04-06,False,0.33,1775092500,-0.33,-0.4623734427708655
BTC,bitcoin-above-68k-on-april-6,68000.0,1775491260,1775091600,0.4997357799335974,4.625694444444445,68600.29,69938.59,7.033383712245131,0.01932080916659913,1,2026-04-06,False,0.56,1775092500,0.43999999999999995,0.3041093355002452
ETH,ethereum-above-2100-on-april-8,2100.0,1775664060,1775091600,0.6847112681321097,6.625694444444445,2156.14,2215.83,4.201853563664373,0.0273074651373667,1,2026-04-08,False,0.6,1775092500,0.4,0.28525803029791513
BTC,bitcoin-above-70k-on-april-7,70000.0,1775577660,1775091600,0.48478175597221773,5.625694444444444,68600.29,68187.74,6.199858279414077,-0.006031978834365213,0,2026-04-07,False,0.35000000000000003,1775092500,-0.35000000000000003,-0.3126025860825104
BTC,bitcoin-above-66k-on-april-7,66000.0,1775577660,1775091600,0.5345862262080223,5.625694444444444,68600.29,68187.74,5.169986924687456,-0.006031978834365213,1,2026-04-07,False,0.72,1775092500,0.28,0.3111852517036597
ETH,ethereum-above-2200-on-april-6,2200.0,1775491260,1775091600,0.6368210224632669,4.625694444444445,2156.14,2163.78,5.292547715247976,0.0035371062266950303,0,2026-04-06,False,0.35000000000000003,1775092500,-0.35000000000000003,-0.36872030347868423
BTC,bitcoin-above-70k-on-april-3,70000.0,1775232060,1775091600,0.5185220955191661,1.6256944444444446,68600.29,66829.01,9.623637737609732,-0.026159494421316397,0,2026-04-03,False,0.25,1775092500,-0.25,0.0017494977097717301
ETH,ethereum-above-2200-on-april-5,2200.0,1775404860,1775092500,0.6116999863168863,3.615277777777778,2140.74,2055.12,5.84293452861924,-0.04081732324927233,0,2026-04-05,False,0.29000000000000004,1775093400,-0.29000000000000004,-0.051507052621013905
BTC,bitcoin-above-68k-on-april-4,68000.0,1775318460,1775092500,0.49976176677860207,2.615277777777778,68138.05,67385.65,9.427113004912927,-0.01110370703296842,0,2026-04-04,False,0.49,1775093400,-0.49,-0.38532409902676024
ETH,ethereum-above-2300-on-april-6,2300.0,1775491260,1775092500,0.6412061880615766,4.615277777777777,2140.74,2163.78,3.251030407286043,0.010705128577009042,0,2026-04-06,False,0.12,1775093400,-0.12,-0.15480269851776315
ETH,ethereum-above-2300-on-april-8,2300.0,1775664060,1775092500,0.6601139281249309,6.615277777777777,2140.74,2215.83,3.1230187659474056,0.03447548748768086,0,2026-04-08,False,0.17,1775093400,-0.17,-0.2776675943892123
ETH,ethereum-above-2300-on-april-7,2300.0,1775577660,1775092500,0.6523984104085986,5.615277777777778,2140.74,2080.7,3.207456885784824,-0.028447188094782524,0,2026-04-07,False,0.15000000000000002,1775093400,-0.15000000000000002,-0.058756870664173746
ETH,ethereum-above-2000-on-april-5,2000.0,1775404860,1775092500,0.6912761282493453,3.615277777777778,2140.74,2055.12,3.6785606205798254,-0.04081732324927233,1,2026-04-05,False,0.84,1775093400,0.16000000000000003,0.3101489979422506
ETH,ethereum-above-2000-on-april-7,2000.0,1775577660,1775092500,0.7123122811548034,5.615277777777778,2140.74,2080.7,3.470514978727046,-0.028447188094782524,1,2026-04-07,False,0.78,1775093400,0.21999999999999997,0.3187263923856084
BTC,bitcoin-above-66k-on-april-3,66000.0,1775232060,1775092500,0.5870196442075744,1.6152777777777778,68138.05,66829.01,7.436864635339466,-0.01939852656439663,1,2026-04-03,False,0.79,1775093400,0.20999999999999996,0.3542642161844545
ETH,ethereum-above-2000-on-april-3,2000.0,1775232060,1775093400,0.7558545968908622,1.604861111111111,2112.43,2051.17,4.508893232357868,-0.029428581553269106,1,2026-04-03,False,0.86,1775096100,0.14,0.27269033220342664
BTC,bitcoin-above-64k-on-april-8,64000.0,1775664060,1775093400,0.5484176419256889,6.60486111111111,67586.77,71329.98,4.2259281769685115,0.05390446206693929,1,2026-04-08,False,0.78,1775096100,0.21999999999999997,-0.007796385113009063
BTC,bitcoin-above-64k-on-april-5,64000.0,1775404860,1775101500,0.5238581473407941,3.511111111111111,66606.88,67339.82,5.855032332744383,0.010943865212455125,1,2026-04-05,False,0.79,1775105100,0.20999999999999996,0.14592331533587874
BTC,bitcoin-above-64k-on-april-6,64000.0,1775491260,1775101500,0.524542499217653,4.511111111111111,66606.88,69938.59,5.518653247395033,0.04880969578052298,1,2026-04-06,False,0.76,1775104200,0.24,-0.029363786123546787
ETH,ethereum-above-2100-on-april-5,2100.0,1775404860,1775109600,0.62288211598585,3.417361111111111,2050.21,2055.12,6.039196393014766,0.002392013475720657,0,2026-04-05,False,0.32,1775120400,-0.32,-0.3344458391546149
BTC,bitcoin-above-64k-on-april-7,64000.0,1775577660,1775120400,0.5093583244273031,5.292361111111111,66439.12,68187.74,5.500122015248046,0.02597874366952138,1,2026-04-07,False,0.73,1775133000,0.27,0.12711374001477968
BTC,bitcoin-above-66k-on-april-2,66000.0,1775145660,1775132100,0.480147775963884,0.15694444444444444,66182.05,66813.75,38.61719266946485,0.00949961954471869,1,2026-04-02,False,0.58,1775134800,0.42000000000000004,0.05315136175498447
XRP,xrp-above-1pt3-on-april-3,1.3,1775232060,1775133000,0.5602448672746019,1.1465277777777778,1.2954,1.3185,12.60072837589284,0.01767519904452473,1,2026-04-03,False,0.42,1775135700,0.5800000000000001,0.3572796178501033
BTC,bitcoin-above-66k-on-april-6,66000.0,1775491260,1775133900,0.4582737465128207,4.136111111111111,66224.34,69938.59,8.169442727478156,0.05456950221119378,1,2026-04-06,False,0.53,1775134800,0.47,0.02419757701865982
BTC,bitcoin-above-66k-on-april-4,66000.0,1775318460,1775139300,0.48954013286006787,2.073611111111111,66397.85,67385.65,10.699780592280552,0.014767410798175392,1,2026-04-04,False,0.5700000000000001,1775140200,0.42999999999999994,0.27199194454344866
XRP,xrp-above-1pt3-on-april-4,1.3,1775318460,1775142000,0.5480311085504742,2.042361111111111,1.3001,1.3134,9.729930257768423,0.010178010188749127,1,2026-04-04,False,0.47000000000000003,1775143800,0.53,0.4309686707006146
XRP,xrp-above-1pt3-on-april-2,1.3,1775145660,1775142000,0.5480311085504742,0.04236111111111111,1.3001,1.2987,67.56870045998579,-0.001077420452078535,0,2026-04-02,False,0.44,1775142900,-0.44,-0.36720010020404303
BTC,bitcoin-above-68k-on-april-9,68000.0,1775750460,1775148300,0.4716238696725148,6.969444444444444,67172.97,72342.21,5.97472727747512,0.07413684176781231,1,2026-04-09,False,0.4,1775152800,0.6,0.157052589223995
BTC,bitcoin-above-70k-on-april-8,70000.0,1775664060,1775148300,0.44516180435253416,5.969444444444445,67172.97,71329.98,5.279351048715359,0.06004578143377398,1,2026-04-08,False,0.22,1775151900,0.78,0.46299724081667215
XRP,xrp-above-1pt4-on-april-5,1.4,1775404860,1775148300,0.5853349056388271,2.9694444444444446,1.3065,1.2978,3.0970923965558588,-0.006681282773599008,0,2026-04-05,False,0.05,1775207700,-0.05,-0.029307449922646875
BTC,bitcoin-above-68k-on-april-8,68000.0,1775664060,1775149200,0.46131545355397663,5.959027777777778,67095.85,71329.98,6.549036561670931,0.0611945218260804,1,2026-04-08,False,0.41000000000000003,1775151900,0.59,0.18923483918702966
BTC,bitcoin-above-66k-on-april-9,66000.0,1775750460,1775151000,0.49160139726962876,6.938194444444445,67247.69,72342.21,5.715558261855313,0.07302510778739792,1,2026-04-09,False,0.62,1775151900,0.38,-0.03737925813713694
ETH,ethereum-above-2200-on-april-9,2200.0,1775750460,1775151000,0.637960462706874,6.938194444444445,2065.86,2223.14,3.39994334538012,0.07337400635014132,1,2026-04-09,False,0.2,1775158200,0.8,0.5505325353859584
BTC,bitcoin-above-66k-on-april-8,66000.0,1775664060,1775156400,0.47526735755227806,5.875694444444444,66981.99,71329.98,6.4650578320367,0.06289293861695688,1,2026-04-08,False,0.61,1775164500,0.39,-0.01660648538536047
BTC,bitcoin-above-66k-on-april-5,66000.0,1775404860,1775160000,0.418609852019779,2.834027777777778,66975.99,67339.82,10.063934509822698,0.005417543770319522,1,2026-04-05,False,0.67,1775164500,0.32999999999999996,0.27547819429140635
ETH,ethereum-above-2000-on-april-9,2000.0,1775750460,1775169900,0.6479877541872946,6.719444444444444,2061.29,2223.14,4.338731762369856,0.07558861055293795,1,2026-04-09,False,0.63,1775184300,0.37,0.04204129452056282
SOL,solana-above-80-on-april-8,80.0,1775664060,1775172600,0.644556351769368,5.688194444444445,78.93,83.37,4.852347562644315,0.05472714870221099,1,2026-04-08,False,0.43,1775183400,0.5700000000000001,0.30444485338435356
BTC,bitcoin-above-68k-on-april-7,68000.0,1775577660,1775172600,0.4127693959986529,4.688194444444444,66946.12,68187.74,8.000686745102795,0.01837666653277429,1,2026-04-07,False,0.37,1775175300,0.63,0.4829740476520586
BTC,bitcoin-above-68k-on-april-6,68000.0,1775491260,1775178000,0.39382826094572754,3.625694444444444,66785.86,69938.59,9.063791921587814,0.046126189805520953,1,2026-04-06,False,0.32,1775180700,0.6799999999999999,0.2619218134670929
BTC,bitcoin-above-68k-on-april-4,68000.0,1775318460,1775178900,0.40172572423567404,1.6152777777777778,66831.01,67385.65,11.988756535130518,0.008264892856269145,0,2026-04-04,False,0.24000000000000002,1775180700,-0.24000000000000002,-0.33908578824275026
BTC,bitcoin-above-66k-on-april-7,66000.0,1775577660,1775179800,0.43702027442067254,4.604861111111111,66863.0,68187.74,7.89636771774306,0.019619033431101326,1,2026-04-07,False,0.63,1775180700,0.37,0.21508089776132963
BTC,bitcoin-above-64k-on-april-6,64000.0,1775491260,1775188800,0.4388747215030595,3.500694444444444,66579.97,69938.59,6.2019072310033865,0.04921378973373492,1,2026-04-06,False,0.84,1775189700,0.16000000000000003,-0.14521935841473083
XRP,xrp-above-1pt4-on-april-7,1.4,1775577660,1775216700,0.5475038637448731,4.177777777777778,1.3229,1.2982,4.146014892364308,-0.018847606868966152,0,2026-04-07,False,0.12,1775453400,-0.12,-0.0418575412358385
XRP,xrp-above-1pt4-on-april-6,1.4,1775491260,1775216700,0.5475038637448731,3.1777777777777776,1.3229,1.35,4.103744974529974,0.02027829596414083,0,2026-04-06,False,0.08,1775451600,-0.08,-0.1632169551548744
ETH,ethereum-above-2000-on-april-5,2000.0,1775404860,1775219400,0.46020303767609766,2.146527777777778,2067.34,2055.12,7.398900510305897,-0.005928516367243257,1,2026-04-05,False,0.8200000000000001,1775221200,0.17999999999999994,0.22386450277495293
XRP,xrp-above-1pt3-on-april-3,1.3,1775232060,1775219400,0.5625221326896278,0.14652777777777778,1.3264,1.3185,7.284548044049727,-0.005973778587689192,1,2026-04-03,False,0.92,1775222100,0.07999999999999996,0.1235162771265374
ETH,ethereum-above-2100-on-april-4,2100.0,1775318460,1775219400,0.398231114389759,1.1465277777777778,2067.34,2056.15,13.857966614502875,-0.005427454641037179,0,2026-04-04,False,0.21000000000000002,1775220300,-0.21000000000000002,-0.13478651478277812
BTC,bitcoin-above-66k-on-april-3,66000.0,1775232060,1775219400,0.36574578726617557,0.14652777777777778,67115.99,66829.01,4.005805956274023,-0.00428504892483632,1,2026-04-03,False,0.964,1775220300,0.03600000000000003,0.05316507450603496
ETH,ethereum-above-2100-on-april-5,2100.0,1775404860,1775275200,0.5529596816535803,1.5006944444444446,2050.05,2055.12,8.827163899954444,0.0024700573071270793,0,2026-04-05,False,0.13,1775351700,-0.13,-0.15180360069229085
BTC,bitcoin-above-68k-on-april-9,68000.0,1775750460,1775277000,0.39427426150773387,5.479861111111111,66857.72,72342.21,7.697775302249252,0.07884099693330533,1,2026-04-09,False,0.36,1775284200,0.64,0.03309972100209313
BTC,bitcoin-above-68k-on-april-6,68000.0,1775491260,1775321100,0.29862447926244445,1.9694444444444443,67513.78,69938.59,17.176551911090066,0.035285846103516136,1,2026-04-06,False,0.36,1775322000,0.64,0.03391083267621997
BTC,bitcoin-above-66k-on-april-7,66000.0,1775577660,1775321100,0.38366492976626926,2.9694444444444446,67513.78,68187.74,9.405421975178683,0.009933058102551915,1,2026-04-07,False,0.76,1775322000,0.24,0.14657539704153155
BTC,bitcoin-above-66k-on-april-6,66000.0,1775491260,1775324700,0.35332709495911824,1.9277777777777778,67326.01,69938.59,11.623085511226996,0.03807093085294978,1,2026-04-06,False,0.8,1775333700,0.19999999999999996,-0.2425016847958455
BTC,bitcoin-above-68k-on-april-7,68000.0,1775577660,1775351700,0.36318622786505345,2.615277777777778,67189.67,68187.74,11.953460412592575,0.014745267818944854,1,2026-04-07,False,0.35000000000000003,1775352600,0.6499999999999999,0.4737430248531673
ETH,ethereum-above-2000-on-april-6,2000.0,1775491260,1775351700,0.5119256709152598,1.6152777777777778,2060.7,2163.78,8.086899019536961,0.04881096132438221,1,2026-04-06,False,0.8200000000000001,1775366100,0.17999999999999994,-0.21472931527680306
ETH,ethereum-above-2100-on-april-7,2100.0,1775577660,1775358900,0.5205254647030868,2.531944444444444,2060.19,2080.7,8.266251552096342,0.009906164000403077,0,2026-04-07,False,0.32,1775360700,-0.32,-0.40188684354365284
ETH,ethereum-above-2000-on-april-8,2000.0,1775664060,1775359800,0.6172222852269043,3.5215277777777776,2058.35,2215.83,5.962610618247639,0.07372236016172116,1,2026-04-08,False,0.6900000000000001,1775369700,0.30999999999999994,-0.12957772750255536
ETH,ethereum-above-2100-on-april-5,2100.0,1775404860,1775361600,0.43406548912472864,0.5006944444444444,2056.64,2055.12,10.579130570310738,-0.0007393427968750797,0,2026-04-05,False,0.05,1775362500,-0.05,-0.0421783960156398
ETH,ethereum-above-2100-on-april-8,2100.0,1775664060,1775362500,0.5554848711986727,3.4902777777777776,2054.65,2215.83,6.698480990475415,0.07552153399983592,1,2026-04-08,False,0.33,1775368800,0.6699999999999999,0.16412044013055627
BTC,bitcoin-above-68k-on-april-9,68000.0,1775750460,1775363400,0.41326243718671124,4.479861111111111,67188.51,72342.21,8.366553209873125,0.07390552546987803,1,2026-04-09,False,0.39,1775365200,0.61,-0.008334511347367957
ETH,ethereum-above-2000-on-april-9,2000.0,1775750460,1775367000,0.6225155366330635,4.438194444444445,2052.84,2223.14,5.4748593173387325,0.07969641068668207,1,2026-04-09,False,0.65,1775369700,0.35,-0.08632663660643547
ETH,ethereum-above-2000-on-april-7,2000.0,1775577660,1775368800,0.5789075749190798,2.417361111111111,2048.6,2080.7,7.524422143463593,0.015547742538101745,1,2026-04-07,False,0.7,1775369700,0.30000000000000004,0.1830122217654364
BTC,bitcoin-above-68k-on-april-8,68000.0,1775664060,1775373300,0.40718800030666613,3.3652777777777776,66905.1,71329.98,9.283554553290864,0.06404151849053552,1,2026-04-08,False,0.33,1775375100,0.6699999999999999,0.07546706941752779
BTC,bitcoin-above-68k-on-april-5,68000.0,1775404860,1775385900,0.35575154268487713,0.21944444444444444,67085.99,67339.82,13.636023703484947,0.0037765113958056064,0,2026-04-05,False,0.028999999999999998,1775386800,-0.028999999999999998,-0.08049659890968627
BTC,bitcoin-above-68k-on-april-6,68000.0,1775491260,1775422800,0.4273837619430409,0.7923611111111111,67658.35,69938.59,19.35387221073572,0.033146794878625166,1,2026-04-06,False,0.38,1775423700,0.62,-0.02151883227638063
ETH,ethereum-above-2100-on-april-6,2100.0,1775491260,1775426400,0.5729030544112345,0.7506944444444446,2060.01,2163.78,11.564343932373975,0.049145855071551156,1,2026-04-06,False,0.22,1775428200,0.78,0.2116604291019767
BTC,bitcoin-above-70k-on-april-8,70000.0,1775664060,1775436300,0.4603475857350787,2.636111111111111,69312.72,71329.98,9.827677106602057,0.028688276766766545,1,2026-04-08,False,0.39,1775437200,0.61,0.32806087919138477
BTC,bitcoin-above-68k-on-april-7,68000.0,1775577660,1775439000,0.48332882601911065,1.604861111111111,68985.2,68187.74,11.334975931671178,-0.011627205542988952,1,2026-04-07,False,0.68,1775439900,0.31999999999999995,0.45179409498237344
BTC,bitcoin-above-70k-on-april-7,70000.0,1775577660,1775439000,0.4489540562915137,1.604861111111111,68985.2,68187.74,11.794089933583015,-0.011627205542988952,0,2026-04-07,False,0.3,1775439900,-0.3,-0.16286769214973335
SOL,solana-above-80-on-april-6,80.0,1775491260,1775441700,0.5965251826880418,0.5736111111111111,82.47,82.19,7.49287584003992,-0.0034009506848553996,1,2026-04-06,False,0.9,1775445300,0.09999999999999998,0.12548290121972022
XRP,xrp-above-1pt3-on-april-6,1.3,1775491260,1775454300,0.49438634260117537,0.4277777777777778,1.3383,1.35,5.490023888388531,0.008704440630146318,1,2026-04-06,False,0.93,1775455200,0.06999999999999995,0.02221241300543695
XRP,xrp-above-0pt9-on-april-8,0.9,1775664060,1775464200,0.5487731526113525,2.3131944444444446,1.3438,1.3549,5.81912212961077e-18,0.008226229366335701,1,2026-04-08,False,0.97,1775465100,0.030000000000000027,0.030000000000000027
XRP,xrp-above-1pt3-on-april-7,1.3,1775577660,1775467800,0.5785367644985442,1.2715277777777778,1.3526,1.2982,6.068993133960175,-0.04104997654147139,0,2026-04-07,False,0.86,1775468700,-0.86,-0.6108679742205838
BTC,bitcoin-above-68k-on-april-8,68000.0,1775664060,1775475900,0.46944912152778745,2.1777777777777776,69650.9,71329.98,8.944846552848501,0.023821094009028588,1,2026-04-08,False,0.76,1775476800,0.24,0.026923969368260553
BTC,bitcoin-above-68k-on-april-9,68000.0,1775750460,1775480400,0.4801856407681101,3.1256944444444446,69366.75,72342.21,8.200461991612364,0.04200013016074719,1,2026-04-09,False,0.68,1775484900,0.31999999999999995,-0.024420471025979495
BTC,bitcoin-above-70k-on-april-9,70000.0,1775750460,1775482200,0.46113131903139515,3.104861111111111,69474.58,72342.21,9.197332736872683,0.04044684596676767,1,2026-04-09,False,0.42,1775483100,0.5800000000000001,0.20799689948660094
ETH,ethereum-above-2200-on-april-9,2200.0,1775750460,1775488500,0.5997301931792235,3.031944444444444,2167.2,2223.14,6.972947175945981,0.025484599167997737,1,2026-04-09,False,0.37,1775494800,0.63,0.4522972362013949
SOL,solana-above-90-on-april-9,90.0,1775750460,1775488500,0.7525501570021543,3.031944444444444,82.17,83.98,2.3026925830881155,0.021788403312950847,0,2026-04-09,False,0.025,1775578500,-0.025,-0.07517199470606445
ETH,ethereum-above-2200-on-april-8,2200.0,1775664060,1775488500,0.5878524188147891,2.0319444444444446,2167.2,2215.83,8.511316071598149,0.022191039352114195,1,2026-04-08,False,0.34,1775493000,0.6599999999999999,0.47112505011688344
BTC,bitcoin-above-70k-on-april-6,70000.0,1775491260,1775490300,0.43455103963867614,0.01111111111111111,69825.66,69938.59,96.7591367837864,0.0016160073062488887,0,2026-04-06,False,0.123,1775491200,-0.123,-0.2793634719889344
ETH,ethereum-above-2100-on-april-7,2100.0,1775577660,1775505600,0.5969568495188917,0.8340277777777777,2144.25,2080.7,10.815589138471267,-0.030085465329994846,0,2026-04-07,False,0.77,1775514600,-0.77,-0.4446079679510539
ETH,ethereum-above-2100-on-april-9,2100.0,1775750460,1775516400,0.6347345869682496,2.7090277777777776,2105.41,2223.14,7.2941258667454445,0.05441038844166824,1,2026-04-09,False,0.5,1775518200,0.5,0.10312377824796032
BTC,bitcoin-above-66k-on-april-9,66000.0,1775750460,1775520000,0.5743945944061642,2.667361111111111,68853.66,72342.21,5.721361981244854,0.04942439343384515,1,2026-04-09,False,0.8200000000000001,1775527200,0.17999999999999994,-0.10277484553848953
BTC,bitcoin-above-70k-on-april-8,70000.0,1775664060,1775534400,0.5099789860259449,1.5006944444444446,68779.21,71329.98,10.462147454663947,0.036415196861879606,1,2026-04-08,False,0.28,1775535300,0.72,0.3390188408403997
BTC,bitcoin-above-70k-on-april-7,70000.0,1775577660,1775534400,0.5080504408026796,0.5006944444444444,68779.21,68187.74,13.573400021861813,-0.00863673574730712,0,2026-04-07,False,0.15000000000000002,1775535300,-0.15000000000000002,-0.03277013081868685
ETH,ethereum-above-2100-on-april-8,2100.0,1775664060,1775545200,0.6335735317376994,1.3756944444444446,2104.25,2215.83,10.25105822666274,0.051667942031313904,1,2026-04-08,False,0.51,1775558700,0.49,-0.039651082214834044
BTC,bitcoin-above-68k-on-april-10,68000.0,1775836860,1775550600,0.5162012820209031,3.313194444444444,68756.14,72476.0,7.9507019037820745,0.052689430924090806,1,2026-04-10,False,0.6,1775558700,0.4,-0.01891795875736285
BTC,bitcoin-above-68k-on-april-7,68000.0,1775577660,1775557800,0.49699544318894057,0.2298611111111111,68736.99,68187.74,22.13536420476477,-0.00802269898179794,1,2026-04-07,False,0.79,1775558700,0.20999999999999996,0.3875853638672928
ETH,ethereum-above-2000-on-april-8,2000.0,1775664060,1775559600,0.6833707861481255,1.2090277777777778,2089.32,2215.83,5.592579826382435,0.05878839695649207,1,2026-04-08,False,0.871,1775564100,0.129,-0.1997788028442401
ETH,ethereum-above-2000-on-april-7,2000.0,1775577660,1775560500,0.7136688694773312,0.1986111111111111,2089.02,2080.7,0.8000516666425351,-0.003990680929031684,1,2026-04-07,False,0.97,1775561400,0.030000000000000027,0.03319275092831041
BTC,bitcoin-above-68k-on-april-8,68000.0,1775664060,1775562300,0.5102716626733024,1.1777777777777778,68408.1,71329.98,13.512128659687379,0.04182547723305627,1,2026-04-08,False,0.58,1775563200,0.42000000000000004,-0.14515122962588156
ETH,ethereum-above-2100-on-april-10,2100.0,1775836860,1775564100,0.632135639866867,3.156944444444444,2083.93,2224.99,6.699609577068346,0.06549688715053195,1,2026-04-10,False,0.43,1775571300,0.5700000000000001,0.13119642757813155
ETH,ethereum-above-2000-on-april-9,2000.0,1775750460,1775565000,0.6913696469773966,2.146527777777778,2084.94,2223.14,5.645723405671063,0.06418053309846365,1,2026-04-09,False,0.79,1775565900,0.20999999999999996,-0.15234553790244265
ETH,ethereum-above-1900-on-april-10,1900.0,1775836860,1775565900,0.7575870986023377,3.1361111111111106,2077.07,2224.99,2.653966943566222,0.06879417444455624,1,2026-04-10,False,0.899,1775571300,0.10099999999999998,-0.08157746488578044
BTC,bitcoin-above-66k-on-april-10,66000.0,1775836860,1775567700,0.5527948176958071,3.115277777777778,68616.77,72476.0,5.959022458473368,0.05471850707625584,1,2026-04-10,False,0.79,1775568600,0.20999999999999996,-0.1160688125615425
BTC,bitcoin-above-72k-on-april-11,72000.0,1775923260,1775596500,0.4799507599019162,3.781944444444444,69981.17,72865.57,6.7937728331268605,0.040390030778482515,1,2026-04-11,False,0.268,1775597400,0.732,0.4575993061679877
BTC,bitcoin-above-74k-on-april-14,74000.0,1776182460,1775596500,0.4580063489762902,6.781944444444444,69981.17,75356.48,4.163528817337687,0.07400371418532117,1,2026-04-14,False,0.15000000000000002,1775597400,0.85,0.5418834033993936
BTC,bitcoin-above-70k-on-april-13,70000.0,1776096060,1775596500,0.4846057169150117,5.781944444444444,69981.17,71902.91,6.536818223516645,0.027090530924625555,1,2026-04-13,False,0.5,1775597400,0.5,0.32291412376716644
BTC,bitcoin-above-76k-on-april-14,76000.0,1776182460,1775596500,0.4565408851181645,6.781944444444444,69981.17,75356.48,2.5531607053119196,0.07400371418532117,0,2026-04-14,False,0.049,1775597400,-0.049,-0.23794337510509633
XRP,xrp-above-1pt4-on-april-8,1.4,1775664060,1775603700,0.6291719464386171,0.6986111111111111,1.3709,1.3549,10.718152954423626,-0.01173980758946913,0,2026-04-08,False,0.199,1775609100,-0.199,-0.07317094660056656
BTC,bitcoin-above-76k-on-april-11,76000.0,1775923260,1775604600,0.47954664628534477,3.6881944444444446,72753.27,72865.57,5.371374069930506,0.0015423831457929951,0,2026-04-11,False,0.126,1775606400,-0.126,-0.13428471683521034
BTC,bitcoin-above-70k-on-april-10,70000.0,1775836860,1775604600,0.5403799811444449,2.688194444444444,72753.27,72476.0,6.203179049040324,-0.0038183809211976057,1,2026-04-10,False,0.78,1775605500,0.21999999999999997,0.24368610053162826
BTC,bitcoin-above-76k-on-april-12,76000.0,1776009660,1775604600,0.470509685678905,4.688194444444444,72753.27,70860.0,5.2333965151361985,-0.026367754057732735,0,2026-04-12,False,0.156,1775605500,-0.156,-0.018007087802293154
BTC,bitcoin-above-72k-on-april-9,72000.0,1775750460,1775604600,0.5318291850867501,1.6881944444444443,72753.27,72342.21,10.636089001342818,-0.005666077258047034,1,2026-04-09,False,0.58,1775605500,0.42000000000000004,0.48026490200507277
BTC,bitcoin-above-74k-on-april-10,74000.0,1775836860,1775604600,0.4952890889718146,2.688194444444444,72753.27,72476.0,8.589750411802996,-0.0038183809211976057,0,2026-04-10,False,0.297,1775605500,-0.297,-0.2642010609097222
BTC,bitcoin-above-76k-on-april-13,76000.0,1776096060,1775604600,0.46451839812906054,5.688194444444445,72753.27,71902.91,5.067723146229631,-0.011757116708063883,0,2026-04-13,False,0.17900000000000002,1775605500,-0.17900000000000002,-0.11941818752562156
BTC,bitcoin-above-72k-on-april-10,72000.0,1775836860,1775604600,0.5088175176045547,2.688194444444444,72753.27,72476.0,8.92451432644696,-0.0038183809211976057,1,2026-04-10,False,0.56,1775605500,0.43999999999999995,0.4740771952350597
BTC,bitcoin-above-74k-on-april-12,74000.0,1776009660,1775604600,0.4770193412844384,4.688194444444444,72753.27,70860.0,6.961772239096391,-0.026367754057732735,0,2026-04-12,False,0.343,1775605500,-0.343,-0.15943370179355504
BTC,bitcoin-above-72k-on-april-8,72000.0,1775664060,1775604600,0.5687153760749458,0.6881944444444444,72753.27,71329.98,14.858058574223394,-0.019757137592085267,0,2026-04-08,False,0.61,1775605500,-0.61,-0.31644729239780617
BTC,bitcoin-above-72k-on-april-14,72000.0,1776182460,1775604600,0.48725219495129873,6.688194444444444,72753.27,75356.48,6.00157528478489,0.035156066552631725,1,2026-04-14,False,0.54,1775605500,0.45999999999999996,0.24900821986747268
XRP,xrp-above-1pt4-on-april-14,1.4,1776182460,1775610000,0.54993770973775,6.625694444444445,1.3665,1.3751,5.039278756544334,0.006273729360776331,0,2026-04-14,False,0.34,1775808000,-0.34,-0.37161507109206865
XRP,xrp-above-1pt4-on-april-13,1.4,1776096060,1775610000,0.5534328146672679,5.625694444444444,1.3665,1.3346,5.387734458628822,-0.02362110489861652,0,2026-04-13,False,0.33,1775808000,-0.33,-0.20273575918683773
XRP,xrp-above-1pt4-on-april-12,1.4,1776009660,1775610000,0.5584009816883662,4.625694444444445,1.3665,1.3234,5.818547019682115,-0.03204854379016366,0,2026-04-12,False,0.32,1775808000,-0.32,-0.13352404104459148
ETH,ethereum-above-2300-on-april-8,2300.0,1775664060,1775612700,0.7877968927036753,0.5944444444444444,2236.85,2215.83,8.432729722959857,-0.009441575028604529,0,2026-04-08,False,0.14900000000000002,1775613600,-0.14900000000000002,-0.06938174962473104
ETH,ethereum-above-2300-on-april-9,2300.0,1775750460,1775614500,0.7544032650362961,1.5736111111111113,2245.43,2223.14,7.073422573335984,-0.009976428644980112,0,2026-04-09,False,0.269,1775616300,-0.269,-0.198432504421322
XRP,xrp-above-1pt4-on-april-11,1.4,1775923260,1775617200,0.5603746484096197,3.542361111111111,1.3744,1.3464,6.768482069807463,-0.020582908353394744,0,2026-04-11,False,0.34,1775808000,-0.34,-0.20068495386555746
XRP,xrp-above-1pt5-on-april-14,1.5,1776182460,1775617200,0.5340541745141462,6.542361111111111,1.3744,1.3751,2.526499873167817,0.0005091834989079829,0,2026-04-14,False,0.078,1775618100,-0.078,-0.07928645204541017
BTC,bitcoin-above-70k-on-april-9,70000.0,1775750460,1775644200,0.43474767747981685,1.229861111111111,71645.51,72342.21,10.466951206911034,0.009677289662628003,1,2026-04-09,False,0.8200000000000001,1775645100,0.17999999999999994,0.07870828128612808
BTC,bitcoin-above-70k-on-april-8,70000.0,1775664060,1775645100,0.4272146935135957,0.21944444444444444,71554.72,71329.98,4.271317016730944,-0.003145755778350416,1,2026-04-08,False,0.955,1775646000,0.04500000000000004,0.058436520186547866
ETH,ethereum-above-2200-on-april-13,2200.0,1776096060,1775650500,0.610553003682103,5.156944444444444,2253.99,2210.04,5.258730025986751,-0.019691364137133398,1,2026-04-13,False,0.62,1775655900,0.38,0.4835515678405821
ETH,ethereum-above-2300-on-april-11,2300.0,1775923260,1775651400,0.6063149001964393,3.146527777777778,2248.35,2249.42,6.456419402436765,0.0004757913455715489,0,2026-04-11,False,0.317,1775655900,-0.317,-0.3200719084750597
ETH,ethereum-above-2200-on-april-11,2200.0,1775923260,1775654100,0.611235621363264,3.115277777777778,2261.88,2249.42,6.346757697994301,-0.005523920680679847,1,2026-04-11,False,0.68,1775655900,0.31999999999999995,0.3550589861032147
ETH,ethereum-above-2200-on-april-12,2200.0,1776009660,1775655000,0.5965092074502407,4.104861111111111,2260.63,2185.0,5.825995706283498,-0.03402770695194224,0,2026-04-12,False,0.65,1775655900,-0.65,-0.4517547254033114
ETH,ethereum-above-2400-on-april-12,2400.0,1776009660,1775655000,0.6107695072173529,4.104861111111111,2260.63,2185.0,3.8999543435274795,-0.03402770695194224,0,2026-04-12,False,0.14,1775655900,-0.14,-0.0072934964724926665
ETH,ethereum-above-2300-on-april-13,2300.0,1776096060,1775655000,0.6097922939973951,5.104861111111111,2260.63,2210.04,5.326036953382108,-0.022632920586117863,0,2026-04-13,False,0.37,1775655900,-0.37,-0.24945622859537364
ETH,ethereum-above-2300-on-april-14,2300.0,1776182460,1775655000,0.6198137398208571,6.104861111111111,2260.63,2364.42,4.817094707779394,0.04488921323842272,1,2026-04-14,False,0.38,1775655900,0.62,0.40376440847281314
ETH,ethereum-above-2200-on-april-9,2200.0,1775750460,1775658600,0.6140405201069908,1.0631944444444446,2225.69,2223.14,11.385858178308679,-0.0011463689461092422,1,2026-04-09,False,0.6,1775659500,0.4,0.41305239424041706
BTC,bitcoin-above-72k-on-april-15,72000.0,1776268860,1775671200,0.423931862222076,6.91736111111111,71888.19,73792.01,6.825176002805415,0.02613846483809558,1,2026-04-15,False,0.46,1775673000,0.54,0.361600377036857
SOL,solana-above-80-on-april-11,80.0,1775923260,1775681100,0.5976499219264657,2.8027777777777776,83.12,84.69,5.944148396471666,0.01871218414253567,1,2026-04-11,False,0.75,1775687400,0.25,0.13877200063466405
SOL,solana-above-90-on-april-13,90.0,1776096060,1775682000,0.580022797349573,4.792361111111111,83.28,82.74,2.918836147900765,-0.0065052632734480574,0,2026-04-13,False,0.088,1775687400,-0.088,-0.06901220240584854
BTC,bitcoin-above-76k-on-april-15,76000.0,1776268860,1775682900,0.40262045650284545,6.781944444444444,71518.04,73792.01,3.8173130725768125,0.03130073459459295,0,2026-04-15,False,0.09,1775697300,-0.09,-0.20948470334919694
BTC,bitcoin-above-74k-on-april-15,74000.0,1776268860,1775682900,0.4047029555557767,6.781944444444444,71518.04,73792.01,5.869801820203898,0.03130073459459295,0,2026-04-15,False,0.23,1775687400,-0.23,-0.4137291088970608
SOL,solana-above-80-on-april-10,80.0,1775836860,1775685600,0.6008418942179701,1.7506944444444443,83.4,84.33,5.934543013196799,0.011089364221849148,1,2026-04-10,False,0.8200000000000001,1775687400,0.17999999999999994,0.11418969103643052
ETH,ethereum-above-2200-on-april-14,2200.0,1776182460,1775687400,0.5774784207981083,5.729861111111112,2193.51,2364.42,5.497445370800386,0.0750297482000848,1,2026-04-14,False,0.46,1775691000,0.54,0.12752805808512524
BTC,bitcoin-above-72k-on-april-14,72000.0,1776182460,1775700000,0.40805678792101563,5.584027777777778,70928.89,75356.48,7.504459457425614,0.060552094187782485,1,2026-04-14,False,0.37,1775700900,0.63,0.1755892641055692
BTC,bitcoin-above-72k-on-april-13,72000.0,1776096060,1775700000,0.39759088675378346,4.584027777777778,70928.89,71902.91,8.395808538523235,0.013638910927086686,0,2026-04-13,False,0.36,1775700900,-0.36,-0.4745096848177922
BTC,bitcoin-above-72k-on-april-12,72000.0,1776009660,1775700000,0.38057276521776806,3.584027777777778,70928.89,70860.0,9.700640193442698,-0.0009717264225821516,0,2026-04-12,False,0.34,1775700900,-0.34,-0.3305736316080693
BTC,bitcoin-above-70k-on-april-10,70000.0,1775836860,1775706300,0.42526509540483676,1.511111111111111,70903.93,72476.0,13.144654962531506,0.021929610388618355,1,2026-04-10,False,0.68,1775710800,0.31999999999999995,0.031742837978865235
ETH,ethereum-above-2100-on-april-13,2100.0,1776096060,1775715300,0.580425125520203,4.406944444444444,2183.27,2210.04,5.2934507044500005,0.012186861988644403,1,2026-04-13,False,0.74,1775716200,0.26,0.19548944682117536
BTC,bitcoin-above-70k-on-april-11,70000.0,1775923260,1775728800,0.40508252449630516,2.2506944444444446,71534.68,72865.57,10.047840713362206,0.018433869567291174,1,2026-04-11,False,0.76,1775729700,0.24,0.05477941485696319
BTC,bitcoin-above-72k-on-april-11,72000.0,1775923260,1775728800,0.38072119091005735,2.2506944444444446,71534.68,72865.57,12.990364945999296,0.018433869567291174,1,2026-04-11,False,0.40700000000000003,1775729700,0.593,0.3535373069539375
BTC,bitcoin-above-70k-on-april-9,70000.0,1775750460,1775730600,0.40725512153619925,0.2298611111111111,71393.18,72342.21,6.142154081211476,0.013205429660910465,1,2026-04-09,False,0.9400000000000001,1775733300,0.05999999999999994,-0.021109783685912348
BTC,bitcoin-above-74k-on-april-13,74000.0,1776096060,1775736000,0.3652509469378823,4.167361111111111,71150.17,71902.91,6.040154265235651,0.010524022935646235,0,2026-04-13,False,0.15000000000000002,1775741400,-0.15000000000000002,-0.21356672202218144
BTC,bitcoin-above-70k-on-april-14,70000.0,1776182460,1775736900,0.40620250968050997,5.156944444444444,71200.96,75356.48,7.82943565105925,0.05672361857458975,1,2026-04-14,False,0.65,1775742300,0.35,-0.09411392152497966
ETH,ethereum-above-2200-on-april-13,2200.0,1776096060,1775739600,0.5234740533462882,4.125694444444445,2183.34,2210.04,7.0720120658008065,0.012154800503874153,1,2026-04-13,False,0.43,1775740500,0.5700000000000001,0.4840411041792003
ETH,ethereum-above-2100-on-april-15,2100.0,1776268860,1775739600,0.5842964623774578,6.125694444444444,2183.34,2330.72,4.705245318011728,0.06532141830899672,1,2026-04-15,False,0.6900000000000001,1775743200,0.30999999999999994,0.0026467023357075736
ETH,ethereum-above-2100-on-april-12,2100.0,1776009660,1775740500,0.5349129504639908,3.115277777777778,2177.76,2185.0,6.269582524638763,0.003319002945926878,1,2026-04-12,False,0.78,1775742300,0.21999999999999997,0.19919123713099224
BTC,bitcoin-above-74k-on-april-16,74000.0,1776355260,1775754900,0.404473673309527,6.948611111111112,72481.24,74754.2,6.600277248206228,0.03087762822716754,1,2026-04-16,False,0.31,1775758500,0.69,0.4861990929336556
BTC,bitcoin-above-76k-on-april-16,76000.0,1776355260,1775754900,0.3974115454769288,6.948611111111112,72481.24,74754.2,4.887723679915323,0.03087762822716754,0,2026-04-16,False,0.14,1775760300,-0.14,-0.2909213146655486
BTC,bitcoin-above-72k-on-april-10,72000.0,1775836860,1775755800,0.41669717709253756,0.9381944444444443,72341.74,72476.0,18.457996895376056,0.0018541932565147381,1,2026-04-10,False,0.56,1775758500,0.43999999999999995,0.4057753066278237
ETH,ethereum-above-2200-on-april-10,2200.0,1775836860,1775755800,0.5329771768236686,0.9381944444444443,2215.21,2224.99,14.339713744719074,0.004405214096577841,1,2026-04-10,False,0.56,1775758500,0.43999999999999995,0.37683049087087245
BTC,bitcoin-above-76k-on-april-14,76000.0,1776182460,1775755800,0.38394935485338216,4.938194444444445,72341.74,75356.48,4.733824873993289,0.040828640730344055,0,2026-04-14,False,0.118,1775758500,-0.118,-0.31127563506063816
BTC,bitcoin-above-72k-on-april-15,72000.0,1776268860,1775757600,0.4097784369211891,5.917361111111111,72347.49,73792.01,7.629428573713012,0.01976970015410767,1,2026-04-15,False,0.53,1775758500,0.47,0.3191684847505124
BTC,bitcoin-above-74k-on-april-11,74000.0,1775923260,1775768400,0.39011546261154584,1.792361111111111,72413.97,72865.57,10.544206439353841,0.006217000061652466,0,2026-04-11,False,0.18100000000000002,1775770200,-0.18100000000000002,-0.2465533320835392
ETH,ethereum-above-2100-on-april-10,2100.0,1775836860,1775783700,0.6226725754122665,0.6152777777777777,2194.23,2224.99,3.652865803801865,0.013921233509215742,1,2026-04-10,False,0.9400000000000001,1775784600,0.05999999999999994,0.009147602167445125
XRP,xrp-above-1pt4-on-april-11,1.4,1775923260,1775813400,0.6239363775074234,1.2715277777777778,1.3401,1.3464,5.236199033233374,0.004690125850413624,0,2026-04-11,False,0.08,1775816100,-0.08,-0.10455843244367868
XRP,xrp-above-1pt3-on-april-10,1.3,1775836860,1775817900,0.5388213630526004,0.21944444444444444,1.3389,1.3481,2.540302253591786,0.006847812393684589,1,2026-04-10,False,0.96,1775824200,0.040000000000000036,0.02260448674414931
XRP,xrp-above-1pt4-on-april-15,1.4,1776268860,1775833200,0.5256560646734705,5.042361111111111,1.358,1.3728,5.629103078906225,0.010839420615056359,0,2026-04-15,False,0.26,1775838600,-0.26,-0.32101621595777335
XRP,xrp-above-1pt4-on-april-14,1.4,1776182460,1775846700,0.5179431447981964,3.886111111111111,1.3563,1.3751,6.159136171455328,0.01376605176022995,0,2026-04-14,False,0.25,1776043800,-0.25,-0.3347869873345586
BTC,bitcoin-above-72k-on-april-15,72000.0,1776268860,1775886300,0.39850190216273623,4.427777777777778,72802.0,73792.01,8.851207568006357,0.013507032809879752,1,2026-04-15,False,0.6,1775888100,0.4,0.2804464489718822
BTC,bitcoin-above-74k-on-april-12,74000.0,1776009660,1775886300,0.3266822529379467,1.4277777777777776,72802.0,70860.0,14.07554769583327,-0.027037327915423928,0,2026-04-12,False,0.17,1775887200,-0.17,0.21056519864143383
BTC,bitcoin-above-72k-on-april-14,72000.0,1776182460,1775901600,0.4073434475595859,3.2506944444444446,72907.11,75356.48,9.90176421663747,0.03304375492470609,1,2026-04-14,False,0.63,1775913300,0.37,0.04280852990320705
BTC,bitcoin-above-72k-on-april-13,72000.0,1776096060,1775952000,0.4310908564351061,1.667361111111111,73043.16,71902.91,12.20745500967526,-0.015733762528810712,0,2026-04-13,False,0.7,1775952900,-0.7,-0.5079308017966288
BTC,bitcoin-above-74k-on-april-13,74000.0,1776096060,1775952000,0.40903527243594007,1.667361111111111,73043.16,71902.91,12.831866325729727,-0.015733762528810712,0,2026-04-13,False,0.32,1775952900,-0.32,-0.11810646242952563
BTC,bitcoin-above-74k-on-april-14,74000.0,1776182460,1775952000,0.41957293253419814,2.667361111111111,73043.16,75356.48,10.34480641542317,0.031179420731885087,1,2026-04-14,False,0.36,1775952900,0.64,0.317454928383617
BTC,bitcoin-above-74k-on-april-15,74000.0,1776268860,1775952000,0.4240157583715686,3.667361111111111,73043.16,73792.01,8.896371401735632,0.010199960846824317,0,2026-04-15,False,0.38,1775958300,-0.38,-0.470742639976511
ETH,ethereum-above-2300-on-april-12,2300.0,1776009660,1775957400,0.533005590919364,0.6048611111111111,2283.66,2185.0,17.357094561736453,-0.04416359051898103,0,2026-04-12,False,0.34,1775958300,-0.34,0.42655161682376114
BTC,bitcoin-above-70k-on-april-13,70000.0,1776096060,1775958300,0.4557690612565174,1.5944444444444443,71735.99,71902.91,9.630900489565278,0.002324162537280308,1,2026-04-13,False,0.78,1775967300,0.21999999999999997,0.19761622188187777
BTC,bitcoin-above-70k-on-april-16,70000.0,1776355260,1775958300,0.4620431053504711,4.594444444444445,71735.99,74754.2,6.965259267940581,0.04121282373360441,1,2026-04-16,False,0.6900000000000001,1775967300,0.30999999999999994,0.022941997531510272
BTC,bitcoin-above-70k-on-april-14,70000.0,1776182460,1775958300,0.46125675247795217,2.5944444444444446,71735.99,75356.48,8.514501721666306,0.049237345797976,1,2026-04-14,False,0.73,1775968200,0.27,-0.1492314655671459
BTC,bitcoin-above-70k-on-april-15,70000.0,1776268860,1775958300,0.46626207888567894,3.5944444444444446,71735.99,73792.01,7.584820226734486,0.0282578859129153,1,2026-04-15,False,0.71,1775968200,0.29000000000000004,0.07566901536296458
BTC,bitcoin-above-72k-on-april-12,72000.0,1776009660,1775963700,0.4323759182803288,0.5319444444444444,71750.09,70860.0,23.596992093580212,-0.01248300955701855,0,2026-04-12,False,0.4,1775964600,-0.4,-0.10543852217894706
BTC,bitcoin-above-74k-on-april-16,74000.0,1776355260,1775978100,0.444302955661591,4.365277777777778,71620.82,74754.2,6.44053609563539,0.04281958416274148,1,2026-04-16,False,0.24000000000000002,1775987100,0.76,0.484218922599766
BTC,bitcoin-above-72k-on-april-14,72000.0,1776182460,1775988000,0.4387601685371604,2.2506944444444446,71531.94,75356.48,11.33467751604105,0.052085856807691164,1,2026-04-14,False,0.43,1775991600,0.5700000000000001,-0.02037639006187053
ETH,ethereum-above-2200-on-april-13,2200.0,1776096060,1775995200,0.6834413706988498,1.167361111111111,2204.62,2210.04,10.315430807839414,0.002455456466961767,1,2026-04-13,False,0.5,1775998800,0.5,0.47467090871339407
ETH,ethereum-above-2200-on-april-12,2200.0,1776009660,1775998800,0.6625926704236027,0.12569444444444444,2194.76,2185.0,31.802281260636214,-0.004456872593847641,0,2026-04-12,False,0.363,1776000600,-0.363,-0.22126128422763605
ETH,ethereum-above-2200-on-april-14,2200.0,1776182460,1775998800,0.6803034343383908,2.1256944444444446,2194.76,2364.42,7.664452502786898,0.07446004759651756,1,2026-04-14,False,0.46,1776005100,0.54,-0.030695498158760492
BTC,bitcoin-above-68k-on-april-14,68000.0,1776182460,1776000600,0.5194728277357619,2.104861111111111,71048.49,75356.48,5.571219354594783,0.05886731836940793,1,2026-04-14,False,0.875,1776006000,0.125,-0.20296274345273846
ETH,ethereum-above-2100-on-april-14,2100.0,1776182460,1776004200,0.7276430147025978,2.0631944444444446,2192.61,2364.42,5.456961934040146,0.07544013369461357,1,2026-04-14,False,0.78,1776006000,0.21999999999999997,-0.1916739378704057
ETH,ethereum-above-2200-on-april-16,2200.0,1776355260,1776031200,0.6843281662491436,3.7506944444444446,2211.24,2340.51,5.746583587884246,0.05681541018755486,1,2026-04-16,False,0.48,1776033000,0.52,0.19350549627728586
ETH,ethereum-above-2300-on-april-16,2300.0,1776355260,1776031200,0.6740279669421704,3.7506944444444446,2211.24,2340.51,4.847076560891258,0.05681541018755486,1,2026-04-16,False,0.23,1776033000,0.77,0.4946113569824805
ETH,ethereum-above-2300-on-april-14,2300.0,1776182460,1776031200,0.6869890099822393,1.7506944444444443,2211.24,2364.42,5.837884561186048,0.06697930458528581,1,2026-04-14,False,0.14,1776034800,0.86,0.4689825518425821
ETH,ethereum-above-2200-on-april-15,2200.0,1776268860,1776031200,0.6871210690474905,2.7506944444444446,2211.24,2330.72,6.6777563069526025,0.0526237885658678,1,2026-04-15,False,0.47000000000000003,1776033000,0.53,0.17859116400853609
XRP,xrp-above-1pt3-on-april-14,1.3,1776182460,1776044700,0.5703029476741489,1.5944444444444443,1.3303,1.3751,8.880527818065197,0.033121975039039034,1,2026-04-14,False,0.73,1776046500,0.27,-0.024140620723447193
BTC,bitcoin-above-70k-on-april-13,70000.0,1776096060,1776075300,0.4037687684402289,0.24027777777777778,70820.72,71902.91,20.567407591779805,0.015165123535317739,1,2026-04-13,False,0.83,1776077100,0.17000000000000004,-0.1419072769305726
BTC,bitcoin-above-70k-on-april-14,70000.0,1776182460,1776075300,0.4106202111712484,1.2402777777777778,70820.72,75356.48,14.888832495565529,0.06207830679601352,1,2026-04-14,False,0.68,1776078000,0.31999999999999995,-0.6042735114941725
BTC,bitcoin-above-72k-on-april-13,72000.0,1776096060,1776091500,0.43809043454331786,0.05277777777777778,71989.14,71902.91,75.69285225963722,-0.0011985375192359233,0,2026-04-13,False,0.43,1776093300,-0.43,-0.33927927662884316
ETH,ethereum-above-2200-on-april-13,2200.0,1776096060,1776092400,0.6547070414374897,0.04236111111111111,2234.18,2210.04,5.228643737499141,-0.01086365545109867,1,2026-04-13,False,0.95,1776093300,0.050000000000000044,0.10680218404073552
ETH,ethereum-above-2200-on-april-14,2200.0,1776182460,1776092400,0.6423649641069532,1.042361111111111,2234.18,2364.42,10.58645967565148,0.05665847837344194,1,2026-04-14,False,0.66,1776093300,0.33999999999999997,-0.2598126965842146
BTC,bitcoin-above-74k-on-april-16,74000.0,1776355260,1776120300,0.4231673167355213,2.7194444444444446,74259.99,74754.2,10.889085745538765,0.006633083896392323,1,2026-04-16,False,0.53,1776128400,0.47,0.3977717806948316
BTC,bitcoin-above-74k-on-april-14,74000.0,1776182460,1776121200,0.4261393268272652,0.7090277777777778,74627.04,75356.48,19.282327874579106,0.009727012025147752,1,2026-04-14,False,0.661,1776123900,0.33899999999999997,0.1514405648911273
BTC,bitcoin-above-76k-on-april-16,76000.0,1776355260,1776132900,0.4131230459416467,2.573611111111111,74487.41,74754.2,9.623872714928565,0.003575280167370372,0,2026-04-16,False,0.258,1776145500,-0.258,-0.29240804125098097
ETH,ethereum-above-2400-on-april-14,2400.0,1776182460,1776144600,0.6167206442544967,0.43819444444444444,2367.0,2364.42,15.029381242136141,-0.001090581793928323,0,2026-04-14,False,0.21300000000000002,1776145500,-0.21300000000000002,-0.19660923044331852
BTC,bitcoin-above-72k-on-april-15,72000.0,1776268860,1776159000,0.46605777387948266,1.2715277777777778,74670.46,73792.01,6.147619812137699,-0.01183410530527141,1,2026-04-15,False,0.9,1776159900,0.09999999999999998,0.17275158023361037
BTC,bitcoin-above-74k-on-april-15,74000.0,1776268860,1776176100,0.4560685862206816,1.073611111111111,75573.99,73792.01,11.3478656285028,-0.023861716205849662,0,2026-04-15,False,0.78,1776177900,-0.78,-0.5092204508305505
ETH,ethereum-above-2600-on-april-17,2600.0,1776441660,1776182400,0.7149753708351513,3.000694444444444,2364.63,2441.92,2.0094391482856326,0.03216305361749155,0,2026-04-17,False,0.033,1776193200,-0.033,-0.09762969906739735
BTC,bitcoin-above-76k-on-april-17,76000.0,1776441660,1776183300,0.4422239862932522,2.990277777777778,75489.99,77725.8,9.791846659489634,0.029187183906816738,1,2026-04-17,False,0.42,1776184200,0.5800000000000001,0.294203570762127
BTC,bitcoin-above-76k-on-april-21,76000.0,1776787260,1776196800,0.43582120417606435,6.834027777777778,74223.18,75913.19,6.108125412025422,0.022513950285752732,0,2026-04-21,False,0.32,1776200400,-0.32,-0.4575180318654833
BTC,bitcoin-above-76k-on-april-18,76000.0,1776528060,1776197700,0.4405294293502275,3.823611111111111,74413.65,76032.8,7.8456146790946315,0.02152543337745873,1,2026-04-18,False,0.3,1776198600,0.7,0.5311197439199362
BTC,bitcoin-above-78k-on-april-21,78000.0,1776787260,1776197700,0.4577878253204809,6.823611111111111,74413.65,75913.19,4.689817661957979,0.019951057841703777,0,2026-04-21,False,0.17,1776198600,-0.17,-0.26356682344076765
BTC,bitcoin-above-80k-on-april-21,80000.0,1776787260,1776199500,0.47368496657340653,6.802777777777778,74250.0,75913.19,3.05430150075283,0.02215267291172848,0,2026-04-21,False,0.08,1776205800,-0.08,-0.14766094211997888
BTC,bitcoin-above-76k-on-april-19,76000.0,1776614460,1776203100,0.4543377265784712,4.761111111111111,74016.8,75769.55,6.661209973164804,0.023404402435185084,0,2026-04-19,False,0.27,1776205800,-0.27,-0.42590163891721755
ETH,ethereum-above-2300-on-april-17,2300.0,1776441660,1776212100,0.6321560457675583,2.6569444444444446,2338.23,2441.92,7.115027531870495,0.043390382228513165,1,2026-04-17,False,0.6,1776221100,0.4,0.09127623582574462
BTC,bitcoin-above-76k-on-april-20,76000.0,1776700860,1776212100,0.43930803173288285,5.656944444444444,74542.32,75598.15,6.782664414029278,0.014064794191233238,0,2026-04-20,False,0.34,1776220200,-0.34,-0.4353967790515234
BTC,bitcoin-above-78k-on-april-20,78000.0,1776700860,1776212100,0.43654439333709255,5.656944444444444,74542.32,75598.15,5.0650256026951785,0.014064794191233238,0,2026-04-20,False,0.17,1776221100,-0.17,-0.24123854267523479
BTC,bitcoin-above-72k-on-april-17,72000.0,1776441660,1776212100,0.47911452036547747,2.6569444444444446,74542.32,77725.8,6.924482218870655,0.04182023079509927,1,2026-04-17,False,0.81,1776221100,0.18999999999999995,-0.09958344452973195
BTC,bitcoin-above-74k-on-april-16,74000.0,1776355260,1776212100,0.43813906857915685,1.6569444444444443,74542.32,74754.2,13.15354939119724,0.002838380187953086,1,2026-04-16,False,0.6,1776220200,0.4,0.36266522600676343
BTC,bitcoin-above-74k-on-april-18,74000.0,1776528060,1776215700,0.43316441100587166,3.615277777777778,74742.65,76032.8,9.052100250211435,0.017113946453184946,1,2026-04-18,False,0.59,1776220200,0.41000000000000003,0.25508284102901946
BTC,bitcoin-above-74k-on-april-20,74000.0,1776700860,1776225600,0.43634907976183457,5.500694444444444,74345.97,75598.15,7.434029982594813,0.01670234364295256,1,2026-04-20,False,0.53,1776231000,0.47,0.34583427657868876
BTC,bitcoin-above-74k-on-april-19,74000.0,1776614460,1776225600,0.43533665132211574,4.500694444444444,74345.97,75769.55,8.231061637634511,0.01896702855599978,1,2026-04-19,False,0.54,1776230100,0.45999999999999996,0.30388121887279185
SOL,solana-above-80-on-april-17,80.0,1776441660,1776227400,0.5510882779319927,2.479861111111111,83.41,89.92,5.877725224256986,0.07515217989186047,1,2026-04-17,False,0.81,1776235500,0.18999999999999995,-0.251723863408287
SOL,solana-above-90-on-april-21,90.0,1776787260,1776230100,0.5298903292714013,6.448611111111111,83.51,86.15,3.1004116273583007,0.0311235778088005,0,2026-04-21,False,0.12,1776231000,-0.12,-0.21649590252339584
SOL,solana-above-80-on-april-19,80.0,1776614460,1776230100,0.5772779597019208,4.448611111111111,83.51,86.28,5.094328108700578,0.03263143635581752,1,2026-04-19,False,0.77,1776231000,0.22999999999999998,0.06376475654528482
SOL,solana-above-80-on-april-21,80.0,1776787260,1776237300,0.5702176000607584,6.365277777777777,83.09,86.15,4.753650273311572,0.03616560529704867,1,2026-04-21,False,0.72,1776238200,0.28,0.1080813604952062
ETH,ethereum-above-2300-on-april-15,2300.0,1776268860,1776254400,0.6155119122892421,0.16736111111111113,2337.43,2330.72,14.412503597020313,-0.0028748024897341505,1,2026-04-15,False,0.86,1776255300,0.14,0.1814331012240164
BTC,bitcoin-above-74k-on-april-17,74000.0,1776441660,1776254400,0.4216485690771883,2.167361111111111,74201.78,77725.8,12.25036498565967,0.04639910948653814,1,2026-04-17,False,0.54,1776255300,0.45999999999999996,-0.10840602621967632
BTC,bitcoin-above-72k-on-april-19,72000.0,1776614460,1776254400,0.4138218802515123,4.167361111111111,74201.78,75769.55,7.260694482045152,0.020908357795719347,1,2026-04-19,False,0.76,1776260700,0.24,0.08819080192399478
BTC,bitcoin-above-70k-on-april-20,70000.0,1776700860,1776255300,0.4578346589717668,5.156944444444444,74201.76,75598.15,4.251055311955392,0.018643942418021465,1,2026-04-20,False,0.87,1776267000,0.13,0.050743569548079404
BTC,bitcoin-above-74k-on-april-15,74000.0,1776268860,1776263400,0.4221317184729319,0.06319444444444444,74429.99,73792.01,41.80764998022431,-0.008608491854753741,0,2026-04-15,False,0.81,1776264300,-0.81,-0.45009918567884366
BTC,bitcoin-above-76k-on-april-17,76000.0,1776441660,1776282300,0.4088788253625968,1.8444444444444443,75068.15,77725.8,12.464742778840316,0.03479088097512599,1,2026-04-17,False,0.32,1776283200,0.6799999999999999,0.24634061759580533
BTC,bitcoin-above-76k-on-april-18,76000.0,1776528060,1776290400,0.3948700967874797,2.7506944444444446,74743.1,76032.8,10.251871535481715,0.017107925812421293,1,2026-04-18,False,0.31,1776294900,0.69,0.5146117423325052
BTC,bitcoin-above-76k-on-april-21,76000.0,1776787260,1776290400,0.40342046939831394,5.750694444444444,74743.1,75913.19,7.398207798419268,0.015533550276666535,0,2026-04-21,False,0.36,1776298500,-0.36,-0.4749204327939721
BTC,bitcoin-above-76k-on-april-19,76000.0,1776614460,1776290400,0.38062898473585977,3.7506944444444446,74743.1,75769.55,9.337550239270477,0.01363959658177531,0,2026-04-19,False,0.33,1776294900,-0.33,-0.45736041832570884
ETH,ethereum-above-2500-on-april-20,2500.0,1776700860,1776294000,0.614675395653842,4.709027777777778,2363.45,2310.31,4.017365270683984,-0.0227407012967409,0,2026-04-20,False,0.17,1776303000,-0.17,-0.07864229637947487
ETH,ethereum-above-2400-on-april-20,2400.0,1776700860,1776294000,0.6047296570440615,4.709027777777778,2363.45,2310.31,5.618258888847731,-0.0227407012967409,0,2026-04-20,False,0.38,1776302100,-0.38,-0.2522368528009543
BTC,bitcoin-above-78k-on-april-21,78000.0,1776787260,1776294000,0.3973724545099514,5.709027777777777,74964.0,75913.19,5.718030382370667,0.0125824522951043,0,2026-04-21,False,0.19,1776295800,-0.19,-0.26194684450813593
ETH,ethereum-above-2400-on-april-17,2400.0,1776441660,1776294900,0.6442586600799103,1.698611111111111,2357.72,2441.92,8.288421962294766,0.035089564753559586,1,2026-04-17,False,0.31,1776302100,0.69,0.39916288084923235
BTC,bitcoin-above-78k-on-april-20,78000.0,1776700860,1776301200,0.3851417912364613,4.625694444444445,74815.1,75598.15,5.674586635329894,0.010412075721754566,0,2026-04-20,False,0.15000000000000002,1776302100,-0.15000000000000002,-0.20908422573671134
XRP,xrp-above-1pt5-on-april-20,1.5,1776700860,1776308400,0.48537257160917413,4.542361111111111,1.4067,1.4317,3.5301165830070764,0.017616013602631413,0,2026-04-20,False,0.08399999999999999,1776309300,-0.08399999999999999,-0.1461865817451274
XRP,xrp-above-1pt4-on-april-20,1.4,1776700860,1776310200,0.4873459463773208,4.521527777777778,1.4122,1.4317,7.290287855245582,0.013713777284035361,1,2026-04-20,False,0.53,1776312000,0.47,0.3700226160166542
BTC,bitcoin-above-74k-on-april-20,74000.0,1776700860,1776314700,0.4000335613593104,4.469444444444445,75109.36,75598.15,8.57870288655362,0.0064866271610881,1,2026-04-20,False,0.63,1776325500,0.37,0.3143531528491764
SOL,solana-above-80-on-april-21,80.0,1776787260,1776323700,0.5453138652671888,5.365277777777778,85.54,86.15,3.734184913366595,0.007105860175176118,1,2026-04-21,False,0.84,1776334500,0.16000000000000003,0.13346540413736485
BTC,bitcoin-above-74k-on-april-19,74000.0,1776614460,1776330000,0.36838157598200505,3.2923611111111106,74677.91,75769.55,11.070475734212284,0.014512164691657194,1,2026-04-19,False,0.61,1776334500,0.39,0.22934343293011675
BTC,bitcoin-above-74k-on-april-21,74000.0,1776787260,1776330000,0.3981755406599434,5.292361111111111,74677.91,75913.19,8.206486375332883,0.01640611838654849,1,2026-04-21,False,0.5700000000000001,1776334500,0.42999999999999994,0.29536341298869145
BTC,bitcoin-above-74k-on-april-22,74000.0,1776873660,1776332700,0.4123245301231938,6.261111111111111,74697.89,79324.3,7.308208680020201,0.06009266755274399,1,2026-04-22,False,0.5700000000000001,1776335400,0.42999999999999994,-0.009169754614531955
SOL,solana-above-90-on-april-19,90.0,1776614460,1776336300,0.5831247774153161,3.2194444444444446,85.08,86.28,4.1803897836548325,0.014005831188919168,0,2026-04-19,False,0.11,1776338100,-0.11,-0.16854983361375192
SOL,solana-above-80-on-april-19,80.0,1776614460,1776336300,1.2677299560220208,3.2194444444444446,85.08,86.28,3.0177088816679496,0.014005831188919168,1,2026-04-19,False,0.92,1776348000,0.07999999999999996,0.03773447882605661
SOL,solana-above-80-on-april-20,80.0,1776700860,1776337200,1.0282612951189913,4.209027777777778,85.04,85.67,3.1914635392921187,0.007380971942259979,1,2026-04-20,False,0.87,1776349800,0.13,0.10644389716173915
XRP,xrp-above-1pt4-on-april-16,1.4,1776355260,1776343500,0.4980386421444386,0.1361111111111111,1.4134,1.4307,25.519972405342518,0.012165685715534422,1,2026-04-16,False,0.75,1776348000,0.25,-0.060467963752508125
BTC,bitcoin-above-76k-on-april-22,76000.0,1776873660,1776343500,0.39825803339834787,6.136111111111111,74664.66,79324.3,7.2170787931640135,0.060537625148182124,1,2026-04-22,False,0.35000000000000003,1776347100,0.6499999999999999,0.21309518935454225
BTC,bitcoin-above-72k-on-april-20,72000.0,1776700860,1776347100,0.3948235617334063,4.094444444444444,74601.26,75598.15,6.772498271744024,0.013274414839090717,1,2026-04-20,False,0.81,1776348000,0.18999999999999995,0.10009904844384483
BTC,bitcoin-above-74k-on-april-17,74000.0,1776441660,1776355200,0.40469127375735725,1.0006944444444446,74697.19,77725.8,17.15012002361695,0.03974477429444295,1,2026-04-17,False,0.64,1776357900,0.36,-0.3216276494612623
SOL,solana-above-90-on-april-18,90.0,1776528060,1776357000,0.5585543825864168,1.979861111111111,86.62,86.6,6.169512763561468,-0.0002309202180912319,0,2026-04-18,False,0.13,1776359700,-0.13,-0.12857533476712174
BTC,bitcoin-above-78k-on-april-23,78000.0,1776960060,1776370500,0.39243723266923086,6.823611111111111,75415.24,78380.54,6.0000241055279036,0.038566305654460564,1,2026-04-23,False,0.23,1776371400,0.77,0.5386012364120796
BTC,bitcoin-above-76k-on-april-18,76000.0,1776528060,1776377700,0.36839131059153346,1.7402777777777776,74971.1,76032.8,13.492488545044274,0.014062120187281089,1,2026-04-18,False,0.27,1776378600,0.73,0.540267004454074
BTC,bitcoin-above-76k-on-april-19,76000.0,1776614460,1776381300,0.3454172151944065,2.698611111111111,74979.21,75769.55,12.026683148764903,0.010485621790357188,0,2026-04-19,False,0.31,1776386700,-0.31,-0.43610725089041086
BTC,bitcoin-above-76k-on-april-21,76000.0,1776787260,1776383100,0.38382478138485954,4.677777777777778,75136.48,75913.19,8.816610347113826,0.010284257433693926,0,2026-04-21,False,0.39,1776384900,-0.39,-0.48067229050228816
BTC,bitcoin-above-76k-on-april-20,76000.0,1776700860,1776387600,0.36132768566489964,3.625694444444444,74944.98,75598.15,10.20079111742436,0.008677567666441408,0,2026-04-20,False,0.34,1776389400,-0.34,-0.4285180551726844
BTC,bitcoin-above-74k-on-april-18,74000.0,1776528060,1776389400,0.36429654128122696,1.604861111111111,74752.53,76032.8,15.203779345126236,0.016981768278418564,1,2026-04-18,False,0.67,1776392100,0.32999999999999996,0.0718129422048599
ETH,ethereum-above-2300-on-april-20,2300.0,1776700860,1776394800,0.5596464069260042,3.542361111111111,2331.75,2310.31,7.0612378909958,-0.009237343960832778,1,2026-04-20,False,0.59,1776402900,0.41000000000000003,0.4752270831883937
ETH,ethereum-above-2300-on-april-21,2300.0,1776787260,1776394800,0.582793125203764,4.542361111111111,2331.75,2313.58,6.039383851587166,-0.00782295021654439,1,2026-04-21,False,0.5700000000000001,1776405600,0.42999999999999994,0.47724579920956844
XRP,xrp-above-1pt5-on-april-19,1.5,1776614460,1776408300,0.5270125550382652,2.386111111111111,1.4331,1.4307,5.157361834538025,-0.0016760950917375133,0,2026-04-19,False,0.09599999999999999,1776409200,-0.09599999999999999,-0.08735577114281642
ETH,ethereum-above-2300-on-april-19,2300.0,1776614460,1776416400,0.46430456302635126,2.292361111111111,2354.87,2327.1,8.933255125253096,-0.011862667063398937,1,2026-04-19,False,0.73,1776421800,0.27,0.3759722313432797
ETH,ethereum-above-2300-on-april-17,2300.0,1776441660,1776416400,0.5398911962413405,0.2923611111111111,2354.87,2441.92,8.033811608510407,0.03629909087293405,1,2026-04-17,False,0.9,1776421800,0.09999999999999998,-0.19162005763335177
BTC,bitcoin-above-74k-on-april-20,74000.0,1776700860,1776418200,0.35864590851024725,3.271527777777778,76284.96,75598.15,7.986720019676367,-0.009043990228950203,1,2026-04-20,False,0.79,1776419100,0.20999999999999996,0.282231817819314
BTC,bitcoin-above-78k-on-april-20,78000.0,1776700860,1776418200,0.34180804057691394,3.271527777777778,76284.96,75598.15,9.62748811571429,-0.009043990228950203,0,2026-04-20,False,0.19,1776420000,-0.19,-0.10292909155214577
ETH,ethereum-above-2300-on-april-18,2300.0,1776528060,1776418200,0.5157958713372174,1.2715277777777778,2371.69,2359.0,8.003863129193805,-0.005364980769413214,1,2026-04-18,False,0.83,1776419100,0.17000000000000004,0.21294057176914027
ETH,ethereum-above-2400-on-april-19,2400.0,1776614460,1776418200,0.4520096125688016,2.2715277777777776,2371.69,2327.1,10.521031318228676,-0.01897992401215274,0,2026-04-19,False,0.33,1776419100,-0.33,-0.13031162505054059
ETH,ethereum-above-2400-on-april-18,2400.0,1776528060,1776418200,0.4916286519650609,1.2715277777777778,2371.69,2359.0,12.56961073512111,-0.005364980769413214,0,2026-04-18,False,0.27,1776419100,-0.27,-0.20256428012706537
BTC,bitcoin-above-76k-on-april-17,76000.0,1776441660,1776418200,0.3767885659773618,0.27152777777777776,76284.96,77725.8,36.396636322344136,0.018711446374915845,1,2026-04-17,False,0.48,1776419100,0.52,-0.1610337087728565
ETH,ethereum-above-2400-on-april-17,2400.0,1776441660,1776431700,0.6789963028156321,0.11527777777777777,2406.88,2441.92,32.189171769866114,0.014453312151754709,1,2026-04-17,False,0.54,1776432600,0.45999999999999996,-0.0052401474963255645
BTC,bitcoin-above-78k-on-april-17,78000.0,1776441660,1776437100,0.44928182306402814,0.05277777777777778,77983.13,77725.8,73.77605923579391,-0.0033052726555089246,0,2026-04-17,False,0.443,1776438000,-0.443,-0.19915000877672376
XRP,xrp-above-1pt5-on-april-17,1.5,1776441660,1776437100,0.5286694337200347,0.05277777777777778,1.5032,1.4867,59.388949407525224,-0.011037270479950604,0,2026-04-17,False,0.541,1776438000,-0.541,0.11449189813095806
BTC,bitcoin-above-78k-on-april-22,78000.0,1776873660,1776448800,0.3980551038754855,4.917361111111111,77520.59,79324.3,8.529547563909308,0.023000934481312952,1,2026-04-22,False,0.43,1776449700,0.5700000000000001,0.3738124353272796
BTC,bitcoin-above-78k-on-april-21,78000.0,1776787260,1776448800,0.3823230485057162,3.9173611111111115,77520.59,75913.19,9.91845380594553,-0.020953127898122734,0,2026-04-21,False,0.42,1776449700,-0.42,-0.21217736885240107
BTC,bitcoin-above-80k-on-april-21,80000.0,1776787260,1776448800,0.38600801497768134,3.9173611111111115,77520.59,75913.19,7.201940178064301,-0.020953127898122734,0,2026-04-21,False,0.187,1776449700,-0.187,-0.036096826334389875
XRP,xrp-above-1pt5-on-april-22,1.5,1776873660,1776451500,0.5418590335091907,4.886111111111111,1.4809,1.4566,6.188983006047702,-0.016545058259643024,0,2026-04-22,False,0.38,1776510900,-0.38,-0.2776029155970002
SOL,solana-above-90-on-april-18,90.0,1776528060,1776460500,0.5400356075456555,0.7819444444444444,89.15,86.6,14.779340317685401,-0.029020528740760103,0,2026-04-18,False,0.28,1776467700,-0.28,0.14890427045886373
BTC,bitcoin-above-78k-on-april-19,78000.0,1776614460,1776463200,0.26552543882886587,1.7506944444444443,77445.73,75769.55,20.050328115123992,-0.021880936099940487,0,2026-04-19,False,0.33,1776464100,-0.33,0.10871994826986825
BTC,bitcoin-above-78k-on-april-18,78000.0,1776528060,1776463200,0.23617304800122405,0.7506944444444446,77445.73,76032.8,29.735411169668282,-0.01841260686929433,0,2026-04-18,False,0.20800000000000002,1776464100,-0.20800000000000002,0.33950643596392555
BTC,bitcoin-above-76k-on-april-23,76000.0,1776960060,1776474000,0.39710507992945954,5.625694444444444,77168.0,78380.54,7.770713620567937,0.015590818933767502,1,2026-04-23,False,0.63,1776486600,0.37,0.24884821095556436
BTC,bitcoin-above-76k-on-april-20,76000.0,1776700860,1776474000,0.3231538597711568,2.6256944444444446,77168.0,75598.15,12.561998305749984,-0.02055305134001704,0,2026-04-20,False,0.72,1776484800,-0.72,-0.4618126038887134
BTC,bitcoin-above-76k-on-april-18,76000.0,1776528060,1776483900,0.21580621603236363,0.5111111111111111,77168.44,76032.8,8.35505286220113,-0.01482573902539276,1,2026-04-18,False,0.95,1776484800,0.050000000000000044,0.1738698332783548
BTC,bitcoin-above-76k-on-april-19,76000.0,1776614460,1776486600,0.2589484077563175,1.479861111111111,76995.67,75769.55,17.833221517844414,-0.016052689606626296,0,2026-04-19,False,0.78,1776500100,-0.78,-0.4937288302878346
BTC,bitcoin-above-76k-on-april-21,76000.0,1776787260,1776488400,0.3596267278690806,3.459027777777778,77100.74,75913.19,10.547508787287118,-0.015522427853459708,0,2026-04-21,False,0.67,1776500100,-0.67,-0.5062770558156034
ETH,ethereum-above-2400-on-april-18,2400.0,1776528060,1776506400,0.3807127126757221,0.25069444444444444,2376.04,2359.0,23.99454603973949,-0.007197435949988254,0,2026-04-18,False,0.12,1776507300,-0.12,0.0526992082700693
ETH,ethereum-above-2300-on-april-18,2300.0,1776528060,1776507300,0.4216956079802228,0.24027777777777778,2362.01,2359.0,1.818005716454593,-0.0012751510409246076,1,2026-04-18,False,0.961,1776510900,0.039000000000000035,0.041318231881743994
ETH,ethereum-above-2300-on-april-21,2300.0,1776787260,1776508200,0.5395367727372884,3.229861111111111,2361.3,2313.58,6.9613357671428275,-0.020416206426085753,1,2026-04-21,False,0.68,1776512700,0.31999999999999995,0.46212406802328193
ETH,ethereum-above-2300-on-april-20,2300.0,1776700860,1776508200,0.48255603971294436,2.229861111111111,2361.3,2310.31,8.402291527140155,-0.021830600170374227,1,2026-04-20,False,0.74,1776512700,0.26,0.4434270668439198
BTC,bitcoin-above-74k-on-april-23,74000.0,1776960060,1776510000,0.413907995583867,5.209027777777778,76189.56,78380.54,6.877926837617537,0.028351236828234927,1,2026-04-23,False,0.73,1776512700,0.27,0.07500226733943233
XRP,xrp-above-1pt4-on-april-19,1.4,1776614460,1776514500,0.48717787715144667,1.1569444444444443,1.437,1.4307,9.374125081169446,-0.004393772106736538,1,2026-04-19,False,0.779,1776515400,0.22099999999999997,0.2621877693067017
BTC,bitcoin-above-74k-on-april-21,74000.0,1776787260,1776519000,0.37806336721411676,3.104861111111111,76088.92,75913.19,8.434298604317823,-0.0023122057751965414,1,2026-04-21,False,0.79,1776531600,0.20999999999999996,0.22950183394263576
XRP,xrp-above-1pt5-on-april-21,1.5,1776787260,1776519900,0.5502002851044843,3.0944444444444446,1.4332,1.4345,5.135960041370251,0.0009066499906207128,0,2026-04-21,False,0.14,1776699000,-0.14,-0.1446565181233367
BTC,bitcoin-above-74k-on-april-20,74000.0,1776700860,1776521700,0.34571557378141626,2.073611111111111,76169.33,75598.15,8.398923114228667,-0.007527076245456086,1,2026-04-20,False,0.86,1776529800,0.14,0.20321933466052267
ETH,ethereum-above-2400-on-april-19,2400.0,1776614460,1776528000,0.4433580311260101,1.0006944444444446,2363.64,2327.1,13.737355576090119,-0.015579946500667949,0,2026-04-19,False,0.2,1776537000,-0.2,0.014027264936136569
SOL,solana-above-90-on-april-19,90.0,1776614460,1776528900,0.5289584138864941,0.9902777777777777,86.89,86.28,6.299661212821704,-0.0070451293301589755,0,2026-04-19,False,0.05,1776531600,-0.05,-0.005618072019484957
SOL,solana-above-90-on-april-21,90.0,1776787260,1776564900,0.6172095738221578,2.573611111111111,85.79,86.15,4.90074621201284,0.004187513389064661,0,2026-04-21,False,0.14,1776656700,-0.14,-0.1605219403792117
BTC,bitcoin-above-76k-on-april-22,76000.0,1776873660,1776572100,0.41723892639668564,3.4902777777777776,75701.92,79324.3,9.711436751330536,0.04674098957612259,1,2026-04-22,False,0.46,1776579300,0.54,0.08607783603688562
BTC,bitcoin-above-76k-on-april-19,76000.0,1776614460,1776573000,0.355492377871852,0.4798611111111111,75676.35,75769.55,29.236731248929317,0.0012308027059898528,0,2026-04-19,False,0.33,1776573900,-0.33,-0.3659846479354803
BTC,bitcoin-above-74k-on-april-22,74000.0,1776873660,1776573000,0.44106864431823345,3.4798611111111115,75676.35,79324.3,8.180597281537944,0.047078818780316674,1,2026-04-22,False,0.71,1776579300,0.29000000000000004,-0.09513285693227602
BTC,bitcoin-above-78k-on-april-22,78000.0,1776873660,1776587400,0.4762718826083037,3.313194444444444,75140.0,79324.3,6.147365909802745,0.05419147282815017,1,2026-04-22,False,0.17,1776591900,0.83,0.49686518733422785
BTC,bitcoin-above-80k-on-april-23,80000.0,1776960060,1776587400,0.5020528069571977,4.313194444444445,75140.0,78380.54,3.662455861888169,0.04222264211456076,0,2026-04-23,False,0.09,1776588300,-0.09,-0.24463856311687932
BTC,bitcoin-above-78k-on-april-23,78000.0,1776960060,1776587400,0.502217096966404,4.313194444444445,75140.0,78380.54,5.6731564899162095,0.04222264211456076,1,2026-04-23,False,0.22,1776590100,0.78,0.5404643438663702
ETH,ethereum-above-2400-on-april-22,2400.0,1776873660,1776614400,0.6914842685818768,3.000694444444444,2330.8,2405.55,5.620973482733739,0.03156701135400834,1,2026-04-22,False,0.29000000000000004,1776617100,0.71,0.5325626662499642
ETH,ethereum-above-2300-on-april-23,2300.0,1776960060,1776614400,0.7024783462408513,4.000694444444445,2330.8,2332.46,5.368423091416648,0.0007119483237550957,1,2026-04-23,False,0.56,1776618000,0.43999999999999995,0.43617796017885774
BTC,bitcoin-above-74k-on-april-21,74000.0,1776787260,1776636000,0.46356994093818316,1.7506944444444443,74425.15,75913.19,12.263373624853491,0.01979652824293133,1,2026-04-21,False,0.51,1776636900,0.49,0.2472277776819687
BTC,bitcoin-above-76k-on-april-21,76000.0,1776787260,1776636000,0.45746635134338853,1.7506944444444443,74425.15,75913.19,10.014712081073288,0.01979652824293133,0,2026-04-21,False,0.21000000000000002,1776636900,-0.21000000000000002,-0.408256530557793
ETH,ethereum-above-2300-on-april-21,2300.0,1776787260,1776636000,0.70766252721361,1.7506944444444443,2276.09,2313.58,7.913218037144086,0.01633704986801648,1,2026-04-21,False,0.35000000000000003,1776636900,0.6499999999999999,0.5207213623106894
ETH,ethereum-above-2300-on-april-20,2300.0,1776700860,1776636000,0.7213461941904697,0.7506944444444446,2276.09,2310.31,11.526452256532783,0.014922656123727979,1,2026-04-20,False,0.29000000000000004,1776640500,0.71,0.5379947166491929
BTC,bitcoin-above-74k-on-april-20,74000.0,1776700860,1776636000,0.4741640597766512,0.7506944444444446,74425.15,75598.15,17.95573472227761,0.01563788963499288,1,2026-04-20,False,0.53,1776636900,0.47,0.18921020209781314
BTC,bitcoin-above-74k-on-april-23,74000.0,1776960060,1776636000,0.4669699375419076,3.7506944444444446,74425.15,78380.54,8.387907494795385,0.05178175990877744,1,2026-04-23,False,0.51,1776636900,0.49,0.0556593879674705
BTC,bitcoin-above-72k-on-april-21,72000.0,1776787260,1776636000,0.49636614722181854,1.7506944444444443,74425.15,75913.19,7.415143127461668,0.01979652824293133,1,2026-04-21,False,0.825,1776636900,0.17500000000000004,0.028205909651826983
BTC,bitcoin-above-72k-on-april-22,72000.0,1776873660,1776636000,0.4885832460317778,2.7506944444444446,74425.15,79324.3,7.047321688405318,0.06375059062236695,1,2026-04-22,False,0.77,1776636900,0.22999999999999998,-0.21927091994165526
BTC,bitcoin-above-76k-on-april-22,76000.0,1776873660,1776699000,0.4354408281786013,2.0215277777777776,75754.4,79324.3,12.228162285899588,0.04604798446282914,1,2026-04-22,False,0.34,1776699900,0.6599999999999999,0.09691777304994242
BTC,bitcoin-above-78k-on-april-21,78000.0,1776787260,1776699000,0.43083273356344315,1.0215277777777778,75754.4,75913.19,7.586554991353912,0.0020939220833933016,0,2026-04-21,False,0.060000000000000005,1776699900,-0.060000000000000005,-0.07588565503327364
BTC,bitcoin-above-76k-on-april-20,76000.0,1776700860,1776699000,0.3852915976820696,0.021527777777777778,75754.4,75598.15,73.99891365562048,-0.0020647165245450618,0,2026-04-20,False,0.032,1776699900,-0.032,0.12078677982314284
ETH,ethereum-above-2400-on-april-21,2400.0,1776787260,1776699000,0.6468569137918335,1.0215277777777778,2317.8,2313.58,6.8199185838816305,-0.001822351509862196,0,2026-04-21,False,0.09,1776699900,-0.09,-0.07757171107152605
BTC,bitcoin-above-78k-on-april-23,78000.0,1776960060,1776700800,0.43653989059657955,3.000694444444444,75716.77,78380.54,7.491145795735853,0.03457601398705424,1,2026-04-23,False,0.18000000000000002,1776701700,0.82,0.5609860381875745
BTC,bitcoin-above-74k-on-april-23,74000.0,1776960060,1776725100,0.4454232568736822,2.7194444444444446,75991.55,78380.54,8.281804384996645,0.03095353236600126,1,2026-04-23,False,0.77,1776726000,0.22999999999999998,-0.026351100079884837
BTC,bitcoin-above-76k-on-april-21,76000.0,1776787260,1776725100,0.4064068819355445,0.7194444444444444,75991.55,75913.19,22.107862173343822,-0.0010316992998447756,0,2026-04-21,False,0.5,1776726000,-0.5,-0.4771913340746964
ETH,ethereum-above-2300-on-april-21,2300.0,1776787260,1776726000,0.5964201465619491,0.7090277777777778,2319.4,2313.58,14.48066146715379,-0.0025124231321743996,1,2026-04-21,False,0.6,1776726900,0.4,0.43638154883926367
BTC,bitcoin-above-76k-on-april-24,76000.0,1777046460,1776778200,0.4660781287164721,3.104861111111111,76029.46,77998.01,9.279891060946873,0.025562416788054057,1,2026-04-24,False,0.5,1776783600,0.5,0.2627835569523389
BTC,bitcoin-above-74k-on-april-24,74000.0,1777046460,1776778200,0.49953857514089894,3.104861111111111,76029.46,77998.01,7.384863079127634,0.025562416788054057,1,2026-04-24,False,0.73,1776784500,0.27,0.0812250520486272
BTC,bitcoin-above-78k-on-april-24,78000.0,1777046460,1776778200,0.44345906860080014,3.104861111111111,76029.46,77998.01,7.916708039254206,0.025562416788054057,0,2026-04-24,False,0.25,1776783600,-0.25,-0.45237019048875426
ETH,ethereum-above-2300-on-april-24,2300.0,1777046460,1776788100,0.6909686631438516,2.990277777777778,2315.21,2322.3,6.361351993158299,0.0030576777296144565,1,2026-04-24,False,0.53,1776791700,0.47,0.4505490356802813
ETH,ethereum-above-2500-on-april-28,2500.0,1777392060,1776802500,0.6255633962846172,6.823611111111111,2318.93,2279.59,3.049793999386942,-0.017110270158482432,0,2026-04-28,False,0.14,1776806100,-0.14,-0.08781720074277083
BTC,bitcoin-above-78k-on-april-27,78000.0,1777305660,1776841200,0.4230648678488172,5.375694444444445,78010.72,76734.45,7.768146919963467,-0.016495493066806175,0,2026-04-27,False,0.5,1776843000,-0.5,-0.3718605863398109
BTC,bitcoin-above-78k-on-april-28,78000.0,1777392060,1776841200,0.4229442326693925,6.375694444444444,78010.72,76044.62,7.134582190259422,-0.025525979872958772,0,2026-04-28,False,0.49,1776843000,-0.49,-0.3078827986094679
BTC,bitcoin-above-78k-on-april-25,78000.0,1777132860,1776841200,0.4229581192161635,3.3756944444444446,78010.72,77368.0,9.806524399458809,-0.0082729947289178,0,2026-04-25,False,0.5,1776843000,-0.5,-0.41887067533427347
BTC,bitcoin-above-82k-on-april-26,82000.0,1777219260,1776842100,0.42045320289230104,4.365277777777778,78105.21,78028.49,4.835453712904777,-0.0009827475576974743,0,2026-04-26,False,0.11499999999999999,1776843000,-0.11499999999999999,-0.11024796967328364
BTC,bitcoin-above-80k-on-april-25,80000.0,1777132860,1776842100,0.41777072988444813,3.3652777777777776,78105.21,77368.0,8.218329840000937,-0.009483505552999748,0,2026-04-25,False,0.26,1776843000,-0.26,-0.1820614233259676
BTC,bitcoin-above-78k-on-april-22,78000.0,1776873660,1776859200,0.3829488184964525,0.16736111111111113,78300.0,79324.3,43.68481417519951,0.012996909977215766,1,2026-04-22,False,0.65,1776861000,0.35,-0.21776759720646732
BTC,bitcoin-above-80k-on-april-27,80000.0,1777305660,1776866400,0.400082386133605,5.084027777777777,78840.94,76734.45,7.994079972872832,-0.027081645018454684,0,2026-04-27,False,0.36,1776879900,-0.36,-0.1435071639255201
ETH,ethereum-above-2400-on-april-22,2400.0,1776873660,1776867300,0.5745287722145417,0.07361111111111111,2423.05,2405.55,24.735753388124245,-0.007248509556420181,1,2026-04-22,False,0.83,1776868200,0.17000000000000004,0.3492973448190715
ETH,ethereum-above-2400-on-april-23,2400.0,1776960060,1776868200,0.5967255114777149,1.0631944444444446,2411.34,2332.46,12.282614686413408,-0.033259104969582974,0,2026-04-23,False,0.52,1776869100,-0.52,-0.11149122884363499
BTC,bitcoin-above-78k-on-april-24,78000.0,1777046460,1776868200,0.43021357729330256,2.0631944444444446,79008.31,77998.01,11.470782133430145,-0.01286972326475107,0,2026-04-24,False,0.64,1776869100,-0.64,-0.49237420831250317
BTC,bitcoin-above-78k-on-april-23,78000.0,1776960060,1776868200,0.4247633999614041,1.0631944444444446,79008.31,78380.54,14.969235070556062,-0.00797735454798889,1,2026-04-23,False,0.6900000000000001,1776869100,0.30999999999999994,0.4294148954700151
ETH,ethereum-above-2500-on-april-25,2500.0,1777132860,1776870000,0.5950279102602729,3.042361111111111,2403.17,2308.57,5.5253562464083625,-0.04016041392867143,0,2026-04-25,False,0.19,1776876300,-0.19,0.031900593959130086
ETH,ethereum-above-2400-on-april-26,2400.0,1777219260,1776870000,0.5749942179904207,4.042361111111111,2403.17,2347.18,6.592649570044474,-0.0235740915746863,0,2026-04-26,False,0.49,1776875400,-0.49,-0.3345842753159553
ETH,ethereum-above-2500-on-april-26,2500.0,1777219260,1776870000,0.5761653725811086,4.042361111111111,2403.17,2347.18,5.2149654569768735,-0.0235740915746863,0,2026-04-26,False,0.22,1776876300,-0.22,-0.09706192675840139
ETH,ethereum-above-2400-on-april-24,2400.0,1777046460,1776870000,0.6154290436984038,2.042361111111111,2403.17,2322.3,8.665732950889495,-0.034230625257594474,0,2026-04-24,False,0.49,1776875400,-0.49,-0.19336654277571336
ETH,ethereum-above-2400-on-april-25,2400.0,1777132860,1776870000,0.5907203548986537,3.042361111111111,2403.17,2308.57,7.3972080635007345,-0.04016041392867143,0,2026-04-25,False,0.49,1776875400,-0.49,-0.19292506225330447
ETH,ethereum-above-2400-on-april-27,2400.0,1777305660,1776870000,0.5906023536592292,5.042361111111111,2403.17,2272.12,5.746334086895598,-0.056075382788685,0,2026-04-27,False,0.49,1776876300,-0.49,-0.16777211644566065
ETH,ethereum-above-2500-on-april-27,2500.0,1777305660,1776872700,0.5843020144301272,5.011111111111111,2411.97,2272.12,4.987499190789072,-0.05973052461109349,0,2026-04-27,False,0.27,1776875400,-0.27,0.027905943163235525
SOL,solana-above-90-on-april-23,90.0,1776960060,1776875400,0.6110503748536347,0.9798611111111112,87.89,86.32,9.403006250316846,-0.018024711626674676,0,2026-04-23,False,0.18000000000000002,1776884400,-0.18000000000000002,-0.010513523914219308
ETH,ethereum-above-2300-on-april-29,2300.0,1777478460,1776880800,0.6254813738131001,6.91736111111111,2399.21,2270.37,4.1918778153141165,-0.055196702694308375,0,2026-04-29,False,0.67,1776881700,-0.67,-0.43862216649723984
BTC,bitcoin-above-76k-on-april-24,76000.0,1777046460,1776903300,0.4396510116622893,1.6569444444444443,77888.01,77998.01,9.673013698211701,0.0014112877890854062,1,2026-04-24,False,0.8,1776914100,0.19999999999999996,0.18634859388405792
SOL,solana-above-90-on-april-24,90.0,1777046460,1776906000,0.5388209890593808,1.6256944444444446,86.86,86.51,6.691723698923111,-0.004037612914392763,0,2026-04-24,False,0.12,1777003200,-0.12,-0.09298140997367993
ETH,ethereum-above-2300-on-april-25,2300.0,1777132860,1776909600,0.6299691406763597,2.5840277777777776,2366.79,2308.57,6.596612014848821,-0.024906321471834553,1,2026-04-25,False,0.73,1776910500,0.27,0.434297339466791
ETH,ethereum-above-2300-on-april-24,2300.0,1777046460,1776911400,0.6476464044085799,1.5631944444444446,2355.17,2322.3,8.144085752056162,-0.014054837802914359,1,2026-04-24,False,0.72,1776912300,0.28,0.3944638042981752
ETH,ethereum-above-2300-on-april-26,2300.0,1777219260,1776920400,0.5852113171618362,3.459027777777778,2347.84,2347.18,6.625296650077333,-0.0002811489639438157,1,2026-04-26,False,0.65,1776933900,0.35,0.35186269528898967
BTC,bitcoin-above-80k-on-april-26,80000.0,1777219260,1776920400,0.38770045633665406,3.459027777777778,77920.09,78028.49,8.175236549056686,0.001390202045551065,0,2026-04-26,False,0.21000000000000002,1776923100,-0.21000000000000002,-0.22136523057336246
BTC,bitcoin-above-78k-on-april-26,78000.0,1777219260,1776920400,0.3889627654226262,3.459027777777778,77920.09,78028.49,10.524752873317889,0.001390202045551065,1,2026-04-26,False,0.49,1776933900,0.51,0.49536846702659404
BTC,bitcoin-above-76k-on-april-28,76000.0,1777392060,1776924000,0.4231672376717532,5.417361111111111,78033.87,76044.62,6.874738322434269,-0.025822689937304282,1,2026-04-28,False,0.71,1776933900,0.29000000000000004,0.46752423610032356
BTC,bitcoin-above-78k-on-april-27,78000.0,1777305660,1776927600,0.3967230742955372,4.375694444444444,78211.43,76734.45,9.176722613800344,-0.019065040476485714,0,2026-04-27,False,0.52,1776931200,-0.52,-0.3450454119264147
BTC,bitcoin-above-78k-on-april-28,78000.0,1777392060,1776927600,0.4051749917640092,5.375694444444445,78211.43,76044.62,8.109517741189501,-0.028095527282638304,0,2026-04-28,False,0.52,1776931200,-0.52,-0.29215882305337104
BTC,bitcoin-above-80k-on-april-28,80000.0,1777392060,1776927600,0.3977485678010386,5.375694444444445,78211.43,76044.62,7.3206220996659805,-0.028095527282638304,0,2026-04-28,False,0.3,1776931200,-0.3,-0.09432326207294953
ETH,ethereum-above-2300-on-april-23,2300.0,1776960060,1776937500,0.5625364263719771,0.2611111111111111,2325.21,2332.46,20.50485510127788,0.0031131470694110482,1,2026-04-23,False,0.74,1776938400,0.26,0.1961653704327586
BTC,bitcoin-above-78k-on-april-25,78000.0,1777132860,1776937500,0.38318068151853585,2.261111111111111,77726.0,77368.0,13.113603767473746,-0.004616563320661989,0,2026-04-25,False,0.44,1776938400,-0.44,-0.37946021784538586
BTC,bitcoin-above-76k-on-april-23,76000.0,1776960060,1776940200,0.40745136041860275,0.2298611111111111,77387.52,78380.54,8.228530254395864,0.012750154975395778,1,2026-04-23,False,0.931,1776941100,0.06899999999999995,-0.03591503596328015
BTC,bitcoin-above-76k-on-april-27,76000.0,1777305660,1776945600,0.3881683797622612,4.167361111111111,77704.62,76734.45,8.428000814981074,-0.012563954988643844,1,2026-04-27,False,0.72,1776946500,0.28,0.3858890228836759
BTC,bitcoin-above-78k-on-april-23,78000.0,1776960060,1776956400,0.40597719104492597,0.04236111111111111,78180.77,78380.54,79.38537143493096,0.002551972877819153,1,2026-04-23,False,0.65,1776957300,0.35,0.14741068520245684
ETH,ethereum-above-2400-on-april-26,2400.0,1777219260,1776958200,0.5032255320026339,3.0215277777777776,2332.27,2347.18,7.0625934832694215,0.006372565347372046,0,2026-04-26,False,0.23,1776964500,-0.23,-0.2750068384940584
BTC,bitcoin-above-80k-on-april-27,80000.0,1777305660,1776959100,0.3605139138433874,4.011111111111111,78488.0,76734.45,9.202989638597712,-0.02259498678431597,0,2026-04-27,False,0.28,1776963600,-0.28,-0.07205857073968791
BTC,bitcoin-above-80k-on-april-25,80000.0,1777132860,1776959100,0.3735692637046956,2.011111111111111,78488.0,77368.0,11.245142695317726,-0.014372488446427596,0,2026-04-25,False,0.22,1776960000,-0.22,-0.058379316533116316
BTC,bitcoin-above-78k-on-april-24,78000.0,1777046460,1776959100,0.39373430911098783,1.011111111111111,78488.0,77998.01,18.455075203284512,-0.006262433317468338,0,2026-04-24,False,0.61,1776960000,-0.61,-0.4944263221705673
ETH,ethereum-above-2400-on-april-27,2400.0,1777305660,1776998700,0.5321741452197682,3.5527777777777776,2329.52,2272.12,6.369619591114223,-0.024948921405685297,0,2026-04-27,False,0.26,1776999600,-0.26,-0.10108486143717796
ETH,ethereum-above-2400-on-april-28,2400.0,1777392060,1776999600,0.5583841185187697,4.542361111111111,2319.91,2279.59,5.425449643388098,-0.017532789587727422,0,2026-04-28,False,0.26,1777003200,-0.26,-0.16487673298366573
XRP,xrp-above-1pt5-on-april-26,1.5,1777219260,1777016700,0.5227156979574292,2.3444444444444446,1.4296,1.4287,4.811999513065477,-0.0006297449741058029,0,2026-04-26,False,0.08,1777025700,-0.08,-0.07696966749124745
BTC,bitcoin-above-78k-on-april-26,78000.0,1777219260,1777017600,0.34573031002595395,2.3340277777777776,77644.6,78028.49,14.200635562609426,0.004932012053830004,1,2026-04-26,False,0.43,1777022100,0.5700000000000001,0.49996229423316335
BTC,bitcoin-above-80k-on-april-26,80000.0,1777219260,1777019400,0.336670211913097,2.3131944444444446,77855.62,78028.49,8.783014132611747,0.00221793062635322,0,2026-04-26,False,0.13,1777020300,-0.13,-0.14948011603641276
BTC,bitcoin-above-78k-on-april-28,78000.0,1777392060,1777019400,0.3580699743108908,4.313194444444445,77855.62,76044.62,10.22615881653157,-0.023535812512989886,0,2026-04-28,False,0.47000000000000003,1777022100,-0.47000000000000003,-0.22931904336605446
BTC,bitcoin-above-78k-on-april-27,78000.0,1777305660,1777021200,0.3337916155039351,3.2923611111111106,77785.71,76734.45,12.518148278049702,-0.013606978144507953,0,2026-04-27,False,0.46,1777022100,-0.46,-0.28966582997086787
BTC,bitcoin-above-76k-on-april-24,76000.0,1777046460,1777023900,0.3699817147142003,0.2611111111111111,77581.49,77998.01,4.670095949860178,0.005354445735309709,1,2026-04-24,False,0.956,1777025700,0.04400000000000004,0.018994224657784064
ETH,ethereum-above-2300-on-april-24,2300.0,1777046460,1777029300,0.4327978762167123,0.1986111111111111,2328.43,2322.3,18.962473538940394,-0.0026361468199263085,1,2026-04-24,False,0.83,1777039200,0.17000000000000004,0.21998786431761452
ETH,ethereum-above-2300-on-april-27,2300.0,1777305660,1777030200,0.43807793164428876,3.188194444444444,2331.6,2272.12,9.27864135779071,-0.025841410823707747,0,2026-04-27,False,0.62,1777037400,-0.62,-0.3802268167874848
ETH,ethereum-above-2300-on-april-30,2300.0,1777564860,1777031100,0.5173477058459789,6.177777777777778,2330.92,2265.51,5.847411004642192,-0.028463140278403628,0,2026-04-30,False,0.56,1777039200,-0.56,-0.39356432030938826
XRP,xrp-above-1pt5-on-april-30,1.5,1777564860,1777036500,0.5321575243446336,6.115277777777778,1.4413,1.3691,4.796774386509017,-0.05139189444934678,0,2026-04-30,False,0.25,1777041000,-0.25,-0.0034846770311984243
XRP,xrp-above-1pt5-on-april-28,1.5,1777392060,1777038300,0.5287721303489062,4.094444444444444,1.4377,1.3748,5.2326714778978625,-0.044736348452867954,0,2026-04-28,False,0.19,1777041000,-0.19,0.044090614574622294
ETH,ethereum-above-2300-on-april-26,2300.0,1777219260,1777039200,0.4040912213946306,2.084027777777778,2317.32,2347.18,12.723158866611653,0.012803262041051061,1,2026-04-26,False,0.56,1777041000,0.43999999999999995,0.2771020630408487
SOL,solana-above-90-on-april-27,90.0,1777305660,1777055400,0.5067231781237345,2.8965277777777776,86.21,84.07,5.490776222429457,-0.025136395074628174,0,2026-04-27,False,0.12,1777257900,-0.12,0.01801832039336132
BTC,bitcoin-above-78k-on-april-25,78000.0,1777132860,1777064400,0.2281446050311722,0.7923611111111111,77718.31,77368.0,35.353933519741545,-0.004517621133504648,0,2026-04-25,False,0.35000000000000003,1777065300,-0.35000000000000003,-0.19028432277869728
BTC,bitcoin-above-78k-on-april-27,78000.0,1777305660,1777107600,0.30222206602096846,2.292361111111111,77643.37,76734.45,16.31597049228349,-0.011775402743148509,0,2026-04-27,False,0.42,1777109400,-0.42,-0.22787287630803485
BTC,bitcoin-above-76k-on-april-29,76000.0,1777478460,1777125600,0.35237471132476,4.084027777777778,77691.69,75866.18,9.087869757249283,-0.023777303046363853,0,2026-04-29,False,0.73,1777132800,-0.73,-0.5139149667359987
ETH,ethereum-above-2300-on-april-27,2300.0,1777305660,1777126500,0.40577157509953254,2.073611111111111,2318.21,2272.12,12.665879617029669,-0.020082019789311054,0,2026-04-27,False,0.59,1777132800,-0.59,-0.33564355488177866
BTC,bitcoin-above-78k-on-april-29,78000.0,1777478460,1777128300,0.33353276766883705,4.052777777777778,77738.22,75866.18,11.27866519788299,-0.02437602952558499,0,2026-04-29,False,0.45,1777132800,-0.45,-0.17507092412721637
BTC,bitcoin-above-78k-on-april-28,78000.0,1777392060,1777203000,0.3770541577147887,2.1881944444444446,78139.55,76044.62,13.65015700120893,-0.027176057445428625,0,2026-04-28,False,0.51,1777203900,-0.51,-0.13904254919602638
BTC,bitcoin-above-78k-on-april-26,78000.0,1777219260,1777207500,0.3395134165764484,0.1361111111111111,77950.0,78028.49,60.53883189366326,0.0010064209061789134,1,2026-04-26,False,0.39,1777208400,0.61,0.5490724539465666
BTC,bitcoin-above-78k-on-april-29,78000.0,1777478460,1777258800,0.4049412393303057,2.542361111111111,79130.01,75866.18,10.858630907411243,-0.04212119719466492,0,2026-04-29,False,0.68,1777262400,-0.68,-0.2226214662848478
BTC,bitcoin-above-80k-on-april-29,80000.0,1777478460,1777259700,0.39305652149737785,2.531944444444444,79209.04,75866.18,11.578553082507494,-0.043119434920136236,0,2026-04-29,False,0.38,1777262400,-0.38,0.11926066611052466
ETH,ethereum-above-2400-on-april-29,2400.0,1777478460,1777266900,0.5303746576725541,2.448611111111111,2363.01,2270.37,8.546275923685855,-0.039993416298720844,0,2026-04-29,False,0.33,1777267800,-0.33,0.01179477081970337
SOL,solana-above-90-on-april-29,90.0,1777478460,1777266900,0.5051257864152104,2.448611111111111,86.78,83.23,6.423880414962818,-0.04176832061220085,0,2026-04-29,False,0.14,1777270500,-0.14,0.12831469674660484
ETH,ethereum-above-2300-on-april-27,2300.0,1777305660,1777266900,0.5887889985414856,0.4486111111111111,2363.01,2272.12,8.31263092984941,-0.03922291373885725,0,2026-04-27,False,0.904,1777267800,-0.904,-0.5779543940955598
BTC,bitcoin-above-80k-on-april-30,80000.0,1777564860,1777266900,0.3928532519696383,3.4486111111111106,78406.39,76447.58,9.000464445323484,-0.025300151939250164,0,2026-04-30,False,0.27,1777267800,-0.27,-0.04228688200949693
BTC,bitcoin-above-78k-on-april-27,78000.0,1777305660,1777266900,0.38264228253426663,0.4486111111111111,78406.39,76734.45,27.660577779653877,-0.021554669060268847,0,2026-04-27,False,0.58,1777267800,-0.58,0.016214600056265405
SOL,solana-above-90-on-april-30,90.0,1777564860,1777266900,0.5051257864152104,3.4486111111111106,86.78,83.34,6.056575979077031,-0.04044755437589719,0,2026-04-30,False,0.18000000000000002,1777268700,-0.18000000000000002,0.06497368624547095
ETH,ethereum-above-2300-on-april-29,2300.0,1777478460,1777291200,0.4940737020378319,2.167361111111111,2320.39,2270.37,10.243936761581844,-0.021792461193006755,0,2026-04-29,False,0.5700000000000001,1777302900,-0.5700000000000001,-0.3467594056596124
BTC,bitcoin-above-78k-on-april-30,78000.0,1777564860,1777299300,0.3873743644513176,3.073611111111111,77855.23,76447.58,11.195308925091926,-0.018245799300980626,0,2026-04-30,False,0.48,1777302000,-0.48,-0.27573264024029553
ETH,ethereum-above-2300-on-april-30,2300.0,1777564860,1777334400,0.5027955764359459,2.667361111111111,2303.67,2265.51,9.280497871962966,-0.016703604256750965,0,2026-04-30,False,0.5,1777343400,-0.5,-0.34498223624111113
BTC,bitcoin-above-76k-on-april-30,76000.0,1777564860,1777364100,0.4064456185053234,2.323611111111111,76844.97,76447.58,11.670082354229974,-0.005184738465154367,1,2026-04-30,False,0.65,1777368600,0.35,0.41050632487349537
BTC,bitcoin-above-76k-on-april-28,76000.0,1777392060,1777368600,0.3518187952493677,0.27152777777777776,76790.7,76044.62,23.3581584481623,-0.009763265800565196,1,2026-04-28,False,0.84,1777369500,0.16000000000000003,0.388051909541126
BTC,bitcoin-above-76k-on-april-29,76000.0,1777478460,1777368600,0.3747983836284951,1.2715277777777778,76790.7,75866.18,16.24728288474986,-0.012112540270436617,0,2026-04-29,False,0.68,1777369500,-0.68,-0.48320413177329175
ETH,ethereum-above-2300-on-april-29,2300.0,1777478460,1777380300,0.466123066131229,1.136111111111111,2277.5,2270.37,14.211591758198745,-0.0031355363462901285,0,2026-04-29,False,0.33,1777382100,-0.33,-0.2854390375035306
ETH,ethereum-above-2300-on-may-2,2300.0,1777737660,1777410000,0.4864805274590246,3.7923611111111115,2295.55,2308.24,8.028805747099993,0.00551286315803447,1,2026-05-02,False,0.47000000000000003,1777412700,0.53,0.4857382925937971
BTC,bitcoin-above-78k-on-may-5,78000.0,1777996860,1777414500,0.3673415706975345,6.740277777777778,76364.27,81526.36,7.223826242032252,0.06541148691201518,1,2026-05-05,False,0.3,1777417200,0.7,0.22747878431463553
BTC,bitcoin-above-78k-on-may-2,78000.0,1777737660,1777420800,0.3729537336132363,3.667361111111111,76342.77,78465.05,8.950073836037067,0.02741997101786462,1,2026-05-02,False,0.27,1777426200,0.73,0.48458923480811517
BTC,bitcoin-above-78k-on-may-3,78000.0,1777824060,1777420800,0.3709523718619338,4.667361111111111,76342.77,78677.42,8.251423823160584,0.0301228702314505,1,2026-05-03,False,0.29000000000000004,1777426200,0.71,0.46144343095023455
BTC,bitcoin-above-76k-on-may-4,76000.0,1777910460,1777420800,0.38408570898472527,5.667361111111111,76342.77,80076.27,8.315167836976533,0.04774622380117309,1,2026-05-04,False,0.54,1777426200,0.45999999999999996,0.06298213551140203
BTC,bitcoin-above-78k-on-may-4,78000.0,1777910460,1777420800,0.3695862418137673,5.667361111111111,76342.77,80076.27,7.685149361445787,0.04774622380117309,1,2026-05-04,False,0.31,1777426200,0.69,0.32306313864296693
BTC,bitcoin-above-76k-on-may-2,76000.0,1777737660,1777421700,0.3883439819790598,3.656944444444444,76332.4,78465.05,10.21902000798512,0.027555814980127383,1,2026-05-02,False,0.55,1777426200,0.44999999999999996,0.16840657538174214
BTC,bitcoin-above-76k-on-may-3,76000.0,1777824060,1777422600,0.38378352685347306,4.646527777777778,76319.24,78677.42,9.18712198411929,0.030431132911685574,1,2026-05-03,False,0.55,1777423500,0.44999999999999996,0.17042546982539736
ETH,ethereum-above-2400-on-april-29,2400.0,1777478460,1777444200,0.644271776936204,0.39652777777777776,2328.99,2270.37,6.806616031525911,-0.025491883399021413,0,2026-04-29,False,0.044000000000000004,1777446000,-0.044000000000000004,0.12951346221756838
XRP,xrp-above-1pt4-on-may-4,1.4,1777910460,1777446000,0.47026932818811046,5.375694444444445,1.3922,1.3996,6.934601463458575,0.0053012517589666715,0,2026-05-04,False,0.43,1777446900,-0.43,-0.4667620682058926
ETH,ethereum-above-2200-on-may-3,2200.0,1777824060,1777451400,0.3946834907739443,4.313194444444445,2326.04,2329.33,4.114268268362204,0.0014134217248980667,1,2026-05-03,False,0.87,1777452300,0.13,0.12418480384743812
XRP,xrp-above-1pt3-on-may-4,1.3,1777910460,1777454100,0.495108561814408,5.281944444444444,1.3939,1.3996,3.49280066284366,0.004080907757692293,1,2026-05-04,False,0.84,1777482900,0.16000000000000003,0.14574620267892854
XRP,xrp-above-1pt3-on-may-3,1.3,1777824060,1777454100,0.495108561814408,4.281944444444445,1.3939,1.396,3.3056247526202327,0.0015054305864769997,1,2026-05-03,False,0.86,1777482000,0.14,0.13502361138999006
XRP,xrp-above-1pt3-on-may-5,1.3,1777996860,1777454100,0.49510856181440804,6.281944444444445,1.3939,1.4121,3.5717649505160534,0.012972384339365551,1,2026-05-05,False,0.83,1777482000,0.17000000000000004,0.12366569229203081
XRP,xrp-above-1pt3-on-may-1,1.3,1777651260,1777454100,0.495108561814408,2.2819444444444446,1.3939,1.3967,2.1582526830345636,0.0020067375758850603,1,2026-05-01,False,0.91,1777482000,0.08999999999999997,0.08566895324269976
BTC,bitcoin-above-76k-on-april-29,76000.0,1777478460,1777455900,0.3620270138856983,0.2611111111111111,77258.0,75866.18,9.868416710277772,-0.01817947148570204,0,2026-04-29,False,0.93,1777465800,-0.93,-0.7505973998064798
XRP,xrp-above-1pt4-on-may-5,1.4,1777996860,1777456800,0.4553506324108714,6.250694444444445,1.4037,1.4121,6.694232181359882,0.005966350534925959,1,2026-05-05,False,0.48,1777465800,0.52,0.4800598642438249
ETH,ethereum-above-2400-on-may-3,2400.0,1777824060,1777462200,0.41301408308597176,4.188194444444444,2330.02,2329.33,7.102278637549954,-0.0002961786536937538,0,2026-05-03,False,0.23,1777465800,-0.23,-0.22789645667497255
SOL,solana-above-90-on-may-2,90.0,1777737660,1777462200,0.5128834677479529,3.188194444444444,84.9,84.02,3.853554044305699,-0.010419227576065794,0,2026-05-02,False,0.06999999999999999,1777475700,-0.06999999999999999,-0.029848943435710186
SOL,solana-above-80-on-may-1,80.0,1777651260,1777462200,0.4563839718720673,2.1881944444444446,84.9,84.55,2.8246215150365304,-0.004131017972712468,1,2026-05-01,False,0.91,1777475700,0.08999999999999997,0.1016685622447262
SOL,solana-above-90-on-may-1,90.0,1777651260,1777462200,0.5523467937587486,2.1881944444444446,84.9,84.55,3.5728386079553576,-0.004131017972712468,0,2026-05-01,False,0.049,1777475700,-0.049,-0.034240539496935424
BTC,bitcoin-above-74k-on-may-5,74000.0,1777996860,1777464900,0.3844793654846139,6.156944444444444,77310.12,81526.36,5.560451524588272,0.05310153801197603,1,2026-05-05,False,0.8200000000000001,1777469400,0.17999999999999994,-0.11526852799667425
BTC,bitcoin-above-76k-on-april-30,76000.0,1777564860,1777465800,0.3763899376999579,1.1465277777777778,77145.78,76447.58,14.81469947232855,-0.009091601476337295,1,2026-04-30,False,0.73,1777469400,0.27,0.4046893435941156
BTC,bitcoin-above-72k-on-may-5,72000.0,1777996860,1777465800,0.41538775663913047,6.146527777777778,77145.78,81526.36,3.37288002574815,0.05522952486149675,1,2026-05-05,False,0.9,1777475700,0.09999999999999998,-0.08628256123690328
ETH,ethereum-above-2300-on-april-29,2300.0,1777478460,1777466700,0.5077490250878239,0.1361111111111111,2314.04,2270.37,33.66063861788558,-0.01905210090109774,0,2026-04-29,False,0.7,1777469400,-0.7,-0.05869411665665669
BTC,bitcoin-above-76k-on-may-1,76000.0,1777651260,1777471200,0.39473374352465135,2.084027777777778,76783.43,78534.64,12.670906599986434,0.022550939674234802,1,2026-05-01,False,0.63,1777472100,0.37,0.0842591496458423
SOL,solana-above-90-on-may-5,90.0,1777996860,1777477500,0.46381737123626154,6.011111111111112,83.14,85.52,2.6518702134046475,0.028224332892298344,0,2026-05-05,False,0.06999999999999999,1777487400,-0.06999999999999999,-0.144847267690303
SOL,solana-above-80-on-may-5,80.0,1777996860,1777481100,0.5631591841381083,5.969444444444445,83.19,85.52,4.871492902293677,0.027623118420993343,1,2026-05-05,False,0.73,1777483800,0.27,0.13543417467291322
SOL,solana-above-80-on-may-4,80.0,1777910460,1777481100,0.5623818854486395,4.969444444444444,83.19,84.53,5.1883626906332285,0.015979352645039895,1,2026-05-04,False,0.75,1777483800,0.25,0.1670933229160036
SOL,solana-above-80-on-may-6,80.0,1778083260,1777481100,0.5639367111426576,6.969444444444444,83.19,88.96,4.599572228109419,0.06705968220647575,1,2026-05-06,False,0.68,1777486500,0.31999999999999995,0.01155414809725075
SOL,solana-above-80-on-may-3,80.0,1777824060,1777482900,0.5632651904985733,3.9486111111111115,83.13,84.19,5.598607065700592,0.012670501806575828,1,2026-05-03,False,0.77,1777486500,0.22999999999999998,0.15906283905973245
XRP,xrp-above-1pt3-on-may-2,1.3,1777737660,1777484700,0.47847200395937173,2.9277777777777776,1.3655,1.3929,4.94054917449858,0.019867242780226013,1,2026-05-02,False,0.83,1777486500,0.17000000000000004,0.07184491008259154
SOL,solana-above-80-on-may-2,80.0,1777737660,1777484700,0.5580017116757818,2.9277777777777776,83.07,84.02,6.122137012025539,0.011371239890255892,1,2026-05-02,False,0.78,1777486500,0.21999999999999997,0.15038371139524315
XRP,xrp-above-1pt4-on-may-2,1.4,1777737660,1777484700,0.46328606036237346,2.9277777777777776,1.3655,1.3929,7.923222263330113,0.019867242780226013,0,2026-05-02,False,0.24000000000000002,1777486500,-0.24000000000000002,-0.3974125803072712
BTC,bitcoin-above-74k-on-may-6,74000.0,1778083260,1777485600,0.3879175144800123,6.91736111111111,76184.01,81700.36,6.53265253314629,0.0699068100681048,1,2026-05-06,False,0.68,1777486500,0.31999999999999995,-0.13667689987558146
BTC,bitcoin-above-78k-on-may-1,78000.0,1777651260,1777497300,0.3833255062665193,1.7819444444444446,75794.67,78534.64,8.275103434040648,0.03551182778771959,1,2026-05-01,False,0.13,1777505400,0.87,0.5761359519247815
BTC,bitcoin-above-78k-on-may-5,78000.0,1777996860,1777502700,0.348646484250061,5.719444444444444,75962.86,81526.36,7.504124986953892,0.07068186690486605,1,2026-05-05,False,0.26,1777505400,0.74,0.20959443643464526
BTC,bitcoin-above-76k-on-may-5,76000.0,1777996860,1777507200,0.35160303673588944,5.667361111111111,75780.0,81526.36,9.07045450956993,0.07309199794517184,1,2026-05-05,False,0.48,1777508100,0.52,-0.1429776423752599
BTC,bitcoin-above-76k-on-may-4,76000.0,1777910460,1777507200,0.3437181171255382,4.667361111111111,75780.0,80076.27,10.218776905812186,0.05514514991012373,1,2026-05-04,False,0.48,1777508100,0.52,-0.043515984369123295
BTC,bitcoin-above-76k-on-may-3,76000.0,1777824060,1777509000,0.32764343526824485,3.6465277777777776,75817.99,78677.42,12.133115630502958,0.03702060234969934,1,2026-05-03,False,0.48,1777517100,0.52,0.07082475098022845
BTC,bitcoin-above-76k-on-may-2,76000.0,1777737660,1777516200,0.34635683092649544,2.5631944444444446,76122.64,78465.05,13.733341900146074,0.030307578809805964,1,2026-05-02,False,0.48,1777517100,0.52,0.10377565803931249
BTC,bitcoin-above-78k-on-may-2,78000.0,1777737660,1777516200,0.3319685822227065,2.5631944444444446,76122.64,78465.05,9.653600661546758,0.030307578809805964,1,2026-05-02,False,0.16,1777517100,0.84,0.5474227371517766
BTC,bitcoin-above-78k-on-may-3,78000.0,1777824060,1777516200,0.31420533036065584,3.5631944444444446,76122.64,78677.42,9.329218834375142,0.033010478023391805,1,2026-05-03,False,0.18000000000000002,1777517100,0.82,0.5120380266924465
ETH,ethereum-above-2200-on-may-1,2200.0,1777651260,1777516200,0.5170927447396326,1.5631944444444446,2263.01,2309.84,8.439992796152946,0.020482472510987188,1,2026-05-01,False,0.77,1777517100,0.22999999999999998,0.05712807955986737
ETH,ethereum-above-2300-on-may-3,2300.0,1777824060,1777516200,0.4516614161796868,3.5631944444444446,2263.01,2329.33,8.299112116012285,0.0288848870234783,1,2026-05-03,False,0.28,1777517100,0.72,0.4802810841338052
ETH,ethereum-above-2300-on-april-30,2300.0,1777564860,1777516200,0.49687646098350163,0.5631944444444444,2263.01,2265.51,14.358015261738377,0.001104113597366048,0,2026-04-30,False,0.12,1777517100,-0.12,-0.13585287988167458
ETH,ethereum-above-2300-on-may-6,2300.0,1778083260,1777516200,0.49257354982645873,6.563194444444445,2263.01,2358.42,5.810137778109631,0.04129611774798273,1,2026-05-06,False,0.35000000000000003,1777527000,0.6499999999999999,0.4100638661831818
ETH,ethereum-above-2300-on-may-2,2300.0,1777737660,1777516200,0.463445971055633,2.5631944444444446,2263.01,2308.24,9.337244322126793,0.019789543820267142,1,2026-05-02,False,0.26,1777517100,0.74,0.5552201943267312
ETH,ethereum-above-2300-on-may-4,2300.0,1777910460,1777516200,0.47171059917944647,4.563194444444444,2263.01,2352.13,7.154098944618189,0.03862551506319279,1,2026-05-04,False,0.32,1777517100,0.6799999999999999,0.4036692434510784
ETH,ethereum-above-2200-on-may-4,2200.0,1777910460,1777516200,0.4881107255162439,4.563194444444444,2263.01,2352.13,6.4824756662806955,0.03862551506319279,1,2026-05-04,False,0.68,1777517100,0.31999999999999995,0.06961103850529421
BTC,bitcoin-above-76k-on-april-30,76000.0,1777564860,1777556700,0.36888445093842437,0.09444444444444444,76638.04,76447.58,25.02324875468231,-0.00248828202505443,1,2026-04-30,False,0.86,1777557600,0.14,0.20226490008474166
BTC,bitcoin-above-78k-on-may-5,78000.0,1777996860,1777624200,0.3167823740581958,4.313194444444445,77440.73,81526.36,11.292417855745619,0.05141353395884302,1,2026-05-05,False,0.42,1777625100,0.5800000000000001,-0.0005831089038226267
BTC,bitcoin-above-76k-on-may-1,76000.0,1777651260,1777627800,0.31684729860366817,0.27152777777777776,77346.8,78534.64,5.901268062179137,0.015240595572039464,1,2026-05-01,False,0.95,1777628700,0.050000000000000044,-0.039938839897865216
BTC,bitcoin-above-78k-on-may-1,78000.0,1777651260,1777641300,0.29415930744845475,0.11527777777777777,78344.38,78534.64,53.622550921237995,0.002425564530945083,1,2026-05-01,False,0.74,1777642200,0.26,0.12993504242664855
BTC,bitcoin-above-78k-on-may-4,78000.0,1777910460,1777642200,0.27376048033532263,3.104861111111111,78279.65,80076.27,15.6691177538097,0.022691884111978047,1,2026-05-04,False,0.56,1777645800,0.43999999999999995,0.08443819579361245
XRP,xrp-above-1pt4-on-may-4,1.4,1777910460,1777644000,0.43395969112081306,3.0840277777777776,1.3984,1.3996,9.989294736989187,0.0008577555922618755,0,2026-05-04,False,0.45,1777656600,-0.45,-0.4585683734234046
BTC,bitcoin-above-78k-on-may-3,78000.0,1777824060,1777647600,0.2542551487020744,2.042361111111111,78358.75,78677.42,20.420033137136468,0.004058560998085643,1,2026-05-03,False,0.59,1777656600,0.41000000000000003,0.32712404993000155
BTC,bitcoin-above-80k-on-may-3,80000.0,1777824060,1777647600,0.2531135013947113,2.042361111111111,78358.75,78677.42,11.451817409110886,0.004058560998085643,0,2026-05-03,False,0.108,1777653000,-0.108,-0.15447789949381563
BTC,bitcoin-above-80k-on-may-6,80000.0,1778083260,1777658400,0.3097629764641074,4.917361111111111,78552.94,81700.36,9.663974742174315,0.03928561583023195,1,2026-05-06,False,0.3,1777661100,0.7,0.32034480088587497
XRP,xrp-above-1pt4-on-may-2,1.4,1777737660,1777658400,0.442740452253233,0.9173611111111111,1.3949,1.3929,17.698944883146353,-0.0014348234042037891,0,2026-05-02,False,0.38,1777666500,-0.38,-0.35460513965194873
BTC,bitcoin-above-78k-on-may-7,78000.0,1778169660,1777660200,0.3256718387429069,5.896527777777778,78586.48,79855.67,9.514815321292179,0.016021205818729255,1,2026-05-07,False,0.5700000000000001,1777661100,0.42999999999999994,0.27756118541037944
BTC,bitcoin-above-80k-on-may-4,80000.0,1777910460,1777660200,0.26649432413449775,2.8965277777777776,78586.48,80076.27,12.562642932057178,0.018779881038981944,1,2026-05-04,False,0.2,1777661100,0.8,0.5640750602007589
ETH,ethereum-above-2300-on-may-3,2300.0,1777824060,1777691700,0.273299422769831,1.5319444444444443,2301.84,2329.33,22.51697007563876,0.011871869472394528,1,2026-05-03,False,0.51,1777703400,0.49,0.22268147034820307
ETH,ethereum-above-2300-on-may-4,2300.0,1777910460,1777692600,0.3337292557594687,2.521527777777778,2305.37,2352.13,14.34696669679253,0.020080116443844383,1,2026-05-04,False,0.53,1777698000,0.47,0.18191123811244858
ETH,ethereum-above-2300-on-may-5,2300.0,1777996860,1777692600,0.38190171082370655,3.5215277777777776,2305.37,2381.15,10.62502823917659,0.03234238008648081,1,2026-05-05,False,0.52,1777698900,0.48,0.13636129825895876
BTC,bitcoin-above-78k-on-may-4,78000.0,1777910460,1777738500,0.245083015238893,1.9902777777777778,78545.99,80076.27,20.53638421072426,0.01929524238850025,1,2026-05-04,False,0.66,1777739400,0.33999999999999997,-0.05625451112929403
BTC,bitcoin-above-80k-on-may-3,80000.0,1777824060,1777759200,0.2704419971442989,0.7506944444444446,78719.78,78677.42,13.584900098963702,-0.0005382560937895795,0,2026-05-03,False,0.058,1777760100,-0.058,-0.05068784473821013
BTC,bitcoin-above-76k-on-may-5,76000.0,1777996860,1777762800,0.3350683083544975,2.7090277777777776,78832.98,81526.36,6.300445593365474,0.03359496631139117,1,2026-05-05,False,0.9,1777770900,0.09999999999999998,-0.11166325745586606
BTC,bitcoin-above-78k-on-may-6,78000.0,1778083260,1777762800,0.3136878196633615,3.7090277777777776,78832.98,81700.36,11.986053473093547,0.03572697099676292,1,2026-05-06,False,0.63,1777767300,0.37,-0.05822538479886258
BTC,bitcoin-above-80k-on-may-6,80000.0,1778083260,1777763700,0.3105180514672167,3.698611111111111,78740.13,81700.36,11.128841346065999,0.036905471703467585,1,2026-05-06,False,0.3,1777767300,0.7,0.2892848606103811
BTC,bitcoin-above-78k-on-may-5,78000.0,1777996860,1777817700,0.33329319708305344,2.073611111111111,78730.0,81526.36,14.893473487980424,0.03490212633925066,1,2026-05-05,False,0.64,1777824900,0.36,-0.15981389330777296
BTC,bitcoin-above-78k-on-may-4,78000.0,1777910460,1777830300,0.3397777906239709,0.9277777777777778,78804.99,80076.27,19.55890908292634,0.01600323576858365,1,2026-05-04,False,0.71,1777831200,0.29000000000000004,-0.023005833430362388
BTC,bitcoin-above-80k-on-may-5,80000.0,1777996860,1777834800,0.33750149887275926,1.8756944444444446,78739.67,81526.36,13.187945766284042,0.034779309037199425,1,2026-05-05,False,0.25,1777835700,0.75,0.29133235862858153
ETH,ethereum-above-2300-on-may-5,2300.0,1777996860,1777849200,0.43649333596804496,1.7090277777777778,2343.89,2381.15,11.035328721616155,0.015771621974460928,1,2026-05-05,False,0.72,1777851000,0.28,0.10595496703875884
BTC,bitcoin-above-78k-on-may-6,78000.0,1778083260,1777850100,0.36165193091226777,2.698611111111111,79075.0,81700.36,11.723101872069153,0.03266163902928575,1,2026-05-06,False,0.67,1777851000,0.32999999999999996,-0.052895721649066696
ETH,ethereum-above-2300-on-may-4,2300.0,1777910460,1777852800,0.44738935320372747,0.6673611111111111,2322.65,2352.13,18.37878023847382,0.012612525421591152,1,2026-05-04,False,0.66,1777854600,0.33999999999999997,0.10819716702441182
BTC,bitcoin-above-80k-on-may-4,80000.0,1777910460,1777862700,0.39853614109226737,0.5527777777777778,80163.87,80076.27,25.524943484040598,-0.001093359113723459,1,2026-05-04,False,0.52,1777866300,0.48,0.507907929585552
BTC,bitcoin-above-80k-on-may-6,80000.0,1778083260,1777878000,0.37181525573054347,2.3756944444444446,79877.9,81700.36,13.270597248769992,0.022559189453108294,1,2026-05-06,False,0.48,1777880700,0.52,0.2206260825091001
SOL,solana-above-90-on-may-7,90.0,1778169660,1777884300,0.49710815365931604,3.302777777777778,84.77,88.33,3.6726847495855903,0.041138094136726734,0,2026-05-07,False,0.06999999999999999,1777894200,-0.06999999999999999,-0.22108725096297266
BTC,bitcoin-above-80k-on-may-7,80000.0,1778169660,1777885200,0.343693291315653,3.2923611111111106,79708.3,79855.67,12.121635685534907,0.0018471593794285167,0,2026-05-07,False,0.44,1777889700,-0.44,-0.46239059305055125
ETH,ethereum-above-2300-on-may-6,2300.0,1778083260,1777887900,0.4691666926516247,2.261111111111111,2369.68,2358.42,7.909019332145244,-0.0047630216312571985,1,2026-05-06,False,0.79,1777889700,0.20999999999999996,0.24767083016103913
BTC,bitcoin-above-76k-on-may-7,76000.0,1778169660,1777891500,0.3886674897840432,3.2194444444444446,78916.91,79855.67,6.539271413675372,0.01182535346567096,1,2026-05-07,False,0.85,1777892400,0.15000000000000002,0.07267080412533093
BTC,bitcoin-above-82k-on-may-6,82000.0,1778083260,1777907700,0.36633509290909816,2.0319444444444446,80102.62,81700.36,9.99542643917499,0.019749845568008115,0,2026-05-06,False,0.166,1777909500,-0.166,-0.3634081285600913
BTC,bitcoin-above-78k-on-may-5,78000.0,1777996860,1777908600,0.39053524750516383,1.0215277777777778,79700.37,81526.36,11.31992266948492,0.02265217534119926,1,2026-05-05,False,0.83,1777911300,0.17000000000000004,-0.0864208731579888
BTC,bitcoin-above-82k-on-may-7,82000.0,1778169660,1777918500,0.3806611496217352,2.9069444444444446,80388.47,79855.67,9.801620062933726,-0.0066498776604912,0,2026-05-07,False,0.26,1777919400,-0.26,-0.1948204257068747
BTC,bitcoin-above-80k-on-may-5,80000.0,1777996860,1777921200,0.38561056932298804,0.8756944444444444,80114.91,81526.36,21.07509559560858,0.01746442446154799,1,2026-05-05,False,0.52,1777922100,0.48,0.1119355849505912
BTC,bitcoin-above-78k-on-may-7,78000.0,1778169660,1777928400,0.40770089561704187,2.792361111111111,79936.7,79855.67,8.938527148406417,-0.0010141911900488148,1,2026-05-07,False,0.77,1777938300,0.22999999999999998,0.23906537548592594
ETH,ethereum-above-2400-on-may-5,2400.0,1777996860,1777989600,0.4954662233900936,0.08402777777777778,2388.72,2381.15,43.50377263818399,-0.0031740933633669453,0,2026-05-05,False,0.21000000000000002,1777990500,-0.21000000000000002,-0.07191496398771571
SOL,solana-above-90-on-may-6,90.0,1778083260,1778012100,0.6791714082156626,0.8236111111111112,86.74,88.96,6.311990746149799,0.02527169209505207,0,2026-05-06,False,0.03,1778013000,-0.03,-0.18951468664351567
BTC,bitcoin-above-82k-on-may-12,82000.0,1778601660,1778022900,0.36794574405372876,6.698611111111111,81213.22,80300.24,7.8149844837541425,-0.011305432057361328,0,2026-05-12,False,0.4,1778024700,-0.4,-0.3116482238895846
BTC,bitcoin-above-82k-on-may-10,82000.0,1778428860,1778033700,0.3750903217643718,4.573611111111111,81330.0,81444.05,9.281601821068834,0.0014013292495155235,0,2026-05-10,False,0.4,1778034600,-0.4,-0.4130065801142203
BTC,bitcoin-above-86k-on-may-10,86000.0,1778428860,1778038200,0.3768014149885917,4.521527777777778,81616.29,81444.05,4.255003842428829,-0.002112592970916383,0,2026-05-10,False,0.08099999999999999,1778039100,-0.08099999999999999,-0.07201090879126265
BTC,bitcoin-above-82k-on-may-9,82000.0,1778342460,1778040000,0.3673806927143213,3.500694444444444,81581.69,80530.0,10.946981677477906,-0.012975063729119192,0,2026-05-09,False,0.44,1778041800,-0.44,-0.29796221509322407
BTC,bitcoin-above-84k-on-may-9,84000.0,1778342460,1778040900,0.367634484634113,3.4902777777777776,81602.25,80530.0,7.905669055795293,-0.013227049311876762,0,2026-05-09,False,0.186,1778041800,-0.186,-0.08143132555561745
BTC,bitcoin-above-82k-on-may-11,82000.0,1778515260,1778040900,0.3760262191014891,5.490277777777778,81602.25,81408.98,8.57938163359715,-0.0023712487852549724,0,2026-05-11,False,0.45,1778041800,-0.45,-0.42965615172309396
BTC,bitcoin-above-84k-on-may-10,84000.0,1778428860,1778040900,0.37144626157195615,4.490277777777778,81602.25,81444.05,7.453299016816394,-0.0019405536911307989,0,2026-05-10,False,0.21000000000000002,1778041800,-0.21000000000000002,-0.1955364730818154
BTC,bitcoin-above-80k-on-may-11,80000.0,1778515260,1778058000,0.35949145744621036,5.292361111111111,81945.66,81408.98,7.993654105490581,-0.006570758331964115,1,2026-05-11,False,0.71,1778058900,0.29000000000000004,0.34252436931649144
BTC,bitcoin-above-80k-on-may-12,80000.0,1778601660,1778060700,0.3651765871703996,6.261111111111111,82014.77,80300.24,7.3752698613577365,-0.02112674325518223,1,2026-05-12,False,0.6900000000000001,1778061600,0.30999999999999994,0.4658154327985883
ETH,ethereum-above-2400-on-may-6,2400.0,1778083260,1778060700,0.4635895589350933,0.2611111111111111,2417.76,2358.42,27.06006412979174,-0.024849588380745864,0,2026-05-06,False,0.64,1778069700,-0.64,0.03243145518191082
BTC,bitcoin-above-80k-on-may-8,80000.0,1778256060,1778061600,0.3757296303779496,2.2506944444444446,81997.0,80179.45,9.653510441531937,-0.02241541360428124,1,2026-05-08,False,0.8,1778076000,0.19999999999999996,0.41638742928018596
BTC,bitcoin-above-82k-on-may-6,82000.0,1778083260,1778067000,0.37037874557490275,0.18819444444444447,82684.01,81700.36,29.24514063474156,-0.011967825658366925,0,2026-05-06,False,0.795,1778067900,-0.795,-0.44499925552899083
ETH,ethereum-above-2400-on-may-7,2400.0,1778169660,1778072400,0.5260734456470766,1.1256944444444443,2405.11,2292.95,13.632154307868847,-0.047756442414470794,0,2026-05-07,False,0.47000000000000003,1778073300,-0.47000000000000003,0.18102319218891855
ETH,ethereum-above-2500-on-may-9,2500.0,1778342460,1778078700,0.5173458926397594,3.0527777777777776,2369.9,2316.66,4.336537167288998,-0.02272126695740837,0,2026-05-09,False,0.08,1778092200,-0.08,0.018531618648696804
ETH,ethereum-above-2400-on-may-9,2400.0,1778342460,1778079600,0.48350989624184976,3.042361111111111,2359.23,2316.66,8.3081990584364,-0.018208801406445447,0,2026-05-09,False,0.32,1778085000,-0.32,-0.16871765329971453
ETH,ethereum-above-2400-on-may-8,2400.0,1778256060,1778079600,0.4927089930653452,2.042361111111111,2359.23,2293.98,9.631157926454453,-0.028046994339695767,0,2026-05-08,False,0.28,1778090400,-0.28,-0.009874968152015995
ETH,ethereum-above-2400-on-may-10,2400.0,1778428860,1778083200,0.4686143110581565,4.000694444444445,2359.1,2349.75,7.579775663275085,-0.003971250852375556,0,2026-05-10,False,0.34,1778085000,-0.34,-0.30989880943640336
ETH,ethereum-above-2400-on-may-11,2400.0,1778515260,1778084100,0.4827960424583643,4.990277777777778,2363.45,2331.45,6.755813630861599,-0.013632024345864371,0,2026-05-11,False,0.37,1778085000,-0.37,-0.2779045841079723
ETH,ethereum-above-2500-on-may-11,2500.0,1778515260,1778087700,0.4986702262185775,4.948611111111111,2359.5,2331.45,4.062352150250655,-0.011959340569425644,0,2026-05-11,False,0.12,1778100300,-0.12,-0.07141694712221383
SOL,solana-above-90-on-may-11,90.0,1778515260,1778097600,0.46681304691374,4.834027777777778,89.27,96.59,7.308752286151229,0.07880973099993388,1,2026-05-11,False,0.39,1778114700,0.61,0.03399919838326981
SOL,solana-above-90-on-may-9,90.0,1778342460,1778099400,0.4624636943552061,2.8131944444444446,89.41,92.94,9.664128887108262,0.038721590909605676,1,2026-05-09,False,0.37,1778114700,0.63,0.2557895547356911
BTC,bitcoin-above-80k-on-may-7,80000.0,1778169660,1778101200,0.3383126218272622,0.7923611111111111,81427.52,79855.67,13.605540580724218,-0.019492419128890902,0,2026-05-07,False,0.87,1778114700,-0.87,-0.6047951005253898
BTC,bitcoin-above-82k-on-may-8,82000.0,1778256060,1778101200,0.34165424635570335,1.792361111111111,81427.52,80179.45,15.90779897921438,-0.015446051784359262,0,2026-05-08,False,0.38,1778102100,-0.38,-0.13428731319187728
ETH,ethereum-above-2300-on-may-7,2300.0,1778169660,1778103900,0.46383430268700787,0.7611111111111111,2355.4,2292.95,10.136914866737074,-0.026871366282271728,0,2026-05-07,False,0.87,1778114700,-0.87,-0.5976072476437024
BTC,bitcoin-above-82k-on-may-12,82000.0,1778601660,1778110200,0.3470535102228088,5.688194444444445,81386.21,80300.24,9.034597977548417,-0.013433238597255759,0,2026-05-12,False,0.42,1778111100,-0.42,-0.29863608973730776
BTC,bitcoin-above-84k-on-may-13,84000.0,1778688060,1778112000,0.3476370319273948,6.667361111111112,81447.01,79020.4,6.736420981390335,-0.030246577756373696,0,2026-05-13,False,0.23,1778116500,-0.23,-0.026246318986710038
ETH,ethereum-above-2300-on-may-10,2300.0,1778428860,1778112900,0.4382049519774992,3.656944444444444,2350.0,2349.75,8.150454773824482,-0.0001063886377938887,1,2026-05-10,False,0.68,1778114700,0.31999999999999995,0.32086711578078786
ETH,ethereum-above-2300-on-may-9,2300.0,1778342460,1778130900,0.4579187474862703,2.448611111111111,2331.27,2316.66,10.034924595753859,-0.00628669025505161,1,2026-05-09,False,0.63,1778134500,0.37,0.4330864626663035
BTC,bitcoin-above-84k-on-may-10,84000.0,1778428860,1778136300,0.338498874405629,3.386111111111111,81369.7,81444.05,7.480388183835269,0.0009133135889100413,0,2026-05-10,False,0.11,1778145300,-0.11,-0.11683194017861885
ETH,ethereum-above-2400-on-may-12,2400.0,1778601660,1778136300,0.4849707174150417,5.386111111111111,2336.23,2262.89,6.0157763270835005,-0.031895761595760935,0,2026-05-12,False,0.29000000000000004,1778149800,-0.29000000000000004,-0.09812223245792234
ETH,ethereum-above-2300-on-may-12,2300.0,1778601660,1778138100,0.4853289034833159,5.365277777777778,2343.33,2262.89,6.504926131826665,-0.03493023725077589,0,2026-05-12,False,0.61,1778148900,-0.61,-0.3827813869165227
SOL,solana-above-90-on-may-8,90.0,1778256060,1778139000,0.4606375439902143,1.3548611111111113,89.62,89.62,14.023373084097786,0.0,0,2026-05-08,False,0.4,1778148900,-0.4,-0.4
ETH,ethereum-above-2300-on-may-8,2300.0,1778256060,1778139900,0.4747933881398611,1.3444444444444446,2345.35,2293.98,11.111535174695502,-0.022146344218997572,0,2026-05-08,False,0.74,1778143500,-0.74,-0.4939201172196941
BTC,bitcoin-above-82k-on-may-9,82000.0,1778342460,1778140800,0.323108107934387,2.3340277777777776,81518.58,80530.0,14.999025016947254,-0.012201183917029837,0,2026-05-09,False,0.4,1778143500,-0.4,-0.216994137192095
BTC,bitcoin-above-80k-on-may-8,80000.0,1778256060,1778148900,0.30890704964772153,1.2402777777777778,80882.85,80179.45,18.499835873562663,-0.008734563855260504,1,2026-05-08,False,0.74,1778149800,0.26,0.4215879977494721
BTC,bitcoin-above-80k-on-may-10,80000.0,1778428860,1778151600,0.2850081793031481,3.2090277777777776,80850.75,81444.05,13.875439169093278,0.007311419010261558,1,2026-05-10,False,0.67,1778155200,0.32999999999999996,0.22855085028336353
BTC,bitcoin-above-80k-on-may-11,80000.0,1778515260,1778151600,0.298704376824403,4.209027777777778,80850.75,81408.98,11.839929072616329,0.006880723916137422,1,2026-05-11,False,0.63,1778161500,0.37,0.2885327168646781
BTC,bitcoin-above-82k-on-may-10,82000.0,1778428860,1778152500,0.2766422218530836,3.198611111111111,80948.96,81444.05,13.518735524946774,0.006097448823773665,0,2026-05-10,False,0.3,1778153400,-0.3,-0.38242979802549393
BTC,bitcoin-above-78k-on-may-11,78000.0,1778515260,1778154300,0.3209733949733895,4.177777777777778,80984.0,81408.98,6.5111208210827805,0.005233982037624764,1,2026-05-11,False,0.87,1778161500,0.13,0.09592091057764812
BTC,bitcoin-above-80k-on-may-12,80000.0,1778601660,1778155200,0.3202792761177437,5.167361111111111,80866.65,80300.24,10.111005741213049,-0.007028892000962142,1,2026-05-12,False,0.61,1778161500,0.39,0.4610691673760947
BTC,bitcoin-above-84k-on-may-12,84000.0,1778601660,1778156100,0.319219331318466,5.156944444444444,81079.99,80300.24,6.686641755023721,-0.009663588508534446,0,2026-05-12,False,0.16,1778157000,-0.16,-0.09538304557546617
BTC,bitcoin-above-76k-on-may-13,76000.0,1778688060,1778157000,0.375015220897993,6.146527777777778,81062.0,79020.4,3.5183580298303743,-0.025508246997404414,1,2026-05-13,False,0.9,1778166000,0.09999999999999998,0.18974714565021433
BTC,bitcoin-above-84k-on-may-11,84000.0,1778515260,1778157000,0.304615903736933,4.146527777777777,81062.0,81408.98,6.615556681557127,0.004271292356620453,0,2026-05-11,False,0.12,1778159700,-0.12,-0.1482569766887243
BTC,bitcoin-above-82k-on-may-11,82000.0,1778515260,1778157000,0.29680096698747827,4.146527777777777,81062.0,81408.98,11.734785605030682,0.004271292356620453,0,2026-05-11,False,0.36,1778159700,-0.36,-0.41012270006134727
ETH,ethereum-above-2300-on-may-13,2300.0,1778688060,1778159700,0.45255948215795866,6.115277777777778,2324.07,2243.79,6.735786214682952,-0.03515355862438226,0,2026-05-13,False,0.56,1778161500,-0.56,-0.32321314442083704
BTC,bitcoin-above-78k-on-may-8,78000.0,1778256060,1778185800,0.29958568555230786,0.8131944444444444,80178.25,80179.45,4.291011152134542,1.4966540428392133e-05,1,2026-05-08,False,0.95,1778186700,0.050000000000000044,0.04993577840811294
BTC,bitcoin-above-78k-on-may-12,78000.0,1778601660,1778194800,0.3284687022075341,4.709027777777778,79919.01,80300.24,8.75275159434488,0.0047588628640932535,1,2026-05-12,False,0.74,1778202900,0.26,0.21834685547903915
BTC,bitcoin-above-80k-on-may-9,80000.0,1778342460,1778202900,0.2950643183248186,1.6152777777777778,79702.51,80530.0,19.923412448600992,0.010328707408059747,1,2026-05-09,False,0.41000000000000003,1778206500,0.59,0.3842169022483051
BTC,bitcoin-above-80k-on-may-14,80000.0,1778774460,1778205600,0.34354800226116194,6.584027777777778,79740.01,81481.02,8.608352878835156,0.021598642328900533,1,2026-05-14,False,0.46,1778211900,0.54,0.35407126512907827
BTC,bitcoin-above-82k-on-may-13,82000.0,1778688060,1778211900,0.3403561492617239,5.511111111111111,79646.13,79020.4,7.375088683554153,-0.007887400624971338,0,2026-05-13,False,0.22,1778212800,-0.22,-0.16182972090811593
BTC,bitcoin-above-78k-on-may-10,78000.0,1778428860,1778212800,0.2950258209015025,2.5006944444444446,79578.85,81444.05,11.78293928365609,0.023167927400883585,1,2026-05-10,False,0.81,1778224500,0.18999999999999995,-0.08298628189276358
ETH,ethereum-above-2300-on-may-10,2300.0,1778428860,1778233500,0.3602481335208713,2.261111111111111,2285.7,2349.75,13.689565526612526,0.027636616353337234,1,2026-05-10,False,0.38,1778246100,0.62,0.24166672949713863
BTC,bitcoin-above-80k-on-may-11,80000.0,1778515260,1778238900,0.2775799358336944,3.198611111111111,80227.97,81408.98,15.281462197009134,0.014613379144632104,1,2026-05-11,False,0.55,1778245200,0.44999999999999996,0.22668619903074277
BTC,bitcoin-above-80k-on-may-8,80000.0,1778256060,1778243400,0.32040672996963215,0.14652777777777778,80318.38,80179.45,51.42026001672731,-0.0017312387924490642,1,2026-05-08,False,0.65,1778244300,0.35,0.43902074885877584
ETH,ethereum-above-2300-on-may-8,2300.0,1778256060,1778250600,0.4320600371634494,0.06319444444444444,2281.48,2293.98,25.425136401180836,0.005463945089073418,0,2026-05-08,False,0.04,1778253300,-0.04,-0.17892154917825384
BTC,bitcoin-above-80k-on-may-10,80000.0,1778428860,1778250600,0.2556844529566498,2.0631944444444446,80072.76,81444.05,20.738331283850336,0.01698056009883744,1,2026-05-10,False,0.45,1778254200,0.55,0.1978515192849788
SOL,solana-above-100-on-may-14,100.0,1778774460,1778268600,0.4431780850841952,5.854861111111111,92.75,93.28,2.7847530189520744,0.005698021114637796,0,2026-05-14,False,0.046,1778269500,-0.046,-0.06186758150104027
BTC,bitcoin-above-80k-on-may-9,80000.0,1778342460,1778295600,0.16406787372291617,0.5423611111111111,80417.87,80530.0,45.04719056850075,0.0013933706378534817,1,2026-05-09,False,0.79,1778298300,0.20999999999999996,0.1472325673440607
BTC,bitcoin-above-82k-on-may-10,82000.0,1778428860,1778361300,0.3104364001712746,0.7819444444444444,80856.19,81444.05,17.0960394082804,0.007244136802063826,0,2026-05-10,False,0.091,1778362200,-0.091,-0.21484604824705753
ETH,ethereum-above-2400-on-may-10,2400.0,1778428860,1778363100,0.5662548692575707,0.7611111111111111,2329.88,2349.75,7.875809615547719,0.008492175412868378,0,2026-05-10,False,0.046,1778364900,-0.046,-0.11288275677358668
ETH,ethereum-above-2300-on-may-11,2300.0,1778515260,1778445900,0.5033325024474581,0.8027777777777778,2335.31,2331.45,13.826808945940515,-0.0016542530064790183,1,2026-05-11,False,0.73,1778447700,0.27,0.2928730402688331
BTC,bitcoin-above-80k-on-may-13,80000.0,1778688060,1778446800,0.34465555912585183,2.792361111111111,80734.88,79020.4,12.695278671139768,-0.021464653008216778,0,2026-05-13,False,0.63,1778447700,-0.63,-0.35750024848136946
BTC,bitcoin-above-80k-on-may-12,80000.0,1778601660,1778446800,0.33395444429900095,1.792361111111111,80734.88,80300.24,15.86569722325669,-0.005398090247987775,1,2026-05-12,False,0.66,1778447700,0.33999999999999997,0.42564446545838863
BTC,bitcoin-above-82k-on-may-14,82000.0,1778774460,1778452200,0.3455245046092372,3.729861111111111,81503.71,81481.02,11.21469015758949,-0.00027843099346283107,0,2026-05-14,False,0.43,1778461200,-0.43,-0.42687748267804454
BTC,bitcoin-above-84k-on-may-14,84000.0,1778774460,1778454900,0.3447619621790659,3.698611111111111,82400.0,81481.02,9.763314292917638,-0.011215327225749857,0,2026-05-14,False,0.28,1778457600,-0.28,-0.1705012353970881
ETH,ethereum-above-2300-on-may-14,2300.0,1778774460,1778458500,0.4853861250017985,3.656944444444444,2363.12,2300.88,7.1241260656731535,-0.026691121363738274,1,2026-05-14,False,0.6900000000000001,1778467500,0.30999999999999994,0.5001509134294533
BTC,bitcoin-above-82k-on-may-12,82000.0,1778601660,1778458500,0.3314548112966561,1.6569444444444443,81877.72,80300.24,17.809732711180608,-0.0194543050373647,0,2026-05-12,False,0.45,1778459400,-0.45,-0.10352402720276022
BTC,bitcoin-above-82k-on-may-11,82000.0,1778515260,1778458500,0.3042651807824734,0.6569444444444444,81877.72,81408.98,30.676407570185315,-0.005741328443568828,0,2026-05-11,False,0.41000000000000003,1778459400,-0.41000000000000003,-0.23387666867078497
ETH,ethereum-above-2400-on-may-13,2400.0,1778688060,1778458500,0.4678613745345276,2.6569444444444446,2363.12,2243.79,9.196381925194867,-0.051816379424854356,0,2026-05-13,False,0.31,1778465700,-0.31,0.16652321517176982
ETH,ethereum-above-2400-on-may-14,2400.0,1778774460,1778458500,0.4717872086019999,3.656944444444444,2363.12,2300.88,7.941745670295305,-0.026691121363738274,0,2026-05-14,False,0.33,1778466600,-0.33,-0.11802590247420508
ETH,ethereum-above-2400-on-may-12,2400.0,1778601660,1778458500,0.4704763855062753,1.6569444444444443,2363.12,2262.89,11.082107693501598,-0.04334002239088253,0,2026-05-12,False,0.25,1778461200,-0.25,0.23029879557453076
ETH,ethereum-above-2400-on-may-11,2400.0,1778515260,1778458500,0.45019889836375016,0.6569444444444444,2363.12,2331.45,14.919422959911927,-0.013492388203572512,0,2026-05-11,False,0.16,1778461200,-0.16,0.04129864634842456
ETH,ethereum-above-2300-on-may-13,2300.0,1778688060,1778515200,0.4124782854573554,2.000694444444444,2333.48,2243.79,11.763145946949226,-0.03919431516103569,0,2026-05-13,False,0.68,1778518800,-0.68,-0.2189515504700124
BTC,bitcoin-above-80k-on-may-12,80000.0,1778601660,1778539500,0.3388560395067345,0.7194444444444444,81788.21,80300.24,9.108661954943567,-0.018360491451062975,1,2026-05-12,False,0.91,1778545800,0.08999999999999997,0.2572395099543639
ETH,ethereum-above-2300-on-may-12,2300.0,1778601660,1778589000,0.43232419117675086,0.14652777777777778,2291.11,2262.89,41.594623688073234,-0.012393658858855083,0,2026-05-12,False,0.27,1778592600,-0.27,0.2455095763524323
BTC,bitcoin-above-80k-on-may-14,80000.0,1778774460,1778589000,0.36231996812703327,2.146527777777778,80820.38,81481.02,13.48936475250991,0.008140948243918348,1,2026-05-14,False,0.62,1778594400,0.38,0.2701837797064804
ETH,ethereum-above-2300-on-may-15,2300.0,1778860860,1778589000,0.4518897803696777,3.146527777777778,2291.11,2221.73,9.447603244070322,-0.030750244603400936,0,2026-05-15,False,0.42,1778594400,-0.42,-0.12948388932895338
ETH,ethereum-above-2300-on-may-14,2300.0,1778774460,1778589000,0.42981848143425366,2.146527777777778,2291.11,2300.88,11.995149236582323,0.004255242168289161,1,2026-05-14,False,0.41000000000000003,1778594400,0.59,0.5389577351535734
ETH,ethereum-above-2200-on-may-15,2200.0,1778860860,1778598900,0.45248082946054563,3.031944444444444,2272.4,2221.73,7.222248397175829,-0.022550370017811166,1,2026-05-15,False,0.78,1778599800,0.21999999999999997,0.38286437371685855
BTC,bitcoin-above-80k-on-may-13,80000.0,1778688060,1778669100,0.2993867735251818,0.21944444444444444,80854.56,79020.4,19.166227645218175,-0.022945938194718307,0,2026-05-13,False,0.895,1778670000,-0.895,-0.4552129250269224
BTC,bitcoin-above-80k-on-may-14,80000.0,1778774460,1778675400,0.350013051741379,1.1465277777777778,80349.31,81481.02,19.883545684515678,0.013986604973020457,1,2026-05-14,False,0.56,1778676300,0.43999999999999995,0.1618967010476735
ETH,ethereum-above-2300-on-may-15,2300.0,1778860860,1778675400,0.44828697247297117,2.146527777777778,2298.24,2221.73,11.595622428394291,-0.03385744093250264,0,2026-05-15,False,0.45,1778676300,-0.45,-0.05740189855503747
ETH,ethereum-above-2300-on-may-14,2300.0,1778774460,1778680800,0.4890483695832272,1.0840277777777778,2262.8,2300.88,12.31178501041699,0.016688673967850065,1,2026-05-14,False,0.22,1778686200,0.78,0.5745326339988873
ETH,ethereum-above-2200-on-may-15,2200.0,1778860860,1778696100,0.48871358972503504,1.9069444444444443,2262.2,2221.73,8.385909527387154,-0.01805161943212,1,2026-05-15,False,0.77,1778699700,0.22999999999999998,0.38137924738058215
SOL,solana-above-90-on-may-14,90.0,1778774460,1778697000,0.6491335694633603,0.8965277777777778,91.32,93.28,11.273736444157667,0.02123590094058748,1,2026-05-14,False,0.636,1778699700,0.364,0.12459204964157683
BTC,bitcoin-above-80k-on-may-15,80000.0,1778860860,1778721300,0.39283867240890463,1.6152777777777778,79620.69,79154.22,14.97847464715511,-0.005875882305471119,0,2026-05-15,False,0.42,1778722200,-0.42,-0.3319882458578335
ETH,ethereum-above-2200-on-may-14,2200.0,1778774460,1778758200,0.5082562772646537,0.18819444444444447,2257.0,2300.88,3.002664490728925,0.01925516061931517,1,2026-05-14,False,0.96,1778759100,0.040000000000000036,-0.017816787054899592
BTC,bitcoin-above-78k-on-may-14,78000.0,1778774460,1778759100,0.41434717141864574,0.17777777777777776,79285.0,81481.02,8.911442979041995,0.0273211540481453,1,2026-05-14,False,0.932,1778760000,0.06799999999999995,-0.17547090642166926
XRP,xrp-above-1pt6-on-may-15,1.6,1778860860,1778783400,0.6470365367399613,0.8965277777777778,1.5344,1.435,5.195241768256953,-0.06697457593545228,0,2026-05-15,False,0.065,1778787900,-0.065,0.2829491143111587
SOL,solana-above-90-on-may-15,90.0,1778860860,1778796900,1.2595980707294656,0.7402777777777778,92.85,89.01,6.139528762439935,-0.0422365648278745,0,2026-05-15,False,0.827,1778803200,-0.827,-0.5676873954126056
BTC,bitcoin-above-80k-on-may-15,80000.0,1778860860,1778815800,0.4143879905557233,0.5215277777777777,81265.01,79154.22,15.543989203006937,-0.026317441215907646,0,2026-05-15,False,0.85,1778816700,-0.85,-0.44092197788916176
BTC,bitcoin-above-82k-on-may-15,82000.0,1778860860,1778815800,0.35608682500894817,0.5215277777777777,81265.01,79154.22,23.590330172127114,-0.026317441215907646,0,2026-05-15,False,0.24000000000000002,1778816700,-0.24000000000000002,0.38083712756880783
ETH,ethereum-above-2200-on-may-15,2200.0,1778860860,1778817600,0.4494376499649735,0.5006944444444444,2273.34,2221.73,3.4992172505050942,-0.022963944051257297,1,2026-05-15,False,0.951,1778821200,0.049000000000000044,0.1293558291637934
BTC,bitcoin-above-78k-on-may-15,78000.0,1778860860,1778852700,0.4431537603499386,0.09444444444444444,79149.8,79154.22,6.855177366666357,5.584191735807874e-05,1,2026-05-15,False,0.93,1778853600,0.06999999999999995,0.0696171937520156
