asset,slug,K,T_pm,ts,sigma,tte_d,S_bin,S_T,delta,ret_T,label,event,is_test,entry,entry_ts,ev_raw,ev_hedged,pnl_static,pnl_daily,pnl_daily_cap2,pnl_move2
BTC,bitcoin-above-84k-on-may-17,84000.0,1779033660,1778617800,0.359881571219304,4.813194444444444,80809.99,78075.02,6.103783956527974,-0.0344304371652332,0,2026-05-17,True,0.14,1778621400,-0.14,0.0701559499853954,0.06594151443248318,0.05788067752904256,0.05788067752904256,0.0822338378365396
ETH,ethereum-above-2400-on-may-16,2400.0,1778947260,1778643900,0.4336057235118897,3.511111111111111,2302.27,2179.01,5.696444302495591,-0.0550249475223961,0,2026-05-16,True,0.15,1778644800,-0.15,0.1634465488090725,0.1610438072298784,0.008768497529659323,0.008768497529659323,0.0914023232579814
SOL,solana-above-100-on-may-17,100.0,1779033660,1778672700,0.6142367184899746,4.177777777777778,94.62,86.46,4.142138444036792,-0.0901869909635163,0,2026-05-17,True,0.15,1778676300,-0.15,0.2235670024219799,0.22545964752652967,0.06622876181746212,0.06622876181746212,0.09764061562679605
SOL,solana-above-100-on-may-18,100.0,1779120060,1778672700,0.6177757670688178,5.177777777777778,94.62,84.12,3.9736413587521393,-0.1176245193685029,0,2026-05-18,True,0.17,1778676300,-0.17,0.2973976549660254,0.2992650363045836,0.05721762600570477,0.05721762600570477,0.09269872698888945
BTC,bitcoin-above-80k-on-may-16,80000.0,1778947260,1778675400,0.3443786018768145,3.146527777777778,80349.31,78213.57,12.386921784793843,-0.0269403428081122,0,2026-05-16,True,0.53,1778677200,-0.53,-0.1962920807803805,-0.2045712941020824,0.07238055212782919,0.07238055212782919,-0.2421191776236033
ETH,ethereum-above-2300-on-may-19,2300.0,1779206460,1778680800,0.4490447266803464,6.084027777777777,2262.8,2110.45,6.557974954104009,-0.0697017895955524,0,2026-05-19,True,0.35,1778688000,-0.35,0.10710259042386,0.10353031620615154,-0.03774765585724581,-0.03774765585724581,0.035460822258444595
ETH,ethereum-above-2200-on-may-17,2200.0,1779033660,1778694300,0.44287074936816,3.927777777777778,2257.35,2186.91,7.517007789530274,-0.0317019703342216,0,2026-05-17,True,0.71,1778699700,-0.71,-0.4716960420541983,-0.47619458255299685,-0.46158649988753025,-0.4466499200677968,-0.44666246242971835
BTC,bitcoin-above-80k-on-may-18,80000.0,1779120060,1778698800,0.3571196815490041,4.875694444444444,79598.15,76324.55,9.567668963533167,-0.0419962086108222,0,2026-05-18,True,0.45,1778700600,-0.45,-0.0481941782881719,-0.05542809800670603,0.03067742404887074,0.03067742404887074,-0.0328907268920973
BTC,bitcoin-above-82k-on-may-19,82000.0,1779206460,1778698800,0.355820097893631,5.875694444444444,79598.15,76528.0,7.007604373564543,-0.039334164436285,0,2026-05-19,True,0.23,1778711400,-0.23,0.0456382627342177,0.04033961659351166,0.03849160105324054,0.03849160105324054,0.0455554181685785
BTC,bitcoin-above-78k-on-may-18,78000.0,1779120060,1778700600,0.3733860187220354,4.854861111111111,79495.94,76324.55,8.483488899024584,-0.0407113084104173,0,2026-05-18,True,0.68,1778707800,-0.68,-0.3346260670354583,-0.3410404085229812,-0.078372847410588,-0.15824313120272057,-0.21069145665386263
BTC,bitcoin-above-80k-on-may-19,80000.0,1779206460,1778700600,0.3623368343392616,5.854861111111111,79495.94,76528.0,8.58182139658323,-0.0380492642358801,0,2026-05-19,True,0.44,1778708700,-0.44,-0.1134680100562745,-0.11995711578639846,-0.0459430022848044,-0.0459430022848044,-0.07294617570001431
BTC,bitcoin-above-80k-on-may-17,80000.0,1779033660,1778702400,0.3549368160562487,3.8340277777777776,79642.41,78075.02,10.857752308487775,-0.0198765805803698,0,2026-05-17,True,0.45,1778706900,-0.45,-0.2341850113186457,-0.24221965917302804,-0.14035253572814038,-0.14035253572814038,-0.1694847049957777
BTC,bitcoin-above-82k-on-may-17,82000.0,1779033660,1778734800,0.3395269358141455,3.459027777777778,79451.63,78075.02,7.527930900173733,-0.0174782494870481,0,2026-05-17,True,0.16,1778735700,-0.16,-0.0284249456055043,-0.03403175998668063,0.01700242487358026,0.01700242487358026,0.06302011188886743
ETH,ethereum-above-2200-on-may-19,2200.0,1779206460,1778744700,0.4585942220402096,5.344444444444444,2269.6,2110.45,6.235424959067176,-0.0727024096211931,0,2026-05-19,True,0.71,1778751900,-0.71,-0.2566695804636867,-0.2607083370830529,-0.0339691898164656,-0.0339691898164656,-0.12497847155400663
ETH,ethereum-above-2300-on-may-17,2300.0,1779033660,1778744700,0.4104981286437638,3.344444444444444,2269.6,2186.91,9.521650766771929,-0.0371140159280258,0,2026-05-17,True,0.35,1778750100,-0.35,0.003386698219073,-0.0028621472089479533,0.048173995465245256,0.048173995465245256,0.058875617111876076
XRP,xrp-above-1pt5-on-may-19,1.5,1779206460,1778764500,0.4981479132879314,5.115277777777778,1.4569,1.367,5.897557514877438,-0.0636923329360007,0,2026-05-19,True,0.28,1778767200,-0.28,0.0956291967467867,0.09133313644702878,-0.04995756054402955,-0.04995756054402955,0.0177858911663595
XRP,xrp-above-1pt5-on-may-18,1.5,1779120060,1778764500,0.4981479132879314,4.115277777777778,1.4569,1.3756,6.383337862768254,-0.0574208911018391,0,2026-05-18,True,0.26,1778766300,-0.26,0.1065369482842625,0.10230776174412842,-0.03389013301887393,-0.03389013301887393,0.04098104119377642
XRP,xrp-above-1pt4-on-may-16,1.4,1778947260,1778764500,0.5088826332037137,2.1152777777777776,1.4569,1.4142,6.18986562848245,-0.0297468904898099,1,2026-05-16,True,0.8200000000000001,1778766300,0.1799999999999999,0.3641292549971059,0.36012727014328955,0.36438583632669835,0.3620045129287687,0.06484856147083337
BTC,bitcoin-above-84k-on-may-21,84000.0,1779379260,1778781600,0.3534387699344096,6.91736111111111,81668.48,77313.81,6.836827546447666,-0.0547955314827011,0,2026-05-21,True,0.26,1778790600,-0.26,0.1146275990631714,0.11027446499587153,0.019068513584954584,0.019068513584954584,0.013241327164325249
XRP,xrp-above-1pt6-on-may-16,1.6,1778947260,1778785200,0.5916894899482842,1.8756944444444448,1.5362,1.4142,5.815601456144551,-0.0827478343944412,0,2026-05-16,True,0.104,1778786100,-0.104,0.3772284261971206,0.37347101485249984,0.36763635669704303,0.36763635669704303,0.20557655685383017
BTC,bitcoin-above-82k-on-may-19,82000.0,1779206460,1778786100,0.3431366693726281,4.865277777777778,81546.0,76528.0,9.942141592152506,-0.0635105912633241,0,2026-05-19,True,0.44,1778787000,-0.44,0.191431290941293,0.1839805729651281,-0.017911129204695286,-0.017911129204695286,0.023349514262314137
XRP,xrp-above-1pt6-on-may-21,1.6,1779379260,1778786100,0.5314705783468933,6.865277777777778,1.5403,1.3639,4.683823676213418,-0.1216289596975825,0,2026-05-21,True,0.25,1778787000,-0.25,0.3196886011447446,0.3162456125278725,0.1540991715161249,0.1540991715161249,0.10564544058311799
BTC,bitcoin-above-80k-on-may-18,80000.0,1779120060,1778786100,0.3540874924938952,3.8652777777777776,81546.0,76324.55,9.627680520538965,-0.0661726354378614,0,2026-05-18,True,0.72,1778790600,-0.72,-0.0829110068021746,-0.09012559927361902,-0.025743901441825347,-0.025743901441825347,-0.07615736343066806
BTC,bitcoin-above-82k-on-may-16,82000.0,1778947260,1778787900,0.3640969411280022,1.8444444444444443,81446.27,78213.57,14.842844418110312,-0.0405003771246524,0,2026-05-16,True,0.37,1778789700,-0.37,0.2311407965360093,0.22071315682995973,0.060232286729521356,0.060232286729521356,0.08473974265022359
XRP,xrp-above-1pt6-on-may-17,1.6,1779033660,1778788800,0.547625837889283,2.834027777777778,1.517,1.4131,4.375791450235574,-0.0709488277598316,0,2026-05-17,True,0.0999999999999999,1778796000,-0.0999999999999999,0.2104572739157075,0.20763173192408277,0.19983857325643414,0.19983857325643414,0.11461326142580006
SOL,solana-above-90-on-may-18,90.0,1779120060,1778788800,0.7784277365796073,3.8340277777777776,92.9,84.12,4.69071225350438,-0.0992792949852938,0,2026-05-18,True,0.72,1778789700,-0.72,-0.2543093944932063,-0.2533607846228903,-0.20688450251892992,-0.20688450251892992,-0.20688450251892992
SOL,solana-above-90-on-may-19,90.0,1779206460,1778788800,0.7052216222145387,4.834027777777778,92.9,84.34,4.623249712529635,-0.096667397501379,0,2026-05-19,True,0.7,1778789700,-0.7,-0.2530824822907615,-0.25207899366835684,-0.22760054092625875,-0.22760054092625875,-0.20406685762198126
XRP,xrp-above-1pt6-on-may-19,1.6,1779206460,1778788800,0.5161847431511729,4.834027777777778,1.517,1.367,4.372455227959518,-0.1041161426245826,0,2026-05-19,True,0.142,1778796900,-0.142,0.313243172133835,0.3100612098558514,0.16073237858043665,0.16073237858043665,0.09923380620395258
SOL,solana-above-90-on-may-17,90.0,1779033660,1778788800,0.8895715250453515,2.834027777777778,92.9,86.46,4.760814705295552,-0.0718417665803072,0,2026-05-17,True,0.75,1778789700,-0.75,-0.4079746612100626,-0.40707384811266023,-0.3753125038908753,-0.3753125038908753,-0.3753125038908753
BTC,bitcoin-above-80k-on-may-16,80000.0,1778947260,1778804100,0.3567125659438049,1.6569444444444443,81480.29,78213.57,12.521744177637444,-0.0409179885993488,0,2026-05-16,True,0.76,1778805000,-0.76,-0.2476354144954679,-0.25640892865707426,-0.17204479650515703,-0.17204479650515703,-0.19520529275359014
ETH,ethereum-above-2300-on-may-16,2300.0,1778947260,1778808600,0.4087576218265837,1.604861111111111,2286.3,2179.01,14.321371519273969,-0.0480641451449632,0,2026-05-16,True,0.36,1778810400,-0.36,0.3283444793773261,0.31831600597163856,0.026452313719487936,0.026452313719487936,0.1566161766681268
SOL,solana-above-100-on-may-20,100.0,1779292860,1778811300,0.6779290365588225,5.573611111111111,91.91,85.98,2.74728419972388,-0.0666951263018825,0,2026-05-20,True,0.0999999999999999,1778916600,-0.0999999999999999,0.0832304666877506,0.08357681984823881,0.054014910146000204,0.054014910146000204,0.05389477202406629
BTC,bitcoin-above-84k-on-may-16,84000.0,1778947260,1778814000,0.3261156800460513,1.542361111111111,81299.14,78213.57,5.641434614801194,-0.0386922764834918,0,2026-05-16,True,0.041,1778814900,-0.041,0.1772799478794291,0.17332720728813727,0.10579339008073414,0.10579339008073414,0.10813627743278081
BTC,bitcoin-above-82k-on-may-20,82000.0,1779292860,1778821200,0.3312996109766075,5.459027777777778,80724.71,77481.22,9.063281584729818,-0.0410091397806094,0,2026-05-20,True,0.35,1778823900,-0.35,0.0216773813792089,0.015233403318102738,-0.03035937405339312,-0.03035937405339312,-0.021665075095646916
BTC,bitcoin-above-82k-on-may-18,82000.0,1779120060,1778821200,0.3058449161291875,3.459027777777778,80724.71,76324.55,11.572912003168383,-0.0560500814310013,0,2026-05-18,True,0.3,1778823900,-0.3,0.3486626601714006,0.340037132579916,0.0026202828244606333,0.0026202828244606333,0.08149998876762996
BTC,bitcoin-above-80k-on-may-20,80000.0,1779292860,1778823000,0.3517649968521491,5.438194444444444,80792.1,77481.22,9.092477466801007,-0.0418436040560057,0,2026-05-20,True,0.6,1778823900,-0.6,-0.2195379729910246,-0.2260027092754944,-0.15383803579873903,-0.15383803579873903,-0.20119962891005938
BTC,bitcoin-above-82k-on-may-17,82000.0,1779033660,1778823000,0.3108237445705579,2.438194444444445,80792.1,78075.02,13.141654077197895,-0.0342090291367469,0,2026-05-17,True,0.25,1778823900,-0.25,0.1995632272319115,0.1899803640565914,0.05704386957675794,0.05704386957675794,0.07732289449292576
BTC,bitcoin-above-78k-on-may-20,78000.0,1779292860,1778839200,0.3533220158088569,5.250694444444445,80489.8,77481.22,7.263047415192848,-0.0380948839080417,0,2026-05-20,True,0.78,1778850900,-0.78,-0.5033150518996261,-0.5084790664745644,-0.5229324415572144,-0.5042461884260305,-0.48290329927126313
BTC,bitcoin-above-78k-on-may-21,78000.0,1779379260,1778840100,0.3615064689791638,6.240277777777778,80589.12,77313.81,6.755744498599036,-0.0414910585788435,0,2026-05-21,True,0.76,1778852700,-0.76,-0.4796970092649275,-0.4839181757093905,-0.37652719748093955,-0.4767849195443733,-0.457878808147083
ETH,ethereum-above-2300-on-may-19,2300.0,1779206460,1778840100,0.3439096529663032,4.240277777777778,2258.58,2110.45,9.455872175871583,-0.0678351023339683,0,2026-05-19,True,0.29,1778847300,-0.29,0.3514400567071731,0.3448856609656053,0.17153226545887892,0.17153226545887892,0.08690510927468464
BTC,bitcoin-above-78k-on-may-19,78000.0,1779206460,1778841900,0.3441696032087009,4.219444444444444,80539.4,76528.0,7.529583031035845,-0.0510898187431901,0,2026-05-19,True,0.83,1778849100,-0.83,-0.4453149677325786,-0.4509272840923151,-0.3581097983075191,-0.3581097983075191,-0.338609717690718
ETH,ethereum-above-2300-on-may-18,2300.0,1779120060,1778848200,0.3184806486967748,3.146527777777778,2258.93,2105.1,11.103888937813725,-0.0705282778990772,0,2026-05-18,True,0.24,1778850900,-0.24,0.5431381647666157,0.5353342472016844,0.16457860573615665,0.16457860573615665,0.14783252365135532
ETH,ethereum-above-2300-on-may-20,2300.0,1779292860,1778848200,0.3766519975891006,5.146527777777778,2258.93,2138.59,8.148844602966395,-0.0547445164700389,0,2026-05-20,True,0.31,1778850900,-0.31,0.1361045575788821,0.130456729263107,0.07448582946015558,0.07448582946015558,0.03573486328639731
ETH,ethereum-above-2300-on-may-17,2300.0,1779033660,1778848200,0.3023296094158768,2.146527777777778,2258.93,2186.91,12.607223550766308,-0.0324016612588141,0,2026-05-17,True,0.17,1778850000,-0.17,0.2384949869060743,0.22964821915366945,0.2882893538407578,0.2882893538407578,0.18690250478043532
BTC,bitcoin-above-78k-on-may-18,78000.0,1779120060,1778850900,0.3302036198096424,3.115277777777778,80134.22,76324.55,8.95998416227884,-0.0487083360601704,0,2026-05-18,True,0.8200000000000001,1778851800,-0.8200000000000001,-0.3835740803299178,-0.390252139455389,0.06677035840630383,-0.2025665353096853,-0.2928768092821789
ETH,ethereum-above-2200-on-may-18,2200.0,1779120060,1778851800,0.3555588146770348,3.104861111111111,2247.47,2105.1,9.946724194157987,-0.0654421671657076,0,2026-05-18,True,0.75,1778852700,-0.75,-0.0990648125347238,-0.10605546275845837,-0.11636196315923719,-0.11636196315923719,0.029274293943063412
BTC,bitcoin-above-78k-on-may-17,78000.0,1779033660,1778852700,0.3164233302966296,2.094444444444445,79149.8,78075.02,13.914431987132737,-0.0136721001430168,1,2026-05-17,True,0.741,1778853600,0.259,0.4492395075612758,0.4390931365556322,0.46237923581456014,0.4143276752869635,0.4390931365556322
ETH,ethereum-above-2200-on-may-19,2200.0,1779206460,1778854500,0.3889868062373932,4.073611111111111,2220.89,2110.45,9.497462691355384,-0.0510068215544828,0,2026-05-19,True,0.58,1778855400,-0.58,-0.0955646152816775,-0.1021478376861718,-0.03821514210066596,-0.03821514210066596,-0.09882466657239965
BTC,bitcoin-above-80k-on-may-18,80000.0,1779120060,1778872500,0.2793616558312007,2.8652777777777776,79080.0,76324.55,14.366185576562216,-0.0354653555390123,0,2026-05-18,True,0.33,1778873400,-0.33,0.1795018792122102,0.16879649300565533,0.06865646087386083,0.06865646087386083,0.03999405786716373
BTC,bitcoin-above-80k-on-may-19,80000.0,1779206460,1778874300,0.2975651142214706,3.844444444444445,79125.62,76528.0,12.17584547910874,-0.0333800291987017,0,2026-05-19,True,0.36,1778877900,-0.36,0.04643007761153,0.03735629856417884,-0.03389113869375204,-0.03389113869375204,-0.017815386353804016
BTC,bitcoin-above-80k-on-may-17,80000.0,1779033660,1778913000,0.2550874581662359,1.3965277777777778,78824.77,78075.02,16.16531466521344,-0.009557128237803,0,2026-05-17,True,0.13,1778914800,-0.13,0.0244939852598833,0.012708554742586338,0.011661663281309484,0.011661663281309484,0.012708554742586338
ETH,ethereum-above-2100-on-may-17,2100.0,1779033660,1778915700,0.4253405938102501,1.3652777777777778,2191.79,2186.91,4.051948532237715,-0.0022289729921895,1,2026-05-17,True,0.952,1778923800,0.048,0.0570316838441001,0.054188653903712566,0.05770360076571025,0.05770360076571025,0.054188653903712566
BTC,bitcoin-above-80k-on-may-21,80000.0,1779379260,1778915700,0.3368027656981911,5.365277777777778,78259.33,77313.81,8.35593750639124,-0.0121554613103416,0,2026-05-21,True,0.28,1778927400,-0.28,-0.1784297249294287,-0.18364942783527682,-0.1881463246376648,-0.1881463246376648,-0.15815803767068895
ETH,ethereum-above-2100-on-may-19,2100.0,1779206460,1778917500,0.4340198326180616,3.344444444444444,2198.18,2110.45,5.364810480146527,-0.0407285503667632,1,2026-05-19,True,0.87,1778918400,0.13,0.3485009538487871,0.3447835936035447,0.36256944227281507,0.37487717087489997,0.36417364263648955
BTC,bitcoin-above-80k-on-may-20,80000.0,1779292860,1778921100,0.3387951669878237,4.302777777777777,78467.0,77481.22,9.351722617533037,-0.0126425698236081,0,2026-05-20,True,0.29,1778922900,-0.29,-0.1717701938368231,-0.17841615830343505,-0.1543001743421097,-0.1543001743421097,-0.15125959241107748
BTC,bitcoin-above-76k-on-may-20,76000.0,1779292860,1778922900,0.3766381887431271,4.281944444444445,78263.4,77481.22,7.6597935549226355,-0.010044476351933,1,2026-05-20,True,0.79,1778923800,0.2099999999999999,0.2869386152231095,0.28149547445476475,0.23599466505134373,0.2395507968143466,0.2256144582189093
ETH,ethereum-above-2100-on-may-18,2100.0,1779120060,1778924700,0.4336776113133859,2.261111111111111,2175.44,2105.1,6.969016185586224,-0.0328679709873533,1,2026-05-18,True,0.865,1778925600,0.135,0.3640574217982439,0.359161885426188,0.398316316164944,0.34119998668945084,0.40220166575789534
BTC,bitcoin-above-78k-on-may-20,78000.0,1779292860,1778925600,0.3715842812471961,4.250694444444444,78083.48,77481.22,9.948547712858137,-0.0077429263699741,0,2026-05-20,True,0.52,1778926500,-0.52,-0.4429691275711643,-0.45003830824573776,-0.4833770673516665,-0.4732792114464901,-0.46698751616284845
ETH,ethereum-above-2100-on-may-20,2100.0,1779292860,1778925600,0.4960492572166967,4.250694444444444,2173.57,2138.59,6.16277624289734,-0.0162242436740126,1,2026-05-20,True,0.77,1778926500,0.2299999999999999,0.3299863834731827,0.3257171788418354,0.20512675843607364,0.24537413456042595,0.3027284926586006
ETH,ethereum-above-2200-on-may-17,2200.0,1779033660,1778941800,0.3752095664897326,1.0631944444444446,2176.71,2186.91,17.067269922196378,0.0046750260460266,0,2026-05-17,True,0.29,1778948100,-0.29,-0.3697899314208349,-0.381760546395446,-0.39214066794843766,-0.38886966411603224,-0.381760546395446
ETH,ethereum-above-2200-on-may-20,2200.0,1779292860,1778944500,0.4450291152060789,4.031944444444444,2179.08,2138.59,8.311055905998147,-0.0187560360043149,0,2026-05-20,True,0.42,1778948100,-0.42,-0.2641175361932245,-0.2698749339518778,-0.12448818201556679,-0.12448818201556679,-0.25417586216301724
SOL,solana-above-90-on-may-21,90.0,1779379260,1778954400,0.5232290046263853,4.917361111111111,86.81,86.54,5.404892975961544,-0.0031150876069778,0,2026-05-21,True,0.26,1779084900,-0.26,-0.2431632848735408,-0.24593276271837536,-0.2188892548604747,-0.2188892548604747,-0.21159286437161404
SOL,solana-above-90-on-may-20,90.0,1779292860,1778957100,0.5822446452650142,3.886111111111111,86.81,85.98,5.442649420780092,-0.009607111335581,0,2026-05-20,True,0.23,1779084900,-0.23,-0.1777118610540298,-0.1809842837912022,-0.15203475461483917,-0.15203475461483917,-0.15200034548718205
SOL,solana-above-90-on-may-18,90.0,1779120060,1778960700,0.5824715992325813,1.8444444444444443,86.8,84.12,6.454892702511181,-0.0313622708318053,0,2026-05-18,True,0.12,1779084900,-0.12,0.0824400931263999,0.07836640492204609,0.036406676605576754,0.036406676605576754,0.036406676605576754
ETH,ethereum-above-2200-on-may-19,2200.0,1779206460,1778967900,0.4134395213522532,2.761111111111111,2182.68,2110.45,10.785120169238509,-0.0336522846663008,0,2026-05-19,True,0.42,1778971500,-0.42,-0.057056065904523,-0.06451559599520518,-0.05368258760273674,-0.05368258760273674,-0.08619556202683143
ETH,ethereum-above-2200-on-may-21,2200.0,1779379260,1778977800,0.4489835258375731,4.646527777777778,2183.76,2135.45,7.760120538875288,-0.0223707644295696,0,2026-05-21,True,0.44,1778979600,-0.44,-0.2664001714797558,-0.27100435537763296,-0.20065976515111533,-0.20065976515111533,-0.2598715082537918
ETH,ethereum-above-2100-on-may-19,2100.0,1779206460,1779004800,0.5030446504381411,2.3340277777777776,2186.64,2110.45,6.105938793375104,-0.0354649242002643,1,2026-05-19,True,0.871,1779005700,0.129,0.3455466564785015,0.3413249189263447,0.35048654195893597,0.35048654195893597,0.3575173150303863
BTC,bitcoin-above-78k-on-may-21,78000.0,1779379260,1779014700,0.3834380786786815,4.219444444444444,78480.99,77313.81,9.597271485098547,-0.0149838356274005,0,2026-05-21,True,0.58,1779016500,-0.58,-0.4361960615957447,-0.44196420444182044,-0.44114743641077503,-0.4449127186786994,-0.4413268574769698
ETH,ethereum-above-2100-on-may-21,2100.0,1779379260,1779021900,0.4978055894606904,4.136111111111111,2197.12,2135.45,5.349477107516004,-0.0284700145422969,1,2026-05-21,True,0.8200000000000001,1779027300,0.1799999999999999,0.3322996910446653,0.3291249586591172,0.15775631736735868,0.3104826457246836,0.31157979634704963
ETH,ethereum-above-2100-on-may-20,2100.0,1779292860,1779021900,0.5204116617181241,3.13611111111111,2197.12,2138.59,5.450909453927442,-0.0270006784738815,1,2026-05-20,True,0.85,1779027300,0.15,0.2971782535557359,0.2934098099402721,0.253911242511664,0.282020072968372,0.2640635185532576
BTC,bitcoin-above-78k-on-may-20,78000.0,1779292860,1779026400,0.3721723061732664,3.0840277777777776,78202.91,77481.22,11.641302193601671,-0.0092712747213249,0,2026-05-20,True,0.53,1779027300,-0.53,-0.4220702892491557,-0.4300141923488125,-0.4335750364243128,-0.4335750364243128,-0.43151978849526584
ETH,ethereum-above-2200-on-may-18,2200.0,1779120060,1779027300,0.391048269454424,1.073611111111111,2187.77,2105.1,18.12028781391913,-0.0385197882601659,0,2026-05-18,True,0.38,1779037200,-0.38,0.3179896498054311,0.30528574660454305,0.1395713613339594,0.1395713613339594,0.21304025397506576
BTC,bitcoin-above-78k-on-may-18,78000.0,1779120060,1779027300,0.3859788126569137,1.073611111111111,78072.81,76324.55,19.04657835736401,-0.0226472100603619,0,2026-05-18,True,0.5,1779038100,-0.5,-0.0686481390096341,-0.0822988407468487,-0.17137197402358897,-0.17137197402358897,-0.12218220218211032
ETH,ethereum-above-2200-on-may-17,2200.0,1779033660,1779030000,0.4161187950128293,0.0423611111111111,2186.64,2186.91,35.2462225603652,0.0001234694929029,0,2026-05-17,True,0.04,1779031800,-0.04,-0.0443518332262717,-0.06902418901851946,-0.06902418901851946,-0.06902418901851946,-0.06902418901851946
ETH,ethereum-above-2200-on-may-20,2200.0,1779292860,1779030900,0.4341373519541371,3.031944444444444,2187.01,2138.59,9.938790477188698,-0.0223885807846315,0,2026-05-20,True,0.44,1779038100,-0.44,-0.2174845864999344,-0.22435588057398517,-0.1142864430603197,-0.1142864430603197,-0.19525910179807449
BTC,bitcoin-above-76k-on-may-20,76000.0,1779292860,1779030900,0.4114831689125252,3.031944444444444,78089.47,77481.22,8.300179380687872,-0.0078196361971618,1,2026-05-20,True,0.78,1779031800,0.2199999999999999,0.2849043831281631,0.27924191216679733,0.17842996299763114,0.19101103490795815,0.21211215717917775
BTC,bitcoin-above-80k-on-may-20,80000.0,1779292860,1779033600,0.3611225229346338,3.000694444444444,78051.41,77481.22,9.061909089939808,-0.007332127727198,0,2026-05-20,True,0.23,1779034500,-0.23,-0.1635569251003041,-0.1697353510793661,-0.06642059969009616,-0.06642059969009616,-0.09515359913732735
BTC,bitcoin-above-76k-on-may-21,76000.0,1779379260,1779033600,0.4133673676803207,4.000694444444445,78051.41,77313.81,7.728348806283814,-0.009495117911952,1,2026-05-21,True,0.76,1779038100,0.24,0.3133815831803584,0.30877834895828793,0.24716447524113933,0.24716447524113933,0.20040393093998968
ETH,ethereum-above-2200-on-may-19,2200.0,1779206460,1779055200,0.4476236863922564,1.7506944444444443,2191.81,2110.45,12.750674027150591,-0.0378264916055139,0,2026-05-19,True,0.45,1779056100,-0.45,0.0323132640526567,0.023496777716941458,-0.04232830949153127,-0.04232830949153127,-0.008039603527779942
ETH,ethereum-above-2100-on-may-18,2100.0,1779120060,1779061500,0.6598533086850078,0.6777777777777778,2121.04,2105.1,13.25849110941114,-0.0075435624892605,1,2026-05-18,True,0.616,1779064200,0.384,0.4840162561971483,0.47472975912779636,0.47472975912779636,0.47472975912779636,0.47472975912779636
XRP,xrp-above-1pt4-on-may-21,1.4,1779379260,1779081300,0.5445554440727955,3.44861111111111,1.3949,1.3639,7.502663097559016,-0.0224744851653601,0,2026-05-21,True,0.44,1779083100,-0.44,-0.2713815095132148,-0.2771843978050109,-0.2633938348158352,-0.2633938348158352,-0.2752920056395449
XRP,xrp-above-1pt4-on-may-19,1.4,1779206460,1779081300,0.5445554440727955,1.448611111111111,1.3949,1.367,11.540501811527658,-0.0202041703742399,0,2026-05-19,True,0.42,1779082200,-0.42,-0.1868337351956704,-0.19567717391259726,-0.14246416410294832,-0.14246416410294832,-0.19736548967986117
XRP,xrp-above-1pt4-on-may-20,1.4,1779292860,1779081300,0.5445554440727955,2.448611111111111,1.3949,1.3755,8.896110844245783,-0.0140054267335603,0,2026-05-20,True,0.44,1779083100,-0.44,-0.3154061713572836,-0.32228963268183125,-0.3142339892417936,-0.3142339892417936,-0.3295430924242096
ETH,ethereum-above-2100-on-may-19,2100.0,1779206460,1779092100,0.5421220368911318,1.323611111111111,2121.15,2110.45,11.714851475591182,-0.0050571995484468,1,2026-05-19,True,0.632,1779095700,0.368,0.4272443415924817,0.41915801081263643,0.4387036855924791,0.4387036855924791,0.41915801081263643
BTC,bitcoin-above-76k-on-may-19,76000.0,1779206460,1779096600,0.3881150201569946,1.2715277777777778,76969.79,76528.0,15.03585761753423,-0.0057563202688477,1,2026-05-19,True,0.726,1779099300,0.274,0.3605512119633215,0.3500253839574458,0.3716026822624385,0.3716026822624385,0.3500253839574458
SOL,solana-above-80-on-may-18,80.0,1779120060,1779098400,0.7441473399935338,0.2506944444444444,84.49,84.12,0.417074244742529,-0.0043888333302542,1,2026-05-18,True,0.971,1779099300,0.029,0.0308304693465166,0.030538519896741667,0.030538519896741667,0.030538519896741667,0.030538519896741667
BTC,bitcoin-above-76k-on-may-18,76000.0,1779120060,1779102900,0.3924889857706317,0.1986111111111111,76759.53,76324.55,24.277925971120062,-0.0056829053766306,1,2026-05-18,True,0.845,1779115500,0.155,0.2929691560347194,0.27597460785492456,0.27597460785492456,0.27597460785492456,0.27597460785492456
BTC,bitcoin-above-78k-on-may-21,78000.0,1779379260,1779106500,0.3772327243133076,3.156944444444444,77425.79,77313.81,11.07924781888375,-0.0014473350008371,0,2026-05-21,True,0.42,1779111000,-0.42,-0.4039646168487805,-0.41038510550058044,-0.4080667615000026,-0.4080667615000026,-0.41038510550058044
SOL,solana-above-90-on-may-20,90.0,1779292860,1779109200,0.5931097663213799,2.125694444444445,85.57,85.98,4.613810284481942,0.0047799566381722,0,2026-05-20,True,0.0999999999999999,1779113700,-0.0999999999999999,-0.1220538130965767,-0.1251469665906344,-0.0629321347148636,-0.0629321347148636,0.028685328048145275
SOL,solana-above-90-on-may-21,90.0,1779379260,1779109200,0.5934182256740095,3.125694444444445,85.57,86.54,4.641335115321892,0.0112719803667755,0,2026-05-21,True,0.14,1779111900,-0.14,-0.1923170382955342,-0.19501982850748645,-0.15091249300512058,-0.15091249300512058,-0.06360850719955113
ETH,ethereum-above-2100-on-may-21,2100.0,1779379260,1779115500,0.5130310461366634,3.0527777777777776,2113.71,2135.45,8.446595925755233,0.0102326999670199,1,2026-05-21,True,0.54,1779117300,0.4599999999999999,0.3735685181490936,0.36856547996388284,0.307168020561069,0.307168020561069,0.36856547996388284
ETH,ethereum-above-2100-on-may-20,2100.0,1779292860,1779115500,0.5142016288389811,2.0527777777777776,2113.71,2138.59,10.230591152009026,0.0117020360354354,1,2026-05-20,True,0.56,1779117300,0.4399999999999999,0.3202812536753831,0.31322019797553635,0.2661002143945951,0.2661002143945951,0.31322019797553635
BTC,bitcoin-above-78k-on-may-20,78000.0,1779292860,1779116400,0.364829034307336,2.042361111111111,76393.65,77481.22,10.816498860378138,0.0141360068788253,0,2026-05-20,True,0.24,1779117300,-0.24,-0.3929021022951114,-0.4001024066786304,-0.40996280229781945,-0.40996280229781945,-0.4001024066786304
BTC,bitcoin-above-76k-on-may-20,76000.0,1779292860,1779117300,0.3944796937587759,2.031944444444445,76282.01,77481.22,13.470837347179408,0.0155984537403291,1,2026-05-20,True,0.56,1779118200,0.4399999999999999,0.2298757667965243,0.2209085279096543,0.20419284064001303,0.20419284064001303,0.2209085279096543
BTC,bitcoin-above-76k-on-may-21,76000.0,1779379260,1779120000,0.3869149528335631,3.000694444444444,76409.46,77313.81,11.267721226636942,0.0117660837323479,1,2026-05-21,True,0.55,1779121800,0.4499999999999999,0.3174230485746356,0.31089333848511935,0.2929751039615681,0.2929751039615681,0.26737453119739557
ETH,ethereum-above-2200-on-may-21,2200.0,1779379260,1779147900,0.4407364960350833,2.677777777777778,2134.57,2135.45,7.558866397384993,0.0004121760612166,0,2026-05-21,True,0.2,1779148800,-0.2,-0.2031155837789371,-0.20760619093694618,-0.18485258193618698,-0.18485258193618698,-0.20760619093694618
ETH,ethereum-above-2200-on-may-20,2200.0,1779292860,1779150600,0.4168623862885832,1.6465277777777778,2139.73,2138.59,8.589442947233007,-0.0005329194763272,0,2026-05-20,True,0.15,1779152400,-0.15,-0.1454225185626174,-0.15136607800381358,-0.04250926228742896,-0.04250926228742896,-0.15136607800381358
XRP,xrp-above-1pt4-on-may-19,1.4,1779206460,1779169500,0.5418993993473482,0.4277777777777778,1.3856,1.367,18.31556877739585,-0.013514701084221,0,2026-05-19,True,0.25,1779178500,-0.25,-0.0024705627860023,-0.015479846184967585,-0.015479846184967585,-0.015479846184967585,-0.015479846184967585
ETH,ethereum-above-2000-on-may-22-2026,2000.0,1779465660,1779181200,0.511228460020837,3.29236111111111,2133.72,2119.7,3.489752856386611,-0.0065923660371655,1,2026-05-22,True,0.901,1779187500,0.0989999999999999,0.1220057282085444,0.12018615022420814,0.10104224172177056,0.10104224172177056,0.12018615022420814
ETH,ethereum-above-2100-on-may-22-2026,2100.0,1779465660,1779181200,0.4485939258978276,3.29236111111111,2133.72,2119.7,8.79942045811502,-0.0065923660371655,1,2026-05-22,True,0.65,1779183000,0.35,0.4080090005748169,0.4034209301871957,0.43387325932006965,0.4312793587195435,0.4034209301871957
BTC,bitcoin-above-76k-on-may-19,76000.0,1779206460,1779183900,0.3307227100406285,0.2611111111111111,76796.96,76528.0,22.617361015500933,-0.0035083690989113,1,2026-05-19,True,0.853,1779191100,0.147,0.2263500504857059,0.21051791638318124,0.21051791638318124,0.21051791638318124,0.21051791638318124
ETH,ethereum-above-2100-on-may-19,2100.0,1779206460,1779199200,0.4835576009944022,0.0840277777777777,2119.03,2110.45,25.649066161556696,-0.0040572419161522,1,2026-05-19,True,0.829,1779200100,0.171,0.2750644663408291,0.25711012002773964,0.25711012002773964,0.25711012002773964,0.25711012002773964
BTC,bitcoin-above-78k-on-may-20,78000.0,1779292860,1779203700,0.3752173168896232,1.0319444444444446,76590.89,77481.22,13.05122232564274,0.0115574442438406,0,2026-05-20,True,0.15,1779205500,-0.15,-0.3008387743425846,-0.3095260441849937,-0.285106008506125,-0.285106008506125,-0.3095260441849937
ETH,ethereum-above-2100-on-may-20,2100.0,1779292860,1779219000,0.4168152442454851,0.8548611111111112,2112.52,2138.59,18.99230646190128,0.0122651857132567,1,2026-05-20,True,0.61,1779229800,0.39,0.157055834121694,0.1437545892216199,0.1437545892216199,0.1437545892216199,0.1437545892216199
ETH,ethereum-above-1700-on-may-26-2026,1700.0,1779811260,1779220800,0.6311708330543877,6.834027777777778,2113.15,2087.37,0.2155564658829317,-0.0122748248747387,1,2026-05-26,True,0.84,1779221700,0.16,0.1626459178693306,0.1625362256931781,0.1568017016237741,0.1568017016237741,0.15808755297727492
BTC,bitcoin-above-78k-on-may-23-2026,78000.0,1779552060,1779221700,0.3477645700131416,3.823611111111111,76949.16,75605.29,10.351106237730663,-0.0176186897635426,0,2026-05-23,True,0.34,1779228900,-0.34,-0.1576270704879525,-0.1635221385429379,0.01889807706734973,0.01889807706734973,-0.11935322718596696
BTC,bitcoin-above-80k-on-may-24-2026,80000.0,1779638460,1779221700,0.3424299997343503,4.823611111111111,76949.16,76388.0,6.10133319011706,-0.0073193282728015,0,2026-05-24,True,0.14,1779228900,-0.14,-0.095342339479794,-0.09893428529301487,-0.03146752772509054,-0.03146752772509054,-0.005874130441105446
BTC,bitcoin-above-78k-on-may-25-2026,78000.0,1779724860,1779221700,0.3609285461883247,5.823611111111111,76949.16,77614.07,8.313036638619273,0.0086037811407184,0,2026-05-25,True,0.38,1779228900,-0.38,-0.4515235478534541,-0.4564114924315391,-0.4025697057370448,-0.4025697057370448,-0.4452491055497352
BTC,bitcoin-above-78k-on-may-24-2026,78000.0,1779638460,1779224400,0.3558759120559665,4.792361111111111,77022.23,76388.0,9.265589183835411,-0.0082684657130167,0,2026-05-24,True,0.37,1779228900,-0.37,-0.293387793522558,-0.2988425840148737,0.08122085722520614,0.03848281333374022,0.0024956506906939034
ETH,ethereum-above-2200-on-may-24-2026,2200.0,1779638460,1779228000,0.4274130099873671,4.750694444444445,2116.97,2096.1,5.877318037677391,-0.0099073458112474,0,2026-05-24,True,0.19,1779228900,-0.19,-0.1317713777580478,-0.1347849570951374,-0.004732196253838601,-0.004732196253838601,0.044980757775994556
ETH,ethereum-above-2100-on-may-25-2026,2100.0,1779724860,1779228000,0.4689677415571038,5.750694444444444,2116.97,2127.12,6.738349260462344,0.0047831310604899,1,2026-05-25,True,0.55,1779228900,0.4499999999999999,0.4177695923558528,0.4143350836053914,0.28573318345894017,0.2988500633837151,0.18902925234309856
ETH,ethereum-above-2100-on-may-21,2100.0,1779379260,1779228000,0.4136834340652438,1.7506944444444443,2116.97,2135.45,13.43846322718048,0.0086915762492134,1,2026-05-21,True,0.59,1779228900,0.41,0.2931985721887093,0.2851145084591285,0.27849987990583247,0.27849987990583247,0.2851145084591285
BTC,bitcoin-above-76k-on-may-20,76000.0,1779292860,1779228000,0.3301676212502355,0.7506944444444446,76982.34,77481.22,18.5618703246539,0.0064595395143448,1,2026-05-20,True,0.78,1779228900,0.2199999999999999,0.1000988651777538,0.087742331066246,0.087742331066246,0.087742331066246,0.087742331066246
ETH,ethereum-above-2200-on-may-25-2026,2200.0,1779724860,1779228000,0.4389120166749029,5.750694444444444,2116.97,2127.12,5.564306797836004,0.0047831310604899,0,2026-05-25,True,0.21,1779229800,-0.21,-0.2366148086748249,-0.23945091283753903,0.019308789301544255,0.019308789301544255,0.09262487474789323
ETH,ethereum-above-2100-on-may-24-2026,2100.0,1779638460,1779228000,0.4649742031851181,4.750694444444445,2116.97,2096.1,7.46182916440518,-0.0099073458112474,0,2026-05-24,True,0.55,1779229800,-0.55,-0.4760730780837863,-0.47989911132591984,-0.46609627860218045,-0.4383640625674986,-0.36629439287595644
ETH,ethereum-above-2200-on-may-23-2026,2200.0,1779552060,1779228000,0.4092443316291821,3.750694444444445,2116.97,2063.24,6.135153589463908,-0.025708258299118,0,2026-05-23,True,0.16,1779229800,-0.16,-0.0022758868173008,-0.0055085318991037295,-0.014991733767428989,-0.014991733767428989,-0.012472333868839674
ETH,ethereum-above-2100-on-may-23-2026,2100.0,1779552060,1779228900,0.4429412850420904,3.740277777777778,2109.6,2063.24,8.86937117074078,-0.0222207933004327,0,2026-05-23,True,0.54,1779229800,-0.54,-0.3429155365101517,-0.347588855388919,-0.1629428766182304,-0.18511275981497946,-0.07257609996416223
BTC,bitcoin-above-74k-on-may-22-2026,74000.0,1779465660,1779237900,0.3950522611207644,2.636111111111111,76720.7,76799.36,6.78489195918791,0.001024752164421,1,2026-05-22,True,0.86,1779238800,0.14,0.1330471672794594,0.12918187298783465,0.05871198636405264,0.05871198636405264,0.12918187298783465
XRP,xrp-above-1pt4-on-may-25-2026,1.4,1779724860,1779242400,0.4903181219550918,5.584027777777778,1.3551,1.3591,5.598779891044916,0.0029474636326334,0,2026-05-25,True,0.26,1779443100,-0.26,-0.2765022001159744,-0.28025050411424174,-0.27267511329865846,-0.27267511329865846,-0.28025050411424174
BTC,bitcoin-above-78k-on-may-22-2026,78000.0,1779465660,1779272100,0.3305121254676414,2.2402777777777776,77605.23,76799.36,15.074459939997151,-0.0104385150397492,0,2026-05-22,True,0.43,1779273900,-0.43,-0.2726450232002421,-0.28164919220657186,-0.2114147866908579,-0.2114147866908579,-0.28164919220657186
ETH,ethereum-above-2100-on-may-22-2026,2100.0,1779465660,1779272100,0.4476472495658129,2.2402777777777776,2132.49,2119.7,10.41408085291686,-0.0060157418043777,1,2026-05-22,True,0.67,1779277500,0.3299999999999999,0.3926484215410616,0.38714035576093236,0.4077718814762421,0.4077718814762421,0.38714035576093236
BTC,bitcoin-above-76k-on-may-22-2026,76000.0,1779465660,1779272100,0.3626642813157767,2.2402777777777776,77605.23,76799.36,10.823845373328592,-0.0104385150397492,1,2026-05-22,True,0.78,1779277500,0.2199999999999999,0.3329848727174109,0.3265196505185551,0.27642204108520957,0.27642204108520957,0.3265196505185551
BTC,bitcoin-above-76k-on-may-23-2026,76000.0,1779552060,1779280200,0.35030280686681,3.146527777777778,77501.54,75605.29,10.33514687757503,-0.0247715528471915,0,2026-05-23,True,0.74,1779284700,-0.74,-0.4839823629386631,-0.49018687566637564,-0.312929237342222,-0.312929237342222,-0.4290542303239511
BTC,bitcoin-above-80k-on-may-23-2026,80000.0,1779552060,1779282000,0.3027488568421473,3.125694444444445,77617.26,75605.29,7.833540099815688,-0.0262635708549018,0,2026-05-23,True,0.13,1779282900,-0.13,0.0757367354562239,0.07103388438972114,-0.07048926498372034,-0.07048926498372034,0.04942214060603922
BTC,bitcoin-above-76k-on-may-25-2026,76000.0,1779724860,1779283800,0.3550823644511401,5.104861111111111,77303.08,77614.07,8.825543045539643,0.00401492562642,1,2026-05-25,True,0.68,1779284700,0.3199999999999999,0.2845661010593898,0.27910462325141105,0.24664864068051673,0.24664864068051673,0.07458019329187876
BTC,bitcoin-above-80k-on-may-22-2026,80000.0,1779465660,1779308100,0.3295199304587777,1.823611111111111,77740.61,76799.36,7.923823551645007,-0.0121814652761031,0,2026-05-22,True,0.08,1779309000,-0.08,0.0165237814483323,0.011679470189071957,-0.03776747168310139,-0.03776747168310139,0.011679470189071957
ETH,ethereum-above-2200-on-may-24-2026,2200.0,1779638460,1779314400,0.3838079205208221,3.750694444444445,2130.62,2096.1,7.186933368394045,-0.0163345419336531,0,2026-05-24,True,0.18,1779315300,-0.18,-0.0626047355195966,-0.06629477004039079,0.043038428686609266,0.043038428686609266,0.07514966778993697
ETH,ethereum-above-2200-on-may-23-2026,2200.0,1779552060,1779314400,0.3980029863683614,2.750694444444445,2130.62,2063.24,7.3899906720836785,-0.0321354544215237,0,2026-05-23,True,0.15,1779315300,-0.15,0.0874807084182304,0.08358178967374448,0.03443587312642192,0.03443587312642192,0.004278799999803676
BTC,bitcoin-above-78k-on-may-23-2026,78000.0,1779552060,1779318000,0.3000436917562232,2.7090277777777776,77504.69,75605.29,14.923036542892383,-0.02481219637488,0,2026-05-23,True,0.41,1779318900,-0.41,-0.0397266867882428,-0.04906157600008049,0.08149395642448656,0.08149395642448656,-0.08702519333271182
BTC,bitcoin-above-80k-on-may-26-2026,80000.0,1779811260,1779332400,0.3210245796179998,5.542361111111111,77955.78,76478.64,8.035067385334143,-0.0191302566927601,0,2026-05-26,True,0.25,1779343200,-0.25,-0.0962870983749327,-0.10147883718112305,-0.03134418671328357,-0.03134418671328357,-0.029803441221472646
BTC,bitcoin-above-78k-on-may-24-2026,78000.0,1779638460,1779333300,0.3072627059466691,3.531944444444445,77959.68,76388.0,13.192111001272782,-0.0203661541887071,0,2026-05-24,True,0.53,1779334200,-0.53,-0.2613274332735389,-0.26990090861204474,0.08486573165308364,0.08486573165308364,-0.017500056030487057
ETH,ethereum-above-2100-on-may-21,2100.0,1779379260,1779343200,0.4193973751901136,0.417361111111111,2136.3,2135.45,13.670331785088548,-0.0003979633692133,1,2026-05-21,True,0.87,1779345900,0.13,0.1354402912954581,0.12598131017410105,0.12598131017410105,0.12598131017410105,0.12598131017410105
BTC,bitcoin-above-78k-on-may-27-2026,78000.0,1779897660,1779346800,0.3435513477133929,6.375694444444444,77622.14,75358.0,8.712662159529852,-0.0296026051367681,0,2026-05-27,True,0.45,1779359400,-0.45,-0.1920825024013758,-0.19747539979296966,-0.03311501045193385,-0.03311501045193385,-0.09974677054941594
ETH,ethereum-above-2000-on-may-25-2026,2000.0,1779724860,1779352200,0.3926950200685073,4.313194444444445,2141.48,2127.12,2.683202529238849,-0.006728226665372,1,2026-05-25,True,0.92,1779359400,0.0799999999999999,0.0980531948058183,0.09642202546192044,-0.2655265879504889,0.007234590280641827,-0.20658257658509482
BTC,bitcoin-above-76k-on-may-22-2026,76000.0,1779465660,1779359400,0.3322897435699997,1.229861111111111,77383.3,76799.36,13.477566207427104,-0.0075746882561808,1,2026-05-22,True,0.83,1779361200,0.17,0.2720883624732975,0.2633544861925503,0.1852471395115995,0.1852471395115995,0.2633544861925503
BTC,bitcoin-above-78k-on-may-22-2026,78000.0,1779465660,1779359400,0.3084399189753532,1.229861111111111,77383.3,76799.36,20.11564315067553,-0.0075746882561808,0,2026-05-22,True,0.31,1779361200,-0.31,-0.1576302740610539,-0.1706658278013757,-0.14344262214693457,-0.14344262214693457,-0.1706658278013757
BTC,bitcoin-above-76k-on-may-27-2026,76000.0,1779897660,1779359400,0.3426605680796697,6.229861111111111,77383.3,75358.0,8.289108853435089,-0.0265209044039484,0,2026-05-27,True,0.67,1779360300,-0.67,-0.4501653365041251,-0.4554308701283237,-0.0017873432676902695,-0.27633931955977004,-0.35889086308410734
BTC,bitcoin-above-76k-on-may-21,76000.0,1779379260,1779359400,0.3301302630763639,0.2298611111111111,77383.3,77313.81,4.541322805417216,-0.0008984008127097,1,2026-05-21,True,0.94,1779361200,0.0599999999999999,0.0640799280991641,0.06107893508999399,0.06107893508999399,0.06107893508999399,0.06107893508999399
BTC,bitcoin-above-78k-on-may-28-2026,78000.0,1779984060,1779384600,0.3221666698871583,6.938194444444445,77980.54,72890.01,8.978101628577633,-0.0675077157958581,0,2026-05-28,True,0.43,1779385500,-0.43,0.1760911331283497,0.17094570544484916,0.15137323448896653,0.15137323448896653,0.0913255202382127
BTC,bitcoin-above-80k-on-may-28-2026,80000.0,1779984060,1779384600,0.3147089452980582,6.938194444444445,77980.54,72890.01,7.629099083869201,-0.0675077157958581,0,2026-05-28,True,0.23,1779385500,-0.23,0.2850230527322835,0.2806507500729596,0.0562752117067945,0.0562752117067945,0.09865564519128676
ETH,ethereum-above-2200-on-may-26-2026,2200.0,1779811260,1779400800,0.3566298807989555,4.750694444444445,2135.42,2087.37,7.38682618127754,-0.0227584482903881,0,2026-05-26,True,0.2,1779411600,-0.2,-0.03188729832331,-0.036488634208517064,0.05052629929240822,0.05052629929240822,0.14343259378506504
BTC,bitcoin-above-78k-on-may-23-2026,78000.0,1779552060,1779404400,0.2620856123923826,1.7090277777777778,77628.0,75605.29,21.416700391918752,-0.0264019325674222,0,2026-05-23,True,0.39,1779405300,-0.39,0.1754422795641246,0.16062124110226614,0.12422532057561234,0.12422532057561234,0.10474205677739004
BTC,bitcoin-above-78k-on-may-25-2026,78000.0,1779724860,1779423300,0.2547416208339355,3.4902777777777776,77878.32,77614.07,15.969854557773171,-0.0033988834359496,0,2026-05-25,True,0.46,1779424200,-0.46,-0.4057203258690593,-0.4170891827024963,-0.29605519772885364,-0.29605519772885364,-0.1602986209964033
BTC,bitcoin-above-78k-on-may-24-2026,78000.0,1779638460,1779430500,0.2430614531953724,2.406944444444445,77490.06,76388.0,19.062600960545808,-0.0143240542958486,0,2026-05-24,True,0.35,1779433200,-0.35,-0.0769462688210451,-0.090538394118539,0.18933062666782807,0.18933062666782807,0.018002984108698328
BTC,bitcoin-above-80k-on-may-26-2026,80000.0,1779811260,1779433200,0.2796610325600563,4.375694444444444,77423.41,76478.64,7.236483030543762,-0.0122777034875584,0,2026-05-26,True,0.12,1779439500,-0.12,-0.0311526070582356,-0.03629389448887266,0.03850787012024667,0.03850787012024667,0.04704965977568287
BTC,bitcoin-above-78k-on-may-26-2026,78000.0,1779811260,1779435000,0.28479823213352,4.354861111111111,77509.05,76478.64,12.52167762012274,-0.013383217577016,0,2026-05-26,True,0.43,1779435900,-0.43,-0.2624196639806454,-0.27132405427907175,-0.11860276392677045,-0.11860276392677045,-0.1261958819275734
SOL,solana-above-90-on-may-24-2026,90.0,1779638460,1779438600,0.4521476276249642,2.313194444444445,87.48,85.24,8.003102058497268,-0.0259393885781508,0,2026-05-24,True,0.17,1779443100,-0.17,0.0375955741259596,0.035568409478857047,0.035568409478857047,0.035568409478857047,0.011392151260665905
BTC,bitcoin-above-78k-on-may-27-2026,78000.0,1779897660,1779438600,0.2818784296046388,5.313194444444444,77490.56,75358.0,11.475450356582837,-0.0279060318508769,0,2026-05-27,True,0.42,1779440400,-0.42,-0.0997657168460422,-0.10757236392838872,0.043699539869391825,0.043699539869391825,-0.026560444973490496
SOL,solana-above-90-on-may-26-2026,90.0,1779811260,1779443100,0.4428061930730956,4.261111111111111,87.3,84.47,6.703977573085601,-0.0329540211061512,0,2026-05-26,True,0.24,1779449400,-0.24,-0.0190769815613726,-0.018985414780054954,-0.06999495868291813,-0.06999495868291813,-0.04587837863312698
XRP,xrp-above-1pt4-on-may-23-2026,1.4,1779552060,1779449400,0.4586771102200454,1.1881944444444446,1.3572,1.3364,7.424634337192125,-0.0154443224274735,0,2026-05-23,True,0.0699999999999999,1779464700,-0.0699999999999999,0.0446684466096863,0.03965421687857926,0.03965421687857926,0.03965421687857926,0.0762414930511705
ETH,ethereum-above-2200-on-may-27-2026,2200.0,1779897660,1779454800,0.3474823133964989,5.125694444444444,2134.99,2072.81,7.318451560804661,-0.0295567881826167,0,2026-05-27,True,0.2,1779462000,-0.2,0.0163099226074441,0.011374910234030205,0.20036859258796924,0.20036859258796924,0.18784663254084394
ETH,ethereum-above-2100-on-may-22-2026,2100.0,1779465660,1779457500,0.3640492876328568,0.0944444444444444,2128.37,2119.7,4.965700811186099,-0.0040818593092792,1,2026-05-22,True,0.961,1779460200,0.039,0.0592692920832355,0.05579330151540595,0.05579330151540595,0.05579330151540595,0.05579330151540595
ETH,ethereum-above-2200-on-may-25-2026,2200.0,1779724860,1779458400,0.2819909416568459,3.0840277777777776,2130.23,2127.12,6.991335704862502,-0.0014610029963236,0,2026-05-25,True,0.08,1779460200,-0.08,-0.0697856375868915,-0.07454542987045837,0.16672968029189486,0.16672968029189486,0.24335673503373728
BTC,bitcoin-above-76k-on-may-24-2026,76000.0,1779638460,1779460200,0.2424110730792867,2.063194444444445,76857.59,76388.0,18.21133385110737,-0.006128613160246,1,2026-05-24,True,0.77,1779461100,0.2299999999999999,0.3416102203055305,0.32852071550085926,0.2417962053307719,0.24386861955552555,0.28637518874988127
BTC,bitcoin-above-76k-on-may-25-2026,76000.0,1779724860,1779462000,0.2529943262208207,3.042361111111111,76774.23,77614.07,15.76515620684989,0.0108796882165104,1,2026-05-25,True,0.68,1779475500,0.3199999999999999,0.1484800157848893,0.13713596666084046,0.02703668494228372,0.02703668494228372,0.24234080364941166
BTC,bitcoin-above-76k-on-may-27-2026,76000.0,1779897660,1779462000,0.3001504579353923,5.042361111111111,76774.23,75358.0,10.904596023351816,-0.0186189463323742,0,2026-05-27,True,0.62,1779475500,-0.62,-0.4169679118649909,-0.4244432045902766,-0.23038921420381592,-0.23038921420381592,-0.40314814419678435
XRP,xrp-above-1pt4-on-may-26-2026,1.4,1779811260,1779466500,0.4876532503892433,3.9902777777777776,1.3528,1.345,6.132145624497851,-0.0057825055484311,0,2026-05-26,True,0.2,1779478200,-0.2,-0.1645408339025537,-0.16862651763077507,-0.1490311117372302,-0.1490311117372302,-0.16862651763077507
BTC,bitcoin-above-76k-on-may-28-2026,76000.0,1779984060,1779466500,0.3114671615049154,5.990277777777778,76869.36,72890.01,9.652946443162849,-0.0531557649944748,0,2026-05-28,True,0.62,1779475500,-0.62,-0.1068902473629835,-0.11253953796059935,0.29286015505284857,0.29286015505284857,0.012355834653169891
BTC,bitcoin-above-78k-on-may-28-2026,78000.0,1779984060,1779471000,0.2948112210298336,5.938194444444445,77060.14,72890.01,10.00939168776886,-0.0556345633753748,0,2026-05-28,True,0.36,1779471900,-0.36,0.1968681362021265,0.19101023953203214,0.11466594864264201,0.11466594864264201,0.03832132152407447
ETH,ethereum-above-2100-on-may-27-2026,2100.0,1779897660,1779471000,0.3678249341384384,4.938194444444445,2128.69,2072.81,8.92555181410716,-0.0266015923963853,0,2026-05-27,True,0.62,1779473700,-0.62,-0.3825661087283037,-0.38858591949900073,-0.2905476319186694,-0.2905476319186694,-0.2949479259084412
XRP,xrp-above-1pt4-on-may-25-2026,1.4,1779724860,1779471000,0.4912827111264365,2.938194444444445,1.3586,1.3591,7.068964716362954,0.0003679582041,0,2026-05-25,True,0.15,1779476400,-0.15,-0.1526010835618794,-0.15737572323345328,-0.15822057145797178,-0.15822057145797178,-0.09240488467018661
ETH,ethereum-above-2100-on-may-23-2026,2100.0,1779552060,1779475500,0.2360460596310509,0.8861111111111111,2108.05,2063.24,32.556651374468935,-0.0214857868063992,0,2026-05-23,True,0.31,1779478200,-0.31,0.389505270562106,0.3667477367808361,0.3667477367808361,0.3667477367808361,0.6184910846852958
ETH,ethereum-above-2200-on-may-28-2026,2200.0,1779984060,1779475500,0.3685565313104088,5.886111111111111,2108.05,1989.45,5.502424260721977,-0.0579051309365719,0,2026-05-28,True,0.12,1779478200,-0.12,0.198618597285676,0.19497168782558338,0.07134251550524101,0.07134251550524101,0.17519758004234212
BTC,bitcoin-above-76k-on-may-23-2026,76000.0,1779552060,1779475500,0.1646286761949346,0.8861111111111111,76589.0,75605.29,31.38942261365736,-0.0129272090190427,0,2026-05-23,True,0.62,1779478200,-0.62,-0.2142223728861848,-0.23628228427739684,-0.23628228427739684,-0.23628228427739684,0.1587928606304978
BTC,bitcoin-above-74k-on-may-28-2026,74000.0,1779984060,1779475500,0.3288027007075403,5.886111111111111,76589.0,72890.01,6.92293576950912,-0.0495018707143265,0,2026-05-28,True,0.8,1779478200,-0.8,-0.457301728574173,-0.4613533399656755,-0.21703913882065307,-0.31127556250083743,-0.24886741641174898
ETH,ethereum-above-2000-on-may-28-2026,2000.0,1779984060,1779475500,0.4215396836362825,5.886111111111111,2108.05,1989.45,4.718303700661476,-0.0579051309365719,0,2026-05-28,True,0.84,1779477300,-0.84,-0.5667860064146855,-0.5699132146389517,-0.47657347106108155,-0.47657347106108155,-0.4462409356727867
BTC,bitcoin-above-76k-on-may-26-2026,76000.0,1779811260,1779476400,0.2611786826871305,3.875694444444445,76537.47,76478.64,14.372978469090777,-0.0007689386810145,1,2026-05-26,True,0.62,1779477300,0.38,0.3910519391062734,0.3807222533270459,0.3174572350876468,0.3174572350876468,0.468395626575769
BTC,bitcoin-above-74k-on-may-26-2026,74000.0,1779811260,1779478200,0.2920744320522634,3.854861111111111,76259.51,76478.64,8.165978407921882,0.002869357136318,1,2026-05-26,True,0.8200000000000001,1779479100,0.1799999999999999,0.15656889158021,0.15069211346186553,0.056345252027255086,0.056345252027255086,0.010323758454628636
BTC,bitcoin-above-74k-on-may-25-2026,74000.0,1779724860,1779478200,0.2744769273756045,2.8548611111111115,76259.51,77614.07,7.742690130406171,0.0176065961647474,1,2026-05-25,True,0.869,1779479100,0.131,-0.0053224183548368,-0.010914467890709618,0.020165493951087084,0.020165493951087084,-0.20999244887758461
BTC,bitcoin-above-74k-on-may-27-2026,74000.0,1779897660,1779478200,0.3153809216176299,4.854861111111111,76259.51,75358.0,7.908815398213492,-0.011892038384137,1,2026-05-27,True,0.76,1779489900,0.24,0.3340519362886092,0.3286091767782715,0.23172649745444662,0.23172649745444662,0.2303105640542017
ETH,ethereum-above-2000-on-may-23-2026,2000.0,1779552060,1779478200,0.4587901467284097,0.8548611111111112,2085.52,2063.24,3.099718752815336,-0.0107406618787443,1,2026-05-23,True,0.952,1779479100,0.048,0.0812930310431928,0.07912491657708066,0.07912491657708066,0.07912491657708066,-0.16654430499873776
ETH,ethereum-above-2000-on-may-24-2026,2000.0,1779638460,1779478200,0.3704808966300183,1.854861111111111,2085.52,2096.1,4.389262604899455,0.0050602506091261,1,2026-05-24,True,0.92,1779479100,0.0799999999999999,0.0577892312299429,0.05478128157768252,0.0506604604345034,0.0506604604345034,-0.24790467669210714
BTC,bitcoin-above-74k-on-may-24-2026,74000.0,1779638460,1779478200,0.2642124789685799,1.854861111111111,76259.51,76388.0,6.007972016516821,0.0016834867512274,1,2026-05-24,True,0.903,1779489900,0.0969999999999999,0.0868856587084483,0.08254210246487993,0.0725875640559805,0.0725875640559805,-0.3306030768675659
BTC,bitcoin-above-72k-on-may-28-2026,72000.0,1779984060,1779478200,0.3631743056771044,5.854861111111111,76259.51,72890.01,4.087815766767121,-0.0451905364347974,1,2026-05-28,True,0.898,1779479100,0.1019999999999999,0.2867305873468292,0.28433420970327816,0.16066958092442235,0.16066958092442235,0.23534994609176532
ETH,ethereum-above-2100-on-may-24-2026,2100.0,1779638460,1779478200,0.251814026402997,1.854861111111111,2085.52,2096.1,20.560796368506924,0.0050602506091261,0,2026-05-24,True,0.22,1779479100,-0.22,-0.3240427823478553,-0.3381330398361662,-0.31849915766330467,-0.31849915766330467,0.029565303927246805
ETH,ethereum-above-2000-on-may-26-2026,2000.0,1779811260,1779482700,0.4234440205272794,3.8027777777777776,2072.29,2087.37,6.703001469019449,0.0072506243610587,1,2026-05-26,True,0.81,1779493500,0.1899999999999999,0.1413990542565147,0.13683627019380834,0.025778236351345726,0.025778236351345726,-0.07206119073996575
ETH,ethereum-above-2100-on-may-25-2026,2100.0,1779724860,1779491700,0.3302492484185304,2.698611111111111,2077.17,2127.12,12.97330310665341,0.0237625617511577,1,2026-05-25,True,0.34,1779492600,0.6599999999999999,0.3517210838116615,0.3428676305953687,0.258632937713609,0.258632937713609,0.3043960771599678
BTC,bitcoin-above-78k-on-may-26-2026,78000.0,1779811260,1779549300,0.2984459233105499,3.031944444444444,75649.55,76478.64,7.671506612763148,0.0108999943883799,0,2026-05-26,True,0.13,1779555600,-0.13,-0.2136193790295377,-0.21911149027284713,-0.1510302238801495,-0.2630911357627825,-0.16861154109127685
BTC,bitcoin-above-76k-on-may-25-2026,76000.0,1779724860,1779571800,0.346806626548229,1.7715277777777778,76752.13,77614.07,15.269582407501014,0.0111675866614762,1,2026-05-25,True,0.65,1779575400,0.35,0.1794756151796792,0.16855904484643414,0.049851752543043096,0.049851752543043096,0.16855904484643414
BTC,bitcoin-above-76k-on-may-24-2026,76000.0,1779638460,1779571800,0.3287935778871358,0.7715277777777778,76752.13,76388.0,21.44996735082317,-0.0047555227520438,1,2026-05-24,True,0.72,1779575400,0.28,0.3820058077674368,0.3666550933493744,0.3666550933493744,0.3666550933493744,0.3666550933493744
ETH,ethereum-above-2200-on-may-27-2026,2200.0,1779897660,1779590700,0.4759968828794491,3.5527777777777776,2123.52,2072.81,6.282026399308628,-0.0241699144935808,0,2026-05-27,True,0.2,1779600600,-0.2,-0.0481639590822929,-0.05246716733257244,-0.08118579728832527,-0.08118579728832527,0.011205432267249234
BTC,bitcoin-above-78k-on-may-27-2026,78000.0,1779897660,1779590700,0.3366990409725853,3.5527777777777776,76825.78,75358.0,10.737401055442424,-0.0192901702722093,0,2026-05-27,True,0.32,1779591600,-0.32,-0.1128737053595151,-0.12017371006550386,-0.1176752086027072,-0.1176752086027072,-0.09784309176118829
BTC,bitcoin-above-76k-on-may-26-2026,76000.0,1779811260,1779591600,0.353995034398361,2.542361111111111,76830.0,76478.64,12.688226801325614,-0.0045837027212851,1,2026-05-26,True,0.66,1779594300,0.3399999999999999,0.3981590597175194,0.3891359038570367,0.4245546194422261,0.4239798152418055,0.3891359038570367
BTC,bitcoin-above-76k-on-may-28-2026,76000.0,1779984060,1779592500,0.3483849019738131,4.531944444444444,76924.99,72890.01,9.847186923772938,-0.0538791986242043,0,2026-05-28,True,0.63,1779594300,-0.63,-0.0994414598443697,-0.10512261525344466,0.08021149254395238,0.08021149254395238,-0.028528163796233314
BTC,bitcoin-above-78k-on-may-28-2026,78000.0,1779984060,1779596100,0.3395483308535447,4.490277777777778,76842.44,72890.01,9.715580198229617,-0.0528054991036945,0,2026-05-28,True,0.33,1779597900,-0.33,0.1830360614494861,0.17746122438863268,0.08369715371278758,0.08369715371278758,-0.034863272032195684
ETH,ethereum-above-2200-on-may-26-2026,2200.0,1779811260,1779606000,0.4505174354579042,2.375694444444445,2128.13,2087.37,7.10945566979589,-0.0193387594844547,0,2026-05-26,True,0.152,1779606900,-0.152,-0.0145119467364244,-0.019423820950000045,-0.07902631372839834,-0.07902631372839834,0.0331662023003917
BTC,bitcoin-above-76k-on-may-27-2026,76000.0,1779897660,1779634800,0.3511982512980028,3.042361111111111,76465.16,75358.0,12.254728834630454,-0.0145851216206973,0,2026-05-27,True,0.59,1779638400,-0.59,-0.4112632895182483,-0.41941787387574275,-0.23992433077640335,-0.23992433077640335,-0.37435835013471047
ETH,ethereum-above-2100-on-may-25-2026,2100.0,1779724860,1779675300,0.4670218242392046,0.5736111111111111,2108.12,2127.12,21.124903350642462,0.0089723970610172,1,2026-05-25,True,0.55,1779676200,0.4499999999999999,0.2604589792624212,0.24567599177064142,0.24567599177064142,0.24567599177064142,0.24567599177064142
BTC,bitcoin-above-76k-on-may-28-2026,76000.0,1779984060,1779678900,0.3395540679851365,3.531944444444445,77093.75,72890.01,10.97600650459758,-0.0560706211424875,0,2026-05-28,True,0.6900000000000001,1779682500,-0.6900000000000001,-0.0745684976232304,-0.0807580244457339,0.0419190257799612,0.0419190257799612,-0.008777141236692213
BTC,bitcoin-above-78k-on-may-28-2026,78000.0,1779984060,1779685200,0.3115732381201582,3.459027777777778,77391.07,72890.01,12.669781127307363,-0.0599198066753661,0,2026-05-28,True,0.4,1779689700,-0.4,0.3591708357674602,0.3520252252348297,0.09240418642967557,0.09240418642967557,0.023420152340858556
ETH,ethereum-above-2200-on-may-28-2026,2200.0,1779984060,1779724800,0.4200080694625485,3.000694444444444,2127.12,1989.45,6.964075747517062,-0.0669107334897805,0,2026-05-28,True,0.15,1779738300,-0.15,0.3159714163447581,0.31122903102505073,0.05613685747714885,0.05613685747714885,0.07314005831231986
BTC,bitcoin-above-78k-on-may-27-2026,78000.0,1779897660,1779736500,0.2784311760320476,1.8652777777777776,77493.5,75358.0,18.9351052632716,-0.0279439712363899,0,2026-05-27,True,0.36,1779737400,-0.36,0.169122036834878,0.15651214724525536,0.0629833525012245,0.0629833525012245,0.055979599070721794
BTC,bitcoin-above-76k-on-may-27-2026,76000.0,1779897660,1779743700,0.2994237861149136,1.7819444444444446,77362.01,75358.0,13.416208409236807,-0.0262457425895537,0,2026-05-27,True,0.8200000000000001,1779744600,-0.8200000000000001,-0.467881647563365,-0.4768160389656393,-0.37711053366470143,-0.39035562546933494,-0.3983285508772321
ETH,ethereum-above-2100-on-may-26-2026,2100.0,1779811260,1779748200,0.3473866284815305,0.7298611111111111,2110.85,2087.37,24.36863312905046,-0.0111858096155966,0,2026-05-26,True,0.59,1779750000,-0.59,-0.3174171092261213,-0.33443055686484696,-0.33443055686484696,-0.33443055686484696,-0.33443055686484696
BTC,bitcoin-above-76k-on-may-26-2026,76000.0,1779811260,1779749100,0.292676952968907,0.7194444444444444,77186.24,76478.64,15.206275255070578,-0.0092097166441622,1,2026-05-26,True,0.87,1779750000,0.13,0.2700454863123357,0.25944095345614865,0.25944095345614865,0.25944095345614865,0.25944095345614865
ETH,ethereum-above-2100-on-may-28-2026,2100.0,1779984060,1779792300,0.4212630303019426,2.219444444444445,2134.29,1989.45,10.8405128087758,-0.0702758200531357,0,2026-05-28,True,0.68,1779794100,-0.68,0.0818259274332415,0.07444484318858312,0.2208999875317361,0.2208999875317361,-0.003190325088855004
ETH,ethereum-above-2100-on-may-27-2026,2100.0,1779897660,1779792300,0.409490137896431,1.2194444444444446,2134.29,2072.81,13.444203324020943,-0.0292288640332179,0,2026-05-27,True,0.73,1779794100,-0.73,-0.3370412090072552,-0.3463635923795311,-0.30017297117227293,-0.30017297117227293,-0.3239454483318547
BTC,bitcoin-above-78k-on-may-26-2026,78000.0,1779811260,1779805800,0.3034738469598341,0.0631944444444444,77958.4,76478.64,98.9927359634042,-0.0191638649251896,0,2026-05-26,True,0.301,1779806700,-0.301,1.5960834205776384,1.5267972386907323,1.5267972386907323,1.5267972386907323,1.5267972386907323
BTC,bitcoin-above-78k-on-may-31-2026,78000.0,1780243260,1779826500,0.3147486389988258,4.823611111111111,76115.49,73644.92,8.665922479637587,-0.0329966264692026,0,2026-05-31,True,0.23,1779829200,-0.23,0.0559462070716674,0.0530899297036473,0.01952349697941794,0.01952349697941794,0.022395889305148457
ETH,ethereum-above-2100-on-may-31-2026,2100.0,1780243260,1779826500,0.4270803108996558,4.823611111111111,2076.24,2010.89,7.863123346092959,-0.031981155418279,0,2026-05-31,True,0.39,1779835500,-0.39,-0.1385282301955024,-0.13919045755770804,-0.13067295042217064,-0.13067295042217064,-0.09087651725293824
ETH,ethereum-above-2100-on-may-29-2026,2100.0,1780070460,1779826500,0.440892656419119,2.823611111111111,2076.24,2031.6,9.796520694054724,-0.0217349056131385,0,2026-05-29,True,0.36,1779836400,-0.36,-0.1470735473775617,-0.15006657816500485,-0.06312989391169851,-0.06312989391169851,-0.06300757576570166
BTC,bitcoin-above-76k-on-may-30-2026,76000.0,1780156860,1779837300,0.3259276056936213,3.698611111111111,75891.96,73905.42,12.137812354407846,-0.0265245823177019,0,2026-05-30,True,0.5,1779838200,-0.5,-0.1780495970486895,-0.1825713253011432,-0.13278838154354755,-0.13278838154354755,-0.08032241772986762
BTC,bitcoin-above-76k-on-may-31-2026,76000.0,1780243260,1779837300,0.3244376592222652,4.698611111111111,75891.96,73644.92,10.820160352800295,-0.0300555842884042,0,2026-05-31,True,0.48,1779849000,-0.48,-0.1547937585023613,-0.1583600700181479,-0.15295524474616762,-0.15295524474616762,-0.06723766953710542
BTC,bitcoin-above-78k-on-june-1-2026,78000.0,1780329660,1779837300,0.3133445052244424,5.698611111111111,75891.96,71161.39,7.8665223528073085,-0.0643603538843569,0,2026-06-01,True,0.23,1779838200,-0.23,0.2762921624658828,0.27374687648692897,-0.02681452717107862,-0.02681452717107862,0.04890140102814897
BTC,bitcoin-above-76k-on-june-1-2026,76000.0,1780329660,1779838200,0.3232790533472561,5.688194444444445,75905.99,71161.39,9.872571123541604,-0.0645452048660724,0,2026-06-01,True,0.5,1779839100,-0.5,0.137227125723864,0.13403276413306456,-0.11866897018680975,-0.11866897018680975,0.02355587482181174
BTC,bitcoin-above-74k-on-june-1-2026,74000.0,1780329660,1779839100,0.3434532854119935,5.677777777777778,75952.01,71161.39,7.842061062376113,-0.0651512974184407,0,2026-06-01,True,0.75,1779840000,-0.75,-0.2390795473515605,-0.2416169186540191,0.3936383529659593,0.0433698878272411,-0.11966174870633861
BTC,bitcoin-above-76k-on-june-2-2026,76000.0,1780416060,1779839100,0.3214126266044786,6.677777777777777,75952.01,67298.23,9.170478149007154,-0.1209677573148171,0,2026-06-02,True,0.5,1779846300,-0.5,0.6093321751899312,0.606263967925438,-0.03417898906204559,-0.03417898906204559,0.006265531328013795
BTC,bitcoin-above-78k-on-june-2-2026,78000.0,1780416060,1779839100,0.3129609756498436,6.677777777777777,75952.01,67298.23,7.631088736357459,-0.1209677573148171,0,2026-06-02,True,0.25,1779849000,-0.25,0.6731156903075238,0.6705625233388615,-0.017248726572778518,-0.017248726572778518,0.07029479402279716
BTC,bitcoin-above-78k-on-may-30-2026,78000.0,1780156860,1779840900,0.3113269952073633,3.656944444444444,75981.36,73905.42,8.867357077324648,-0.027701879427239,0,2026-05-30,True,0.18,1779841800,-0.18,0.0656424565943221,0.062339084512885314,0.036490718632666196,0.036490718632666196,0.05186368839718693
ETH,ethereum-above-2200-on-may-30-2026,2200.0,1780156860,1779843600,0.4511103819982223,3.625694444444444,2083.36,2026.01,4.1434226673559005,-0.0279136333498147,0,2026-05-30,True,0.0699999999999999,1779849000,-0.0699999999999999,0.045657981149884,0.04481884028801336,0.047521141454236235,0.047521141454236235,0.044094178433777706
ETH,ethereum-above-2200-on-may-31-2026,2200.0,1780243260,1779844500,0.4430080216397047,4.615277777777777,2081.39,2010.89,4.193785795983665,-0.0344585296117306,0,2026-05-31,True,0.09,1779857100,-0.09,0.0545116920361584,0.054158553380753316,0.026108640066828285,0.026108640066828285,0.03452208504341065
BTC,bitcoin-above-76k-on-may-29-2026,76000.0,1780070460,1779855300,0.333015812394631,2.4902777777777776,75630.01,73804.01,14.240718907901108,-0.0244400959169545,0,2026-05-29,True,0.42,1779856200,-0.42,-0.0719554639645092,-0.07759223918314756,0.046841837199432634,0.046841837199432634,-0.0738696867271756
XRP,xrp-above-1pt4-on-may-30-2026,1.4,1780156860,1779885000,0.5473627785119188,3.146527777777778,1.3358,1.3418,5.003456449208584,0.004481632837252,0,2026-05-30,True,0.11,1779950700,-0.11,-0.1324236547225337,-0.13487140570434542,0.0571291320979948,0.0571291320979948,0.032724140800996664
BTC,bitcoin-above-74k-on-may-27-2026,74000.0,1779897660,1779888600,0.3928714885739268,0.1048611111111111,75200.01,75358.0,3.2643548911014606,0.0020987267032944,1,2026-05-27,True,0.967,1779889500,0.033,0.0261490112210155,0.023926052849145844,0.023926052849145844,0.023926052849145844,0.023926052849145844
BTC,bitcoin-above-74k-on-june-2-2026,74000.0,1780416060,1779894900,0.3462048269237138,6.031944444444444,75130.0,67298.23,8.52117882764629,-0.1100860102248305,0,2026-06-02,True,0.66,1779902100,-0.66,0.2780625795478793,0.2750103691462679,0.25653423786326,0.25653423786326,-0.12008233035640176
BTC,bitcoin-above-74k-on-may-31-2026,74000.0,1780243260,1779894900,0.340734087386264,4.031944444444444,75130.0,73644.92,10.261664533615232,-0.0199647807325013,0,2026-05-31,True,0.7,1779899400,-0.7,-0.4951281176358857,-0.49875269620677437,-0.44315396973740434,-0.508444080968302,-0.5057666971998862
BTC,bitcoin-above-78k-on-june-3-2026,78000.0,1780502460,1779901200,0.3215641720256957,6.959027777777777,75304.01,66104.0,6.4489063316219,-0.1303041276410977,0,2026-06-03,True,0.18,1779904800,-0.18,0.660319113781143,0.6577453963052409,0.01083364561518188,0.01083364561518188,0.05095320624204007
BTC,bitcoin-above-74k-on-may-30-2026,74000.0,1780156860,1779902100,0.3455283693759279,2.948611111111111,74968.25,73905.42,11.843699032071546,-0.0142785229528546,0,2026-05-30,True,0.68,1779903900,-0.68,-0.5108894715238645,-0.5156838893360747,-0.48509950677610114,-0.5016036404810613,-0.5294885768682533
BTC,bitcoin-above-74k-on-june-3-2026,74000.0,1780502460,1779903000,0.3425123187520155,6.938194444444445,74997.29,66104.0,8.167562197156183,-0.1262227201512692,0,2026-06-03,True,0.63,1779904800,-0.63,0.4009319175297304,0.39766166758705485,0.31852310722241767,0.31852310722241767,-0.042523868495094395
SOL,solana-above-90-on-june-3-2026,90.0,1780502460,1779904800,0.4900008459694072,6.91736111111111,83.41,73.35,3.014328914779363,-0.1285257016645297,0,2026-06-03,True,0.08,1779919200,-0.08,0.3074187388196982,0.30775781703010024,-0.03237226601997528,-0.03237226601997528,0.014917509364513876
SOL,solana-above-90-on-june-2-2026,90.0,1780416060,1779906600,0.4826314452748799,5.896527777777778,83.53,76.29,2.989257996319879,-0.0906639806656769,0,2026-06-02,True,0.08,1779924600,-0.08,0.1910180291830656,0.1907983859229926,-0.041927865261123715,-0.041927865261123715,0.012756376079094526
SOL,solana-above-90-on-june-1-2026,90.0,1780329660,1779906600,0.4793431865873009,4.896527777777778,83.53,79.72,2.8054754535420035,-0.0466853534232209,0,2026-06-01,True,0.06,1779926400,-0.06,0.0709746130687795,0.0704069192921215,-0.02765206900565678,-0.02765206900565678,0.021747805501131583
BTC,bitcoin-above-74k-on-may-29-2026,74000.0,1780070460,1779912000,0.3606716656236289,1.8340277777777776,75066.08,73804.01,13.438245240286022,-0.0169557261179376,0,2026-05-29,True,0.73,1779918300,-0.73,-0.5021447942000317,-0.50801689821878,-0.5595962726274774,-0.5595962726274774,-0.5229537214969091
ETH,ethereum-above-2100-on-may-30-2026,2100.0,1780156860,1779915600,0.4242355925919121,2.792361111111111,2063.29,2026.01,9.517202536962063,-0.0182334545438827,0,2026-05-30,True,0.29,1779917400,-0.29,-0.116468520157377,-0.11856397594055096,-0.08114043699981278,-0.08114043699981278,-0.051301695996597924
ETH,ethereum-above-2100-on-june-2-2026,2100.0,1780416060,1779915600,0.4213204670995668,5.792361111111111,2063.29,1912.25,7.047895810419262,-0.0760212369725107,0,2026-06-02,True,0.35,1779918300,-0.35,0.1857897575614484,0.1871682317098171,-0.08186002435555832,-0.08186002435555832,-0.010394963929083309
ETH,ethereum-above-2100-on-june-1-2026,2100.0,1780329660,1779915600,0.416341387139363,4.792361111111111,2063.29,1970.77,7.739360210335632,-0.0458774668653113,0,2026-06-01,True,0.33,1779918300,-0.33,0.0250622416083821,0.025517005069005845,-0.07119068284225263,-0.07119068284225263,0.0047020046989270595
ETH,ethereum-above-2100-on-may-29-2026,2100.0,1780070460,1779915600,0.4404053791568816,1.792361111111111,2063.29,2031.6,10.88183284812822,-0.0154781362473963,0,2026-05-29,True,0.25,1779916500,-0.25,-0.0815695085552786,-0.08508605574704647,-0.00864972384099391,-0.00864972384099391,0.014130857641047413
ETH,ethereum-above-2100-on-may-31-2026,2100.0,1780243260,1779916500,0.4010921283449226,3.781944444444444,2059.27,2010.89,8.622622373228669,-0.023774140926131,0,2026-05-31,True,0.3,1779918300,-0.3,-0.0950045605460511,-0.09588283692075028,-0.12276325559091428,-0.12276325559091428,-0.05350399810221738
ETH,ethereum-above-2000-on-june-3-2026,2000.0,1780502460,1779917400,0.4482869042385354,6.771527777777778,2056.35,1838.23,5.970662827345064,-0.1121294144458346,0,2026-06-03,True,0.6900000000000001,1779918300,-0.6900000000000001,-0.0205130733162867,-0.0191805391064963,0.2658814908851355,0.19155089393978514,0.027102412405285978
ETH,ethereum-above-2000-on-may-28-2026,2000.0,1779984060,1779918300,0.4853017820575628,0.7611111111111111,2032.92,1989.45,13.835268091689372,-0.0216149645323837,0,2026-05-28,True,0.77,1779919200,-0.77,-0.4709511709021134,-0.48064066638150493,-0.48064066638150493,-0.48064066638150493,-0.48630142898672307
SOL,solana-above-80-on-may-29-2026,80.0,1780070460,1779924600,0.5229777071722328,1.6881944444444443,82.31,82.6,8.258098873772438,0.0035170735423795,1,2026-05-29,True,0.79,1779939000,0.2099999999999999,0.1809556589407003,0.17834935554749395,0.17734774627295216,0.17734774627295216,-0.4308392777063511
ETH,ethereum-above-2000-on-may-31-2026,2000.0,1780243260,1779934500,0.4357480539245678,3.573611111111111,2021.08,2010.89,9.028225793737588,-0.0050546118624074,1,2026-05-31,True,0.6,1779938100,0.4,0.4456341771935194,0.44471457445679113,0.40772223217013226,0.4155467474789094,0.4543761863034915
SOL,solana-above-80-on-june-1-2026,80.0,1780329660,1779935400,0.4937788146341258,4.563194444444444,82.19,79.72,6.495744504563653,-0.0305131448158146,0,2026-06-01,True,0.6900000000000001,1779939000,-0.6900000000000001,-0.491794407245717,-0.4940348295827744,-0.5207537683274639,-0.5207537683274639,-0.3731312054816837
SOL,solana-above-80-on-june-3-2026,80.0,1780502460,1779935400,0.4882372792132602,6.563194444444445,82.19,73.35,5.669555517682776,-0.1137911355714179,0,2026-06-03,True,0.65,1779939000,-0.65,-0.0048548394576787,-0.00506205240028409,0.7158680634812695,0.574771919395521,0.11619141657073222
SOL,solana-above-80-on-june-2-2026,80.0,1780416060,1779935400,0.4905175663296771,5.563194444444444,82.19,76.29,6.042502940770612,-0.0744917720582705,0,2026-06-02,True,0.67,1779939000,-0.67,-0.2198832482746859,-0.22118861992131233,0.6519121793374023,0.1592896755409678,0.05192486730373806
SOL,solana-above-80-on-may-31-2026,80.0,1780243260,1779938100,0.5217040775637501,3.531944444444445,81.96,81.85,7.037756807528621,-0.0013430195535551,1,2026-05-31,True,0.71,1779939000,0.29,0.2994518450056767,0.2967029422019888,0.3005718389071132,0.3005718389071132,0.2967029422019888
BTC,bitcoin-above-72k-on-june-2-2026,72000.0,1780416060,1779940800,0.3473178070981091,5.500694444444444,73258.01,67298.23,8.688507555866005,-0.0848536572983307,0,2026-06-02,True,0.66,1779941700,-0.66,0.0772516425794108,0.07374332526178233,0.5068206073111151,0.5068206073111151,-0.015441063813315382
BTC,bitcoin-above-72k-on-june-3-2026,72000.0,1780502460,1779940800,0.3500693092226652,6.500694444444444,73258.01,66104.0,8.039241636358273,-0.1027583340556862,0,2026-06-03,True,0.64,1779941700,-0.64,0.1860990776232849,0.18258847727238534,0.6683988476105072,0.6683988476105072,0.08316606353979347
BTC,bitcoin-above-72k-on-june-1-2026,72000.0,1780329660,1779944400,0.3502202584474251,4.459027777777777,73181.95,71161.39,9.508846536423812,-0.0279984098081913,0,2026-06-01,True,0.678,1779946200,-0.678,-0.411767417870005,-0.4156376681955202,-0.48240931359933076,-0.48240931359933076,-0.2388396464484352
BTC,bitcoin-above-74k-on-june-1-2026,74000.0,1780329660,1779944400,0.3357464225328018,4.459027777777777,73181.95,71161.39,10.22000799327765,-0.0279984098081913,0,2026-06-01,True,0.37,1779945300,-0.37,-0.0838560279612208,-0.08801573220202841,0.5365891225426777,0.24478853604343515,-0.15081977518721748
BTC,bitcoin-above-76k-on-june-2-2026,76000.0,1780416060,1779952500,0.3393812705907634,5.365277777777778,73213.29,67298.23,6.300674175429813,-0.0842430257085303,0,2026-06-02,True,0.16,1779953400,-0.16,0.3707878565418068,0.3680095938031848,0.018033574269601345,0.018033574269601345,-0.014377009408631104
ETH,ethereum-above-2000-on-june-2-2026,2000.0,1780416060,1779954300,0.469849493086465,5.344444444444444,1995.6,1912.25,7.001109430271634,-0.0426641977849069,0,2026-06-02,True,0.47,1779959700,-0.47,-0.1713032825531142,-0.1699317550822708,0.5849655629596878,0.16048298915348888,-0.02397967448838867
XRP,xrp-above-1pt3-on-may-29-2026,1.3,1780070460,1779955200,0.4865096134693892,1.3340277777777778,1.2934,1.3231,13.326849052553127,0.0227030580358727,1,2026-05-29,True,0.39,1779967800,0.61,0.3074397725245712,0.29987967491004563,0.2981404587459242,0.2981404587459242,0.2981404587459242
XRP,xrp-above-1pt3-on-may-30-2026,1.3,1780156860,1779961500,0.4826372880729604,2.261111111111111,1.2928,1.3418,10.359735787645686,0.0372015873619567,1,2026-05-30,True,0.42,1779971400,0.5800000000000001,0.1946013840491091,0.18943562583822723,0.18260351499208863,0.18260351499208863,0.1624142482614087
BTC,bitcoin-above-76k-on-may-30-2026,76000.0,1780156860,1779973200,0.3336654278932773,2.125694444444445,73518.01,73905.42,6.584714514058283,0.0052557574028045,0,2026-05-30,True,0.09,1779974100,-0.09,-0.1246076620526161,-0.1278192574436309,-0.08440272267708342,-0.08440272267708342,-0.1278192574436309
BTC,bitcoin-above-72k-on-may-28-2026,72000.0,1779984060,1779975000,0.4390595897160143,0.1048611111111111,73160.52,72890.01,5.373067905777055,-0.0037043386193933,1,2026-05-28,True,0.961,1779975900,0.039,0.058903662947993,0.05523361149982593,0.05523361149982593,0.05523361149982593,0.05523361149982593
BTC,bitcoin-above-72k-on-may-30-2026,72000.0,1780156860,1779975000,0.4038056567165879,2.104861111111111,73160.52,73905.42,11.44592374436548,0.0101302364127341,1,2026-05-30,True,0.736,1779975900,0.264,0.1480500865074509,0.14246454429151978,0.12230385541488221,0.12230385541488221,0.14246454429151978
ETH,ethereum-above-2100-on-june-1-2026,2100.0,1780329660,1780002900,0.4218665288902921,3.781944444444444,2020.22,1970.77,6.065546192915798,-0.0247820870468042,0,2026-06-01,True,0.13,1780008300,-0.13,0.0203168937392513,0.020477215291787428,-0.03248304155111502,-0.03248304155111502,0.003087832729791259
BTC,bitcoin-above-74k-on-may-29-2026,74000.0,1780070460,1780002900,0.3124428984425705,0.7819444444444444,73694.32,73804.01,26.42389265045777,0.0014873391477873,0,2026-05-29,True,0.38,1780007400,-0.38,-0.4193012899759557,-0.4333391959125841,-0.4333391959125841,-0.4333391959125841,-0.4333391959125841
BTC,bitcoin-above-74k-on-june-3-2026,74000.0,1780502460,1780002900,0.3308303295595558,5.781944444444444,73694.32,66104.0,9.512074595319284,-0.1086964676269672,0,2026-06-03,True,0.46,1780006500,-0.46,0.5739289083154198,0.5691452576699808,0.28412430959056945,0.28412430959056945,0.023322534312883964
BTC,bitcoin-above-74k-on-may-30-2026,74000.0,1780156860,1780004700,0.315019803700344,1.761111111111111,73908.0,73905.42,18.189773711171195,-3.490887363625389e-05,0,2026-05-30,True,0.47,1780005600,-0.47,-0.4693650154880447,-0.4786048056617343,-0.5786862758546493,-0.5662404186359974,-0.4786048056617343
BTC,bitcoin-above-74k-on-june-2-2026,74000.0,1780416060,1780004700,0.3212407766831859,4.761111111111111,73908.0,67298.23,10.858724461969343,-0.0936871403366678,0,2026-06-02,True,0.48,1780006500,-0.48,0.5373228425457295,0.5322191528911764,0.26432048672408465,0.26432048672408465,-0.02572773353516553
ETH,ethereum-above-2000-on-may-30-2026,2000.0,1780156860,1780005600,0.3942323062481741,1.7506944444444443,2020.17,2026.01,13.7248273017937,0.0028866753606321,1,2026-05-30,True,0.67,1780006500,0.3299999999999999,0.2903808791989803,0.28686567713765876,0.13986359037269858,0.16534427718979228,0.28686567713765876
ETH,ethereum-above-2100-on-june-2-2026,2100.0,1780416060,1780009200,0.4110577378410182,4.709027777777778,2005.6,1912.25,5.138758102727299,-0.0476627086421082,0,2026-06-02,True,0.14,1780018200,-0.14,0.1049271302325639,0.10574422234869332,-0.08339724046901605,-0.08339724046901605,0.011850300168755198
ETH,ethereum-above-2000-on-june-1-2026,2000.0,1780329660,1780009200,0.4417414535470282,3.7090277777777776,2005.6,1970.77,8.95162047956438,-0.0175189385349088,0,2026-06-01,True,0.53,1780023600,-0.53,-0.3731771110306808,-0.372978573416716,-0.15421866794072217,-0.17881991663932117,-0.3312784778799062
ETH,ethereum-above-2100-on-may-31-2026,2100.0,1780243260,1780010100,0.3811169355908553,2.698611111111111,2008.45,2010.89,4.719995878441198,0.0012141298321295,0,2026-05-31,True,0.06,1780021800,-0.06,-0.065730687803544,-0.06639414759360543,-0.07485115468485175,-0.07485115468485175,-0.06639414759360543
ETH,ethereum-above-2000-on-may-29-2026,2000.0,1780070460,1780013700,0.3736385997089461,0.6569444444444444,2015.06,2031.6,22.585059158494907,0.008174688314685,1,2026-05-29,True,0.67,1780018200,0.3299999999999999,0.1453741808105808,0.13701860321311207,0.13701860321311207,0.13701860321311207,0.13701860321311207
BTC,bitcoin-above-72k-on-june-1-2026,72000.0,1780329660,1780046100,0.3038601027331433,3.281944444444445,73816.7,71161.39,9.644250103768462,-0.0366345972175833,0,2026-06-01,True,0.829,1780050600,-0.829,-0.4756867819828064,-0.48122035791009726,-0.32303334877441436,-0.32303334877441436,0.011744496372973298
XRP,xrp-above-1pt3-on-may-29-2026,1.3,1780070460,1780047000,0.4794877595557329,0.2715277777777777,1.327,1.3231,8.960222767463693,-0.0029432872838422,1,2026-05-29,True,0.87,1780055100,0.13,0.1563725097318694,0.15004924096333963,0.15004924096333963,0.15004924096333963,-1.0353018884122624
BTC,bitcoin-above-74k-on-june-1-2026,74000.0,1780329660,1780047000,0.2724383437550775,3.271527777777778,73887.03,71161.39,15.427061503144463,-0.0375869090558175,0,2026-06-01,True,0.48,1780048800,-0.48,0.0998555577171951,0.09088903129524674,0.11024533030661574,0.11024533030661574,-0.10078927961484307
BTC,bitcoin-above-72k-on-june-3-2026,72000.0,1780502460,1780049700,0.3237408288963162,5.240277777777777,73703.86,66104.0,8.674297423931325,-0.1088259129160924,0,2026-06-03,True,0.74,1780050600,-0.74,0.203988336065035,0.19840098029547673,0.1549586755237066,0.1549586755237066,0.0961632302408822
XRP,xrp-above-1pt4-on-june-3-2026,1.4,1780502460,1780049700,0.4507450413858399,5.240277777777777,1.3213,1.2254,4.041449860934044,-0.0753487791286169,0,2026-06-03,True,0.11,1780062300,-0.11,0.1945183129308988,0.19211941014320474,-0.0171893106029531,-0.0171893106029531,-0.017673111228560055
SOL,solana-above-80-on-june-2-2026,80.0,1780416060,1780055100,0.4546623438622891,4.177777777777778,81.87,76.29,7.409457373965211,-0.0705907552862188,0,2026-06-02,True,0.68,1780062300,-0.68,-0.1569608077107522,-0.16096437200311567,0.6088338447511867,0.26400549497923675,0.035446428194943674
XRP,xrp-above-1pt3-on-june-2-2026,1.3,1780416060,1780056000,0.4721796381020061,4.167361111111111,1.3113,1.2214,7.822942579610872,-0.071021269748344,0,2026-06-02,True,0.55,1780062300,-0.55,0.0055953151723499,0.0008794482069199635,0.05088126644439221,0.05088126644439221,0.18430346831233552
XRP,xrp-above-1pt3-on-june-3-2026,1.3,1780502460,1780056000,0.4721796381020061,5.167361111111111,1.3113,1.2254,7.0448166246350095,-0.0677516902458242,0,2026-06-03,True,0.54,1780062300,-0.54,-0.0627017662090958,-0.06686725322205736,0.0780455788364106,0.0780455788364106,0.1154880286723744
SOL,solana-above-80-on-june-3-2026,80.0,1780502460,1780056000,0.4610269813560995,5.167361111111111,81.77,73.35,6.787731089372158,-0.1086679235848951,0,2026-06-03,True,0.65,1780064100,-0.65,0.0876086433347109,0.08514699504361951,0.677421976212602,0.677421976212602,0.07275273615153081
SOL,solana-above-80-on-june-1-2026,80.0,1780329660,1780056000,0.4627296112628598,3.1673611111111115,81.77,79.72,8.223628747690942,-0.0253899328292918,0,2026-06-01,True,0.7,1780065000,-0.7,-0.4912026184830932,-0.4967208316216436,-0.578615390335588,-0.578615390335588,-0.4630461462199917
BTC,bitcoin-above-72k-on-may-29-2026,72000.0,1780070460,1780059600,0.3934354543349611,0.1256944444444444,73295.73,73804.01,2.788936145425271,0.0069107127295531,1,2026-05-29,True,0.968,1780060500,0.032,0.0127264634778987,0.010774386293021182,0.010774386293021182,0.010774386293021182,0.010774386293021182
XRP,xrp-above-1pt3-on-may-31-2026,1.3,1780243260,1780063200,0.4621869564483804,2.084027777777778,1.3027,1.3306,11.41313600818446,0.0211909346042688,1,2026-05-31,True,0.53,1780065900,0.47,0.2281449812209375,0.22093390403412738,0.22093390403412738,0.22093390403412738,0.22146166088526245
XRP,xrp-above-1pt3-on-june-1-2026,1.3,1780329660,1780064100,0.479783729982385,3.073611111111111,1.3063,1.2841,9.02636496380355,-0.0171406296552893,0,2026-06-01,True,0.56,1780065000,-0.56,-0.4052824210219645,-0.410948709702615,-0.11303489031202613,-0.2992241904072516,-0.13000015222552513
XRP,xrp-above-1pt3-on-may-30-2026,1.3,1780156860,1780065000,0.4556380568613644,1.0631944444444446,1.3037,1.3418,16.136671588511057,0.0288056204600546,1,2026-05-30,True,0.53,1780065900,0.47,0.0051731627328034,-0.005011396147035654,-0.005011396147035654,-0.005011396147035654,0.04230678054802378
ETH,ethereum-above-2100-on-june-3-2026,2100.0,1780502460,1780072200,0.4064185869176921,4.979861111111111,2025.18,1838.23,6.161042015318357,-0.0968554333749609,0,2026-06-03,True,0.2,1780081200,-0.2,0.3967303944350022,0.39576942390498426,0.022159357328167033,0.022159357328167033,0.018691049429971716
ETH,ethereum-above-2100-on-june-4-2026,2100.0,1780588860,1780073100,0.413355308664087,5.969444444444445,2042.21,1776.68,6.472101945644634,-0.1392861006354478,0,2026-06-04,True,0.27,1780077600,-0.27,0.631473842923936,0.6314838050499016,0.06801349828413493,0.06801349828413493,0.06656979539224128
XRP,xrp-above-1pt4-on-june-2-2026,1.4,1780416060,1780074900,0.4011463786890712,3.948611111111112,1.3301,1.2214,4.386234217527331,-0.0852563855702161,0,2026-06-02,True,0.08,1780083000,-0.08,0.2939544756507853,0.29130804576090186,0.01579043362725004,0.01579043362725004,0.015790433627249984
BTC,bitcoin-above-74k-on-may-31-2026,74000.0,1780243260,1780080300,0.235661137585135,1.8861111111111115,73796.4,73644.92,23.20744515034213,-0.0020547842802473,0,2026-05-31,True,0.4,1780081200,-0.4,-0.3523137065203754,-0.36702199379495526,-0.31500726480009583,-0.31500726480009583,-0.36702199379495526
BTC,bitcoin-above-74k-on-june-4-2026-965,74000.0,1780588860,1780080300,0.3150890115937197,5.886111111111111,73796.4,63876.0,9.931029943898965,-0.1443662459501944,0,2026-06-04,True,0.45,1780081200,-0.45,0.9837055114196642,0.9738403046061999,0.3474755402128646,0.3474755402128646,0.10879445299698387
BTC,bitcoin-above-76k-on-june-3-2026,76000.0,1780502460,1780083900,0.2989262971841582,4.844444444444444,73682.93,66104.0,7.613038223296717,-0.1085418983155885,0,2026-06-03,True,0.17,1780090200,-0.17,0.6563336207057608,0.6512203622659212,0.11744951318291665,0.11744951318291665,0.05066061541074952
BTC,bitcoin-above-76k-on-june-2-2026,76000.0,1780416060,1780083900,0.285986771841013,3.844444444444445,73682.93,67298.23,7.671401856305275,-0.090637221558233,0,2026-06-02,True,0.12,1780090200,-0.12,0.5753145497121817,0.5704144406175504,0.06915566021808833,0.06915566021808833,0.05342131706007195
BTC,bitcoin-above-74k-on-june-3-2026,74000.0,1780502460,1780089300,0.3051203313972428,4.781944444444445,73804.15,66104.0,11.373419189820815,-0.1101857036888547,0,2026-06-03,True,0.48,1780090200,-0.48,0.7731881967787309,0.7655492952134313,0.27668494620620826,0.27668494620620826,0.05942098147140447
BTC,bitcoin-above-76k-on-june-4-2026-893,76000.0,1780588860,1780089300,0.3034946641756399,5.781944444444444,73804.15,63876.0,7.664770747330926,-0.1444712591091173,0,2026-06-04,True,0.2,1780090200,-0.2,0.9073390806496292,0.8997251106185985,0.17781725606884552,0.17781725606884552,0.08912477647924132
BTC,bitcoin-above-74k-on-june-2-2026,74000.0,1780416060,1780091100,0.2870679181407568,3.761111111111111,73600.0,67298.23,13.41771111226917,-0.0895110895785918,0,2026-06-02,True,0.43,1780092000,-0.43,0.7710339413099936,0.7624633679706156,0.26714157321804705,0.26714157321804705,0.029861137410408682
BTC,bitcoin-above-74k-on-may-30-2026,74000.0,1780156860,1780106400,0.1634200995729351,0.5840277777777778,73657.9,73905.42,47.36064921596648,0.0033547663761144,0,2026-05-30,True,0.2,1780107300,-0.2,-0.3588839135406766,-0.390936685988099,-0.390936685988099,-0.390936685988099,-0.390936685988099
ETH,ethereum-above-2000-on-june-3-2026,2000.0,1780502460,1780114500,0.384701133659622,4.490277777777778,2015.2,1838.23,9.236441731445993,-0.0919152939342161,0,2026-06-03,True,0.5700000000000001,1780116300,-0.5700000000000001,0.2789702566521187,0.27694601713760514,0.7048768401615905,0.7048768401615905,0.03383252208256978
BTC,bitcoin-above-72k-on-may-30-2026,72000.0,1780156860,1780116300,0.1898884627101479,0.4694444444444444,73310.0,73905.42,1.7757273134202456,0.0080891423837749,1,2026-05-30,True,0.97,1780125300,0.03,0.0156358889269854,0.014433618018063223,0.014433618018063223,0.014433618018063223,0.014433618018063223
BTC,bitcoin-above-72k-on-june-1-2026,72000.0,1780329660,1780148700,0.2879444139849246,2.094444444444445,73748.0,71161.39,10.11041307689879,-0.0357034801555291,0,2026-06-01,True,0.891,1780149600,-0.891,-0.5300230673447417,-0.536503283002413,-0.4110652112193165,-0.5295309336052455,-0.049014126230183176
BTC,bitcoin-above-74k-on-may-31-2026,74000.0,1780243260,1780170300,0.247912448165708,0.8444444444444444,74017.96,73644.92,33.45242959626786,-0.0050526008107682,0,2026-05-31,True,0.51,1780171200,-0.51,-0.3409782270997281,-0.3635016208221454,-0.3635016208221454,-0.3635016208221454,-0.3635016208221454
BTC,bitcoin-above-74k-on-june-4-2026-965,74000.0,1780588860,1780171200,0.3019914499905362,4.834027777777778,74016.65,63876.0,11.47840287655115,-0.1473463639168453,0,2026-06-04,True,0.5,1780172100,-0.5,1.1913009274324695,1.1794403180383823,0.335495474064036,0.335495474064036,0.11387724238634256
BTC,bitcoin-above-74k-on-june-3-2026,74000.0,1780502460,1780175700,0.2965559819959734,3.781944444444444,73988.2,66104.0,13.213019591466178,-0.1126763616308157,0,2026-06-03,True,0.5,1780176600,-0.5,0.9887949737230964,0.9793876496304165,0.2845535678448504,0.2845535678448504,0.10651294529357053
BTC,bitcoin-above-74k-on-june-2-2026,74000.0,1780416060,1780177500,0.2862669116194716,2.761111111111111,73978.2,67298.23,16.018260851107552,-0.0946365190518247,0,2026-06-02,True,0.5,1780179300,-0.5,1.0159124482129387,1.0050294796747878,0.2653675498293563,0.2653675498293563,0.11621104979631623
BTC,bitcoin-above-76k-on-june-3-2026,76000.0,1780502460,1780178400,0.2823635238183137,3.750694444444445,73981.99,66104.0,8.837896856486736,-0.1125924258055844,0,2026-06-03,True,0.18,1780179300,-0.18,0.8150802460913912,0.8087835060021148,0.19315622183049627,0.19315622183049627,0.07393011614102846
BTC,bitcoin-above-72k-on-june-4-2026-876,72000.0,1780588860,1780178400,0.3278012153100939,4.750694444444445,73981.99,63876.0,8.306023928856114,-0.146877981225847,0,2026-06-04,True,0.78,1780181100,-0.78,0.4399720266839644,0.4313819577094124,0.21310427234378246,0.21310427234378246,0.08267110614126605
BTC,bitcoin-above-76k-on-june-4-2026-893,76000.0,1780588860,1780188300,0.3072856420486389,4.636111111111111,73953.46,63876.0,8.32784754768426,-0.1464922724541672,0,2026-06-04,True,0.21,1780195500,-0.21,1.0099653119121312,1.0013522446366783,0.2252560639302649,0.2252560639302649,0.09489541288561162
BTC,bitcoin-above-76k-on-june-2-2026,76000.0,1780416060,1780198200,0.2899759187526117,2.521527777777778,74214.76,67298.23,10.056635398918903,-0.0978291160676557,0,2026-06-02,True,0.15,1780199100,-0.15,0.8338317516909327,0.8269342125218672,0.19704499165419317,0.19704499165419317,0.08385293907669769
ETH,ethereum-above-1900-on-june-3-2026,1900.0,1780502460,1780231500,0.4801461101847892,3.13611111111111,2024.88,1838.23,3.3264860027137986,-0.0967072874212967,0,2026-06-03,True,0.92,1780245000,-0.92,-0.5983045620326364,-0.5995290947685965,-0.22917361619990767,-0.3952043930599752,0.2180774434440659
BTC,bitcoin-above-74k-on-june-1-2026,74000.0,1780329660,1780232400,0.3002453180688204,1.1256944444444443,73920.0,71161.39,23.86196473686136,-0.0380330312808136,0,2026-06-01,True,0.49,1780233300,-0.49,0.4175428512587192,0.40099679014237194,0.049042608817084395,0.049042608817084395,0.10433500958633163
ETH,ethereum-above-2000-on-june-2-2026,2000.0,1780416060,1780237800,0.4129023297998283,2.063194444444445,2011.24,1912.25,12.677298239259686,-0.0504708880599387,0,2026-06-02,True,0.5700000000000001,1780239600,-0.5700000000000001,0.0698345003361347,0.06473206755020748,-0.09436951820814721,-0.09436951820814721,0.07939971578893726
ETH,ethereum-above-2000-on-june-3-2026,2000.0,1780502460,1780238700,0.4109544883604297,3.0527777777777776,2009.03,1838.23,10.560802837570405,-0.0888488664016462,0,2026-06-03,True,0.55,1780245900,-0.55,0.3883153604094188,0.384355971121753,0.14821218456828852,0.14821218456828852,0.09469007018119108
BTC,bitcoin-above-72k-on-june-2-2026,72000.0,1780416060,1780239600,0.356245826929509,2.042361111111111,73602.17,67298.23,10.761392885846352,-0.0895405728396084,0,2026-06-02,True,0.8200000000000001,1780240500,-0.8200000000000001,0.1435812835507689,0.135994926433127,0.387751343234884,0.387751343234884,0.02732590188091323
BTC,bitcoin-above-72k-on-june-3-2026,72000.0,1780502460,1780243200,0.3550156446216206,3.000694444444444,73655.21,66104.0,9.76818515741721,-0.1081656209942235,0,2026-06-03,True,0.78,1780245000,-0.78,0.2765818135385898,0.26937415898840666,0.29661139472564924,0.29661139472564924,0.07369264358736057
ETH,ethereum-above-2000-on-june-1-2026,2000.0,1780329660,1780245000,0.4398186444058503,0.9798611111111112,2007.15,1970.77,17.32296037532252,-0.0182914761099328,0,2026-06-01,True,0.55,1780245900,-0.55,-0.2331374841414755,-0.2424811936162265,-0.2424811936162265,-0.2424811936162265,-0.1617840275860875
BTC,bitcoin-above-74k-on-june-4-2026-965,74000.0,1780588860,1780257600,0.3285648850921847,3.8340277777777776,73563.42,63876.0,11.629378676342167,-0.1412041873358033,0,2026-06-04,True,0.45,1780263000,-0.45,1.1921169652132158,1.1797898922383137,0.31468666660660854,0.31468666660660854,0.11079380645181001
BTC,bitcoin-above-74k-on-june-3-2026,74000.0,1780502460,1780262100,0.3201932721899698,2.781944444444445,73688.0,66104.0,14.078271725387957,-0.1086107042870511,0,2026-06-03,True,0.44,1780263000,-0.44,1.089051007238865,1.0786534419118459,0.29048275198763573,0.29048275198763573,0.1395736457311868
BTC,bitcoin-above-74k-on-june-2-2026,74000.0,1780416060,1780265700,0.3336118778484673,1.7402777777777776,73912.0,67298.23,17.283796126777478,-0.0937412602122054,0,2026-06-02,True,0.48,1780270200,-0.48,1.1402048301749554,1.12798711544594,0.257365019909856,0.257365019909856,0.13151777616884575
BTC,bitcoin-above-72k-on-june-4-2026-876,72000.0,1780588860,1780276500,0.3357058386699707,3.615277777777778,73573.0,63876.0,9.790349556312483,-0.1413344066249982,0,2026-06-04,True,0.75,1780279200,-0.75,0.6337132451927394,0.6232895107329993,0.44691186089342927,0.44691186089342927,0.10378223607151102
SOL,solana-above-80-on-june-1-2026,80.0,1780329660,1780290900,0.458811342330444,0.4486111111111111,82.03,79.72,7.462918697482361,-0.0285645386700646,0,2026-06-01,True,0.92,1780295400,-0.92,-0.706825170274217,-0.7120089667523833,-0.7120089667523833,-0.7120089667523833,-0.47305338786508666
SOL,solana-above-80-on-june-2-2026,80.0,1780416060,1780307100,0.4574734569775925,1.261111111111111,81.13,76.29,13.038884327950342,-0.0615109383048355,0,2026-06-02,True,0.6900000000000001,1780316100,-0.6900000000000001,0.11203400946044,0.1046455169972507,0.41714179709138804,0.41714179709138804,0.24172202269885978
BTC,bitcoin-above-72k-on-june-1-2026,72000.0,1780329660,1780311600,0.3522736964197655,0.2090277777777777,72748.88,71161.39,22.395931827027447,-0.0220631146914762,0,2026-06-01,True,0.872,1780312500,-0.872,-0.3778759874778103,-0.39353078917730366,-0.39353078917730366,-0.39353078917730366,-0.36929163160500666
SOL,solana-above-80-on-june-4-2026,80.0,1780588860,1780316100,0.4598768878440952,3.156944444444444,80.52,69.6,9.249235381944391,-0.1457410334312168,0,2026-06-04,True,0.55,1780322400,-0.55,0.7979931230131512,0.7963092049546233,0.2638606195162701,0.2638606195162701,0.11103199396201886
ETH,ethereum-above-2000-on-june-4-2026,2000.0,1780588860,1780317000,0.4371065400784918,3.146527777777778,1987.18,1776.68,9.674214089863412,-0.1119700941222227,0,2026-06-04,True,0.43,1780319700,-0.43,0.6532226622005397,0.6495893910183957,0.2989012511620651,0.2989012511620651,0.12709719762362603
ETH,ethereum-above-2000-on-june-2-2026,2000.0,1780416060,1780326000,0.4681979868917387,1.042361111111111,1968.63,1912.25,12.955541669978206,-0.0290573101333435,0,2026-06-02,True,0.24,1780327800,-0.24,0.1364531922500122,0.12916631366282336,-0.06655968171008374,-0.06655968171008374,0.1257793189680158
ETH,ethereum-above-2000-on-june-3-2026,2000.0,1780502460,1780326000,0.4539461961070903,2.042361111111111,1968.63,1838.23,10.457350209649183,-0.0685347172311347,0,2026-06-03,True,0.31,1780327800,-0.31,0.4066915396052545,0.40109833193277283,0.17910664827258116,0.17910664827258116,0.11824908245395187
BTC,bitcoin-above-72k-on-june-3-2026,72000.0,1780502460,1780342200,0.3557872776468689,1.854861111111111,71621.61,66104.0,15.35177968440713,-0.0801675846729961,0,2026-06-03,True,0.42,1780343100,-0.42,0.8107150977308901,0.7992933828379698,0.6030914903062204,0.6030914903062204,0.1486908668899537
BTC,bitcoin-above-72k-on-june-2-2026,72000.0,1780416060,1780343100,0.3530793544429727,0.8444444444444444,71638.93,67298.23,22.426504129448787,-0.0625047051346707,0,2026-06-02,True,0.37,1780344000,-0.37,1.0317620278126731,1.0158144368147268,1.0158144368147268,1.0158144368147268,0.17784301641257327
BTC,bitcoin-above-70k-on-june-4-2026-327,70000.0,1780588860,1780351200,0.367295128989801,2.750694444444445,71038.01,63876.0,11.328767469223832,-0.1062713819255523,0,2026-06-04,True,0.6900000000000001,1780352100,-0.6900000000000001,0.5139237744676585,0.5018504072643952,0.06252428729677956,0.06252428729677956,0.10676986955078221
ETH,ethereum-above-1900-on-june-4-2026,1900.0,1780588860,1780359300,0.5114920090066335,2.656944444444445,2003.8,1776.68,4.4654807922188064,-0.1202989236711105,0,2026-06-04,True,0.9,1780365600,-0.9,-0.3628074670220598,-0.36464392774398974,-0.2527031126043591,-0.2527031126043591,0.22113877205193655
BTC,bitcoin-above-70k-on-june-3-2026,70000.0,1780502460,1780386300,0.3919765013885023,1.3444444444444446,70213.38,66104.0,16.657152967723185,-0.060309631761934,0,2026-06-03,True,0.547,1780387200,-0.547,0.4575867616855925,0.4453473984227946,0.1831317205790432,0.1831317205790432,0.1961105305766481
BTC,bitcoin-above-68k-on-june-4-2026-838,68000.0,1780588860,1780390800,0.4261743762429215,2.292361111111111,69821.99,63876.0,8.808753119733323,-0.0890052991540297,0,2026-06-04,True,0.8,1780391700,-0.8,-0.0159742934041431,-0.025280454264691807,0.19819045799382182,0.19819045799382182,-0.034850957932641397
BTC,bitcoin-above-68k-on-june-3-2026,68000.0,1780502460,1780391700,0.4394042538514267,1.2819444444444443,69555.96,66104.0,10.62261493661988,-0.0509023490445764,0,2026-06-03,True,0.8220000000000001,1780392600,-0.8220000000000001,-0.2812839467300441,-0.28908881092614075,-0.23498204867976485,-0.23498204867976485,-0.18008880428520802
BTC,bitcoin-above-68k-on-june-2-2026,68000.0,1780416060,1780392600,0.4516703940269808,0.2715277777777777,69399.1,67298.23,8.341754733306518,-0.0307399629727192,0,2026-06-02,True,0.927,1780405200,-0.927,-0.6705747683706521,-0.6764293923761487,-0.6764293923761487,-0.6764293923761487,-0.2588379106800024
BTC,bitcoin-above-68k-on-june-5-2026-638-564-578,68000.0,1780675260,1780398000,0.4457549328523464,3.2090277777777776,69652.19,60204.04,8.18945107865447,-0.1457746829628504,0,2026-06-05,True,0.744,1780399800,-0.744,0.4498146346306289,0.44005567423695974,0.33359020580011894,0.33359020580011894,0.009610480771939657
BTC,bitcoin-above-70k-on-june-5-2026-628-939,70000.0,1780675260,1780398000,0.4038546356838079,3.2090277777777776,69652.19,60204.04,10.416646542799958,-0.1457746829628504,0,2026-06-05,True,0.46,1780398900,-0.46,1.058483347312736,1.0460703491679644,0.3344352259149963,0.3344352259149963,0.09893723621072219
SOL,solana-above-80-on-june-4-2026,80.0,1780588860,1780402500,0.487679486572462,2.156944444444444,78.79,69.6,9.721415688070232,-0.1240215179172229,0,2026-06-04,True,0.33,1780410600,-0.33,0.8756647299387743,0.872800418336067,0.2819304375000082,0.2819304375000082,0.1345321436619103
ETH,ethereum-above-2000-on-june-5-2026,2000.0,1780675260,1780407000,0.4684076689708034,3.104861111111111,1979.69,1574.5,8.932488834734558,-0.2290025052332541,0,2026-06-05,True,0.41,1780408800,-0.41,1.6355623211222845,1.6311076777793034,0.27056939421399934,0.27056939421399934,0.17269588353944013
ETH,ethereum-above-2000-on-june-4-2026,2000.0,1780588860,1780407000,0.4597604732718742,2.104861111111111,1979.69,1776.68,10.891101110641827,-0.1081938126202813,0,2026-06-04,True,0.38,1780408800,-0.38,0.7983497527933202,0.7927620017511133,0.3263206285444412,0.3263206285444412,0.1650557421253567
BTC,bitcoin-above-66k-on-june-4-2026-369,66000.0,1780588860,1780408800,0.5147171563854976,2.084027777777778,68811.91,63876.0,5.890195268684062,-0.0744331364439061,0,2026-06-04,True,0.877,1780409700,-0.877,-0.4385742918847888,-0.44478911102721885,-0.20607362270645505,-0.2369128563555596,0.11342379798226987
BTC,bitcoin-above-66k-on-june-5-2026-618-715-569,66000.0,1780675260,1780409700,0.4976903079378973,3.073611111111111,68584.0,60204.04,6.251019306680655,-0.1303198116788787,0,2026-06-05,True,0.8200000000000001,1780410600,-0.8200000000000001,-0.0053683411523417,-0.012810895588696698,0.20430463379897337,0.20430463379897337,0.11445194300572137
BTC,bitcoin-above-66k-on-june-3-2026,66000.0,1780502460,1780410600,0.5434555354978662,1.0631944444444446,67884.28,66104.0,8.702425743598232,-0.0265752314249124,1,2026-06-03,True,0.83,1780413300,0.17,0.4012689780942386,0.3948888710436724,0.4414192562447725,0.4414192562447725,0.417988811950906
ETH,ethereum-above-1800-on-june-5-2026,1800.0,1780675260,1780410600,0.6290442967576766,3.063194444444445,1936.77,1574.5,3.201114809005889,-0.207083875495644,0,2026-06-05,True,0.904,1780414200,-0.904,-0.2411007394445623,-0.24269864688001264,0.5097338415015721,0.16952463691733816,-0.05932654452262111
ETH,ethereum-above-1800-on-june-4-2026,1800.0,1780588860,1780410600,0.6741449949065041,2.063194444444445,1936.77,1776.68,2.8737066710950607,-0.0862751828826713,0,2026-06-04,True,0.928,1780414200,-0.928,-0.680070431400121,-0.6815461588007776,-0.4320221988035303,-0.5540876617786159,-0.28343615613279355
ETH,ethereum-above-1900-on-june-2-2026,1900.0,1780416060,1780411500,0.5890457216332792,0.0527777777777777,1936.28,1912.25,1.608177181248863,-0.0124880472760851,1,2026-06-02,True,0.961,1780414200,0.039,0.0590829926677572,0.057957393494836945,0.057957393494836945,0.057957393494836945,0.057957393494836945
BTC,bitcoin-above-64k-on-june-5-2026-299,64000.0,1780675260,1780414200,0.5617167639452126,3.0215277777777776,67450.0,60204.04,4.726205585922014,-0.1136471229561887,0,2026-06-05,True,0.867,1780415100,-0.867,-0.3298803326604947,-0.3355056846840533,0.08638416716257352,-0.08502879740757094,0.03736520550963848
SOL,solana-above-70-on-june-4-2026,70.0,1780588860,1780420500,0.742691515755617,1.948611111111111,76.79,69.6,1.7960050219881385,-0.0983098560020784,0,2026-06-04,True,0.925,1780434900,-0.925,-0.7484350049093365,-0.7490251252614194,-0.5472854932096813,-0.6711913402059314,-0.3780001082373364
SOL,solana-above-80-on-june-3-2026,80.0,1780502460,1780421400,0.6348510696232655,0.9381944444444444,77.06,73.35,6.182936974202609,-0.0493418346090209,0,2026-06-03,True,0.09,1780428600,-0.09,0.2150774535791054,0.21176690056736874,0.21176690056736874,0.21176690056736874,0.09372850285827887
SOL,solana-above-70-on-june-3-2026,70.0,1780502460,1780426800,0.752198083374491,0.8756944444444444,76.15,73.35,0.8286811111678802,-0.0374625747521802,1,2026-06-03,True,0.948,1780441200,0.052,0.0830445280728465,0.0825973886605741,0.0825973886605741,0.0825973886605741,0.0021846665132138504
BTC,bitcoin-above-64k-on-june-4-2026-539,64000.0,1780588860,1780428600,0.5775374493303004,1.854861111111111,66978.2,63876.0,5.383633330770948,-0.0474234893326937,0,2026-06-04,True,0.881,1780440300,-0.881,-0.6256893221670495,-0.6313308016556279,-0.5202124143096429,-0.5202124143096429,-0.29750779139887157
BTC,bitcoin-above-68k-on-june-7-2026-634,68000.0,1780848060,1780430400,0.4510747940292035,4.834027777777778,67315.14,62078.25,7.499841065132728,-0.0809894881585872,0,2026-06-07,True,0.425,1780432200,-0.425,0.1824082891358536,0.1733000242625733,0.07297053413277012,0.07297053413277012,0.12735913893043893
BTC,bitcoin-above-68k-on-june-6-2026-331-336-128,68000.0,1780761660,1780430400,0.4635511105393619,3.8340277777777776,67315.14,60787.86,8.16493906763861,-0.1019950762206601,0,2026-06-06,True,0.417,1780432200,-0.417,0.4157835825408461,0.40587402897367897,0.07124969888623786,0.07124969888623786,0.15583891839758796
BTC,bitcoin-above-66k-on-june-8-2026-811,66000.0,1780934460,1780430400,0.4691734829993767,5.834027777777778,67315.14,63700.01,6.4240070274209184,-0.0552004546392546,0,2026-06-08,True,0.65,1780432200,-0.65,-0.2953918914805984,-0.30322173746989456,0.020393633330189852,0.020393633330189852,-0.08093389668927262
ETH,ethereum-above-1900-on-june-3-2026,1900.0,1780502460,1780430400,0.588542730658268,0.8340277777777777,1912.28,1838.23,13.856624150067224,-0.0394930953000018,0,2026-06-03,True,0.58,1780432200,-0.58,-0.0327590219050873,-0.0420785166079739,-0.0420785166079739,-0.0420785166079739,0.1385056640131229
BTC,bitcoin-above-66k-on-june-9-2026-493,66000.0,1781020860,1780430400,0.4609196539611362,6.834027777777778,67315.14,61201.47,6.080085637678501,-0.0952139653655739,0,2026-06-09,True,0.63,1780431300,-0.63,-0.0510909366743553,-0.0584431017502975,0.03839673919864377,0.03839673919864377,0.003723553023693864
BTC,bitcoin-above-68k-on-june-9-2026,68000.0,1781020860,1780430400,0.4365608502092638,6.834027777777778,67315.14,61201.47,6.547058476236782,-0.0952139653655739,0,2026-06-09,True,0.41,1780432200,-0.41,0.2133713990027965,0.20545456072985455,0.06557044599453797,0.06557044599453797,0.12938089060604197
BTC,bitcoin-above-64k-on-june-9-2026-453-432,64000.0,1781020860,1780430400,0.4966854393863129,6.834027777777778,67315.14,61201.47,4.565100828641694,-0.0952139653655739,0,2026-06-09,True,0.78,1780432200,-0.78,-0.3453386478113566,-0.3508588619794763,0.25223419681599607,-0.014902198152639401,-0.2357676902085099
BTC,bitcoin-above-66k-on-june-7-2026-855,66000.0,1780848060,1780430400,0.4805167639011614,4.834027777777778,67315.14,62078.25,6.833893616556561,-0.0809894881585872,0,2026-06-07,True,0.66,1780432200,-0.66,-0.1065264538648472,-0.11482595149884336,0.11615339213963814,0.11615339213963814,0.042983937385215464
BTC,bitcoin-above-70k-on-june-9-2026,70000.0,1781020860,1780434000,0.4254445336743298,6.792361111111111,67587.77,61201.47,5.625027957705889,-0.0992558406840142,0,2026-06-09,True,0.22,1780437600,-0.22,0.3383168788131819,0.3315154053890028,0.08746881246911731,0.08746881246911731,0.11572148062769352
BTC,bitcoin-above-70k-on-june-7-2026-544,70000.0,1780848060,1780434000,0.4394019426349058,4.792361111111111,67587.77,62078.25,6.106965187752396,-0.0850313634770275,0,2026-06-07,True,0.23,1780437600,-0.23,0.2892835766213278,0.2818673683048267,0.06766830362321292,0.06766830362321292,0.075758130997467
BTC,bitcoin-above-66k-on-june-6-2026-133-165-898-474,66000.0,1780761660,1780434900,0.5069407523536887,3.781944444444444,67470.97,60787.86,7.132811181806509,-0.1043073333134597,0,2026-06-06,True,0.703,1780438500,-0.703,0.0410045134026639,0.032348178054419495,-0.03287630231777087,-0.03287630231777087,0.07423643404599731
BTC,bitcoin-above-70k-on-june-6-2026-134-422,70000.0,1780761660,1780435800,0.4532185510822669,3.771527777777778,67887.99,60787.86,6.83436267972868,-0.1104690431759494,0,2026-06-06,True,0.24,1780436700,-0.24,0.514985505947045,0.5066913785126664,0.08176794818603436,0.08176794818603436,0.06317824878570158
BTC,bitcoin-above-68k-on-june-8-2026-717,68000.0,1780934460,1780435800,0.4515666862818607,5.771527777777777,67887.99,63700.01,7.014119432798128,-0.063674421594544,0,2026-06-08,True,0.49,1780437600,-0.49,-0.043380002121528,-0.05192854373232812,0.012145357979117838,0.012145357979117838,-0.013465704172759779
BTC,bitcoin-above-64k-on-june-7-2026-536,64000.0,1780848060,1780435800,0.5432551656758143,4.771527777777777,67887.99,62078.25,4.212662438902568,-0.0894634551138764,0,2026-06-07,True,0.852,1780436700,-0.852,-0.4751206629873268,-0.480236442413065,-0.13656949043834027,-0.1912216135450845,-0.15731569233814371
BTC,bitcoin-above-70k-on-june-8-2026-448,70000.0,1780934460,1780435800,0.4330221304628759,5.771527777777777,67887.99,63700.01,6.156707361975172,-0.063674421594544,0,2026-06-08,True,0.27,1780436700,-0.27,0.12202478020064,0.11452121976463425,0.06193639725376671,0.06193639725376671,0.048476836435146525
BTC,bitcoin-above-72k-on-june-8-2026-575,72000.0,1780934460,1780436700,0.4246970074522009,5.761111111111111,67732.0,63700.01,3.7625368487641215,-0.0613740222391175,0,2026-06-08,True,0.11,1780437600,-0.11,0.1209220202315484,0.11633639060055692,0.058028263285662275,0.058028263285662275,0.047893671811153914
ETH,ethereum-above-1900-on-june-7-2026,1900.0,1780848060,1780437600,0.5367158968587583,4.750694444444445,1900.34,1628.3,6.512788147859436,-0.1544962917436078,0,2026-06-07,True,0.49,1780440300,-0.49,0.5162016177560027,0.5120100880058935,0.20459048614366832,0.20459048614366832,0.1977138250486588
ETH,ethereum-above-1900-on-june-6-2026,1900.0,1780761660,1780440300,0.5558633287319146,3.719444444444445,1892.43,1559.05,7.074772586439852,-0.1937850561321528,0,2026-06-06,True,0.45,1780441200,-0.45,0.920985202785463,0.9170193155862137,0.17576016699694116,0.17576016699694116,0.22953458162744506
ETH,ethereum-above-1800-on-june-6-2026,1800.0,1780761660,1780440300,0.6232335934058242,3.719444444444445,1892.43,1559.05,4.734342495542397,-0.1937850561321528,0,2026-06-06,True,0.797,1780441200,-0.797,0.1204448262475201,0.11779090796668082,0.4497847441208649,0.4497847441208649,0.05393130076072551
ETH,ethereum-above-1900-on-june-8-2026,1900.0,1780934460,1780440300,0.535094433406503,5.719444444444444,1892.43,1688.75,5.930172686614751,-0.1138731072421538,0,2026-06-08,True,0.46,1780442100,-0.46,0.2152871903073729,0.2105414765858182,0.20226473598657446,0.20226473598657446,0.1776881547720651
BTC,bitcoin-above-64k-on-june-8-2026-139,64000.0,1780934460,1780441200,0.5158159216480851,5.709027777777777,66385.2,63700.01,5.35966558036036,-0.0412894205081295,0,2026-06-08,True,0.749,1780443000,-0.749,-0.527702514069553,-0.5342096213426677,-0.3725974346032009,-0.3725974346032009,-0.4230894480111963
ETH,ethereum-above-1900-on-june-9-2026,1900.0,1781020860,1780442100,0.5441252492236145,6.698611111111111,1872.16,1638.95,5.262078693355779,-0.1330370515984933,0,2026-06-09,True,0.42,1780443000,-0.42,0.2800514346433052,0.27508546543962253,0.18621139456123212,0.18621139456123212,0.16282376603747248
ETH,ethereum-above-2000-on-june-9-2026,2000.0,1781020860,1780442100,0.5284601952452428,6.698611111111111,1872.16,1638.95,3.5202306390574667,-0.1330370515984933,0,2026-06-09,True,0.16,1780443000,-0.16,0.3083211051668854,0.30499896614880245,0.1190972573871229,0.1190972573871229,0.13974795754295666
ETH,ethereum-above-1800-on-june-8-2026,1800.0,1780934460,1780442100,0.603324112826556,5.698611111111111,1872.16,1688.75,4.707762346951601,-0.1031042341962392,0,2026-06-08,True,0.73,1780443900,-0.73,-0.2446097684396653,-0.2483772724516497,0.3060814460850022,0.3060814460850022,0.13558892464701996
ETH,ethereum-above-1800-on-june-9-2026,1800.0,1781020860,1780443900,0.585746784029442,6.677777777777777,1855.57,1638.95,4.745819287770729,-0.1241361335973117,0,2026-06-09,True,0.67,1780458300,-0.67,-0.080872342864594,-0.08535106266296923,0.2925212811152053,0.2925212811152053,0.1168057069509994
BTC,bitcoin-above-68k-on-june-5-2026-638-564-578,68000.0,1780675260,1780488900,0.4688800033950097,2.156944444444444,66972.76,60204.04,10.045521414668496,-0.106546509858373,0,2026-06-05,True,0.345,1780489800,-0.345,0.7253152464404744,0.7136529539502006,0.3388868035452762,0.3388868035452762,0.1775103721626031
ETH,ethereum-above-1900-on-june-5-2026,1900.0,1780675260,1780488900,0.56773689571112,2.156944444444444,1874.69,1574.5,8.659081721478191,-0.1745055508610363,0,2026-06-05,True,0.38,1780492500,-0.38,1.1310578257572823,1.1264997359414486,0.29953483972151995,0.29953483972151995,0.24294116424590048
BTC,bitcoin-above-68k-on-june-4-2026-838,68000.0,1780588860,1780489800,0.4800148663408489,1.1465277777777778,67032.01,63876.0,12.77272933156517,-0.0482265625148335,0,2026-06-04,True,0.302,1780490700,-0.302,0.3139848295937757,0.3009026156256769,0.4232947971521959,0.4232947971521959,0.13939973849649842
ETH,ethereum-above-1800-on-june-4-2026,1800.0,1780588860,1780497000,0.667338567128197,1.0631944444444446,1858.26,1776.68,7.610265533238556,-0.044894111844109,0,2026-06-04,True,0.8210000000000001,1780502400,-0.8210000000000001,-0.4793438879874199,-0.4834592841841721,-0.44401754298059115,-0.4653094099895127,-0.15017042810765266
BTC,bitcoin-above-62k-on-june-8-2026-644,62000.0,1780934460,1780500600,0.5444388898942715,5.021527777777778,66597.74,63700.01,3.455433960807145,-0.0444859234726639,1,2026-06-08,True,0.89,1780503300,0.1099999999999999,0.2637181707453108,0.2595829476423025,0.06505114540789485,0.20103198918830947,0.2876647929567644
ETH,ethereum-above-1700-on-june-5-2026,1700.0,1780675260,1780500600,0.8182030528429033,2.0215277777777776,1853.7,1574.5,2.4899061174225845,-0.1632458801939642,0,2026-06-05,True,0.942,1780504200,-0.942,-0.5355330842610143,-0.5368444307979252,-0.24708624549293326,-0.2983627800894016,0.3464644453615729
BTC,bitcoin-above-66k-on-june-4-2026-369,66000.0,1780588860,1780500600,0.5007836332744156,1.0215277777777778,66597.74,63876.0,14.274216748348412,-0.0417269390580199,0,2026-06-04,True,0.632,1780501500,-0.632,-0.0363806276406983,-0.05096506996984422,-0.07473339695791385,-0.07473339695791385,0.04129686299231039
BTC,bitcoin-above-64k-on-june-5-2026-299,64000.0,1780675260,1780502400,0.540077865914385,2.000694444444444,66076.01,60204.04,7.369700337452574,-0.0930662863361867,0,2026-06-05,True,0.79,1780504200,-0.79,-0.1041293581827463,-0.11265868940359257,0.19055538277903827,0.19055538277903827,-0.12868964589816578
ETH,ethereum-above-1900-on-june-10-2026,1900.0,1781107260,1780505100,0.5273812821771098,6.969444444444444,1828.5,1656.82,4.672559094576767,-0.0985958561178596,0,2026-06-10,True,0.26,1780516800,-0.26,0.2006949641910876,0.1961443284660965,0.26091943796480765,0.26091943796480765,0.19828703824445648
ETH,ethereum-above-2000-on-june-10-2026,2000.0,1781107260,1780506000,0.523767617832221,6.959027777777777,1832.68,1656.82,2.5438209946869312,-0.1008792739319027,0,2026-06-10,True,0.0699999999999999,1780520400,-0.0699999999999999,0.1866188149567481,0.18414071300744264,0.15406063465393346,0.15406063465393346,0.1606160737977904
SOL,solana-above-70-on-june-4-2026,70.0,1780588860,1780507800,0.8022884082980745,0.9381944444444444,73.46,69.6,4.9712479670750165,-0.0539764730511472,0,2026-06-04,True,0.846,1780511400,-0.846,-0.5776695680746049,-0.5802607054836014,-0.5802607054836014,-0.5802607054836014,-0.3726111433036363
ETH,ethereum-above-1800-on-june-5-2026,1800.0,1780675260,1780507800,0.634093874340747,1.9381944444444448,1829.62,1574.5,8.175960180634222,-0.1501705334588601,0,2026-06-05,True,0.641,1780515000,-0.641,0.5867883018642397,0.5824618683225412,0.7901265494376019,0.7901265494376019,0.0904879421644288
BTC,bitcoin-above-66k-on-june-5-2026-618-715-569,66000.0,1780675260,1780508700,0.5079503105731697,1.9277777777777776,66109.39,60204.04,10.803274171698623,-0.0935713345595085,0,2026-06-05,True,0.517,1780509600,-0.517,0.4938767818581097,0.481373599983572,0.13323166682057166,0.13323166682057166,0.08801113974529493
ETH,ethereum-above-1800-on-june-10-2026,1800.0,1781107260,1780516800,0.5558692136312443,6.834027777777778,1803.41,1656.82,5.244546870586129,-0.0847792146603689,0,2026-06-10,True,0.5,1780520400,-0.5,-0.0553714350622123,-0.06054350952829055,0.18565975033909782,0.18565975033909782,0.10589531722765264
BTC,bitcoin-above-64k-on-june-9-2026-453-432,64000.0,1781020860,1780517700,0.4673485738109212,5.823611111111111,65580.01,61201.47,6.2786279567484335,-0.0690997150643469,0,2026-06-09,True,0.66,1780519500,-0.66,-0.2261485971936404,-0.2335988980401482,0.18346175700626552,0.05444308169393165,-0.21153959304210684
ETH,ethereum-above-1700-on-june-10-2026,1700.0,1781107260,1780517700,0.6252431443120011,6.823611111111111,1811.36,1656.82,3.6539641212426326,-0.089177841858223,0,2026-06-10,True,0.78,1780520400,-0.78,-0.4541473654402034,-0.4577510164148817,-0.27195911081358903,-0.2953579957723369,-0.16607459395500682
ETH,ethereum-above-1700-on-june-9-2026,1700.0,1781020860,1780517700,0.6345928137682044,5.823611111111111,1811.36,1638.95,3.752636047209697,-0.1000221514576447,0,2026-06-09,True,0.8,1780520400,-0.8,-0.4246532689205745,-0.42834629282472325,-0.0573000253742687,-0.19816614430042614,0.0053193033233824225
BTC,bitcoin-above-64k-on-june-4-2026-539,64000.0,1780588860,1780520400,0.6128597047358513,0.7923611111111111,65007.27,63876.0,12.123722300595904,-0.0175554058165478,0,2026-06-04,True,0.704,1780528500,-0.704,-0.4911631350059078,-0.5035398061921239,-0.5035398061921239,-0.5035398061921239,-0.5228977858565186
ETH,ethereum-above-1900-on-june-7-2026,1900.0,1780848060,1780524000,0.55577626667454,3.750694444444445,1850.1,1628.3,6.247287896359987,-0.1277031658953821,0,2026-06-07,True,0.29,1780524900,-0.29,0.5077984426250725,0.5034284497679715,0.22991420268201648,0.22991420268201648,0.14989847151275232
BTC,bitcoin-above-62k-on-june-9-2026,62000.0,1781020860,1780532100,0.5236659274684174,5.656944444444444,64316.53,61201.47,5.317364915877455,-0.0496454655727784,0,2026-06-09,True,0.74,1780533000,-0.74,-0.4760169431309059,-0.4820271099743392,-0.23670739150550776,-0.3433773035017857,0.1953861229593108
BTC,bitcoin-above-62k-on-june-4-2026-493,62000.0,1780588860,1780533000,0.7394012772256066,0.6465277777777778,63358.01,63876.0,10.16874387073215,0.0081423647939692,1,2026-06-04,True,0.792,1780533900,0.2079999999999999,0.1252023779080598,0.11563428048110443,0.11563428048110443,0.11563428048110443,0.11563428048110443
BTC,bitcoin-above-62k-on-june-10-2026,62000.0,1781107260,1780533900,0.5299990852731068,6.636111111111112,63595.33,62574.0,5.3042048186709305,-0.0161901836100461,1,2026-06-10,True,0.65,1780534800,0.35,0.4358760499195739,0.43020031920318486,0.28000671809000083,0.4219152820922968,0.3609634590626814
BTC,bitcoin-above-64k-on-june-7-2026-536,64000.0,1780848060,1780533900,0.5193418469736402,3.636111111111112,63595.33,62078.25,7.612192411417606,-0.0241443539325328,0,2026-06-07,True,0.439,1780536600,-0.439,-0.2552085322161924,-0.2634873007608138,-0.021176464117364374,-0.021176464117364374,-0.09304937540200077
BTC,bitcoin-above-60k-on-june-9-2026,60000.0,1781020860,1780533900,0.585912809286333,5.636111111111111,63595.33,61201.47,4.095904649905878,-0.0383688311395195,1,2026-06-09,True,0.802,1780534800,0.1979999999999999,0.3551550738758117,0.3507219677403145,0.2118064035943591,0.2118064035943591,0.1836677939449376
ETH,ethereum-above-1800-on-june-6-2026,1800.0,1780761660,1780533900,0.6610908709129981,2.636111111111111,1800.72,1559.05,7.09933989742877,-0.1441099235211733,0,2026-06-06,True,0.483,1780535700,-0.483,0.5400853296692746,0.5352335154180295,0.6505808762871393,0.6505808762871393,0.11328344818027178
BTC,bitcoin-above-60k-on-june-10-2026,60000.0,1781107260,1780533900,0.5755816405451828,6.636111111111112,63595.33,62574.0,3.992157516610029,-0.0161901836100461,1,2026-06-10,True,0.8,1780534800,0.1999999999999999,0.2646337631941422,0.2603619803697065,0.08951728699802085,0.11995891219326876,0.06897458941282363
ETH,ethereum-above-1700-on-june-6-2026,1700.0,1780761660,1780533900,0.7615290242541003,2.636111111111111,1800.72,1559.05,4.269701237075108,-0.1441099235211733,0,2026-06-06,True,0.823,1780536600,-0.823,-0.2076936812668469,-0.21061167048977483,-0.06930963003649412,-0.06930963003649412,0.10599574615474651
BTC,bitcoin-above-64k-on-june-8-2026-139,64000.0,1780934460,1780533900,0.5096058287711436,4.636111111111111,63595.33,63700.01,6.879234702787398,0.0016446795867996,0,2026-06-08,True,0.444,1780535700,-0.444,-0.455314136888478,-0.4628258986144141,-0.2477150815636811,-0.2477150815636811,-0.36347716398165986
ETH,ethereum-above-1700-on-june-7-2026,1700.0,1780848060,1780534800,0.7103436325483843,3.625694444444444,1793.85,1628.3,4.337021628306856,-0.0968276223127515,0,2026-06-07,True,0.805,1780535700,-0.805,-0.3850565078120689,-0.3883892858872909,-0.032915369509922916,-0.032915369509922916,0.01570289122665362
ETH,ethereum-above-1800-on-june-7-2026,1800.0,1780848060,1780534800,0.6256506371415524,3.625694444444444,1793.85,1628.3,6.3741249507065945,-0.0968276223127515,0,2026-06-07,True,0.48,1780535700,-0.48,0.1371913633013043,0.13229317608780544,0.4348245704264626,0.4348245704264626,0.15012260990750978
ETH,ethereum-above-1800-on-june-9-2026,1800.0,1781020860,1780534800,0.6213897287100184,5.625694444444444,1793.85,1638.95,5.153599808053655,-0.0903083552107716,0,2026-06-09,True,0.48,1780536600,-0.48,-0.0145868779201258,-0.020093715088394734,0.2552527026196179,0.2552527026196179,0.1564169533361067
ETH,ethereum-above-1800-on-june-8-2026,1800.0,1780934460,1780534800,0.6231335075821135,4.625694444444445,1793.85,1688.75,5.667084649819944,-0.0603755378085174,0,2026-06-08,True,0.48,1780535700,-0.48,-0.1378467164607269,-0.14308927472060784,0.30624833047625005,0.30624833047625005,0.1809124123435176
ETH,ethereum-above-1700-on-june-8-2026,1700.0,1780934460,1780534800,0.6924202923960229,4.625694444444445,1793.85,1688.75,4.142301915033475,-0.0603755378085174,0,2026-06-08,True,0.784,1780535700,-0.784,-0.5339062941146022,-0.5377382924808645,-0.1827421288508782,-0.19319106799179758,0.2010919222972518
BTC,bitcoin-above-58k-on-june-9-2026,58000.0,1781020860,1780536600,0.6637069218479974,5.604861111111111,62699.99,61201.47,3.217005686518497,-0.0241900793115717,1,2026-06-09,True,0.865,1780538400,0.135,0.2128196227026597,0.2095732854923269,0.09252406599461456,0.09252406599461456,0.029756950663599173
BTC,bitcoin-above-58k-on-june-10-2026,58000.0,1781107260,1780536600,0.6438052508573898,6.60486111111111,62699.99,62574.0,3.1923412593832143,-0.0020114317820982,1,2026-06-10,True,0.846,1780537500,0.154,0.1604211766684269,0.15723893978975897,0.12474801775768911,0.12474801775768911,0.011003582292193857
BTC,bitcoin-above-68k-on-june-7-2026-634,68000.0,1780848060,1780542900,0.5531036872782006,3.531944444444445,63960.77,62078.25,3.773155140697321,-0.0298742406228778,0,2026-06-07,True,0.1119999999999999,1780557300,-0.1119999999999999,0.0007201445806401,-0.002796704808938251,-0.004164958762239727,-0.004164958762239727,0.020111202130081184
SOL,solana-above-70-on-june-10-2026,70.0,1781107260,1780544700,0.8211439171041299,6.511111111111111,71.57,65.35,3.5982495428990378,-0.0909185516802751,0,2026-06-10,True,0.5700000000000001,1780549200,-0.5700000000000001,-0.2428523629754074,-0.24555209532688843,-0.1142780820571894,-0.1142780820571894,0.04793138513772194
SOL,solana-above-80-on-june-9-2026,80.0,1781020860,1780544700,0.7904636419591163,5.511111111111111,71.57,64.48,2.011311505073886,-0.1043208935521331,0,2026-06-09,True,0.08,1780548300,-0.08,0.1298218134209935,0.1283003218333787,0.08122545845294678,0.08122545845294678,0.05722554381130899
BTC,bitcoin-above-68k-on-june-6-2026-331-336-128,68000.0,1780761660,1780544700,0.5931837152936728,2.511111111111111,64389.18,60787.86,4.264907205660136,-0.0575555085897083,0,2026-06-06,True,0.111,1780550100,-0.111,0.134468903309681,0.13048376240229037,0.019290825551621323,0.019290825551621323,0.04903024169862166
ETH,ethereum-above-1900-on-june-8-2026,1900.0,1780934460,1780544700,0.6528691160893441,4.511111111111111,1808.59,1688.75,4.254852366235957,-0.0685589258781251,0,2026-06-08,True,0.23,1780550100,-0.23,0.0617081079991365,0.05779836269894006,0.1106192878649808,0.1106192878649808,0.04217369457013903
XRP,xrp-above-1pt3-on-june-5-2026,1.3,1780675260,1780544700,0.6970015738249093,1.511111111111111,1.2083,1.0939,2.26710011913516,-0.0994651209075171,0,2026-06-05,True,0.02,1780551000,-0.02,0.2054973874592253,0.2042624346361882,0.18406575686983764,0.18406575686983764,0.04701921317915807
XRP,xrp-above-1pt3-on-june-8-2026,1.3,1780934460,1780544700,0.5816385573805499,4.511111111111111,1.2083,1.1691,3.135112099888804,-0.0329801910204892,0,2026-06-08,True,0.09,1780550100,-0.09,0.0133965959249798,0.013760201681921266,0.18690545945630077,0.18690545945630077,0.12240786801783894
XRP,xrp-above-1pt2-on-june-7-2026,1.2,1780848060,1780545600,0.6214431516898565,3.500694444444444,1.209,1.1338,6.527190580326633,-0.0642187487245894,0,2026-06-07,True,0.54,1780549200,-0.54,-0.1208319882444968,-0.12186002099380022,-0.0005581875930031855,-0.0005581875930031855,0.16063727766922575
BTC,bitcoin-above-68k-on-june-9-2026,68000.0,1781020860,1780546500,0.52989715249952,5.490277777777778,64630.0,61201.47,4.40526544199497,-0.0545074904371467,0,2026-06-09,True,0.2,1780547400,-0.2,0.0401199639526337,0.036013718741765,-0.02227455324889748,-0.02227455324889748,-0.006829428965681775
ETH,ethereum-above-1900-on-june-9-2026,1900.0,1781020860,1780546500,0.6473530971309833,5.490277777777778,1814.0,1638.95,4.1381716859639255,-0.1014785588029273,0,2026-06-09,True,0.26,1780547400,-0.26,0.1599356987706992,0.15550894353842443,0.15191474519029555,0.15191474519029555,0.07523296924629623
ETH,ethereum-above-1900-on-june-6-2026,1900.0,1780761660,1780546500,0.6994306387790613,2.4902777777777776,1814.0,1559.05,4.890617453209534,-0.1514576902906723,0,2026-06-06,True,0.18,1780549200,-0.18,0.560721623558366,0.5573637942704547,0.14164760416539557,0.14164760416539557,0.07724830280111146
BTC,bitcoin-above-68k-on-june-8-2026-717,68000.0,1780934460,1780546500,0.5379370669289326,4.490277777777778,64630.0,63700.01,4.532791598748672,-0.0144939797108274,0,2026-06-08,True,0.17,1780549200,-0.17,-0.1043018105343274,-0.108570534760982,0.006726435322459277,0.006726435322459277,-0.02733219119134873
BTC,bitcoin-above-64k-on-june-6-2026-957-953-472-848,64000.0,1780761660,1780549200,0.6477011037767841,2.459027777777778,64399.99,60787.86,7.473382787375179,-0.0577233798482215,0,2026-06-06,True,0.551,1780550100,-0.551,-0.1196110866131817,-0.1266241228531846,0.26193856235514906,0.26193856235514906,0.02827573874333348
XRP,xrp-above-1pt2-on-june-10-2026,1.2,1781107260,1780550100,0.5716729195298663,6.448611111111111,1.1909,1.1274,5.200320360419236,-0.0547952271264755,0,2026-06-10,True,0.43,1780558200,-0.43,-0.1450472647203925,-0.14091237524823863,0.02732384228148565,0.02732384228148565,0.083944009333217
SOL,solana-above-70-on-june-8-2026,70.0,1780934460,1780550100,0.7892724830010359,4.448611111111111,70.29,67.05,4.578403308834153,-0.0471909314601265,0,2026-06-08,True,0.486,1780560900,-0.486,-0.2699408832559906,-0.273376364155809,0.09617282285248033,0.09617282285248033,0.07626288112854916
BTC,bitcoin-above-60k-on-june-4-2026,60000.0,1780588860,1780553700,0.9004026850650589,0.4069444444444444,64260.0,63876.0,1.0171695324479326,-0.0059936497090917,1,2026-06-04,True,0.96,1780555500,0.04,0.0460965578722535,0.04534537013451991,0.04534537013451991,0.04534537013451991,0.013676005519143563
ETH,ethereum-above-1600-on-june-8-2026,1600.0,1780934460,1780558200,0.8820108996421709,4.354861111111111,1778.02,1688.75,2.39399097086964,-0.051511775330102,1,2026-06-08,True,0.899,1780570800,0.1009999999999999,0.2243187250337297,0.22203910370150282,0.055929366853036525,0.17601217968764316,-0.12368888544068546
XRP,xrp-above-1pt1-on-june-5-2026,1.1,1780675260,1780559100,0.6274077409916583,1.3444444444444446,1.1765,1.0939,2.2791389859822635,-0.072794637041672,0,2026-06-05,True,0.921,1780560900,-0.921,-0.7550909047478969,-0.7563911152764027,-0.6474326824954716,-0.6699423552945543,-0.8648699159452351
ETH,ethereum-above-1600-on-june-7-2026,1600.0,1780848060,1780560000,0.9466629220035424,3.3340277777777776,1777.45,1628.3,2.3622688828785057,-0.0876432271163645,1,2026-06-07,True,0.912,1780570800,0.0879999999999999,0.2950368682120415,0.2931568086546946,0.19653332852313868,0.3632794387042004,0.2076324155075055
XRP,xrp-above-1pt1-on-june-4-2026,1.1,1780588860,1780560900,0.6149113067673014,0.3236111111111111,1.1618,1.1681,0.2598989617583123,0.0054079706032182,1,2026-06-04,True,0.96,1780566300,0.04,0.0385944740550041,0.03841530908325596,0.03841530908325596,0.03841530908325596,0.03841530908325596
XRP,xrp-above-1pt1-on-june-6-2026,1.1,1780761660,1780563600,0.621225320899528,2.292361111111111,1.1678,1.0959,3.990407899439924,-0.0635456933800905,0,2026-06-06,True,0.839,1780564500,-0.839,-0.5854267631606993,-0.5867645860750862,-0.49317876529656635,-0.5036792071109165,-0.5354233478809947
SOL,solana-above-70-on-june-9-2026,70.0,1781020860,1780563600,0.7634052864842688,5.292361111111111,69.25,64.48,4.2824950565689175,-0.0713680468690749,0,2026-06-09,True,0.43,1780564500,-0.43,-0.1243666920862078,-0.12776469237379987,-0.16025815564864856,-0.16025815564864856,0.10748245550903487
XRP,xrp-above-1pt2-on-june-9-2026,1.2,1781020860,1780567200,0.5637796548364638,5.250694444444445,1.162,1.1305,5.181158261779447,-0.0274826456938318,0,2026-06-09,True,0.29,1780571700,-0.29,-0.1476080632078455,-0.1461419696552944,-0.01982257357842174,-0.01982257357842174,0.15131417099419864
ETH,ethereum-above-1800-on-june-4-2026,1800.0,1780588860,1780586100,0.7724484690463158,0.0319444444444444,1789.03,1776.68,38.48264511215591,-0.0069271193588402,0,2026-06-04,True,0.133,1780587000,-0.133,0.1335738759357928,0.1067717813009745,0.1067717813009745,0.1067717813009745,0.1067717813009745
ETH,ethereum-above-1700-on-june-5-2026,1700.0,1780675260,1780587000,0.8803161096728483,1.0215277777777778,1778.88,1574.5,5.452097310485759,-0.1220461912240254,0,2026-06-05,True,0.852,1780589700,-0.852,-0.1865922890724605,-0.19031750214952678,-0.260059515780288,-0.260059515780288,0.39062969868297615
BTC,bitcoin-above-64k-on-june-5-2026-299,64000.0,1780675260,1780588800,0.5662135765045994,1.0006944444444446,63896.17,60204.04,13.423751173702414,-0.0595199624874042,0,2026-06-05,True,0.471,1780589700,-0.471,0.3279811662990168,0.316763956257403,0.26470006057285783,0.26470006057285783,0.12381922758060139
BTC,bitcoin-above-62k-on-june-8-2026-644,62000.0,1780934460,1780588800,0.5364147521275534,4.000694444444445,63896.17,63700.01,6.242735277834225,-0.0030747026210036,1,2026-06-08,True,0.741,1780591500,0.259,0.2781945545209885,0.272732178717679,0.10704412720892349,0.10704412720892349,0.29155167706142665
BTC,bitcoin-above-64k-on-june-10-2026,64000.0,1781107260,1780590600,0.4928550737863381,5.97986111111111,63646.01,62574.0,6.27903180836458,-0.0169867801042355,0,2026-06-10,True,0.46,1780595100,-0.46,-0.3533394674038102,-0.35869606892275463,-0.03164807955467996,-0.03164807955467996,-0.13416267010022664
ETH,ethereum-above-1900-on-june-10-2026,1900.0,1781107260,1780591500,0.5978701219876075,5.969444444444445,1777.9,1656.82,3.4583433142047246,-0.0705327900509498,0,2026-06-10,True,0.14,1780595100,-0.14,0.1039266029049078,0.09999834791586475,0.24988623456769854,0.24988623456769854,0.1229208532499836
BTC,bitcoin-above-66k-on-june-10-2026,66000.0,1781107260,1780591500,0.4713369508580439,5.969444444444445,63780.08,62574.0,5.535677295827715,-0.0190910595256905,0,2026-06-10,True,0.28,1780592400,-0.28,-0.1743180552303395,-0.17904050581128914,0.07931419570500493,0.07931419570500493,-0.05781575214768483
BTC,bitcoin-above-64k-on-june-11-2026,64000.0,1781193660,1780592400,0.4863105745519565,6.959027777777777,63563.51,62795.24,5.886840010681297,-0.0121602891315756,0,2026-06-11,True,0.44,1780594200,-0.44,-0.3684143233987876,-0.3733974582450527,-0.26107923814493167,-0.26107923814493167,-0.24952787292160697
BTC,bitcoin-above-62k-on-june-11-2026,62000.0,1781193660,1780592400,0.5146268216598964,6.959027777777777,63563.51,62795.24,5.342560715609522,-0.0121602891315756,1,2026-06-11,True,0.63,1780594200,0.37,0.4349670830048094,0.43044467362695366,0.3107300359317119,0.3677606469178073,0.4294341644486679
SOL,solana-above-70-on-june-11-2026,70.0,1781193660,1780598700,0.7747517188106359,6.886111111111111,69.61,65.57,3.72803878822629,-0.0597899609050471,0,2026-06-11,True,0.45,1780604100,-0.45,-0.2271007065994506,-0.2302440271294991,-0.14901894163257956,-0.14901894163257956,-0.01143121446082512
ETH,ethereum-above-1800-on-june-5-2026,1800.0,1780675260,1780600500,0.6289149415755972,0.8652777777777777,1777.51,1574.5,11.898602574497064,-0.121275746999535,0,2026-06-05,True,0.325,1780604100,-0.325,1.118011915472722,1.1097299440834145,1.1097299440834145,1.1097299440834145,0.15429077453267442
BTC,bitcoin-above-64k-on-june-9-2026-453-432,64000.0,1781020860,1780604100,0.4620387432915243,4.823611111111111,63505.31,61201.47,7.399790995353107,-0.0369523156121041,0,2026-06-09,True,0.44,1780610400,-0.44,-0.1665605876761054,-0.17296413313382172,0.20363717054711053,0.1468969957131951,-0.20265651666645412
BTC,bitcoin-above-62k-on-june-7-2026,62000.0,1780848060,1780621200,0.4757347655087625,2.625694444444445,63426.72,62078.25,8.528774233881041,-0.0214895377170655,1,2026-06-07,True,0.74,1780622100,0.26,0.4432794155793231,0.4358543932728253,0.380832646416578,0.380832646416578,0.561146446118791
BTC,bitcoin-above-64k-on-june-7-2026-536,64000.0,1780848060,1780621200,0.4270352495447866,2.625694444444445,63426.72,62078.25,10.630264906409222,-0.0214895377170655,0,2026-06-07,True,0.4,1780622100,-0.4,-0.1715605213513211,-0.18081506976468117,-0.02426925686718407,-0.02426925686718407,-0.05259503337296141
ETH,ethereum-above-1700-on-june-8-2026,1700.0,1780934460,1780621200,0.5667718264450042,3.625694444444444,1759.42,1688.75,5.969198753916509,-0.0409955989912076,0,2026-06-08,True,0.739,1780626600,-0.739,-0.4942891215856226,-0.5002701269042872,-0.21833818319483037,-0.21833818319483037,0.21468725381490086
ETH,ethereum-above-1800-on-june-11-2026,1800.0,1781193660,1780621200,0.5746924827197055,6.625694444444445,1759.42,1646.32,4.874115592585037,-0.0664417152313227,0,2026-06-11,True,0.37,1780626600,-0.37,-0.0461553997929148,-0.051748635373600506,0.15948931742779396,0.15948931742779396,0.09810626683186266
ETH,ethereum-above-1700-on-june-11-2026,1700.0,1781193660,1780621200,0.6202568029170378,6.625694444444445,1759.42,1646.32,4.459123819375831,-0.0664417152313227,0,2026-06-11,True,0.68,1780626600,-0.68,-0.3837281650118226,-0.3888451815313238,-0.21231049633646892,-0.21231049633646892,-0.09833299680531936
ETH,ethereum-above-1700-on-june-6-2026,1700.0,1780761660,1780622100,0.6498493994178716,1.6152777777777778,1756.24,1559.05,7.063246000958228,-0.1190984987312577,0,2026-06-06,True,0.773,1780626600,-0.773,0.0682219948836845,0.0628377960803643,-0.04060108503022993,-0.04060108503022993,0.10932964548516948
BTC,bitcoin-above-62k-on-june-6-2026-188,62000.0,1780761660,1780622100,0.5163366469799322,1.6152777777777778,63361.92,60787.86,9.61076893324502,-0.0414729520947746,0,2026-06-06,True,0.74,1780625700,-0.74,-0.3414130404375803,-0.3497724424879763,-0.32011814305274444,-0.32011814305274444,-0.15326580230707745
ETH,ethereum-above-1800-on-june-7-2026,1800.0,1780848060,1780622100,0.5357040472887286,2.615277777777778,1756.24,1628.3,7.498074185153385,-0.0756386343454928,0,2026-06-07,True,0.26,1780625700,-0.26,0.3071440915861961,0.3008056573871036,0.5005201598178615,0.5005201598178615,0.22591877128659338
BTC,bitcoin-above-64k-on-june-8-2026-139,64000.0,1780934460,1780622100,0.4282139998986187,3.615277777777778,63361.92,63700.01,9.058295571211042,0.0053216694866306,0,2026-06-08,True,0.397,1780626600,-0.397,-0.4452052551421955,-0.45313094960822625,-0.374303717930271,-0.374303717930271,-0.3260014317852935
ETH,ethereum-above-1800-on-june-9-2026,1800.0,1781020860,1780623900,0.5458060077879945,4.594444444444445,1757.66,1638.95,5.96648988224782,-0.0699275860757491,0,2026-06-09,True,0.33,1780626600,-0.33,0.0872222348109709,0.08038795835096965,0.24550070918361142,0.24550070918361142,0.19877677292544185
ETH,ethereum-above-1800-on-june-10-2026,1800.0,1781107260,1780623900,0.5572408935675475,5.594444444444444,1757.66,1656.82,5.380923309729507,-0.0590832764763274,0,2026-06-10,True,0.35,1780626600,-0.35,-0.0320774203933363,-0.03825234917480785,0.18760663806581404,0.18760663806581404,0.1628000508367248
ETH,ethereum-above-1700-on-june-10-2026,1700.0,1781107260,1780623900,0.6134185458156401,5.594444444444444,1757.66,1656.82,4.846875195399484,-0.0590832764763274,0,2026-06-10,True,0.6900000000000001,1780625700,-0.6900000000000001,-0.4036307327839585,-0.4091928096658492,-0.2489076330261757,-0.2489076330261757,-0.1448406404390073
BTC,bitcoin-above-62k-on-june-10-2026,62000.0,1781107260,1780624800,0.4871469099846834,5.584027777777778,63374.67,62574.0,6.262150660611956,-0.0127143984300677,1,2026-06-10,True,0.67,1780625700,0.3299999999999999,0.4096194785281321,0.40427747777118234,0.264006626682255,0.3743645003914089,0.37352057404160544
BTC,bitcoin-above-62k-on-june-9-2026,62000.0,1781020860,1780624800,0.485949270138124,4.584027777777778,63374.67,61201.47,6.827017160020784,-0.034893045959541,0,2026-06-09,True,0.681,1780625700,-0.681,-0.4427845764688193,-0.4486922983626082,-0.22407760906678414,-0.3073040967547168,0.24061290668964766
BTC,bitcoin-above-60k-on-june-10-2026,60000.0,1781107260,1780626600,0.5144069407827847,5.563194444444444,62705.48,62574.0,5.043311634124208,-0.0020989877715381,1,2026-06-10,True,0.79,1780628400,0.2099999999999999,0.2205858494480826,0.21628359535110295,0.08679818377521105,0.08679818377521105,0.06821910239562229
BTC,bitcoin-above-60k-on-june-9-2026,60000.0,1781020860,1780626600,0.5223974275722184,4.563194444444444,62705.48,61201.47,5.248171771753255,-0.0242776353010116,1,2026-06-09,True,0.8,1780627500,0.1999999999999999,0.3274132002716894,0.322871725450457,0.20803809608090476,0.20803809608090476,0.17684704120775208
BTC,bitcoin-above-58k-on-june-10-2026,58000.0,1781107260,1780629300,0.5652180293130381,5.531944444444445,62379.62,62574.0,3.4378797361121785,0.0031112369020843,1,2026-06-10,True,0.864,1780640100,0.136,0.1253039417000798,0.12237123539685608,0.07071976778366534,0.07071976778366534,0.018869232032461256
BTC,bitcoin-above-66k-on-june-8-2026-811,66000.0,1780934460,1780632000,0.4219767912934922,3.500694444444444,62730.0,63700.01,4.418173672390624,0.0153449174553248,0,2026-06-08,True,0.0999999999999999,1780640100,-0.0999999999999999,-0.1677965103061234,-0.17166218027035415,-0.04123121592759144,-0.04123121592759144,-0.0640535354234059
ETH,ethereum-above-1600-on-june-11-2026,1600.0,1781193660,1780632000,0.6887885335509606,6.500694444444444,1729.71,1646.32,3.146342644125681,-0.0494112703482393,1,2026-06-11,True,0.8200000000000001,1780638300,0.1799999999999999,0.335464786997088,0.3318541503829107,0.24265631465917736,0.2630609739665408,0.1289776211711384
BTC,bitcoin-above-66k-on-june-9-2026-493,66000.0,1781020860,1780633800,0.4373067364032381,4.479861111111111,63240.32,61201.47,5.463294729417196,-0.0327708635793632,0,2026-06-09,True,0.18,1780638300,-0.18,-0.0009631137284148,-0.005668147957818518,0.038892668768971135,0.038892668768971135,0.13878845537508008
BTC,bitcoin-above-60k-on-june-7-2026-159,60000.0,1780848060,1780633800,0.5685011422941463,2.479861111111111,63240.32,62078.25,4.6540568367851884,-0.0185463863723765,1,2026-06-07,True,0.89,1780639200,0.1099999999999999,0.1963159362940188,0.19228343522031738,-0.02324813379314139,0.027757594524737927,-0.11583581992755909
BTC,bitcoin-above-64k-on-june-6-2026-957-953-472-848,64000.0,1780761660,1780635600,0.4752364544287489,1.4590277777777778,63615.23,60787.86,12.972098248471251,-0.0454628091050458,0,2026-06-06,True,0.406,1780636500,-0.406,0.183748026362148,0.17257203793884016,0.31588503805886586,0.31588503805886586,0.12584630956929696
BTC,bitcoin-above-60k-on-june-5-2026,60000.0,1780675260,1780639200,0.7823847557654304,0.417361111111111,62329.35,60204.04,5.45199858302548,-0.0346929627036541,1,2026-06-05,True,0.898,1780640100,0.1019999999999999,0.2911459835012782,0.28674290295671445,0.28674290295671445,0.28674290295671445,0.39905530128904243
ETH,ethereum-above-1500-on-june-7-2026,1500.0,1780848060,1780639200,0.8815328514303492,2.417361111111111,1684.16,1628.3,1.6003630770210788,-0.0337303973952396,1,2026-06-07,True,0.939,1780641000,0.0609999999999999,0.1149808825645893,0.11362777171763326,0.019783885675032,0.07298703312365667,-0.009999627536929782
ETH,ethereum-above-1600-on-june-10-2026,1600.0,1781107260,1780639200,0.6688773212077191,5.417361111111111,1684.16,1656.82,4.117659951504687,-0.016366820693838,1,2026-06-10,True,0.738,1780641000,0.262,0.3293930021044752,0.32466711581630386,0.13766837987967792,0.21580999421601418,0.12864882244167267
BTC,bitcoin-above-58k-on-june-7-2026-356-993,58000.0,1780848060,1780640100,0.6387100102046085,2.406944444444445,62082.93,62078.25,3.365850683702366,-7.538588151653826e-05,1,2026-06-07,True,0.914,1780641000,0.0859999999999999,0.0862537376208439,0.08343380056245482,0.08413664081109051,0.08413664081109051,-0.028057110760254397
BTC,bitcoin-above-60k-on-june-6-2026-252,60000.0,1780761660,1780641000,0.6535020589242897,1.3965277777777778,61681.21,60787.86,7.919697512469589,-0.0145892484601105,1,2026-06-06,True,0.764,1780643700,0.236,0.3515424347383381,0.34495146092692286,0.36519565770152795,0.36519565770152795,-0.03443972300546011
BTC,bitcoin-above-58k-on-june-9-2026,58000.0,1781020860,1780641900,0.6422401407475742,4.386111111111111,62146.11,61201.47,3.6240198297486166,-0.0153170166533569,1,2026-06-09,True,0.851,1780642800,0.149,0.2045091720843553,0.20152667068391253,0.05888173061940811,0.05888173061940811,0.06550529845446199
ETH,ethereum-above-1700-on-june-9-2026,1700.0,1781020860,1780641900,0.63054274869787,4.386111111111111,1664.95,1638.95,5.4549714441118144,-0.0157393000614493,0,2026-06-09,True,0.37,1780643700,-0.37,-0.2841425676144863,-0.29038854246858853,0.20238802903633663,-0.030749006800777877,0.0569471003530817
XRP,xrp-above-1pt1-on-june-5-2026,1.1,1780675260,1780651800,0.828836503282212,0.2715277777777777,1.1381,1.0939,5.773061488273305,-0.0396109131620988,0,2026-06-05,True,0.876,1780661700,-0.876,-0.6473237627085493,-0.6510512892778445,-0.6510512892778445,-0.6510512892778445,-0.462290604434203
ETH,ethereum-above-1600-on-june-6-2026,1600.0,1780761660,1780653600,0.9317886780206188,1.2506944444444443,1682.72,1559.05,4.891977276811347,-0.0763348703873086,0,2026-06-06,True,0.848,1780662600,-0.848,-0.4745715486369466,-0.4782975641211696,-0.4239200379228427,-0.4453526992355069,-0.16352083940402032
ETH,ethereum-above-1500-on-june-11-2026,1500.0,1781193660,1780653600,0.8569570620568311,6.250694444444445,1682.72,1646.32,2.2247231784639845,-0.0218690377374249,1,2026-06-11,True,0.87,1780668000,0.13,0.1786525551451527,0.17610098172255323,0.058705688501073536,0.058705688501073536,0.0035004308707256354
ETH,ethereum-above-1500-on-june-9-2026,1500.0,1781020860,1780654500,0.8891062680750027,4.240277777777778,1677.53,1638.95,2.2250742972001727,-0.0232666805693585,1,2026-06-09,True,0.903,1780668000,0.0969999999999999,0.1487700929160463,0.1462228069772516,-0.027228386386553033,-0.021741039822593438,-0.07391983591987998
ETH,ethereum-above-1700-on-june-7-2026,1700.0,1780848060,1780654500,0.6552952961573747,2.2402777777777776,1677.53,1628.3,7.461902986815946,-0.0297859476713384,0,2026-06-07,True,0.392,1780659900,-0.392,-0.1697401481060959,-0.17604333761048546,0.10647533778943181,0.10647533778943181,0.037147732528356715
BTC,bitcoin-above-66k-on-june-11-2026,66000.0,1781193660,1780655400,0.4621200099947662,6.229861111111111,62586.01,62795.24,4.367901536923282,0.0033375037211146,0,2026-06-11,True,0.17,1780659900,-0.17,-0.1845778876329439,-0.18789342525357916,-0.04601469036389405,-0.04601469036389405,-0.062254566874887875
BTC,bitcoin-above-56k-on-june-10-2026,56000.0,1781107260,1780659900,0.7019099261255984,5.177777777777778,62114.4,62574.0,2.329082418085304,0.0073720102506794,1,2026-06-10,True,0.913,1780668000,0.0869999999999999,0.0698299805391978,0.06804852396538551,0.03490058562952167,0.03490058562952167,0.01545327301982961
XRP,xrp-above-1pt1-on-june-6-2026,1.1,1780761660,1780665300,0.6657953389671298,1.1152777777777778,1.1264,1.0959,8.910989904103845,-0.0274507629344314,0,2026-06-06,True,0.706,1780668000,-0.706,-0.4613865286313331,-0.4654052586818019,-0.4654052586818019,-0.4654052586818019,-0.3700373132833495
ETH,ethereum-above-1500-on-june-8-2026,1500.0,1780934460,1780668900,0.8839645274537051,3.073611111111111,1615.77,1688.75,3.350993927957868,0.0441769870554518,1,2026-06-08,True,0.834,1780672500,0.166,0.0179631846217075,0.014608259511995975,-0.03591505884346512,-0.03591505884346512,-0.09389656855181738
BTC,bitcoin-above-58k-on-june-6-2026,58000.0,1780761660,1780674300,0.7559413941289614,1.011111111111111,60370.0,60787.86,6.162542252207186,0.0068978051742363,1,2026-06-06,True,0.87,1780685100,0.13,0.0874919841662754,0.08294497965744534,0.07548038317938775,0.07548038317938775,-0.022271294482782415
BTC,bitcoin-above-60k-on-june-8-2026,60000.0,1780934460,1780677900,0.5908287477471217,2.969444444444445,60832.49,63700.01,7.287474848236327,0.0460606983193312,1,2026-06-08,True,0.62,1780684200,0.38,0.0443338195056722,0.03902938805311032,0.017353254293644635,0.017353254293644635,0.0465851116868341
BTC,bitcoin-above-62k-on-june-11-2026,62000.0,1781193660,1780678800,0.5694920063984055,5.959027777777778,61394.39,62795.24,5.40269867964053,0.0225608115225297,1,2026-06-11,True,0.44,1780680600,0.56,0.4381107333756098,0.434353391985315,0.3160373388940749,0.37187638288470437,0.39899029896537624
BTC,bitcoin-above-64k-on-june-11-2026,64000.0,1781193660,1780678800,0.540446978603576,5.959027777777778,61394.39,62795.24,4.718027292361405,0.0225608115225297,0,2026-06-11,True,0.26,1780679700,-0.26,-0.366442524501117,-0.36972370679117017,-0.28376953952025197,-0.28376953952025197,-0.24713283381741485
BTC,bitcoin-above-62k-on-june-8-2026-644,62000.0,1780934460,1780678800,0.5550938243044793,2.959027777777778,61394.39,63700.01,7.788837610558085,0.0368662566633728,1,2026-06-08,True,0.431,1780679700,0.569,0.2818547135398341,0.2762158570678859,0.18390528386935381,0.18390528386935381,0.24550277439601714
BTC,bitcoin-above-60k-on-june-11-2026,60000.0,1781193660,1780679700,0.6045890366030565,5.948611111111111,61061.06,62795.24,5.0777392539779935,0.0280049272932881,1,2026-06-11,True,0.6,1780684200,0.4,0.2577982813780712,0.254272264005939,0.18349173188138784,0.18349173188138784,0.15316062318214566
BTC,bitcoin-above-58k-on-june-11-2026,58000.0,1781193660,1780679700,0.6618506651207794,5.948611111111111,61061.06,62795.24,4.021718692895297,0.0280049272932881,1,2026-06-11,True,0.76,1780684200,0.24,0.1273720604114094,0.12457935104456501,0.09712294143908447,0.09712294143908447,0.04754662116966917
ETH,ethereum-above-1500-on-june-6-2026,1500.0,1780761660,1780680600,1.0440054476980836,0.9381944444444444,1589.42,1559.05,4.263365015505286,-0.0192925084072913,1,2026-06-06,True,0.895,1780684200,0.1049999999999999,0.1872510054049874,0.18400292595002132,0.18400292595002132,0.18400292595002132,-0.060669446348214015
BTC,bitcoin-above-64k-on-june-10-2026,64000.0,1781107260,1780680600,0.5298529340399114,4.938194444444445,60697.27,62574.0,4.354212699179342,0.0304511346013999,0,2026-06-10,True,0.18,1780684200,-0.18,-0.3125907169858352,-0.3156385082540694,-0.17043898554378806,-0.24445485326010216,-0.15364147096186634
BTC,bitcoin-above-54k-on-june-11-2026,54000.0,1781193660,1780682400,0.8111033842767329,5.917361111111111,60813.99,62795.24,2.111672373221003,0.0320594132354437,1,2026-06-11,True,0.904,1780685100,0.0959999999999999,0.0283010227690375,0.026841311193090852,0.027378671847665337,0.027378671847665337,0.012830220844823048
BTC,bitcoin-above-58k-on-june-8-2026,58000.0,1780934460,1780683300,0.643788869326449,2.906944444444445,60624.35,63700.01,5.274652100460039,0.0494880920132912,1,2026-06-08,True,0.81,1780684200,0.1899999999999999,-0.0710324684856664,-0.07481954195814693,-0.03429500870934252,-0.03429500870934252,-0.053854323252691245
BTC,bitcoin-above-56k-on-june-8-2026,56000.0,1780934460,1780685100,0.7214540264380007,2.886111111111111,59952.0,63700.01,3.655300609669156,0.060640477512645,1,2026-06-08,True,0.86,1780686000,0.14,-0.0816591744226002,-0.08427048789884482,0.009486435336965797,0.009486435336965797,-0.04873570842835345
BTC,bitcoin-above-56k-on-june-9-2026,56000.0,1781020860,1780685100,0.7082472641654438,3.886111111111111,59952.0,61201.47,3.652212567448837,0.0206269667863257,1,2026-06-09,True,0.86,1780686000,0.14,0.0646659326746312,0.06209196246397858,-0.019737704913358176,-0.019737704913358176,-0.043235300531856945
BTC,bitcoin-above-64k-on-june-9-2026-453-432,64000.0,1781020860,1780694100,0.5386598251962731,3.781944444444444,61860.0,61201.47,5.899229540237333,-0.0107025584192661,0,2026-06-09,True,0.25,1780695000,-0.25,-0.1868631512169491,-0.1909920177892891,0.34903466283425877,0.05553479529228541,-0.1714989856527269
BTC,bitcoin-above-62k-on-june-7-2026,62000.0,1780848060,1780707600,0.521508795556732,1.6256944444444446,61273.29,62078.25,10.75795922888226,0.0130516639966188,1,2026-06-07,True,0.36,1780708500,0.64,0.4995907308553042,0.49200436164530137,0.46764917982493953,0.46764917982493953,0.6143344763200446
BTC,bitcoin-above-60k-on-june-10-2026,60000.0,1781107260,1780713000,0.5940995471827851,4.563194444444444,60796.81,62574.0,5.924107669400929,0.0288125358767194,1,2026-06-10,True,0.59,1780716600,0.41,0.2393114352378367,0.23523764322336801,0.13173589020917792,0.13173589020917792,0.10359278874428114
BTC,bitcoin-above-60k-on-june-9-2026,60000.0,1781020860,1780713900,0.601307749282183,3.5527777777777776,60938.01,61201.47,6.546447121679479,0.0043140908838439,1,2026-06-09,True,0.627,1780715700,0.373,0.3447580321507964,0.3401758710984027,0.2452663825636117,0.2452663825636117,0.19819349652949472
BTC,bitcoin-above-62k-on-june-10-2026,62000.0,1781107260,1780714800,0.555443663823128,4.542361111111111,60951.64,62574.0,6.143499957212988,0.0262690935007788,1,2026-06-10,True,0.4,1780715700,0.6,0.4386158252019412,0.43439116514117726,0.30835838730038373,0.40600052572322837,0.34731604447344894
BTC,bitcoin-above-58k-on-june-10-2026,58000.0,1781107260,1780715700,0.6508389782008662,4.531944444444444,60874.09,62574.0,4.50900756437537,0.0275422237414071,1,2026-06-10,True,0.762,1780719300,0.238,0.1138119048102763,0.11071122534359275,0.08929757543494776,0.08929757543494776,0.05513431041624553
BTC,bitcoin-above-62k-on-june-9-2026,62000.0,1781020860,1780726500,0.601752215355255,3.406944444444445,61152.06,61201.47,6.623676640253107,0.0008076596185807,0,2026-06-09,True,0.414,1780727400,-0.414,-0.4193496761488693,-0.4239731331490479,-0.31374987408729166,-0.31374987408729166,0.13208255603742397
BTC,bitcoin-above-58k-on-june-9-2026,58000.0,1781020860,1780728300,0.6715770351825318,3.386111111111111,60804.0,61201.47,4.835618232288154,0.0065156325558844,1,2026-06-09,True,0.777,1780741800,0.2229999999999999,0.191492888417875,0.18812302283693827,0.054216756461357096,0.054216756461357096,0.08465896495283061
ETH,ethereum-above-1600-on-june-10-2026,1600.0,1781107260,1780731000,0.7835488046144361,4.354861111111111,1567.99,1656.82,4.483429624464584,0.0551055581325801,1,2026-06-10,True,0.396,1780741800,0.604,0.3569381081957348,0.35204077376159065,0.2765359824281515,0.29957103941452706,0.16719329783773337
ETH,ethereum-above-1600-on-june-9-2026,1600.0,1781020860,1780731000,0.7892132620615364,3.354861111111111,1567.99,1638.95,5.033091159366493,0.0442612485331585,1,2026-06-09,True,0.381,1780741800,0.619,0.3962291013052367,0.39074201094403044,0.30632374624334013,0.30632374624334013,0.2646698749628082
ETH,ethereum-above-1700-on-june-10-2026,1700.0,1781107260,1780731900,0.75806080077115,4.344444444444444,1576.85,1656.82,3.07013706948474,0.0494709163438267,0,2026-06-10,True,0.15,1780742700,-0.15,-0.301882494128561,-0.30523537250244387,-0.21106534352040152,-0.29783626805306646,-0.17868465374088108
ETH,ethereum-above-1700-on-june-8-2026,1700.0,1780934460,1780738200,0.7491334095673898,2.2715277777777776,1587.17,1688.75,3.318946221453723,0.0620360541321077,0,2026-06-08,True,0.0839999999999999,1780741800,-0.0839999999999999,-0.2898943274556576,-0.2930252811565002,-0.4503839680668143,-0.38516843562876907,0.0869319870761906
BTC,bitcoin-above-60k-on-june-6-2026-252,60000.0,1780761660,1780740000,0.5034024717263421,0.2506944444444444,60981.24,60787.86,14.31482728198451,-0.0031761779067069,1,2026-06-06,True,0.859,1780740900,0.141,0.1864664381513657,0.17644205764510545,0.17644205764510545,0.17644205764510545,0.17644205764510545
BTC,bitcoin-above-58k-on-june-7-2026-356-993,58000.0,1780848060,1780741800,0.6240569653649903,1.229861111111111,60527.28,62078.25,5.624297938604827,0.0253015135458941,1,2026-06-07,True,0.881,1780742700,0.119,-0.0233032504797546,-0.027246272061082412,-0.0660388352653762,-0.0660388352653762,-0.01341535172148643
BTC,bitcoin-above-60k-on-june-7-2026-159,60000.0,1780848060,1780741800,0.5368558458072482,1.229861111111111,60527.28,62078.25,12.359474498050297,0.0253015135458941,1,2026-06-07,True,0.59,1780742700,0.41,0.0972865885674469,0.08862174271261103,0.014922094190582122,0.014922094190582122,0.10353560895045613
ETH,ethereum-above-1600-on-june-7-2026,1600.0,1780848060,1780753500,0.7520040587270067,1.0944444444444443,1563.83,1628.3,8.207811760199547,0.0403985852248927,1,2026-06-07,True,0.248,1780758900,0.752,0.420416017095702,0.4139852085497768,0.32183239449204804,0.35385607692060606,0.27681008657551615
ETH,ethereum-above-1500-on-june-8-2026,1500.0,1780934460,1780760700,0.8687334794096487,2.011111111111111,1563.6,1688.75,5.13092432685221,0.0769977553556089,1,2026-06-08,True,0.754,1780769700,0.246,-0.1490696560671087,-0.15389212049878886,-0.07436178448444127,-0.07436178448444127,-0.10168127272434883
BTC,bitcoin-above-58k-on-june-8-2026,58000.0,1780934460,1780770600,0.6580284894174026,1.8965277777777776,60702.98,63700.01,5.4243999387809465,0.0481919287991422,1,2026-06-08,True,0.84,1780771500,0.16,-0.1014122956278028,-0.10523427432957091,-0.04453984974722398,-0.04453984974722398,-0.04998107865319436
BTC,bitcoin-above-60k-on-june-8-2026,60000.0,1780934460,1780770600,0.6022489862706621,1.8965277777777776,60702.98,63700.01,8.914447080117222,0.0481919287991422,1,2026-06-08,True,0.61,1780771500,0.39,-0.0396043989687305,-0.045885430467654545,0.0061719372686678915,0.0061719372686678915,0.017138914695407164
BTC,bitcoin-above-62k-on-june-8-2026-644,62000.0,1780934460,1780790400,0.5854285645930107,1.667361111111111,60884.62,63700.01,8.991485718461568,0.0452041218990167,1,2026-06-08,True,0.316,1780791300,0.6839999999999999,0.2775477835293949,0.27121247136564186,0.2681981804100884,0.2681981804100884,0.25993867851298574
BTC,bitcoin-above-64k-on-june-10-2026,64000.0,1781107260,1780795800,0.558393744662603,3.604861111111111,61638.78,62574.0,5.6065318326068505,0.0150586384537215,0,2026-06-10,True,0.22,1780798500,-0.22,-0.3044267358465076,-0.3082542394347835,-0.22156363069247054,-0.22156363069247054,-0.1566801961736704
BTC,bitcoin-above-56k-on-june-10-2026,56000.0,1781107260,1780804800,0.7959777021929476,3.500694444444444,61701.07,62574.0,2.476975955911974,0.0140485836288493,1,2026-06-10,True,0.916,1780805700,0.0839999999999999,0.0492019961367214,0.04751099809329798,0.04491627042811085,0.04491627042811085,0.029203643935024615
BTC,bitcoin-above-58k-on-june-10-2026,58000.0,1781107260,1780805700,0.6939625687184963,3.4902777777777776,61552.0,62574.0,4.124318105400245,0.0164675103571915,1,2026-06-10,True,0.834,1780806600,0.166,0.0980827488829687,0.09526720238268567,0.08403274741364274,0.08403274741364274,0.0043411089463501785
BTC,bitcoin-above-64k-on-june-8-2026-139,64000.0,1780934460,1780808400,0.6097810896324073,1.4590277777777778,61890.92,63700.01,6.9733955608100455,0.0288112388399786,0,2026-06-08,True,0.18,1780809300,-0.18,-0.3809121650281454,-0.3858250787802676,-0.4621577159877841,-0.4621577159877841,-0.39681865661025534
BTC,bitcoin-above-66k-on-june-10-2026,66000.0,1781107260,1780820100,0.6872625900677538,3.3236111111111115,62383.58,62574.0,4.08626393297798,0.0030477566450642,0,2026-06-10,True,0.15,1780829100,-0.15,-0.1624539380552199,-0.16524276338434815,-0.11265206116057727,-0.11265206116057727,-0.10101377717167472
BTC,bitcoin-above-70k-on-june-11-2026,70000.0,1781193660,1780820100,0.7462659528930431,4.323611111111111,62383.58,62795.24,1.6946644958552637,0.006577174701067,0,2026-06-11,True,0.038,1780825500,-0.038,-0.0491461044489358,-0.050291496806934025,-0.052353281319214254,-0.052353281319214254,-0.03095365680595821
BTC,bitcoin-above-64k-on-june-7-2026-536,64000.0,1780848060,1780822800,0.5736150666748919,0.2923611111111111,62855.01,62078.25,13.123002286415757,-0.0124349594184705,0,2026-06-07,True,0.11,1780823700,-0.11,0.0531840008800761,0.04399784902086205,0.04399784902086205,0.04399784902086205,0.04399784902086205
ETH,ethereum-above-1600-on-june-9-2026,1600.0,1781020860,1780824600,0.8798989067479266,2.2715277777777776,1641.63,1638.95,5.433085083257886,-0.0016338577911139,1,2026-06-09,True,0.646,1780830000,0.354,0.362876888393066,0.3572997216997754,0.25881622866437975,0.25881622866437975,0.2515737117911832
BTC,bitcoin-above-60k-on-june-9-2026,60000.0,1781020860,1780835400,0.7356029030678485,2.146527777777778,61935.92,61201.47,6.129923821289835,-0.0119290933408978,1,2026-06-09,True,0.724,1780836300,0.276,0.3491244334367596,0.34486558658442146,0.19151580812653088,0.19151580812653088,0.19887964153038235
BTC,bitcoin-above-58k-on-june-9-2026,58000.0,1781020860,1780837200,0.8033359157952594,2.125694444444445,61900.67,61201.47,3.824468179394861,-0.0113597947038464,1,2026-06-09,True,0.858,1780839900,0.142,0.1854451733693189,0.1827880727686368,0.04372672248183883,0.04372672248183883,0.09021450810583552
ETH,ethereum-above-1500-on-june-11-2026,1500.0,1781193660,1780847100,0.9539292899781386,4.011111111111111,1632.78,1646.32,2.90110514956299,0.0082584105112758,1,2026-06-11,True,0.8220000000000001,1780860600,0.1779999999999999,0.1540414827385324,0.151128691596552,0.11302108158367606,0.11302108158367606,0.0511500603389339
BTC,bitcoin-above-62k-on-june-11-2026,62000.0,1781193660,1780848900,0.6578250930681545,3.9902777777777776,62158.0,62795.24,5.800200602942349,0.010199743913544,1,2026-06-11,True,0.52,1780859700,0.48,0.4208394392028045,0.41691926574317184,0.30323346993792544,0.3393224811579967,0.37541472327748604
ETH,ethereum-above-1700-on-june-11-2026,1700.0,1781193660,1780852500,0.788064201064274,3.948611111111112,1635.25,1646.32,4.263214457876404,0.0067467961929712,0,2026-06-11,True,0.3,1780859700,-0.3,-0.3287630390742203,-0.3329512846352436,-0.29292409049886686,-0.29292409049886686,-0.148240423531903
BTC,bitcoin-above-64k-on-june-11-2026,64000.0,1781193660,1780856100,0.6382831122195373,3.906944444444445,62282.2,62795.24,5.471665904941129,0.0082036037395431,0,2026-06-11,True,0.33,1780858800,-0.33,-0.3748873788793059,-0.3785854685610661,-0.2963059130981711,-0.2963059130981711,-0.32065219837662007
BTC,bitcoin-above-58k-on-june-8-2026,58000.0,1780934460,1780859700,0.9324155917757468,0.8652777777777777,61657.61,63700.01,3.656095169814776,0.0325880588043266,1,2026-06-08,True,0.9,1780860600,0.0999999999999999,-0.0191450443881384,-0.021720027253107073,-0.021720027253107073,-0.021720027253107073,-0.01770680534197258
BTC,bitcoin-above-60k-on-june-8-2026,60000.0,1780934460,1780859700,0.812698899561124,0.8652777777777777,61657.61,63700.01,8.060889436017534,0.0325880588043266,1,2026-06-08,True,0.76,1780860600,0.24,-0.0226887389561146,-0.02836601244328235,-0.02836601244328235,-0.02836601244328235,-0.021004407999599572
BTC,bitcoin-above-66k-on-june-9-2026-493,66000.0,1781020860,1780870500,0.7244269334962242,1.7402777777777776,63586.98,61201.47,5.931117925416434,-0.0382375235699055,0,2026-06-09,True,0.228,1780871400,-0.228,-0.0012087385309997,-0.005319281329219601,-0.1629865391935631,-0.1629865391935631,-0.108360464488443
ETH,ethereum-above-1700-on-june-8-2026,1700.0,1780934460,1780874100,0.8939781291740737,0.6986111111111111,1680.14,1688.75,9.69112831866583,0.0051114870158,0,2026-06-08,True,0.368,1780882200,-0.368,-0.4175360765693122,-0.4247341355937433,-0.4247341355937433,-0.4247341355937433,-0.4247341355937433
ETH,ethereum-above-1800-on-june-9-2026,1800.0,1781020860,1780876800,0.7986783558902711,1.667361111111111,1690.51,1638.95,3.64247467472956,-0.0309744656679323,0,2026-06-09,True,0.106,1780882200,-0.106,0.0068237067587236,0.003595745604809595,-0.0662813942919878,-0.0662813942919878,0.0311079094935686
ETH,ethereum-above-1800-on-june-10-2026,1800.0,1781107260,1780880400,0.7720270289047966,2.625694444444445,1697.59,1656.82,3.9634366281845543,-0.0243094957016123,0,2026-06-10,True,0.177,1780882200,-0.177,-0.0806508543235345,-0.08417163834607687,-0.08327761989944009,-0.08327761989944009,-0.03966079291733553
BTC,bitcoin-above-64k-on-june-10-2026,64000.0,1781107260,1780882200,0.6886975374310638,2.604861111111111,62827.73,62574.0,6.456746810104939,-0.0040466801574229,0,2026-06-10,True,0.37,1780893900,-0.37,-0.3438716108020445,-0.34826728618338343,-0.26443840941415164,-0.26443840941415164,-0.1502575322733755
ETH,ethereum-above-1700-on-june-9-2026,1700.0,1781020860,1780902000,0.8385809205137191,1.3756944444444446,1666.53,1638.95,7.118595659804585,-0.0166878275137893,0,2026-06-09,True,0.34,1780908300,-0.34,-0.2212061034887715,-0.22732928849922265,0.07618087324615692,-0.030943145033595673,-0.08852311610844997
ETH,ethereum-above-1700-on-june-10-2026,1700.0,1781107260,1780905600,0.7957409294382038,2.3340277777777776,1673.47,1656.82,6.030158940669958,-0.009999212517779,0,2026-06-10,True,0.4,1780909200,-0.4,-0.3397031592362559,-0.3448905964450491,-0.2406597454155235,-0.2406597454155235,-0.2345539566005168
BTC,bitcoin-above-66k-on-june-10-2026,66000.0,1781107260,1780909200,0.5329067612265996,2.292361111111111,63132.83,62574.0,5.313296735179242,-0.0088910631400778,0,2026-06-10,True,0.14,1780914600,-0.14,-0.0927591432455516,-0.0963718034488334,-0.039575666051939455,-0.039575666051939455,-0.019196636601609307
BTC,bitcoin-above-64k-on-june-9-2026-453-432,64000.0,1781020860,1780909200,0.5763205600228584,1.292361111111111,63132.83,61201.47,10.6735873950251,-0.0310697106695513,0,2026-06-09,True,0.37,1780914600,-0.37,-0.0383747278303998,-0.04576310271731918,-0.022170631571590965,-0.022170631571590965,-0.11531351710007812
BTC,bitcoin-above-62k-on-june-10-2026,62000.0,1781107260,1780909200,0.6410451489038628,2.292361111111111,63132.83,62574.0,7.434196202819654,-0.0088910631400778,1,2026-06-10,True,0.67,1780920900,0.3299999999999999,0.3960979078349967,0.3910431883070069,0.271678481086489,0.35407797281448844,0.27382078693283746
BTC,bitcoin-above-64k-on-june-8-2026-139,64000.0,1780934460,1780910100,0.5734049689117139,0.2819444444444444,63337.2,63700.01,20.11782003863458,0.0057118853036572,0,2026-06-08,True,0.245,1780914600,-0.245,-0.3599106806202991,-0.37403000694591226,-0.37403000694591226,-0.37403000694591226,-0.37403000694591226
BTC,bitcoin-above-62k-on-june-8-2026-644,62000.0,1780934460,1780918200,0.6801523826723125,0.1881944444444444,63616.37,63700.01,6.526974523790887,0.0013138923999002,1,2026-06-08,True,0.93,1780919100,0.0699999999999999,0.0614242577788486,0.056843419345888546,0.056843419345888546,0.056843419345888546,0.056843419345888546
XRP,xrp-above-1pt2-on-june-10-2026,1.2,1781107260,1780929000,0.825772339592417,2.063194444444445,1.1655,1.1274,5.668160140084237,-0.0332360828283372,0,2026-06-10,True,0.29,1780938900,-0.29,-0.1016125600998808,-0.1016426582629575,-0.11983386250466921,-0.11983386250466921,-0.11983386250466921
XRP,xrp-above-1pt2-on-june-9-2026,1.2,1781020860,1780930800,0.7836260663259724,1.042361111111111,1.1728,1.1305,8.105374762907724,-0.0367340394143625,0,2026-06-09,True,0.26,1780938000,-0.26,0.0377431560088318,0.033727755567087285,-0.015133699039106649,-0.015133699039106649,-0.038675823981614385
BTC,bitcoin-above-68k-on-june-11-2026,68000.0,1781193660,1780931700,0.5023811022867493,3.031944444444444,64184.0,62795.24,3.8197089758680094,-0.0218746840282213,0,2026-06-11,True,0.077,1780933500,-0.077,0.0065549269268738,0.003989701263660045,0.0678110563851764,0.0678110563851764,0.041209366403321464
ETH,ethereum-above-1800-on-june-11-2026,1800.0,1781193660,1780956000,0.6019762706661205,2.750694444444445,1703.52,1646.32,4.259182957442799,-0.0341542045320025,0,2026-06-11,True,0.118,1780965900,-0.118,0.0274690058677209,0.024261277104360962,0.04960993453514375,0.04960993453514375,0.025002937488902133
BTC,bitcoin-above-64k-on-june-11-2026,64000.0,1781193660,1780959600,0.4822891846615694,2.7090277777777776,63440.01,62795.24,9.345991367544842,-0.0102154605327026,0,2026-06-11,True,0.42,1780961400,-0.42,-0.3245263940458661,-0.3308004913237635,-0.21306832947826507,-0.21306832947826507,-0.307870075918516
BTC,bitcoin-above-66k-on-june-11-2026,66000.0,1781193660,1780960500,0.466532211657816,2.698611111111111,63587.81,62795.24,6.344022040992461,-0.0125425108858733,0,2026-06-11,True,0.16,1780961400,-0.16,-0.0804300344906318,-0.08468886695184345,0.03006673448964615,0.03006673448964615,-0.021014502629017093
BTC,bitcoin-above-62k-on-june-11-2026,62000.0,1781193660,1780962300,0.5184076609066292,2.677777777777778,63134.0,62795.24,8.339593628080737,-0.0053801772670726,1,2026-06-11,True,0.67,1780965000,0.3299999999999999,0.3748684920544238,0.36927000393015624,0.2002990346823287,0.20100715541956213,0.3214624219433249
BTC,bitcoin-above-62k-on-june-9-2026,62000.0,1781020860,1780962300,0.4818203296103452,0.6777777777777778,63134.0,61201.47,13.245210158492153,-0.0310882428525487,0,2026-06-09,True,0.812,1780965000,-0.812,-0.4002296899597499,-0.4093715794052561,-0.4093715794052561,-0.4093715794052561,-0.2690275829751186
BTC,bitcoin-above-64k-on-june-10-2026,64000.0,1781107260,1780974000,0.4766946646231499,1.542361111111111,62868.0,62574.0,10.808763803716383,-0.0046874338469521,0,2026-06-10,True,0.27,1780975800,-0.27,-0.2193346347027488,-0.22666208137013016,-0.04013881309062905,-0.04013881309062905,-0.13557414593412256
ETH,ethereum-above-1700-on-june-9-2026,1700.0,1781020860,1780988400,0.6280192050716803,0.3756944444444445,1685.98,1638.95,18.12021767844464,-0.0282912042230834,0,2026-06-09,True,0.36,1780989300,-0.36,0.1526427789076048,0.13989630521100663,0.13989630521100663,0.13989630521100663,0.13293655883802155
BTC,bitcoin-above-60k-on-june-12-2026,60000.0,1781280060,1781000100,0.5102438698380073,3.2402777777777776,62776.0,63662.1,5.4512229220195785,0.0140165742320989,1,2026-06-12,True,0.83,1781003700,0.17,0.093592529257793,0.09012011057032711,0.031303500345317356,0.031303500345317356,-0.06486326170788646
ETH,ethereum-above-1600-on-june-11-2026,1600.0,1781193660,1781006400,0.6867918638824798,2.167361111111111,1671.96,1646.32,5.452780230579207,-0.0154540968792072,1,2026-06-11,True,0.81,1781014500,0.1899999999999999,0.274267793944397,0.2704393276597526,0.10454027592718956,0.10454027592718956,0.259162343533078
ETH,ethereum-above-1700-on-june-10-2026,1700.0,1781107260,1781007300,0.5959241466323444,1.1569444444444443,1681.52,1656.82,11.213169952858532,-0.0147980437801483,0,2026-06-10,True,0.35,1781009100,-0.35,-0.1840670201233558,-0.1919400195632704,0.028209389650169316,0.028209389650169316,-0.14326099515209398
ETH,ethereum-above-1600-on-june-12-2026,1600.0,1781280060,1781009100,0.6599943053373318,3.13611111111111,1674.04,1662.73,5.072401942843852,-0.0067790368007832,1,2026-06-12,True,0.78,1781014500,0.2199999999999999,0.2543859994389028,0.2507075546781769,0.2078453390501135,0.2078453390501135,0.22023474799296053
BTC,bitcoin-above-64k-on-june-12-2026,64000.0,1781280060,1781012700,0.4497973339571529,3.094444444444445,62434.0,63662.1,7.953918590941904,0.0194794102757542,0,2026-06-12,True,0.26,1781014500,-0.26,-0.4149376435329064,-0.42002579281267316,-0.4135846531479959,-0.4135846531479959,-0.37493014978763506
BTC,bitcoin-above-62k-on-june-12-2026,62000.0,1781280060,1781012700,0.4739792740719165,3.094444444444445,62434.0,63662.1,9.054604197496753,0.0194794102757542,1,2026-06-12,True,0.5700000000000001,1781013600,0.4299999999999999,0.2536216499523942,0.2478293882766797,0.29766853624345957,0.29766853624345957,0.25497773849029637
ETH,ethereum-above-1600-on-june-10-2026,1600.0,1781107260,1781015400,0.669294381568352,1.0631944444444446,1639.58,1656.82,8.891875387583502,0.0104599910128879,1,2026-06-10,True,0.744,1781021700,0.256,0.1629910633581569,0.15674791397740473,0.20642970384084636,0.20642970384084636,0.15674791397740473
BTC,bitcoin-above-58k-on-june-12-2026,58000.0,1781280060,1781016300,0.5586334491777595,3.0527777777777776,61362.82,63662.1,4.369213972661053,0.0367852947753105,1,2026-06-12,True,0.87,1781017200,0.13,-0.0307228239207424,-0.033532062818729766,0.027205171697228532,0.027205171697228532,-0.037840382331204375
BTC,bitcoin-above-60k-on-june-10-2026,60000.0,1781107260,1781016300,0.548264496705553,1.0527777777777778,61362.82,62574.0,10.242133818796251,0.0195457420851702,1,2026-06-10,True,0.77,1781020800,0.2299999999999999,0.0298098939760091,0.02280764458018679,0.12541505826968358,0.12541505826968358,0.012136336932612637
ETH,ethereum-above-1700-on-june-12-2026,1700.0,1781280060,1781017200,0.6265578116093192,3.042361111111111,1645.9,1662.73,5.846287525039769,0.0101734827757417,0,2026-06-12,True,0.26,1781020800,-0.26,-0.319477105438026,-0.32371673767439013,-0.17931827797096145,-0.2734770895188481,0.3131379677268226
BTC,bitcoin-above-60k-on-june-11-2026,60000.0,1781193660,1781017200,0.5392471306997921,2.042361111111111,61541.95,62795.24,8.216677676668782,0.0201602183234186,1,2026-06-11,True,0.74,1781019000,0.26,0.0943499841451971,0.0887801878576243,0.11031075104888517,0.11031075104888517,0.07962773328720296
BTC,bitcoin-above-64k-on-june-13-2026,64000.0,1781366460,1781035200,0.4666274484175951,3.8340277777777776,62098.09,64256.01,6.732530173469108,0.034160028634056,1,2026-06-13,True,0.25,1781037900,0.75,0.5200165764946489,0.5156063484352706,0.2432095705310993,0.4305053754971425,0.44514311960219893
BTC,bitcoin-above-64k-on-june-15-2026,64000.0,1781539260,1781035200,0.4547623854081699,5.834027777777778,62098.09,67178.0,5.953488992962494,0.0786305813532486,1,2026-06-15,True,0.28,1781040600,0.72,0.2518736994031922,0.24798601683380325,-0.5004629781837119,-0.0971012111437901,0.06019010334867843
BTC,bitcoin-above-62k-on-june-13-2026,62000.0,1781366460,1781035200,0.4945742524048337,3.8340277777777776,62098.09,64256.01,7.870275846532146,0.034160028634056,1,2026-06-13,True,0.52,1781040600,0.48,0.2111511517245422,0.20599562913807054,0.16612336733965702,0.16612336733965702,0.19441051919139496
BTC,bitcoin-above-64k-on-june-14-2026,64000.0,1781452860,1781035200,0.459499393149018,4.834027777777778,62098.09,64058.03,6.313072305106248,0.0310741596659088,1,2026-06-14,True,0.26,1781040600,0.74,0.5438265832087013,0.5396918984802418,0.44197165479629397,0.47273545955089274,0.4983451945196683
BTC,bitcoin-above-62k-on-june-15-2026,62000.0,1781539260,1781035200,0.4793411657780872,5.834027777777778,62098.09,67178.0,6.582997143149213,0.0786305813532486,1,2026-06-15,True,0.52,1781040600,0.48,-0.0376248924125975,-0.04192364954106649,-0.16576658286339327,-0.16576658286339327,0.0689775924784434
BTC,bitcoin-above-62k-on-june-16-2026,62000.0,1781625660,1781035200,0.4749917847773232,6.834027777777778,62098.09,65912.0,6.137867641444752,0.0596052873906575,1,2026-06-16,True,0.51,1781037000,0.49,0.124150635265868,0.12018679621635292,-0.09863733597661287,-0.09863733597661287,0.08422168075248206
BTC,bitcoin-above-62k-on-june-14-2026,62000.0,1781452860,1781035200,0.4854336961970804,4.834027777777778,62098.09,64058.03,7.141212866659538,0.0310741596659088,1,2026-06-14,True,0.51,1781040600,0.49,0.2680928111731788,0.2634157439140927,0.1707824975929807,0.1707824975929807,0.25323909658408716
XRP,xrp-above-1pt2-on-june-15-2026,1.2,1781539260,1781037900,0.6865697665724969,5.802777777777778,1.1432,1.2649,3.8413660311075297,0.1011617200378384,1,2026-06-15,True,0.24,1781040600,0.76,0.3714008049982374,0.3732060355045362,0.2523228029240412,0.2523228029240412,0.3345947844125803
XRP,xrp-above-1pt2-on-june-11-2026,1.2,1781193660,1781037900,0.7584269056160127,1.8027777777777776,1.1432,1.113,4.828056914657408,-0.0267722753401128,0,2026-06-11,True,0.11,1781052300,-0.11,0.0192580690769437,0.018555865571142454,0.018555865571142454,0.018555865571142454,0.018555865571142454
XRP,xrp-above-1pt2-on-june-12-2026,1.2,1781280060,1781039700,0.707549603741233,2.781944444444445,1.1433,1.1304,4.635308637670556,-0.0113472651776065,0,2026-06-12,True,0.16,1781048700,-0.16,-0.1074019237083022,-0.10733471573140278,-0.15396940121479322,-0.15396940121479322,-0.10733471573140278
XRP,xrp-above-1pt2-on-june-14-2026,1.2,1781452860,1781042400,0.6785681195524628,4.750694444444445,1.1371,1.1359,3.9358300449808015,-0.0010558733933013,0,2026-06-14,True,0.2,1781253000,-0.2,-0.1958442617749488,-0.19449175546949407,-0.18919262156581199,-0.18919262156581199,-0.19449175546949407
BTC,bitcoin-above-62k-on-june-10-2026,62000.0,1781107260,1781051400,0.4792394752307078,0.6465277777777778,61852.8,62574.0,19.61806443745605,0.0115924877368349,1,2026-06-10,True,0.45,1781052300,0.55,0.3225778285883531,0.30891654807867835,0.30891654807867835,0.30891654807867835,0.30891654807867835
ETH,ethereum-above-1700-on-june-14-2026,1700.0,1781452860,1781062200,0.6200640052020303,4.521527777777778,1636.32,1664.03,4.863779320562446,0.0167925530070873,0,2026-06-14,True,0.27,1781066700,-0.27,-0.35167527205532,-0.355212122693924,-0.26692292785465904,-0.35249743433947567,-0.32711723452796515
ETH,ethereum-above-1700-on-june-15-2026,1700.0,1781539260,1781062200,0.6166848702801357,5.521527777777778,1636.32,1840.85,4.543011563767768,0.1177776033980035,1,2026-06-15,True,0.29,1781068500,0.71,0.1749349858100158,0.171561595589581,-0.8762993752073951,-0.2856750219935784,0.05938358313029314
ETH,ethereum-above-1700-on-june-13-2026,1700.0,1781366460,1781062200,0.625373998570595,3.5215277777777776,1636.32,1680.51,5.250167945777011,0.0266475006996903,0,2026-06-13,True,0.25,1781069400,-0.25,-0.3899038540085846,-0.39369995749327347,-0.39220622719061193,-0.3925599842992063,-0.4055530993772571
ETH,ethereum-above-1700-on-june-16-2026,1700.0,1781625660,1781074800,0.6242621763956157,6.375694444444444,1632.08,1783.54,4.189588495992765,0.0887448784274578,1,2026-06-16,True,0.3,1781081100,0.7,0.328195478262046,0.3251116157154827,-0.06636773293163695,0.07220298169344584,-0.11042530340435068
ETH,ethereum-above-1600-on-june-16-2026,1600.0,1781625660,1781075700,0.6782256447486845,6.365277777777777,1633.82,1783.54,4.375588898943869,0.0876793221246719,1,2026-06-16,True,0.62,1781081100,0.38,-0.0036486685556379,-0.00686976704251477,0.04948276681950803,0.04948276681950803,0.08709799251984683
ETH,ethereum-above-1800-on-june-14-2026,1800.0,1781452860,1781076600,0.6141376668364512,4.354861111111111,1636.78,1664.03,2.076855654971621,0.016511473905912,0,2026-06-14,True,0.06,1781083800,-0.06,-0.0942919479534097,-0.09580237891764139,-0.09758002719910619,-0.09758002719910619,-0.0923509791838665
ETH,ethereum-above-1800-on-june-15-2026,1800.0,1781539260,1781076600,0.6087669848152033,5.354861111111111,1636.78,1840.85,2.24606640703084,0.1174965242968281,1,2026-06-15,True,0.08,1781083800,0.92,0.6560950038340115,0.6544270041242727,0.7920030358720175,0.7920030358720175,0.23520973198719083
BTC,bitcoin-above-60k-on-june-16-2026,60000.0,1781625660,1781079300,0.5254857749555207,6.323611111111112,61620.77,65912.0,5.423672766182161,0.0673215299799649,1,2026-06-16,True,0.67,1781083800,0.3299999999999999,-0.035129948730052,-0.03863282182934005,0.09660157662501721,0.09660157662501721,0.03706207737664311
ETH,ethereum-above-1500-on-june-15-2026,1500.0,1781539260,1781085600,0.7499584496296804,5.250694444444445,1623.67,1840.85,3.1277057465396068,0.1255384023528439,1,2026-06-15,True,0.84,1781086500,0.16,-0.232647182450391,-0.23497038138083667,0.06514766407378879,0.06514766407378879,0.022563510000694276
BTC,bitcoin-above-60k-on-june-13-2026,60000.0,1781366460,1781086500,0.5612154518471759,3.2402777777777776,61241.75,64256.01,7.0687718637146135,0.0480461137814369,1,2026-06-13,True,0.68,1781090100,0.3199999999999999,-0.0196270172590523,-0.024257241514326313,0.056349971604713306,0.056349971604713306,-0.02723227563588064
BTC,bitcoin-above-60k-on-june-14-2026,60000.0,1781452860,1781086500,0.527025854832201,4.240277777777778,61241.75,64058.03,6.6460225776338735,0.0449602448132898,1,2026-06-14,True,0.66,1781091900,0.3399999999999999,0.0411931978749296,0.03684069802476693,0.08307619950135671,0.08307619950135671,0.01866988829860943
BTC,bitcoin-above-60k-on-june-12-2026,60000.0,1781280060,1781089200,0.6067407466898842,2.209027777777778,61386.09,63662.1,7.602455065656254,0.036406146801145,1,2026-06-12,True,0.7,1781090100,0.3,0.0232239048306094,0.018240289528668182,0.04857725817752605,0.04857725817752605,-0.05262566909355566
BTC,bitcoin-above-66k-on-june-15-2026,66000.0,1781539260,1781099100,0.4435147242439397,5.094444444444445,62380.01,67178.0,4.144996828911982,0.0741009414884447,1,2026-06-15,True,0.11,1781100900,0.89,0.5828518325110044,0.5801455156166447,0.20146223202402522,0.37716366731303075,0.10768261308769518
BTC,bitcoin-above-66k-on-june-13-2026,66000.0,1781366460,1781099100,0.4751251302798119,3.094444444444445,62380.01,64256.01,3.85976802371405,0.0296303887692518,0,2026-06-13,True,0.0699999999999999,1781100000,-0.0699999999999999,-0.1843664271017741,-0.18689444037710262,-0.14076994011842245,-0.14076994011842245,-0.20707174433630848
BTC,bitcoin-above-62k-on-june-12-2026,62000.0,1781280060,1781099100,0.5695444653346292,2.094444444444445,62380.01,63662.1,9.180459101333245,0.0203445375698357,1,2026-06-12,True,0.56,1781100000,0.4399999999999999,0.2532278049045847,0.24721031783608036,0.29969241934598784,0.29969241934598784,0.2471600494740313
BTC,bitcoin-above-66k-on-june-14-2026,66000.0,1781452860,1781099100,0.4370784469813117,4.094444444444444,62380.01,64058.03,3.986556835318747,0.0265445198011047,0,2026-06-14,True,0.09,1781100000,-0.09,-0.1958212368533478,-0.1984318047402848,-0.21003934888016504,-0.21003934888016504,-0.21505199686660004
BTC,bitcoin-above-64k-on-june-11-2026,64000.0,1781193660,1781099100,0.5507217338247034,1.0944444444444443,62380.01,62795.24,9.098287137992171,0.006634402935698,0,2026-06-11,True,0.15,1781100000,-0.15,-0.2103617028981194,-0.21663560375313903,-0.2318349003847921,-0.2318349003847921,-0.21663560375313903
BTC,bitcoin-above-64k-on-june-12-2026,64000.0,1781280060,1781099100,0.5374975071591799,2.094444444444445,62380.01,63662.1,7.932111426803666,0.0203445375698357,0,2026-06-12,True,0.24,1781100000,-0.24,-0.401375138930731,-0.40657437541878355,-0.40057592128358877,-0.40057592128358877,-0.41693387925956593
ETH,ethereum-above-1700-on-june-12-2026,1700.0,1781280060,1781106300,0.6506889732299834,2.011111111111111,1654.51,1662.73,6.957778494644352,0.0049559373602717,0,2026-06-12,True,0.26,1781108100,-0.26,-0.2944823143861029,-0.29951322249592827,-0.33934468194849954,-0.33934468194849954,0.342753068364027
BTC,bitcoin-above-62k-on-june-13-2026,62000.0,1781366460,1781121600,0.4460967255260139,2.834027777777778,61942.44,64256.01,10.13954810045378,0.0366696935265828,1,2026-06-13,True,0.48,1781122500,0.52,0.1481858786583146,0.14148608865898685,0.18632678529025656,0.18632678529025656,0.14284595828703495
BTC,bitcoin-above-64k-on-june-15-2026,64000.0,1781539260,1781121600,0.4113036997020399,4.834027777777778,61942.44,67178.0,6.5317397033065046,0.0811402462457756,1,2026-06-15,True,0.23,1781125200,0.77,0.2400130320604003,0.23571054340132477,-0.4654381500363375,-0.12637614317273957,0.05337819503424754
BTC,bitcoin-above-64k-on-june-14-2026,64000.0,1781452860,1781121600,0.3963074316609633,3.8340277777777776,61942.44,64058.03,6.989771285309844,0.0335838245584357,1,2026-06-14,True,0.2,1781122500,0.8,0.5652567474505626,0.5606390534326195,0.48609200123537066,0.5059690414474176,0.6015257192136767
BTC,bitcoin-above-62k-on-june-14-2026,62000.0,1781452860,1781121600,0.4300323596297913,3.8340277777777776,61942.44,64058.03,9.043241968774955,0.0335838245584357,1,2026-06-14,True,0.49,1781122500,0.51,0.2062933482811791,0.2003190577590006,0.1728197718634435,0.1728197718634435,0.115751008144429
BTC,bitcoin-above-62k-on-june-15-2026,62000.0,1781539260,1781121600,0.4393047191300725,4.834027777777778,61942.44,67178.0,7.883558985381467,0.0811402462457756,1,2026-06-15,True,0.5,1781124300,0.5,-0.1396739173669497,-0.1448668559512274,-0.16232519473628518,-0.16232519473628518,0.05448880173545694
BTC,bitcoin-above-62k-on-june-17-2026,62000.0,1781712060,1781122500,0.4508004831087236,6.823611111111111,61816.01,65804.8,6.452210670905956,0.0625303915972539,1,2026-06-17,True,0.47,1781132400,0.53,0.12654074008027,0.1225118578742257,-0.014244127912496646,-0.014244127912496646,0.07103347508126993
BTC,bitcoin-above-64k-on-june-13-2026,64000.0,1781366460,1781123400,0.4197535300910267,2.813194444444445,61914.0,64256.01,7.105775663243708,0.0371289348950549,1,2026-06-13,True,0.17,1781124300,0.83,0.5661701180205587,0.561473425753589,0.26406483920307344,0.45918085998103103,0.49074680368427137
BTC,bitcoin-above-62k-on-june-11-2026,62000.0,1781193660,1781123400,0.474496436868468,0.8131944444444444,61914.0,62795.24,17.76493511373355,0.0141329490615013,1,2026-06-11,True,0.46,1781124300,0.54,0.2889290769567273,0.27657227410920704,0.27657227410920704,0.27657227410920704,0.21610569755815418
BTC,bitcoin-above-62k-on-june-16-2026,62000.0,1781625660,1781127900,0.4468441109861503,5.761111111111111,61683.99,65912.0,7.056144858881408,0.0662961031344862,1,2026-06-16,True,0.46,1781128800,0.54,0.0722050927037233,0.06760356115700362,0.05081141699389389,0.05081141699389389,0.03821346187180117
BTC,bitcoin-above-58k-on-june-12-2026,58000.0,1781280060,1781128800,0.5984261424553914,1.7506944444444443,61356.18,63662.1,3.9402236611782535,0.036893509477296,1,2026-06-12,True,0.91,1781129700,0.0899999999999999,-0.0553686789863462,-0.0579769742597446,-0.04965873827098129,-0.04965873827098129,-0.03476412007338363
ETH,ethereum-above-1600-on-june-14-2026,1600.0,1781452860,1781160300,0.604098107014478,3.386111111111111,1660.33,1664.03,5.702735781850704,0.0022259932906218,1,2026-06-14,True,0.76,1781163900,0.24,0.2273057484114112,0.22315733947324906,0.17957742521086506,0.17957742521086506,0.22315733947324906
ETH,ethereum-above-1700-on-june-14-2026,1700.0,1781452860,1781168400,0.5472734245128741,3.29236111111111,1659.96,1664.03,6.825184574440571,0.0024488653900657,0,2026-06-14,True,0.3,1781181000,-0.3,-0.3167139582851583,-0.3216789188138698,-0.27137571360111157,-0.2858499751046097,-0.3216789188138698
ETH,ethereum-above-1700-on-june-13-2026,1700.0,1781366460,1781171100,0.5715573984253275,2.261111111111111,1659.9,1680.51,7.61026682915165,0.0123399591852191,0,2026-06-13,True,0.27,1781181000,-0.27,-0.3639103820603585,-0.36941508996004574,-0.3521102800959352,-0.3521102800959352,-0.36941508996004574
ETH,ethereum-above-1700-on-june-16-2026,1700.0,1781625660,1781179200,0.5390407768687628,5.167361111111111,1666.84,1783.54,5.872405115236379,0.067670535017429,1,2026-06-16,True,0.36,1781181000,0.64,0.242611204012867,0.23828660243551347,-0.028078555720776298,-0.028078555720776298,-0.09196646430113903
ETH,ethereum-above-1600-on-june-17-2026,1600.0,1781712060,1781179200,0.5989836205707912,6.167361111111111,1666.84,1774.51,4.55150010810495,0.0625947101204205,1,2026-06-17,True,0.71,1781181000,0.29,0.005100170120108,0.00188894895436886,-0.04072848470975702,-0.04072848470975702,0.04066815842513586
ETH,ethereum-above-1600-on-june-16-2026,1600.0,1781625660,1781179200,0.5912678855897207,5.167361111111111,1666.84,1783.54,4.883930601231742,0.067670535017429,1,2026-06-16,True,0.73,1781181000,0.27,-0.0604981967733459,-0.06409485837405403,-0.05260466225611402,-0.05260466225611402,0.06464701304580604
ETH,ethereum-above-1700-on-june-15-2026,1700.0,1781539260,1781179200,0.5209842916271442,4.167361111111111,1666.84,1840.85,6.662935064379549,0.0992978031152035,1,2026-06-15,True,0.34,1781181000,0.6599999999999999,-0.0016148141921468,-0.0065642613686552565,-0.03687150557415766,-0.03687150557415766,0.0871323650133174
ETH,ethereum-above-1600-on-june-12-2026,1600.0,1781280060,1781182800,0.6240930173433709,1.1256944444444443,1651.84,1662.73,7.658802886376659,0.0065710117355698,1,2026-06-12,True,0.81,1781184600,0.1899999999999999,0.1396739163532025,0.1341360255985441,0.11672788338422277,0.11672788338422277,-0.023682859570942117
BTC,bitcoin-above-62k-on-june-12-2026,62000.0,1781280060,1781190000,0.4579774510905757,1.042361111111111,62734.02,63662.1,14.605243672309282,0.0146855248316684,1,2026-06-12,True,0.7,1781190900,0.3,0.0855143313777335,0.07579124272197853,-0.0015218786650264809,-0.0015218786650264809,-0.08617137125939714
BTC,bitcoin-above-64k-on-june-16-2026,64000.0,1781625660,1781191800,0.4050673632670217,5.021527777777778,62731.6,65912.0,7.604928807136737,0.0494552110924986,1,2026-06-16,True,0.33,1781195400,0.6699999999999999,0.2938966404996287,0.2889077139665997,-0.013233709047086949,-0.013233709047086949,0.09393927832064507
BTC,bitcoin-above-62k-on-june-18-2026,62000.0,1781798460,1781195400,0.4478015885745679,6.979861111111111,62639.78,62544.81,6.384109912146894,-0.0015172796942419,1,2026-06-18,True,0.56,1781197200,0.4399999999999999,0.449686480335509,0.44570693516236054,0.08652563605111474,0.08652563605111474,0.24850782204399302
BTC,bitcoin-above-66k-on-june-14-2026,66000.0,1781452860,1781200800,0.3406199490290316,2.917361111111111,63644.19,64058.03,6.309584049707114,0.0064813508913432,0,2026-06-14,True,0.106,1781201700,-0.106,-0.146894628204574,-0.15114217418278386,-0.14735278233911847,-0.14735278233911847,-0.15114217418278386
BTC,bitcoin-above-64k-on-june-17-2026,64000.0,1781712060,1781200800,0.4155525156509515,5.917361111111111,63644.19,65804.8,7.474689354031757,0.0333847436017421,1,2026-06-17,True,0.46,1781201700,0.54,0.2904594124129782,0.2856990257887888,0.05470665048939187,0.05470665048939187,0.06096841119413912
BTC,bitcoin-above-64k-on-june-18-2026,64000.0,1781798460,1781200800,0.4252223060869112,6.91736111111111,63644.19,62544.81,6.762449512667093,-0.0174247805478812,0,2026-06-18,True,0.45,1781209800,-0.45,-0.3321658012756491,-0.33642069422024184,-0.4729867188457938,-0.4729867188457938,-0.2819144724010211
ETH,ethereum-above-1700-on-june-17-2026,1700.0,1781712060,1781200800,0.5443560525357305,5.917361111111111,1688.66,1774.51,5.706508129513661,0.0495890134630852,1,2026-06-17,True,0.45,1781202600,0.55,0.2670198915383417,0.2629930078300565,0.005571956035758566,0.005571956035758566,-0.025358848803533778
ETH,ethereum-above-1700-on-june-12-2026,1700.0,1781280060,1781208000,0.5615416872948418,0.8340277777777777,1681.26,1662.73,13.570883210868638,-0.0110826824620862,0,2026-06-12,True,0.32,1781208900,-0.32,-0.1695982106438855,-0.17941307528691136,-0.17941307528691136,-0.17941307528691136,-0.17941307528691136
BTC,bitcoin-above-64k-on-june-14-2026,64000.0,1781452860,1781208000,0.354008785957275,2.834027777777778,63605.68,64058.03,12.500336484834254,0.0070866167541008,1,2026-06-14,True,0.42,1781209800,0.5800000000000001,0.4914149060346757,0.4829763876995902,0.4512005794703294,0.44123788069835834,0.4829763876995902
BTC,bitcoin-above-64k-on-june-13-2026,64000.0,1781366460,1781214300,0.390954245221798,1.761111111111111,63531.99,64256.01,14.110483227898388,0.0113317016847859,1,2026-06-13,True,0.39,1781217900,0.61,0.4501042134332796,0.4405526558063047,0.21857346534999866,0.2721190262152506,0.4405526558063047
BTC,bitcoin-above-64k-on-june-12-2026,64000.0,1781280060,1781223300,0.3881126514476393,0.6569444444444444,63736.58,63662.1,23.43145296376996,-0.001169243017044,0,2026-06-12,True,0.39,1781224200,-0.39,-0.3626029372429147,-0.37860124297427167,-0.37860124297427167,-0.37860124297427167,-0.37860124297427167
ETH,ethereum-above-1700-on-june-18-2026,1700.0,1781798460,1781223300,0.5520451975622529,6.656944444444444,1675.98,1687.2,5.213644176017132,0.0066722813679616,0,2026-06-18,True,0.4,1781227800,-0.4,-0.4347869008948209,-0.438434194173516,-0.5028451669734466,-0.5028451669734466,0.21858712473012276
BTC,bitcoin-above-64k-on-june-15-2026,64000.0,1781539260,1781232300,0.3683180796428639,3.5527777777777776,63635.98,67178.0,10.81156520209834,0.0541667793204462,1,2026-06-15,True,0.43,1781234100,0.5700000000000001,-0.0156276664106764,-0.02309204392841029,-0.14322313778367796,-0.14322313778367796,0.03572085956717689
BTC,bitcoin-above-66k-on-june-16-2026,66000.0,1781625660,1781236800,0.3820391026859234,4.500694444444444,63524.82,65912.0,6.146415577412832,0.0368898233411819,0,2026-06-16,True,0.16,1781243100,-0.16,-0.386740184832248,-0.39099341022410816,-0.4331957891797598,-0.4767527305617854,-0.4101384063465041
BTC,bitcoin-above-62k-on-june-17-2026,62000.0,1781712060,1781238600,0.4239017743872498,5.479861111111111,63797.51,65804.8,6.694539961854599,0.0309786226229815,1,2026-06-17,True,0.72,1781241300,0.28,0.0726123728872368,0.06814997726538721,0.04781263242483998,0.04781263242483998,0.07113922151665703
BTC,bitcoin-above-66k-on-june-17-2026,66000.0,1781712060,1781238600,0.3902505819345791,5.479861111111111,63797.51,65804.8,6.374277725145585,0.0309786226229815,0,2026-06-17,True,0.22,1781243100,-0.22,-0.4174663441413626,-0.4217152617929444,-0.46875962219790074,-0.4843259763768316,-0.4089426091829847
ETH,ethereum-above-1700-on-june-14-2026,1700.0,1781452860,1781254800,0.4128060870894354,2.292361111111111,1673.53,1664.03,10.782897512256469,-0.0056927969272579,0,2026-06-14,True,0.3,1781265600,-0.3,-0.2386151541752893,-0.24621049060369118,-0.21564997857841497,-0.21564997857841497,-0.24621049060369118
XRP,xrp-above-1pt2-on-june-14-2026,1.2,1781452860,1781254800,0.5925579932470445,2.292361111111111,1.1426,1.1359,4.806718012925633,-0.0058810790529863,0,2026-06-14,True,0.09,1781268300,-0.09,-0.0617313113805707,-0.06301745105562963,-0.06301745105562963,-0.06301745105562963,-0.06301745105562963
XRP,xrp-above-1pt2-on-june-13-2026,1.2,1781366460,1781256600,0.5930069060884692,1.2715277777777778,1.1477,1.1545,4.955714126893149,0.0059074101079275,0,2026-06-13,True,0.06,1781268300,-0.06,-0.0892754357252079,-0.09120700614948621,-0.09120700614948621,-0.09120700614948621,-0.09120700614948621
SOL,solana-above-70-on-june-16-2026,70.0,1781625660,1781257500,0.5443149504473928,4.261111111111111,67.29,73.34,5.306540979725232,0.0860945254429531,1,2026-06-16,True,0.21,1781271900,0.79,0.3331358726069724,0.3291456564273248,-0.09664311323416817,-0.09664311323416817,-0.07678427005610311
ETH,ethereum-above-1700-on-june-13-2026,1700.0,1781366460,1781257500,0.441228306179168,1.261111111111111,1682.44,1680.51,14.122829260741817,-0.0011478019071885,0,2026-06-13,True,0.33,1781258400,-0.33,-0.3137897896396228,-0.3236792050619731,-0.309289149096758,-0.309289149096758,-0.3236792050619731
SOL,solana-above-70-on-june-14-2026,70.0,1781452860,1781257500,0.524711012001735,2.261111111111111,67.29,67.51,5.99553878401107,0.0032640978535524,0,2026-06-14,True,0.11,1781262900,-0.11,-0.1295700252757808,-0.13388252525637756,-0.1292364679019025,-0.1292364679019025,-0.04902036630304296
ETH,ethereum-above-1700-on-june-16-2026,1700.0,1781625660,1781265600,0.4673484411530856,4.167361111111111,1673.89,1783.54,7.553144986361943,0.0634498943397272,1,2026-06-16,True,0.35,1781268300,0.6499999999999999,0.1707537486826938,0.16536581499713934,0.006842357101535831,0.006842357101535831,-0.048081387075859267
ETH,ethereum-above-1700-on-june-15-2026,1700.0,1781539260,1781265600,0.4332444024500316,3.1673611111111115,1673.89,1840.85,9.111438309563042,0.0950771624375018,1,2026-06-15,True,0.32,1781267400,0.6799999999999999,-0.1862897001976022,-0.19284758196678117,0.011404204398458425,0.011404204398458425,0.08194191133901263
SOL,solana-above-70-on-june-17-2026,70.0,1781712060,1781277300,0.5637350979146125,5.031944444444444,68.78,73.85,5.764158850256244,0.0711230039732686,1,2026-06-17,True,0.35,1781280900,0.6499999999999999,0.2400357071906735,0.23567796442002678,0.05254690840334435,0.05254690840334435,-0.011855664938155501
XRP,xrp-above-1pt2-on-june-15-2026,1.2,1781539260,1781282700,0.5791237469012993,2.969444444444445,1.1316,1.2649,3.9439742060269247,0.111360507226084,1,2026-06-15,True,0.0999999999999999,1781286300,0.9,0.4607970319302495,0.459695172028326,0.40846387365431275,0.40846387365431275,0.4239672661629876
BTC,bitcoin-above-64k-on-june-16-2026,64000.0,1781625660,1781283600,0.3569212254536892,3.9590277777777776,63982.48,65912.0,10.728613582817482,0.0297112231299879,1,2026-06-16,True,0.49,1781287200,0.51,0.1912397679654907,0.18383447348600396,-0.1514543083499127,-0.1514543083499127,0.08483678343922563
ETH,ethereum-above-1700-on-june-17-2026,1700.0,1781712060,1781291700,0.4878877640315141,4.865277777777778,1669.22,1774.51,6.655705395524874,0.0611678770276239,1,2026-06-17,True,0.36,1781301600,0.64,0.2328846308344416,0.22834412094239645,-0.004372538410727469,-0.004372538410727469,0.015156565000991221
BTC,bitcoin-above-64k-on-june-17-2026,64000.0,1781712060,1781294400,0.3606522470520922,4.834027777777778,63589.27,65804.8,9.46447299558596,0.0342480385779362,1,2026-06-17,True,0.43,1781298000,0.5700000000000001,0.2458603637273362,0.2395848952808427,0.10080725989429073,0.10080725989429073,0.03239420864142967
BTC,bitcoin-above-66k-on-june-16-2026,66000.0,1781625660,1781380800,0.3334121341576199,2.834027777777778,64296.59,65912.0,9.018511990959214,0.0248139218354054,0,2026-06-16,True,0.16,1781381700,-0.16,-0.3837846516153285,-0.3900140820881905,-0.1730430311935945,-0.19845837306604217,-0.4963503073901883
BTC,bitcoin-above-64k-on-june-17-2026,64000.0,1781712060,1781381700,0.3630089980672946,3.823611111111111,64274.63,65804.8,10.68742276948165,0.0235277873785294,1,2026-06-17,True,0.55,1781382600,0.4499999999999999,0.1985485894551811,0.19145688992163457,0.08558858593317652,0.08558858593317652,0.08533348312832446
ETH,ethereum-above-1700-on-june-14-2026,1700.0,1781452860,1781384400,0.3954594287872588,0.7923611111111111,1676.53,1664.03,16.174784635201117,-0.0074838101042947,0,2026-06-14,True,0.19,1781385300,-0.19,-0.0689509833122905,-0.08034025347218932,-0.08034025347218932,-0.08034025347218932,-0.08034025347218932
BTC,bitcoin-above-64k-on-june-15-2026,64000.0,1781539260,1781384400,0.3208480536848794,1.792361111111111,64278.31,67178.0,17.453046088318075,0.0441235636780752,1,2026-06-15,True,0.5700000000000001,1781385300,0.4299999999999999,-0.3400905904542842,-0.3522718848337667,-0.508317731698079,-0.508317731698079,-0.17323531272786374
ETH,ethereum-above-1700-on-june-15-2026,1700.0,1781539260,1781388000,0.4457530151035013,1.7506944444444443,1686.44,1840.85,12.44380153699272,0.0876076232248725,1,2026-06-15,True,0.38,1781388900,0.62,-0.4701718765379475,-0.4791251438276344,-0.5008917149146451,-0.5008917149146451,0.04317986284051299
BTC,bitcoin-above-66k-on-june-15-2026,66000.0,1781539260,1781389800,0.3140815611843821,1.7298611111111113,64522.13,67178.0,10.540461745404777,0.0403375472445708,1,2026-06-15,True,0.13,1781390700,0.87,0.4448236263651428,0.43746565750389466,0.2545414020840402,0.2545414020840402,0.1410189223874781
BTC,bitcoin-above-66k-on-june-18-2026,66000.0,1781798460,1781448300,0.3910330443727303,4.052777777777778,63938.0,62544.81,7.081509182249036,-0.0220306039688048,0,2026-06-18,True,0.21,1781459100,-0.21,-0.0539900757044165,-0.05863557761742653,0.05269369022551804,0.04160646692376565,0.21154700823303305
BTC,bitcoin-above-62k-on-june-17-2026,62000.0,1781712060,1781459100,0.4226613051019959,2.9277777777777776,63843.69,65804.8,7.924206551677916,0.0302550317759051,1,2026-06-17,True,0.8,1781460000,0.1999999999999999,-0.0397471210198512,-0.04500624216209338,-0.15103636177986407,-0.15103636177986407,-0.03203826270850966
BTC,bitcoin-above-66k-on-june-16-2026,66000.0,1781625660,1781481600,0.4038593899477813,1.667361111111111,65746.45,65912.0,14.441668355507602,0.002514841808494,0,2026-06-16,True,0.44,1781483400,-0.44,-0.4763185113648365,-0.4863209049398107,-0.41485288020988653,-0.41485288020988653,-0.5757906627205848
ETH,ethereum-above-1700-on-june-16-2026,1700.0,1781625660,1781482500,0.5782252601421818,1.6569444444444443,1731.51,1783.54,9.246015428749905,0.0296062931928309,1,2026-06-16,True,0.68,1781483400,0.3199999999999999,0.0462597563509921,0.039678020043106756,-0.018040840966176745,-0.018040840966176745,-0.06854477858543823
SOL,solana-above-70-on-june-16-2026,70.0,1781625660,1781482500,0.5854153263353052,1.6569444444444443,71.68,73.34,8.54075141097417,0.0228943939765047,1,2026-06-16,True,0.7,1781485200,0.3,0.1044646723417684,0.09822742706351054,0.02256074594719571,0.02256074594719571,0.02791282845432421
BTC,bitcoin-above-68k-on-june-18-2026,68000.0,1781798460,1781482500,0.3876440646878593,3.656944444444444,65888.0,62544.81,7.270251747661625,-0.0520730709960632,0,2026-06-18,True,0.18,1781484300,-0.18,0.198584335415237,0.19380232349369664,-0.027443106434520775,-0.027443106434520775,0.09014335722511091
BTC,bitcoin-above-66k-on-june-17-2026,66000.0,1781712060,1781482500,0.394324355267458,2.656944444444445,65888.0,65804.8,11.831178405747956,-0.0012635468464397,0,2026-06-17,True,0.45,1781484300,-0.45,-0.4350507518357509,-0.4429235015643634,-0.4142580548417864,-0.413917292204211,-0.46195237635275205
ETH,ethereum-above-1700-on-june-15-2026,1700.0,1781539260,1781482500,0.5703461602874729,0.6569444444444444,1731.51,1840.85,12.474162379234285,0.0612335612906053,1,2026-06-15,True,0.77,1781483400,0.2299999999999999,-0.5338373865978064,-0.5427969650129998,-0.5427969650129998,-0.5427969650129998,-0.08615104819972297
BTC,bitcoin-above-66k-on-june-15-2026,66000.0,1781539260,1781482500,0.4007787006336765,0.6569444444444444,65888.0,67178.0,23.32579006471842,0.0193894821305011,1,2026-06-15,True,0.43,1781483400,0.5700000000000001,0.117725010360322,0.10140127363415119,0.10140127363415119,0.10140127363415119,0.06180279746102313
BTC,bitcoin-above-64k-on-june-17-2026,64000.0,1781712060,1781495100,0.4010762393341202,2.511111111111111,65908.01,65804.8,8.239171492061264,-0.0015671979228835,1,2026-06-17,True,0.8200000000000001,1781496900,0.1799999999999999,0.1929124124486399,0.18742852333166696,0.18227600386988824,0.18227600386988824,0.08326073501478462
ETH,ethereum-above-1800-on-june-15-2026,1800.0,1781539260,1781530200,0.571467293694456,0.1048611111111111,1820.19,1840.85,21.34111424438981,0.0112865302293112,1,2026-06-15,True,0.71,1781532900,0.29,0.0491328689535087,0.03422371412815561,0.03422371412815561,0.03422371412815561,0.03422371412815561
ETH,ethereum-above-1800-on-june-16-2026,1800.0,1781625660,1781530200,0.5470556819376377,1.104861111111111,1820.19,1783.54,12.442876124587512,-0.0203407378684631,0,2026-06-16,True,0.604,1781532000,-0.604,-0.3509027184200066,-0.3595157596573212,-0.1027509372689385,-0.24077457936915114,0.032336832449339714
XRP,xrp-above-1pt2-on-june-17-2026,1.2,1781712060,1781550900,0.6481904868791125,1.8652777777777776,1.2896,1.2138,2.667281748172524,-0.060576158350609,1,2026-06-17,True,0.92,1781558100,0.0799999999999999,0.2415736815429882,0.2400769370039392,-0.09842037450669297,0.2003660097718376,0.12912426565325147
BTC,bitcoin-above-66k-on-june-18-2026,66000.0,1781798460,1781564400,0.3670241655632771,2.7090277777777776,66206.34,62544.81,12.57368000783165,-0.0568929689007047,0,2026-06-18,True,0.55,1781566200,-0.55,0.1653539856529794,0.1570813143004423,0.06542797763757406,0.06542797763757406,0.16477993770471558
BTC,bitcoin-above-66k-on-june-17-2026,66000.0,1781712060,1781571600,0.3455592726585619,1.6256944444444446,66250.0,65804.8,17.098996359558313,-0.0067426808673924,0,2026-06-17,True,0.58,1781576100,-0.58,-0.4647069243947929,-0.4760881705527368,-0.4936419881091092,-0.4936419881091092,-0.41728714468519723
BTC,bitcoin-above-66k-on-june-16-2026,66000.0,1781625660,1781600400,0.3319812453014711,0.2923611111111111,66899.61,65912.0,15.137887591019654,-0.0148726185074892,0,2026-06-16,True,0.9,1781601300,-0.9,-0.6748599728495099,-0.6853473735914372,-0.6853473735914372,-0.6853473735914372,-0.763885956758238
ETH,ethereum-above-1800-on-june-19-2026,1800.0,1781884860,1781603100,0.524572095578525,3.261111111111111,1793.39,1707.33,8.006463540676796,-0.0491769367744126,0,2026-06-19,True,0.46,1781604000,-0.46,-0.0662666486734975,-0.07150362903493537,0.006373948560505355,0.006373948560505355,-0.005580539842544499
BTC,bitcoin-above-68k-on-june-19-2026,68000.0,1781884860,1781603100,0.3472601256223103,3.261111111111111,66701.83,63236.69,10.129620362789773,-0.0533477181465539,0,2026-06-19,True,0.26,1781604000,-0.26,0.2803921320457019,0.27354913248890156,0.07487395199925287,0.07487395199925287,0.0791999196023944
BTC,bitcoin-above-66k-on-june-19-2026,66000.0,1781884860,1781605800,0.3669833717669772,3.229861111111111,66672.17,63236.69,11.123601514087133,-0.0529029537923478,0,2026-06-19,True,0.61,1781609400,-0.61,-0.021528623095758,-0.02904310019408455,-0.01933853867615841,-0.01933853867615841,0.020096324150663522
BTC,bitcoin-above-66k-on-june-22-2026,66000.0,1782144060,1781640000,0.3424399269664132,5.834027777777778,65675.88,64774.51,9.130808981105636,-0.0138195730239342,0,2026-06-22,True,0.46,1781649900,-0.46,-0.3338161185180158,-0.34004442491638226,-0.22027410323698074,-0.22027410323698074,0.10793442158369829
BTC,bitcoin-above-66k-on-june-21-2026,66000.0,1782057660,1781640900,0.3428462906253506,4.823611111111111,65759.99,64198.02,10.058659607193414,-0.0240392295809634,0,2026-06-21,True,0.47,1781641800,-0.47,-0.2281975724259135,-0.23511366669745462,-0.11164183448493334,-0.11164183448493334,-0.1219711415542516
BTC,bitcoin-above-68k-on-june-21-2026,68000.0,1782057660,1781641800,0.3229469127702689,4.813194444444444,65721.39,64198.02,6.931358346158705,-0.0234520741813326,0,2026-06-21,True,0.17,1781649900,-0.17,-0.0074452698884868,-0.012212304916399387,0.030076552337677833,0.030076552337677833,0.03519911774584418
ETH,ethereum-above-1800-on-june-22-2026,1800.0,1782144060,1781642700,0.4868402938823393,5.802777777777778,1798.16,1743.3,6.491799395639993,-0.0309840510874022,0,2026-06-22,True,0.49,1781649000,-0.49,-0.2888577558763234,-0.29322184521203715,-0.2218773754460495,-0.2218773754460495,-0.16959774208118114
BTC,bitcoin-above-68k-on-june-22-2026,68000.0,1782144060,1781642700,0.3308935745785,5.802777777777778,65843.99,64774.51,6.981652067485762,-0.0163759942179933,0,2026-06-22,True,0.21,1781645400,-0.21,-0.0956685061108116,-0.10043445131270362,0.016957144598801176,0.016957144598801176,0.019138939529975682
ETH,ethereum-above-1800-on-june-21-2026,1800.0,1782057660,1781642700,0.482041790453623,4.802777777777778,1798.16,1728.87,7.207144067728632,-0.0392959039499633,0,2026-06-21,True,0.49,1781649900,-0.49,-0.2067887589609874,-0.21164644545235017,-0.1487434049243426,-0.1487434049243426,-0.15294773341881826
BTC,bitcoin-above-64k-on-june-20-2026,64000.0,1781971260,1781643600,0.3875778648783952,3.792361111111112,65854.0,64016.99,7.886745982337838,-0.0282916535807766,1,2026-06-20,True,0.8,1781645400,0.1999999999999999,0.4231290852118838,0.417585785291963,0.38682983679780664,0.3906869048798764,0.5425320749156536
BTC,bitcoin-above-68k-on-june-20-2026,68000.0,1781971260,1781643600,0.3168435967621698,3.792361111111112,65854.0,64016.99,7.424298087977644,-0.0282916535807766,0,2026-06-20,True,0.17,1781645400,-0.17,0.0400456695854856,0.03482740706140784,0.04690454078684999,0.04690454078684999,0.05663432278644456
BTC,bitcoin-above-64k-on-june-22-2026,64000.0,1782144060,1781645400,0.3766374343005298,5.771527777777777,65728.01,64774.51,7.2851251734484785,-0.0146130046755359,1,2026-06-22,True,0.75,1781659800,0.25,0.356457568221467,0.3514828612552669,0.12124847769317303,0.21342267452091687,0.03149789215950881
SOL,solana-above-80-on-june-22-2026,80.0,1782144060,1781648100,0.571703399186901,5.740277777777777,73.97,73.13,2.9422631616364625,-0.0114209263169164,0,2026-06-22,True,0.0999999999999999,1781686800,-0.0999999999999999,-0.0663966292259722,-0.06845901649967176,-0.032440370880021656,-0.032440370880021656,-0.06431595585844524
ETH,ethereum-above-1900-on-june-20-2026,1900.0,1781971260,1781651700,0.5227810481106843,3.698611111111111,1795.95,1736.83,4.155554208418676,-0.0334725172700436,0,2026-06-20,True,0.0989999999999999,1781659800,-0.0989999999999999,0.0400968600078967,0.03727372489108861,0.0572153896642776,0.0572153896642776,0.08614710654250264
BTC,bitcoin-above-64k-on-june-17-2026,64000.0,1781712060,1781685000,0.4408583105980937,0.3131944444444444,65330.01,65804.8,8.779166872831881,0.0072412820772577,1,2026-06-17,True,0.92,1781685900,0.0799999999999999,0.0164275762705071,0.010344401654794999,0.010344401654794999,0.010344401654794999,0.010344401654794999
ETH,ethereum-above-1800-on-june-19-2026,1800.0,1781884860,1781698500,0.5452624722906079,2.156944444444444,1764.68,1707.33,8.425473790737628,-0.0330386240867566,0,2026-06-19,True,0.29,1781699400,-0.29,-0.0116339386749991,-0.017465707278462105,0.042956458839014326,0.042956458839014326,0.004751110184965798
BTC,bitcoin-above-66k-on-june-19-2026,66000.0,1781884860,1781702100,0.3930429964793876,2.1152777777777776,65083.99,63236.69,11.87056653552936,-0.0287939189489514,0,2026-06-19,True,0.3,1781703000,-0.3,0.0418001307021681,0.03337280575973865,0.03878110861662203,0.03878110861662203,0.016267270397021666
ETH,ethereum-above-1800-on-june-18-2026,1800.0,1781798460,1781711100,0.6013263329224172,1.011111111111111,1767.66,1687.2,10.599833125697009,-0.0465862878472209,0,2026-06-18,True,0.24,1781724600,-0.24,0.2538068771262285,0.2464554380693464,0.17463900668944288,0.17463900668944288,0.03134611942785723
XRP,xrp-above-1pt2-on-june-21-2026,1.2,1782057660,1781712900,0.5621145837932887,3.9902777777777776,1.2141,1.1483,6.6911543420357145,-0.0557204737677858,0,2026-06-21,True,0.5700000000000001,1781721000,-0.5700000000000001,-0.197165710008393,-0.20095729403579543,-0.20095729403579543,-0.20095729403579543,-0.192625188566619
XRP,xrp-above-1pt2-on-june-20-2026,1.2,1781971260,1781712900,0.5774366968494723,2.990277777777778,1.2141,1.1492,7.485784038761842,-0.0549370134447951,0,2026-06-20,True,0.58,1781721000,-0.58,-0.168753381617708,-0.173417579635893,-0.173417579635893,-0.173417579635893,-0.16033688499566148
SOL,solana-above-70-on-june-18-2026,70.0,1781798460,1781713800,0.6947991612179916,0.9798611111111112,74.45,68.69,2.639059588255235,-0.0805241309042277,0,2026-06-18,True,0.91,1781720100,-0.91,-0.697492020251278,-0.699340043454236,-0.699340043454236,-0.699340043454236,-0.4332255185616842
BTC,bitcoin-above-66k-on-june-18-2026,66000.0,1781798460,1781713800,0.4366086906656271,0.9798611111111112,66258.0,62544.81,17.40774169302764,-0.0576729524437331,0,2026-06-18,True,0.54,1781714700,-0.54,0.4639558588147734,0.4519040169713207,0.4519040169713207,0.4519040169713207,0.19138171802527626
BTC,bitcoin-above-68k-on-june-18-2026,68000.0,1781798460,1781719200,0.4420388159173763,0.9173611111111112,66104.08,62544.81,7.86324011087776,-0.0553472097630432,0,2026-06-18,True,0.064,1781720100,-0.064,0.3712083998339266,0.3657644698937581,0.3657644698937581,0.3657644698937581,0.16117080592020722
ETH,ethereum-above-1700-on-june-18-2026,1700.0,1781798460,1781719200,0.7108652688227257,0.9173611111111112,1789.27,1687.2,4.094517114803796,-0.0587373652594917,0,2026-06-18,True,0.89,1781724600,-0.89,-0.649498852666529,-0.6523409955316571,-0.6523409955316571,-0.6523409955316571,0.1982304301889251
BTC,bitcoin-above-64k-on-june-21-2026,64000.0,1782057660,1781719200,0.3656759940711426,3.917361111111112,66104.08,64198.02,7.431701968627477,-0.0292581005135359,1,2026-06-21,True,0.78,1781720100,0.2199999999999999,0.4374374831847456,0.43224248290742795,0.1855742272242318,0.2899261755042297,0.43676601915735236
BTC,bitcoin-above-68k-on-june-19-2026,68000.0,1781884860,1781719200,0.3953892021277257,1.917361111111111,66104.08,63236.69,8.4345976466361,-0.0443457989318434,0,2026-06-19,True,0.0999999999999999,1781721000,-0.0999999999999999,0.2740389713087245,0.2680509592863737,0.3485548424342571,0.3485548424342571,0.17770799210625898
ETH,ethereum-above-1700-on-june-19-2026,1700.0,1781884860,1781719200,0.6206554346327873,1.917361111111111,1789.27,1707.33,4.761844747264493,-0.0468769686969601,1,2026-06-19,True,0.86,1781720100,0.14,0.3632208471573019,0.35992204650582393,0.22467255236597702,0.27810939157815523,0.3902279062170549
BTC,bitcoin-above-64k-on-june-19-2026,64000.0,1781884860,1781719200,0.4401050992171169,1.917361111111111,66104.08,63236.69,7.599879387168227,-0.0443457989318434,0,2026-06-19,True,0.8200000000000001,1781720100,-0.8200000000000001,-0.4829772767903761,-0.4883726935067776,-0.52346208121684,-0.52346208121684,-0.373021137079093
BTC,bitcoin-above-64k-on-june-18-2026,64000.0,1781798460,1781719200,0.4933816230087852,0.9173611111111112,66104.08,62544.81,6.969692549401143,-0.0553472097630432,0,2026-06-18,True,0.86,1781720100,-0.86,-0.4742469644843755,-0.4790722677192296,-0.4790722677192296,-0.4790722677192296,-0.22776634314636726
XRP,xrp-above-1pt2-on-june-23-2026,1.2,1782230460,1781722800,0.5469758388123891,5.875694444444444,1.2089,1.1002,5.733766912087559,-0.0942188737665885,0,2026-06-23,True,0.53,1781724600,-0.53,0.0102290608970198,0.010140666805164601,-0.0618136048135042,-0.0618136048135042,-0.11238965427499566
XRP,xrp-above-1pt3-on-june-21-2026,1.3,1782057660,1781722800,0.5334310519778719,3.875694444444445,1.2089,1.1483,2.920798505143165,-0.0514282674258026,0,2026-06-21,True,0.06,1781725500,-0.06,0.0902116066193871,0.08855664903609944,0.08855664903609944,0.08855664903609944,0.048442528969175856
XRP,xrp-above-1pt2-on-june-19-2026,1.2,1781884860,1781722800,0.5966172869891165,1.8756944444444448,1.2089,1.1363,9.221530790379855,-0.0619334852839827,0,2026-06-19,True,0.59,1781724600,-0.59,-0.0188784584982152,-0.024775105734106663,-0.024775105734106663,-0.024775105734106663,-0.02900553669239444
XRP,xrp-above-1pt2-on-june-22-2026,1.2,1782144060,1781727300,0.5381162228767534,4.823611111111111,1.1801,1.1388,6.162932859805849,-0.0356241042278204,0,2026-06-22,True,0.37,1782143100,-0.37,-0.1504510374532167,-0.1520722959222182,-0.18609696855462707,-0.18609696855462707,-0.18609696855462707
ETH,ethereum-above-1800-on-june-20-2026,1800.0,1781971260,1781730000,0.5027640889852362,2.792361111111111,1747.36,1736.83,7.115978128506642,-0.0060444648884996,0,2026-06-20,True,0.22,1781732700,-0.22,-0.1769877200549105,-0.18192133918657036,-0.07047679497633358,-0.07047679497633358,-0.08919580110760333
ETH,ethereum-above-1700-on-june-20-2026,1700.0,1781971260,1781731800,0.5415847960229127,2.771527777777778,1743.86,1736.83,7.399086069602338,-0.0040394344564197,1,2026-06-20,True,0.73,1781733600,0.27,0.2998881232155674,0.2947556537695631,-0.12578896524755143,0.1539608228782487,0.21318674003061963
BTC,bitcoin-above-66k-on-june-21-2026,66000.0,1782057660,1781740800,0.3287211518165215,3.667361111111111,64509.4,64198.02,9.411586989972225,-0.00483858051849,0,2026-06-21,True,0.23,1781744400,-0.23,-0.1844612785422464,-0.19104031962718634,-0.05622153423336459,-0.05622153423336459,-0.053005406954870694
BTC,bitcoin-above-66k-on-june-22-2026,66000.0,1782144060,1781741700,0.3392574436917936,4.656944444444444,64634.91,64774.51,8.876992081675011,0.0021574944722049,0,2026-06-22,True,0.28,1781742600,-0.28,-0.2991520613460214,-0.3053105010070038,-0.07665694976146076,-0.07665694976146076,-0.23678598072012202
ETH,ethereum-above-1800-on-june-21-2026,1800.0,1782057660,1781741700,0.475251617308935,3.656944444444444,1755.86,1728.87,7.226177528063026,-0.0154907494786343,0,2026-06-21,True,0.27,1781752500,-0.27,-0.1580610942246381,-0.16308541962032824,-0.09279168826083126,-0.09279168826083126,-0.09093244943378345
BTC,bitcoin-above-62k-on-june-19-2026,62000.0,1781884860,1781756100,0.3825708487689274,1.4902777777777778,63939.93,63236.69,7.489269757048328,-0.0110593781742278,1,2026-06-19,True,0.901,1781757000,0.0989999999999999,0.1818266664920051,0.17649974297901913,0.11244008953499422,0.12748696288657765,0.05426834108415851
BTC,bitcoin-above-64k-on-june-22-2026,64000.0,1782144060,1781771400,0.3150847673537483,4.313194444444445,64578.0,64774.51,11.302030437677068,0.0030383662624908,1,2026-06-22,True,0.62,1781772300,0.38,0.3456602920205175,0.3377340903411296,0.007875756408877083,0.18059942250322605,0.3279467713304954
ETH,ethereum-above-1700-on-june-22-2026,1700.0,1782144060,1781788500,0.4995634093718874,4.115277777777778,1749.88,1743.3,6.57434875228057,-0.0037673453886909,1,2026-06-22,True,0.73,1781790300,0.27,0.2947678424555505,0.29018267229271105,0.1813190120951086,0.1813190120951086,0.049834112912254244
ETH,ethereum-above-1700-on-june-23-2026,1700.0,1782230460,1781792100,0.5089866741251567,5.073611111111111,1732.26,1660.68,6.386584870789468,-0.0421997573037821,0,2026-06-23,True,0.64,1781796600,-0.64,-0.3704876684526778,-0.3752222911600774,0.061955998090899876,-0.1690419294370882,0.044760739948583046
BTC,bitcoin-above-60k-on-june-20-2026,60000.0,1781971260,1781797500,0.4931921220291408,2.011111111111111,62786.01,64016.99,5.1680783419034455,0.0194162389226403,1,2026-06-20,True,0.904,1781798400,0.0959999999999999,-0.0043446438573202,-0.008073276550045866,0.02159119669162714,0.02159119669162714,-0.02169863448931367
ETH,ethereum-above-1600-on-june-22-2026,1600.0,1782144060,1781797500,0.5528882020272963,4.011111111111111,1698.67,1743.3,4.160214940844299,0.0259342768438143,1,2026-06-22,True,0.868,1781798400,0.132,0.0241078339943713,0.021206359842937325,0.047204425825887894,0.047204425825887894,0.018363763856007638
BTC,bitcoin-above-62k-on-june-20-2026,62000.0,1781971260,1781797500,0.4018523035320511,2.011111111111111,62786.01,64016.99,12.30911795228184,0.0194162389226403,1,2026-06-20,True,0.671,1781798400,0.3289999999999999,0.0900032249115342,0.0811225198255915,0.06335270022270348,0.06335270022270348,0.04867019868784027
BTC,bitcoin-above-62k-on-june-21-2026,62000.0,1782057660,1781799300,0.3971643937895373,2.990277777777778,62639.99,64198.02,10.707030034428088,0.024568477058689,1,2026-06-21,True,0.625,1781800200,0.375,0.111944578232459,0.10437785779653905,0.12131326053153821,0.12131326053153821,0.1256353076270187
BTC,bitcoin-above-62k-on-june-24-2026,62000.0,1782316860,1781799300,0.4227068921914131,5.990277777777778,62639.99,60321.87,7.270345230657401,-0.0377091674947044,0,2026-06-24,True,0.59,1781802000,-0.59,-0.3158413339528147,-0.32082904271816787,-0.08747659866566015,-0.1035757321856417,-0.139483805432233
BTC,bitcoin-above-62k-on-june-22-2026,62000.0,1782144060,1781799300,0.406229776423554,3.9902777777777776,62639.99,64774.51,9.166872715181617,0.0335082697325733,1,2026-06-22,True,0.61,1781802900,0.39,0.0828339564555273,0.07640410586763081,0.10774046548755908,0.10774046548755908,0.016826697415962936
BTC,bitcoin-above-68k-on-june-23-2026,68000.0,1782230460,1781813700,0.4794167793779733,4.823611111111111,63172.0,62516.0,2.855938865764086,-0.0104386410278609,0,2026-06-23,True,0.05,1781817300,-0.05,-0.0201878793827722,-0.022202870258530096,-0.06028700826142217,-0.06028700826142217,-0.060896193313549014
BTC,bitcoin-above-68k-on-june-22-2026,68000.0,1782144060,1781813700,0.543810339930559,3.823611111111111,63172.0,64774.51,2.8776444456297,0.025050996764899,0,2026-06-22,True,0.04,1781814600,-0.04,-0.1120878616979992,-0.11410630619977985,-0.04044626412309038,-0.04044626412309038,-0.10128164317681668
ETH,ethereum-above-1700-on-june-19-2026,1700.0,1781884860,1781837100,0.5055610993853604,0.5527777777777778,1704.44,1707.33,20.125017999926342,0.0016941357073978,1,2026-06-19,True,0.51,1781838900,0.49,0.4559054883942995,0.44181948873923166,0.44181948873923166,0.44181948873923166,0.44181948873923166
ETH,ethereum-above-1700-on-june-20-2026,1700.0,1781971260,1781841600,0.4847606356761053,1.5006944444444446,1697.69,1736.83,12.812083333550053,0.0227931090838794,1,2026-06-20,True,0.46,1781842500,0.54,0.2479727869866397,0.2389964730521404,0.2389964730521404,0.2389964730521404,0.2389964730521404
BTC,bitcoin-above-62k-on-june-19-2026,62000.0,1781884860,1781842500,0.4259082471600517,0.4902777777777778,62869.99,63236.69,17.27773766848841,0.0058157273439327,1,2026-06-19,True,0.772,1781843400,0.2279999999999999,0.1275173886000755,0.11492756646353346,0.11492756646353346,0.11492756646353346,0.11492756646353346
ETH,ethereum-above-1700-on-june-21-2026,1700.0,1782057660,1781851500,0.4516254112176781,2.386111111111111,1700.49,1728.87,10.92469864611802,0.0165515710799953,1,2026-06-21,True,0.48,1781855100,0.52,0.3391790738312484,0.33152497065652353,0.3304222954583869,0.3304222954583869,0.3304222954583869
BTC,bitcoin-above-64k-on-june-22-2026,64000.0,1782144060,1781874000,0.3365052820973579,3.125694444444445,62830.01,64774.51,10.648857531150927,0.030479336198227,1,2026-06-22,True,0.27,1781875800,0.73,0.4054298911810283,0.3981480478239332,0.16376647793404975,0.16376647793404975,0.11032581042842526
BTC,bitcoin-above-64k-on-june-20-2026,64000.0,1781971260,1781877600,0.2948808785346995,1.0840277777777778,63210.0,64016.99,18.30044807723417,0.0126860003948707,1,2026-06-20,True,0.21,1781878500,0.79,0.5578405084658952,0.5449594497849213,0.7067060252000172,0.7067060252000172,0.5449594497849213
ETH,ethereum-above-1700-on-june-22-2026,1700.0,1782144060,1781877600,0.4491586827557148,3.0840277777777776,1703.47,1743.3,9.658687946771265,0.0231125216045116,1,2026-06-22,True,0.52,1781878500,0.48,0.2567633661590132,0.25001377229099025,0.2281378024120662,0.2281378024120662,0.04773360639631136
ETH,ethereum-above-1700-on-june-23-2026,1700.0,1782230460,1781878500,0.4778464261821643,4.073611111111111,1698.62,1660.68,7.896006360209645,-0.022588999653201,0,2026-06-23,True,0.5,1781889300,-0.5,-0.3216371150675513,-0.32750160439073017,0.0767014346710842,-0.0618428154638484,0.033450244409341676
BTC,bitcoin-above-64k-on-june-23-2026,64000.0,1782230460,1781892000,0.3474230118063884,3.917361111111112,63198.01,62516.0,10.357074586150306,-0.0108502893353557,0,2026-06-23,True,0.37,1781892900,-0.37,-0.2576227440724092,-0.26474775016275637,-0.049012295371054546,-0.049012295371054546,-0.124893466369256
BTC,bitcoin-above-62k-on-june-23-2026,62000.0,1782230460,1781893800,0.3794093965506838,3.896527777777778,63116.0,62516.0,9.256106179115529,-0.0095517791934753,1,2026-06-23,True,0.71,1781894700,0.29,0.3784122824142744,0.37204467229903226,0.2259535122493868,0.2259535122493868,0.3191856808670201
BTC,bitcoin-above-64k-on-june-21-2026,64000.0,1782057660,1781909100,0.2244311124131059,1.7194444444444446,63323.96,64198.02,20.312301322523638,0.0137085965595271,1,2026-06-21,True,0.21,1781910000,0.79,0.5115468559739731,0.4975500896247162,0.5018175017988791,0.5018175017988791,0.4975500896247162
BTC,bitcoin-above-64k-on-june-24-2026,64000.0,1782316860,1781915400,0.3333374696873382,4.646527777777778,63618.01,60321.87,10.44070219213694,-0.0532018818144915,0,2026-06-24,True,0.44,1781918100,-0.44,0.1154650040863726,0.10848636412007909,0.26808768028371854,0.26808768028371854,0.16164401018779131
BTC,bitcoin-above-64k-on-june-25-2026,64000.0,1782403260,1781948700,0.3540271775318236,5.261111111111111,63700.02,59622.0,9.304857757993313,-0.0661602430725295,0,2026-06-25,True,0.46,1781949600,-0.46,0.1556116510241496,0.14869264748964972,-0.07437899816903104,-0.07437899816903104,0.10860899808024028
BTC,bitcoin-above-64k-on-june-22-2026,64000.0,1782144060,1781960400,0.298020599852476,2.125694444444445,63655.09,64774.51,17.005891556419034,0.0174328713884462,1,2026-06-22,True,0.41,1781961300,0.59,0.2935384796510836,0.28197520267718046,0.16273749988248387,0.16273749988248387,0.26091623091964067
BTC,bitcoin-above-64k-on-june-24-2026,64000.0,1782316860,1782013500,0.3563007860626467,3.511111111111111,64452.01,60321.87,11.224629084016923,-0.0662261913201044,0,2026-06-24,True,0.59,1782018000,-0.59,0.1533644332153136,0.14590429082292233,0.26065280758123577,0.26065280758123577,-0.07082450484525667
BTC,bitcoin-above-66k-on-june-23-2026,66000.0,1782230460,1782015300,0.3230968797956403,2.4902777777777776,64405.7,62516.0,9.704037088361362,-0.0297796145304124,0,2026-06-23,True,0.17,1782018000,-0.17,0.1189824838802276,0.1123436405934174,-0.05741430978969764,-0.05741430978969764,0.07383411772954268
ETH,ethereum-above-1700-on-june-22-2026,1700.0,1782144060,1782015300,0.4364814567735711,1.4902777777777778,1736.26,1743.3,10.855603507516156,0.0040464941579653,1,2026-06-22,True,0.78,1782018000,0.2199999999999999,0.1760728638256481,0.16849294962347647,0.1533984749373629,0.1533984749373629,-0.02146144614066249
BTC,bitcoin-above-66k-on-june-24-2026,66000.0,1782316860,1782022500,0.3018262376549877,3.406944444444445,64216.01,60321.87,8.676990223186985,-0.0625578320082642,0,2026-06-24,True,0.19,1782030600,-0.19,0.3528136967194831,0.34704677262581574,-0.036455431495660946,-0.036455431495660946,0.16868762771048582
ETH,ethereum-above-1800-on-june-24-2026,1800.0,1782316860,1782023400,0.4758136569810879,3.3965277777777776,1736.22,1620.81,6.2662277572272025,-0.0687843120334851,0,2026-06-24,True,0.2,1782031500,-0.2,0.2310181653260018,0.22635770296029772,-0.0037479845777510564,-0.0037479845777510564,0.10765895287289487
ETH,ethereum-above-1700-on-june-23-2026,1700.0,1782230460,1782026100,0.5017189165403995,2.365277777777778,1735.34,1660.68,8.763543650792583,-0.0439762025742734,0,2026-06-23,True,0.71,1782027000,-0.71,-0.3246126291442578,-0.3311165301945749,-0.07458230046772522,-0.1555875933303772,0.004164487471820244
ETH,ethereum-above-1700-on-june-24-2026,1700.0,1782316860,1782026100,0.5164607717885672,3.3652777777777776,1735.34,1620.81,7.455269011776142,-0.0682773353320318,0,2026-06-24,True,0.68,1782029700,-0.68,-0.1709740976924549,-0.17651890104172865,0.23595887984026043,0.12834148300214918,0.06043119474139286
ETH,ethereum-above-1700-on-june-25-2026,1700.0,1782403260,1782026100,0.5219431990672483,4.365277777777778,1735.34,1572.81,6.614602056293127,-0.0983395311399357,0,2026-06-25,True,0.66,1782029700,-0.66,-0.009523135106879,-0.014883976961702187,0.12413695904046795,0.12413695904046795,0.3259074276070673
BTC,bitcoin-above-64k-on-june-21-2026,64000.0,1782057660,1782044100,0.3200055601265482,0.1569444444444444,64077.99,64198.02,59.152584349131295,0.0018714338718736,1,2026-06-21,True,0.54,1782045000,0.4599999999999999,0.3492998500401703,0.30789304099577547,0.30789304099577547,0.30789304099577547,0.30789304099577547
BTC,bitcoin-above-64k-on-june-25-2026,64000.0,1782403260,1782046800,0.3774626712808195,4.125694444444445,64200.0,59622.0,9.924563512669955,-0.0739785772186341,0,2026-06-25,True,0.55,1782047700,-0.55,0.1842050881832933,0.1766790726083982,-0.06764736992716831,-0.06764736992716831,-0.016246232397543053
BTC,bitcoin-above-66k-on-june-25-2026,66000.0,1782403260,1782046800,0.3602300162862868,4.125694444444445,64200.0,59622.0,7.914957924504783,-0.0739785772186341,0,2026-06-25,True,0.23,1782049500,-0.23,0.3555373260002173,0.34953523870051756,0.15740342825517906,0.15740342825517906,0.121190928978588
BTC,bitcoin-above-64k-on-june-23-2026,64000.0,1782230460,1782072000,0.3960095999352875,1.8340277777777776,64207.12,62516.0,14.1393633489402,-0.0266915839934293,0,2026-06-23,True,0.56,1782072900,-0.56,-0.1825979955581469,-0.19247887735590383,-0.033606009239407084,-0.033606009239407084,-0.10387825233665604
BTC,bitcoin-above-64k-on-june-22-2026,64000.0,1782144060,1782079200,0.3974969823126595,0.7506944444444446,63808.01,64774.51,21.791625889482184,0.0150334307131858,1,2026-06-22,True,0.38,1782081000,0.62,0.2923971020628034,0.27725903273190483,0.27725903273190483,0.27725903273190483,0.17154865431628716
BTC,bitcoin-above-62k-on-june-25-2026,62000.0,1782403260,1782079200,0.4398652111077469,3.750694444444445,63808.01,59622.0,7.371815188783166,-0.0678540975822401,0,2026-06-25,True,0.76,1782085500,-0.76,-0.2597921328220672,-0.2653820262865744,0.02371860781721722,0.02371860781721722,0.4081008559272629
BTC,bitcoin-above-62k-on-june-23-2026,62000.0,1782230460,1782079200,0.4757887478583749,1.7506944444444443,63808.01,62516.0,8.394226078580306,-0.0204562070795741,1,2026-06-23,True,0.8200000000000001,1782085500,0.1799999999999999,0.3517140269362007,0.3458481808796381,0.255366606687264,0.255366606687264,0.04492563252031069
BTC,bitcoin-above-64k-on-june-24-2026,64000.0,1782316860,1782099900,0.4209292522379402,2.511111111111111,64177.99,60321.87,11.404528021628838,-0.0619655924782038,0,2026-06-24,True,0.55,1782100800,-0.55,0.1566883357945085,0.1489375724425554,0.2526608081457472,0.2526608081457472,-0.0409666816151511
BTC,bitcoin-above-66k-on-june-25-2026,66000.0,1782403260,1782133200,0.3449665586664066,3.125694444444445,65149.57,59622.0,11.431288980578657,-0.0886610699182998,0,2026-06-25,True,0.34,1782138600,-0.34,0.6735103115633743,0.6647963121683031,0.16358330506100696,0.16358330506100696,0.14203763917362278
BTC,bitcoin-above-64k-on-june-25-2026,64000.0,1782403260,1782138600,0.3810154403051463,3.063194444444445,64970.02,59622.0,10.49289209572986,-0.0859012992494959,0,2026-06-25,True,0.68,1782144000,-0.68,0.221353063907961,0.2133407612100957,0.012623858687360294,0.012623858687360294,0.07735346008550607
ETH,ethereum-above-1700-on-june-24-2026,1700.0,1782316860,1782138600,0.5263730043441571,2.063194444444445,1755.39,1620.81,7.376234614719348,-0.079765030166407,0,2026-06-24,True,0.8,1782144000,-0.8,-0.2116344234424151,-0.21713337136111735,-0.3279592587993896,-0.3279592587993896,0.07432070353553727
BTC,bitcoin-above-66k-on-june-24-2026,66000.0,1782316860,1782138600,0.3377454739673098,2.063194444444445,64970.02,60321.87,12.865660632702172,-0.0742312081813477,0,2026-06-24,True,0.26,1782144000,-0.26,0.6950335328166858,0.6862257000413592,0.2490306523061008,0.2490306523061008,0.1349131021127476
ETH,ethereum-above-1800-on-june-25-2026,1800.0,1782403260,1782144900,0.4907676338603727,2.990277777777778,1742.0,1572.81,6.730566588355394,-0.1021700499522713,0,2026-06-25,True,0.21,1782149400,-0.21,0.4776623245393589,0.4721958409309542,0.13556074469965687,0.13556074469965687,0.09188861573720584
BTC,bitcoin-above-64k-on-june-23-2026,64000.0,1782230460,1782159300,0.397513550268288,0.8236111111111112,64524.0,62516.0,19.32421024296225,-0.0316147236355941,0,2026-06-23,True,0.6900000000000001,1782160200,-0.6900000000000001,-0.0790704336926308,-0.09267929173120618,-0.09267929173120618,-0.09267929173120618,-0.09879546819881965
BTC,bitcoin-above-62k-on-june-23-2026,62000.0,1782230460,1782186300,0.4292530585075239,0.5111111111111111,63997.99,62516.0,3.591879361361756,-0.0234291526365381,1,2026-06-23,True,0.952,1782187200,0.048,0.1321546898093757,0.12962589528980584,0.12962589528980584,0.12962589528980584,0.1586339632458916
BTC,bitcoin-above-60k-on-june-25-2026,60000.0,1782403260,1782196200,0.5082893203189163,2.3965277777777776,62768.8,59622.0,5.436617923532994,-0.0514335012566421,0,2026-06-25,True,0.876,1782203400,-0.876,-0.5963757051980823,-0.6005265926818883,-0.6045730052670305,-0.6045730052670305,0.43814953150926056
ETH,ethereum-above-1600-on-june-25-2026,1600.0,1782403260,1782196200,0.6307816880883124,2.3965277777777776,1687.39,1572.81,4.663637662104985,-0.0703191279766764,0,2026-06-25,True,0.866,1782202500,-0.866,-0.5380570664015916,-0.5418419488324522,-0.41336532285652555,-0.41336532285652555,0.29687105156164306
ETH,ethereum-above-1600-on-june-23-2026,1600.0,1782230460,1782202500,0.6942842283062749,0.3236111111111111,1675.63,1660.68,1.6281003140221757,-0.0089620569211411,1,2026-06-23,True,0.951,1782203400,0.049,0.0635911276875944,0.06239094708782025,0.06239094708782025,0.06239094708782025,-0.023866978662832085
ETH,ethereum-above-1600-on-june-24-2026,1600.0,1782316860,1782202500,0.6694675358092885,1.323611111111111,1675.63,1620.81,5.252794308196011,-0.0332631896788995,1,2026-06-24,True,0.85,1782203400,0.15,0.3247246934177676,0.3208441658579128,0.19274756131791382,0.19274756131791382,0.12192391149763533
SOL,solana-above-70-on-june-23-2026,70.0,1782230460,1782207000,0.6658508181435867,0.2715277777777777,68.98,68.96,15.729330355569484,-0.0002899811532572,0,2026-06-23,True,0.181,1782212400,-0.181,-0.1764387906435272,-0.18744932172275752,-0.18744932172275752,-0.18744932172275752,-0.18744932172275752
ETH,ethereum-above-1700-on-june-26-2026,1700.0,1782489660,1782210600,0.5754509706553828,3.229861111111111,1654.01,1591.92,6.391499666307045,-0.0382618076291636,0,2026-06-26,True,0.29,1782221400,-0.29,-0.0454496693058959,-0.05135693609526789,0.17431063423570106,0.17431063423570106,0.1508996287183416
BTC,bitcoin-above-62k-on-june-26-2026,62000.0,1782489660,1782222300,0.448142960745796,3.094444444444445,62400.0,60564.06,9.580279670325291,-0.02986362754221,0,2026-06-26,True,0.58,1782228600,-0.58,-0.2938980961751988,-0.300940815833762,-0.0680782066836515,-0.0680782066836515,0.05951216069521072
BTC,bitcoin-above-64k-on-june-26-2026,64000.0,1782489660,1782224100,0.41056654079868,3.073611111111111,62732.42,60564.06,9.103474230508931,-0.0351767315642057,0,2026-06-26,True,0.3,1782225000,-0.3,0.0202304693082774,0.013538262073138647,0.030543171076067698,0.030543171076067698,0.1393269901542105
BTC,bitcoin-above-62k-on-june-24-2026,62000.0,1782316860,1782231300,0.4443487434303633,0.9902777777777776,62787.26,60321.87,14.949536872713248,-0.0400574621065459,0,2026-06-24,True,0.715,1782232200,-0.715,-0.1161594932108779,-0.12633251151091904,-0.12633251151091904,-0.12633251151091904,0.1642816875300373
XRP,xrp-above-1pt1-on-june-24-2026,1.1,1782316860,1782231300,0.5670605791755952,0.9902777777777776,1.1039,1.0604,13.432348913510603,-0.0402031686094356,0,2026-06-24,True,0.53,1782232200,-0.53,0.0100229881906364,0.004034975754831282,0.004034975754831282,0.004034975754831282,-0.11539737593275183
ETH,ethereum-above-1700-on-june-24-2026,1700.0,1782316860,1782231300,0.5383232839116424,0.9902777777777776,1668.06,1620.81,11.210272013371204,-0.0287352502266839,0,2026-06-24,True,0.21,1782232200,-0.21,0.1121299714134137,0.10426559399939163,0.10426559399939163,0.10426559399939163,0.05995097830258375
BTC,bitcoin-above-64k-on-june-25-2026,64000.0,1782403260,1782235800,0.4010844118044094,1.9381944444444448,62642.43,59622.0,10.317336842396047,-0.0494182105562816,0,2026-06-25,True,0.21,1782236700,-0.21,0.2998643244576098,0.29202847455812936,0.28277263292537125,0.28277263292537125,0.16136972448919842
ETH,ethereum-above-1700-on-june-28-2026,1700.0,1782662460,1782244800,0.5120990993572326,4.834027777777778,1662.58,1580.65,6.230929450336735,-0.0505344578455947,0,2026-06-28,True,0.35,1782256500,-0.35,-0.0351233583530836,-0.0424244226825982,-0.014843923921504333,-0.014843923921504333,0.1335483619821253
BTC,bitcoin-above-64k-on-june-28-2026,64000.0,1782662460,1782244800,0.3696154095116102,4.834027777777778,62388.49,59895.23,7.735025493725718,-0.0407839340038891,0,2026-06-28,True,0.3,1782245700,-0.3,0.0154647692545098,0.010703321490956244,0.015841197937137244,0.015841197937137244,0.07764710285424539
ETH,ethereum-above-1700-on-june-30-2026,1700.0,1782835260,1782244800,0.5208485986588228,6.834027777777778,1662.58,1566.76,5.268884700702135,-0.0593608199493792,0,2026-06-30,True,0.38,1782247500,-0.38,-0.0672346839475813,-0.07361829652733883,-0.010095276295045467,-0.010095276295045467,0.1008232299087292
BTC,bitcoin-above-62k-on-june-28-2026,62000.0,1782662460,1782244800,0.4127052778850793,4.834027777777778,62388.49,59895.23,8.35102694958846,-0.0407839340038891,0,2026-06-28,True,0.59,1782246600,-0.59,-0.2494122680232844,-0.2545529076533343,-0.2495028634273109,-0.2495028634273109,0.039618331449193016
BTC,bitcoin-above-60k-on-june-29-2026,60000.0,1782748860,1782244800,0.4593222758551057,5.834027777777778,62388.49,59807.99,5.586287650492481,-0.0422415391618113,0,2026-06-29,True,0.8,1782245700,-0.8,-0.564026611442579,-0.5671347556727391,-0.5432357478376938,-0.5743682759012047,-0.4646317491393566
BTC,bitcoin-above-64k-on-june-29-2026,64000.0,1782748860,1782244800,0.3725644414585514,5.834027777777778,62388.49,59807.99,7.220336801195048,-0.0422415391618113,0,2026-06-29,True,0.31,1782246600,-0.31,-0.005001860250852,-0.00901917005881854,-0.014543785556533993,-0.014543785556533993,0.06347570168485477
ETH,ethereum-above-1600-on-june-27-2026,1600.0,1782576060,1782261900,0.5874503259838358,3.636111111111112,1670.75,1604.83,5.293225202171128,-0.0402547954399923,1,2026-06-27,True,0.81,1782268200,0.1899999999999999,0.4030776977312107,0.3978247166092871,0.28367094463158166,0.34508528364923446,0.22504539750655517
ETH,ethereum-above-1700-on-june-25-2026,1700.0,1782403260,1782262800,0.5372795170781528,1.6256944444444446,1671.37,1572.81,9.859560269230476,-0.0607798209213035,0,2026-06-25,True,0.29,1782268200,-0.29,0.3092623075266278,0.3016961568698069,0.06891207976048494,0.06891207976048494,0.3190394905760445
SOL,solana-above-70-on-june-27-2026,70.0,1782576060,1782278100,0.6170983542849421,3.44861111111111,69.72,72.8,6.619799406862825,0.04322873455082,1,2026-06-27,True,0.44,1782306900,0.56,0.2738344486610513,0.2688229244362482,0.2688229244362482,0.2688229244362482,0.43868618090120004
SOL,solana-above-70-on-june-28-2026,70.0,1782662460,1782278100,0.617906146715576,4.448611111111111,69.72,72.04,5.823032240690817,0.0327342996559353,1,2026-06-28,True,0.44,1782306900,0.56,0.3693871177270544,0.3649999510738426,0.3649999510738426,0.3649999510738426,0.4784638240917879
ETH,ethereum-above-1800-on-june-27-2026,1800.0,1782576060,1782279900,0.556876709909421,3.427777777777778,1675.84,1604.83,2.966412363577117,-0.0432967001399356,0,2026-06-27,True,0.06,1782288900,-0.06,0.0684358665971961,0.06549201717380407,0.05638996859430492,0.05638996859430492,0.06991920883656506
BTC,bitcoin-above-66k-on-june-27-2026,66000.0,1782576060,1782280800,0.4146673729447329,3.417361111111111,62890.0,60814.99,4.706502104256929,-0.0335508639181426,0,2026-06-27,True,0.0699999999999999,1782283500,-0.0699999999999999,0.0879072116303763,0.08491512433297609,0.04962618551655721,0.04962618551655721,0.04912667484593955
BTC,bitcoin-above-66k-on-june-28-2026,66000.0,1782662460,1782280800,0.3939985569362435,4.417361111111111,62890.0,59895.23,4.831879662137602,-0.0487902993260638,0,2026-06-28,True,0.09,1782281700,-0.09,0.1457488550232136,0.14276290815663897,0.01428818761510374,0.01428818761510374,0.026638585662907832
BTC,bitcoin-above-66k-on-june-29-2026,66000.0,1782748860,1782280800,0.3803964902234228,5.417361111111111,62890.0,59807.99,4.883943518435225,-0.0502479044839858,0,2026-06-29,True,0.12,1782284400,-0.12,0.1254079274195147,0.12267884640167914,0.016132500391976192,0.016132500391976192,0.03238836521124086
ETH,ethereum-above-1600-on-june-26-2026,1600.0,1782489660,1782290700,0.5740223619058293,2.302777777777778,1674.23,1591.92,5.45645214699601,-0.0504125231860947,0,2026-06-26,True,0.85,1782299700,-0.85,-0.5749264796257472,-0.5798157370563045,-0.5753663047509503,-0.570594269089312,-0.2822205238886807
XRP,xrp-above-1pt1-on-june-30-2026,1.1,1782835260,1782292500,0.5309904983601101,6.281944444444445,1.0995,1.0353,5.72204534042726,-0.0601642912227483,0,2026-06-30,True,0.49,1782297000,-0.49,-0.1457371977487643,-0.14891054495263925,-0.08976387368500857,-0.08976387368500857,-0.0024065728141905588
BTC,bitcoin-above-62k-on-june-25-2026,62000.0,1782403260,1782296100,0.4007027134851464,1.2402777777777778,62612.61,59622.0,15.70737960354939,-0.0489420620426028,0,2026-06-25,True,0.7,1782297000,-0.7,0.0687515470836281,0.05656500829948505,0.6148341382853325,0.5800898973355988,0.5338501910730638
XRP,xrp-above-1pt1-on-june-28-2026,1.1,1782662460,1782297000,0.5374105131432335,4.229861111111111,1.0876,1.0523,6.723654586362783,-0.0329951890115491,0,2026-06-28,True,0.39,1782307800,-0.39,-0.168151746074591,-0.17295394810587789,-0.17295394810587789,-0.17295394810587789,-0.18272600698531977
XRP,xrp-above-1pt1-on-june-29-2026,1.1,1782748860,1782297000,0.5323909764732409,5.229861111111111,1.0876,1.0491,6.123880228773524,-0.0360407800208758,0,2026-06-29,True,0.4,1782307800,-0.4,-0.1792905798005828,-0.18339402891373402,-0.2599884400444381,-0.2599884400444381,-0.19389806614211397
XRP,xrp-above-1pt1-on-june-26-2026,1.1,1782489660,1782297000,0.5604326320005596,2.229861111111111,1.0876,1.0533,8.755556362986697,-0.0320453409158194,0,2026-06-26,True,0.39,1782306900,-0.39,-0.1094252114404194,-0.11537298539807923,-0.11537298539807923,-0.11537298539807923,-0.13313613084870338
XRP,xrp-above-1-on-june-26-2026,1.0,1782489660,1782299700,0.6944885426218659,2.198611111111111,1.0843,1.0533,2.495392860992535,-0.0290065246356401,1,2026-06-26,True,0.922,1782315900,0.0779999999999999,0.1503826744979804,0.14867887833702959,0.14867887833702959,0.14867887833702959,0.15883662296335402
ETH,ethereum-above-1600-on-june-24-2026,1600.0,1782316860,1782300600,0.5714693495507142,0.1881944444444444,1657.89,1620.81,0.7351860171376082,-0.0226196852322644,1,2026-06-24,True,0.972,1782306900,0.028,0.0446296762948148,0.04411461811183269,0.04411461811183269,0.04411461811183269,0.04535402948640773
ETH,ethereum-above-1700-on-june-26-2026,1700.0,1782489660,1782301500,0.4980335639357902,2.1777777777777776,1669.84,1591.92,9.221635444286276,-0.0477869785522405,0,2026-06-26,True,0.31,1782306900,-0.31,0.1306740951926895,0.12241095753532673,0.19000318775152367,0.19000318775152367,0.3245971684351
SOL,solana-above-70-on-june-30-2026,70.0,1782835260,1782305100,0.6138879096820932,6.136111111111111,69.76,73.2,4.994900067377442,0.0481346413665417,1,2026-06-30,True,0.45,1782306900,0.55,0.3095722765950717,0.308430265131234,0.21127822831649257,0.21127822831649257,0.14998520216362962
BTC,bitcoin-above-60k-on-june-27-2026,60000.0,1782576060,1782306900,0.4224295036995455,3.115277777777778,62045.87,60814.99,7.185663789068699,-0.020037645571753,1,2026-06-27,True,0.846,1782307800,0.154,0.2979837842031387,0.29328627005205504,0.182312906972842,0.22571668733571965,0.31331762382982603
XRP,xrp-above-1-on-june-27-2026,1.0,1782576060,1782307800,0.6048212412486041,3.104861111111111,1.0806,1.0753,2.8298190632375926,-0.0049167500134848,1,2026-06-27,True,0.906,1782315900,0.0939999999999999,0.1079135129173332,0.10588306948086959,0.10588306948086959,0.10588306948086959,0.08040901962634253
BTC,bitcoin-above-60k-on-june-26-2026,60000.0,1782489660,1782307800,0.4595671814094649,2.104861111111111,61855.71,60564.06,7.929147128987617,-0.0211027668734291,1,2026-06-26,True,0.8200000000000001,1782308700,0.1799999999999999,0.3473269433681457,0.34133627992609644,0.41141669679258247,0.41141669679258247,0.39519257374849426
ETH,ethereum-above-1500-on-june-26-2026,1500.0,1782489660,1782307800,0.7117440340258507,2.104861111111111,1652.15,1591.92,1.5672201529695189,-0.0371366351050075,1,2026-06-26,True,0.951,1782315900,0.049,0.1072012829500431,0.10579722047389685,-0.17019490388161024,0.06003248166354772,-0.25364745350645657
BTC,bitcoin-above-60k-on-june-24-2026,60000.0,1782316860,1782307800,0.5178447465124238,0.1048611111111111,61855.71,60321.87,0.1119578553145271,-0.0251096901611717,1,2026-06-24,True,0.973,1782308700,0.027,0.029811227058057,0.029732757127723296,0.029732757127723296,0.029732757127723296,0.031873359687800716
BTC,bitcoin-above-60k-on-june-25-2026,60000.0,1782403260,1782307800,0.4938204946633666,1.104861111111111,61855.71,59622.0,7.951960834378551,-0.0367797812293198,0,2026-06-25,True,0.881,1782308700,-0.881,-0.5885286201674369,-0.5947302061672466,-0.6668612463455406,-0.6668612463455406,0.25487896195109516
ETH,ethereum-above-1600-on-june-25-2026,1600.0,1782403260,1782307800,0.6010720258857277,1.104861111111111,1652.15,1572.81,7.65806644532437,-0.049213641530241,0,2026-06-25,True,0.8180000000000001,1782314100,-0.8180000000000001,-0.4411186631450391,-0.4469934515187228,-0.48022327030178935,-0.48022327030178935,0.5581008322662399
BTC,bitcoin-above-60k-on-june-28-2026,60000.0,1782662460,1782307800,0.3924822633942242,4.104861111111111,61855.71,59895.23,7.444089768754102,-0.032207545477253,0,2026-06-28,True,0.785,1782308700,-0.785,-0.5452441402360985,-0.5499783382156951,-0.329955327531782,-0.4749227062069481,-0.36210348570846107
BTC,bitcoin-above-58k-on-june-30-2026,58000.0,1782835260,1782308700,0.4572455486995285,6.094444444444444,61501.44,58441.4,4.248610761890547,-0.0510360463825591,1,2026-06-30,True,0.86,1782312300,0.14,0.3568322959052861,0.35489849277131935,0.4805728584519805,0.4449613110624586,0.31561428573028194
BTC,bitcoin-above-62k-on-june-26-2026,62000.0,1782489660,1782309600,0.3902072726952694,2.084027777777778,61338.01,60564.06,12.59356161848654,-0.0126980682008204,0,2026-06-26,True,0.38,1782310500,-0.38,-0.220086095677223,-0.22960083767478995,0.1806849695506253,0.1806849695506253,0.12280032273981775
BTC,bitcoin-above-58k-on-june-27-2026,58000.0,1782576060,1782315900,0.5060895068269758,3.0111111111111115,60576.58,60814.99,5.67065169423335,0.0039279549071189,1,2026-06-27,True,0.867,1782316800,0.133,0.1107259358510735,0.10702241616279673,0.04812179172045902,0.04812179172045902,-0.12062160426005838
BTC,bitcoin-above-58k-on-june-25-2026,58000.0,1782403260,1782317700,0.6560013839409646,0.9902777777777776,60524.49,59622.0,5.481013679415687,-0.0150234430412032,1,2026-06-25,True,0.909,1782319500,0.0909999999999999,0.1733436968207576,0.16907762517268446,0.16907762517268446,0.16907762517268446,-0.748359175213526
BTC,bitcoin-above-58k-on-june-26-2026,58000.0,1782489660,1782317700,0.5459724919078628,1.9902777777777776,60524.49,60564.06,5.7821681058573136,0.0006535713146873,1,2026-06-26,True,0.864,1782319500,0.136,0.1322209407893116,0.12786130624825778,0.09523958854177597,0.09523958854177597,-0.11252758965321924
ETH,ethereum-above-1600-on-july-1-2026,1600.0,1782921660,1782318600,0.5703546244454666,6.979861111111111,1631.78,1618.57,4.9478723068936254,-0.0081284001618023,1,2026-07-01,True,0.58,1782319500,0.42,0.4602182860599316,0.4545348846338495,0.3438699855905603,0.3438699855905603,0.3891083397824299
BTC,bitcoin-above-60k-on-july-1-2026,60000.0,1782921660,1782319500,0.4335489336079532,6.969444444444444,60262.0,60114.03,6.653068156629262,-0.0024584641066517,1,2026-07-01,True,0.51,1782320400,0.49,0.5063563292621807,0.5035700174835954,0.5856730254386376,0.5856730254386376,0.3811262801826796
ETH,ethereum-above-1500-on-july-1-2026,1500.0,1782921660,1782319500,0.6485287446779447,6.969444444444444,1623.43,1618.57,3.134640825079693,-0.0029981515364029,1,2026-07-01,True,0.83,1782320400,0.17,0.1793981282057842,0.17580146453365322,0.07488806149650767,0.07488806149650767,-0.07333162893415222
BTC,bitcoin-above-56k-on-july-1-2026,56000.0,1782921660,1782319500,0.5360601176402514,6.969444444444444,60262.0,60114.03,3.419406845845891,-0.0024584641066517,1,2026-07-01,True,0.87,1782321300,0.13,0.1384064889965513,0.13697443789680994,0.025936550538692763,0.025936550538692763,0.00046339643107571465
ETH,ethereum-above-1500-on-june-27-2026,1500.0,1782576060,1782320400,0.6935559126561689,2.959027777777778,1589.87,1604.83,4.258828609681063,0.0093655800858126,1,2026-06-27,True,0.853,1782322200,0.147,0.107113599584282,0.10291120224871647,0.08009705197339284,0.08009705197339284,-0.10142329068884538
SOL,solana-above-60-on-june-26-2026,60.0,1782489660,1782320400,0.7689744538527862,1.9590277777777776,66.52,73.4,1.3939759668252767,0.0984212812957431,1,2026-06-26,True,0.937,1782322200,0.0629999999999999,-0.074196900750416,-0.07528470583654366,-0.07528470583654366,-0.07528470583654366,-0.1114693936771156
BTC,bitcoin-above-58k-on-july-1-2026,58000.0,1782921660,1782321300,0.4793056193006813,6.948611111111112,59839.72,60114.03,5.478023706637819,0.0045736040459683,1,2026-07-01,True,0.68,1782322200,0.3199999999999999,0.2949456886114105,0.2926662151654176,0.007839344325677618,0.1273428661161702,0.05355946005404682
ETH,ethereum-above-1500-on-june-29-2026,1500.0,1782748860,1782321300,0.6470237451393092,4.948611111111111,1588.21,1580.32,4.083871113654227,-0.004980237717688,1,2026-06-29,True,0.798,1782322200,0.2019999999999999,0.2223386489543974,0.21732919410955626,0.1876356328440267,0.1876356328440267,-0.03908449528249333
ETH,ethereum-above-1500-on-june-28-2026,1500.0,1782662460,1782322200,0.6453914593675714,3.938194444444444,1576.67,1580.65,4.624832973848813,0.0025211268468827,1,2026-06-28,True,0.797,1782323100,0.2029999999999999,0.191340209427281,0.1860077940637331,0.15988509375682297,0.15988509375682297,-0.012208870943710605
BTC,bitcoin-above-58k-on-june-28-2026,58000.0,1782662460,1782322200,0.476288040151172,3.938194444444444,59686.01,59895.23,6.91484558966974,0.0034992146507741,1,2026-06-28,True,0.74,1782323100,0.26,0.2358034710047866,0.2314585899055881,0.16989563448236175,0.16989563448236175,0.003827125140084566
ETH,ethereum-above-1500-on-june-25-2026,1500.0,1782403260,1782323100,0.9050948054300448,0.9277777777777778,1567.48,1572.81,5.612447604557165,0.0033945942051538,1,2026-06-25,True,0.844,1782324000,0.156,0.1369480178848406,0.13278306501328258,0.13278306501328258,0.13278306501328258,-0.16685090084533646
XRP,xrp-above-1pt1-on-july-1-2026,1.1,1782921660,1782325800,0.5610898070669583,6.896527777777778,1.0677,1.06,4.725948814009247,-0.0072378940781438,0,2026-07-01,True,0.31,1782328500,-0.31,-0.2757940830654712,-0.2778659699427179,-0.13322073787622618,-0.13322073787622618,-0.09342302724355132
XRP,xrp-above-1pt1-on-june-27-2026,1.1,1782576060,1782325800,0.5865988775311936,2.8965277777777776,1.0677,1.0753,6.390307828053844,0.0070928902122237,0,2026-06-27,True,0.29,1782327600,-0.29,-0.3353257518466999,-0.3399093715536215,-0.3399093715536215,-0.3399093715536215,-0.3399093715536215
BTC,bitcoin-above-64k-on-june-28-2026,64000.0,1782662460,1782332100,0.4067365051858143,3.823611111111111,60684.01,59895.23,4.122832822965229,-0.013083367444567,0,2026-06-28,True,0.09,1782333000,-0.09,-0.0360594632646243,-0.03861463827178181,-0.024501727804423917,-0.024501727804423917,0.04874438643228925
BTC,bitcoin-above-62k-on-june-27-2026,62000.0,1782576060,1782333900,0.4554426405873626,2.8027777777777776,60884.02,60814.99,8.92935619498742,-0.0011344382736257,0,2026-06-27,True,0.3,1782335700,-0.3,-0.2898701965735691,-0.29555954515463984,-0.127471763024001,-0.127471763024001,-0.09943621998385986
BTC,bitcoin-above-64k-on-june-27-2026,64000.0,1782576060,1782336600,0.4543316815798964,2.771527777777778,60853.99,60814.99,4.368120075700313,-0.0006410837229951,0,2026-06-27,True,0.064,1782348300,-0.064,-0.06119966931938,-0.0639818486232393,0.01099595460192109,0.01099595460192109,0.07055348268833125
ETH,ethereum-above-1700-on-june-28-2026,1700.0,1782662460,1782338400,0.5571602171336194,3.750694444444445,1621.37,1580.65,4.851755868336278,-0.0254353160263321,0,2026-06-28,True,0.17,1782340200,-0.17,-0.0465940562062549,-0.052032959885232884,-0.04389341523200086,-0.04389341523200086,0.1121333116544305
ETH,ethereum-above-1700-on-june-29-2026,1700.0,1782748860,1782338400,0.5625333858932463,4.750694444444445,1621.37,1580.32,4.621515995795715,-0.0256441126939368,0,2026-06-29,True,0.21,1782339300,-0.21,-0.0914853229869831,-0.09697621121356004,-0.08626259656291885,-0.08626259656291885,0.06266107112325602
ETH,ethereum-above-1700-on-june-30-2026,1700.0,1782835260,1782338400,0.5659125056420319,5.750694444444444,1621.37,1566.76,4.389097538226059,-0.0342616781301167,0,2026-06-30,True,0.23,1782340200,-0.23,-0.0796221528636111,-0.08471719309959723,-0.07802288203355254,-0.07802288203355254,0.09117443678329183
ETH,ethereum-above-1700-on-july-1-2026,1700.0,1782921660,1782338400,0.5680416502858636,6.750694444444444,1621.37,1618.57,4.176306528195312,-0.0017284274999377,0,2026-07-01,True,0.25,1782350100,-0.25,-0.2427815569484975,-0.2473798750661931,-0.06652080561479526,-0.06652080561479526,0.03825463113446351
SOL,solana-above-70-on-june-25-2026,70.0,1782403260,1782343800,0.7082243463444415,0.6881944444444444,68.0,66.47,8.198728976523336,-0.0227569871226161,0,2026-06-25,True,0.15,1782349200,-0.15,0.0365783697405616,0.030581685075109402,0.030581685075109402,0.030581685075109402,0.030581685075109402
SOL,solana-above-70-on-june-26-2026,70.0,1782489660,1782343800,0.6909722642391045,1.6881944444444443,68.0,73.4,6.9157999360790186,0.0764162304443633,1,2026-06-26,True,0.25,1782350100,0.75,0.2215206383774723,0.2162817804318609,0.2162817804318609,0.2162817804318609,0.2162817804318609
ETH,ethereum-above-1600-on-june-27-2026,1600.0,1782576060,1782348300,0.6203034930982748,2.636111111111111,1619.04,1604.83,7.4208416582454335,-0.0088155490302625,1,2026-06-27,True,0.62,1782349200,0.38,0.4454187934840774,0.4384308167594692,0.3075244481081536,0.3075244481081536,0.24213089829075252
ETH,ethereum-above-1600-on-june-28-2026,1600.0,1782662460,1782381600,0.5416124858491023,3.250694444444445,1648.88,1580.65,6.660453287374429,-0.0422601147076202,0,2026-06-28,True,0.75,1782383400,-0.75,-0.4685284800708102,-0.47599612799134594,-0.49004972726718454,-0.489451921294759,-0.29270563619245443
BTC,bitcoin-above-60k-on-june-25-2026,60000.0,1782403260,1782394200,0.6005345585645849,0.1048611111111111,61240.01,59622.0,5.255763681063846,-0.0267761006041543,0,2026-06-25,True,0.941,1782395100,-0.941,-0.8002711429241738,-0.8040722170150675,-0.8040722170150675,-0.8040722170150675,-0.7837704091756882
ETH,ethereum-above-1600-on-june-25-2026,1600.0,1782403260,1782394200,0.7020925852418408,0.1048611111111111,1634.5,1572.81,6.794097690137397,-0.0384731187040885,0,2026-06-25,True,0.932,1782395100,-0.932,-0.6706098730801702,-0.6754424427733259,-0.6754424427733259,-0.6754424427733259,0.35639402205046194
ETH,ethereum-above-1500-on-june-30-2026,1500.0,1782835260,1782395100,0.6288139434966121,5.094444444444445,1592.67,1566.76,3.9930757806414334,-0.0164020604177282,1,2026-06-30,True,0.8,1782396000,0.1999999999999999,0.2654946702066483,0.26089092267731784,0.26327350714708214,0.26327350714708214,-0.025678899446127203
BTC,bitcoin-above-60k-on-june-26-2026,60000.0,1782489660,1782395100,0.5348828820119058,1.0944444444444443,60077.99,60564.06,13.614739062851884,0.0080580963297463,1,2026-06-26,True,0.47,1782396000,0.53,0.4202911211271785,0.410834080469827,0.1676041587002933,0.1676041587002933,0.554057931909546
BTC,bitcoin-above-60k-on-june-27-2026,60000.0,1782576060,1782395100,0.4747947818983321,2.094444444444445,60077.99,60814.99,11.09033670600171,0.0121927531338437,1,2026-06-27,True,0.508,1782396000,0.492,0.3567782623725152,0.3502036032909953,0.3621880288327793,0.3621880288327793,0.4341566731673214
BTC,bitcoin-above-60k-on-june-28-2026,60000.0,1782662460,1782395100,0.4190818359340775,3.094444444444445,60077.99,59895.23,10.337641674488502,-0.0030466822740773,0,2026-06-28,True,0.504,1782396000,-0.504,-0.4725044903545725,-0.47844926356040257,-0.2698461658674001,-0.35773651914279336,-0.29284248113965206
BTC,bitcoin-above-58k-on-june-30-2026,58000.0,1782835260,1782395100,0.4572351167208808,5.094444444444445,60077.99,58441.4,6.076388430252054,-0.0276190087134844,1,2026-06-30,True,0.76,1782396000,0.24,0.4078238250016475,0.4054281796191617,0.48134174809333874,0.4623658933066982,0.3515580168517136
ETH,ethereum-above-1600-on-june-26-2026,1600.0,1782489660,1782395100,0.6412818085727368,1.0944444444444443,1592.67,1591.92,11.236569758843869,-0.0004710182559551,0,2026-06-26,True,0.41,1782396000,-0.41,-0.4047073705092711,-0.4141181456738829,-0.10853863638366115,-0.10853863638366115,-0.1136083956164025
ETH,ethereum-above-1500-on-june-26-2026,1500.0,1782489660,1782397800,0.8939593397545575,1.0631944444444446,1563.85,1591.92,5.811151829519061,0.0177901053080021,1,2026-06-26,True,0.812,1782400500,0.1879999999999999,0.0846189969920664,0.07977757892195358,0.15964764642149534,0.15964764642149534,-0.07517157602495556
BTC,bitcoin-above-58k-on-june-26-2026,58000.0,1782489660,1782405000,0.6342087625144764,0.9798611111111112,59742.98,60564.06,8.209395350764902,0.0136499534637375,1,2026-06-26,True,0.792,1782405900,0.2079999999999999,0.0959421354966353,0.09039616612891492,0.09039616612891492,0.09039616612891492,0.09039616612891492
ETH,ethereum-above-1600-on-july-1-2026,1600.0,1782921660,1782405000,0.5917333110902048,5.97986111111111,1576.52,1618.57,5.126135436593937,0.0263231571186923,1,2026-07-01,True,0.4,1782405900,0.6,0.4650639314908409,0.45950528319394357,0.35372613643597606,0.35372613643597606,0.38524698413936515
ETH,ethereum-above-1500-on-june-29-2026,1500.0,1782748860,1782407700,0.6644854642854349,3.948611111111112,1568.09,1580.32,4.798862093014948,0.0077690399374802,1,2026-06-29,True,0.78,1782413100,0.2199999999999999,0.1827174487449069,0.17709656472934154,0.15379526242177563,0.15379526242177563,0.018574849520154087
ETH,ethereum-above-1500-on-june-28-2026,1500.0,1782662460,1782408600,0.6835933092654398,2.938194444444445,1570.29,1580.65,5.033796009923671,0.0065758391666869,1,2026-06-28,True,0.801,1782415800,0.1989999999999999,0.1658985670408315,0.16034092524157523,0.1373590221687767,0.1373590221687767,0.07558496953351458
BTC,bitcoin-above-58k-on-july-1-2026,58000.0,1782921660,1782409500,0.5067096810154511,5.927777777777778,59535.81,60114.03,5.764084715839293,0.0096652783040959,1,2026-07-01,True,0.6900000000000001,1782411300,0.3099999999999999,0.2542885170530274,0.25231886403371656,-0.06327673210368157,0.049216407828265446,0.09164683263942816
BTC,bitcoin-above-60k-on-july-1-2026,60000.0,1782921660,1782410400,0.4655937366289728,5.917361111111111,59676.01,60114.03,6.680475943096449,0.0073131614647171,1,2026-07-01,True,0.47,1782411300,0.53,0.4811446007669769,0.47886180648819177,0.5788381173979158,0.5788381173979158,0.25557755219800926
BTC,bitcoin-above-56k-on-june-30-2026,56000.0,1782835260,1782412200,0.5837335599702325,4.896527777777778,59718.02,58441.4,3.875367259901344,-0.0216092746093823,1,2026-06-30,True,0.87,1782413100,0.13,0.2137438753314179,0.2122902364252519,0.10994672298601667,0.10994672298601667,0.21412405855783428
BTC,bitcoin-above-62k-on-june-28-2026,62000.0,1782662460,1782419400,0.4672807327528225,2.813194444444445,59628.0,59895.23,6.066940924776536,0.0044716068211643,0,2026-06-28,True,0.13,1782420300,-0.13,-0.1571289744228318,-0.16047722407087506,-0.16060329123439815,-0.16060329123439815,-0.07406172371716667
BTC,bitcoin-above-62k-on-june-27-2026,62000.0,1782576060,1782422100,0.5069819403473061,1.7819444444444446,59622.09,60814.99,6.003252546923617,0.0198101616512148,0,2026-06-27,True,0.11,1782423000,-0.11,-0.2289254033876242,-0.23234235051767654,-0.13865527577251197,-0.13865527577251197,-0.23855110173131178
BTC,bitcoin-above-60k-on-june-30-2026,60000.0,1782835260,1782423900,0.4424079316694014,4.761111111111111,59958.01,58441.4,7.889457332936034,-0.0256199411011673,0,2026-06-30,True,0.49,1782433800,-0.49,-0.2878725678100056,-0.29079646167379125,0.02709865102649208,-0.028442409278457682,-0.3015496114676505
BTC,bitcoin-above-56k-on-june-26-2026,56000.0,1782489660,1782426600,0.7434895094755837,0.7298611111111111,59794.01,60564.06,1.7746859883599655,0.0127961591177375,1,2026-06-26,True,0.964,1782441000,0.036,0.0132908357089265,0.01210007508019954,0.01210007508019954,0.01210007508019954,-0.033569531604475726
ETH,ethereum-above-1600-on-june-29-2026,1600.0,1782748860,1782427500,0.5410005601394633,3.719444444444445,1571.02,1580.32,6.841691500841238,0.0059022682404826,0,2026-06-29,True,0.37,1782432000,-0.37,-0.4103814984565954,-0.41837801005479985,-0.4174865175858912,-0.4174865175858912,0.2387186871712856
ETH,ethereum-above-1600-on-july-2-2026,1600.0,1783008060,1782429300,0.5833082936096938,6.698611111111111,1572.68,1697.89,4.883964203993028,0.076605133243971,1,2026-07-02,True,0.41,1782432000,0.59,0.2158632713943292,0.21065109123507472,-0.3693027305469931,-0.08648318976285511,0.11154934119645758
ETH,ethereum-above-1500-on-july-2-2026,1500.0,1783008060,1782431100,0.6440940697670875,6.677777777777777,1572.31,1697.89,4.047491406650472,0.076840428110859,1,2026-07-02,True,0.73,1782432000,0.27,-0.0410109724620453,-0.04532884635250494,0.05315371133860844,0.05315371133860844,-0.03180961905751443
ETH,ethereum-above-1600-on-june-27-2026,1600.0,1782576060,1782434700,0.5757978718695819,1.636111111111111,1569.02,1604.83,9.009369610594506,0.0225666113268026,1,2026-06-27,True,0.28,1782435600,0.72,0.5166890576982063,0.5084193477367586,0.4148187834672692,0.4148187834672692,0.3269360496098803
BTC,bitcoin-above-58k-on-june-29-2026,58000.0,1782748860,1782441900,0.4685616463221231,3.5527777777777776,58817.88,59807.99,8.298626859446419,0.0166933737576413,1,2026-06-29,True,0.627,1782442800,0.373,0.2344679201600597,0.23062853488866816,0.21430194942125025,0.21430194942125025,0.22303577853106968
ETH,ethereum-above-1600-on-june-30-2026,1600.0,1782835260,1782446400,0.5991107919755093,4.500694444444444,1557.93,1566.76,5.458196764177159,0.0056517756989615,0,2026-06-30,True,0.32,1782450000,-0.32,-0.3508485038319268,-0.35690516917018916,-0.22605137848372966,-0.3066961305315688,-0.03441363106858818
BTC,bitcoin-above-60k-on-june-29-2026,60000.0,1782748860,1782453600,0.4435316543350278,3.417361111111111,59953.3,59807.99,9.2885066691025,-0.0024266617586883,0,2026-06-29,True,0.5,1782454500,-0.5,-0.4774599360707672,-0.4816137173953025,-0.41293898327775796,-0.4344828153805133,-0.4816137173953025
BTC,bitcoin-above-58k-on-june-28-2026,58000.0,1782662460,1782455400,0.4938192647953317,2.3965277777777776,60045.49,59895.23,6.969756385482783,-0.0025055723962582,1,2026-06-28,True,0.8130000000000001,1782468000,0.1869999999999999,0.20446322920811,0.20094264220458455,0.18754742423484283,0.18754742423484283,0.20094264220458455
BTC,bitcoin-above-64k-on-july-1-2026,64000.0,1782921660,1782456300,0.4271065108700634,5.386111111111111,60390.93,60114.03,3.993493909581568,-0.0045956695450204,0,2026-07-01,True,0.0999999999999999,1782470700,-0.0999999999999999,-0.0816472216615113,-0.08280646504084849,-0.05707968693265937,-0.05707968693265937,0.049781605454660795
BTC,bitcoin-above-64k-on-july-2-2026,64000.0,1783008060,1782456300,0.4326793105886846,6.386111111111111,60390.93,61644.03,4.047019638867668,0.0205374598365032,0,2026-07-02,True,0.12,1782457200,-0.12,-0.2031155032907846,-0.20405033503396833,-0.06134967584510361,-0.06134967584510361,-0.015269047295291745
BTC,bitcoin-above-56k-on-july-1-2026,56000.0,1782921660,1782461700,0.5761640044703986,5.323611111111111,60276.04,60114.03,3.398537717307791,-0.0026914196128718,1,2026-07-01,True,0.88,1782468000,0.12,0.129146891067447,0.12807350207846488,0.18289931696883022,0.18289931696883022,0.07189548031433975
ETH,ethereum-above-1600-on-june-28-2026,1600.0,1782662460,1782468000,0.4937771055025581,2.250694444444445,1552.99,1580.65,7.539832254064085,0.0176540498494981,0,2026-06-28,True,0.23,1782473400,-0.23,-0.3631085744701017,-0.37077811315164017,-0.3684126055422984,-0.36691328006295765,-0.3675894244810929
BTC,bitcoin-above-58k-on-june-27-2026,58000.0,1782576060,1782471600,0.6175519521256795,1.2090277777777778,59313.26,60814.99,9.306490483797536,0.0250034148613326,1,2026-06-27,True,0.754,1782477900,0.246,0.0133059575305657,0.007809558524430054,0.06810740989287795,0.06810740989287795,0.04804469084694052
BTC,bitcoin-above-62k-on-july-2-2026,62000.0,1783008060,1782482400,0.4914277720545293,6.084027777777777,60175.43,61644.03,5.542000839368033,0.0241122584700992,0,2026-07-02,True,0.32,1782483300,-0.32,-0.453630156680349,-0.4552915445624254,-0.09700950485522819,-0.29854137586464363,-0.5278585541304406
BTC,bitcoin-above-60k-on-june-26-2026,60000.0,1782489660,1782482400,0.688867453731821,0.0840277777777777,60175.43,60564.06,36.761604002462086,0.0064375183648896,1,2026-06-26,True,0.56,1782483300,0.4399999999999999,0.2033464991113498,0.17787651765000578,0.17787651765000578,0.17787651765000578,0.17787651765000578
ETH,ethereum-above-1700-on-july-2-2026,1700.0,1783008060,1782488700,0.5712073211334454,6.011111111111112,1585.28,1697.89,3.3346976585295347,0.0686252558153178,0,2026-07-02,True,0.15,1782500400,-0.15,-0.3788444798833307,-0.38198348874557975,-0.16733105458270328,-0.34320089140454735,-0.18773575472080986
ETH,ethereum-above-1600-on-july-1-2026,1600.0,1782921660,1782493200,0.5906852109044467,4.959027777777778,1577.84,1618.57,5.633860214655008,0.025486220258568,1,2026-07-01,True,0.42,1782506700,0.5800000000000001,0.4364141976633192,0.4310303206013095,0.31750926284956543,0.3205632828281683,0.32152726322553143
ETH,ethereum-above-1500-on-july-1-2026,1500.0,1782921660,1782494100,0.6935899818431533,4.948611111111111,1586.05,1618.57,3.998302553585501,0.020296394804754,1,2026-07-01,True,0.79,1782500400,0.2099999999999999,0.1288488728235724,0.1250279811817764,0.04426893917469824,0.04426893917469824,0.0412808562852165
BTC,bitcoin-above-60k-on-july-1-2026,60000.0,1782921660,1782496800,0.4629497563689781,4.917361111111111,60023.97,60114.03,7.422916484561456,0.0014992761136352,1,2026-07-01,True,0.52,1782498600,0.48,0.4688709986211873,0.46606822843764756,0.5674379959548698,0.5674379959548698,0.2646029267565513
BTC,bitcoin-above-58k-on-july-1-2026,58000.0,1782921660,1782496800,0.5122275026321751,4.917361111111111,60023.97,60114.03,5.777057433748732,0.0014992761136352,1,2026-07-01,True,0.75,1782499500,0.25,0.2413385957824813,0.2391572746861731,-0.045273818637867405,0.06407918496896237,0.07212127890722524
BTC,bitcoin-above-60k-on-june-30-2026,60000.0,1782835260,1782510300,0.4300964068033444,3.761111111111111,60023.99,58441.4,9.136875859701366,-0.0267197728534459,0,2026-06-30,True,0.52,1782511200,-0.52,-0.2758647524386458,-0.2798719125333264,0.005239540883175733,0.005239540883175733,-0.27557439297527975
ETH,ethereum-above-1600-on-june-29-2026,1600.0,1782748860,1782513900,0.5121705719295228,2.719444444444445,1576.42,1580.32,8.464076721419163,0.0024709047842045,0,2026-06-29,True,0.36,1782521100,-0.36,-0.3809139276648293,-0.38973600165461625,-0.38314474402627247,-0.38314474402627247,-0.38973600165461625
ETH,ethereum-above-1700-on-june-30-2026,1700.0,1782835260,1782515700,0.549586275400026,3.698611111111111,1578.9,1566.76,2.8466277274990195,-0.0077186093042057,0,2026-06-30,True,0.063,1782521100,-0.063,-0.0410279927369159,-0.043917069648383704,-0.06180058376134114,-0.06180058376134114,-0.06921581139145228
ETH,ethereum-above-1600-on-june-27-2026,1600.0,1782576060,1782523800,0.3489477695427861,0.6048611111111111,1577.13,1604.83,16.683150512917752,0.0174110923825562,1,2026-06-27,True,0.13,1782525600,0.87,0.5795281251874975,0.5662679319187017,0.5662679319187017,0.5662679319187017,0.5662679319187017
ETH,ethereum-above-1600-on-june-30-2026,1600.0,1782835260,1782532800,0.4933377769372968,3.500694444444444,1580.62,1566.76,7.947797475811786,-0.0088073823899346,0,2026-06-30,True,0.4,1782538200,-0.4,-0.3300007084727685,-0.3380561035559102,-0.226605873307165,-0.24613657202926606,-0.13109269711832439
BTC,bitcoin-above-60k-on-june-29-2026,60000.0,1782748860,1782540000,0.354765675687817,2.417361111111111,60236.76,59807.99,13.71556339054855,-0.0071435331131968,0,2026-06-29,True,0.56,1782540900,-0.56,-0.4620224187534666,-0.46974223104449414,-0.43020055193455853,-0.43020055193455853,-0.3624462159817914
ETH,ethereum-above-1600-on-june-28-2026,1600.0,1782662460,1782555300,0.3502510792180475,1.2402777777777778,1583.83,1580.65,17.176783889956692,-0.002009809555076,0,2026-06-28,True,0.28,1782559800,-0.28,-0.2454779356124893,-0.2613539996257038,-0.26309092001219087,-0.26309092001219087,-0.2613539996257038
ETH,ethereum-above-1600-on-july-1-2026,1600.0,1782921660,1782579600,0.5314272559773101,3.9590277777777776,1606.97,1618.57,7.198741924205658,0.0071926251166323,1,2026-07-01,True,0.53,1782580500,0.47,0.4182221480278041,0.4120555136857776,0.3111305828346989,0.3111305828346989,0.3113883148612807
BTC,bitcoin-above-58k-on-july-1-2026,58000.0,1782921660,1782586800,0.4605810781904059,3.875694444444445,60570.86,60114.03,5.656344690114534,-0.0075706607832774,1,2026-07-01,True,0.84,1782588600,0.16,0.2028222669221498,0.20015157615741114,-0.019198861976147587,0.06522782545398094,-0.11627354071396329
BTC,bitcoin-above-60k-on-july-1-2026,60000.0,1782921660,1782586800,0.4151698249536361,3.875694444444445,60570.86,60114.03,9.140588862002458,-0.0075706607832774,1,2026-07-01,True,0.61,1782588600,0.39,0.4592002976336247,0.4548844916501799,0.4862882751661346,0.4862882751661346,0.430290676749218
BTC,bitcoin-above-60k-on-july-2-2026,60000.0,1783008060,1782595800,0.4414191107590746,4.771527777777777,60451.0,61644.03,7.844835879434129,0.0195432684172194,1,2026-07-02,True,0.5700000000000001,1782596700,0.4299999999999999,0.2766862667191852,0.27344738454674417,0.07181647994695857,0.13512620444530773,-0.036655532233365914
BTC,bitcoin-above-60k-on-june-30-2026,60000.0,1782835260,1782596700,0.4169172781364837,2.761111111111111,60249.68,58441.4,10.950832352221276,-0.0304727183633992,0,2026-06-30,True,0.56,1782597600,-0.56,-0.2262983698859597,-0.23183473558685058,-0.0010823932274178546,-0.0010823932274178546,-0.1881814963777097
ETH,ethereum-above-1600-on-june-29-2026,1600.0,1782748860,1782601200,0.4966860026399703,1.7090277777777778,1578.98,1580.32,10.8090690368797,0.0008482892288511,0,2026-06-29,True,0.33,1782603000,-0.33,-0.3391692168378938,-0.3490215964439415,-0.31717413781841924,-0.31717413781841924,-0.3490215964439415
ETH,ethereum-above-1700-on-july-1-2026,1700.0,1782921660,1782608400,0.5775512164822365,3.625694444444444,1574.75,1618.57,2.755021889248713,0.0274465138517775,0,2026-07-01,True,0.06,1782609300,-0.06,-0.1356157464452151,-0.13786102297562394,-0.07283053489801188,-0.07283053489801188,-0.06427087779406386
ETH,ethereum-above-1600-on-june-30-2026,1600.0,1782835260,1782619200,0.5338069480558101,2.500694444444445,1575.08,1566.76,8.408508373164135,-0.0052962718969359,0,2026-06-30,True,0.36,1782620100,-0.36,-0.3154662534080598,-0.32276738974229563,-0.21335717283733696,-0.22157846350176885,-0.12987293020020094
BTC,bitcoin-above-60k-on-june-29-2026,60000.0,1782748860,1782626400,0.421822883113695,1.417361111111111,59989.17,59807.99,15.17396775686125,-0.003024781858589,0,2026-06-29,True,0.5,1782627300,-0.5,-0.4541020576062313,-0.46367081213539846,-0.42762081345178843,-0.42762081345178843,-0.46367081213539846
ETH,ethereum-above-1600-on-june-28-2026,1600.0,1782662460,1782641700,0.5386107816054787,0.2402777777777777,1580.73,1580.65,19.53627633367857,-5.061080921428129e-05,0,2026-06-28,True,0.13,1782642600,-0.13,-0.1290112532457187,-0.1443814644248172,-0.1443814644248172,-0.1443814644248172,-0.1443814644248172
BTC,bitcoin-above-62k-on-july-1-2026,62000.0,1782921660,1782656100,0.4556818694024948,3.073611111111111,60175.69,60114.03,7.281466027953456,-0.0010251916024159,0,2026-07-01,True,0.25,1782659700,-0.25,-0.2425351021748651,-0.24607233859415467,-0.15686497976773872,-0.15686497976773872,-0.13187659002268476
BTC,bitcoin-above-62k-on-june-30-2026,62000.0,1782835260,1782656100,0.4638794050335172,2.073611111111111,60175.69,58441.4,7.803638557477318,-0.0292439073693328,0,2026-06-30,True,0.21,1782659700,-0.21,0.0182088831186207,0.014157283751600074,-0.06834951615222284,-0.06834951615222284,-0.0423299706961701
BTC,bitcoin-above-62k-on-july-2-2026,62000.0,1783008060,1782657000,0.4580730187471339,4.063194444444444,60155.49,61644.03,6.686634481982465,0.0244436778622639,0,2026-07-02,True,0.28,1782657900,-0.28,-0.4434459392602856,-0.4462977624267703,-0.38533232406984175,-0.3790283469873952,-0.4661880817695478
BTC,bitcoin-above-60k-on-june-28-2026,60000.0,1782662460,1782659700,0.5093397294074158,0.0319444444444444,60082.09,59895.23,80.40237031140504,-0.0031149245722113,0,2026-06-28,True,0.551,1782661500,-0.551,-0.3005526810529658,-0.3568343402709493,-0.3568343402709493,-0.3568343402709493,-0.3568343402709493
BTC,bitcoin-above-58k-on-june-29-2026,58000.0,1782748860,1782662400,0.5994190188446804,1.0006944444444446,59890.0,59807.99,7.663332789343408,-0.0013702822049448,1,2026-06-29,True,0.849,1782664200,0.151,0.1615009285518073,0.15659012397760652,0.15453659928618468,0.15453659928618468,0.15659012397760652
BTC,bitcoin-above-60k-on-july-1-2026,60000.0,1782921660,1782680400,0.5435415992850395,2.792361111111111,59660.0,60114.03,8.305744646296793,0.0075814794702554,1,2026-07-01,True,0.46,1782684000,0.54,0.4770301674789167,0.47299451745007953,0.5089931686084294,0.5089931686084294,0.2974739005579644
BTC,bitcoin-above-60k-on-july-2-2026,60000.0,1783008060,1782682200,0.5335876744925508,3.771527777777778,59713.4,61644.03,7.306349420491891,0.0318199371148267,1,2026-07-02,True,0.47,1782684900,0.53,0.297512420900997,0.2943955010910188,0.07577721113279584,0.15946216540747754,0.07604993819252095
BTC,bitcoin-above-60k-on-june-30-2026,60000.0,1782835260,1782683100,0.5773450976780959,1.761111111111111,59660.0,58441.4,9.818521036075936,-0.0206372362966613,0,2026-06-30,True,0.47,1782684000,-0.47,-0.2673728612947612,-0.2724716777577172,-0.018146957295959477,-0.018146957295959477,-0.26783139995301986
BTC,bitcoin-above-58k-on-july-1-2026,58000.0,1782921660,1782685800,0.5912650215839634,2.729861111111111,59381.12,60114.03,7.098678339787807,0.0122669278295693,1,2026-07-01,True,0.6900000000000001,1782686700,0.3099999999999999,0.2229210251204957,0.219471517414037,-0.040739838057569026,0.000988095337995742,-0.06312533031107626
BTC,bitcoin-above-56k-on-july-2-2026,56000.0,1783008060,1782688500,0.6426087232992983,3.698611111111111,59267.94,61644.03,4.317650259289885,0.0393078689430841,1,2026-07-02,True,0.83,1782699300,0.17,0.0002823694657597,-0.0015598973047183085,0.010120112413413412,0.010120112413413412,-0.002027061365290855
ETH,ethereum-above-1600-on-july-2-2026,1600.0,1783008060,1782691200,0.6450707418932279,3.667361111111111,1571.96,1697.89,5.888039770350697,0.0770630553034637,1,2026-07-02,True,0.37,1782699300,0.63,0.1762496655484701,0.17265602385907128,-0.416979068224468,-0.17050245725720697,0.09520922117687267
ETH,ethereum-above-1500-on-july-1-2026,1500.0,1782921660,1782691200,0.7653396554349486,2.667361111111111,1571.96,1618.57,4.827463866403798,0.0292197949810219,1,2026-07-01,True,0.79,1782699300,0.2099999999999999,0.0689424955453893,0.0659270679964302,0.038937423683835556,0.038937423683835556,0.02875207719915597
ETH,ethereum-above-1600-on-june-29-2026,1600.0,1782748860,1782692100,0.6799998704632217,0.6569444444444444,1570.15,1580.32,11.069084687161904,0.0064562019799784,0,2026-06-29,True,0.24,1782693000,-0.24,-0.3114642464738037,-0.31931805730475643,-0.31931805730475643,-0.31931805730475643,-0.31931805730475643
SOL,solana-above-70-on-june-29-2026,70.0,1782748860,1782702900,0.6918506314042518,0.5319444444444444,72.92,73.83,4.65640875272345,0.0124022032606117,1,2026-06-29,True,0.87,1782710100,0.13,0.0722502721842321,0.06926325954754226,0.06926325954754226,0.06926325954754226,-0.07083880105373816
ETH,ethereum-above-1600-on-june-30-2026,1600.0,1782835260,1782705600,0.6172120004338288,1.5006944444444446,1584.78,1566.76,9.742040822228494,-0.0114358036921274,0,2026-06-30,True,0.39,1782708300,-0.39,-0.2785919335963028,-0.28515513132866877,-0.19009653099383345,-0.19009653099383345,-0.00514189105708724
BTC,bitcoin-above-60k-on-june-29-2026,60000.0,1782748860,1782729000,0.4900521220887947,0.2298611111111111,60215.78,59807.99,31.1421894881894,-0.0067951801401143,0,2026-06-29,True,0.61,1782729900,-0.61,-0.398383212470176,-0.4187924320103418,-0.4187924320103418,-0.4187924320103418,-0.4187924320103418
BTC,bitcoin-above-58k-on-june-30-2026,58000.0,1782835260,1782740700,0.6004427281974594,1.0944444444444443,59460.01,58441.4,9.229493936400557,-0.0172794429602856,1,2026-06-30,True,0.79,1782742500,0.2099999999999999,0.3694805140263359,0.36445902563108795,0.38781572089880023,0.37829037268374777,0.36445902563108795
XRP,xrp-above-1pt1-on-june-30-2026,1.1,1782835260,1782741600,0.5501765950234632,1.0840277777777778,1.0506,1.0353,4.018199362342057,-0.0146701897477936,0,2026-06-30,True,0.04,1782750600,-0.04,0.0189477470900213,0.01661045717181104,0.01609658452656438,0.01609658452656438,0.04564856802824136
BTC,bitcoin-above-62k-on-july-1-2026,62000.0,1782921660,1782747900,0.4727300039551182,2.011111111111111,59831.61,60114.03,6.6745325128237045,0.0047091419398384,0,2026-07-01,True,0.14,1782750600,-0.14,-0.1714313209849536,-0.175038330215618,-0.019691505585676613,-0.019691505585676613,-0.006955990093711778
ETH,ethereum-above-1600-on-july-1-2026,1600.0,1782921660,1782756000,0.6007721386790177,1.917361111111111,1628.03,1618.57,8.533333636078787,-0.0058276515573124,1,2026-07-01,True,0.66,1782757800,0.3399999999999999,0.3897292950533614,0.38449818548401615,0.29559771170220694,0.29559771170220694,0.2252421159031297
BTC,bitcoin-above-60k-on-july-1-2026,60000.0,1782921660,1782767700,0.4623462538033869,1.7819444444444446,60414.0,60114.03,12.112676017473888,-0.0049776076046748,1,2026-07-01,True,0.6,1782768600,0.4,0.4602921482575408,0.45256816235271496,0.5119589233121088,0.5119589233121088,0.4261513048922421
BTC,bitcoin-above-60k-on-july-2-2026,60000.0,1783008060,1782768600,0.4618036817614507,2.771527777777778,60349.99,61644.03,9.8373546598747,0.0212156060949377,1,2026-07-02,True,0.5700000000000001,1782775800,0.4299999999999999,0.221294558519898,0.21559122645723108,0.05213712930989343,0.05213712930989343,0.08446409344237647
BTC,bitcoin-above-60k-on-june-30-2026,60000.0,1782835260,1782771300,0.4323328855458193,0.7402777777777778,60450.0,58441.4,19.10565217846045,-0.0337920342708605,0,2026-06-30,True,0.66,1782773100,-0.66,-0.014381146818323,-0.02733833070611623,-0.02733833070611623,-0.02733833070611623,-0.06029429062238898
ETH,ethereum-above-1600-on-july-2-2026,1600.0,1783008060,1782779400,0.5616655139052816,2.6465277777777776,1603.36,1697.89,8.339770349415353,0.0572848763662391,1,2026-07-02,True,0.5,1782780300,0.5,0.0222572866109143,0.017257408648248193,-0.49764687981765965,-0.4809222846840296,-0.07733510909361398
BTC,bitcoin-above-58k-on-july-2-2026,58000.0,1783008060,1782792900,0.4764807214877598,2.4902777777777776,59563.46,61644.03,8.173226073019672,0.0343340891302368,1,2026-07-02,True,0.76,1782797400,0.24,-0.0406202724726331,-0.04550807331175204,-0.04150234167749885,-0.04150234167749885,-0.03433471965148251
ETH,ethereum-above-1600-on-june-30-2026,1600.0,1782835260,1782807300,0.5355087541415064,0.3236111111111111,1589.38,1566.76,22.85283078920357,-0.0143342103384788,0,2026-06-30,True,0.32,1782809100,-0.32,0.0075772833621101,-0.008225728428254394,-0.008225728428254394,-0.008225728428254394,0.1811789037343007
BTC,bitcoin-above-58k-on-july-3-2026,58000.0,1783094460,1782809100,0.4918561372072804,3.302777777777778,59274.7,61955.3,7.735706344492502,0.0442305864978967,1,2026-07-03,True,0.68,1782821700,0.3199999999999999,-0.0221548285924046,-0.025902745258380606,-0.022700698961463935,-0.022700698961463935,0.026620124348408047
ETH,ethereum-above-1500-on-july-1-2026,1500.0,1782921660,1782810900,0.6773148601333658,1.2819444444444443,1584.88,1618.57,3.989030847284434,0.0210343486877447,1,2026-07-01,True,0.914,1782821700,0.0859999999999999,0.0020933342320491,-0.00042873975888580405,0.08144758412382982,0.08144758412382982,-0.05086042652015483
ETH,ethereum-above-1600-on-july-3-2026,1600.0,1783094460,1782813600,0.5600162600489608,3.250694444444445,1585.35,1730.99,7.398449290881848,0.0878882960285462,1,2026-07-03,True,0.43,1782819000,0.5700000000000001,-0.0802371014292114,-0.08442448199597415,-0.18566994300677772,-0.18566994300677772,-0.0383401476642042
BTC,bitcoin-above-60k-on-july-3-2026,60000.0,1783094460,1782818100,0.4679831786548313,3.198611111111111,59388.25,61955.3,8.813191674568323,0.0423167619274047,1,2026-07-03,True,0.41,1782819000,0.59,0.2170542660867067,0.21276882055699223,0.14741811245243908,0.14741811245243908,0.1258586253428477
BTC,bitcoin-above-58k-on-july-1-2026,58000.0,1782921660,1782818100,0.5210567376204668,1.198611111111111,59388.25,60114.03,9.877677597877131,0.012146863203335,1,2026-07-01,True,0.8,1782819000,0.1999999999999999,0.0800172014519396,0.07345803226568294,-0.17466120106259742,-0.16734277423226032,-0.10501054028493924
ETH,ethereum-above-1500-on-july-2-2026,1500.0,1783008060,1782830700,0.7499012566935357,2.0527777777777776,1572.63,1697.89,5.098819137992083,0.0766369266125128,1,2026-07-02,True,0.8200000000000001,1782837000,0.1799999999999999,-0.2107578280887752,-0.21394482587399205,-0.08273236543525253,-0.08273236543525253,-0.0020066569040448384
SOL,solana-above-20-on-july-3-2026,20.0,1783094460,1782849600,0.7701748992476192,2.834027777777778,73.75,81.27,5.811234508856551e-80,0.0970959495451841,1,2026-07-03,True,0.96,1782850500,0.04,0.04,0.04,0.04,0.04,0.04
BTC,bitcoin-above-60k-on-july-5-2026,60000.0,1783267260,1782849600,0.4293184830124516,4.834027777777778,58818.05,62736.0,7.36981667403846,0.0644866649627855,1,2026-07-05,True,0.32,1782852300,0.6799999999999999,0.2047451013041312,0.20113578496071705,0.07893907377071739,0.07893907377071739,0.11310219840245185
ETH,ethereum-above-1600-on-july-5-2026,1600.0,1783267260,1782849600,0.5572526960227343,4.834027777777778,1580.53,1774.16,6.068105363891155,0.1155668376492239,1,2026-07-05,True,0.41,1782855000,0.59,-0.1112717474271938,-0.11477098340882956,-0.04289333562220303,-0.04289333562220303,-0.015507710092751852
ETH,ethereum-above-1600-on-july-6-2026,1600.0,1783353660,1782849600,0.5616590982670475,5.834027777777778,1580.53,1782.96,5.498085696489358,0.1205146707011107,1,2026-07-06,True,0.42,1782854100,0.5800000000000001,-0.0825999871989021,-0.08539907297645379,-0.02357427957868704,-0.02357427957868704,-0.01291708057227552
ETH,ethereum-above-1600-on-july-4-2026,1600.0,1783180860,1782849600,0.5507768852746457,3.8340277777777776,1580.53,1788.64,6.858141189652286,0.1236953207114659,1,2026-07-04,True,0.4,1782852300,0.6,-0.2483199739385538,-0.252284757857116,-0.07872590613039834,-0.07872590613039834,-0.032413223694274795
BTC,bitcoin-above-54k-on-july-4-2026,54000.0,1783180860,1782856800,0.5572616965061826,3.750694444444445,58639.99,62896.0,2.5366963914715286,0.0700656816331831,1,2026-07-04,True,0.932,1782868500,0.0679999999999999,-0.1097353617648886,-0.11099159646472052,-0.034849406673697174,-0.034849406673697174,-0.02996599701253397
BTC,bitcoin-above-56k-on-july-4-2026,56000.0,1783180860,1782857700,0.4853323400951542,3.740277777777778,58736.01,62896.0,5.189063042698528,0.0684295716717035,1,2026-07-04,True,0.84,1782865800,0.16,-0.195085361389327,-0.1976563573136748,-0.04852126116622385,-0.04852126116622385,-0.04498378302966089
BTC,bitcoin-above-58k-on-july-7-2026,58000.0,1783440060,1782860400,0.4454541868603001,6.709027777777777,58607.99,63917.45,6.539068413791386,0.0867213716339531,1,2026-07-07,True,0.5700000000000001,1782866700,0.4299999999999999,-0.1370769820522474,-0.1373053216931062,0.01859872065566882,0.01859872065566882,-0.0037263349338025856
BTC,bitcoin-above-58k-on-july-5-2026,58000.0,1783267260,1782864000,0.4493726130523025,4.667361111111111,58624.71,62736.0,7.717001945249216,0.0677791654908633,1,2026-07-05,True,0.61,1782865800,0.39,-0.1330519519403605,-0.1368491275712311,-0.010581708205083029,-0.010581708205083029,-0.02244692122282276
BTC,bitcoin-above-56k-on-july-7-2026,56000.0,1783440060,1782864000,0.4795435328726952,6.667361111111112,58624.71,63917.45,4.903581395852249,0.0864361269861138,1,2026-07-07,True,0.78,1782865800,0.2199999999999999,-0.2038465842186301,-0.20401781381037004,-0.017321901195297782,-0.017321901195297782,-0.025390036924281188
BTC,bitcoin-above-58k-on-july-4-2026,58000.0,1783180860,1782864000,0.453842650013647,3.667361111111111,58624.71,62896.0,8.573251757571532,0.0703262886203919,1,2026-07-04,True,0.62,1782865800,0.38,-0.2229249775182581,-0.2271788831329959,-0.03540555736983443,-0.03540555736983443,-0.04689337360063195
BTC,bitcoin-above-60k-on-july-4-2026,60000.0,1783180860,1782864000,0.4232887256196815,3.667361111111111,58624.71,62896.0,8.003001495008892,0.0703262886203919,1,2026-07-04,True,0.3,1782865800,0.7,0.1371786070325762,0.13320765015914648,0.04329301264306773,0.04329301264306773,0.056128076776425326
ETH,ethereum-above-1600-on-july-1-2026,1600.0,1782921660,1782864900,0.563679371694386,0.6569444444444444,1574.06,1618.57,13.09880546600482,0.0278847746620801,1,2026-07-01,True,0.23,1782865800,0.77,0.4047427612380319,0.3955779365416008,0.3955779365416008,0.3955779365416008,0.32860740538944283
BTC,bitcoin-above-60k-on-july-6-2026,60000.0,1783353660,1782864900,0.4174752858986195,5.656944444444444,58646.01,63427.99,6.888899879564422,0.0783857045734755,1,2026-07-06,True,0.33,1782865800,0.6699999999999999,0.1300087292042121,0.12848826245462505,0.04300915367820281,0.04300915367820281,0.03425220066872828
BTC,bitcoin-above-58k-on-july-6-2026,58000.0,1783353660,1782864900,0.4415363619603397,5.656944444444444,58646.01,63427.99,7.148631168254499,0.0783857045734755,1,2026-07-06,True,0.604,1782865800,0.396,-0.1643504908595363,-0.16592828356757605,-0.010947840832052663,-0.010947840832052663,-0.024017957213407062
BTC,bitcoin-above-56k-on-july-6-2026,56000.0,1783353660,1782866700,0.4847233177527391,5.636111111111111,58484.0,63427.99,5.218640036890509,0.0811520341130391,1,2026-07-06,True,0.79,1782868500,0.2099999999999999,-0.2135032542974104,-0.21465507371602152,-0.020855067120433102,-0.020855067120433102,-0.0364689114090378
ETH,ethereum-above-1700-on-july-6-2026,1700.0,1783353660,1782878400,0.5285371582510958,5.500694444444444,1594.81,1782.96,3.666373734142831,0.1115202976453883,1,2026-07-06,True,0.13,1782888300,0.87,0.4611249098891574,0.45912608948662714,0.15214974708218326,0.21561103187985892,0.13391954650155422
ETH,ethereum-above-1700-on-july-7-2026,1700.0,1783440060,1782878400,0.5294097924977955,6.500694444444444,1594.81,1795.96,3.632157901822078,0.1187850910329325,1,2026-07-07,True,0.16,1782888300,0.84,0.4085537929860791,0.4067613224267285,0.1883054151203195,0.204830466171858,0.05243266274588498
BTC,bitcoin-above-60k-on-july-2-2026,60000.0,1783008060,1782880200,0.4556566220066419,1.479861111111111,59274.0,61644.03,12.5138003176329,0.0392056266479896,1,2026-07-02,True,0.31,1782881100,0.69,0.1993886167993907,0.19166051462973813,0.13278853591706663,0.13278853591706663,-0.02946581843934175
ETH,ethereum-above-1600-on-july-2-2026,1600.0,1783008060,1782881100,0.5862817320448672,1.4694444444444446,1597.25,1697.89,10.70189107672772,0.0611029031938052,1,2026-07-02,True,0.46,1782886500,0.54,-0.1139166144519417,-0.12125399102406048,-0.18586772997693252,-0.18586772997693252,-0.08129862728625448
BTC,bitcoin-above-62k-on-july-6-2026,62000.0,1783353660,1782881100,0.4101504831412338,5.469444444444444,59359.9,63427.99,5.338711194332837,0.0662863324466431,1,2026-07-06,True,0.15,1782886500,0.85,0.4961164149358383,0.4949384927241239,0.1887458027890056,0.28644562683176267,-0.396209969198321
BTC,bitcoin-above-60k-on-july-1-2026,60000.0,1782921660,1782881100,0.4428242245119119,0.4694444444444444,59359.9,60114.03,19.89032700880801,0.0126243443352704,1,2026-07-01,True,0.2,1782883800,0.8,0.5488976628996778,0.5354347613388242,0.5354347613388242,0.5354347613388242,0.5354347613388242
BTC,bitcoin-above-58k-on-july-2-2026,58000.0,1783008060,1782881100,0.4867580774163666,1.4694444444444446,59359.9,61644.03,9.85987936300798,0.037757473716794,1,2026-07-02,True,0.76,1782883800,0.24,-0.1322841358995341,-0.13837326575326955,-0.02082577450562198,-0.02082577450562198,-0.065547695548689
ETH,ethereum-above-1700-on-july-4-2026,1700.0,1783180860,1782882000,0.522689539029493,3.459027777777778,1599.35,1788.64,3.702935439034337,0.1118582578360301,1,2026-07-04,True,0.08,1782888300,0.92,0.5057960929103238,0.5035217749702048,0.0727211753146691,0.3349821613084954,0.17389111061047077
BTC,bitcoin-above-62k-on-july-5-2026,62000.0,1783267260,1782882000,0.4082765145662566,4.459027777777777,59339.99,62736.0,5.392636373253399,0.0556519992077052,1,2026-07-05,True,0.15,1782883800,0.85,0.5498890048282592,0.5472359431981735,0.23707539308652092,0.378282522890172,0.3283559843243769
ETH,ethereum-above-1700-on-july-5-2026,1700.0,1783267260,1782882900,0.5189166184190858,4.448611111111111,1595.77,1774.16,3.6647921567535753,0.1059706931105922,1,2026-07-05,True,0.09,1782894600,0.91,0.5216394350425615,0.519393869762429,0.16051290679178687,0.2996117138500662,0.15087873393044543
ETH,ethereum-above-1600-on-july-3-2026,1600.0,1783094460,1782900000,0.5669005568817858,2.250694444444445,1581.01,1730.99,8.591522787753245,0.0906296158518541,1,2026-07-03,True,0.39,1782900900,0.61,-0.1686464098365278,-0.1740895093093043,-0.1664513142044191,-0.1664513142044191,-0.036661123442489243
BTC,bitcoin-above-58k-on-july-1-2026,58000.0,1782921660,1782904500,0.4906110434140599,0.1986111111111111,58706.01,60114.03,20.05555793097368,0.0237011519552764,1,2026-07-01,True,0.84,1782906300,0.16,-0.3153398260698578,-0.32892003982622364,-0.32892003982622364,-0.32892003982622364,-0.2839013128509094
BTC,bitcoin-above-60k-on-july-5-2026,60000.0,1783267260,1782936000,0.3703086773531132,3.8340277777777776,60028.67,62736.0,10.511292392218516,0.044113164120535,1,2026-07-05,True,0.52,1782937800,0.48,0.016313633583133,0.010898831099112383,0.028900858226293853,0.028900858226293853,0.04382293786025251
ETH,ethereum-above-1600-on-july-5-2026,1600.0,1783267260,1782936900,0.5077138247914278,3.823611111111111,1616.54,1774.16,7.564528537436107,0.0930390087813802,1,2026-07-05,True,0.58,1782950400,0.42,-0.2837962370215197,-0.28843575930287546,-0.08258599445668795,-0.08258599445668795,-0.09658379268382336
ETH,ethereum-above-1600-on-july-4-2026,1600.0,1783180860,1782936900,0.5105570659048143,2.823611111111111,1616.54,1788.64,8.696485461687425,0.1011674918436223,1,2026-07-04,True,0.58,1782950400,0.42,-0.4598016220134425,-0.4651480398177596,-0.11822604767445023,-0.11822604767445023,-0.11294169965259256
BTC,bitcoin-above-60k-on-july-8-2026,60000.0,1783526460,1782937800,0.3908330708998773,6.813194444444444,59974.0,61752.01,7.466663674965788,0.0292153906128684,1,2026-07-08,True,0.5,1782952200,0.5,0.2818585041609588,0.28210513782809465,0.08231041181947472,0.08231041181947472,-0.05736649557448806
BTC,bitcoin-above-58k-on-july-8-2026,58000.0,1783526460,1782937800,0.4187705113023954,6.813194444444444,59974.0,61752.01,5.972988974077341,0.0292153906128684,1,2026-07-08,True,0.73,1782952200,0.27,0.0954967939959741,0.09569408963410217,-0.0019885001012782807,-0.0019885001012782807,-0.05975890253316905
BTC,bitcoin-above-60k-on-july-7-2026,60000.0,1783440060,1782938700,0.3876524468395145,5.802777777777778,60043.44,63917.45,8.161610273239763,0.0625241067846932,1,2026-07-07,True,0.51,1782951300,0.49,-0.0202973922590919,-0.02077082713683338,0.018071205921607807,0.018071205921607807,-0.05351312328009873
ETH,ethereum-above-1600-on-july-6-2026,1600.0,1783353660,1782938700,0.5203739424799049,4.802777777777778,1616.12,1782.96,6.61993600383636,0.0982466897618234,1,2026-07-06,True,0.5700000000000001,1782950400,0.4299999999999999,-0.2203867988120365,-0.2239997449309849,-0.07439418338593459,-0.07439418338593459,-0.05159105670014262
BTC,bitcoin-above-62k-on-july-7-2026,62000.0,1783440060,1782939600,0.3713695757755103,5.792361111111111,60126.0,63917.45,6.76983295731711,0.0611500467409796,1,2026-07-07,True,0.25,1782952200,0.75,0.3360243982314341,0.33563169692235695,0.15379105755485817,0.15379105755485817,-0.2666464531997554
ETH,ethereum-above-1600-on-july-8-2026,1600.0,1783526460,1782947700,0.5242890726028104,6.698611111111111,1615.64,1724.81,5.5880289232710805,0.0653857364851424,1,2026-07-08,True,0.56,1782949500,0.4399999999999999,0.0746226133516427,0.07200751175176746,-0.03432679721415186,-0.03432679721415186,-0.007429138485582309
ETH,ethereum-above-1600-on-july-7-2026,1600.0,1783440060,1782947700,0.5182803308012419,5.698611111111111,1615.64,1795.96,6.1177591211321145,0.1058085349128211,1,2026-07-07,True,0.58,1782949500,0.42,-0.2273111295565374,-0.23036835592989066,-0.08100716721827388,-0.08100716721827388,-0.0566788984213172
BTC,bitcoin-above-60k-on-july-4-2026,60000.0,1783180860,1782950400,0.3820259200578916,2.667361111111111,60024.0,62896.0,12.215721977287409,0.0467380864360769,1,2026-07-04,True,0.51,1782951300,0.49,-0.080939469653544,-0.08771467709921223,0.021601681117406863,0.021601681117406863,0.004656894782515858
BTC,bitcoin-above-58k-on-july-5-2026,58000.0,1783267260,1782950400,0.4207681389684741,3.667361111111111,60024.0,62736.0,6.911345913425406,0.0441909633065481,1,2026-07-05,True,0.8200000000000001,1782952200,0.1799999999999999,-0.1254190336590436,-0.12922372887418634,-0.03843857998851789,-0.03843857998851789,-0.05462271868781917
BTC,bitcoin-above-58k-on-july-7-2026,58000.0,1783440060,1782950400,0.4246935280563023,5.667361111111111,60024.0,63917.45,6.213785451361281,0.0628479248017987,1,2026-07-07,True,0.76,1782952200,0.24,-0.150523520781665,-0.15110367690458434,-0.019903747165787494,-0.019903747165787494,-0.04143258474411917
BTC,bitcoin-above-60k-on-july-6-2026,60000.0,1783353660,1782951300,0.3887140542327492,4.656944444444444,59942.99,63427.99,9.077428947027386,0.0565113028072898,1,2026-07-06,True,0.49,1782952200,0.51,-0.0029773359371223,-0.005491971115136111,0.03331181666569864,0.03331181666569864,0.025448636835352256
BTC,bitcoin-above-64k-on-july-8-2026,64000.0,1783526460,1782963900,0.36127707503701,6.511111111111111,60812.45,61752.01,4.599887789748754,0.015331987839112,0,2026-07-08,True,0.12,1782976500,-0.12,-0.1905254236537079,-0.1904953608605406,-0.03442781193975043,-0.14329240787728453,0.016641543456252482
ETH,ethereum-above-1700-on-july-7-2026,1700.0,1783440060,1782964800,0.4665773868617499,5.500694444444444,1639.47,1795.96,5.595930885159894,0.091166679043582,1,2026-07-07,True,0.24,1782971100,0.76,0.24983756504256,0.2470872670541715,0.20862717964613536,0.20862717964613536,-0.0024887064631048273
ETH,ethereum-above-1700-on-july-6-2026,1700.0,1783353660,1782964800,0.4533582215637244,4.500694444444444,1639.47,1782.96,6.002638696570592,0.0839018856560379,1,2026-07-06,True,0.21,1782971100,0.79,0.2863672944458256,0.28310691332579035,0.17341656762316168,0.17341656762316168,0.015251661179735062
BTC,bitcoin-above-60k-on-july-2-2026,60000.0,1783008060,1782966600,0.4159779633176669,0.4798611111111111,60868.01,61644.03,16.928314132820226,0.0126686385905881,1,2026-07-02,True,0.8200000000000001,1782967500,0.1799999999999999,-0.0344586936966447,-0.04575608345367007,-0.04575608345367007,-0.04575608345367007,-0.04575608345367007
BTC,bitcoin-above-62k-on-july-6-2026,62000.0,1783353660,1782972000,0.3416973914710411,4.417361111111111,60504.54,63427.99,8.488744301822928,0.04718684312458,1,2026-07-06,True,0.25,1782975600,0.75,0.349442954305209,0.34713986204227576,0.1745284235317813,0.1745284235317813,-0.3981257814715503
BTC,bitcoin-above-62k-on-july-5-2026,62000.0,1783267260,1782974700,0.3204246998069587,3.386111111111111,60534.4,62736.0,9.457222252250997,0.0357236470607686,1,2026-07-05,True,0.21,1782975600,0.79,0.4521535300853377,0.44702156762594053,0.2636344965160563,0.29164929104167864,0.3786586204083102
BTC,bitcoin-above-58k-on-july-2-2026,58000.0,1783008060,1782978300,0.4733572845159546,0.3444444444444444,60136.3,61644.03,1.2664105570463389,0.0247627353833597,1,2026-07-02,True,0.969,1782979200,0.031,-0.0003597895108317,-0.0012103900335401578,-0.0012103900335401578,-0.0012103900335401578,0.004653240516661394
SOL,solana-above-80-on-july-2-2026,80.0,1783008060,1782990900,0.8386490999700643,0.1986111111111111,82.29,80.89,7.305240678447425,-0.0171593865877604,1,2026-07-02,True,0.86,1782996300,0.14,0.2653534489181124,0.2602628936846964,0.2602628936846964,0.2602628936846964,0.15265385126558623
SOL,solana-above-90-on-july-6-2026,90.0,1783353660,1782990900,0.7317616998168687,4.198611111111111,82.29,81.33,2.532697647382684,-0.0117346414389378,0,2026-07-06,True,0.091,1783005300,-0.091,-0.0612797012347228,-0.061547464344896996,-0.0410388970671129,-0.0410388970671129,-0.054467785212330866
SOL,solana-above-90-on-july-5-2026,90.0,1783267260,1782990900,0.7404358091155961,3.198611111111111,82.29,81.37,2.387004657453848,-0.0112429389090556,0,2026-07-05,True,0.064,1783005300,-0.064,-0.0371630524606151,-0.0377864346779488,-0.013717122704144017,-0.013717122704144017,-0.028556722962890402
BTC,bitcoin-above-62k-on-july-2-2026,62000.0,1783008060,1782999900,0.435610402464515,0.0944444444444444,61961.64,61644.03,56.69424498121129,-0.0051390959494738,0,2026-07-02,True,0.433,1783000800,-0.433,-0.1416428352585782,-0.1812449618875792,-0.1812449618875792,-0.1812449618875792,-0.1812449618875792
ETH,ethereum-above-1700-on-july-2-2026,1700.0,1783008060,1782999900,0.6521644494530481,0.0944444444444444,1710.49,1697.89,32.11978533691972,-0.0073935754805238,0,2026-07-02,True,0.62,1783002600,-0.62,-0.3825199426932603,-0.40500327978511963,-0.40500327978511963,-0.40500327978511963,-0.40500327978511963
BTC,bitcoin-above-62k-on-july-3-2026,62000.0,1783094460,1783000800,0.401965922878604,1.0840277777777778,61939.04,61955.3,18.183166194531164,0.0002624817258536,0,2026-07-03,True,0.474,1783002600,-0.474,-0.4787727488442245,-0.48932438729088573,-0.3648021435408285,-0.454920664197115,-0.48932438729088573
XRP,xrp-above-0pt9-on-july-5-2026,0.9,1783267260,1783005300,0.6102356526120997,3.031944444444444,1.0895,1.1369,0.0215756777877048,0.0425863847503864,1,2026-07-05,True,0.949,1783006200,0.051,0.0500811698844824,0.05006678779782242,0.05023060614634768,0.05023060614634768,0.05023060614634768
BTC,bitcoin-above-62k-on-july-4-2026,62000.0,1783180860,1783008000,0.3364793402980642,2.000694444444444,61612.93,62896.0,15.466450156675611,0.0206108175690957,1,2026-07-04,True,0.41,1783008900,0.59,0.2712238173792466,0.2622758193418951,0.014322619247105123,0.014322619247105123,0.254408846155894
BTC,bitcoin-above-60k-on-july-3-2026,60000.0,1783094460,1783008900,0.4230399148218684,0.9902777777777776,61698.0,61955.3,8.232488506394096,0.0041616418058192,1,2026-07-03,True,0.9,1783009800,0.0999999999999999,0.0657393316658639,0.060952104412525764,0.060952104412525764,0.060952104412525764,0.060952104412525764
ETH,ethereum-above-1700-on-july-3-2026,1700.0,1783094460,1783008900,0.5616548136826155,0.9902777777777776,1699.67,1730.99,13.633592700562184,0.0182593845980325,1,2026-07-03,True,0.46,1783009800,0.54,0.2910589874275059,0.2822254177050421,0.2822254177050421,0.2822254177050421,0.2696465869562457
ETH,ethereum-above-1700-on-july-4-2026,1700.0,1783180860,1783011600,0.4768189083478334,1.9590277777777776,1699.67,1788.64,11.417410727617977,0.051021439968036,1,2026-07-04,True,0.49,1783024200,0.51,-0.0725327360295713,-0.0797094575718331,-0.1134043838330427,-0.1134043838330427,0.020339267031439755
XRP,xrp-above-1pt1-on-july-3-2026,1.1,1783094460,1783014300,0.4977623178640707,0.9277777777777778,1.0908,1.1213,14.966932547628236,0.0275773544954016,1,2026-07-03,True,0.35,1783017900,0.6499999999999999,0.2372515954252911,0.22716354111965947,0.22716354111965947,0.22716354111965947,0.22716354111965947
BTC,bitcoin-above-62k-on-july-9-2026,62000.0,1783612860,1783017000,0.3733282554837906,6.896527777777778,61868.16,62900.56,7.756602452506225,0.0165493973637211,1,2026-07-09,True,0.47,1783021500,0.53,0.4016329038210608,0.402357569353416,0.2077462902651435,0.27000964872451294,0.24527580994182535
BTC,bitcoin-above-62k-on-july-8-2026,62000.0,1783526460,1783018800,0.3630677545770532,5.875694444444444,61761.36,61752.01,8.61122007565534,-0.0001514006138422,0,2026-07-08,True,0.47,1783019700,-0.47,-0.4686962559946153,-0.46893372899921015,-0.527864638380456,-0.527864638380456,-0.4072611532802844
BTC,bitcoin-above-64k-on-july-6-2026,64000.0,1783353660,1783019700,0.3125025854240475,3.8652777777777776,61663.99,63427.99,6.239966130615949,0.0282051166054627,0,2026-07-06,True,0.1009999999999999,1783024200,-0.1009999999999999,-0.2769989723281612,-0.27889921124212375,-0.3258761160490346,-0.3347734813396195,0.04562017028483778
BTC,bitcoin-above-64k-on-july-7-2026,64000.0,1783440060,1783026000,0.3262716493343733,4.792361111111111,61584.78,63917.45,6.164101801512703,0.0371776449566087,0,2026-07-07,True,0.13,1783033200,-0.13,-0.3591667882530315,-0.35992677648257604,-0.47093606492508755,-0.4484631144719442,-0.07782101289060085
BTC,bitcoin-above-62k-on-july-7-2026,62000.0,1783440060,1783026000,0.3322588874132838,4.792361111111111,61584.78,63917.45,10.280229540286498,0.0371776449566087,1,2026-07-07,True,0.42,1783033200,0.5800000000000001,0.1978052760787876,0.1965377996971165,0.14563824412215445,0.14563824412215445,-0.2575223142361705
BTC,bitcoin-above-62k-on-july-6-2026,62000.0,1783353660,1783058400,0.2879454580140511,3.417361111111111,61700.49,63427.99,14.068492043498749,0.0276133741352628,1,2026-07-06,True,0.43,1783069200,0.5700000000000001,0.1815214656839006,0.17618213956524728,0.15976400952009526,0.15976400952009526,-0.17077287341943428
ETH,ethereum-above-1700-on-july-5-2026,1700.0,1783267260,1783075500,0.3914468080590461,2.219444444444445,1747.27,1774.16,8.848350693872623,0.0152725016091683,1,2026-07-05,True,0.81,1783076400,0.1899999999999999,0.0548635497893444,0.04906856120802863,0.1166879511814439,0.1166879511814439,0.015104545888909023
ETH,ethereum-above-1800-on-july-9-2026,1800.0,1783612860,1783075500,0.4483499225364639,6.219444444444445,1747.27,1740.21,5.900374404670842,-0.0040487742692685,0,2026-07-09,True,0.27,1783081800,-0.27,-0.2461107159313178,-0.249057074242036,-0.21458818573287383,-0.21458818573287383,-0.17505418443449497
BTC,bitcoin-above-62k-on-july-3-2026,62000.0,1783094460,1783087200,0.2854557857048299,0.0840277777777777,62116.01,61955.3,83.99606228289593,-0.0025906084151192,0,2026-07-03,True,0.453,1783088100,-0.453,-0.2353990942130523,-0.294074033156172,-0.294074033156172,-0.294074033156172,-0.294074033156172
ETH,ethereum-above-1800-on-july-7-2026,1800.0,1783440060,1783091700,0.4293194420884854,4.031944444444444,1740.72,1795.96,6.5998230813940255,0.0312408771759378,0,2026-07-07,True,0.205,1783095300,-0.205,-0.4111842622687504,-0.4148794057939588,-0.5219797360190018,-0.4768916483630907,-0.4302163954839023
BTC,bitcoin-above-62k-on-july-9-2026,62000.0,1783612860,1783114200,0.3632258249280268,5.771527777777777,62631.52,62900.56,8.563109349296232,0.0042864009252098,1,2026-07-09,True,0.59,1783127700,0.41,0.3732950801625039,0.37309053566232536,0.17766913421136693,0.2508628503745781,0.15111825382402386
BTC,bitcoin-above-64k-on-july-7-2026,64000.0,1783440060,1783116000,0.3145671224753203,3.750694444444445,62732.0,63917.45,10.171089678209638,0.0187207227730481,0,2026-07-07,True,0.25,1783116900,-0.25,-0.4404101501655741,-0.442808483662338,-0.3843378556978112,-0.405838545924955,-0.08419488700271782
BTC,bitcoin-above-62k-on-july-8-2026,62000.0,1783526460,1783131300,0.3592912660047108,4.573611111111111,62522.01,61752.01,9.744873865205044,-0.0123921291629626,0,2026-07-08,True,0.59,1783132200,-0.59,-0.4692402643856003,-0.4706509345672554,-0.37222442416208723,-0.37222442416208723,-0.6922870979458915
BTC,bitcoin-above-62k-on-july-7-2026,62000.0,1783440060,1783132200,0.342944179414793,3.563194444444445,62495.4,63917.45,11.497406118972506,0.0224994530114834,1,2026-07-07,True,0.6,1783145700,0.4,0.1413146512722357,0.13860357359094086,0.16037061975132905,0.16037061975132905,-0.3319547731747792
BTC,bitcoin-above-64k-on-july-9-2026,64000.0,1783612860,1783134900,0.3450865182399221,5.531944444444445,62561.73,62900.56,8.044507705506497,0.0054013173800394,0,2026-07-09,True,0.3,1783135800,-0.3,-0.3434509392836133,-0.34364309609730087,-0.11721529638439707,-0.11721529638439707,-0.1739716029206635
BTC,bitcoin-above-62k-on-july-6-2026,62000.0,1783353660,1783149300,0.3035138456904163,2.365277777777778,62551.98,63427.99,15.355078147509346,0.0139073555800501,1,2026-07-06,True,0.65,1783150200,0.35,0.1364514682431292,0.12997291568956257,0.1260992004540722,0.1260992004540722,-0.1499323782552223
ETH,ethereum-above-1700-on-july-6-2026,1700.0,1783353660,1783179000,0.5129691846537069,2.0215277777777776,1793.5,1782.96,4.013731959582199,-0.0058941134606768,1,2026-07-06,True,0.92,1783185300,0.0799999999999999,0.103657391570522,0.10112526819903352,0.14461794131727876,0.14461794131727876,-0.026561915593836468
BTC,bitcoin-above-64k-on-july-5-2026,64000.0,1783267260,1783193400,0.2743419988180353,0.8548611111111112,63370.0,62736.0,22.65191472665994,-0.0100551177854497,0,2026-07-05,True,0.183,1783195200,-0.183,0.0447676706425297,0.029003595353349714,0.029003595353349714,0.029003595353349714,0.029003595353349714
BTC,bitcoin-above-64k-on-july-6-2026,64000.0,1783353660,1783193400,0.3026367840422519,1.854861111111111,63370.0,63427.99,16.563373906366365,0.0009146833328049,0,2026-07-06,True,0.304,1783197000,-0.304,-0.3191502420471703,-0.32618282170049895,-0.285389793744637,-0.285389793744637,0.04827940725247529
ETH,ethereum-above-1800-on-july-8-2026,1800.0,1783526460,1783195200,0.4961129676636442,3.8340277777777776,1792.83,1724.81,7.803748064348325,-0.0386784774762571,0,2026-07-08,True,0.45,1783197000,-0.45,-0.1481629062627178,-0.1524448262300912,0.16659936584660365,0.13768470046342898,-0.061342907805293695
BTC,bitcoin-above-64k-on-july-7-2026,64000.0,1783440060,1783202400,0.325686270907525,2.750694444444445,63297.84,63917.45,13.002797033171376,0.0097412017000551,0,2026-07-07,True,0.36,1783203300,-0.36,-0.4866628685650009,-0.48976812990559626,-0.40303701560448596,-0.40303701560448596,-0.37736201103320405
BTC,bitcoin-above-62k-on-july-9-2026,62000.0,1783612860,1783203300,0.3717112556421786,4.740277777777778,63246.0,62900.56,8.516513825984738,-0.0054768178136762,1,2026-07-09,True,0.6900000000000001,1783206900,0.3099999999999999,0.3566433946325731,0.3564142790142183,0.18845888276409317,0.2573086160103771,0.20234220815467407
ETH,ethereum-above-1800-on-july-6-2026,1800.0,1783353660,1783206000,0.4883337513253252,1.7090277777777778,1784.73,1782.96,11.50639107939458,-0.0009922387568534,0,2026-07-06,True,0.373,1783206900,-0.373,-0.3615829128195119,-0.36885699988518494,-0.3529843817463929,-0.3529843817463929,-0.19081791738587325
ETH,ethereum-above-1800-on-july-5-2026,1800.0,1783267260,1783212300,0.5315464768305581,0.6361111111111112,1775.82,1774.16,14.829406218697573,-0.0009352166045951,0,2026-07-05,True,0.23,1783213200,-0.23,-0.2161312930679873,-0.2265079696250429,-0.2265079696250429,-0.2265079696250429,-0.2265079696250429
BTC,bitcoin-above-62k-on-july-7-2026,62000.0,1783440060,1783218600,0.3767000948176052,2.563194444444445,62756.36,63917.45,11.808917879816784,0.0183324795876883,1,2026-07-07,True,0.65,1783219500,0.35,0.1335132540155711,0.1306931087750552,0.15824533157449255,0.15824533157449255,-0.2915676091178014
BTC,bitcoin-above-60k-on-july-8-2026,60000.0,1783526460,1783224900,0.4124054297967266,3.4902777777777776,62794.0,61752.01,5.351809741399962,-0.0167330019228941,1,2026-07-08,True,0.88,1783230300,0.12,0.2095518426938091,0.20876097347860073,0.11628811998906631,0.11628811998906631,-0.11688051145639666
BTC,bitcoin-above-64k-on-july-9-2026,64000.0,1783612860,1783226700,0.368869665771447,4.469444444444445,62944.91,62900.56,8.919535903982652,-0.0007048327100856,0,2026-07-09,True,0.34,1783227600,-0.34,-0.3337132193360894,-0.3339531772608741,-0.2501977766166606,-0.2501977766166606,-0.1555290891310224
BTC,bitcoin-above-60k-on-july-7-2026,60000.0,1783440060,1783233000,0.4372057690528986,2.3965277777777776,62796.26,63917.45,5.039737366535912,0.0176968894846189,1,2026-07-07,True,0.9,1783244700,0.0999999999999999,0.0108123247929095,0.009608760546606615,0.06631583407623927,0.06631583407623927,-0.11250969749057516
ETH,ethereum-above-1800-on-july-7-2026,1800.0,1783440060,1783279800,0.5445853929022695,1.854861111111111,1780.1,1795.96,9.806906422899512,0.0088701554158174,0,2026-07-07,True,0.367,1783286100,-0.367,-0.4539887841194968,-0.45968431011149313,-0.46026165058607776,-0.46026165058607776,-0.44333530961182355
ETH,ethereum-above-1800-on-july-8-2026,1800.0,1783526460,1783288800,0.537082556010911,2.750694444444445,1786.88,1724.81,8.418637478591897,-0.0353541827823177,0,2026-07-08,True,0.42,1783297800,-0.42,-0.1223659518037911,-0.12699247656263332,0.10094035620780517,0.10094035620780517,-0.08056235387178587
ETH,ethereum-above-1700-on-july-9-2026,1700.0,1783612860,1783292400,0.5910122304811287,3.7090277777777776,1790.0,1740.21,4.720950156642247,-0.028209824253464,1,2026-07-09,True,0.8200000000000001,1783297800,0.1799999999999999,0.3131771742282412,0.31058772323075423,0.3132792213583031,0.31328950784720694,0.28326442458945156
BTC,bitcoin-above-64k-on-july-6-2026,64000.0,1783353660,1783292400,0.3625622163337912,0.7090277777777778,63736.0,63427.99,24.09356290478177,-0.0048443054098342,0,2026-07-06,True,0.38,1783294200,-0.38,-0.263283422878183,-0.2755240498976186,-0.2755240498976186,-0.2755240498976186,0.2718157670337119
BTC,bitcoin-above-64k-on-july-8-2026,64000.0,1783526460,1783293300,0.3818543225077124,2.698611111111111,63978.0,61752.01,12.145954335021472,-0.0354127486784829,0,2026-07-08,True,0.5,1783294200,-0.5,-0.0698783716735536,-0.0727442372613955,0.32235705466240844,0.32235705466240844,0.21932259390591666
SOL,solana-above-80-on-july-8-2026,80.0,1783526460,1783294200,0.6700389393939875,2.688194444444444,81.64,76.85,6.58278110899064,-0.0604638679570392,0,2026-07-08,True,0.66,1783296000,-0.66,-0.2619795922358976,-0.2653604101452198,-0.07241805570719323,-0.07241805570719323,-0.026869056210559523
SOL,solana-above-80-on-july-7-2026,80.0,1783440060,1783296000,0.6559566637439145,1.667361111111111,81.59,82.03,8.232759494972392,0.0053783285739495,1,2026-07-07,True,0.66,1783297800,0.3399999999999999,0.2957215143657351,0.29106291382269567,0.24658082007600776,0.24658082007600776,0.29106291382269567
SOL,solana-above-80-on-july-9-2026,80.0,1783612860,1783298700,0.6719345983645763,3.636111111111112,81.87,77.67,5.667724988869022,-0.0526635409568008,0,2026-07-09,True,0.63,1783304100,-0.63,-0.3315175329168128,-0.3341350046378171,-0.2008808552346497,-0.2008808552346497,-0.24853494390242023
ETH,ethereum-above-1800-on-july-6-2026,1800.0,1783353660,1783299600,0.5450602020404283,0.6256944444444444,1793.28,1782.96,17.403074858639396,-0.0057714407568723,0,2026-07-06,True,0.414,1783301400,-0.414,-0.3135591844659484,-0.3246883095063433,-0.3246883095063433,-0.3246883095063433,-0.1626856418359227
BTC,bitcoin-above-64k-on-july-9-2026,64000.0,1783612860,1783313100,0.3561626865529885,3.469444444444444,63314.0,62900.56,10.888240237218657,-0.0065514070447688,0,2026-07-09,True,0.39,1783314000,-0.39,-0.3186667062047496,-0.3207122765064387,-0.24948479943021915,-0.24948479943021915,-0.18161634928667836
BTC,bitcoin-above-62k-on-july-9-2026,62000.0,1783612860,1783331100,0.3932347007921245,3.261111111111111,62688.01,62900.56,10.325266777483233,0.0033848654051498,1,2026-07-09,True,0.64,1783332000,0.36,0.3250503616859537,0.3226226624476745,0.24742453029811126,0.24742453029811126,0.1350058979191141
BTC,bitcoin-above-62k-on-july-8-2026,62000.0,1783526460,1783332000,0.4007786181555992,2.250694444444445,62664.77,61752.01,12.031471433232529,-0.0146728821607547,0,2026-07-08,True,0.67,1783339200,-0.67,-0.4934636374396919,-0.49775276301735166,-0.39373874703714534,-0.4463187172684693,-0.7041974369530055
BTC,bitcoin-above-62k-on-july-7-2026,62000.0,1783440060,1783332000,0.4174168043713243,1.2506944444444443,62664.77,63917.45,14.921929553854394,0.0197929992988569,1,2026-07-07,True,0.7,1783339200,0.3,0.0046502588029667,-0.0020277676868752648,0.09416091033157727,0.09416091033157727,-0.32194456082182504
BTC,bitcoin-above-62k-on-july-6-2026,62000.0,1783353660,1783332900,0.4400467059524366,0.2402777777777777,62840.01,63427.99,17.482575982335167,0.0093132741465135,1,2026-07-06,True,0.87,1783336500,0.13,-0.03282002291074,-0.04391260088058969,-0.04391260088058969,-0.04391260088058969,-0.1382878969356526
BTC,bitcoin-above-60k-on-july-9-2026,60000.0,1783612860,1783339200,0.446169848868415,3.1673611111111115,62483.84,62900.56,6.08260855701678,0.0066471033774748,1,2026-07-09,True,0.84,1783340100,0.16,0.1195682721167965,0.1180188481449014,0.0825199611313164,0.0825199611313164,0.03793364352438007
ETH,ethereum-above-1700-on-july-6-2026,1700.0,1783353660,1783339200,0.5858066515427225,0.1673611111111111,1759.64,1782.96,0.7399453213187885,0.013165661856283,1,2026-07-06,True,0.956,1783340100,0.044,0.0342581301073781,0.033749535870664635,0.033749535870664635,0.033749535870664635,0.033749535870664635
BTC,bitcoin-above-60k-on-july-8-2026,60000.0,1783526460,1783339200,0.4603382710887715,2.167361111111111,62483.84,61752.01,5.967757372506589,-0.0117814377243413,1,2026-07-08,True,0.861,1783340100,0.139,0.2093087618381655,0.20706725008262916,0.09001898913998448,0.09001898913998448,0.09562874458987561
BTC,bitcoin-above-60k-on-july-6-2026,60000.0,1783353660,1783341000,0.5858261925935554,0.1465277777777777,62080.44,63427.99,0.5098633962531525,0.0214742831895183,1,2026-07-06,True,0.972,1783341900,0.028,0.0170510490408902,0.01671550365430245,0.01671550365430245,0.01671550365430245,0.01576780462475724
ETH,ethereum-above-1800-on-july-7-2026,1800.0,1783440060,1783373400,0.4951007581513059,0.7715277777777778,1813.42,1795.96,16.678198406313427,-0.0096748672582187,0,2026-07-07,True,0.5710000000000001,1783377900,-0.5710000000000001,-0.4096406443126827,-0.42063008683560243,-0.42063008683560243,-0.42063008683560243,-0.4110605999612598
ETH,ethereum-above-1800-on-july-9-2026,1800.0,1783612860,1783373400,0.4976837951412037,2.771527777777778,1813.42,1740.21,9.096703252137784,-0.0412087695760865,0,2026-07-09,True,0.53,1783380600,-0.53,-0.1551360517806168,-0.16079941745851645,-0.10607233662400273,-0.10607233662400273,-0.07771675646532206
BTC,bitcoin-above-64k-on-july-7-2026,64000.0,1783440060,1783375200,0.3413029264690845,0.7506944444444446,64489.98,63917.45,22.91430478280421,-0.0089174558514107,0,2026-07-07,True,0.67,1783376100,-0.67,-0.4656626987335736,-0.47845670905019816,-0.47845670905019816,-0.47845670905019816,-0.4363350661510802
ETH,ethereum-above-1800-on-july-8-2026,1800.0,1783526460,1783386000,0.4922752221771836,1.6256944444444446,1803.74,1724.81,12.129822380364075,-0.0447453875956427,0,2026-07-08,True,0.51,1783386900,-0.51,0.0327536038756922,0.024666383148460806,0.1809567701444802,0.1809567701444802,0.14457024532763024
BTC,bitcoin-above-64k-on-july-9-2026,64000.0,1783612860,1783408500,0.3893613184279572,2.365277777777778,63396.01,62900.56,12.099760920208004,-0.0078458590213944,0,2026-07-09,True,0.39,1783409400,-0.39,-0.2950669816274704,-0.3002069627649437,-0.2992253086336085,-0.2992253086336085,-0.23655441264009994
BTC,bitcoin-above-62k-on-july-7-2026,62000.0,1783440060,1783422000,0.3941573624677161,0.2090277777777777,63284.0,63917.45,4.029369999353297,0.0099598744584089,1,2026-07-07,True,0.957,1783422900,0.043,0.0028679806599618,0.0002538717225927479,0.0002538717225927479,0.0002538717225927479,0.0002538717225927479
BTC,bitcoin-above-64k-on-july-8-2026,64000.0,1783526460,1783422000,0.3521926740251331,1.2090277777777778,63284.0,61752.01,16.77633410573805,-0.0245060070012029,0,2026-07-08,True,0.26,1783422900,-0.26,0.151120961049736,0.14176438269290756,0.027410863117593248,0.027410863117593248,0.0717393591328971
BTC,bitcoin-above-64k-on-july-10-2026,64000.0,1783699260,1783427400,0.3582318606017007,3.146527777777778,63702.99,64041.66,11.848389035415018,0.0053023088397129,1,2026-07-10,True,0.45,1783428300,0.55,0.4871761820811615,0.4845903222824227,0.6075948995386956,0.5598697055907682,0.45884730830931647
ETH,ethereum-above-1900-on-july-10-2026,1900.0,1783699260,1783444500,0.5130790072063734,2.948611111111111,1804.5,1790.71,4.510166504252954,-0.0076713558473901,0,2026-07-10,True,0.09,1783450800,-0.09,-0.0554009078148958,-0.05781635628014314,0.08008915633001716,0.08008915633001716,0.040928408060422035
BTC,bitcoin-above-66k-on-july-12-2026,66000.0,1783872060,1783455300,0.356190534453038,4.823611111111111,63778.08,64173.58,6.749594998280989,0.0061820418678267,0,2026-07-12,True,0.19,1783456200,-0.19,-0.2317262788702468,-0.23127839240408538,-0.10653941753796645,-0.10653941753796645,-0.11728173013087426
BTC,bitcoin-above-66k-on-july-14-2026,66000.0,1784044860,1783455300,0.3449299776400346,6.823611111111111,63778.08,64783.23,6.386615516212874,0.0156372159203148,0,2026-07-14,True,0.21,1783468800,-0.21,-0.3098688858270536,-0.3078141056461234,0.053333674664062025,0.053333674664062025,0.00025381677053571035
BTC,bitcoin-above-64k-on-july-12-2026,64000.0,1783872060,1783455300,0.3760909408951302,4.823611111111111,63778.08,64173.58,9.179523137720484,0.0061820418678267,1,2026-07-12,True,0.47,1783456200,0.53,0.4732518036359279,0.4738609341363874,0.33539057803600747,0.3801104362541131,0.43773482280143095
BTC,bitcoin-above-64k-on-july-13-2026,64000.0,1783958460,1783456200,0.371749691862557,5.813194444444444,63730.0,62565.02,8.448850199950822,-0.0184490733416898,0,2026-07-13,True,0.47,1783457100,-0.47,-0.3141265430081565,-0.3121307456261585,0.04212263586725283,-0.175365473801552,-0.23425118259094257
BTC,bitcoin-above-64k-on-july-11-2026,64000.0,1783785660,1783456200,0.3881873143394252,3.813194444444444,63730.0,64157.3,9.97474596243199,0.0066824710523075,1,2026-07-11,True,0.46,1783457100,0.54,0.4733440488519269,0.47301819410995194,0.19852926872825333,0.374918143668638,0.43388531796937907
BTC,bitcoin-above-66k-on-july-13-2026,66000.0,1783958460,1783457100,0.3502934249799712,5.802777777777778,63673.99,62565.02,6.377038829909259,-0.0175698229570142,0,2026-07-13,True,0.2,1783459800,-0.2,-0.087956556768489,-0.08645119590133668,-0.03621497204785957,-0.03621497204785957,-0.03709107590133058
BTC,bitcoin-above-62k-on-july-14-2026,62000.0,1784044860,1783457100,0.3944714421689058,6.802777777777778,63673.99,64783.23,6.640202356210663,0.0172706146268653,1,2026-07-14,True,0.6900000000000001,1783460700,0.3099999999999999,0.1953196240614821,0.1974538446639446,-0.5625907385486867,-0.16825550886059704,-0.046009204302168066
ETH,ethereum-above-1800-on-july-9-2026,1800.0,1783612860,1783459800,0.4896959187608403,1.7715277777777778,1778.49,1740.21,10.922384598698317,-0.021758894075594,0,2026-07-09,True,0.34,1783461600,-0.34,-0.102340990464024,-0.10959011505909187,-0.09337614692433661,-0.09337614692433661,-0.08274921703446655
BTC,bitcoin-above-62k-on-july-13-2026,62000.0,1783958460,1783460700,0.3899561853253496,5.761111111111111,63402.22,62565.02,7.41758845040208,-0.0132925406185002,1,2026-07-13,True,0.6900000000000001,1783461600,0.3099999999999999,0.4085985957682878,0.410345296046357,0.2580293305992045,0.2580293305992045,0.4134031564083285
XRP,xrp-above-1pt1-on-july-12-2026,1.1,1783872060,1783460700,0.5308316169032339,4.761111111111111,1.1144,1.1024,6.469592050865207,-0.0108265222062017,1,2026-07-12,True,0.5700000000000001,1783519200,0.4299999999999999,0.5000431820037586,0.496238879797837,0.5266409559529798,0.5266409559529798,0.5171966595015115
XRP,xrp-above-1pt1-on-july-13-2026,1.1,1783958460,1783460700,0.5308548474743112,5.761111111111111,1.1144,1.072,5.904081377165727,-0.0387900808348486,0,2026-07-13,True,0.56,1783519200,-0.56,-0.3309802061242172,-0.33442512159406534,-0.26681864284372553,-0.26681864284372553,-0.2733703935414771
BTC,bitcoin-above-62k-on-july-11-2026,62000.0,1783785660,1783461600,0.4037692121318672,3.750694444444445,63423.94,64157.3,8.45034790365126,0.0114964876855619,1,2026-07-11,True,0.72,1783475100,0.28,0.1828506793869589,0.18256719320297185,0.08407409842595713,0.08407409842595713,0.10129931942877082
BTC,bitcoin-above-62k-on-july-9-2026,62000.0,1783612860,1783461600,0.4122607155581907,1.7506944444444443,63423.94,62900.56,10.299613226283547,-0.0082863260055173,1,2026-07-09,True,0.79,1783468800,0.2099999999999999,0.2953459529237237,0.29028232926534514,0.14371714648031975,0.16660255782749242,0.20814657849114224
BTC,bitcoin-above-62k-on-july-12-2026,62000.0,1783872060,1783461600,0.3966259188882755,4.750694444444445,63423.94,64173.58,7.860208216460199,0.0117502068229563,1,2026-07-12,True,0.71,1783468800,0.29,0.1976409277850921,0.19815432975520217,0.09360849552757516,0.09360849552757516,0.12821151839239517
XRP,xrp-above-1pt1-on-july-11-2026,1.1,1783785660,1783462500,0.5276812748013695,3.740277777777778,1.1144,1.1125,7.295062895044486,-0.0017064084252006,1,2026-07-11,True,0.58,1783519200,0.42,0.4324483567864726,0.428143133931757,0.4283156515646136,0.4283156515646136,0.41565335945342446
XRP,xrp-above-1pt1-on-july-10-2026,1.1,1783699260,1783462500,0.5283636914140458,2.7402777777777776,1.1144,1.104,8.421920062705073,-0.0093761956285553,1,2026-07-10,True,0.58,1783519200,0.42,0.4989655700759778,0.49390092638942645,0.5812284043110406,0.5586765648042159,0.5590787391095042
XRP,xrp-above-1pt1-on-july-8-2026,1.1,1783526460,1783462500,0.5301533964853926,0.7402777777777778,1.1144,1.0741,14.49819664250728,-0.0368330418615946,0,2026-07-08,True,0.7,1783511100,-0.7,-0.1659873161488987,-0.1760997458284876,-0.1760997458284876,-0.1760997458284876,-0.12354006305638338
BTC,bitcoin-above-64k-on-july-14-2026,64000.0,1784044860,1783466100,0.360899909882624,6.698611111111111,63638.0,64783.23,8.079658182606414,0.0178359973682506,1,2026-07-14,True,0.46,1783467000,0.54,0.3958912379186674,0.3984568636885507,0.8450811074741552,0.8201635803750419,0.00010394245313136846
ETH,ethereum-above-1800-on-july-11-2026,1800.0,1783785660,1783471500,0.4986791933129352,3.636111111111112,1783.05,1813.79,7.832156340244359,0.0170931976165043,1,2026-07-11,True,0.4,1783474200,0.6,0.466123403912846,0.46207739470883136,0.10030717925715141,0.4076932390513717,0.3551228327291724
ETH,ethereum-above-1800-on-july-13-2026,1800.0,1783958460,1783471500,0.4988931689682068,5.636111111111111,1783.05,1776.41,6.327590148723498,-0.0037309073298843,0,2026-07-13,True,0.43,1783474200,-0.43,-0.4063923475336232,-0.40917831696093204,-0.26489050361107386,-0.3700728375438418,-0.3587533174350257
ETH,ethereum-above-1800-on-july-12-2026,1800.0,1783872060,1783471500,0.4988025501477416,4.636111111111111,1783.05,1821.14,6.961037930348295,0.0211372975123913,1,2026-07-12,True,0.42,1783473300,0.5800000000000001,0.4328624702711869,0.4294002361127579,0.24016187970848812,0.314262469797599,0.3070973229719086
ETH,ethereum-above-1800-on-july-14-2026,1800.0,1784044860,1783471500,0.4989664457273002,6.636111111111112,1783.05,1874.05,5.840282092153533,0.0497764832441737,1,2026-07-14,True,0.43,1783474200,0.5700000000000001,0.279291296298672,0.27727229414314253,-0.255573453942223,0.015727012923066677,-0.1817306492294369
BTC,bitcoin-above-66k-on-july-11-2026,66000.0,1783785660,1783473300,0.343634303789509,3.615277777777778,63634.98,64157.3,6.481502297835452,0.0081745612269982,0,2026-07-11,True,0.15,1783474200,-0.15,-0.2029834373765858,-0.20325885424000217,-0.07190231569331897,-0.07190231569331897,-0.07830570171572869
ETH,ethereum-above-1900-on-july-14-2026,1900.0,1784044860,1783473300,0.471418582639095,6.615277777777777,1779.75,1874.05,3.5768729211994104,0.0516289593549342,0,2026-07-14,True,0.13,1783475100,-0.13,-0.3146702266663693,-0.3159080450288712,-0.06421056962631387,-0.06421056962631387,-0.017095684339701853
ETH,ethereum-above-1900-on-july-12-2026,1900.0,1783872060,1783474200,0.5348070638784926,4.604861111111111,1772.93,1821.14,3.301299279599494,0.0268291334177967,0,2026-07-12,True,0.0999999999999999,1783475100,-0.0999999999999999,-0.188570998824451,-0.19021434705493212,-0.07805980345226868,-0.07805980345226868,-0.10135667734248507
ETH,ethereum-above-1900-on-july-13-2026,1900.0,1783958460,1783474200,0.5134093717934872,5.604861111111111,1772.93,1776.41,3.349706968921299,0.0019609285755209,0,2026-07-13,True,0.12,1783475100,-0.12,-0.1265685361149794,-0.12804476614607174,-0.109501694402793,-0.109501694402793,-0.0391664307636766
ETH,ethereum-above-1900-on-july-11-2026,1900.0,1783785660,1783474200,0.5663811516223919,3.604861111111111,1772.93,1813.79,3.212893813432811,0.0227850335219097,0,2026-07-11,True,0.06,1783476000,-0.06,-0.1332058932414029,-0.13486697377309712,-0.018814275116445657,-0.018814275116445657,-0.027580968040556826
ETH,ethereum-above-1700-on-july-8-2026,1700.0,1783526460,1783476000,0.5500460773341751,0.5840277777777778,1755.94,1724.81,6.241155621963913,-0.0178874265748571,1,2026-07-08,True,0.91,1783476900,0.0899999999999999,0.2016382129301361,0.19744241029050527,0.19744241029050527,0.19744241029050527,0.16424519477434021
ETH,ethereum-above-1700-on-july-9-2026,1700.0,1783612860,1783476000,0.5444048749259047,1.5840277777777776,1755.94,1740.21,7.520523630170413,-0.0089985304650463,1,2026-07-09,True,0.81,1783476900,0.1899999999999999,0.2576736609991895,0.2526522864817716,0.22282817367528632,0.22282817367528632,0.13987690869748087
BTC,bitcoin-above-62k-on-july-8-2026,62000.0,1783526460,1783476000,0.4172779449281726,0.5840277777777778,63038.01,61752.01,14.694051149683894,-0.0206113522068695,0,2026-07-08,True,0.83,1783476900,-0.83,-0.5271357364081091,-0.5362961737318594,-0.5362961737318594,-0.5362961737318594,-0.5772973089066448
ETH,ethereum-above-1700-on-july-14-2026,1700.0,1784044860,1783480500,0.5229990834602751,6.531944444444445,1762.33,1874.05,5.082394781176936,0.061465067205179,1,2026-07-14,True,0.7,1783483200,0.3,-0.0123897367882916,-0.014149416987448513,0.04846708517808948,0.04846708517808948,-0.020570475762995276
ETH,ethereum-above-1700-on-july-13-2026,1700.0,1783958460,1783482300,0.5280484492976312,5.511111111111111,1757.59,1776.41,5.47674529282544,0.0106509212873393,1,2026-07-13,True,0.7,1783493100,0.3,0.2416676169753098,0.23925337539081426,0.17149374887132476,0.17149374887132476,0.053033090230347274
SOL,solana-above-80-on-july-8-2026,80.0,1783526460,1783494900,0.6427681823576307,0.3652777777777777,78.14,76.85,9.929291202018618,-0.0166466196423197,0,2026-07-08,True,0.09,1783499400,-0.09,0.0752891339578358,0.06868140237099901,0.06868140237099901,0.06868140237099901,0.12564155083589615
BTC,bitcoin-above-60k-on-july-8-2026,60000.0,1783526460,1783501200,0.4825657343761692,0.2923611111111111,62018.36,61752.01,1.578808181312374,-0.0043039446541873,1,2026-07-08,True,0.966,1783502100,0.034,0.0407951030319467,0.039768000940525,0.039768000940525,0.039768000940525,0.039768000940525
BTC,bitcoin-above-60k-on-july-14-2026,60000.0,1784044860,1783508400,0.4094855725174664,6.209027777777778,62183.12,64783.23,6.076798885748703,0.040963193290846,1,2026-07-14,True,0.76,1783515600,0.24,-0.0089250873465222,-0.007230009919117475,0.08920831670033538,0.08920831670033538,0.03570051146275026
XRP,xrp-above-1pt1-on-july-14-2026,1.1,1784044860,1783519200,0.5273736672505338,6.084027777777777,1.0814,1.1047,5.626847927068936,0.021317306930325,1,2026-07-14,True,0.38,1783524600,0.62,0.5000507556884083,0.49688430347706997,0.44172681788155277,0.44172681788155277,0.44172681788155277
BTC,bitcoin-above-60k-on-july-12-2026,60000.0,1783872060,1783521900,0.424685645218703,4.052777777777778,61908.99,64173.58,7.086525429020782,0.0359261961220383,1,2026-07-12,True,0.77,1783523700,0.2299999999999999,-0.0245919023868123,-0.02467561618701067,0.02107326297281089,0.02107326297281089,0.021725992678459073
BTC,bitcoin-above-62k-on-july-10-2026,62000.0,1783699260,1783521900,0.4108271898506807,2.0527777777777776,61908.99,64041.66,12.922965482347534,0.0338684056978847,1,2026-07-10,True,0.45,1783523700,0.55,0.1123197622240932,0.10803643689006126,0.055974582047073104,0.055974582047073104,0.13394031708418896
ETH,ethereum-above-1700-on-july-12-2026,1700.0,1783872060,1783521900,0.5052781059919301,4.052777777777778,1729.77,1821.14,7.164398882320265,0.0514742269305538,1,2026-07-12,True,0.61,1783523700,0.39,0.0212181061104403,0.0174676091273132,0.06511492372820656,0.06511492372820656,0.07912781725381174
BTC,bitcoin-above-60k-on-july-13-2026,60000.0,1783958460,1783521900,0.4265620894667584,5.052777777777778,61908.99,62565.02,6.64359360620205,0.0105409325906466,1,2026-07-13,True,0.77,1783522800,0.2299999999999999,0.1599703276373727,0.16102142516267634,0.02905762416721975,0.02905762416721975,0.1225457369965506
SOL,solana-above-80-on-july-9-2026,80.0,1783612860,1783530900,0.621870768648669,0.9486111111111112,77.1,77.67,6.268859872907413,0.0073658018622723,0,2026-07-09,True,0.0699999999999999,1783538100,-0.0699999999999999,-0.1161751797261858,-0.120211604876683,-0.120211604876683,-0.120211604876683,-0.120211604876683
XRP,xrp-above-1pt1-on-july-9-2026,1.1,1783612860,1783532700,0.5270136722229882,0.9277777777777778,1.0899,1.0902,14.070201703592614,0.0002752167349145,0,2026-07-09,True,0.32,1783536300,-0.32,-0.3238723549724515,-0.33334566131692467,-0.33334566131692467,-0.33334566131692467,-0.33334566131692467
BTC,bitcoin-above-64k-on-july-12-2026,64000.0,1783872060,1783541700,0.331146432645228,3.823611111111111,62257.56,64173.58,8.331332467148194,0.0303116257618972,1,2026-07-12,True,0.2,1783543500,0.8,0.5474637681578602,0.5471369201594222,0.38351698382698307,0.43833539853442083,0.4929504596831818
BTC,bitcoin-above-64k-on-july-13-2026,64000.0,1783958460,1783542600,0.3397049484136646,4.813194444444444,62268.42,62565.02,7.876708691624101,0.0047519407960782,0,2026-07-13,True,0.24,1783543500,-0.24,-0.2774296533705523,-0.2764019007901079,0.07560785018174197,-0.16273808853516664,-0.12130073606121386
BTC,bitcoin-above-62k-on-july-14-2026,62000.0,1784044860,1783548000,0.364045956698919,5.750694444444444,62187.17,64783.23,8.722408464902252,0.040898065196324,1,2026-07-14,True,0.54,1783553400,0.4599999999999999,0.1032703699334589,0.10510631751396522,-0.6056914147615261,-0.3280701933154765,-0.05529385695018053
BTC,bitcoin-above-62k-on-july-12-2026,62000.0,1783872060,1783548900,0.3363950428686166,3.740277777777778,62208.98,64173.58,11.676222768302011,0.0310922372011942,1,2026-07-12,True,0.54,1783558800,0.4599999999999999,0.0969601120739684,0.09641072458559094,0.10713155686131685,0.10713155686131685,0.11395852454892882
BTC,bitcoin-above-62k-on-july-13-2026,62000.0,1783958460,1783549800,0.3537925116609448,4.729861111111111,62299.99,62565.02,9.856542975558291,0.0042450707047619,1,2026-07-13,True,0.55,1783558800,0.4499999999999999,0.4081582781642303,0.40934904775853076,0.31288944496271726,0.31288944496271726,0.22870715623920246
BTC,bitcoin-above-64k-on-july-15-2026,64000.0,1784131260,1783552500,0.3454689148060553,6.698611111111111,62324.59,65400.0,7.16165671157222,0.0481662074947441,1,2026-07-15,True,0.28,1783558800,0.72,0.3750501568242853,0.3779688857969649,0.4814264958393683,0.4881162831995459,0.11622002936983591
BTC,bitcoin-above-62k-on-july-15-2026,62000.0,1784131260,1783553400,0.3719779798363771,6.688194444444444,62263.99,65400.0,7.909038102970963,0.0491390094125287,1,2026-07-15,True,0.53,1783562400,0.47,0.0813577022140613,0.08457625429305923,-0.19005374457787233,-0.19005374457787233,-0.058526733187196915
BTC,bitcoin-above-64k-on-july-14-2026,64000.0,1784044860,1783553400,0.3386915735802855,5.688194444444445,62263.99,64783.23,7.530725545489581,0.0396635245177683,1,2026-07-14,True,0.25,1783561500,0.75,0.4513048826898896,0.45281574218261994,0.8190336361580213,0.7672705209952351,-0.1450244414509904
ETH,ethereum-above-1800-on-july-11-2026,1800.0,1783785660,1783558800,0.5013430395617293,2.625694444444445,1738.22,1813.79,6.578510366757883,0.0425569776182895,1,2026-07-11,True,0.17,1783562400,0.83,0.5500384815601987,0.5464400115786852,0.1165152952856252,0.4570997554050928,0.41291908013637146
BTC,bitcoin-above-62k-on-july-9-2026,62000.0,1783612860,1783560600,0.3759501938800288,0.6048611111111111,62396.46,62900.56,23.97736336155653,0.0080465236905305,1,2026-07-09,True,0.64,1783561500,0.36,0.1670655776747756,0.15236704822148153,0.15236704822148153,0.15236704822148153,0.15236704822148153
BTC,bitcoin-above-62k-on-july-11-2026,62000.0,1783785660,1783560600,0.3520658780636646,2.604861111111111,62396.46,64157.3,13.149298739348838,0.0278293373816099,1,2026-07-11,True,0.58,1783561500,0.42,0.0540637290510829,0.05202648463855372,0.06359923367110097,0.06359923367110097,0.08038938110316526
ETH,ethereum-above-1800-on-july-12-2026,1800.0,1783872060,1783563300,0.4396779259154927,3.573611111111111,1737.96,1821.14,6.508886959563945,0.046750667006369,1,2026-07-12,True,0.19,1783565100,0.81,0.5057051931713279,0.5022698833267739,0.20330488858902723,0.3319217877499384,0.35725833564531995
ETH,ethereum-above-1800-on-july-13-2026,1800.0,1783958460,1783563300,0.4547192398015076,4.573611111111111,1737.96,1776.41,6.071829333019937,0.0218824621640933,0,2026-07-13,True,0.23,1783565100,-0.23,-0.3628665756466411,-0.3657246070280583,-0.26100191185934923,-0.36053165008608623,-0.27377968827385435
ETH,ethereum-above-1700-on-july-11-2026,1700.0,1783785660,1783587600,0.4845971856611828,2.292361111111111,1754.45,1813.79,7.532809171742992,0.0332631612416778,1,2026-07-11,True,0.8,1783596600,0.1999999999999999,-0.0505650460824766,-0.05469777920583294,0.03653691156127958,0.03653691156127958,0.002203100721653169
ETH,ethereum-above-1700-on-july-9-2026,1700.0,1783612860,1783594800,0.502200149186966,0.2090277777777777,1746.31,1740.21,2.7597766529166345,-0.0034991947410122,1,2026-07-09,True,0.961,1783596600,0.039,0.0486569959502542,0.04672515229321286,0.04672515229321286,0.04672515229321286,0.04672515229321286
ETH,ethereum-above-1700-on-july-10-2026,1700.0,1783699260,1783595700,0.4916948039448261,1.198611111111111,1748.39,1790.71,8.741986032401154,0.0239168247776352,1,2026-07-10,True,0.8200000000000001,1783596600,0.1799999999999999,-0.0290805481454728,-0.034079929412197035,-0.07917678471537597,-0.07917678471537597,-0.010559326528130185
BTC,bitcoin-above-64k-on-july-11-2026,64000.0,1783785660,1783595700,0.3075412333309322,2.198611111111111,62804.01,64157.3,12.114855027887074,0.0213189554397206,1,2026-07-11,True,0.23,1783596600,0.77,0.5117239455018002,0.5089403120062131,0.5510026193531838,0.543122126157113,0.4974410302587524
BTC,bitcoin-above-64k-on-july-10-2026,64000.0,1783699260,1783606500,0.3622882296585329,1.073611111111111,62932.01,64041.66,13.951551883408776,0.017478871811915,1,2026-07-10,True,0.17,1783612800,0.83,0.5861426130526157,0.5797072030045343,0.6865979841377807,0.6068529871292568,0.6580027618794088
BTC,bitcoin-above-62k-on-july-10-2026,62000.0,1783699260,1783608300,0.3882982481465495,1.0527777777777778,62918.37,64041.66,15.029279880166635,0.0176956371495072,1,2026-07-10,True,0.77,1783612800,0.2299999999999999,-0.035952683377819,-0.04288724312093636,-0.05670466218591317,-0.05670466218591317,-0.10940642710564451
BTC,bitcoin-above-64k-on-july-12-2026,64000.0,1783872060,1783629000,0.2707447932162259,2.813194444444445,63286.41,64173.58,14.931752064051707,0.0139209853585162,1,2026-07-12,True,0.32,1783629900,0.6799999999999999,0.4721352981393416,0.46927587676228183,0.38931983661478853,0.3848469719068039,0.46927587676228183
BTC,bitcoin-above-64k-on-july-16-2026,64000.0,1784217660,1783629900,0.3253642273837017,6.802777777777778,63317.26,64706.18,8.674565809384207,0.0216987529109718,1,2026-07-16,True,0.4,1783633500,0.6,0.4117727398922075,0.415111154796177,0.5017689556562697,0.5017689556562697,0.3519552605721582
BTC,bitcoin-above-62k-on-july-16-2026,62000.0,1784217660,1783631700,0.3519357914684652,6.781944444444444,63324.03,64706.18,7.6251788654166175,0.02159183675422,1,2026-07-16,True,0.68,1783632600,0.3199999999999999,0.1553583827161958,0.15828733779380438,-0.0673402289224338,-0.0673402289224338,-0.019375191847470004
ETH,ethereum-above-1800-on-july-15-2026,1800.0,1784131260,1783631700,0.4298132247743059,5.781944444444444,1748.37,1930.76,6.286584631843335,0.0992297824734215,1,2026-07-15,True,0.28,1783643400,0.72,0.096183574481431,0.09420183216857547,-0.008372949870107912,-0.008372949870107912,-0.13418188963887834
ETH,ethereum-above-1700-on-july-16-2026,1700.0,1784217660,1783641600,0.4793111566324664,6.667361111111112,1745.16,1880.9,5.745919288081227,0.0749041436991397,1,2026-07-16,True,0.67,1783645200,0.3299999999999999,-0.1003931640380948,-0.10179924999799989,-0.1581790765289754,-0.1581790765289754,-0.15720979112306707
BTC,bitcoin-above-62k-on-july-12-2026,62000.0,1783872060,1783643400,0.3150271177333035,2.6465277777777776,63102.0,64173.58,12.091740671438776,0.0168391347499582,1,2026-07-12,True,0.78,1783644300,0.2199999999999999,0.0163855494720918,0.013972966104744133,0.022796322518906908,0.022796322518906908,-0.012993170287711882
BTC,bitcoin-above-64k-on-july-13-2026,64000.0,1783958460,1783649700,0.2963700297638131,3.573611111111111,63871.04,62565.02,13.55678134172296,-0.0206597145314132,0,2026-07-13,True,0.48,1783650600,-0.48,-0.1999207675152143,-0.20049674255072097,-0.03318117356398097,-0.03318117356398097,-0.19107645472462412
BTC,bitcoin-above-64k-on-july-14-2026,64000.0,1784044860,1783649700,0.315084991717743,4.573611111111111,63871.04,64783.23,11.279334439783009,0.0141807230524664,1,2026-07-14,True,0.48,1783650600,0.52,0.3600508820932903,0.36053435168367653,0.6082014032220082,0.6082014032220082,-0.21944540245081579
BTC,bitcoin-above-64k-on-july-15-2026,64000.0,1784131260,1783652400,0.3230199254673748,5.542361111111111,63961.99,65400.0,10.016509107290137,0.0222332577856577,1,2026-07-15,True,0.5,1783653300,0.5,0.27730037090523,0.27961079464316163,0.11137431150059723,0.1798702022071169,0.06305184590365535
ETH,ethereum-above-1800-on-july-11-2026,1800.0,1783785660,1783652400,0.4121902340476213,1.542361111111111,1772.86,1813.79,12.581017209342376,0.0228245169656609,1,2026-07-11,True,0.27,1783653300,0.73,0.4428443592600923,0.4358459641611382,0.06712519856797813,0.30042887752006825,0.4352437786609979
ETH,ethereum-above-1800-on-july-14-2026,1800.0,1784044860,1783663200,0.424852670861976,4.417361111111111,1779.04,1874.05,8.221242427096318,0.0520279713839778,1,2026-07-14,True,0.38,1783665000,0.62,0.1922654342622885,0.18903080103309705,-0.4678193476930625,-0.19624138351823198,-0.100029380728047
SOL,solana-above-80-on-july-10-2026,80.0,1783699260,1783667700,0.5569059934511079,0.3652777777777777,79.08,78.11,18.14825192102702,-0.0123419086802101,0,2026-07-10,True,0.22,1783668600,-0.22,0.0039840679147646,-0.006802414910316015,-0.006802414910316015,-0.006802414910316015,-0.006802414910316015
BTC,bitcoin-above-66k-on-july-14-2026,66000.0,1784044860,1783672200,0.2941259595211931,4.313194444444445,64331.99,64783.23,8.939790136176775,0.0069897543786396,0,2026-07-14,True,0.22,1783673100,-0.22,-0.2824869372484612,-0.28331912867102016,-0.05391586633831988,-0.05391586633831988,-0.08954946459681008
BTC,bitcoin-above-66k-on-july-13-2026,66000.0,1783958460,1783672200,0.2799316667238897,3.313194444444444,64331.99,62565.02,9.316487387757851,-0.0278506832052399,0,2026-07-13,True,0.18,1783673100,-0.18,0.0794705388220571,0.07780812435645035,-0.056352642190068955,-0.056352642190068955,0.01010898071268426
BTC,bitcoin-above-66k-on-july-15-2026,66000.0,1784131260,1783672200,0.3077145692860508,5.313194444444444,64331.99,65400.0,8.363136076753767,0.0164652392734002,0,2026-07-15,True,0.25,1783673100,-0.25,-0.3877010365797569,-0.3867540653894505,-0.1609654317478955,-0.1609654317478955,-0.28741618084712334
ETH,ethereum-above-1800-on-july-10-2026,1800.0,1783699260,1783680300,0.4398139226172421,0.2194444444444444,1799.81,1790.71,36.989221225606165,-0.0050689145218676,0,2026-07-10,True,0.462,1783683000,-0.462,-0.2745047993769506,-0.2988320534589585,-0.2988320534589585,-0.2988320534589585,-0.2988320534589585
BTC,bitcoin-above-64k-on-july-11-2026,64000.0,1783785660,1783682100,0.3199195738161189,1.198611111111111,64449.54,64157.3,20.30133828973012,-0.0045447116654668,1,2026-07-11,True,0.66,1783683000,0.3399999999999999,0.4322637289499244,0.4231823910112981,0.43170152785514193,0.42648282221083283,0.4231823910112981
BTC,bitcoin-above-66k-on-july-12-2026,66000.0,1783872060,1783685700,0.2665448999299251,2.156944444444444,64542.48,64173.58,10.63095827543684,-0.0057320121521202,0,2026-07-12,True,0.132,1783686600,-0.132,-0.0710632179765128,-0.0747724414742476,-0.0779748128598509,-0.0779748128598509,-0.0747724414742476
BTC,bitcoin-above-66k-on-july-11-2026,66000.0,1783785660,1783685700,0.3179555841547947,1.1569444444444443,64542.48,64157.3,10.121386978671303,-0.0059857312895146,0,2026-07-11,True,0.078,1783686600,-0.078,-0.0174160972684811,-0.02194816685031611,-0.031219031176132374,-0.031219031176132374,-0.02194816685031611
ETH,ethereum-above-1900-on-july-16-2026,1900.0,1784217660,1783685700,0.4246856165233971,6.156944444444444,1804.56,1880.9,4.553785754017323,0.0414335909388778,0,2026-07-16,True,0.15,1783693800,-0.15,-0.338679696155243,-0.34029182037151334,-0.2554627971814904,-0.2546435763338621,-0.23764824255411848
SOL,solana-above-80-on-july-13-2026,80.0,1783958460,1783692000,0.5634541508451942,3.0840277777777776,78.99,75.78,7.424494547693746,-0.0414868565858729,0,2026-07-13,True,0.37,1783692900,-0.37,-0.0619810594772338,-0.06233169901490038,-0.10207390789859638,-0.10207390789859638,-0.10207390789859638
BTC,bitcoin-above-64k-on-july-10-2026,64000.0,1783699260,1783692900,0.3092847909303223,0.0736111111111111,64210.0,64041.66,68.8879748648474,-0.002625152714206,1,2026-07-10,True,0.72,1783693800,0.28,0.460841454192614,0.41403656525796884,0.41403656525796884,0.41403656525796884,0.41403656525796884
BTC,bitcoin-above-62k-on-july-15-2026,62000.0,1784131260,1783710000,0.3249210202289257,4.875694444444444,63810.0,65400.0,8.034056300867453,0.0246123405828974,1,2026-07-15,True,0.8,1783711800,0.1999999999999999,0.0022630700608768,0.0026551520659767736,-0.26228045920665316,-0.26228045920665316,-0.10474987216452149
BTC,bitcoin-above-62k-on-july-14-2026,62000.0,1784044860,1783710000,0.30953308643657,3.875694444444445,63810.0,64783.23,8.445586787551328,0.0151368556881369,1,2026-07-14,True,0.84,1783715400,0.16,0.0321603715951997,0.030830043313190197,-0.6345588968609375,-0.4027578453917855,-0.07265152615882957
XRP,xrp-above-1pt1-on-july-12-2026,1.1,1783872060,1783716300,0.4840860912925619,1.8027777777777776,1.1057,1.1024,11.620120986412946,-0.0029889972889617,1,2026-07-12,True,0.54,1783717200,0.4599999999999999,0.4947325101257961,0.48673761810295696,0.48673761810295696,0.48673761810295696,0.48673761810295696
BTC,bitcoin-above-64k-on-july-16-2026,64000.0,1784217660,1783722600,0.305925311397595,5.729861111111112,64132.07,64706.18,10.40180788830152,0.0089121638948869,1,2026-07-16,True,0.52,1783728900,0.48,0.3872973832963287,0.3887212921039329,0.5333122034969997,0.5333122034969997,0.3731810533135477
BTC,bitcoin-above-62k-on-july-16-2026,62000.0,1784217660,1783730700,0.3329684565680433,5.636111111111111,64147.27,64706.18,6.98921161343475,0.0086751810717582,1,2026-07-16,True,0.8,1783731600,0.1999999999999999,0.1393673237046179,0.14030407046496393,-0.05738670935693985,-0.05738670935693985,0.07175528108083332
BTC,bitcoin-above-64k-on-july-12-2026,64000.0,1783872060,1783730700,0.1765371283729952,1.636111111111111,64147.27,64173.58,33.15842336940355,0.0004100658679969,1,2026-07-12,True,0.56,1783734300,0.4399999999999999,0.4264028623396142,0.41172359852339036,0.4313622313571467,0.4313622313571467,0.41172359852339036
BTC,bitcoin-above-64k-on-july-15-2026,64000.0,1784131260,1783738800,0.2907538672236203,4.542361111111111,64158.04,65400.0,12.277589597738146,0.0191728439999417,1,2026-07-15,True,0.54,1783740600,0.4599999999999999,0.2246036899472593,0.2247479992449499,0.09983628315145657,0.102385250787358,0.10403433520409733
BTC,bitcoin-above-64k-on-july-14-2026,64000.0,1784044860,1783739700,0.2664460133411425,3.531944444444445,64188.01,64783.23,15.14677519733072,0.0092303404389312,1,2026-07-14,True,0.55,1783740600,0.4499999999999999,0.3101901083766772,0.3072232142979349,0.6575420324501627,0.6575420324501627,0.1154926166481991
ETH,ethereum-above-1800-on-july-11-2026,1800.0,1783785660,1783749600,0.216606403163556,0.417361111111111,1799.45,1813.79,54.41040168418798,0.007937516074157,1,2026-07-11,True,0.39,1783764000,0.61,0.1781165620304164,0.14109742039802434,0.14109742039802434,0.14109742039802434,0.14109742039802434
ETH,ethereum-above-1800-on-july-16-2026,1800.0,1784217660,1783781100,0.3788916966821656,5.052777777777778,1814.41,1880.9,8.840010339128092,0.0359900396946691,1,2026-07-16,True,0.56,1783785600,0.4399999999999999,0.1218476769934938,0.11842380854556377,0.00764610102238039,0.00764610102238039,0.013180546736868338
ETH,ethereum-above-1900-on-july-16-2026,1900.0,1784217660,1783794600,0.4636143677746638,4.896527777777778,1825.98,1880.9,5.53675353564604,0.0296335564843477,0,2026-07-16,True,0.19,1783809000,-0.19,-0.3540736986384791,-0.3562923254197375,-0.08286494040063073,-0.14692075507611216,-0.11680284689491846
BTC,bitcoin-above-64k-on-july-16-2026,64000.0,1784217660,1783809000,0.3184118660973966,4.729861111111111,64251.3,64706.18,10.9618640207508,0.0070547576859953,1,2026-07-16,True,0.55,1783809900,0.4499999999999999,0.3726667055467719,0.37214746184654707,0.520715962392065,0.520715962392065,0.3728756770125427
ETH,ethereum-above-1800-on-july-15-2026,1800.0,1784131260,1783827900,0.4787114426203501,3.511111111111111,1810.32,1930.76,8.45595524368499,0.0644100825569309,1,2026-07-15,True,0.53,1783832400,0.47,-0.0746487753434629,-0.0786569026793832,-0.12135860569267451,-0.12135860569267451,-0.12419050124666595
BTC,bitcoin-above-62k-on-july-16-2026,62000.0,1784217660,1783838700,0.3547446289201688,4.386111111111111,63773.83,64706.18,7.996196556794138,0.014513796606842,1,2026-07-16,True,0.77,1783839600,0.2299999999999999,0.1139448295463589,0.11329880751291664,-0.08471772250668222,-0.08471772250668222,-0.03139213646781557
BTC,bitcoin-above-64k-on-july-15-2026,64000.0,1784131260,1783844100,0.3369480649856006,3.3236111111111115,64051.52,65400.0,12.407121534984414,0.0208344989421993,1,2026-07-15,True,0.5,1783846800,0.5,0.2415038395036281,0.23897619189756333,0.122034985871969,0.13780323876511635,0.08390096284923704
BTC,bitcoin-above-66k-on-july-15-2026,66000.0,1784131260,1783868400,0.3550299881866629,3.042361111111111,64203.08,65400.0,8.445998541194593,0.0184710738401231,0,2026-07-15,True,0.16,1783872900,-0.16,-0.3160066627079775,-0.31800040998552853,-0.17612754892698754,-0.17612754892698754,-0.19194880412010795
BTC,bitcoin-above-64k-on-july-13-2026,64000.0,1783958460,1783872000,0.3180710755396726,1.0006944444444446,64176.0,62565.02,23.6623860518634,-0.0254229730431842,0,2026-07-13,True,0.5700000000000001,1783872900,-0.5700000000000001,0.0315682027339414,0.019027785393274127,-0.0010119130555551192,-0.0010119130555551192,-0.032021310243037
ETH,ethereum-above-1900-on-july-15-2026,1900.0,1784131260,1783882800,0.4821456651259286,2.875694444444444,1821.42,1930.76,5.606856731797443,0.0582972911325828,1,2026-07-15,True,0.14,1783893600,0.86,0.5331354407677225,0.5304337735673375,0.5160884887680585,0.6186696752311621,0.41627912046932963
ETH,ethereum-above-1800-on-july-16-2026,1800.0,1784217660,1783882800,0.5002721682959416,3.875694444444445,1821.42,1880.9,7.579925217635773,0.0321339690389257,1,2026-07-16,True,0.59,1783891800,0.41,0.1664269177391199,0.16331024976268407,0.0220041558138805,0.0220041558138805,-0.012334002071092429
ETH,ethereum-above-1800-on-july-13-2026,1800.0,1783958460,1783891800,0.5251925477977252,0.7715277777777778,1815.09,1776.41,15.627365954575357,-0.0215405794815685,0,2026-07-13,True,0.64,1783892700,-0.64,-0.3033774815679119,-0.3134264284690309,-0.3134264284690309,-0.3134264284690309,-0.31169936761369266
BTC,bitcoin-above-62k-on-july-14-2026,62000.0,1784044860,1783893600,0.3527804748514528,1.7506944444444443,63920.4,64783.23,7.604101815891027,0.0134082143076754,1,2026-07-14,True,0.87,1783894500,0.13,0.0280425732351493,0.02447844853100676,-0.6816367591151267,-0.30662674665502354,-0.036467937090847585
BTC,bitcoin-above-64k-on-july-16-2026,64000.0,1784217660,1783897200,0.346837073446098,3.7090277777777776,63886.87,64706.18,11.383986382496024,0.0127428517578252,1,2026-07-16,True,0.48,1783898100,0.52,0.374935549114752,0.3732192216379165,0.5803448403334741,0.5803448403334741,0.02899639942793812
BTC,bitcoin-above-62k-on-july-13-2026,62000.0,1783958460,1783908000,0.4128311602647666,0.5840277777777778,63412.01,62565.02,9.641524953928707,-0.0134469396953143,1,2026-07-13,True,0.904,1783912500,0.0959999999999999,0.2256490046263481,0.22003961344389195,0.22003961344389195,0.22003961344389195,0.22003961344389195
SOL,solana-above-80-on-july-14-2026,80.0,1784044860,1783909800,0.5623334824845795,1.5631944444444446,76.59,77.34,5.263540448317428,0.0097447662576488,0,2026-07-14,True,0.09,1783914300,-0.09,-0.1412919713565338,-0.14253353640226643,-0.14253353640226643,-0.14253353640226643,0.02962964772624808
BTC,bitcoin-above-62k-on-july-15-2026,62000.0,1784131260,1783911600,0.3939854353586743,2.542361111111111,63375.99,65400.0,9.815090693433424,0.0314371753720418,1,2026-07-15,True,0.75,1783912500,0.25,-0.0585587274219621,-0.06152866089128171,-0.12651325807140806,-0.12651325807140806,-0.1378767583956067
ETH,ethereum-above-1700-on-july-16-2026,1700.0,1784217660,1783913400,0.5590203996133087,3.5215277777777776,1795.21,1880.9,4.56100582563821,0.0466283789539141,1,2026-07-16,True,0.84,1783914300,0.16,-0.0526723080488685,-0.05456206746440798,-0.09543044696475805,-0.09543044696475805,-0.11388226538376874
ETH,ethereum-above-1800-on-july-15-2026,1800.0,1784131260,1783930500,0.5145812790307275,2.323611111111111,1786.78,1930.76,9.524203159670131,0.0774985905496343,1,2026-07-15,True,0.42,1783937700,0.5800000000000001,-0.1581123209828093,-0.1628587985143056,-0.0859527901051878,-0.0859527901051878,-0.11551210193265342
BTC,bitcoin-above-62k-on-july-16-2026,62000.0,1784217660,1783937700,0.3791941077198378,3.2402777777777776,63085.82,64706.18,10.007543218166,0.02536069308886,1,2026-07-16,True,0.7,1783939500,0.3,0.0462017678705896,0.04410001511356035,-0.044735766762998445,-0.044735766762998445,0.05662616229571145
XRP,xrp-above-1pt1-on-july-14-2026,1.1,1784044860,1783957500,0.5720615352314726,1.011111111111111,1.0744,1.1047,9.643431470116449,0.0278114386692016,1,2026-07-14,True,0.18,1783958400,0.82,0.5518022971082076,0.5452616672976813,0.5452616672976813,0.5452616672976813,0.5452616672976813
ETH,ethereum-above-1800-on-july-16-2026,1800.0,1784217660,1783969200,0.4896136426525285,2.875694444444444,1764.9,1880.9,8.200988824085345,0.0636563541382388,1,2026-07-16,True,0.31,1783979100,0.69,0.1679549511302841,0.16409846992639554,0.06261907345407446,0.06261907345407446,-0.05252797790261126
ETH,ethereum-above-1800-on-july-14-2026,1800.0,1784044860,1783972800,0.4431345219675799,0.8340277777777777,1774.92,1874.05,15.016943359144571,0.0543465128676378,1,2026-07-14,True,0.25,1783973700,0.75,-0.0661185055003391,-0.07527804326826922,-0.07527804326826922,-0.07527804326826922,-0.14732586869081288
ETH,ethereum-above-1700-on-july-15-2026,1700.0,1784131260,1783977300,0.5548696571938516,1.7819444444444446,1763.06,1930.76,6.738965217942712,0.0908627720531833,1,2026-07-15,True,0.839,1783979100,0.161,-0.4513210604722597,-0.45499790889671715,-0.27009721520809343,-0.27009721520809343,-0.10656568507628335
BTC,bitcoin-above-62k-on-july-15-2026,62000.0,1784131260,1784001600,0.3786388009613736,1.5006944444444446,62572.89,65400.0,15.363337618991007,0.0441901412503875,1,2026-07-15,True,0.67,1784002500,0.3299999999999999,-0.3489080594606055,-0.35619498514977826,-0.22063872453622344,-0.22063872453622344,-0.17556963849321622
BTC,bitcoin-above-64k-on-july-16-2026,64000.0,1784217660,1784005200,0.3382697348841217,2.459027777777778,62745.23,64706.18,11.031488502504985,0.0307741555333852,1,2026-07-16,True,0.24,1784007900,0.76,0.4205152570591609,0.41655193659874085,0.40407065355878913,0.4063502835633888,0.02470479176865068
BTC,bitcoin-above-62k-on-july-14-2026,62000.0,1784044860,1784007000,0.3730587312589248,0.4381944444444444,62842.01,64783.23,18.025045584536308,0.0304229746963323,1,2026-07-14,True,0.85,1784007900,0.15,-0.3983755057185847,-0.4106619829942781,-0.4106619829942781,-0.4106619829942781,-0.2772213541286122
ETH,ethereum-above-1800-on-july-15-2026,1800.0,1784131260,1784026800,0.4728075925438912,1.2090277777777778,1800.12,1930.76,14.659761035847518,0.0700603784416169,1,2026-07-15,True,0.47,1784031300,0.53,-0.4970684060351471,-0.5060468563852673,-0.10295213263638131,-0.10295213263638131,-0.22451320219064042
BTC,bitcoin-above-64k-on-july-15-2026,64000.0,1784131260,1784034000,0.3683736753960365,1.1256944444444443,63960.0,65400.0,19.484818484609505,0.0222643704973995,1,2026-07-15,True,0.47,1784034900,0.53,0.0961827821840756,0.08680855556249549,0.15215613841988931,0.15215613841988931,0.09186318302153829
BTC,bitcoin-above-64k-on-july-14-2026,64000.0,1784044860,1784034000,0.3787927391523362,0.1256944444444444,63960.0,64783.23,56.51199271285229,0.012788885602639,1,2026-07-14,True,0.38,1784034900,0.62,-0.1027254099818405,-0.14157312092673002,-0.14157312092673002,-0.14157312092673002,-0.14157312092673002
ETH,ethereum-above-1900-on-july-15-2026,1900.0,1784131260,1784089800,0.5342176374740407,0.4798611111111111,1875.43,1930.76,16.32617199421446,0.0290757413254406,1,2026-07-15,True,0.21,1784092500,0.79,0.315304446261567,0.30482779428627654,0.30482779428627654,0.30482779428627654,0.30900708881451616
BTC,bitcoin-above-64k-on-july-16-2026,64000.0,1784217660,1784098800,0.3755468187351385,1.3756944444444446,64814.0,64706.18,14.98288252053783,-0.0016649146859722,1,2026-07-16,True,0.71,1784100600,0.29,0.314945221146641,0.30724450842555945,0.309553397216258,0.309553397216258,0.30724450842555945
SOL,solana-above-80-on-july-16-2026,80.0,1784217660,1784099700,0.5318708509092124,1.3652777777777778,77.96,76.59,8.83174608280204,-0.0177293547178578,0,2026-07-16,True,0.17,1784102400,-0.17,-0.0134188409199514,-0.01866156696399887,-0.07453199057257358,-0.07453199057257358,0.011306035757703146
BTC,bitcoin-above-66k-on-july-16-2026,66000.0,1784217660,1784123100,0.3511060699946222,1.0944444444444443,65280.0,64706.18,17.536244993164853,-0.0088289959361856,0,2026-07-16,True,0.241,1784132100,-0.241,-0.086172564219391,-0.09595202480783557,0.05294299934246705,0.05294299934246705,0.10413363533425166
ETH,ethereum-above-1900-on-july-16-2026,1900.0,1784217660,1784152800,0.4240380134443037,0.7506944444444446,1922.0,1880.9,17.441222390963723,-0.0216159248534789,0,2026-07-16,True,0.722,1784159100,-0.722,-0.3449918474441144,-0.3561310164366278,-0.3561310164366278,-0.3561310164366278,-0.3533594111813349
