asset,slug,K,T_pm,ts,sigma,tte_d,S_bin,S_T,delta,ret_T,label,event,is_test,entry,entry_ts,ev_raw,ev_hedged,fund_sum,fund_pnl,hold_h,ev_hf
BTC,bitcoin-above-110k-on-october-21,110000.0,1761062460,1760751000,0.3923691660662439,3.604861111111111,107283.61,113359.23,8.224600778782618,0.0550859141716834,1,2025-10-21,False,0.27,1760751900.0,0.716203,0.2631433474036201,0.0006721165436797969,0.005527890248581539,86.26666666666667,0.26867123765220163
ETH,ethereum-above-3900-on-october-21,3900.0,1761062460,1760751000,0.7119237823688916,3.604861111111111,3874.83,4080.74,5.593484008619317,0.0517765536438682,1,2025-10-21,False,0.42,1760751900.0,0.5629480000000001,0.2733366751716026,0.00017849230924008648,0.0009983938773959577,86.26666666666667,0.27433506904899857
ETH,ethereum-above-4000-on-october-21,4000.0,1761062460,1760751000,0.6864935351234497,3.604861111111111,3874.83,4080.74,5.160163080139567,0.0517765536438682,1,2025-10-21,False,0.27,1760751900.0,0.716203,0.4490275394700452,0.00017849230924008648,0.0009210494242295487,86.26666666666667,0.44994858889427475
ETH,ethereum-above-3800-on-october-21,3800.0,1761062460,1760751000,0.7417362230291523,3.604861111111111,3874.83,4080.74,5.273575611886794,0.0517765536438682,1,2025-10-21,False,0.58,1760751900.0,0.402948,0.1299004294361479,0.00017849230924008648,0.0009412926889178759,86.26666666666667,0.13084172212506578
BTC,bitcoin-above-108k-on-october-21,108000.0,1761062460,1760751000,0.4084462311623908,3.604861111111111,107283.61,113359.23,9.662848536782851,0.0550859141716834,1,2025-10-21,False,0.4,1760751900.0,0.5831999999999999,0.0509131548488029,0.0006721165436797969,0.006494560360643872,86.26666666666667,0.05740771520944677
ETH,ethereum-above-3800-on-october-23,3800.0,1761235260,1760771700,0.7481385659181004,5.365277777777778,3909.39,3879.04,4.243618292562316,-0.007793651255505,1,2025-10-23,False,0.57,1760772600.0,0.412843,0.4459162810337126,0.0001698949750720156,0.0007209694240300242,128.51666666666668,0.44663725045774266
ETH,ethereum-above-3800-on-october-22,3800.0,1761148860,1760771700,0.7395242093006456,4.365277777777778,3909.39,3841.05,4.700733463720711,-0.0176355848738177,1,2025-10-22,False,0.58,1760772600.0,0.402948,0.4858481839686419,0.0001828619876738419,0.0008595854647009128,104.51666666666667,0.4867077694333428
ETH,ethereum-above-3900-on-october-23,3900.0,1761235260,1760771700,0.7279588766297549,5.365277777777778,3909.39,3879.04,4.519513192729603,-0.007793651255505,0,2025-10-23,False,0.44,1760772600.0,-0.457248,-0.4220244903312112,0.0001698949750720156,0.0007678425812164415,128.51666666666668,-0.4212566477499948
BTC,bitcoin-above-104k-on-october-22,104000.0,1761148860,1760788800,0.4422026506648264,4.167361111111111,107208.6,108407.96,6.969171594885833,0.0111250487443502,1,2025-10-22,False,0.73,1760789700.0,0.256203,0.1786706262991542,0.0005708744071575862,0.0039785217026099395,99.76666666666667,0.18264914800176413
ETH,ethereum-above-3900-on-october-23,3900.0,1761235260,1760858100,0.6926575048677612,4.365277777777778,3886.91,3879.04,5.248832191131553,-0.0020267971578755,0,2025-10-23,False,0.44,1760859000.0,-0.457248,-0.4466096818328489,0.00014712223592731064,0.0007722199279665193,104.51666666666667,-0.4458374619048824
ETH,ethereum-above-3800-on-october-22,3800.0,1761148860,1760858100,0.7029165181951266,3.3652777777777776,3886.91,3841.05,5.648459707380128,-0.0118687307761882,1,2025-10-22,False,0.58,1760859000.0,0.402948,0.4699880475670418,0.00016008924852913692,0.0009042576699015933,80.51666666666667,0.4708923052369434
ETH,ethereum-above-3800-on-october-23,3800.0,1761235260,1760858100,0.7145994000241105,4.365277777777778,3886.91,3879.04,4.947488094923438,-0.0020267971578755,1,2025-10-23,False,0.57,1760859000.0,0.412843,0.422870554809414,0.00014712223592731064,0.0007278855107488867,104.51666666666667,0.42359844032016286
ETH,ethereum-above-3400-on-october-23,3400.0,1761235260,1760895900,0.798267921205869,3.927777777777778,3991.0,3879.04,0.8014825553884459,-0.0284541257258683,1,2025-10-23,False,0.92,1760896800.0,0.0748479999999999,0.097653485398113,0.00014256170262621668,0.00011426071772138786,94.01666666666667,0.09776774611583439
BTC,bitcoin-above-106k-on-october-23,106000.0,1761235260,1760899500,0.4959329535028519,3.886111111111111,109329.18,109915.35,6.593969039157435,0.0053471928961704,1,2025-10-23,False,0.71,1760900400.0,0.275587,0.2403277755962496,0.0004262245706689533,0.002810511622719248,93.01666666666667,0.24313828721896885
ETH,ethereum-above-3800-on-october-23,3800.0,1761235260,1760944500,0.7774102090183914,3.3652777777777776,4073.18,3879.04,3.5880011406122714,-0.0488363208182317,1,2025-10-23,False,0.57,1760945400.0,0.412843,0.5880677747991223,0.0001315388485935244,0.0004719615387883904,80.51666666666667,0.5885397363379107
ETH,ethereum-above-3900-on-october-25,3900.0,1761408060,1761136200,0.6912602426915659,3.146527777777778,3845.12,3934.47,6.020201264352199,0.0229713722733835,1,2025-10-25,False,0.35,1761137100.0,0.634075,0.4957827155958714,9.608695455664467e-05,0.0005784628053096645,75.26666666666667,0.49636117840118105
SOL,solana-above-190-on-october-25,190.0,1761408060,1761136200,0.787883135588016,3.146527777777778,186.13,191.9,5.184843080085148,0.0305290487034124,1,2025-10-25,False,0.31,1761137100.0,0.6750269999999999,0.5167386730885293,0.0011576997393502931,0.006002491482386747,75.26666666666667,0.522741164570916
BTC,bitcoin-above-108k-on-october-26,108000.0,1761494460,1761137100,0.4809890910511474,4.136111111111111,108194.81,113697.72,7.791214749441826,0.0496099492513224,1,2025-10-26,False,0.48,1761138000.0,0.502528,0.1160062316740363,0.0005155600473527207,0.004016839045157443,99.01666666666667,0.12002307071919374
SOL,solana-above-200-on-october-27,200.0,1761580860,1761225300,0.7689651572403184,4.115277777777778,189.65,200.13,3.8466538936619328,0.0537868872546257,1,2025-10-27,False,0.18,1761226200.0,0.809668,0.6027684607140387,0.002102197342828429,0.008086425594036745,98.51666666666667,0.6108548863080754
SOL,solana-above-200-on-october-27,200.0,1761580860,1761311700,0.6745080323064405,3.115277777777778,193.74,200.13,5.529094463300546,0.0324501013912948,1,2025-10-27,False,0.18,1761312600.0,0.809668,0.6302483240638505,0.001789146714599221,0.009892361193722915,74.51666666666667,0.6401406852575734
ETH,ethereum-above-4000-on-october-29,4000.0,1761753660,1761471000,0.619681006862096,3.271527777777778,4003.15,3947.73,6.79920287719836,-0.0139408210296144,0,2025-10-29,False,0.39,1761471900.0,-0.406653,-0.3118665295449384,0.0006505925225534356,0.004423510551229058,78.26666666666667,-0.3074430189937093
ETH,ethereum-above-3800-on-october-30,3800.0,1761840060,1761484500,0.6964185415767087,4.115277777777778,4070.88,3768.19,3.6170641232931096,-0.0772644122280746,0,2025-10-30,False,0.72,1761485400.0,-0.734112,-0.4546416665225017,0.0006188766308101361,0.002238516458047858,98.51666666666667,-0.45240315006445386
ETH,ethereum-above-3700-on-october-30,3700.0,1761840060,1761484500,0.7250330790593379,4.115277777777778,4070.88,3768.19,2.5152888272756826,-0.0772644122280746,1,2025-10-30,False,0.83,1761485400.0,0.160123,0.3544653128232988,0.0006188766308101361,0.0015566534749387527,98.51666666666667,0.35602196629823757
SOL,solana-above-140-on-november-17,140.0,1763398860,1763120700,0.8460934062578493,3.219444444444445,140.76,135.47,5.01848437590529,-0.0383060988607393,0,2025-11-17,False,0.54,1763121600.0,-0.557388,-0.3651494413654961,0.000426659976600444,0.0021411864263934446,77.01666666666667,-0.36300825493910266
XRP,xrp-above-2pt2-on-november-20,2.2,1763658060,1763140500,0.8029824295204508,5.990277777777778,2.3343,2.0078,3.379633054942289,-0.1506724650335678,0,2025-11-20,False,0.65,1763141400.0,-0.665925,-0.156707356702918,-0.00015475278849467772,-0.0005230076393411056,143.51666666666668,-0.1572303643422591
SOL,solana-above-150-on-november-19,150.0,1763571660,1763168400,0.9193702510734844,4.667361111111111,141.11,133.59,3.1274111514209197,-0.0547643200679487,0,2025-11-19,False,0.21,1763169300.0,-0.221613,-0.0503424547195126,0.0008057729235911078,0.0025199832267518672,111.76666666666667,-0.047822471492760726
ETH,ethereum-above-3000-on-november-19,3000.0,1763571660,1763172000,0.8226885617883194,4.625694444444445,3173.54,2956.28,3.680592126226344,-0.0709159628668162,0,2025-11-19,False,0.698,1763172900.0,-0.71275572,-0.4517429854486363,0.00040754678654941843,0.001500013493642638,110.76666666666667,-0.45024297195499363
BTC,bitcoin-above-94k-on-november-19,94000.0,1763571660,1763172000,0.4877052470450595,4.625694444444445,95650.17,90049.9,6.96801773672494,-0.0603335120706246,0,2025-11-19,False,0.595,1763172900.0,-0.61186825,-0.1914632677729789,-0.00019814935103699277,-0.001380708192546302,110.76666666666667,-0.1928439759655252
BTC,bitcoin-above-98k-on-november-18,98000.0,1763485260,1763172000,0.4516530039427809,3.625694444444444,95650.17,93506.28,7.569253942491504,-0.0226688733832805,0,2025-11-18,False,0.24,1763172900.0,-0.252768,-0.081181540771763,-0.00017351100489756618,-0.0013133488578865656,86.76666666666667,-0.08249488962964956
ETH,ethereum-above-2900-on-november-19,2900.0,1763571660,1763174700,0.8740017423098171,4.594444444444445,3188.41,2956.28,2.669844615742435,-0.0755906387378926,1,2025-11-19,False,0.811,1763175600.0,0.1782704699999999,0.3800857298348941,0.00040490976925091227,0.00108104616729606,110.01666666666667,0.3811667760021901
BTC,bitcoin-above-98k-on-november-20,98000.0,1763658060,1763174700,0.4658752844142979,5.594444444444444,96133.99,87859.19,6.4778139876324365,-0.0900075282171702,0,2025-11-20,False,0.3,1763175600.0,-0.3147,0.2683520252774068,-0.00016972478547034112,-0.0010994455893676902,134.01666666666668,0.2672525796880391
ETH,ethereum-above-3100-on-november-18,3100.0,1763485260,1763215200,0.7393636997580317,3.125694444444445,3192.78,3153.09,5.389333814796758,-0.0125090862394334,1,2025-11-18,False,0.62,1763216100.0,0.363508,0.4309236414623877,0.0003032578932381201,0.0016343580186322258,74.76666666666667,0.4325579994810199
ETH,ethereum-above-3000-on-november-19,3000.0,1763571660,1763258400,0.8113755595062312,3.625694444444444,3150.59,2956.28,4.204998681087499,-0.063658015687932,0,2025-11-19,False,0.698,1763259300.0,-0.71275572,-0.4450738479915985,0.0003995945956738506,0.0016802947477782342,86.76666666666667,-0.44339355324382024
ETH,ethereum-above-3200-on-november-20,3200.0,1763658060,1763316900,0.8696215722149783,3.948611111111112,3117.13,2859.12,4.169552733200091,-0.0863988215077481,0,2025-11-20,False,0.37,1763317800.0,-0.386317,-0.0260725576371019,0.0006202651716347139,0.002586228341698345,94.51666666666667,-0.023486329295403553
ETH,ethereum-above-3100-on-november-20,3100.0,1763658060,1763316900,0.8913708816229536,3.948611111111112,3117.13,2859.12,4.302676653569289,-0.0863988215077481,0,2025-11-20,False,0.53,1763317800.0,-0.5474370000000001,-0.1756908078027119,0.0006202651716347139,0.0026688004730148315,94.51666666666667,-0.17302200732969708
BTC,bitcoin-above-94k-on-november-22,94000.0,1763830860,1763505000,0.5010813599790741,3.771527777777778,93246.88,84629.38,7.701689361817355,-0.0969691118712851,0,2025-11-22,False,0.41,1763505900.0,-0.426933,0.319892977323954,-0.00011712513219806937,-0.0009020613846513222,90.26666666666667,0.3189909159393027
SOL,solana-above-130-on-november-26,130.0,1764176460,1763586000,0.9507965413293116,6.834027777777778,133.21,137.14,3.043513677266162,0.0290754714928468,1,2025-11-26,False,0.53,1763586900.0,0.452563,0.3640714048385581,-4.5667215997844714e-05,-0.00013898879649210848,163.76666666666668,0.363932416042066
ETH,ethereum-above-2900-on-november-23,2900.0,1763917260,1763586000,0.8232934925072489,3.8340277777777776,2945.29,2800.67,4.680892164224915,-0.0503486099707363,0,2025-11-23,False,0.53,1763586900.0,-0.5474370000000001,-0.311760586108364,0.0006153255659730877,0.002880272620210687,91.76666666666667,-0.3088803134881533
SOL,solana-above-130-on-november-24,130.0,1764003660,1763586000,0.9746410013667914,4.834027777777778,133.21,133.98,3.510761584125877,0.0057637047167499,1,2025-11-24,False,0.54,1763586900.0,0.4426119999999999,0.4223770068981892,4.262850055797643e-05,0.00014965850214783215,115.76666666666667,0.422526665400337
BTC,bitcoin-above-90k-on-november-23,90000.0,1763917260,1763586900,0.5283081680315956,3.823611111111111,89694.17,86702.95,7.348081080127803,-0.0339178639441552,0,2025-11-23,False,0.45,1763587800.0,-0.467325,-0.2180937856736041,-0.00011266260415351143,-0.0008278539500183453,91.51666666666667,-0.21892163962362246
ETH,ethereum-above-3100-on-november-23,3100.0,1763917260,1763587800,0.7908311247199349,3.813194444444444,2969.82,2800.67,4.192666079337312,-0.0586426706461971,0,2025-11-23,False,0.23,1763588700.0,-0.242397,0.0034721360200606,0.0006026272585116172,0.0025266148652456945,91.26666666666667,0.005998750885306294
ETH,ethereum-above-3000-on-november-24,3000.0,1764003660,1763587800,0.7940322037400284,4.813194444444444,2969.82,2864.84,4.321999452941442,-0.0359888427324858,0,2025-11-24,False,0.38,1763588700.0,-0.396492,-0.2409482413982004,0.0006331036388388905,0.0027362735807169207,115.26666666666667,-0.23821196781748347
SOL,solana-above-130-on-november-23,130.0,1763917260,1763587800,1.0065921877235124,3.813194444444444,134.86,131.73,3.701002944878165,-0.0234828300647002,1,2025-11-23,False,0.6,1763588700.0,0.3832,0.4701100232235292,4.703276736272785e-05,0.00017406841051522542,91.26666666666667,0.4702840916340444
ETH,ethereum-above-3000-on-november-25,3000.0,1764090060,1763587800,0.7906338250024613,5.813194444444444,2969.82,2931.54,3.95282747674262,-0.012973462696645,0,2025-11-25,False,0.39,1763588700.0,-0.406653,-0.3553711401842062,0.000637732341117045,0.002520845920774853,139.26666666666668,-0.35285029426343134
SOL,solana-above-140-on-november-24,140.0,1764003660,1763587800,0.9486849828777776,4.813194444444444,134.86,133.98,3.38338473864414,-0.0065466682263145,0,2025-11-24,False,0.28,1763588700.0,-0.294112,-0.2719621026341208,4.6511074429888416e-05,0.00015736485940402617,115.26666666666667,-0.27180473777471675
ETH,ethereum-above-2900-on-november-25,2900.0,1764090060,1763587800,0.807299190970174,5.813194444444444,2969.82,2931.54,3.8510265585148393,-0.012973462696645,1,2025-11-25,False,0.53,1763588700.0,0.452563,0.5025241494006815,0.000637732341117045,0.0024559241828655855,139.26666666666668,0.504980073583547
BTC,bitcoin-above-90k-on-november-24,90000.0,1764003660,1763587800,0.5240293206509193,4.813194444444444,90118.0,87269.1,6.629323237069758,-0.0321234743859706,0,2025-11-24,False,0.48,1763588700.0,-0.4974719999999999,-0.2845151047976697,-0.00012324863856364755,-0.0008170550635672006,115.26666666666667,-0.28533215986123694
ETH,ethereum-above-3100-on-november-24,3100.0,1764003660,1763587800,0.7863271910141251,4.813194444444444,2969.82,2864.84,3.858887808638776,-0.0359888427324858,0,2025-11-24,False,0.25,1763588700.0,-0.263125,-0.124248093532592,0.0006331036388388905,0.0024430759135202415,115.26666666666667,-0.12180501761907175
BTC,bitcoin-above-86k-on-november-24,86000.0,1764003660,1763587800,0.5758107405945976,4.813194444444444,90118.0,87269.1,4.806480857079716,-0.0321234743859706,1,2025-11-24,False,0.74,1763588700.0,0.246532,0.4009328646990584,-0.00012324863856364755,-0.0005923922219173088,115.26666666666667,0.4003404724771411
BTC,bitcoin-above-92k-on-november-23,92000.0,1763917260,1763587800,0.5106418012033886,3.813194444444444,90118.0,86702.95,6.992090840510271,-0.0386320141032354,0,2025-11-23,False,0.3,1763588700.0,-0.3147,-0.0445814480383041,-0.00011278117441011586,-0.0007885762165749624,91.26666666666667,-0.045370024254879064
ETH,ethereum-above-2900-on-november-24,2900.0,1764003660,1763587800,0.8132091886735656,4.813194444444444,2969.82,2864.84,4.180580817524355,-0.0359888427324858,0,2025-11-24,False,0.54,1763588700.0,-0.557388,-0.4069337344276688,0.0006331036388388905,0.0026467409280347327,115.26666666666667,-0.40428699349963404
ETH,ethereum-above-2800-on-november-24,2800.0,1764003660,1763587800,0.8451713418917988,4.813194444444444,2969.82,2864.84,3.5175775796274107,-0.0359888427324858,1,2025-11-24,False,0.7,1763588700.0,0.2853,0.4118935463125293,0.0006331036388388905,0.0022269911655602107,115.26666666666667,0.41412053747808947
ETH,ethereum-above-2800-on-november-25,2800.0,1764090060,1763587800,0.8344439432870076,5.813194444444444,2969.82,2931.54,3.332318656421661,-0.012973462696645,1,2025-11-25,False,0.68,1763588700.0,0.3047679999999999,0.3479997117824206,0.000637732341117045,0.0021251273781077917,139.26666666666668,0.3501248391605284
ETH,ethereum-above-3000-on-november-23,3000.0,1763917260,1763587800,0.7991948168560415,3.813194444444444,2969.82,2800.67,4.818087546656471,-0.0586426706461971,0,2025-11-23,False,0.37,1763588700.0,-0.386317,-0.1037714788568805,0.0006026272585116172,0.0029035108895105527,91.26666666666667,-0.10086796796736995
ETH,ethereum-above-3100-on-november-25,3100.0,1764090060,1763587800,0.7833664994353803,5.813194444444444,2969.82,2931.54,3.5904284517971035,-0.012973462696645,0,2025-11-25,False,0.26,1763588700.0,-0.273468,-0.2268877104156373,0.000637732341117045,0.0022897323421778143,139.26666666666668,-0.2245979780734595
BTC,bitcoin-above-92k-on-november-25,92000.0,1764090060,1763588700,0.5123148731298603,5.802777777777778,90510.49,87191.19,5.930145291990931,-0.0373624618901049,0,2025-11-25,False,0.33,1763589600.0,-0.345477,-0.1239121725252035,-0.00015624588109518396,-0.0009265607761695801,139.01666666666668,-0.12483873330137309
BTC,bitcoin-above-94k-on-november-25,94000.0,1764090060,1763588700,0.5078367079413089,5.802777777777778,90510.49,87191.19,5.13200570367276,-0.0373624618901049,0,2025-11-25,False,0.22,1763589600.0,-0.232012,-0.0402676324767251,-0.00015624588109518396,-0.00080185475295586,139.01666666666668,-0.041069487229680963
ETH,ethereum-above-3200-on-november-25,3200.0,1764090060,1763588700,0.7831969598187201,5.802777777777778,2992.37,2931.54,3.097836055503081,-0.0205378333474483,0,2025-11-25,False,0.16,1763589600.0,-0.169408,-0.105785159354361,0.0006313831873863093,0.001955921602723767,139.01666666666668,-0.10382923775163723
ETH,ethereum-above-2700-on-november-23,2700.0,1763917260,1763588700,0.9248968442385332,3.8027777777777776,2992.37,2800.67,2.4558589160629376,-0.0662070412970004,1,2025-11-23,False,0.83,1763589600.0,0.160123,0.3227181526753857,0.0005962781047808815,0.0014643749000792382,91.01666666666667,0.32418252757546495
SOL,solana-above-140-on-november-23,140.0,1763917260,1763588700,0.9661881101190988,3.8027777777777776,135.14,131.73,3.722838543648306,-0.0255569048822926,0,2025-11-23,False,0.29,1763589600.0,-0.304413,-0.2092687694478471,4.8974054298683845e-05,0.0001823224969818652,91.01666666666667,-0.20908644695086526
BTC,bitcoin-above-84k-on-november-24,84000.0,1764003660,1763588700,0.6172169388861397,4.802777777777778,90510.49,87269.1,3.3528651644069534,-0.0364693072910929,1,2025-11-24,False,0.84,1763589600.0,0.150592,0.272868669986358,-0.00012336720882025198,-0.0004136336168835411,115.01666666666667,0.27245503636947443
BTC,bitcoin-above-86k-on-november-25,86000.0,1764090060,1763588700,0.5657643386116732,5.802777777777778,90510.49,87191.19,4.435285807705786,-0.0373624618901049,1,2025-11-25,False,0.75,1763589600.0,0.236875,0.4025881969621308,-0.00015624588109518396,-0.0006929951389339552,139.01666666666668,0.4018952018231968
BTC,bitcoin-above-92k-on-november-24,92000.0,1764003660,1763588700,0.5116021459089076,4.802777777777778,90510.49,87269.1,6.484068441594753,-0.0364693072910929,0,2025-11-24,False,0.43,1763589600.0,-0.4471569999999999,-0.2106875155070028,-0.00012336720882025198,-0.0007999214254390258,115.01666666666667,-0.21148743693244182
BTC,bitcoin-above-88k-on-november-25,88000.0,1764090060,1763588700,0.5407176446905686,5.802777777777778,90510.49,87191.19,5.447032248164202,-0.0373624618901049,0,2025-11-25,False,0.63,1763589600.0,-0.646317,-0.4428024652137923,-0.00015624588109518396,-0.0008510763529682965,139.01666666666668,-0.44365354156676057
BTC,bitcoin-above-90k-on-november-25,90000.0,1764090060,1763588700,0.523102276780603,5.802777777777778,90510.49,87191.19,6.040141153146536,-0.0373624618901049,0,2025-11-25,False,0.48,1763589600.0,-0.4974719999999999,-0.2717974563547078,-0.00015624588109518396,-0.0009437471764126609,139.01666666666668,-0.27274120353112047
SOL,solana-above-150-on-november-23,150.0,1763917260,1763594100,0.9773680531693602,3.740277777777778,136.88,131.73,2.507785454034221,-0.0383502563422023,0,2025-11-23,False,0.09,1763595000.0,-0.095733,0.0004412150134586,6.379883915825016e-05,0.00015999380082532862,89.51666666666667,0.0006012088142839287
ETH,ethereum-above-2700-on-november-24,2700.0,1764003660,1763594100,0.8565406596384743,4.740277777777778,3017.55,2864.84,2.255575812544642,-0.0519327416756586,1,2025-11-24,False,0.82,1763595000.0,0.169668,0.2868062360027448,0.0005967268004350109,0.0013459625377583643,113.51666666666667,0.28815219854050317
ETH,ethereum-above-3200-on-november-24,3200.0,1764003660,1763594100,0.7697110112060795,4.740277777777778,3017.55,2864.84,3.5269451360290307,-0.0519327416756586,0,2025-11-24,False,0.16,1763595000.0,-0.169408,0.0137559306536164,0.0005967268004350109,0.002104622686332428,113.51666666666667,0.01586055333994883
ETH,ethereum-above-2600-on-november-24,2600.0,1764003660,1763596800,0.8470216078134499,4.709027777777778,3025.48,2864.84,1.2919071943153737,-0.0545572543958879,1,2025-11-24,False,0.885,1763597700.0,0.1078757499999999,0.1783586594561416,0.0005931444243455312,0.0007662875490800428,112.76666666666667,0.17912494700522164
SOL,solana-above-130-on-november-25,130.0,1764090060,1763601300,1.0048896390506925,5.656944444444444,138.9,136.28,2.8597949894618826,-0.0190426569675323,1,2025-11-25,False,0.66,1763602200.0,0.3242919999999999,0.3787500949817903,5.941134505881712e-05,0.00016990426691639618,135.51666666666668,0.3789199992487067
SOL,solana-above-140-on-november-26,140.0,1764176460,1763601300,0.9431458746768546,6.656944444444444,138.9,137.14,3.1075183640829462,-0.0127519479040798,0,2025-11-26,False,0.42,1763602200.0,-0.437052,-0.3974250877102429,-1.595836043186919e-05,-4.959089810268817e-05,159.51666666666668,-0.39747467860834557
SOL,solana-above-120-on-november-24,120.0,1764003660,1763601300,1.089867755148901,4.656944444444444,138.9,133.98,1.7180899947026016,-0.0360637146801766,1,2025-11-24,False,0.83,1763602200.0,0.160123,0.2220837073638209,7.233735612395195e-05,0.00012428208779980082,111.51666666666667,0.2222079894516207
SOL,solana-above-120-on-november-23,120.0,1763917260,1763601300,1.108641524340795,3.656944444444444,138.9,131.73,1.6201777712029022,-0.0529998765185624,1,2025-11-23,False,0.86,1763602200.0,0.131572,0.2174412218118736,7.285904905679139e-05,0.00011804461171279517,87.51666666666667,0.2175592664235864
BTC,bitcoin-above-96k-on-november-23,96000.0,1763917260,1763603100,0.4615104553935704,3.636111111111112,92568.22,86702.95,6.221892073725456,-0.0654579776199434,0,2025-11-23,False,0.14,1763604000.0,-0.148428,0.2588444721156243,-0.00012136128716002531,-0.0007550968306380805,87.01666666666667,0.2580893752849862
ETH,ethereum-above-3300-on-november-23,3300.0,1763917260,1763604000,0.7511749771059766,3.625694444444444,3047.51,2800.67,2.907870405476596,-0.084466189474901,0,2025-11-23,False,0.07,1763604900.0,-0.074557,0.1710597326374436,0.0005469958117768625,0.0015905929329855849,86.76666666666667,0.17265032557042917
ETH,ethereum-above-3300-on-november-24,3300.0,1764003660,1763604000,0.7541889095795012,4.625694444444445,3047.51,2864.84,2.9070623188545164,-0.0618123615611898,0,2025-11-24,False,0.1,1763604900.0,-0.1063,0.0733923871339463,0.0005774721921041359,0.0016787476498522499,110.76666666666667,0.07507113478379855
ETH,ethereum-above-3300-on-november-25,3300.0,1764090060,1763604000,0.7561215736846023,5.625694444444444,3047.51,2931.54,2.8476297492615146,-0.038796981525349,0,2025-11-25,False,0.12,1763604900.0,-0.127392,-0.0169125612268666,0.0005821008943822903,0.0016576078239147448,134.76666666666668,-0.015254953402951858
SOL,solana-above-160-on-november-24,160.0,1764003660,1763604900,0.9544843138707826,4.615277777777777,143.65,133.98,2.123867729369937,-0.0696892503451772,0,2025-11-24,False,0.085,1763605800.0,-0.09044425,0.0575664998921046,7.417768397730874e-05,0.0001575435892388075,110.51666666666667,0.057724043481343405
SOL,solana-above-140-on-november-25,140.0,1764090060,1763604900,0.962449406621399,5.615277777777778,143.65,136.28,3.301524262204461,-0.0526681926325328,0,2025-11-25,False,0.49,1763605800.0,-0.507493,-0.3336076841772346,6.125167291217391e-05,0.00020222388422015396,134.51666666666668,-0.33340546029301443
XRP,xrp-above-2-on-november-25,2.0,1764090060,1763670600,0.8510237005974992,4.854861111111111,2.0155,2.1948,4.062902461603327,0.0852236226275998,1,2025-11-25,False,0.49,1763671500.0,0.492507,0.1462517338395716,0.00035498302663905437,0.0014422614127592135,116.26666666666667,0.14769399525233082
SOL,solana-above-130-on-november-24,130.0,1764003660,1763672400,0.9045348905811734,3.8340277777777776,133.69,133.98,4.165059757400456,0.0021668480850902,1,2025-11-24,False,0.54,1763673300.0,0.4426119999999999,0.4335869482403901,6.716239953057784e-05,0.0002797354074952611,91.76666666666667,0.4338666836478854
SOL,solana-above-130-on-november-26,130.0,1764176460,1763672400,0.8797652048328677,5.834027777777778,133.69,137.14,3.5185270179140438,0.0254786148611872,1,2025-11-26,False,0.53,1763673300.0,0.452563,0.3629158052318865,-2.11333170252433e-05,-7.435814693146139e-05,139.76666666666668,0.362841447084955
BTC,bitcoin-above-86k-on-november-25,86000.0,1764090060,1763675100,0.5633555189834939,4.802777777777778,87595.92,87191.19,5.980173355697203,-0.0046311278144602,1,2025-11-25,False,0.58,1763676000.0,0.402948,0.4306429471628636,-0.0002014590258130125,-0.0012047598984316924,115.01666666666667,0.4294381872644319
XRP,xrp-above-2pt1-on-november-25,2.1,1764090060,1763675100,0.8276977041698592,4.802777777777778,2.0303,2.1948,3.874137657839696,0.0779073608166245,1,2025-11-25,False,0.29,1763676000.0,0.695587,0.3937631596374099,0.00035081033939885365,0.0013590875466246237,115.01666666666667,0.3951222471840345
ETH,ethereum-above-3100-on-november-24,3100.0,1764003660,1763675100,0.7874292645354892,3.8027777777777776,2888.62,2864.84,3.254261491864202,-0.0082663772453652,0,2025-11-24,False,0.12,1763676000.0,-0.127392,-0.1004910468531854,0.00035285548888782086,0.0011482840296805521,91.01666666666667,-0.09934276282350485
BTC,bitcoin-above-90k-on-november-25,90000.0,1764090060,1763675100,0.5303229914355037,4.802777777777778,87595.92,87191.19,5.85699300634651,-0.0046311278144602,0,2025-11-25,False,0.28,1763676000.0,-0.294112,-0.2669875167792094,-0.0002014590258130125,-0.0011799441052521952,115.01666666666667,-0.2681674608844616
ETH,ethereum-above-2700-on-november-25,2700.0,1764090060,1763676900,0.8630871383558365,4.781944444444445,2897.76,2931.54,3.234782617674458,0.0115898574866469,1,2025-11-25,False,0.82,1763677800.0,0.169668,0.1321773304608702,0.00031924118867043567,0.0010326758479568573,114.51666666666667,0.13321000630882707
ETH,ethereum-above-2800-on-november-26,2800.0,1764176460,1763676900,0.842257104303907,5.781944444444444,2897.76,2949.03,3.6279268497921806,0.0175382779872862,1,2025-11-26,False,0.58,1763677800.0,0.402948,0.339320410390805,0.00032737140757799687,0.0011876795194064743,138.51666666666668,0.3405080899102115
BTC,bitcoin-above-92k-on-november-24,92000.0,1764003660,1763676900,0.5164481695535179,3.781944444444444,87894.12,87269.1,5.085404175314497,-0.0071364599558956,0,2025-11-24,False,0.14,1763677800.0,-0.148428,-0.1121362167433237,-0.00016920909264148826,-0.0008604966262202019,90.51666666666667,-0.11299671336954391
BTC,bitcoin-above-84k-on-november-25,84000.0,1764090060,1763676900,0.5949081970955008,4.781944444444445,87894.12,87191.19,4.79977616216051,-0.0080296145549075,1,2025-11-25,False,0.73,1763677800.0,0.256203,0.2947433525319824,-0.00020208776491642023,-0.0009699760367101309,114.51666666666667,0.2937733764952723
ETH,ethereum-above-3000-on-november-24,3000.0,1764003660,1763676900,0.7837728304346049,3.781944444444444,2897.76,2864.84,4.468034833694023,-0.0114255225491939,0,2025-11-24,False,0.26,1763677800.0,-0.273468,-0.222418367257045,0.0003146124863922812,0.0014056995483157993,90.51666666666667,-0.2210126677087292
BTC,bitcoin-above-90k-on-november-26,90000.0,1764176460,1763676900,0.5367046776893551,5.781944444444444,87894.12,87880.5,5.485515957038089,-0.0001549711787429,0,2025-11-26,False,0.3,1763677800.0,-0.3147,-0.3138499031261244,-0.00019489470570389737,-0.0010690980180809713,138.51666666666668,-0.31491900114420535
BTC,bitcoin-above-88k-on-november-27,88000.0,1764262860,1763676900,0.5466136579597648,6.781944444444444,87894.12,91452.06,5.346621091392021,0.039681992297982,1,2025-11-27,False,0.44,1763677800.0,0.542752,0.3305874230311537,-0.00017768500354005054,-0.0009500143875513001,162.51666666666668,0.32963740864360236
BTC,bitcoin-above-90k-on-november-27,90000.0,1764262860,1763676900,0.5392625185709383,6.781944444444444,87894.12,91452.06,5.088804010165136,0.039681992297982,1,2025-11-27,False,0.32,1763677800.0,0.6647679999999999,0.462834118462687,-0.00017768500354005054,-0.0009042041585608156,162.51666666666668,0.4619299143041262
BTC,bitcoin-above-92k-on-november-26,92000.0,1764176460,1763677800,0.5322194280791654,5.771527777777777,88131.31,87880.5,4.745370002923747,-0.002849924329032,0,2025-11-26,False,0.2,1763678700.0,-0.2112,-0.1976760545784089,-0.0001952090752556021,-0.0009263392900164185,138.26666666666668,-0.19860239386842532
SOL,solana-above-130-on-november-27,130.0,1764262860,1763677800,0.8902081236799397,6.771527777777778,136.06,142.15,3.130811598270836,0.043786873180094,1,2025-11-27,False,0.6,1763678700.0,0.3832,0.2461115495957475,-4.1536249675486886e-05,-0.00013004217223268758,162.26666666666668,0.2459815074235148
BTC,bitcoin-above-84k-on-november-26,84000.0,1764176460,1763677800,0.5855311071547855,5.771527777777777,88131.31,87880.5,4.483974119146264,-0.002849924329032,1,2025-11-26,False,0.72,1763678700.0,0.265888,0.2786669869329048,-0.0001952090752556021,-0.0008753124412685953,138.26666666666668,0.2777916744916362
BTC,bitcoin-above-84k-on-november-27,84000.0,1764262860,1763678700,0.5756628264968958,6.761111111111111,88131.01,91452.06,4.319579325116784,0.0369904431650691,1,2025-11-27,False,0.71,1763679600.0,0.275587,0.11580384647726,-0.00017831374264346,-0.0007702403561068849,162.01666666666668,0.11503360612115311
BTC,bitcoin-above-80k-on-november-26,80000.0,1764176460,1763729100,0.7358384528327856,5.177777777777778,83010.37,87880.5,4.238687903580884,0.0570123973256069,1,2025-11-26,False,0.649,1763730000.0,0.33505407,0.0933963111018027,-8.258255027505414e-05,-0.0003500416568977322,124.01666666666667,0.09304626944490497
BTC,bitcoin-above-80k-on-november-27,80000.0,1764262860,1763730900,0.7280472892403471,6.156944444444444,83820.0,91452.06,3.819587722599445,0.087143258056719,1,2025-11-27,False,0.68,1763731800.0,0.3047679999999999,-0.0280833185807592,-6.592562064746191e-05,-0.00025180869122979396,147.51666666666668,-0.028335127271988995
BTC,bitcoin-above-86k-on-november-27,86000.0,1764262860,1763730900,0.6743138541023078,6.156944444444444,83820.0,91452.06,4.303840701743503,0.087143258056719,1,2025-11-27,False,0.39,1763731800.0,0.593347,0.2182962990929551,-6.592562064746191e-05,-0.0002837333694302485,147.51666666666668,0.21801256572352484
ETH,ethereum-above-2700-on-november-24,2700.0,1764003660,1763732700,1.0139562052639493,3.13611111111111,2759.28,2864.84,4.173336476201537,0.0375427260534372,1,2025-11-24,False,0.54,1763733600.0,0.4426119999999999,0.2859335719451483,0.00016066782702409133,0.0006705209030716794,75.01666666666667,0.28660409284821997
ETH,ethereum-above-2800-on-november-24,2800.0,1764003660,1763732700,0.9727837394664814,3.13611111111111,2759.28,2864.84,4.330024329017286,0.0375427260534372,1,2025-11-24,False,0.37,1763733600.0,0.613683,0.4511220828109853,0.00016066782702409133,0.0006956955999046564,75.01666666666667,0.45181777841089
ETH,ethereum-above-2900-on-november-25,2900.0,1764090060,1763732700,0.9367530837419084,4.136111111111111,2759.28,2931.54,3.441633173387265,0.0605581060892781,1,2025-11-25,False,0.26,1763733600.0,0.726532,0.518113213165635,0.0001652965293022458,0.0005688900186923893,99.01666666666667,0.5186821031843274
ETH,ethereum-above-2700-on-november-26,2700.0,1764176460,1763732700,0.9781110591117712,5.136111111111111,2759.28,2949.03,3.4097944925060086,0.0665065265899174,1,2025-11-26,False,0.53,1763733600.0,0.452563,0.2257894119179949,0.000173426748209807,0.0005913495708990262,123.01666666666667,0.2263807614888939
ETH,ethereum-above-2700-on-november-27,2700.0,1764262860,1763732700,0.9672407536103644,6.136111111111111,2759.28,3019.61,3.1617340794280344,0.0901579078433051,1,2025-11-27,False,0.53,1763733600.0,0.452563,0.16750767024189,0.00016332695960931962,0.000516396414286152,147.01666666666668,0.16802406665617617
ETH,ethereum-above-2600-on-november-24,2600.0,1764003660,1763732700,1.0717439208794366,3.13611111111111,2759.28,2864.84,3.454296498532521,0.0375427260534372,1,2025-11-24,False,0.784,1763733600.0,0.2041459199999999,0.0744622128482458,0.00016066782702409133,0.0005549943123161474,75.01666666666667,0.07501720716056196
ETH,ethereum-above-2600-on-november-26,2600.0,1764176460,1763732700,1.018385102267367,5.136111111111111,2759.28,2949.03,3.0084499075491604,0.0665065265899174,1,2025-11-26,False,0.67,1763733600.0,0.3145229999999999,0.1144414462291469,0.000173426748209807,0.0005217456846183454,123.01666666666667,0.11496319191376525
ETH,ethereum-above-2500-on-november-26,2500.0,1764176460,1763732700,1.071300226870016,5.136111111111111,2759.28,2949.03,2.43471952636962,0.0665065265899174,1,2025-11-26,False,0.762,1763733600.0,0.22530508,0.0633803410805075,0.000173426748209807,0.0004222454902612047,123.01666666666667,0.0638025865707687
BTC,bitcoin-above-86k-on-november-24,86000.0,1764003660,1763736300,0.6896002154022328,3.094444444444445,84916.47,87269.1,6.116977525561272,0.0273283808637987,1,2025-11-24,False,0.42,1763737200.0,0.5629480000000001,0.3957809084461645,-5.817678276071915e-05,-0.0003558660726567795,74.01666666666667,0.39542504237350773
BTC,bitcoin-above-86k-on-november-26,86000.0,1764176460,1763736300,0.6591270541741363,5.094444444444445,84916.47,87880.5,5.019951055826947,0.0343098696409514,1,2025-11-26,False,0.4,1763737200.0,0.5831999999999999,0.4109661336706208,-8.386239582312827e-05,-0.0004209851224564901,122.01666666666667,0.4105451485481643
ETH,ethereum-above-2800-on-november-27,2800.0,1764262860,1763744400,0.8948773727645214,6.000694444444445,2762.8,3019.61,3.424701679840872,0.0888830257420817,1,2025-11-27,False,0.4,1763745300.0,0.5831999999999999,0.278802152431753,0.00015946042146205725,0.0005461043732492409,143.76666666666668,0.27934825680500225
BTC,bitcoin-above-88k-on-november-25,88000.0,1764090060,1763744400,0.6331395655563684,4.000694444444445,84919.59,87191.19,5.114066466340076,0.0263984849508356,0,2025-11-25,False,0.2,1763745300.0,-0.2112,-0.3462036066492516,-9.16308661498208e-05,-0.00046860633985849453,95.76666666666667,-0.3466722129891101
ETH,ethereum-above-2600-on-november-27,2600.0,1764262860,1763744400,0.9594095131243402,6.000694444444445,2762.8,3019.61,2.9538585612266006,0.0888830257420817,1,2025-11-27,False,0.67,1763745300.0,0.3145229999999999,0.0519751134640273,0.00015946042146205725,0.0004710235311124998,143.76666666666668,0.0524461369951398
BTC,bitcoin-above-78k-on-november-27,78000.0,1764262860,1763745300,0.7429183372253717,5.990277777777778,85128.68,91452.06,2.867724547898809,0.0716509064750625,1,2025-11-27,False,0.81,1763746200.0,0.1792269999999999,-0.0262480633777385,-6.730074260355781e-05,-0.00019299999165604194,143.51666666666668,-0.02644106336939454
BTC,bitcoin-above-82k-on-november-26,82000.0,1764176460,1763761500,0.6437586781801216,4.802777777777778,85260.26,87880.5,4.7887679292115966,0.0302694762488444,1,2025-11-26,False,0.689,1763762400.0,0.29600047,0.1510469729055016,-8.619924440106917e-05,-0.0004127881771101123,115.01666666666667,0.1506341847283915
BTC,bitcoin-above-86k-on-november-25,86000.0,1764090060,1763761500,0.5929027661460087,3.8027777777777776,85260.26,87191.19,6.494161201472163,0.0223948328726798,1,2025-11-25,False,0.33,1763762400.0,0.654523,0.509087345244789,-9.339230361359203e-05,-0.0006065046746434979,91.01666666666667,0.5084808405701455
ETH,ethereum-above-2700-on-november-25,2700.0,1764090060,1763763300,0.8927316834124237,3.781944444444444,2766.11,2931.54,4.28444881001023,0.0580858811499753,1,2025-11-25,False,0.54,1763764200.0,0.4426119999999999,0.1937460156285925,0.00014578727883709976,0.0006246181333282416,90.51666666666667,0.19437063376192074
BTC,bitcoin-above-84k-on-november-25,84000.0,1764090060,1763767800,0.5958046403989807,3.729861111111111,85032.63,87191.19,6.525684235137881,0.025068228521476,1,2025-11-25,False,0.56,1763768700.0,0.4227519999999999,0.2591646563345698,-9.339230361359203e-05,-0.0006094486833744281,89.26666666666667,0.2585552076511954
ETH,ethereum-above-2800-on-november-25,2800.0,1764090060,1763768700,0.8295034246609179,3.719444444444445,2764.99,2931.54,4.677172931312058,0.0584908638895056,1,2025-11-25,False,0.4,1763769600.0,0.5831999999999999,0.309628114686946,0.000141830376509694,0.0006633651978489384,89.01666666666667,0.31029147988479494
BTC,bitcoin-above-84k-on-november-26,84000.0,1764176460,1763768700,0.5970364196317737,4.719444444444444,85252.93,87880.5,5.777595751271791,0.0303554520024448,1,2025-11-26,False,0.56,1763769600.0,0.4227519999999999,0.2473704694827399,-8.619924440106917e-05,-0.000498024388214456,113.01666666666667,0.24687244509452547
BTC,bitcoin-above-88k-on-november-27,88000.0,1764262860,1763770500,0.5635824460162621,5.698611111111111,85515.71,91452.06,5.138275936213913,0.067114798799492,1,2025-11-27,False,0.29,1763771400.0,0.695587,0.3507326443647316,-6.898954223722234e-05,-0.0003544873047279329,136.51666666666668,0.3503781570600037
ETH,ethereum-above-2800-on-november-26,2800.0,1764176460,1763770500,0.8332389396482075,4.698611111111111,2777.49,2949.03,4.182936325394555,0.0599286605562442,1,2025-11-26,False,0.47,1763771400.0,0.512563,0.261885228827046,0.00014966823119351175,0.0006260526810168908,112.51666666666667,0.2625112815080629
BTC,bitcoin-above-84k-on-november-27,84000.0,1764262860,1763770500,0.5960924070568827,5.698611111111111,85515.71,91452.06,5.247134735316745,0.067114798799492,1,2025-11-27,False,0.56,1763771400.0,0.4227519999999999,0.0705916079653907,-6.898954223722234e-05,-0.00036199742344653106,136.51666666666668,0.07022961054194417
ETH,ethereum-above-2900-on-november-26,2900.0,1764176460,1763770500,0.8172744217639711,4.698611111111111,2777.49,2949.03,3.774101003523478,0.0599286605562442,1,2025-11-26,False,0.26,1763771400.0,0.726532,0.5003551820548606,0.00014966823119351175,0.0005648630215430166,112.51666666666667,0.5009200450764036
ETH,ethereum-above-2400-on-november-27,2400.0,1764262860,1763780400,0.7015900932584125,5.584027777777778,2752.84,3019.61,1.4104440089114056,0.0924945779195061,1,2025-11-27,False,0.87,1763781300.0,0.122083,-0.0083754232833566,0.00013858645891477598,0.00019546844069259244,133.76666666666668,-0.008179954842664008
BTC,bitcoin-above-88k-on-november-27,88000.0,1764262860,1763961300,0.5673734283538786,3.4902777777777776,87575.93,91452.06,7.143241679404574,0.0433087120574535,1,2025-11-27,False,0.48,1763962200.0,0.502528,0.1931634029498661,-1.4465130127816472e-05,-0.00010332792042702944,83.51666666666667,0.19306007502943906
ETH,ethereum-above-2800-on-november-27,2800.0,1764262860,1763961300,0.8620541735303746,3.4902777777777776,2879.61,3019.61,4.537077474281008,0.0474728156632392,1,2025-11-27,False,0.59,1763962200.0,0.393067,0.1776791574136227,8.988974621742824e-06,4.078367427319302e-05,83.51666666666667,0.17771994108789588
ETH,ethereum-above-2900-on-november-27,2900.0,1764262860,1763961300,0.8342430915980399,3.4902777777777776,2879.61,3019.61,4.850829400238986,0.0474728156632392,1,2025-11-27,False,0.4,1763962200.0,0.5831999999999999,0.3529174700686333,8.988974621742824e-06,4.360398237315221e-05,83.51666666666667,0.3529610740510064
BTC,bitcoin-above-88k-on-november-30,88000.0,1764522060,1764110700,0.4633439686129388,4.761111111111111,87339.6,91748.01,7.432092218379283,0.0492418290823055,1,2025-11-30,False,0.41,1764111600.0,0.5730670000000001,0.207097185258634,0.00015063963448882708,0.0011195676552639112,114.01666666666667,0.2082167529138979
ETH,ethereum-above-3000-on-november-30,3000.0,1764522060,1764111600,0.6895688226779807,4.750694444444445,2970.42,3039.99,5.002276106405732,0.0231508689810504,1,2025-11-30,False,0.37,1764112500.0,0.613683,0.4978759612535616,-9.322271544757186e-05,-0.00046632576205764926,113.76666666666667,0.49740963549150397
BTC,bitcoin-above-90k-on-november-29,90000.0,1764435660,1764111600,0.446721243286746,3.750694444444445,87642.41,91009.1,7.319396606639141,0.0376944883090357,1,2025-11-29,False,0.23,1764112500.0,0.757603,0.4817020901818453,0.00011530462194122085,0.0008439602585663809,89.76666666666667,0.48254605044041166
ETH,ethereum-above-2900-on-november-30,2900.0,1764522060,1764111600,0.7089916313318855,4.750694444444445,2970.42,3039.99,4.772939022971805,0.0231508689810504,1,2025-11-30,False,0.55,1764112500.0,0.432675,0.3221773140246367,-9.322271544757186e-05,-0.0004449463363871122,113.76666666666667,0.3217323676882496
BTC,bitcoin-above-88k-on-december-1,88000.0,1764608460,1764111600,0.4714299115619142,5.750694444444444,87642.41,84618.21,6.709293279684951,-0.0351155215315954,0,2025-12-01,False,0.43,1764112500.0,-0.4471569999999999,-0.2115566673754343,0.00015640631175724805,0.0010493758163732138,137.76666666666668,-0.2105072915590611
BTC,bitcoin-above-86k-on-november-29,86000.0,1764435660,1764111600,0.4748293909032441,3.750694444444445,87642.41,91009.1,7.742880194971829,0.0376944883090357,1,2025-11-29,False,0.62,1764112500.0,0.363508,0.0716440930123702,0.00011530462194122085,0.0008927898736173931,89.76666666666667,0.07253688288598759
BTC,bitcoin-above-86k-on-november-30,86000.0,1764522060,1764112500,0.4826381101938962,4.740277777777778,87828.4,91748.01,6.810339811025199,0.0436608865732036,1,2025-11-30,False,0.62,1764113400.0,0.363508,0.0661625259858557,0.00015063174706456475,0.0010258533838380835,113.51666666666667,0.06718837936969378
BTC,bitcoin-above-88k-on-december-2,88000.0,1764694860,1764112500,0.4763212550799353,6.740277777777778,87828.4,90913.0,6.151327911427689,0.0345180945063319,1,2025-12-02,False,0.45,1764113400.0,0.532675,0.3203428818139016,0.00016657643785402895,0.0010246662915576882,161.51666666666668,0.32136754810545926
BTC,bitcoin-above-90k-on-november-30,90000.0,1764522060,1764112500,0.4574748859995353,4.740277777777778,87828.4,91748.01,6.771335492132494,0.0436608865732036,1,2025-11-30,False,0.27,1764113400.0,0.716203,0.4205604891288952,0.00015063174706456475,0.001019978095140212,113.51666666666667,0.4215804672240354
BTC,bitcoin-above-84k-on-december-2,84000.0,1764694860,1764121500,0.5117915561388566,6.636111111111112,88079.2,90913.0,4.672100365951168,0.0316665955382503,1,2025-12-02,False,0.74,1764122400.0,0.246532,0.0985824873973127,0.0001662106517403561,0.0007765528468210999,159.01666666666668,0.0993590402441338
BTC,bitcoin-above-84k-on-december-1,84000.0,1764608460,1764121500,0.5119858077990934,5.636111111111111,88079.2,84618.21,4.86130257302099,-0.0400869180444903,1,2025-12-01,False,0.76,1764122400.0,0.227232,0.4221066378341626,0.00015603658193144403,0.0007585410372287294,135.01666666666668,0.4228651788713913
BTC,bitcoin-above-90k-on-december-1,90000.0,1764608460,1764121500,0.4570884546747981,5.636111111111111,88079.2,84618.21,6.462212131173659,-0.0400869180444903,0,2025-12-01,False,0.29,1764122400.0,-0.304413,-0.04536283191153,0.00015603658193144403,0.0010083414926642502,135.01666666666668,-0.044354490418865744
BTC,bitcoin-above-88k-on-november-29,88000.0,1764435660,1764173700,0.3999745863117171,3.031944444444444,87564.07,91009.1,10.813920111287675,0.0385887475307347,1,2025-11-29,False,0.41,1764174600.0,0.5730670000000001,0.155771367007985,0.00011199740122162447,0.0012111309494824798,72.51666666666667,0.15698249795746747
BTC,bitcoin-above-86k-on-december-2,86000.0,1764694860,1764176400,0.4505635947963717,6.000694444444445,87820.01,90913.0,6.531776008576495,0.03461362625645,1,2025-12-02,False,0.62,1764177300.0,0.363508,0.1374195464482861,0.00015929960010486674,0.0010405093061407983,143.76666666666668,0.1384600557544269
BTC,bitcoin-above-86k-on-december-1,86000.0,1764608460,1764176400,0.439115280551825,5.000694444444444,87820.01,84618.21,7.216346355643642,-0.0371398873262907,0,2025-12-01,False,0.63,1764177300.0,-0.646317,-0.3783027094439065,0.00014912553029595467,0.0010761414770846381,119.76666666666667,-0.37722656796682186
ETH,ethereum-above-3000-on-december-2,3000.0,1764694860,1764178200,0.6561338138040035,5.97986111111111,2975.85,3005.59,4.705104304673453,0.0099441756746293,1,2025-12-02,False,0.41,1764179100.0,0.5730670000000001,0.5262786162268724,-0.00011127664004464011,-0.0005235681980836345,143.26666666666668,0.5257550480287888
ETH,ethereum-above-3100-on-november-30,3100.0,1764522060,1764178200,0.5914642975272425,3.979861111111111,2975.85,3039.99,5.0817252208188375,0.0213245134642821,0,2025-11-30,False,0.35,1764179100.0,-0.365925,-0.4742903178931333,-0.00010291378340224807,-0.0005229795686850911,95.26666666666667,-0.4748132974618184
BTC,bitcoin-above-92k-on-december-2,92000.0,1764694860,1764178200,0.4188968468387898,5.97986111111111,88663.14,90913.0,5.758779469182572,0.0250587603728177,0,2025-12-02,False,0.17,1764179100.0,-0.179877,-0.3241848747581488,0.0001542748993382647,0.0008884351229194068,143.26666666666668,-0.32329643963522936
ETH,ethereum-above-2800-on-december-1,2800.0,1764608460,1764178200,0.6833439585089753,4.979861111111111,2975.85,2735.22,3.848000752324865,-0.084317841078977,0,2025-12-01,False,0.88,1764179100.0,-0.887392,-0.562936884093688,-9.068323294596226e-05,-0.0003489491485993137,119.26666666666667,-0.5632858332422873
ETH,ethereum-above-2900-on-december-2,2900.0,1764694860,1764178200,0.6719365474181124,5.97986111111111,2975.85,3005.59,4.487642413842479,0.0099441756746293,1,2025-12-02,False,0.55,1764179100.0,0.432675,0.3880490954718326,-0.00011127664004464011,-0.0004993697695342094,143.26666666666668,0.3875497257022984
BTC,bitcoin-above-92k-on-december-1,92000.0,1764608460,1764179100,0.3959761694833273,4.969444444444444,89512.99,84618.21,7.141237271142249,-0.0562342627373199,0,2025-12-01,False,0.17,1764180000.0,-0.179877,0.2217052129749551,0.00014158847914605248,0.001011116924442137,119.01666666666667,0.22271632989939724
BTC,bitcoin-above-94k-on-december-2,94000.0,1764694860,1764179100,0.411630326289721,5.969444444444445,89512.99,90913.0,4.801194879373567,0.0155192508454208,0,2025-12-02,False,0.21,1764180000.0,-0.221613,-0.2961239476907486,0.00015176254895496455,0.000728641572923256,143.01666666666668,-0.2953953061178254
ETH,ethereum-above-3200-on-november-30,3200.0,1764522060,1764179100,0.5994294657779894,3.969444444444445,3014.2,3039.99,3.916722474744693,0.0085197709355967,0,2025-11-30,False,0.1,1764180000.0,-0.1063,-0.1396695783031284,-0.00010405413746166761,-0.00040755117878628724,95.01666666666667,-0.1400771294819147
BTC,bitcoin-above-94k-on-november-30,94000.0,1764522060,1764179100,0.3688288914470359,3.969444444444445,89512.99,91748.01,4.508424474452801,0.0246620429122926,0,2025-11-30,False,0.039,1764180000.0,-0.04162353,-0.1528104878557852,0.00013581785816550035,0.000612324555821101,95.01666666666667,-0.15219816329996408
ETH,ethereum-above-3200-on-december-2,3200.0,1764694860,1764179100,0.6511431252328028,5.969444444444445,3014.2,3005.59,3.5892250572594357,-0.0028605668540559,0,2025-12-02,False,0.15,1764180000.0,-0.1589249999999999,-0.1486577817694567,-0.00011241699410405965,-0.00040348989210007717,143.01666666666668,-0.14906127166155678
ETH,ethereum-above-3200-on-december-1,3200.0,1764608460,1764180000,0.6342790453026829,4.959027777777778,3026.89,2735.22,3.952082767564972,-0.1013238183733301,0,2025-12-01,False,0.15,1764180900.0,-0.1589249999999999,0.2415151165371212,-9.212163497239988e-05,-0.0003640723260943322,118.76666666666667,0.24115104421102687
ETH,ethereum-above-3300-on-december-2,3300.0,1764694860,1764180000,0.6611772381296431,5.959027777777778,3026.89,3005.59,2.6788603685967027,-0.0070618016197238,0,2025-12-02,False,0.09,1764180900.0,-0.095733,-0.0768154195100298,-0.00011271504207107774,-0.00030194785914892014,142.76666666666668,-0.07711736736917872
BTC,bitcoin-above-90k-on-december-2,90000.0,1764694860,1764181800,0.4268714203446445,5.938194444444445,90349.26,90913.0,7.320040717446342,0.0062201786253771,1,2025-12-02,False,0.5,1764182700.0,0.4825,0.43696803919245,0.00015172731902892214,0.0011106501532406813,142.26666666666668,0.43807868934569066
BTC,bitcoin-above-92k-on-november-30,92000.0,1764522060,1764181800,0.3749584543908997,3.938194444444444,90349.26,91748.01,9.109288468493473,0.0153629706922488,0,2025-11-30,False,0.26,1764182700.0,-0.273468,-0.4134137317687054,0.00013578262823945794,0.0012368831296434304,94.26666666666667,-0.41217684863906195
BTC,bitcoin-above-88k-on-november-30,88000.0,1764522060,1764197100,0.4048581232747799,3.761111111111111,90241.84,91748.01,8.149005602165918,0.0165526197133686,1,2025-11-30,False,0.42,1764198000.0,0.5629480000000001,0.4280606092252368,0.0001347219214607176,0.0010978496927179446,90.01666666666667,0.42915845891795473
ETH,ethereum-above-3000-on-november-30,3000.0,1764522060,1764198000,0.6050366120649541,3.750694444444445,3027.88,3039.99,6.457789122952376,0.0039915212680175,1,2025-11-30,False,0.36,1764198900.0,0.623872,0.598095597371363,-0.00010527666895248375,-0.0006798545276620078,89.76666666666667,0.5974157428437009
ETH,ethereum-above-2900-on-november-30,2900.0,1764522060,1764198000,0.6314993355416453,3.750694444444445,3027.88,3039.99,5.071124953771423,0.0039915212680175,1,2025-11-30,False,0.57,1764198900.0,0.412843,0.3926014968942467,-0.00010527666895248375,-0.0005338711429748736,89.76666666666667,0.39206762575127185
BTC,bitcoin-above-88k-on-december-1,88000.0,1764608460,1764198000,0.4267566819941727,4.750694444444445,90386.57,84618.21,7.138145186973981,-0.065946202738257,0,2025-12-01,False,0.44,1764198900.0,-0.457248,0.0134855696752996,0.00014048983529903712,0.0010028368416585892,113.76666666666667,0.01448840651695819
BTC,bitcoin-above-90k-on-november-30,90000.0,1764522060,1764198900,0.3817824464840633,3.740277777777778,90512.61,91748.01,10.23885164726548,0.0135566193102101,1,2025-11-30,False,0.5,1764199800.0,0.4825,0.3436957860443037,0.0001347165071762524,0.0013793423314154237,89.51666666666667,0.3450751283757191
BTC,bitcoin-above-82k-on-november-30,82000.0,1764522060,1764200700,0.5410561438197359,3.719444444444445,90417.22,91748.01,1.5473533600331808,0.0146110613426628,1,2025-11-30,False,0.93,1764201600.0,0.0654429999999999,0.0428345251377796,0.00013471109289178544,0.00020844566221984615,89.01666666666667,0.04304297079999944
BTC,bitcoin-above-88k-on-december-2,88000.0,1764694860,1764206100,0.4424164156010096,5.656944444444444,90688.06,90913.0,6.331365032727856,0.0024772995822634,1,2025-12-02,False,0.68,1764207000.0,0.3047679999999999,0.2890833120492657,0.0001503785652674141,0.0009521015898058893,135.51666666666668,0.2900354136390716
BTC,bitcoin-above-94k-on-december-1,94000.0,1764608460,1764206100,0.3991542599958484,4.656944444444444,90688.06,84618.21,6.331820020762225,-0.0692762140004774,0,2025-12-01,False,0.16,1764207000.0,-0.169408,0.2692365187708311,0.00014020449545850203,0.0008877496313450097,111.51666666666667,0.2701242684021761
BTC,bitcoin-above-90k-on-december-1,90000.0,1764608460,1764207900,0.4120309008917844,4.636111111111111,90706.52,84618.21,8.501064255338479,-0.0694797481971852,0,2025-12-01,False,0.66,1764208800.0,-0.675708,-0.0850561961309904,0.00014007180996517508,0.001190759456875514,111.01666666666667,-0.08386543667411489
BTC,bitcoin-above-96k-on-december-1,96000.0,1764608460,1764210600,0.4104768573115159,4.604861111111111,91480.0,84618.21,4.886190967443714,-0.0779708774780282,0,2025-12-01,False,0.08,1764211500.0,-0.085152,0.2958285972568021,0.00013712849229719284,0.0006700360004417185,110.26666666666667,0.29649863325724385
BTC,bitcoin-above-98k-on-december-2,98000.0,1764694860,1764210600,0.4222131087176846,5.604861111111111,91480.0,90913.0,3.09842971704998,-0.0062173638952874,0,2025-12-02,False,0.124,1764211500.0,-0.13160368,-0.1123396149451278,0.00014730256210610491,0.00045640663582715576,134.26666666666668,-0.11188320830930064
ETH,ethereum-above-3300-on-november-30,3300.0,1764522060,1764210600,0.6124362452284948,3.604861111111111,3067.47,3039.99,3.072628662328256,-0.0089988916649694,0,2025-11-30,False,0.059,1764211500.0,-0.0628863299999999,-0.035236077541028,-0.00010559657776334271,-0.00032445907147942137,86.26666666666667,-0.03556053661250742
SOL,solana-above-140-on-december-1,140.0,1764608460,1764214200,0.7796100964217664,4.563194444444444,143.1,123.69,4.478991580499671,-0.1457652511754868,0,2025-12-01,False,0.39,1764215100.0,-0.406653,0.2462283327444251,-0.0006369420429670897,-0.0028528580477158545,109.26666666666667,0.24337547469670925
SOL,solana-above-150-on-december-1,150.0,1764608460,1764214200,0.7584176215164798,4.563194444444444,143.1,123.69,3.934887504949988,-0.1457652511754868,0,2025-12-01,False,0.15,1764215100.0,-0.1589249999999999,0.4146448655063195,-0.0006369420429670897,-0.0025062952862485196,109.26666666666667,0.412138570220071
SOL,solana-above-140-on-november-30,140.0,1764522060,1764214200,0.7846149136386614,3.563194444444445,143.1,139.24,4.995492993355426,-0.027344623619167,0,2025-11-30,False,0.38,1764215100.0,-0.396492,-0.2598921243045099,-0.0006367072374308851,-0.0031806665434046763,85.26666666666667,-0.2630727908479146
SOL,solana-above-130-on-november-30,130.0,1764522060,1764214200,0.8880322636022395,3.563194444444445,143.1,139.24,2.619006053474256,-0.027344623619167,1,2025-11-30,False,0.78,1764215100.0,0.2079879999999999,0.2796037347885735,-0.0006367072374308851,-0.0016675401091223584,85.26666666666667,0.27793619467945113
ETH,ethereum-above-3000-on-december-2,3000.0,1764694860,1764264600,0.5998984433139308,4.979861111111111,3016.56,3005.59,5.68798947850166,-0.0036432211531717,1,2025-12-02,False,0.41,1764265500.0,0.5730670000000001,0.5937896035870956,-9.742891986698476e-05,-0.0005541746711051907,119.26666666666667,0.5932354289159905
ETH,ethereum-above-3200-on-december-2,3200.0,1764694860,1764270000,0.5959924220038988,4.917361111111111,3037.9,3005.59,4.234253470695985,-0.0106925990900784,0,2025-12-02,False,0.15,1764270900.0,-0.1589249999999999,-0.1136498251920747,-9.58999175005421e-05,-0.00040606455851612905,117.76666666666667,-0.11405588975059083
ETH,ethereum-above-3000-on-december-1,3000.0,1764608460,1764320400,0.506442519909702,3.3340277777777776,3065.24,2735.22,7.545492072846418,-0.1139139983526196,0,2025-12-01,False,0.57,1764321300.0,-0.5871569999999999,0.2723801715559316,-4.949621539973581e-05,-0.00037347330093460534,79.76666666666667,0.27200669825499696
ETH,ethereum-above-2900-on-december-3,2900.0,1764781260,1764320400,0.613761123108552,5.334027777777778,3065.24,3091.38,4.179596732770071,0.0084917234060404,1,2025-12-03,False,0.72,1764321300.0,0.265888,0.2303960205965263,-7.712989085646325e-05,-0.000322371839822586,127.76666666666667,0.23007364875670372
ETH,ethereum-above-3000-on-december-2,3000.0,1764694860,1764351000,0.5642797512106832,3.979861111111111,3017.7,3005.59,6.753868444221447,-0.0040210636768821,1,2025-12-02,False,0.41,1764351900.0,0.5730670000000001,0.6002247350794997,-6.176501182223728e-05,-0.000417152764303173,95.26666666666667,0.5998075823151965
BTC,bitcoin-above-94k-on-december-6,94000.0,1765040460,1764722700,0.4652128123058189,3.6777777777777776,91473.55,89685.64,7.106619543041053,-0.0197391923912054,0,2025-12-06,False,0.288,1764723600.0,-0.30235392,-0.1620749895888122,7.599621546001446e-05,0.0005400761899852974,88.01666666666667,-0.1615349133988269
ETH,ethereum-above-3300-on-december-7,3300.0,1765126860,1764742500,0.6732600048453061,4.448611111111111,3069.57,3036.73,3.219563736402401,-0.0107562080542418,0,2025-12-07,False,0.175,1764743400.0,-0.18510625,-0.1504759526073636,-0.00014963113286788196,-0.00048174696921824214,106.51666666666667,-0.15095769957658184
ETH,ethereum-above-3200-on-december-7,3200.0,1765126860,1764743400,0.6616415273532908,4.438194444444445,3083.66,3036.73,4.715757931099965,-0.015335924602049,0,2025-12-07,False,0.23,1764744300.0,-0.242397,-0.170076491927136,-0.00014963215869036274,-0.0007056290390916866,106.26666666666667,-0.1707821209662277
ETH,ethereum-above-3000-on-december-10,3000.0,1765386060,1764902700,0.6824809875778495,5.594444444444444,3188.71,3347.24,3.7475858708818057,0.0485196793689612,1,2025-12-10,False,0.73,1764903600.0,0.256203,0.0743713351371652,-9.524931868001461e-05,-0.0003569550008963412,134.01666666666668,0.07401438013626886
SOL,solana-above-140-on-december-11,140.0,1765472460,1765164600,0.7378903764053956,3.563194444444445,134.46,131.39,4.597169761698932,-0.02309675738716,0,2025-12-11,False,0.23,1765165500.0,-0.242397,-0.1362172853464515,0.0005049983735185889,0.0023215632524467996,85.26666666666667,-0.1338957220940047
ETH,ethereum-above-3000-on-december-13,3000.0,1765645260,1765310400,0.9024329098234782,3.875694444444445,3357.88,3105.36,2.1753964047589007,-0.0781801717662697,1,2025-12-13,False,0.68,1765311300.0,0.3047679999999999,0.4748408645837764,-1.1015936129969185e-05,-2.3964027852188644e-05,92.76666666666667,0.4748169005559242
SOL,solana-above-130-on-december-18,130.0,1766077260,1765765800,0.7301590568759455,3.604861111111111,132.76,126.6,5.324379686395696,-0.0475104771416979,0,2025-12-18,False,0.56,1765766700.0,-0.5772480000000001,-0.3242841806157763,-5.452045432666891e-05,-0.0002902875995099803,86.26666666666667,-0.3245744682152863
SOL,solana-above-140-on-december-18,140.0,1766077260,1765765800,0.7068698208695803,3.604861111111111,132.76,126.6,4.15342674082611,-0.0475104771416979,0,2025-12-18,False,0.15,1765766700.0,-0.1589249999999999,0.038406286229736,-5.452045432666891e-05,-0.00022644671292237526,86.26666666666667,0.03817983951681363
ETH,ethereum-above-2900-on-december-30,2900.0,1767114060,1766715300,0.5227788993475835,4.615277777777777,2953.42,2984.93,6.523488718773652,0.0106124750925579,1,2025-12-30,False,0.53,1766716200.0,0.452563,0.3833326384554321,0.0006888021402127534,0.004493392991145043,110.51666666666667,0.3878260314465771
BTC,bitcoin-above-86k-on-december-31,86000.0,1767200460,1766715300,0.3770816849381809,5.615277777777778,88195.66,87622.31,7.467929127914152,-0.0065221095707635,1,2025-12-31,False,0.83,1766716200.0,0.160123,0.2088296520389529,0.0014773073963008712,0.011032426935718292,134.51666666666668,0.2198620789746712
ETH,ethereum-above-2900-on-december-31,2900.0,1767200460,1766715300,0.536261473421273,5.615277777777778,2953.42,2974.3,5.82592372005796,0.0070448963031687,1,2025-12-31,False,0.53,1766716200.0,0.452563,0.4115199715220206,0.0009154959116045146,0.005333609347032827,134.51666666666668,0.4168535808690534
ETH,ethereum-above-2800-on-december-30,2800.0,1767114060,1766715300,0.5482165845414945,4.615277777777777,2953.42,2984.93,4.568586752503616,0.0106124750925579,1,2025-12-30,False,0.76,1766716200.0,0.227232,0.1787479868808653,0.0006888021402127534,0.003146852332872123,110.51666666666667,0.18189483921373742
ETH,ethereum-above-3000-on-december-29,3000.0,1767027660,1766715300,0.4789331099480791,3.615277777777778,2953.42,2937.32,7.866561434439192,-0.0054662198937279,0,2025-12-29,False,0.26,1766716200.0,-0.273468,-0.2304676453918353,0.0005935124790973053,0.004668902378925258,86.51666666666667,-0.22579874301291006
ETH,ethereum-above-2900-on-december-29,2900.0,1767027660,1766715300,0.501109773051321,3.615277777777778,2953.42,2937.32,7.547332440388144,-0.0054662198937279,1,2025-12-29,False,0.53,1766716200.0,0.452563,0.493818378730228,0.0005935124790973053,0.004479435987266282,86.51666666666667,0.4982978147174943
ETH,ethereum-above-3100-on-december-30,3100.0,1767114060,1766716200,0.5093407472674332,4.604861111111111,2981.02,2984.93,5.409331607295568,0.0013107721519025,0,2025-12-30,False,0.13,1766717100.0,-0.137917,-0.1450074012312493,0.0006888011519751332,0.003725953842520686,110.26666666666667,-0.1412814473887286
BTC,bitcoin-above-84k-on-december-31,84000.0,1767200460,1766716200,0.4147792101000764,5.604861111111111,89020.13,87622.31,4.221590741356357,-0.015826878050528,1,2025-12-31,False,0.83,1766717100.0,0.160123,0.2269376018426854,0.0014752965884510874,0.00622809841855973,134.26666666666668,0.23316570026124514
ETH,ethereum-above-2900-on-january-1,2900.0,1767286860,1766974500,0.5449727295848626,3.615277777777778,3012.43,2981.17,5.860236607996924,-0.0104312211193639,1,2026-01-01,False,0.67,1766975400.0,0.3145229999999999,0.3756524238698074,0.0006539893609331555,0.0038325323941809917,86.51666666666667,0.37948495626398837
SOL,solana-above-130-on-january-6,130.0,1767718860,1767393900,0.5490244324051179,3.761111111111111,133.01,138.63,6.652407427163933,0.0413842001850799,1,2026-01-06,False,0.59,1767394800.0,0.393067,0.1177624393215351,-1.1864137619202811e-05,-7.89250772148798e-05,90.01666666666667,0.11768351424432022
BTC,bitcoin-above-92k-on-january-8,92000.0,1767891660,1767485700,0.4345366890943848,4.698611111111111,91399.99,90904.38,7.992225417051485,-0.005437184209844,0,2026-01-08,False,0.45,1767486600.0,-0.467325,-0.4238697981608934,0.0010000357444214427,0.007992511094525057,112.51666666666667,-0.41587728706636834
SOL,solana-above-130-on-january-8,130.0,1767891660,1767485700,0.630333942870219,4.698611111111111,134.55,138.45,5.051833066650486,0.0285733724440559,1,2026-01-08,False,0.62,1767486600.0,0.363508,0.2191600922613983,0.0001516103469289213,0.0007659101638618766,112.51666666666667,0.21992600242526017
XRP,xrp-above-2-on-january-8,2.0,1767891660,1767499200,0.6194784002856938,4.542361111111111,2.0581,2.1426,5.371097511928618,0.0402368177500431,1,2026-01-08,False,0.57,1767500100.0,0.412843,0.1967271282948181,0.0002683912081238851,0.0014415553501777151,108.76666666666667,0.1981686836449958
SOL,solana-above-130-on-january-7,130.0,1767805260,1767529800,0.6131435455987712,3.188194444444444,134.76,135.63,5.818858401050623,0.0064351714362714,1,2026-01-07,False,0.67,1767530700.0,0.3145229999999999,0.2770776486258505,1.0111044838218355e-05,5.883473820026641e-05,76.26666666666667,0.2771364833640508
BTC,bitcoin-above-94k-on-january-12,94000.0,1768237260,1767735000,0.4414147243564194,5.813194444444444,93520.42,92149.84,7.110372515822234,-0.0147638603568792,0,2026-01-12,False,0.4,1767735900.0,-0.4168,-0.3118234530910082,0.0009587995755000571,0.006817422149817631,139.26666666666668,-0.30500603094119055
ETH,ethereum-above-3500-on-january-11,3500.0,1768150860,1767743100,0.6002691006036505,4.719444444444444,3291.49,3130.49,3.7786186079846975,-0.0501508079724352,0,2026-01-11,False,0.11,1767744000.0,-0.116853,0.072647776210111,0.00037079826782301147,0.0014011052346045248,113.01666666666667,0.07404888144471553
ETH,ethereum-above-3200-on-january-13,3200.0,1768323660,1767838500,0.5247016355778807,5.615277777777778,3181.37,3182.88,6.084329829280511,0.0004745256796432,0,2026-01-13,False,0.41,1767839400.0,-0.426933,-0.4298201707474132,0.000521229414146643,0.003171331672390825,134.51666666666668,-0.4266488390750224
ETH,ethereum-above-3100-on-january-11,3100.0,1768150860,1767858300,0.5081652794569715,3.386111111111111,3130.37,3130.49,8.027358477406544,3.8333391902929725e-05,1,2026-01-11,False,0.54,1767859200.0,0.4426119999999999,0.4423042841215402,0.0002832884531524917,0.002274057965965041,81.01666666666667,0.44457834208750524
ETH,ethereum-above-3200-on-january-11,3200.0,1768150860,1767861000,0.4972225881005128,3.354861111111111,3133.8,3130.49,7.520499508744773,-0.00105678386794,0,2026-01-11,False,0.27,1767861900.0,-0.283797,-0.2758494574403078,0.0002832884531524917,0.00213047067276638,80.26666666666667,-0.2737189867675414
SOL,solana-above-140-on-january-15,140.0,1768496460,1767909600,0.6327669548871009,6.792361111111111,139.61,143.69,4.608560445139564,0.0288053802405585,1,2026-01-15,False,0.41,1767910500.0,0.5730670000000001,0.4403156640161573,0.003084696766594161,0.014216011503775761,162.76666666666668,0.45453167551993306
ETH,ethereum-above-3200-on-january-12,3200.0,1768237260,1767910500,0.459767961921028,3.781944444444444,3126.44,3130.55,7.445132198490821,0.0013137309125049,0,2026-01-12,False,0.24,1767911400.0,-0.252768,-0.2625489003168433,0.0004927626370759535,0.0036686829755074282,90.51666666666667,-0.25888021734133587
BTC,bitcoin-above-88k-on-january-15,88000.0,1768496460,1767972600,0.4004763508531015,6.063194444444444,91680.59,96820.1,5.754980276642732,0.0545439289821722,1,2026-01-15,False,0.74,1767973500.0,0.246532,-0.0673672355030032,0.0009841478692536685,0.005663751576854832,145.26666666666668,-0.06170348392614838
BTC,bitcoin-above-90k-on-january-15,90000.0,1768496460,1767972600,0.3790187373217105,6.063194444444444,91680.59,96820.1,7.66983488849332,0.0545439289821722,1,2026-01-15,False,0.55,1767973500.0,0.432675,0.0143320705370331,0.0009841478692536685,0.0075482516630381484,145.26666666666668,0.02188032220007125
BTC,bitcoin-above-90k-on-january-13,90000.0,1768323660,1767997800,0.3096532456970486,3.771527777777778,90603.52,93371.06,12.431682936583364,0.0300883827229271,1,2026-01-13,False,0.56,1767998700.0,0.4227519999999999,0.048702765913997,0.0008530843183009815,0.010605273763289163,90.26666666666667,0.059308039677286165
BTC,bitcoin-above-90k-on-january-14,90000.0,1768410060,1768000500,0.3329854025170881,4.740277777777778,90708.05,97283.07,10.329813561488333,0.0699788687908742,1,2026-01-14,False,0.56,1768001400.0,0.4227519999999999,-0.3001166678535851,0.0009574030370710345,0.009889794876146489,113.51666666666667,-0.2902268729774386
ETH,ethereum-above-3100-on-january-15,3100.0,1768496460,1768042800,0.4590741289070095,5.250694444444445,3102.96,3335.31,7.245072335863807,0.0722091339386437,1,2026-01-15,False,0.46,1768043700.0,0.5226120000000001,-0.0005483986955523,0.00037211899989311476,0.002696029071774913,125.76666666666667,0.0021476303762226127
ETH,ethereum-above-3100-on-january-15,3100.0,1768496460,1768129200,0.5058283052952236,4.250694444444444,3107.76,3335.31,7.307167285837285,0.0706634191243569,1,2026-01-15,False,0.46,1768130100.0,0.5226120000000001,0.0062625754690903,0.00028488838089591427,0.0020817270569977765,101.76666666666667,0.008344302526088077
SOL,solana-above-140-on-january-15,140.0,1768496460,1768177800,0.56461672590398,3.688194444444445,140.7,143.69,7.016606860046208,0.0210282371207718,1,2026-01-15,False,0.47,1768178700.0,0.512563,0.3650161271637138,0.0007691541672171301,0.005396852406128843,88.26666666666667,0.37041297956984265
BTC,bitcoin-above-90k-on-january-15,90000.0,1768496460,1768186800,0.4147566536916279,3.584027777777778,92203.56,96820.1,8.260747711402432,0.0488558758246675,1,2026-01-15,False,0.69,1768187700.0,0.295027,-0.1085590644071836,0.0004292330648536808,0.0035457860581482956,85.76666666666667,-0.1050132783490353
BTC,bitcoin-above-92k-on-january-15,92000.0,1768496460,1768231800,0.3953666855158806,3.063194444444445,91320.0,96820.1,10.744262876056377,0.0584847956938737,1,2026-01-15,False,0.37,1768232700.0,0.613683,-0.0146930191874294,0.00030581629709972025,0.003285770687821552,73.26666666666667,-0.011407248499607848
BTC,bitcoin-above-94k-on-january-15,94000.0,1768496460,1768232700,0.3916117996062631,3.0527777777777776,91529.71,96820.1,8.335553232202383,0.0561909983239004,1,2026-01-15,False,0.16,1768233600.0,0.830592,0.362208942300533,0.0003053399514816677,0.002545177419493534,73.01666666666667,0.3647541197200266
XRP,xrp-above-1pt9-on-january-15,1.9,1768496460,1768233600,0.7025690750654985,3.042361111111111,2.0941,2.0934,2.0667980190916238,-0.0003343283613231,1,2026-01-15,False,0.88,1768234500.0,0.112608,0.1132989891949088,0.0005037276263367254,0.0010411032602744695,72.76666666666667,0.11434009245518327
BTC,bitcoin-above-88k-on-january-15,88000.0,1768496460,1768234500,0.4417524364481919,3.031944444444444,91793.7,96820.1,5.840622175860586,0.0533109495349755,1,2026-01-15,False,0.82,1768235400.0,0.169668,-0.1417011140701627,0.00030452827127291394,0.0017786345743730696,72.51666666666667,-0.13992247949578962
ETH,ethereum-above-3200-on-january-15,3200.0,1768496460,1768235400,0.513202790042727,3.0215277777777776,3143.22,3335.31,7.865488978836017,0.0593178763868203,1,2026-01-15,False,0.28,1768236300.0,0.705888,0.2393238970315069,5.18774069473869e-05,0.00040804117259526267,72.26666666666667,0.23973193820410216
ETH,ethereum-above-3100-on-january-18,3100.0,1768755660,1768342500,0.5491820806779869,4.781944444444445,3321.26,3334.02,3.598241864458219,0.0038345541089306,1,2026-01-18,False,0.79,1768343400.0,0.1983869999999999,0.1845893468737154,5.56910043989188e-05,0.00020038970350191648,114.51666666666667,0.1847897365772173
XRP,xrp-above-2pt3-on-january-18,2.3,1768755660,1768342500,0.6083604686828037,4.781944444444445,2.161,2.0512,3.717597071294031,-0.0521460897805349,0,2026-01-18,False,0.12,1768343400.0,-0.127392,0.0664661506475524,0.0005357591257251111,0.001991736556714724,114.51666666666667,0.06845788720426713
ETH,ethereum-above-3300-on-january-18,3300.0,1768755660,1768342500,0.5085663407971336,4.781944444444445,3321.26,3334.02,6.830844379592594,0.0038345541089306,1,2026-01-18,False,0.31,1768343400.0,0.6750269999999999,0.6488337576167674,5.56910043989188e-05,0.00038041658439222093,114.51666666666667,0.6492141742011597
ETH,ethereum-above-3400-on-january-19,3400.0,1768842060,1768342500,0.50376225393932,5.781944444444444,3321.26,3221.91,5.805394745990348,-0.0303698775981624,0,2026-01-19,False,0.19,1768343400.0,-0.200773,-0.0244638721552575,5.6437664190051376e-05,0.0003276429191648919,138.51666666666668,-0.024136229236092606
BTC,bitcoin-above-100k-on-january-19,100000.0,1768842060,1768344300,0.3936304908655644,5.761111111111111,95583.98,93294.63,5.195823060701311,-0.0242426828668611,0,2026-01-19,False,0.119,1768345200.0,-0.1263387299999999,-0.0003780393070941,0.00022928887681889464,0.0011913444337379152,138.01666666666668,0.0008133051266438152
BTC,bitcoin-above-96k-on-january-20,96000.0,1768928460,1768493700,0.3579756109781603,5.031944444444444,96377.92,90148.01,9.466621435268054,-0.0668242546532789,0,2026-01-20,False,0.58,1768494600.0,-0.5970519999999999,0.0355479214965416,0.0001413257237518166,0.0013378771258237185,120.51666666666667,0.03688579862236532
ETH,ethereum-above-3300-on-january-19,3300.0,1768842060,1768519800,0.4325021606204206,3.729861111111111,3312.98,3221.91,9.103741663585492,-0.0278737350711505,0,2026-01-19,False,0.49,1768520700.0,-0.507493,-0.2537377167130231,4.4934879986817736e-06,4.090755390842065e-05,89.26666666666667,-0.2536968091591147
SOL,solana-above-140-on-january-21,140.0,1769014860,1768589100,0.5042774002927839,4.927777777777777,143.75,126.14,6.229044965898419,-0.1306832784419547,0,2026-01-21,False,0.61,1768590000.0,-0.626653,0.1873790177059593,0.0010794852565771448,0.006724162203243427,118.01666666666667,0.19410317990920273
SOL,solana-above-150-on-january-22,150.0,1769101260,1768592700,0.5132396858826257,5.886111111111111,144.14,127.87,4.97461766959175,-0.1197709266732179,0,2026-01-22,False,0.19,1768593600.0,-0.200773,0.3950415681319679,0.0012157167959317948,0.006047726254261775,141.01666666666668,0.40108929438622964
XRP,xrp-above-2pt2-on-january-21,2.2,1769014860,1768596300,0.5367356085190517,4.844444444444444,2.0713,1.8856,3.890529609845792,-0.0939303568395558,0,2026-01-21,False,0.1,1768597200.0,-0.1063,0.2591388345476733,-7.718467502627717e-05,-0.00030028926361605636,116.01666666666667,0.2588385452840572
XRP,xrp-above-2-on-january-20,2.0,1768928460,1768596300,0.5306227779964352,3.844444444444445,2.0713,1.909,6.059717113014073,-0.0815968847357295,0,2026-01-20,False,0.69,1768597200.0,-0.704973,-0.2105189611982627,-3.57039293781905e-06,-2.1635571185486687e-05,92.01666666666667,-0.21054059676944817
BTC,bitcoin-above-96k-on-january-22,96000.0,1769101260,1768597200,0.3211751607812354,5.834027777777778,95553.6,89026.0,9.735710797494232,-0.0707588846851123,0,2026-01-22,False,0.4,1768598100.0,-0.4168,0.2720880376474971,0.0005743500006587035,0.005591705502953759,139.76666666666668,0.27767974315045085
XRP,xrp-above-2-on-january-21,2.0,1769014860,1768597200,0.54436496391152,4.834027777777778,2.0791,1.8856,5.357692682958279,-0.0976890351274214,0,2026-01-21,False,0.69,1768598100.0,-0.704973,-0.1815851712925601,-7.718467502627717e-05,-0.00041353176862479784,115.76666666666667,-0.1819987030611849
XRP,xrp-above-2-on-january-22,2.0,1769101260,1768597200,0.5524177447954767,5.834027777777778,2.0791,1.922,4.988659352795972,-0.0785687972191049,0,2026-01-22,False,0.67,1768598100.0,-0.685477,-0.2935240349149821,-5.050698598511958e-05,-0.0002519621480162019,139.76666666666668,-0.2937759970629983
ETH,ethereum-above-3400-on-january-22,3400.0,1769101260,1768761000,0.4793939600865388,3.938194444444444,3362.23,2942.02,7.76652628968415,-0.1335080240535075,0,2026-01-22,False,0.35,1768761900.0,-0.365925,0.6709685786953503,2.1682669127881006e-05,0.00016839901981221075,94.26666666666667,0.6711369777151626
ETH,ethereum-above-3300-on-january-22,3300.0,1769101260,1768761000,0.4923733237655727,3.938194444444444,3362.23,2942.02,7.362990977113499,-0.1335080240535075,0,2026-01-22,False,0.57,1768761900.0,-0.5871569999999999,0.3958613764782283,2.1682669127881006e-05,0.00015964929714832528,94.26666666666667,0.3960210257753766
BTC,bitcoin-above-90k-on-january-25,90000.0,1769360460,1769004900,0.4000042526283079,4.115277777777778,89578.8,88049.67,9.311656730599962,-0.0172175977774778,0,2026-01-25,False,0.53,1769005800.0,-0.5474370000000001,-0.3871126397705857,0.0007269480505864394,0.00676909070803974,98.51666666666667,-0.38034354906254597
ETH,ethereum-above-3000-on-january-25,3000.0,1769360460,1769004900,0.5447094893330385,4.115277777777778,2974.01,2897.46,6.787449768033767,-0.0260767193749259,0,2026-01-25,False,0.38,1769005800.0,-0.396492,-0.2194975771275769,0.00010099022846170227,0.0006854661027460582,98.51666666666667,-0.21881211102483084
ETH,ethereum-above-2900-on-january-25,2900.0,1769360460,1769005800,0.5791298390382353,4.104861111111111,2975.87,2897.46,6.020564570591389,-0.0267019420888596,0,2026-01-25,False,0.728,1769006700.0,-0.7418611199999999,-0.5811003534938286,0.00010099022846170227,0.0006080181914524548,98.26666666666667,-0.5804923353023761
ETH,ethereum-above-2900-on-january-27,2900.0,1769533260,1769022000,0.5429326719698381,5.917361111111111,2927.4,2986.15,5.741306925378458,0.01987027521491,1,2026-01-27,False,0.52,1769022900.0,0.462528,0.348446651299461,0.00026152139975072364,0.0015014746235234978,141.76666666666668,0.3499481259229845
ETH,ethereum-above-2900-on-january-28,2900.0,1769619660,1769024700,0.5569151489703716,6.886111111111111,3034.01,2999.17,4.477546375041024,-0.0115495931776543,1,2026-01-28,False,0.66,1769025600.0,0.3242919999999999,0.3760058390658045,0.0004570066987421217,0.0020462686873222525,165.01666666666668,0.37805210775312675
BTC,bitcoin-above-86k-on-february-5,86000.0,1770310860,1769784300,0.4181954004126368,6.094444444444444,83650.86,68102.04,6.382607495221253,-0.2056445396585084,0,2026-02-05,False,0.26,1769785200.0,-0.273468,1.0390803801757202,0.00020056326337053974,0.0012801165880548411,146.01666666666668,1.0403604967637752
BTC,bitcoin-above-82k-on-february-3,82000.0,1770138060,1769784300,0.4537890445410064,4.094444444444444,83650.86,76464.84,7.690595865089907,-0.0898206809751466,0,2026-02-03,False,0.606,1769785200.0,-0.62271348,0.0680610777070227,0.00012328813437426263,0.0009481592164333531,98.01666666666667,0.06900923692345605
ETH,ethereum-above-2700-on-february-3,2700.0,1770138060,1769784300,0.5733041087114193,4.094444444444444,2759.5,2241.65,6.224771946562433,-0.207837302049503,0,2026-02-03,False,0.606,1769785200.0,-0.62271348,0.6710263272469696,-7.440812025274069e-05,-0.0004631735795457043,98.01666666666667,0.6705631536674239
BTC,bitcoin-above-84k-on-february-4,84000.0,1770224460,1769784300,0.4283896842066128,5.094444444444445,83650.86,73800.99,7.837091161467807,-0.1252795621618434,0,2026-02-04,False,0.4,1769785200.0,-0.4168,0.5650273493311402,0.00015307744900380608,0.0011996819226077677,122.01666666666667,0.566227031253748
BTC,bitcoin-above-84k-on-february-3,84000.0,1770138060,1769796900,0.3826880143818208,3.948611111111112,82871.83,76464.84,9.395241453369351,-0.0804641700600938,0,2026-02-03,False,0.34,1769797800.0,-0.355708,0.4002723060595546,0.00012071081052835927,0.0011341072109458546,94.51666666666667,0.4014064132705005
BTC,bitcoin-above-78k-on-february-3,78000.0,1770138060,1769878800,0.5855350738919195,3.000694444444444,80365.04,76464.84,6.5085924320737965,-0.0497482284127967,0,2026-02-03,False,0.613,1769879700.0,-0.62960617,-0.3058152270433922,-3.336951566854443e-05,-0.00021718857714225626,71.76666666666667,-0.30603241562053446
BTC,bitcoin-above-70k-on-february-9,70000.0,1770656460,1770227100,0.6641575067852379,4.969444444444444,72769.18,70270.91,4.6270591227391416,-0.0349345987456163,1,2026-02-09,False,0.684,1770228000.0,0.3008699199999999,0.4625143738251352,-0.0003034662446249562,-0.0014041562556352915,119.01666666666667,0.46111021756949994
BTC,bitcoin-above-68k-on-february-8,68000.0,1770570060,1770228000,0.7421941219091877,3.9590277777777776,72576.08,70545.46,3.736015031519704,-0.0283780662529607,1,2026-02-08,False,0.834,1770228900.0,0.15630892,0.2623298020865233,-0.00030600751370312915,-0.0011432486709528622,94.76666666666667,0.2611865534155704
ETH,ethereum-above-1900-on-february-9,1900.0,1770656460,1770291000,1.0510931759304636,4.229861111111111,2069.0,2096.93,2.766370936779274,0.0134089715787126,1,2026-02-09,False,0.818,1770291900.0,0.17157868,0.13448449073255,-0.00012184139675725219,-0.00033705849888585493,101.26666666666667,0.13414743223366415
BTC,bitcoin-above-68k-on-february-9,68000.0,1770656460,1770292800,0.6850002795821676,4.209027777777778,70318.35,70270.91,4.967708466694313,-0.0006748737677482,1,2026-02-09,False,0.659,1770293700.0,0.3252696699999999,0.3286222461299927,-0.00034970879467561937,-0.0017372513401875376,100.76666666666667,0.32688499478980515
ETH,ethereum-above-1900-on-february-8,1900.0,1770570060,1770293700,1.159732229424712,3.198611111111111,2071.63,2085.63,2.78975902341115,0.0067352308606392,1,2026-02-08,False,0.819,1770294600.0,0.17062327,0.1518335989317745,-0.00012487550654921228,-0.00034837257119870314,76.51666666666667,0.1514852263605758
ETH,ethereum-above-2000-on-february-9,2000.0,1770656460,1770293700,0.9474021992253204,4.198611111111111,2071.63,2096.93,3.7584415669036857,0.0121386333192292,1,2026-02-09,False,0.66,1770294600.0,0.3242919999999999,0.2786696559676067,-0.00012179083774469662,-0.00045774374704769013,100.51666666666667,0.27821191222055897
ETH,ethereum-above-2000-on-february-8,2000.0,1770570060,1770295500,1.0200953836766486,3.1777777777777776,2057.9,2085.63,4.060108748589675,0.0133849225171624,1,2026-02-08,False,0.64,1770296400.0,0.3438719999999999,0.2895277589888736,-0.00012487550654921228,-0.0005070081366250241,76.01666666666667,0.2890207508522486
BTC,bitcoin-above-64k-on-february-11,64000.0,1770829260,1770306300,0.8304695023751261,6.052777777777777,67519.99,66080.42,3.3754687220782524,-0.0215512170586981,1,2026-02-11,False,0.695,1770307200.0,0.29016175,0.3629072091043551,-0.00039936865438282634,-0.0013480564014477102,145.01666666666668,0.3615591527029074
BTC,bitcoin-above-66k-on-february-11,66000.0,1770829260,1770306300,0.7826849286043518,6.052777777777777,67519.99,66080.42,3.8976535776931738,-0.0215512170586981,1,2026-02-11,False,0.59,1770307200.0,0.393067,0.4770661782724772,-0.00039936865438282634,-0.0015566006645737318,145.01666666666668,0.47550957760790347
ETH,ethereum-above-1800-on-february-8,1800.0,1770570060,1770306300,1.3332830980082375,3.0527777777777776,1964.83,2085.63,2.6356038068826626,0.0596652402997665,1,2026-02-08,False,0.777,1770307200.0,0.21087103,0.0536170955273663,-0.00012181492306349937,-0.0003210558749612776,73.01666666666667,0.05329603965240502
ETH,ethereum-above-1800-on-february-10,1800.0,1770742860,1770306300,1.1940908131796952,5.052777777777778,1964.83,2023.6,2.43641352170627,0.0294723758518819,1,2026-02-10,False,0.736,1770307200.0,0.25039872,0.1785918249576656,-0.00013356840022370284,-0.0003254278563777044,121.01666666666667,0.1782663971012879
SOL,solana-above-80-on-february-8,80.0,1770570060,1770306300,1.13551067963464,3.0527777777777776,85.45,86.49,3.24178736956665,0.0120973907568206,1,2026-02-08,False,0.67,1770307200.0,0.3145229999999999,0.2753058314398265,-0.0006307774998356649,-0.0020448465319740884,73.01666666666667,0.27326098490785244
SOL,solana-above-80-on-february-10,80.0,1770742860,1770307200,1.0545393921535078,5.042361111111111,84.61,84.34,2.9829169384542995,-0.0031962146179956,1,2026-02-10,False,0.636,1770308100.0,0.34779472,0.3573287627229546,-0.0006926691232705673,-0.0020661744605480646,120.76666666666667,0.35526258826240653
SOL,solana-above-80-on-february-9,80.0,1770656460,1770317100,1.1010146904983271,3.927777777777778,81.47,86.38,3.4746956784489824,0.0585213132100047,1,2026-02-09,False,0.612,1770318000.0,0.37137808,0.1680343258920373,-0.000677422334455776,-0.0023538364580183062,94.01666666666667,0.16568048943401897
BTC,bitcoin-above-58k-on-february-12,58000.0,1770915660,1770326100,1.113371032448126,6.823611111111111,63432.34,65712.79,2.2987021627946462,0.0353197532728702,1,2026-02-12,False,0.79,1770327000.0,0.1983869999999999,0.1171974067622799,-0.0003820083183532861,-0.0008781233476042445,163.51666666666668,0.11631928341467565
SOL,solana-above-70-on-february-12,70.0,1770915660,1770329700,1.298326720814214,6.781944444444444,79.36,78.11,1.8593058358153185,-0.0158763733544114,1,2026-02-12,False,0.78,1770330600.0,0.2079879999999999,0.2375070336294399,-0.0008582263219884326,-0.0015957052089234094,162.51666666666668,0.2359113284205165
XRP,xrp-above-1pt2-on-february-10,1.2,1770742860,1770331500,1.3828449161573009,4.761111111111111,1.2059,1.4155,2.523076134326051,0.1602566494424074,1,2026-02-10,False,0.553,1770332400.0,0.4296966299999999,0.0253569024248054,-5.8469264508347746e-05,-0.0001475224058726094,114.01666666666667,0.02520938001893279
SOL,solana-above-70-on-february-11,70.0,1770829260,1770336900,1.24361513722411,5.698611111111111,72.34,78.69,2.544438225839624,0.0841388560229401,1,2026-02-11,False,0.5,1770337800.0,0.4825,0.2684138784568146,-0.0007306738013178604,-0.0018591543506927106,136.51666666666668,0.26655472410612185
BTC,bitcoin-above-72k-on-february-9,72000.0,1770656460,1770396300,0.7035260491659825,3.0111111111111115,69802.0,70270.91,5.461855361222777,0.0066952525171052,0,2026-02-09,False,0.3,1770397200.0,-0.3147,-0.3512685008552915,-9.567343614306362e-05,-0.000522554470124597,72.01666666666667,-0.3517910553254161
BTC,bitcoin-above-66k-on-february-10,66000.0,1770742860,1770448500,0.7348675202925466,3.406944444444445,67951.49,69432.0,5.23769905334556,0.0215537880970503,1,2026-02-10,False,0.675,1770449400.0,0.3096437499999999,0.1967514944880686,-3.6736009943506842e-06,-1.9241216450479886e-05,81.51666666666667,0.19673225327161814
SOL,solana-above-80-on-february-10,80.0,1770742860,1770450300,1.1407994936071832,3.386111111111111,85.98,84.34,3.0306009944034527,-0.0192584627497216,1,2026-02-10,False,0.725,1770451200.0,0.26104375,0.3194084663599884,-0.0001397537040432606,-0.0004235377144450714,81.01666666666667,0.3189849286455433
XRP,xrp-above-1pt4-on-february-11,1.4,1770829260,1770466500,1.0340542870921985,4.198611111111111,1.4151,1.3474,3.594101371202694,-0.0490233904317662,0,2026-02-11,False,0.56,1770467400.0,-0.5772480000000001,-0.4010529652281838,1.528831767526155e-06,5.494776352003992e-06,100.51666666666667,-0.4010474704518318
XRP,xrp-above-1pt4-on-february-12,1.4,1770915660,1770466500,1.0340542870921985,5.198611111111111,1.4151,1.3507,3.2317018856387425,-0.0465772233916072,0,2026-02-12,False,0.58,1770467400.0,-0.5970519999999999,-0.4465282993375258,0.00012691300146672364,0.0004101449861520833,124.51666666666667,-0.4461181543513737
SOL,solana-above-70-on-february-11,70.0,1770829260,1770485400,0.98268005961227,3.979861111111111,87.31,78.69,0.4267191864813922,-0.1039489212758243,1,2026-02-11,False,0.93,1770486300.0,0.0654429999999999,0.109799999122438,-0.00015737838000423263,-6.715637428516554e-05,95.26666666666667,0.10973284274815283
SOL,solana-above-70-on-february-12,70.0,1770915660,1770485400,0.98268005961227,4.979861111111111,87.31,78.11,0.6074831942680818,-0.1113469142005104,1,2026-02-12,False,0.9,1770486300.0,0.0936999999999999,0.1613413791104201,-0.00026807276515166886,-0.00016284969967061313,119.26666666666667,0.16117852941074948
BTC,bitcoin-above-66k-on-february-16,66000.0,1771261260,1770811200,0.5989150921013454,5.209027777777778,67053.03,67900.0,5.480797885473622,0.0125522357014077,1,2026-02-16,False,0.63,1770812100.0,0.3536829999999999,0.2848867331097581,-4.353819340218758e-05,-0.0002386240383360513,124.76666666666667,0.284648109071422
BTC,bitcoin-above-66k-on-february-14,66000.0,1771088460,1770822000,0.6110342720687729,3.0840277777777776,66584.6,69718.67,7.044050957702433,0.0459948245875949,1,2026-02-14,False,0.51,1770822900.0,0.472507,0.1485171118143964,-3.464177022615561e-05,-0.00024401839473805906,73.76666666666667,0.14827309341965833
BTC,bitcoin-above-68k-on-february-14,68000.0,1771088460,1770822000,0.5618093737649732,3.0840277777777776,66584.6,69718.67,7.033483823695813,0.0459948245875949,1,2026-02-14,False,0.31,1770822900.0,0.6750269999999999,0.3515231452894245,-3.464177022615561e-05,-0.00024365233050985274,73.76666666666667,0.35127949295891464
SOL,solana-above-100-on-february-26,100.0,1772125260,1771689600,1.630366509999662,5.042361111111111,86.58,84.79,1.453366511227726,-0.0208912306979227,0,2026-02-26,False,0.04,1771690500.0,-0.042688,-0.0123253849253064,-0.0002670302102915703,-0.00038809276512386556,120.76666666666667,-0.012713477690430264
SOL,solana-above-100-on-february-25,100.0,1772038860,1771689600,1.5438305464828876,4.042361111111111,86.58,87.47,1.5367072632825094,0.0102270354179291,0,2026-02-25,False,0.037,1771690500.0,-0.0394941699999999,-0.0552101296085791,-0.00026439033631698965,-0.0004062905501600234,96.76666666666667,-0.055616420158739126
SOL,solana-above-100-on-february-24,100.0,1771952460,1771689600,1.3885815885759962,3.042361111111111,86.58,78.15,1.5316286865996225,-0.1024387851463487,0,2026-02-24,False,0.039,1771690500.0,-0.04162353,0.115274651950563,-0.00019539561012715118,-0.0002992735217063804,72.76666666666667,0.11497537842885662
SOL,solana-above-110-on-february-26,110.0,1772125260,1771689600,1.630366509999662,5.042361111111111,86.58,84.79,0.8424137661831205,-0.0208912306979227,0,2026-02-26,False,0.032,1771690500.0,-0.03416832,-0.0165692596675624,-0.0002670302102915703,-0.0002249499251363924,120.76666666666667,-0.016794209592698794
ETH,ethereum-above-1900-on-february-26,1900.0,1772125260,1771811100,0.7327740832486724,3.636111111111112,1872.82,1989.24,5.307877682896484,0.0603073399081717,1,2026-02-26,False,0.39,1771812000.0,0.593347,0.2732430163865628,-0.00024038302052093244,-0.0012759236699703047,87.01666666666667,0.2719670927165925
SOL,solana-above-90-on-february-28,90.0,1772298060,1772034300,0.8362317121505028,3.0527777777777776,86.11,81.06,4.315072895018283,-0.0604359275079112,0,2026-02-28,False,0.179,1772035200.0,-0.18928713,0.0714983026746778,-6.178243085061368e-05,-0.00026659569275182444,73.01666666666667,0.07123170698192598
XRP,xrp-above-1pt4-on-march-3,1.4,1772557260,1772044200,0.7479852122384416,5.938194444444445,1.4734,1.3673,3.7123003740026586,-0.0747346629336773,0,2026-03-03,False,0.65,1772045100.0,-0.665925,-0.3884874828403469,0.00012344673593383398,0.00045827136397657935,142.26666666666668,-0.3880292114763703
ETH,ethereum-above-2000-on-march-1,2000.0,1772384460,1772124300,0.609141791148598,3.0111111111111115,2011.75,1973.13,7.18863372296418,-0.0193838756658822,0,2026-03-01,False,0.45,1772125200.0,-0.467325,-0.327981417706494,-0.0001854704384648062,-0.0013332790485610588,72.01666666666667,-0.3293146967550551
SOL,solana-above-80-on-march-3,80.0,1772557260,1772199000,0.795742714790658,4.146527777777777,82.94,85.2,4.370874116761266,0.0268839790170348,1,2026-03-03,False,0.67,1772199900.0,0.3145229999999999,0.1970165119588891,-4.015991505714432e-05,-0.00017553393325460317,99.26666666666667,0.19684097802563452
BTC,bitcoin-above-62k-on-march-3,62000.0,1772557260,1772261100,0.5331869037607325,3.427777777777778,64052.07,68079.21,6.432190457775024,0.0609755338808095,1,2026-03-03,False,0.64,1772262000.0,0.3438719999999999,-0.048334247185881,-0.00028080632078558536,-0.0018061997370399545,82.01666666666667,-0.05014044692292095
BTC,bitcoin-above-60k-on-march-3,60000.0,1772557260,1772262000,0.6405568672016141,3.417361111111111,63216.01,68079.21,4.6310996930580215,0.0741142883456692,1,2026-03-03,False,0.851,1772262900.0,0.14012407,-0.2031065880088423,-0.0002729018120681062,-0.0012638354981035845,81.76666666666667,-0.20437042350694587
BTC,bitcoin-above-62k-on-march-4,62000.0,1772643660,1772269200,0.6557933957504303,4.334027777777778,63473.28,73257.96,5.348272218014358,0.1433678809939051,1,2026-03-04,False,0.68,1772270100.0,0.3047679999999999,-0.4620024548752915,-0.00019692558094397752,-0.0010532116135790128,103.76666666666667,-0.46305566648887053
ETH,ethereum-above-1800-on-march-3,1800.0,1772557260,1772270100,0.8139860200080895,3.3236111111111115,1855.77,1980.46,4.824171942758368,0.065029436684705,1,2026-03-03,False,0.667,1772271000.0,0.3174522299999999,0.0037390460922639,-2.731241629977659e-05,-0.00013175979240231855,79.51666666666667,0.0036072862998615812
BTC,bitcoin-above-64k-on-march-3,64000.0,1772557260,1772276400,0.6241818054607393,3.250694444444445,64010.39,68079.21,6.770216457028703,0.0616264662691409,1,2026-03-03,False,0.51,1772277300.0,0.472507,0.055282483876138,-0.0001614686109724945,-0.0010931774472995477,77.76666666666667,0.05418930642883846
ETH,ethereum-above-1900-on-march-3,1900.0,1772557260,1772297100,0.7659667472389269,3.0111111111111115,1908.88,1980.46,5.73135787424062,0.0368124583242715,1,2026-03-03,False,0.54,1772298000.0,0.4426119999999999,0.2316266271130313,-6.356130744705757e-06,-3.6429259993372236e-05,72.01666666666667,0.23159019785303794
SOL,solana-above-90-on-march-5,90.0,1772730060,1772331300,0.7727894227267602,4.615277777777777,88.14,88.93,4.409720262874332,0.0089230839977078,0,2026-03-05,False,0.25,1772332200.0,-0.263125,-0.3024733043120221,3.8565667332329107e-05,0.00017006380468664235,110.51666666666667,-0.3023032405073354
BTC,bitcoin-above-66k-on-march-12,66000.0,1773331260,1772762400,0.6176489045792424,6.584027777777778,71257.2,70296.55,3.258265067547674,-0.0135731444536633,1,2026-03-12,False,0.84,1772763300.0,0.150592,0.1948169024301497,-2.6086457822864506e-05,-8.499659426029517e-05,157.76666666666668,0.19473190583588942
SOL,solana-above-70-on-march-12,70.0,1773331260,1773065700,0.8928230688927428,3.073611111111111,84.8,86.46,0.3456996228334746,0.0193863364416282,1,2026-03-12,False,0.989,1773066600.0,0.01023847,0.0035366208040062,0.00031463996460971873,0.00010877091709391756,73.51666666666667,0.0036453917211001175
ETH,ethereum-above-1900-on-march-17,1900.0,1773763260,1773360000,0.7263578086325672,4.667361111111111,2073.52,2317.13,2.878398740491669,0.1110817047265894,1,2026-03-17,False,0.83,1773360900.0,0.160123,-0.1596144389766824,0.0005497669378490729,0.001582448461468733,111.76666666666667,-0.15803199051521366
ETH,ethereum-above-2200-on-march-22,2200.0,1774195260,1773927900,0.7319598254396387,3.094444444444445,2138.1,2081.71,5.332052615909157,-0.0267279128477071,0,2026-03-22,False,0.29,1773928800.0,-0.304413,-0.1618983623825912,0.0002519854982448444,0.0013435999350875948,74.01666666666667,-0.1605547624475036
BTC,bitcoin-above-70k-on-march-22,70000.0,1774195260,1773927900,0.5415063368791876,3.094444444444445,69717.19,68835.4,7.956389121600504,-0.0127287682708174,0,2026-03-22,False,0.44,1773928800.0,-0.457248,-0.355972966598694,0.0001160044110605201,0.0009229762342195953,74.01666666666667,-0.3550499903644744
BTC,bitcoin-above-68k-on-march-24,68000.0,1774368060,1773927900,0.585093644853314,5.094444444444445,69717.19,69838.04,5.472335980792042,0.0017319312247676,1,2026-03-24,False,0.63,1773928800.0,0.3536829999999999,0.3442052904424464,0.00022440255190741762,0.0012280061589845155,122.01666666666667,0.3454332966014309
BTC,bitcoin-above-68k-on-march-25,68000.0,1774454460,1773928800,0.5918988184438383,6.084027777777777,69905.65,70850.63,4.954420356658464,0.0134273823925503,1,2026-03-25,False,0.62,1773929700.0,0.363508,0.2969831033377113,0.00028611905555731704,0.0014175540732810656,145.76666666666668,0.29840065741099236
BTC,bitcoin-above-66k-on-march-23,66000.0,1774281660,1773928800,0.6341016362797953,4.084027777777778,69905.65,70183.08,4.237013433156696,0.0039607806093806,1,2026-03-23,False,0.829,1773929700.0,0.16107687,0.1442949893522677,0.00013998781353162341,0.0005931302464117231,97.76666666666667,0.14488811959867942
ETH,ethereum-above-2100-on-march-23,2100.0,1774281660,1773971100,0.6945608916792204,3.594444444444445,2159.07,2130.82,5.409070703960097,-0.0131706912621552,1,2026-03-23,False,0.63,1773972000.0,0.3536829999999999,0.4249242002570272,0.00022813822890180736,0.001234015810406109,86.01666666666667,0.4261582160674333
BTC,bitcoin-above-70k-on-march-23,70000.0,1774281660,1773971100,0.5073273334008381,3.594444444444445,70574.0,70183.08,7.850085689680678,-0.0055545483763605,1,2026-03-23,False,0.54,1773972000.0,0.4426119999999999,0.4862156807219072,0.00013777893182592184,0.0010815764210661588,86.01666666666667,0.48729725714297334
ETH,ethereum-above-2200-on-march-24,2200.0,1774368060,1774042200,0.6256136706842814,3.771527777777778,2151.93,2134.13,5.838066109130817,-0.0083060444023662,0,2026-03-24,False,0.31,1774043100.0,-0.324973,-0.27648176367361,0.00020207863023100504,0.0011797484025312087,90.26666666666667,-0.2753020152710788
ETH,ethereum-above-2300-on-march-26,2300.0,1774540860,1774062000,0.7860046465187208,5.542361111111111,2154.9,2069.24,3.1756311413680303,-0.0405629286638793,0,2026-03-26,False,0.18,1774062900.0,-0.190332,-0.0615191005498949,0.00011976064257676871,0.0003803156260770327,132.76666666666668,-0.06113878492381787
XRP,xrp-above-1pt4-on-march-30,1.4,1774886460,1774431000,0.6685787982113276,5.271527777777778,1.4176,1.3439,4.932285538345685,-0.0533894662977979,0,2026-03-30,False,0.51,1774431900.0,-0.527493,-0.2641609074793767,-0.0003478589665847978,-0.001715739750270073,126.26666666666667,-0.26587664722964677
SOL,solana-above-90-on-march-31,90.0,1774972860,1774542600,0.6975582801216215,4.979861111111111,87.46,80.99,4.5340162013033565,-0.076855855723876,0,2026-03-31,False,0.37,1774543500.0,-0.386317,-0.0378513049829127,-0.00034075974506618187,-0.0015450102048820702,119.26666666666667,-0.03939631518779477
BTC,bitcoin-above-64k-on-april-2,64000.0,1775145660,1774824300,0.5925350433322827,3.719444444444445,65684.25,66813.75,6.146056773253944,0.0170497269598618,1,2026-04-02,False,0.74,1774825200.0,0.246532,0.1417434101362108,0.00017225574469109835,0.0010586935863906271,89.01666666666667,0.14280210372260144
BTC,bitcoin-above-66k-on-april-2,66000.0,1775145660,1774824300,0.5476997802623703,3.719444444444445,65684.25,66813.75,7.1685931296965615,0.0170497269598618,1,2026-04-02,False,0.53,1774825200.0,0.452563,0.3303404444523322,0.00017225574469109835,0.0012348313479433725,89.01666666666667,0.33157527580027557
SOL,solana-above-80-on-april-4,80.0,1775318460,1774996200,0.7028115809889308,3.729861111111111,82.66,81.16,5.130652647506378,-0.0183132941259722,1,2026-04-04,False,0.74,1774997100.0,0.246532,0.3404911509919827,2.6857897611632514e-05,0.00013779854348757757,89.26666666666667,0.34062894953547024
SOL,solana-above-80-on-april-7,80.0,1775577660,1774997100,0.6948403115735692,6.719444444444444,82.77,78.87,4.028157867411502,-0.0482647494874048,0,2026-04-07,False,0.68,1774998000.0,-0.6952320000000001,-0.5008139696336651,2.9759587306919105e-05,0.00011987631574128567,161.01666666666668,-0.5006940933179238
SOL,solana-above-80-on-april-6,80.0,1775491260,1774997100,0.6961484803275287,5.719444444444444,82.77,82.19,4.310475607205815,-0.0070320367368957,1,2026-04-06,False,0.7,1774998000.0,0.2853,0.3156114228233643,3.133520543639398e-05,0.0001350696386803593,137.01666666666668,0.31574649246204467
SOL,solana-above-80-on-april-5,80.0,1775404860,1774999800,0.6740170239967203,4.688194444444444,83.0,79.63,4.732884371403753,-0.0414497015272445,0,2026-04-05,False,0.74,1775000700.0,-0.753468,-0.557291355442354,2.8569726415086927e-05,0.0001352172116452459,112.26666666666667,-0.5571561382307088
BTC,bitcoin-above-70k-on-april-8,70000.0,1775664060,1775076300,0.4894283543230499,6.802777777777778,68179.01,71329.98,5.4483552201014005,0.0451799696858485,1,2026-04-08,False,0.31,1775077200.0,0.6750269999999999,0.428870476318084,0.00026522548228305985,0.0014450426409008206,163.01666666666668,0.43031551895898484
BTC,bitcoin-above-68k-on-april-6,68000.0,1775491260,1775142000,0.4351283543180476,4.042361111111111,66868.18,69938.59,8.075867656317984,0.0448943525874387,1,2026-04-06,False,0.36,1775142900.0,0.623872,0.2613111499877676,0.00022543970045613322,0.0018206211853637009,96.76666666666667,0.2631317711731313
BTC,bitcoin-above-68k-on-april-7,68000.0,1775577660,1775142000,0.4553242303197568,5.042361111111111,66868.18,68187.74,7.034921211434461,0.0195415645864745,1,2026-04-07,False,0.38,1775142900.0,0.603508,0.466034632785994,0.00022588730550796715,0.0015890993969117743,120.76666666666667,0.46762373218290576
SOL,solana-above-80-on-april-9,80.0,1775750460,1775158200,0.6801731966273638,6.854861111111111,79.02,83.98,4.212041124061531,0.0608776902728025,1,2026-04-09,False,0.46,1775159100.0,0.5226120000000001,0.266192665033075,6.494020859282995e-05,0.0002735308291981338,164.26666666666668,0.2664661958622731
SOL,solana-above-80-on-april-9,80.0,1775750460,1775252700,0.5204673302373497,5.761111111111111,80.51,83.98,6.088450328865048,0.0421972749441579,1,2026-04-09,False,0.56,1775253600.0,0.4227519999999999,0.1658359874890328,5.7431637766922755e-05,0.00034966967384927915,138.01666666666668,0.16618565716288208
BTC,bitcoin-above-74k-on-april-14,74000.0,1776182460,1775599200,0.4586287939947694,6.750694444444444,69927.64,75356.48,4.116947898017861,0.0747689269351407,1,2026-04-14,False,0.23,1775600100.0,0.757603,0.4497832234173214,0.00016530156195503944,0.0006805379180298688,161.76666666666668,0.45046376133535126
BTC,bitcoin-above-74k-on-april-12,74000.0,1776009660,1775604600,0.4770193412844384,4.688194444444444,72753.27,70860.0,6.961772239096391,-0.0263677540577327,0,2026-04-12,False,0.29,1775605500.0,-0.304413,-0.120846701793555,0.0001551426507433694,0.0010800677990450162,112.26666666666667,-0.11976663399450999
BTC,bitcoin-above-72k-on-april-13,72000.0,1776096060,1775604600,0.4897537689486567,5.688194444444445,72753.27,71902.91,6.461836869091188,-0.0117571167080638,0,2026-04-13,False,0.53,1775605500.0,-0.5474370000000001,-0.4714644297816248,0.00015121541143364378,0.0009771293207767127,136.26666666666668,-0.4704873004608481
XRP,xrp-above-1pt3-on-april-12,1.3,1776009660,1775614500,0.617912921389672,4.573611111111111,1.3749,1.3234,4.270555859032557,-0.038176818605229,1,2026-04-12,False,0.77,1775615400.0,0.217603,0.3806392363737842,-0.00011461545016180734,-0.0004894716822241604,109.51666666666667,0.38014976469156003
BTC,bitcoin-above-74k-on-april-18,74000.0,1776528060,1776267000,0.4128900563829331,3.0215277777777776,74026.71,76032.8,10.619168001588308,0.0267388521054937,1,2026-04-18,False,0.5,1776267900.0,0.4825,0.1985556373221384,-4.138385497638904e-05,-0.0004394621085476415,72.26666666666667,0.19811617521359076
SOL,solana-above-80-on-april-19,80.0,1776614460,1776336300,1.2677299560220208,3.219444444444445,85.08,86.28,3.0177088816679496,0.0140058311889191,1,2026-04-19,False,0.93,1776337200.0,0.0654429999999999,0.0231774788260566,4.3630631554304744e-05,0.00013166454435420733,77.01666666666667,0.023309143370410807
SOL,solana-above-80-on-april-21,80.0,1776787260,1776336300,0.8689183360515423,5.219444444444445,85.08,86.15,3.3175383261796507,0.0124979726419023,1,2026-04-21,False,0.85,1776337200.0,0.141075,0.0996124967609442,4.877805286500683e-05,0.00016182305985607727,125.01666666666667,0.09977431982080029
SOL,solana-above-80-on-april-20,80.0,1776700860,1776337200,1.0282612951189911,4.209027777777778,85.04,85.67,3.1914635392921187,0.0073809719422599,1,2026-04-20,False,0.9,1776338100.0,0.0936999999999999,0.0701438971617391,4.350298569678543e-05,0.00013883819270163724,100.76666666666667,0.07028273535444074
BTC,bitcoin-above-78k-on-april-21,78000.0,1776787260,1776489300,0.3247056555074618,3.44861111111111,77206.58,75913.19,11.931192488533728,-0.0168942359646753,0,2026-04-21,False,0.39,1776490200.0,-0.406653,-0.2050846187587487,4.255073515585864e-06,5.076810116731686e-05,82.51666666666667,-0.2050338506575814
ETH,ethereum-above-2300-on-april-23,2300.0,1776960060,1776699000,0.6655218487625407,3.0215277777777776,2317.8,2332.46,6.557465326393557,0.0063050446923835,1,2026-04-23,False,0.49,1776699900.0,0.492507,0.4511618880483334,-8.398192655636755e-05,-0.0005507085714371105,72.26666666666667,0.4506111794768963
BTC,bitcoin-above-74k-on-april-23,74000.0,1776960060,1776700800,0.4554329694693504,3.000694444444444,75716.77,78380.54,8.373881117140066,0.0345760139870542,1,2026-04-23,False,0.66,1776701700.0,0.3242919999999999,0.0347565693678356,-0.00013275150107223618,-0.0011116452881007976,71.76666666666667,0.03364492407973481
BTC,bitcoin-above-76k-on-april-23,76000.0,1776960060,1776700800,0.4399660726812512,3.000694444444444,75716.77,78380.54,9.936354168761522,0.0345760139870542,1,2026-04-23,False,0.39,1776701700.0,0.593347,0.2497874792805768,-0.00013275150107223618,-0.0013190659310884636,71.76666666666667,0.24846841334948833
BTC,bitcoin-above-78k-on-april-27,78000.0,1777305660,1776947400,0.3718137534139048,4.146527777777777,77766.2,76734.45,10.020875038299346,-0.0133561294072302,0,2026-04-27,False,0.46,1776948300.0,-0.477388,-0.3435478962147907,-0.0001937845585566738,-0.0019418908456484303,99.26666666666667,-0.34548978706043915
XRP,xrp-above-1pt4-on-may-4,1.4,1777910460,1777446000,0.4702693281881104,5.375694444444445,1.3922,1.3996,6.934601463458575,0.0053012517589666,0,2026-05-04,False,0.38,1777446900.0,-0.396492,-0.4332540682058926,-4.315657090854931e-05,-0.0002992736197802798,128.76666666666668,-0.43355334182567284
SOL,solana-above-80-on-may-6,80.0,1778083260,1777482000,0.5668697521613807,6.959027777777777,83.13,88.96,4.603565466144669,0.0677811829592754,1,2026-05-06,False,0.74,1777482900.0,0.246532,-0.0655031131257539,0.00041253173086302705,0.0018991168298899185,166.76666666666668,-0.06360399629586398
BTC,bitcoin-above-76k-on-may-3,76000.0,1777824060,1777516200,0.326810972265422,3.563194444444445,76122.64,78677.42,12.34787399652905,0.0330104780233918,1,2026-05-03,False,0.45,1777517100.0,0.532675,0.1250657768019666,7.895542869163462e-05,0.0009749316848262387,85.26666666666667,0.12604070848679283
BTC,bitcoin-above-78k-on-may-5,78000.0,1777996860,1777660200,0.296414924005851,3.896527777777778,78586.48,81526.36,12.68827497437879,0.03672672907403,1,2026-05-05,False,0.59,1777661100.0,0.393067,-0.0729318374008055,1.4944408002249415e-05,0.00018961875806184738,93.26666666666667,-0.07274221864274365
BTC,bitcoin-above-82k-on-may-10,82000.0,1778428860,1778094900,0.3309255983050433,3.8652777777777776,81249.3,81444.05,11.24184646129692,0.0023940756400804,0,2026-05-10,False,0.39,1778095800.0,-0.406653,-0.433566830762516,0.00020814839677852325,0.002339972317749269,92.51666666666667,-0.4312268584447667
BTC,bitcoin-above-82k-on-may-11,82000.0,1778515260,1778112000,0.3342444897812834,4.667361111111111,81447.01,81408.98,10.350228143174618,-0.0004670384023489,0,2026-05-11,False,0.42,1778112900.0,-0.437052,-0.432218045984065,0.00032777542945924484,0.003392550474630223,111.76666666666667,-0.4288254955094348
BTC,bitcoin-above-82k-on-may-12,82000.0,1778601660,1778112000,0.3442862324948747,5.667361111111111,81447.01,80300.24,9.151134316780915,-0.0141800149961446,0,2026-05-12,False,0.43,1778112900.0,-0.4471569999999999,-0.3173937781563123,0.00034220663581433636,0.0031315788884307225,135.76666666666668,-0.31426219926788157
BTC,bitcoin-above-80k-on-may-10,80000.0,1778428860,1778155200,0.2850538818034749,3.1673611111111115,80866.65,81444.05,13.91004784332246,0.0071147796869578,1,2026-05-10,False,0.71,1778156100.0,0.275587,0.1766200741597172,0.000181998650187927,0.0025316099315341725,75.76666666666667,0.17915168409125137
BTC,bitcoin-above-80k-on-may-11,80000.0,1778515260,1778209200,0.2970454988415698,3.542361111111111,79488.46,81408.98,13.2651802964344,0.0238737324428241,1,2026-05-11,False,0.43,1778210100.0,0.5528430000000001,0.2361536347971027,0.00027460552528786077,0.003642691803340549,84.76666666666667,0.23979632660044323
SOL,solana-above-90-on-may-13,90.0,1778688060,1778262300,0.4348241627750066,4.927777777777777,91.51,90.77,7.539475679350492,-0.0081194213887509,1,2026-05-13,False,0.47,1778263200.0,0.512563,0.5737791800908864,1.957926762034823e-05,0.00014761741204311006,118.01666666666667,0.5739267975029294
