slug,ts,sz,n,last,sz_buy,vwap,vwap_buy,K,T_pm,label,S_T,S_bin,S_idx,fv,sigma,x,extrap,tte_d,asset,exp_dt,event,quarter,year,gap,n_vwap,n_vwap_buy,n_Sbin,n_ts_,delta,ret_T,ev_raw,ev_hedged,cfg
bitcoin-above-100000-on-december-13,1733949900,20566.42666,70,0.63,1615.90666,0.6131127035232197,0.6331354877419844,100000.0,1734109260,1,100932.83,101588.99,101764.96,0.649094585543945,0.5739618219967717,-0.015764977142523402,0,1.8444444444444443,BTC,2024-12-13 17:01:00+00:00,2024-12-13,2024Q4,2024,0.035981882020725275,0.6142165153247761,0.6214509698847734,101271.56,1733950800.0,9.14438396837775,-0.006479917037825122,0.3691966635413294,0.4284515130184353,S2-analog
bitcoin-above-100000-on-december-20,1734483600,169.499997,2,0.880001,169.499997,0.8800009999999999,0.8800009999999999,100000.0,1734714060,0,96548.0,106098.93,106117.85,0.9059554131764297,0.5776492239757789,-0.059201774755357685,0,2.667361111111111,BTC,2024-12-20 17:01:00+00:00,2024-12-20,2024Q4,2024,0.02595441317642977,0.8906112798516013,0.8906112798516013,106290.46,1734484500.0,4.05476251819528,-0.09433166673909579,-0.8974308778152899,-0.5149383712427158,S2-analog
bitcoin-above-100000-on-december-20,1734619500,59863.342755000005,184,0.68,34995.812755,0.6957195903367254,0.6933201485434561,100000.0,1734714060,0,96548.0,101720.35,101537.1,0.739114138557716,0.5265651001441608,-0.017057195377839583,0,1.0944444444444443,BTC,2024-12-20 17:01:00+00:00,2024-12-20,2024Q4,2024,0.04339454822099065,0.6151159625017644,0.6132191599279663,100942.41,1734620400.0,11.713183168195787,-0.052187087361577705,-0.6316883445641749,-0.020411431283379855,S2-analog
bitcoin-above-100000-on-november-29,1732722300,43750.812791,98,0.11,5296.642791,0.10078206653607677,0.10219908101595822,100000.0,1732899660,0,97736.0,95571.12,95629.1,0.129924724436379,0.5883507046791883,0.045299503619940076,0,2.0527777777777776,BTC,2024-11-29 17:01:00+00:00,2024-11-29,2024Q4,2024,0.029142657900302238,0.11677459684990205,0.11738033346096301,95556.01,1732723200.0,5.2169986274296125,0.022399283733607545,-0.12399427717653319,-0.2408513096701702,S2-analog
bitcoin-above-102k-on-september-3,1756321200,27.0,1,0.79,27.0,0.79,0.79,102000.0,1756915260,1,112322.28,111947.21,112010.13,0.9549986819842635,0.41513314281370206,-0.09305460760983142,0,6.875694444444445,BTC,2025-09-03 16:01:00+00:00,2025-09-03,2025Q3,2025,0.16499868198426348,0.95,0.95,112329.18,1756327500.0,1.9321334121269358,0.0033448183226727954,0.04667500000000004,0.04021236476126956,S2-analog
bitcoin-above-102k-on-september-3,1756704600,2203.888887,7,0.93,1468.428887,0.9175684396334087,0.9138463558228815,102000.0,1756915260,1,112322.28,107715.74,107726.0,0.9484619800744669,0.48286175376862994,-0.054522906903489696,0,2.4381944444444446,BTC,2025-09-03 16:01:00+00:00,2025-09-03,2025Q3,2025,0.030893540441058187,0.934,0.934,107936.0,1756707300.0,3.9993209089415087,0.04187651902901463,0.06168491999999995,-0.10579271814642524,S2-analog
bitcoin-above-103000-on-january-24,1737644400,246023.578194,508,0.58,152503.178194,0.6268126481508498,0.6414394671230362,103000.0,1737738060,1,105670.15,105213.5,105061.76,0.7139653662036761,0.6871400430218982,-0.02126263083696671,0,1.0840277777777778,BTC,2025-01-24 17:01:00+00:00,2025-01-24,2025Q1,2025,0.08715271805282632,0.6127240078050415,0.6075848314981582,103537.99,1737645300.0,9.16270310458549,0.004330830898909216,0.37066546133045264,0.3309833436075824,S2-analog
bitcoin-above-103000-on-june-13,1749626100,17.543858,1,0.943,17.543858,0.9430000000000001,0.9430000000000001,103000.0,1749830460,1,105397.06,109696.13,109688.22,0.9691059116755973,0.45857020010092325,-0.0629851003982709,0,2.365277777777778,BTC,2025-06-13 16:01:00+00:00,2025-06-13,2025Q2,2025,0.026105911675597282,0.9432512805078604,0.9432512805078604,109564.5,1749629700.0,2.6010561719162433,-0.03997934664782268,0.053001738329169615,0.15699026467666777,S2-analog
bitcoin-above-103000-on-june-13,1749712500,13626.92105,17,0.935,13626.92105,0.935976182748927,0.935976182748927,103000.0,1749830460,1,105397.06,107864.21,107876.85,0.9668891291139272,0.47343345446488183,-0.04614413299633399,0,1.3652777777777778,BTC,2025-06-13 16:01:00+00:00,2025-06-13,2025Q2,2025,0.030912946365000193,0.9208318833369191,0.9208323227251229,107663.08,1749713400.0,3.959743152240886,-0.023138379245885774,0.07406507984538375,0.1656871186182326,S2-analog
bitcoin-above-103000-on-june-13,1749798900,2276.207743,7,0.824,2276.207743,0.8062394071608467,0.8062394071608467,103000.0,1749830460,1,105397.06,104475.0,104528.07,0.855536515333404,0.4460027170923152,-0.014218820104343374,0,0.36527777777777776,BTC,2025-06-13 16:01:00+00:00,2025-06-13,2025Q2,2025,0.04929710817255728,0.8093277979703395,0.8095345663702452,104790.77,1749799800.0,17.13759568746453,0.008786933646104791,0.17987006009146306,0.02928314393194062,S2-analog
bitcoin-above-103000-on-june-20,1750191300,29.411763,1,0.660001,29.411763,0.6600009999999998,0.6600009999999998,103000.0,1750435260,1,104252.01,104599.02,104625.14,0.6856006165948162,0.4349664250554704,-0.015405194332440522,0,2.823611111111111,BTC,2025-06-20 16:01:00+00:00,2025-06-20,2025Q2,2025,0.025599616594816355,0.6797885677328225,0.6797885677328225,104579.56,1750192200.0,9.68844616849578,-0.003323041493493955,0.3049741073032969,0.33716921592869087,S2-analog
bitcoin-above-103000-on-june-20,1750278600,5.0,4,0.66,2.0,0.66,0.66,103000.0,1750435260,1,104252.01,104219.99,104237.18,0.6860704934705455,0.3884983280970703,-0.011774965300555025,0,1.8131944444444443,BTC,2025-06-20 16:01:00+00:00,2025-06-20,2025Q2,2025,0.026070493470545464,0.7254394953408689,0.722245088868101,104700.0,1750279500.0,13.359984991537067,0.00030718753839152705,0.2606181122832993,0.2565140913808013,S2-analog
bitcoin-above-103000-on-june-20,1750365000,16250.440435,10,0.73,16250.440435,0.7105977306626767,0.7105977306626767,103000.0,1750435260,1,104252.01,104345.44,104328.45,0.7907338783930706,0.3702920425379326,-0.012977945249138704,0,0.8131944444444444,BTC,2025-06-20 16:01:00+00:00,2025-06-20,2025Q2,2025,0.0801361477303939,0.7152836400204906,0.7152836400204906,104150.71,1750365900.0,17.437889698658704,-0.0008957924101920471,0.2704606531757424,0.286081382417567,S2-analog
bitcoin-above-103000-on-june-24,1750294800,101.13,1,0.64,101.13,0.6399999999999999,0.6399999999999999,103000.0,1750780860,1,105266.71,104944.06,104979.66,0.6753672151087774,0.3710811280913869,-0.018698458055076413,0,5.625694444444444,BTC,2025-06-24 16:01:00+00:00,2025-06-24,2025Q2,2025,0.035367215108777494,0.67,0.67,104722.51,1750302000.0,8.047713816906995,0.003069778521580141,0.31452299999999994,0.2898183009770351,S2-analog
bitcoin-above-103000-on-june-24,1750406400,4741.027029,38,0.78,4741.027029,0.7349302608605736,0.7349302608605736,103000.0,1750780860,1,105266.71,105811.74,105828.87,0.7653626317765235,0.36509948225294236,-0.026932489121680524,0,4.334027777777778,BTC,2025-06-24 16:01:00+00:00,2025-06-24,2025Q2,2025,0.03043237091594997,0.7801433977906914,0.7800806953206407,106239.59,1750407300.0,8.080670559079966,-0.0051642525450241224,0.20785022484210852,0.24958084834233873,S2-analog
bitcoin-above-103000-on-june-24,1750513500,587.0,8,0.58,587.0,0.583236797274276,0.583236797274276,103000.0,1750780860,1,105266.71,103713.49,103737.1,0.615866845493738,0.307529523450036,-0.006903205334107316,0,3.0944444444444446,BTC,2025-06-24 16:01:00+00:00,2025-06-24,2025Q2,2025,0.03263004821946203,0.56,0.56,103543.25,1750515300.0,13.722328117246576,0.014865031242549233,0.42275199999999996,0.21876916381661782,S2-analog
bitcoin-above-103000-on-june-24,1750601700,2543.86522,33,0.15,1530.20522,0.1794949817532153,0.1820669787327866,103000.0,1750780860,1,105266.71,100451.45,100460.39,0.20988388368971717,0.4369993476197479,0.025054462030567097,0,2.073611111111111,BTC,2025-06-24 16:01:00+00:00,2025-06-24,2025Q2,2025,0.030388901936501872,0.16453057028820656,0.1645142147266948,99537.71,1750602600.0,8.955142420408494,0.04682269860722341,0.8258472113907744,0.40654327685522634,S2-analog
bitcoin-above-103000-on-june-24,1750691700,2837.62125,34,0.23,950.48125,0.2787256403580992,0.2746082576589491,103000.0,1750780860,1,105266.71,102011.12,102053.02,0.3096411448620051,0.3971065124627936,0.009647161279727083,0,1.0319444444444446,BTC,2025-06-24 16:01:00+00:00,2025-06-24,2025Q2,2025,0.0309155045039059,0.259193678752973,0.25751579593333285,101540.02,1750692600.0,16.93843550719817,0.03141539785638367,0.7273654591517039,0.19523776862837738,S2-analog
bitcoin-above-103000-on-june-27,1750798800,17.0,1,0.8,0.0,0.8,,103000.0,1751040060,1,107317.39,106087.3,106125.47,0.8298315657203412,0.37442662126457527,-0.0295333518281387,0,2.792361111111111,BTC,2025-06-27 16:01:00+00:00,2025-06-27,2025Q2,2025,0.02983156572034118,0.8182437704550933,0.8009915575675866,105834.6,1750799700.0,8.231296137002136,0.01152836541263946,0.17134576636524984,0.07645237667824162,S2-analog
bitcoin-above-103000-on-june-27,1750885200,4188.372853,6,0.93,357.142853,0.9300000272864228,0.9300003199999973,103000.0,1751040060,1,107317.39,107781.2,107866.64000000001,0.971413715712586,0.37811594003698296,-0.045374258004790544,0,1.792361111111111,BTC,2025-06-27 16:01:00+00:00,2025-06-27,2025Q2,2025,0.04141368842616311,0.92,0.92,107573.2,1750886100.0,3.554279307540936,-0.004312540764012195,0.07484799999999996,0.09017597440045527,S2-analog
bitcoin-above-103000-on-june-27,1750971600,663.162102,7,0.95,663.162102,0.9410380104288558,0.9410380104288558,103000.0,1751040060,1,107317.39,107766.29,107788.57,0.9916524119414433,0.47578713353098134,-0.04523591262184243,0,0.7923611111111111,BTC,2025-06-27 16:01:00+00:00,2025-06-27,2025Q2,2025,0.05061440151258745,0.9438707645754529,0.9438707645754529,107406.71,1750972500.0,2.294967988283561,-0.0041741953810640366,0.052420723319682866,0.06200036809606593,S2-analog
bitcoin-above-104k-on-september-3,1756324800,8.0,1,0.23,8.0,0.23,0.23,104000.0,1756915260,1,112322.28,112080.69,112047.205,0.9366782373019826,0.41606474490932066,-0.07482815918534538,0,6.834027777777778,BTC,2025-09-03 16:01:00+00:00,2025-09-03,2025Q3,2025,0.7066782373019826,0.93,0.93,112329.18,1756327500.0,3.0655092813948976,0.0021531808900572356,0.06544299999999996,0.05884240399700738,S2-analog
bitcoin-above-104k-on-september-3,1756476900,135.5,8,0.85,40.0,0.8502214022140221,0.85,104000.0,1756915260,1,112322.28,108759.46,108519.305,0.8807858471094603,0.3717190784953121,-0.04474775554988715,0,5.073611111111111,BTC,2025-09-03 16:01:00+00:00,2025-09-03,2025Q3,2025,0.030564444895438192,0.835,0.835,108646.72,1756477800.0,5.526029028864916,0.03223358452551533,0.15535575000000004,-0.022767973792368612,S2-analog
bitcoin-above-104k-on-september-3,1756569600,33.42,1,0.872,0.0,0.872,,104000.0,1756915260,1,112322.28,108869.98,108845.7,0.9010294193150509,0.3871121020946973,-0.04576342704636236,0,4.000694444444445,BTC,2025-09-03 16:01:00+00:00,2025-09-03,2025Q3,2025,0.029029419315050875,0.888,0.888,108678.73,1756570500.0,5.322683272174472,0.03121791302904015,0.10503807999999999,-0.061124983471869496,S2-analog
bitcoin-above-104k-on-september-3,1756701900,54.644807,1,0.817,54.644807,0.817,0.817,104000.0,1756915260,1,112322.28,107309.91,107312.96,0.8533214847162367,0.42213876429124747,-0.031330104105670796,0,2.4694444444444446,BTC,2025-09-03 16:01:00+00:00,2025-09-03,2025Q3,2025,0.03632148471623675,0.834,0.8340000000000001,107409.1,1756702800.0,7.766905697806389,0.045651235969731925,0.15630892000000005,-0.19825992476521484,S2-analog
bitcoin-above-104k-on-september-30,1759170600,66.666664,2,0.97,66.666664,0.9699999999999999,0.9699999999999999,104000.0,1759248060,1,113074.3,113963.41,114011.74,0.9999284279113483,0.4839110848638483,-0.09148653282058032,0,0.8965277777777778,BTC,2025-09-30 16:01:00+00:00,2025-09-30,2025Q3,2025,0.02992842791134842,0.997999,0.997999,114009.66,1759173300.0,0.012050157225077327,-0.007832307198680234,0.0018612102800700284,0.0019555908132492302,S2-analog
bitcoin-above-105000-on-january-31,1738250100,53593.566203,187,0.57,34826.436203,0.6256227426555134,0.6209655088035623,105000.0,1738342860,1,105043.12,106236.47,106092.205,0.6711404799868886,0.5247901654564382,-0.011707108361956329,0,1.073611111111111,BTC,2025-01-31 17:01:00+00:00,2025-01-31,2025Q1,2025,0.04551773733137521,0.6082887888184701,0.6072734591211262,105498.3,1738251000.0,12.954075912071305,-0.011296525995766393,0.37503206350639384,0.5213681187982386,S2-analog
bitcoin-above-105000-on-july-1,1750798800,28.02,2,0.58,0.0,0.5621627408993576,,105000.0,1751385660,1,105962.58,106087.3,106125.47,0.5886224877526345,0.3581297018891769,-0.01030198990025116,0,6.792361111111111,BTC,2025-07-01 16:01:00+00:00,2025-07-01,2025Q3,2025,0.0264597468532769,0.579999,0.579999,105881.32,1750803300.0,8.025229465784939,-0.0011763271394610497,0.40294898880006996,0.4123892840210753,S2-analog
bitcoin-above-105000-on-july-1,1750961700,3994.53846,2,0.73,3994.53846,0.7300288855899513,0.7300288855899513,105000.0,1751385660,1,105962.58,107562.11,107594.39,0.7596003962984159,0.31923300357350554,-0.024108098008707404,0,4.906944444444445,BTC,2025-07-01 16:01:00+00:00,2025-07-01,2025Q3,2025,0.029571510708464643,0.73,0.73,107284.68,1750962600.0,8.82237226517003,-0.014982435247917326,0.256203,0.3883836211959317,S2-analog
bitcoin-above-105000-on-july-1,1751092200,23.809522,1,0.79,23.809522,0.79,0.79,105000.0,1751385660,1,105962.58,107449.07,107488.89,0.81726998382359,0.2925242532383859,-0.023056617705080093,0,3.3965277777777776,BTC,2025-07-01 16:01:00+00:00,2025-07-01,2025Q3,2025,0.027269983823589916,0.8109884863186918,0.82,107412.07,1751094000.0,10.241652820890833,-0.01393095494428996,0.17828148238490357,0.3209574863877939,S2-analog
bitcoin-above-105000-on-june-6,1749105000,332.18627000000004,4,0.42,319.99627,0.41036772915469977,0.410000795560117,105000.0,1749225660,1,105069.63,104685.91,104702.14,0.43755146108222864,0.33137326088896796,0.0029958163131789325,0,1.3965277777777778,BTC,2025-06-06 16:01:00+00:00,2025-06-06,2025Q2,2025,0.027183731927528876,0.4181611857750348,0.4181611857750348,104407.0,1749105900.0,19.226588917960857,0.0036587393882567573,0.5648076456309276,0.4944625674549633,S2-analog
bitcoin-above-106000-on-july-4-651,1751472900,7972.7311199999995,25,0.88,7923.011119999999,0.8808685996424273,0.8807122937623747,106000.0,1751644860,1,107594.57,109420.02,109460.375,0.9212117554703382,0.3340978386441841,-0.03175477730553719,0,1.9902777777777778,BTC,2025-07-04 16:01:00+00:00,2025-07-04,2025Q3,2025,0.040343155827910926,0.8996918976792194,0.9,109190.0,1751473800.0,7.175224784634342,-0.01682368964732007,0.09399085523570967,0.2147046101621568,S2-analog
bitcoin-above-106000-on-july-9,1751535900,5.0,1,0.78,5.0,0.78,0.78,106000.0,1752076860,1,109107.13,110260.86,110250.72,0.8132162778813774,0.37175618220756407,-0.03940991876510725,0,6.261111111111111,BTC,2025-07-09 16:01:00+00:00,2025-07-09,2025Q3,2025,0.033216277881377376,0.7751367419738407,0.7751367419738407,109959.57,1751537700.0,6.020591299654401,-0.010518769286296761,0.21266227390103784,0.27599148474918805,S2-analog
bitcoin-above-106000-on-july-9,1751639400,676.09212,16,0.7,614.09212,0.6850923977373379,0.6847923265683982,106000.0,1752076860,1,109107.13,108046.0,108039.5,0.7284384802037145,0.30649002962398036,-0.019117968257379173,0,5.063194444444445,BTC,2025-07-09 16:01:00+00:00,2025-07-09,2025Q3,2025,0.04334608246637661,0.7030926377549217,0.6993166785109058,107981.13,1751640300.0,9.696179761930875,0.009773181221431377,0.28229462561079594,0.18753210364187015,S2-analog
bitcoin-above-106000-on-july-9,1751740200,3000.0,6,0.71,3000.0,0.7106102,0.7106102,106000.0,1752076860,1,109107.13,107969.99,108023.06,0.7402434313578447,0.32050481081800636,-0.018414224028657823,0,3.896527777777778,BTC,2025-07-09 16:01:00+00:00,2025-07-09,2025Q3,2025,0.02963323135784468,0.7470188965900081,0.7470188965900081,108016.72,1751741100.0,10.415452283717487,0.010476925450152816,0.23975238687907008,0.13063046977293807,S2-analog
bitcoin-above-106000-on-july-9,1751906700,348.924803,8,0.79,3.614803,0.7949096588871614,0.8299196747374614,106000.0,1752076860,1,109107.13,108273.88,108311.98,0.8209974831846961,0.33594634322804795,-0.021224848903721765,0,1.9694444444444443,BTC,2025-07-09 16:01:00+00:00,2025-07-09,2025Q3,2025,0.026087824297534756,0.8,,107976.91,1751907600.0,11.286281906988094,0.00766630057508863,0.18879999999999997,0.10227597052584474,S2-analog
bitcoin-above-106000-on-july-9,1752016500,4770.658404,11,0.961001,37.898404,0.9658177602617183,0.9668223686945763,106000.0,1752076860,1,109107.13,108927.99,108965.21,0.992858869178251,0.3749409857234166,-0.027247927595022748,0,0.6986111111111111,BTC,2025-07-09 16:01:00+00:00,2025-07-09,2025Q3,2025,0.027041108916532663,0.9798477982599673,0.979999,108839.99,1752017400.0,6.204463690544741,0.0016432218837879459,0.018769975404678414,0.008574664891207574,S2-analog
bitcoin-above-106000-on-may-27,1747847700,141.0,2,0.58,141.0,0.58,0.58,106000.0,1748361660,1,110150.96,109052.08,109108.4,0.6725247700126884,0.4761101942408999,-0.028386472173016826,0,5.948611111111111,BTC,2025-05-27 16:01:00+00:00,2025-05-27,2025Q2,2025,0.09252477001268844,0.58,0.58,106975.9,1747848600.0,5.966802836767803,0.01002622231339642,0.40294800000000003,0.34312350825836163,S2-analog
bitcoin-above-106000-on-may-27,1747942200,11.11111,1,0.82,11.11111,0.8199999999999998,0.8199999999999998,106000.0,1748361660,1,110150.96,111898.74,111929.14499999999,0.8456112102412533,0.48183423216085175,-0.05415526108879825,0,4.854861111111111,BTC,2025-05-27 16:01:00+00:00,2025-05-27,2025Q2,2025,0.025611210241253457,0.829375,0.82,111188.0,1747944000.0,4.585960566060919,-0.01574256660238487,0.16071915234375003,0.23291394199087467,S2-analog
bitcoin-above-106000-on-may-27,1748040300,154.892938,8,0.660001,82.352938,0.6716911873215162,0.660001,106000.0,1748361660,1,110150.96,108097.55,108121.565,0.7031123467983893,0.38764446902348165,-0.01959496607644363,0,3.7194444444444446,BTC,2025-05-27 16:01:00+00:00,2025-05-27,2025Q2,2025,0.03142115947687307,0.6715042808102847,0.6713026809289826,107797.37,1748041200.0,9.08043391698927,0.01881772840996972,0.31305467947325305,0.14218154017867143,S2-analog
bitcoin-above-106000-on-may-27,1748133000,2063.77,21,0.66,865.0,0.6662495820755221,0.6707514450867053,106000.0,1748361660,1,110150.96,108017.03,108072.13,0.7084150852348903,0.42870956170138474,-0.018849805766335735,0,2.6465277777777776,BTC,2025-05-27 16:01:00+00:00,2025-05-27,2025Q2,2025,0.04216550315936818,0.6499345033771909,0.6501315123927534,107502.44,1748133900.0,9.65336353009048,0.01956288872007778,0.3341391214940166,0.1452914449803993,S2-analog
bitcoin-above-106000-on-may-27,1748276100,58052.03695,27,0.92,53951.08695,0.9179175579987982,0.9177572277623963,106000.0,1748361660,1,110150.96,110090.9,110128.87,0.9545333368686226,0.4385503994259008,-0.03786729406626793,0,0.9902777777777777,BTC,2025-05-27 16:01:00+00:00,2025-05-27,2025Q2,2025,0.03661577886982448,0.9188752386796329,0.9162333351229519,109331.9,1748277000.0,4.504228897369983,0.0005454004201454231,0.07590671391089142,0.07345010557783467,S2-analog
bitcoin-above-106k-on-august-27,1755810900,1550.99,8,0.87,1465.49,0.8656801784666569,0.8650562610457935,106000.0,1756310460,1,111972.31,112519.94,112513.13,0.8996008917564576,0.39044603109513626,-0.059691356270911405,0,5.781944444444444,BTC,2025-08-27 16:01:00+00:00,2025-08-27,2025Q3,2025,0.03392071328980073,0.89,0.89,112542.92,1755811800.0,3.998552456002276,-0.004878841797645651,0.10314699999999999,0.12265530485242257,S2-analog
bitcoin-above-106k-on-august-27,1756063800,7520.836,9,0.952,7520.836,0.9475669992006208,0.9475669992006208,106000.0,1756310460,1,111972.31,114715.24,114709.87,0.9895827897773699,0.3837820002643152,-0.07901378954926336,0,2.8548611111111115,BTC,2025-08-27 16:01:00+00:00,2025-08-27,2025Q3,2025,0.04201579057674909,0.9370419720188752,0.9370419720188752,113079.32,1756064700.0,0.8137387913980698,-0.024201275075997536,0.05882842595255513,0.0785219422831896,S2-analog
bitcoin-above-106k-on-august-27,1756153800,37.0,2,0.857,12.0,0.856027027027027,0.854,106000.0,1756310460,1,111972.31,110519.0,110533.16,0.9232129635887744,0.4896150548128486,-0.04174835776613011,0,1.8131944444444443,BTC,2025-08-27 16:01:00+00:00,2025-08-27,2025Q3,2025,0.06718593656174732,0.8606637056302856,0.8569663862320949,109946.0,1756154700.0,5.677630669301551,0.013064156707135878,0.13094177596884224,0.056768319179846025,S2-analog
bitcoin-above-106k-on-august-27,1756245600,142.17597,7,0.964,142.17597,0.9643541522523109,0.9643541522523109,106000.0,1756310460,1,111972.31,111584.6,111695.46,0.9947533589385392,0.5292183720810326,-0.051343953481715464,0,0.7506944444444446,BTC,2025-08-27 16:01:00+00:00,2025-08-27,2025Q3,2025,0.03039920668622831,0.9726423009383165,0.9726423009383165,111594.73,1756248300.0,1.7299046275150936,0.003468560991550276,0.025495051186222133,0.01949477147612097,S2-analog
bitcoin-above-106k-on-september-1-324,1756336500,2832.0,2,0.88,2832.0,0.8799999999999999,0.8799999999999999,106000.0,1756742460,1,108778.09,111367.9,111330.85,0.9067064073070543,0.37787021905978074,-0.04940004104979609,0,4.698611111111111,BTC,2025-09-01 16:01:00+00:00,2025-09-01,2025Q3,2025,0.026706407307054425,0.8926582278481012,0.8926582278481012,111348.07,1756337400.0,4.909698667190862,-0.023529199695899918,0.10063440602467556,0.21615568641170302,S2-analog
bitcoin-above-106k-on-september-1-324,1756433700,20.0,2,0.93,20.0,0.9315000000000001,0.9315000000000001,106000.0,1756742460,1,108778.09,111654.63,111661.61,0.9590149362868994,0.36489713874404006,-0.05197135219024132,0,3.573611111111111,BTC,2025-09-01 16:01:00+00:00,2025-09-01,2025Q3,2025,0.027514936286899272,0.9399999999999998,,111542.12,1756434600.0,4.023793185825767,-0.026100510836345094,0.05605200000000016,0.16107505764985713,S2-analog
bitcoin-above-106k-on-september-1-324,1756555200,251.137652,2,0.879,251.137652,0.8551087198505782,0.8551087198505782,106000.0,1756742460,1,108778.09,108680.01,108656.675,0.8885061688408944,0.30046466576155717,-0.024968782459325566,0,2.167361111111111,BTC,2025-09-01 16:01:00+00:00,2025-09-01,2025Q3,2025,0.03339744899031616,0.8400000000000001,,108614.86,1756558800.0,9.753353135760042,0.0009020588945706747,0.15059199999999992,0.1417939010519988,S2-analog
bitcoin-above-106k-on-september-1-324,1756684800,10.0,1,0.867,10.0,0.867,0.867,106000.0,1756742460,1,108778.09,108246.35,108248.31,0.90050203365942,0.4236823421080869,-0.020970553957255663,0,0.6673611111111111,BTC,2025-09-01 16:01:00+00:00,2025-09-01,2025Q3,2025,0.03350203365942006,0.8357999999999999,0.8329999999999999,107970.66,1756685700.0,11.38719811941731,0.004900287396640623,0.1545933148000001,0.09879277137236966,S2-analog
bitcoin-above-106k-on-september-10,1757028600,20.0,1,0.83,20.0,0.8299999999999998,0.8299999999999998,106000.0,1757520060,1,113854.33,111118.15,111121.47,0.8562618292435373,0.41188482204990146,-0.047154955527323995,0,5.688194444444445,BTC,2025-09-10 16:01:00+00:00,2025-09-10,2025Q3,2025,0.026261829243537482,0.81,0.81,110451.62,1757034000.0,5.215043890707014,0.024325774646042526,0.17922699999999994,0.05236701754544029,S2-analog
bitcoin-above-106k-on-september-10,1757173500,81.353363,3,0.89,81.353363,0.8831164492855691,0.8831164492855691,106000.0,1757520060,1,113854.33,110609.07,110605.77,0.9090267040771847,0.3741243374332318,-0.0425629988470311,0,4.011111111111111,BTC,2025-09-10 16:01:00+00:00,2025-09-10,2025Q3,2025,0.025910254791615572,0.8504105090311986,0.8504105090311986,110384.15,1757174400.0,5.765241472636924,0.028917731326335384,0.14068461770756663,-0.026033086229594077,S2-analog
bitcoin-above-106k-on-september-26,1758822300,10083.352225999999,71,0.872,9483.352225999999,0.8739022164683473,0.8745708966702301,106000.0,1758902460,1,109029.12,109374.07,109406.89,0.9241503385525488,0.49827172370219125,-0.031334747672419026,0,0.9277777777777778,BTC,2025-09-26 16:01:00+00:00,2025-09-26,2025Q3,2025,0.050248122084201485,0.8872396061269145,0.8872396061269145,108833.63,1758823200.0,7.4094996541795615,-0.003158839271839548,0.1057572097518184,0.12916262824412236,S2-analog
bitcoin-above-106k-on-september-27,1758916800,17118.182557,47,0.975,17118.182557,0.9697520546806375,0.9697520546806375,106000.0,1758988860,1,109380.08,109172.2,109192.81,0.9957568683136421,0.248379825395631,-0.029487358033486857,0,0.8340277777777777,BTC,2025-09-27 16:01:00+00:00,2025-09-27,2025Q3,2025,0.026004813633004553,0.9829677005142818,0.9794392523552798,109178.08,1758919500.0,1.560843522567364,0.0019023371679414915,0.015860345467521873,0.012891094821201252,S2-analog
bitcoin-above-106k-on-september-29,1758843000,1581.0945900000002,4,0.787,1581.0945900000002,0.7974354718903945,0.7974354718903945,106000.0,1759161660,1,113869.4,109447.34,109440.9,0.8499388220821854,0.3709622899081888,-0.032004426226617776,0,3.6881944444444446,BTC,2025-09-29 16:01:00+00:00,2025-09-29,2025Q3,2025,0.052503350191790865,0.8149365077515117,0.8149365077515117,108994.49,1758844800.0,7.5203914356570065,0.03960865730335297,0.17450644252251854,-0.12336616463949049,S2-analog
bitcoin-above-106k-on-september-3,1756321200,6.0,1,0.13,6.0,0.13,0.13,106000.0,1756915260,1,112322.28,111947.21,112010.13,0.8841880667667772,0.38442007479294416,-0.05458832678203535,0,6.875694444444445,BTC,2025-09-03 16:01:00+00:00,2025-09-03,2025Q3,2025,0.7541880667667772,0.88,0.88,112329.18,1756327500.0,4.548318690009801,0.0033448183226727954,0.112608,0.0973947003083001,S2-analog
bitcoin-above-106k-on-september-3,1756434600,20.0,1,0.88,20.0,0.8800000000000001,0.8800000000000001,106000.0,1756915260,1,112322.28,111542.12,111539.76,0.9061832032656223,0.36470533416567347,-0.05096318330310791,0,5.563194444444444,BTC,2025-09-03 16:01:00+00:00,2025-09-03,2025Q3,2025,0.02618320326562218,0.9,0.9,111419.98,1756436400.0,4.788639361620163,0.006969961801600157,0.09369999999999998,0.06032336656786848,S2-analog
bitcoin-above-106k-on-september-3,1756569600,38.46,1,0.76,0.0,0.76,,106000.0,1756915260,1,112322.28,108869.98,108845.7,0.7930628334767262,0.35954717143450077,-0.026715232075667953,0,4.000694444444445,BTC,2025-09-03 16:01:00+00:00,2025-09-03,2025Q3,2025,0.03306283347672623,0.78,0.78,108678.73,1756570500.0,8.347994944333175,0.03121791302904015,0.20798799999999998,-0.05261898013905994,S2-analog
bitcoin-above-106k-on-september-3,1756694700,220.0,2,0.7,0.0,0.6809390909090909,,106000.0,1756915260,1,112322.28,107562.56,107578.05,0.709028325545458,0.39630554943440693,-0.014633537674759153,0,2.5527777777777776,BTC,2025-09-03 16:01:00+00:00,2025-09-03,2025Q3,2025,0.028089234636367144,0.7099999999999999,,107530.32,1756696500.0,10.997791348135454,0.04329960742994895,0.27558700000000014,-0.20061304797075402,S2-analog
bitcoin-above-106k-on-september-3,1756817100,8066.0,4,0.869,36.0,0.8692536573270517,0.85,106000.0,1756915260,1,112322.28,108762.0,108704.71,0.8946513091052336,0.4101507766274702,-0.02572291459676994,0,1.136111111111111,BTC,2025-09-03 16:01:00+00:00,2025-09-03,2025Q3,2025,0.025397651778181873,0.9142857142857143,0.9099999999999999,109186.17,1756818900.0,9.387773610003608,0.032210230507938184,0.08022857142857145,-0.22215378050598375,S2-analog
bitcoin-above-106k-on-september-5,1756980900,18.518517,1,0.946001,18.518517,0.9460009999999999,0.9460009999999999,106000.0,1757088060,1,110630.99,111018.91,111045.57,0.9724548187638018,0.4705909967922697,-0.04626145305094918,0,1.2402777777777778,BTC,2025-09-05 16:01:00+00:00,2025-09-05,2025Q3,2025,0.02645381876380193,0.97,0.97,110982.0,1756986300.0,3.5900258175848863,-0.0035002984081573146,0.027963000000000026,0.040529161654536065,S2-analog
bitcoin-above-106k-on-september-8,1757084400,18.695650999999998,2,0.885,18.695650999999998,0.8946279075812873,0.8946279075812873,106000.0,1757347260,1,112633.75,110569.99,110559.36499999999,0.9271476139734408,0.36580073532083196,-0.04220962000179436,0,3.042361111111111,BTC,2025-09-08 16:01:00+00:00,2025-09-08,2025Q3,2025,0.03251970639215351,0.9093683078072566,0.905,110618.64,1757085300.0,5.488314246691315,0.018492690250755922,0.08486246099333174,-0.016631234369541587,S2-analog
bitcoin-above-106k-on-september-8,1757175300,128.94,2,0.93,128.94,0.9306933457422057,0.9306933457422057,106000.0,1757347260,1,112633.75,110314.99,110338.7,0.9625758990495273,0.35057251883809437,-0.03990072499876004,0,1.9902777777777778,BTC,2025-09-08 16:01:00+00:00,2025-09-08,2025Q3,2025,0.03188255330732159,0.94,0.94,110267.99,1757178000.0,4.792706817952143,0.020801585253790097,0.056052000000000046,-0.043643899470052525,S2-analog
bitcoin-above-107000-on-june-10,1749420000,842.69,16,0.36,727.0,0.3796157543106005,0.37723521320495185,107000.0,1749571260,1,109028.85,106331.92,106403.26,0.40898789427104976,0.3911378203543747,0.006263311969554822,0,1.7506944444444443,BTC,2025-06-10 16:01:00+00:00,2025-06-10,2025Q2,2025,0.02937213996044924,0.3644232066561727,0.36158466236851033,105960.78,1749420900.0,14.292653590821136,0.025047003614594505,0.6193634680263649,0.26137532187492074,S2-analog
bitcoin-above-107000-on-june-10,1749520800,6365.24,22,0.9,1074.0,0.9037524115351504,0.9158845437616389,107000.0,1749571260,1,109028.85,109788.57,109782.45,0.9324339837194521,0.4396999840655346,-0.025727590834258008,0,0.5840277777777778,BTC,2025-06-10 16:01:00+00:00,2025-06-10,2025Q2,2025,0.028681572184301674,0.9265724541657583,0.92,109610.74,1749521700.0,7.88191928958539,-0.006943899189218205,0.06866502993995158,0.1233962829043869,S2-analog
bitcoin-above-108000-on-july-11,1752070500,1962.333332,15,0.65,1689.333332,0.6669782571543926,0.6632756511154496,108000.0,1752249660,1,116968.61,109268.72,109279.485,0.6999869906029366,0.30610165122833727,-0.011678942287142162,0,2.073611111111111,BTC,2025-07-11 16:01:00+00:00,2025-07-11,2025Q3,2025,0.03300873344854394,0.6081599708020999,0.602503759576093,108908.94,1752071400.0,15.300063841015918,0.0680954387917425,0.3751589297477738,-0.6667056310478783,S2-analog
bitcoin-above-108000-on-july-14,1752085800,3312.5757550000003,12,0.64,3007.5757550000003,0.6338572016445855,0.6332342569040292,108000.0,1752508860,1,119844.96,109550.0,109551.07,0.663461270301336,0.3001829633964374,-0.014249838917255845,0,4.896527777777778,BTC,2025-07-14 16:01:00+00:00,2025-07-14,2025Q3,2025,0.02960406865675047,0.649999,0.649999,109393.05,1752086700.0,10.623780053268456,0.08981784138897692,0.33407597900007,-0.6201290127757729,S2-analog
bitcoin-above-108000-on-july-14,1752277500,43.1,2,0.97,0.0,0.97,,108000.0,1752508860,1,119844.96,117577.57,117629.93,0.9976623681095579,0.4226347541428726,-0.08496705885626371,0,2.677777777777778,BTC,2025-07-14 16:01:00+00:00,2025-07-14,2025Q3,2025,0.02766236810955791,0.9731572327044025,0.973,117527.66,1752278400.0,0.7316007734197355,0.019100621449968973,0.025014210975831702,0.01104018155023681,S2-analog
bitcoin-above-108k-on-august-27,1756063800,17482.833332000002,30,0.906,17062.833332000002,0.9065341145787988,0.9063597196340082,108000.0,1756310460,1,111972.31,114715.24,114709.87,0.9715568942911949,0.3837820002643152,-0.06032165653711082,0,2.8548611111111115,BTC,2025-08-27 16:01:00+00:00,2025-08-27,2025Q3,2025,0.065022779712396,0.9097911527431316,0.910532324743018,113079.32,1756064700.0,2.496601187168929,-0.024201275075997536,0.08446386247752652,0.14488479456326378,S2-analog
bitcoin-above-108k-on-august-27,1756150200,16.73,2,0.878,12.0,0.8734763897190675,0.878,108000.0,1756310460,1,111972.31,111961.0,111903.57,0.9115534748437649,0.42957610295582926,-0.03601936924448857,0,1.854861111111111,BTC,2025-08-27 16:01:00+00:00,2025-08-27,2025Q3,2025,0.03807708512469743,0.8361120809661764,0.8361120809661764,111164.11,1756151100.0,6.640672004729313,0.00010101221662477911,0.15429591220182254,0.1536251232027467,S2-analog
bitcoin-above-108k-on-august-29,1756227600,5000.0,1,0.708,5000.0,0.708,0.708,108000.0,1756483260,1,108405.48,110153.84,110153.35,0.7342994381280937,0.3914791820465993,-0.019746707068911178,0,2.959027777777778,BTC,2025-08-29 16:01:00+00:00,2025-08-29,2025Q3,2025,0.026299438128093766,0.772561998662788,0.772561998662788,110109.04,1756232100.0,9.768842890495996,-0.015999292959835335,0.2151383043552658,0.37143288363891586,S2-analog
bitcoin-above-108k-on-august-29,1756314000,983.96657,4,0.898,983.96657,0.8961094584239788,0.8961094584239788,108000.0,1756483260,1,108405.48,112121.46,112101.6,0.9267340486259233,0.37637733633009973,-0.03745152084998292,0,1.9590277777777776,BTC,2025-08-29 16:01:00+00:00,2025-08-29,2025Q3,2025,0.030624590201944524,0.926,,111974.58,1756314900.0,5.860239517984096,-0.03370410674090718,0.06920331999999996,0.26671745824141835,S2-analog
bitcoin-above-108k-on-august-29,1756449900,20.408162,2,0.951001,20.408162,0.9510005099999697,0.9510005099999697,108000.0,1756483260,1,108405.48,111245.69,111245.865,0.9819609064761182,0.45191696814715987,-0.029609951598622127,0,0.3861111111111111,BTC,2025-08-29 16:01:00+00:00,2025-08-29,2025Q3,2025,0.030960396476148566,0.9097023719947729,0.9073917357442515,110545.0,1756451700.0,3.620947031432549,-0.025862537489546315,0.08454755035849715,0.1781944287065829,S2-analog
bitcoin-above-108k-on-september-1-961,1756340100,3909.28,2,0.79,3909.28,0.79,0.79,108000.0,1756742460,1,108778.09,111467.94,111482.33,0.8197682341617906,0.34482761136506707,-0.031605788797946184,0,4.656944444444444,BTC,2025-09-01 16:01:00+00:00,2025-09-01,2025Q3,2025,0.02976823416179053,0.82,0.82,111647.7,1756346400.0,7.48522186508391,-0.024427080456202562,0.16966800000000004,0.35251011673093136,S2-analog
bitcoin-above-108k-on-september-1-961,1756426500,909.090908,1,0.89,909.090908,0.89,0.89,108000.0,1756742460,1,108778.09,112428.76,112446.205,0.9189407330795684,0.33682112103431894,-0.04018854949186388,0,3.656944444444444,BTC,2025-09-01 16:01:00+00:00,2025-09-01,2025Q3,2025,0.028940733079568348,0.88,0.88,112236.46,1756428300.0,5.932073495339008,-0.03300984115012019,0.112608,0.3084248037719789,S2-analog
bitcoin-above-108k-on-september-1-961,1756518300,3991.517923,12,0.44,3185.267923,0.46918010051537906,0.4662647903487135,108000.0,1756742460,1,108778.09,108035.05,108024.26,0.5249216911251521,0.3140655530323931,-0.0003244843862839735,0,2.5944444444444446,BTC,2025-09-01 16:01:00+00:00,2025-09-01,2025Q3,2025,0.05574159060977302,0.47806426635694926,0.47806426635694926,107774.78,1756520100.0,15.066549213172939,0.006854223955459621,0.5044694159917829,0.4011999134487416,S2-analog
bitcoin-above-108k-on-september-1-961,1756681200,500.0,5,0.68,109.08,0.6854431999999999,0.69,108000.0,1756742460,1,108778.09,108900.46,108890.29,0.7477074068784377,0.3474453030328199,-0.008303026864543189,0,0.7090277777777778,BTC,2025-09-01 16:01:00+00:00,2025-09-01,2025Q3,2025,0.06226420687843781,0.6504519685782874,0.6512665521382854,108684.74,1756682100.0,22.58343464200564,-0.001124318522799684,0.33363253706114837,0.3590235109375914,S2-analog
bitcoin-above-108k-on-september-10,1757028600,20.0,1,0.72,20.0,0.72,0.72,108000.0,1757520060,1,113854.33,111118.15,111121.47,0.752417771567552,0.38956265034787474,-0.028462822515171397,0,5.688194444444445,BTC,2025-09-10 16:01:00+00:00,2025-09-10,2025Q3,2025,0.03241777156755199,0.7000128529846712,0.7000128529846712,110451.62,1757034000.0,7.009082000742106,0.024325774646042526,0.28528750691046356,0.1147861576847782,S2-analog
bitcoin-above-108k-on-september-10,1757172600,2631.0,9,0.76,2631.0,0.7628506271379704,0.7628506271379704,108000.0,1757520060,1,113854.33,110756.33,110763.92,0.8058452214119295,0.3342306872590749,-0.02520133592390501,0,4.021527777777778,BTC,2025-09-10 16:01:00+00:00,2025-09-10,2025Q3,2025,0.04299459427395913,0.76,0.76,110609.07,1757173500.0,8.895503837806196,0.02758726123730876,0.227232,-0.0181705882110422,S2-analog
bitcoin-above-108k-on-september-10,1757358900,1003.53125,4,0.92,1003.53125,0.9210326036184724,0.9210326036184724,108000.0,1757520060,1,113854.33,112228.59,112196.43,0.9513395309538869,0.36590984646020736,-0.03840654633932446,0,1.8652777777777778,BTC,2025-09-10 16:01:00+00:00,2025-09-10,2025Q3,2025,0.030306927335414513,0.95,0.95,112071.15,1757362500.0,5.290343901157493,0.014382050821889321,0.04667500000000004,-0.029410994851719226,S2-analog
bitcoin-above-108k-on-september-25,1758520800,85.01146,7,0.872,70.01146,0.8688239576170084,0.870714496169627,108000.0,1758816060,1,111587.58,113691.19,113580.205,0.9506083680060399,0.423978441174627,-0.05135468602156417,0,3.417361111111111,BTC,2025-09-25 16:01:00+00:00,2025-09-25,2025Q3,2025,0.0817844103890315,0.878,0.878,113010.87,1758521700.0,4.5567303949789215,-0.018676159714381326,0.11450188,0.19960410463200223,S2-analog
bitcoin-above-108k-on-september-25,1758686400,1109.1,12,0.932,1009.1,0.895332071048598,0.8940767020116935,108000.0,1758816060,1,111587.58,111683.09,111735.86,0.9205368558578151,0.4256617018620611,-0.03353407984519008,0,1.5006944444444446,BTC,2025-09-25 16:01:00+00:00,2025-09-25,2025Q3,2025,0.025204784809217062,0.959,0.959,112021.4,1758688200.0,6.987069008223964,-0.0008555535380073343,0.03824767000000003,0.04422548161028744,S2-analog
bitcoin-above-108k-on-september-26,1758805200,107.0,2,0.901,100.0,0.8776355140186916,0.8759999999999999,108000.0,1758902460,1,109029.12,111111.0,111166.37,0.9063680173444864,0.4403651632877808,-0.028398474521197956,0,1.1256944444444443,BTC,2025-09-26 16:01:00+00:00,2025-09-26,2025Q3,2025,0.0287325033257948,0.9079999999999999,0.9079999999999999,111275.11,1758806100.0,8.430516521352876,-0.018914699132771096,0.08615248000000007,0.2456131635352457,S2-analog
bitcoin-above-108k-on-september-29,1758884400,400.0,4,0.62,400.0,0.62,0.62,108000.0,1759161660,1,113869.4,108895.0,108951.99,0.646354645726917,0.28943411652790907,-0.008252888078352508,0,3.2090277777777776,BTC,2025-09-29 16:01:00+00:00,2025-09-29,2025Q3,2025,0.026354645726917036,0.7105263157894737,0.71,109121.28,1758889800.0,14.092599463516647,0.04466806243946589,0.2750761772853186,-0.35441293548542646,S2-analog
bitcoin-above-108k-on-september-3,1756321200,7.0,1,0.21,7.0,0.21,0.21,108000.0,1756915260,1,112322.28,111947.21,112010.13,0.7983076620539322,0.3624500885711703,-0.03589619376988286,0,6.875694444444445,BTC,2025-09-03 16:01:00+00:00,2025-09-03,2025Q3,2025,0.5883076620539323,0.81,0.81,112329.18,1756327500.0,6.291362215514698,0.0033448183226727954,0.17922699999999994,0.15818353638697508,S2-analog
bitcoin-above-108k-on-september-3,1756475100,8.0,1,0.65,8.0,0.65,0.65,108000.0,1756915260,1,112322.28,109716.57,109441.49,0.6824027783403767,0.3261781133124399,-0.015769177063899624,0,5.094444444444445,BTC,2025-09-03 16:01:00+00:00,2025-09-03,2025Q3,2025,0.03240277834037664,0.61,0.61,109106.14,1756476000.0,9.594756644599995,0.02347183502865601,0.373347,0.1481404548978478,S2-analog
bitcoin-above-108k-on-september-3,1756700100,20.0,1,0.45,20.0,0.45,0.45,108000.0,1756915260,1,112322.28,107729.97,107739.09,0.4911133117726274,0.3790612075266987,0.0025034086921199832,0,2.4902777777777776,BTC,2025-09-03 16:01:00+00:00,2025-09-03,2025Q3,2025,0.04111331177262739,0.4399203187250996,0.4399203187250996,107467.42,1756701000.0,12.683475002571809,0.04174442078467562,0.542832351042047,0.013368033522774714,S2-analog
bitcoin-above-108k-on-september-3,1756789200,72.46000000000001,2,0.8,0.0,0.7999999999999999,,108000.0,1756915260,1,112322.28,110310.56,110301.35999999999,0.8345766043739424,0.37712560698407455,-0.021168433446487396,0,1.4590277777777778,BTC,2025-09-03 16:01:00+00:00,2025-09-03,2025Q3,2025,0.0345766043739425,0.8137500000000001,0.8137500000000001,110145.14,1756791000.0,11.40117801810984,0.018072578646068177,0.1756407343749999,-0.030407952015113898,S2-analog
bitcoin-above-108k-on-september-5,1756866600,40.0,2,0.82,40.0,0.82,0.82,108000.0,1757088060,1,110630.99,111374.54,111367.79,0.8506338832398069,0.40095969586015867,-0.03076752846742742,0,2.5631944444444446,BTC,2025-09-05 16:01:00+00:00,2025-09-05,2025Q3,2025,0.03063388323980698,0.82,0.82,111078.95,1756869300.0,7.927024079699733,-0.0066985068367882775,0.16966800000000004,0.22276722499325402,S2-analog
bitcoin-above-108k-on-september-5,1756953000,20.0,1,0.89,20.0,0.89,0.89,108000.0,1757088060,1,110630.99,111430.46,111480.79,0.9159529334221181,0.38099146943824674,-0.0312694920784252,0,1.5631944444444446,BTC,2025-09-05 16:01:00+00:00,2025-09-05,2025Q3,2025,0.02595293342211813,0.91,0.91,111450.15,1756954800.0,7.40198378245222,-0.007200470447786119,0.08426699999999997,0.1375647654805393,S2-analog
bitcoin-above-108k-on-september-5,1757043000,28.0,1,0.92,28.0,0.92,0.92,108000.0,1757088060,1,110630.99,111131.15,111146.14,0.9574107318711744,0.512145295258976,-0.028579808260591692,0,0.5215277777777777,BTC,2025-09-05 16:01:00+00:00,2025-09-05,2025Q3,2025,0.037410731871174385,0.9300000000000002,,111311.77,1757044800.0,7.029879665090337,-0.004510786629952502,0.06544299999999985,0.0971532872034643,S2-analog
bitcoin-above-108k-on-september-8,1756988100,200.0,8,0.76,200.0,0.76,0.76,108000.0,1757347260,1,112633.75,111017.8,111083.3,0.7894201168385748,0.3683793180158737,-0.02755932169212672,0,4.156944444444445,BTC,2025-09-08 16:01:00+00:00,2025-09-08,2025Q3,2025,0.029420116838574817,0.7574893899587146,0.7574893899587146,110899.99,1756989000.0,8.045650029220027,0.014450855548271004,0.22965166505717716,0.11338513869297616,S2-analog
bitcoin-above-108k-on-september-8,1757081700,21363.0,23,0.85,21015.54,0.8688826475682254,0.8688641738446882,108000.0,1757347260,1,112633.75,112235.56,112134.78,0.9093563175783512,0.36079966527712165,-0.03846864979773642,0,3.073611111111111,BTC,2025-09-08 16:01:00+00:00,2025-09-08,2025Q3,2025,0.040473670010125806,0.8023332969189526,0.7973228345234,110618.64,1757085300.0,6.253404419062475,0.0035415274426613373,0.18656508265085925,0.1644184792906898,S2-analog
bitcoin-above-108k-on-september-8,1757173500,237.436682,4,0.88,179.966682,0.8693144445979076,0.869095521469913,108000.0,1757347260,1,112633.75,110609.07,110605.77,0.901975138423484,0.27393798109032547,-0.023870865834878498,0,2.011111111111111,BTC,2025-09-08 16:01:00+00:00,2025-09-08,2025Q3,2025,0.03266069382557635,0.8592135125441704,0.8591365035374303,110384.15,1757174400.0,9.967613712855032,0.01813931140551906,0.13231889178743203,-0.04848675731996743,S2-analog
bitcoin-above-109000-on-july-16,1752091200,16.0,1,0.67,0.0,0.67,,109000.0,1752681660,1,119007.64,111750.0,111834.17,0.7102028881079906,0.3295757867846361,-0.024916351264534554,0,6.834027777777778,BTC,2025-07-16 16:01:00+00:00,2025-07-16,2025Q3,2025,0.04020288810799055,0.65,0.65,110714.97,1752094800.0,7.687336394178809,0.06292345923768378,0.33407499999999996,-0.14963879824547333,S2-analog
bitcoin-above-110000-on-june-17,1749757500,1531.0,5,0.23,1031.0,0.23009797517962113,0.2301454898157129,110000.0,1750176060,0,104254.51,107541.01,107547.05,0.2628150247185402,0.3384040678134309,0.022608102600793656,0,4.844444444444444,BTC,2025-06-17 16:01:00+00:00,2025-06-17,2025Q2,2025,0.032717049538919046,0.2304761904761905,0.23362831858407082,106788.8,1749758400.0,8.550352739366748,-0.031037142057571524,-0.24289117460317464,0.022487338010896946,S2-analog
bitcoin-above-110000-on-june-17,1750109400,11552.556468,17,0.16,1705.176468,0.14791015677929442,0.16115612872950577,110000.0,1750176060,0,104254.51,108633.91,108646.16,0.18713711340642494,0.31072049375939426,0.012496760254296732,0,0.7715277777777778,BTC,2025-06-17 16:01:00+00:00,2025-06-17,2025Q2,2025,0.03922695662713052,0.17016610641524516,0.17016610641524516,108521.15,1750110300.0,18.928527823868883,-0.041148484404068465,-0.1800507786002356,0.5988294533522092,S2-analog
bitcoin-above-110k-on-august-22,1755844200,3399.228113,6,0.94,1706.088113,0.933733082799436,0.9300805351136047,110000.0,1755878460,1,116498.01,113243.91,113238.2,0.9625423993385581,0.5211780869728505,-0.02906362229037187,0,0.39652777777777776,BTC,2025-08-22 16:01:00+00:00,2025-08-22,2025Q3,2025,0.02880931653912211,0.9284768220485944,0.9284768220485944,112925.19,1755845100.0,5.631748943952682,0.028330203232011488,0.06687464504370601,-0.09267394709013956,S2-analog
bitcoin-above-110k-on-august-25,1755824400,42.96296,2,0.73,42.96296,0.73,0.73,110000.0,1756137660,1,112135.57,112630.87,112586.54,0.7677679849430339,0.39513051453834747,-0.023635468644707225,0,3.625694444444444,BTC,2025-08-25 16:01:00+00:00,2025-08-25,2025Q3,2025,0.037767984943033905,0.76,0.76,112394.19,1755825300.0,8.559553876541264,-0.00440724871309772,0.227232,0.26495608280707705,S2-analog
bitcoin-above-110k-on-august-25,1756063800,35856.815491,42,0.893,34962.815491,0.8718497750866261,0.8733711399475634,110000.0,1756137660,1,112135.57,114715.24,114709.87,0.9883903347544273,0.43776828592942624,-0.041972517868914296,0,0.8548611111111112,BTC,2025-08-25 16:01:00+00:00,2025-08-25,2025Q3,2025,0.11654055966780119,0.8829083703871407,0.8832639405204461,113079.32,1756064700.0,2.7017995528942342,-0.022744297937304717,0.10985494702073685,0.17130548101864,S2-analog
bitcoin-above-110k-on-august-27,1756063800,35457.615377,35,0.71,35138.615377,0.7794132561585594,0.7789369376950729,110000.0,1756310460,1,111972.31,114715.24,114709.87,0.9260334126213338,0.35559228374998914,-0.041972517868914296,0,2.8548611111111115,BTC,2025-08-27 16:01:00+00:00,2025-08-27,2025Q3,2025,0.14662015646277438,0.8091746553518461,0.7709168222360506,113079.32,1756064700.0,5.315831517737206,-0.024201275075997536,0.18001657237398921,0.3086664731924048,S2-analog
bitcoin-above-110k-on-august-27,1756150200,533.0,7,0.67,115.0,0.6980675422138837,0.6752173913043479,110000.0,1756310460,1,111972.31,111961.0,111903.57,0.765409512911324,0.3901565254256058,-0.017670230576291916,0,1.854861111111111,BTC,2025-08-27 16:01:00+00:00,2025-08-27,2025Q3,2025,0.0673419706974403,0.6677085427135678,0.6791417910447761,111164.11,1756151100.0,11.825210502401161,0.00010101221662477911,0.3167602881573698,0.3155657974324676,S2-analog
bitcoin-above-110k-on-august-27,1756238400,102.354073,3,0.78,82.354073,0.7421976003248352,0.733017143718842,110000.0,1756310460,1,111972.31,111116.03,111075.11,0.7689167274255768,0.32635216318799254,-0.010094604873613857,0,0.8340277777777777,BTC,2025-08-27 16:01:00+00:00,2025-08-27,2025Q3,2025,0.026719127100741646,0.8,0.8,111262.68,1756239300.0,20.84662955686164,0.007676637919302809,0.18879999999999997,0.028767973054137197,S2-analog
bitcoin-above-110k-on-august-29,1756227600,7.692306,1,0.480001,7.692306,0.480001,0.480001,110000.0,1756483260,0,108405.48,110153.84,110153.35,0.5212421108111772,0.3773272361262869,-0.0013975684007146432,0,2.959027777777778,BTC,2025-08-29 16:01:00+00:00,2025-08-29,2025Q3,2025,0.041241110811177206,0.465,0.465,109850.16,1756229400.0,11.73916435293209,-0.015999292959835335,-0.48241425000000004,-0.29459592041378374,S2-analog
bitcoin-above-110k-on-august-29,1756324800,19.54,4,0.76,19.54,0.76,0.76,110000.0,1756483260,0,108405.48,112080.69,112047.205,0.7896320985319217,0.3597839846582403,-0.01873869253430177,0,1.8340277777777778,BTC,2025-08-29 16:01:00+00:00,2025-08-29,2025Q3,2025,0.029632098531921724,0.7557204327136341,0.7557228714774185,111914.28,1756325700.0,12.053582867256141,-0.03334041709342263,-0.7686429269341267,-0.36677144666967393,S2-analog
bitcoin-above-110k-on-august-29,1756430100,520.0,3,0.86,520.0,0.8592307692307691,0.8592307692307691,110000.0,1756483260,0,108405.48,111926.35,111915.39,0.8961302869163775,0.36799717361420625,-0.01736069991029721,0,0.6152777777777777,BTC,2025-08-29 16:01:00+00:00,2025-08-29,2025Q3,2025,0.036899517685608396,0.8522792577072734,0.8522792577072734,111551.91,1756431000.0,13.763787552649072,-0.03196242446941797,-0.8610922104285182,-0.42116819036385705,S2-analog
bitcoin-above-110k-on-october-1,1758807000,25.09,2,0.6,25.09,0.6121721801514548,0.6121721801514548,110000.0,1759334460,1,117441.89,111617.01,111549.45,0.6618061388546139,0.33667656608613183,-0.014593091894983198,0,6.104861111111111,BTC,2025-10-01 16:01:00+00:00,2025-10-01,2025Q4,2025,0.04963395870315912,0.63,0.63,110945.67,1758814200.0,8.7232846914096,0.05087020037356047,0.35368299999999997,-0.090072240167619,S2-analog
bitcoin-above-110k-on-october-1,1759250700,7342.900757,18,0.955999,7342.900757,0.9331229571461491,0.9331229571461491,110000.0,1759334460,1,117441.89,112930.64,112950.6,0.9586709082869195,0.3237545257146154,-0.026293459154590075,0,0.9694444444444444,BTC,2025-10-01 16:01:00+00:00,2025-10-01,2025Q4,2025,0.025547951140770353,0.9569999999999999,0.9569999999999999,112841.24,1759251600.0,6.998843611550343,0.03916983311395379,0.040119430000000136,-0.23402410625508846,S2-analog
bitcoin-above-110k-on-september-1-557,1756394100,20.0,1,0.78,20.0,0.78,0.78,110000.0,1756742460,0,108778.09,113034.73,113046.86499999999,0.8162590237346447,0.32088672728155054,-0.027214750831827506,0,4.031944444444444,BTC,2025-09-01 16:01:00+00:00,2025-09-01,2025Q3,2025,0.036259023734644624,0.8,0.8,112567.14,1756395000.0,8.657631485461756,-0.038385181158280386,-0.8112,-0.47887524702891837,S2-analog
bitcoin-above-110k-on-september-1-557,1756495800,189.94,4,0.29,8.44,0.27146783194693064,0.29,110000.0,1756742460,0,108778.09,108643.13,108713.01000000001,0.31215221886897343,0.29998077914648474,0.012411891645947418,0,2.8548611111111115,BTC,2025-09-01 16:01:00+00:00,2025-09-01,2025Q3,2025,0.04068438692204279,0.2894737760603738,0.28996004342509657,108535.73,1756496700.0,13.39395907856843,0.0012414613194944592,-0.30387128569273436,-0.3204993678036687,S2-analog
bitcoin-above-110k-on-september-1-557,1756601100,1725.9,8,0.37,680.9,0.3489043397647604,0.3491760904684976,110000.0,1756742460,0,108778.09,109206.02,109203.96,0.38279411708526967,0.27570174647813983,0.007244175795986985,0,1.636111111111111,BTC,2025-09-01 16:01:00+00:00,2025-09-01,2025Q3,2025,0.033889777320509296,0.36470338983050843,0.35569023569023567,109389.08,1756602000.0,19.93764558499104,-0.003926254530465944,-0.38092202773987355,-0.30264175643497815,S2-analog
bitcoin-above-110k-on-september-10,1757081700,1250.0,5,0.68,1250.0,0.68,0.68,110000.0,1757520060,1,113854.33,112235.56,112134.78,0.7165393714739726,0.34295305003948423,-0.020119511129539754,0,5.073611111111111,BTC,2025-09-10 16:01:00+00:00,2025-09-10,2025Q3,2025,0.03653937147397257,0.58,0.58,110899.99,1757083500.0,8.803976914127643,0.01431994736347746,0.40294800000000003,0.27687551400042143,S2-analog
bitcoin-above-110k-on-september-10,1757172600,1952.582856,7,0.58,1952.582856,0.5801988135862235,0.5801988135862235,110000.0,1757520060,1,113854.33,110756.33,110763.92,0.6101221396119008,0.31029581065588363,-0.006852197255708438,0,4.021527777777778,BTC,2025-09-10 16:01:00+00:00,2025-09-10,2025Q3,2025,0.029923326025677266,0.55,,110384.15,1757174400.0,12.020000810255144,0.02758726123730876,0.432675,0.10107609757482833,S2-analog
bitcoin-above-110k-on-september-10,1757376900,993.12,16,0.77,702.12,0.7778036893829547,0.7797846521962057,110000.0,1757520060,1,113854.33,112027.42,112069.04,0.822042502280787,0.34762201688113303,-0.01826329696737414,0,1.6569444444444443,BTC,2025-09-10 16:01:00+00:00,2025-09-10,2025Q3,2025,0.04423881289783227,0.7650207017680746,0.7653896817050128,111665.22,1757377800.0,12.682303023746156,0.01617616152564311,0.22239581629752042,0.01724483406825056,S2-analog
bitcoin-above-110k-on-september-10,1757465100,502.086665,7,0.81,277.086665,0.8047301262223326,0.8004508816763161,110000.0,1757520060,1,113854.33,111256.28,111228.21,0.8434184263311308,0.29221491367524194,-0.011356003098926095,0,0.6361111111111112,BTC,2025-09-10 16:01:00+00:00,2025-09-10,2025Q3,2025,0.0386883001087982,0.8305613294755424,0.8159183673469387,111010.46,1757466000.0,21.32411989225682,0.023083455394091262,0.15958762600258228,-0.3326467443485822,S2-analog
bitcoin-above-110k-on-september-12,1757463300,964.705881,1,0.66,964.705881,0.66,0.66,110000.0,1757692860,1,115139.06,111414.0,111406.63,0.6857802502709668,0.3537325324489675,-0.012772627054097348,0,2.6569444444444446,BTC,2025-09-12 16:01:00+00:00,2025-09-12,2025Q3,2025,0.025780250270966754,0.66,0.66,111256.28,1757465100.0,12.162448638693004,0.03288762239353237,0.32429199999999997,-0.07570201821006739,S2-analog
bitcoin-above-110k-on-september-22,1758520800,1305.287095,23,0.936,1260.287095,0.9480298241284614,0.9484712648827053,110000.0,1758556860,1,112782.89,113691.19,113580.205,0.9906730791777848,0.541985934841318,-0.033005547353367574,0,0.41736111111111107,BTC,2025-09-22 16:01:00+00:00,2025-09-22,2025Q3,2025,0.042643255049323425,0.9438103761239186,0.9448332360343685,113010.87,1758521700.0,4.372212707352453,-0.008021269984230042,0.05247735937294919,0.0875480579271046,S2-analog
bitcoin-above-110k-on-september-23,1758520800,27.0,2,0.82,27.0,0.8772222222222223,0.8772222222222223,110000.0,1758643260,1,112897.11,113691.19,113580.205,0.9452043842675762,0.4206962877538318,-0.033005547353367574,0,1.417361111111111,BTC,2025-09-23 16:01:00+00:00,2025-09-23,2025Q3,2025,0.0679821620453539,0.8550000000000001,,112947.74,1758523500.0,7.002988324118169,-0.007009040192023678,0.1363217499999999,0.1854059766280167,S2-analog
bitcoin-above-110k-on-september-24,1758608100,18944.14,14,0.858,18944.14,0.8679883552380842,0.8679883552380842,110000.0,1758729660,1,113316.53,112744.89,112824.63,0.8958332064109006,0.36720291446771414,-0.02464729005556048,0,1.4069444444444446,BTC,2025-09-24 16:01:00+00:00,2025-09-24,2025Q3,2025,0.02784485117281643,0.901,0.901,112924.21,1758609900.0,9.874907070622552,0.0050573973959403135,0.09275606999999998,0.0428147406958809,S2-analog
bitcoin-above-110k-on-september-25,1758520800,27.0,2,0.732,27.0,0.7844444444444444,0.7844444444444444,110000.0,1758816060,1,111587.58,113691.19,113580.205,0.8755354649794246,0.367898217077041,-0.033005547353367574,0,3.417361111111111,BTC,2025-09-25 16:01:00+00:00,2025-09-25,2025Q3,2025,0.0910910205349802,0.7873015873015873,0.7873015873015873,113010.87,1758521700.0,7.411592324559346,-0.018676159714381326,0.20097636684303352,0.33939644883438663,S2-analog
bitcoin-above-110k-on-september-25,1758686400,2104.995037,23,0.732,1704.995037,0.7332304283285761,0.7347507678458052,110000.0,1758816060,1,111587.58,111683.09,111735.86,0.7671144964080683,0.3803258882481617,-0.015184941176993554,0,1.5006944444444446,BTC,2025-09-25 16:01:00+00:00,2025-09-25,2025Q3,2025,0.03388406807949218,0.85,0.85,112021.4,1758688200.0,13.57775100372157,-0.0008555535380073343,0.141075,0.15269149290941664,S2-analog
bitcoin-above-110k-on-september-25,1758775500,5.0,1,0.865,0.0,0.865,,110000.0,1758816060,1,111587.58,111898.98,111857.97,0.8910415131853229,0.44591287960543163,-0.017116134202417536,0,0.4694444444444444,BTC,2025-09-25 16:01:00+00:00,2025-09-25,2025Q3,2025,0.026041513185322884,0.920823636338993,0.920823636338993,111848.01,1758777300.0,14.189294134662077,-0.0027867465634312163,0.0740728409641171,0.11361480763140136,S2-analog
bitcoin-above-110k-on-september-26,1758807000,445.0,10,0.66,435.0,0.7082022471910112,0.7067816091954022,110000.0,1758902460,0,109029.12,111617.01,111549.45,0.7579345767571849,0.4235128171716159,-0.014593091894983198,0,1.104861111111111,BTC,2025-09-26 16:01:00+00:00,2025-09-26,2025Q3,2025,0.04973232956617368,0.6988709677419355,0.6988709677419355,110720.91,1758807900.0,14.174333751682589,-0.023458455174752965,-0.7136024914151925,-0.38109451846935843,S2-analog
bitcoin-above-110k-on-september-27,1758879000,700.986841,3,0.38,394.736841,0.3712623181467111,0.38,110000.0,1758988860,0,109380.08,109646.73,109736.21,0.41185191342941774,0.26794856239086856,0.0032167135346311765,0,1.2715277777777778,BTC,2025-09-27 16:01:00+00:00,2025-09-27,2025Q3,2025,0.040589595282706614,0.37,,109415.6,1758879900.0,24.668719719090678,-0.0024348629442895275,-0.386317,-0.3262520484729218,S2-analog
bitcoin-above-110k-on-september-28,1758807000,111.09,3,0.64,111.09,0.6427491223332433,0.6427491223332433,110000.0,1759075260,1,110063.38,111617.01,111549.45,0.7300766884774317,0.3253224388069155,-0.014593091894983198,0,3.104861111111111,BTC,2025-09-28 16:01:00+00:00,2025-09-28,2025Q3,2025,0.08732756614418835,0.73,,111499.52,1758810600.0,11.898051841784733,-0.014017076005811443,0.256203,0.42297889698738145,S2-analog
bitcoin-above-110k-on-september-28,1758896100,5.0,1,0.34,5.0,0.34,0.34,110000.0,1759075260,1,110063.38,109309.0,109308.275,0.3789111895003151,0.2615994836221826,0.0063016318223611985,0,2.073611111111111,BTC,2025-09-28 16:01:00+00:00,2025-09-28,2025Q3,2025,0.03891118950031508,0.34,0.34,108937.15,1758899700.0,19.164034834147834,0.0068776477115330414,0.6442919999999999,0.5124885196791835,S2-analog
bitcoin-above-110k-on-september-28,1758993300,5.0,1,0.22,5.0,0.22000000000000003,0.22000000000000003,110000.0,1759075260,1,110063.38,109325.21,109377.59,0.2552580396805006,0.1832797122561475,0.006153347617161083,0,0.9486111111111111,BTC,2025-09-28 16:01:00+00:00,2025-09-28,2025Q3,2025,0.035258039680500564,0.240001,0.240001,109307.61,1758994200.0,34.26717425466446,0.00672936350633288,0.74723096360007,0.5166346917055814,S2-analog
bitcoin-above-110k-on-september-29,1758954600,76.0,2,0.41,76.0,0.41,0.41,110000.0,1759161660,1,113869.4,109547.53,109600.94,0.46610743580202807,0.2259218031042192,0.004121846787414484,0,2.3965277777777776,BTC,2025-09-29 16:01:00+00:00,2025-09-29,2025Q3,2025,0.056107435802028094,0.38,,109287.63,1758960900.0,21.202412419134458,0.038693658637036214,0.603508,-0.2168909084276458,S2-analog
bitcoin-above-110k-on-september-29,1759055400,15.0,3,0.37,15.0,0.37000000000000005,0.37000000000000005,110000.0,1759161660,1,113869.4,109441.7,109482.95000000001,0.3992790285749202,0.29058849104286294,0.005088378413090419,0,1.229861111111111,BTC,2025-09-29 16:01:00+00:00,2025-09-29,2025Q3,2025,0.029279028574920152,0.36,0.36,109272.24,1759059000.0,22.540803883809094,0.03966019026271217,0.623872,-0.2701005707063501,S2-analog
bitcoin-above-110k-on-september-3,1756474200,37.91,1,0.52,37.91,0.52,0.52,110000.0,1756915260,1,112322.28,110503.36,110400.63,0.5662421053567704,0.3202187703810883,-0.00456556194291964,0,5.104861111111111,BTC,2025-09-03 16:01:00+00:00,2025-09-03,2025Q3,2025,0.046242105356770424,0.38,,108759.46,1756476900.0,10.480334372649322,0.0163263114814395,0.603508,0.43240279660249037,S2-analog
bitcoin-above-110k-on-september-3,1756630800,5.0,1,0.39,5.0,0.39,0.39,110000.0,1756915260,1,112322.28,109011.67,109013.43,0.41591493746553765,0.3302352992061979,0.009025425074053642,0,3.2923611111111106,BTC,2025-09-03 16:01:00+00:00,2025-09-03,2025Q3,2025,0.025914937465537635,0.41999999999999993,0.41999999999999993,109053.67,1756631700.0,12.147430868460624,0.029917298498412712,0.5629480000000001,0.19952968471943083,S2-analog
bitcoin-above-110k-on-september-3,1756722600,560.22,6,0.27,530.22,0.2816739852200921,0.2817686997849949,110000.0,1756915260,1,112322.28,108859.99,108856.56,0.3579113338114815,0.3458472620091761,0.010417804647472405,0,2.229861111111111,BTC,2025-09-03 16:01:00+00:00,2025-09-03,2025Q3,2025,0.07623734859138936,0.2855407209612817,0.29594202898550726,108345.12,1756723500.0,13.629491302756996,0.031309678071831486,0.7001787738043248,0.2734437888321761,S2-analog
bitcoin-above-110k-on-september-3,1756813500,191.222221,4,0.45,141.222221,0.46045903551135936,0.45000000000000007,110000.0,1756915260,1,112322.28,109912.29,109945.87,0.49419979436030304,0.33330647979019307,0.0007976816998342326,0,1.1777777777777778,BTC,2025-09-03 16:01:00+00:00,2025-09-03,2025Q3,2025,0.033740758848943675,0.4276375404530744,0.4276375404530744,109733.34,1756814400.0,21.04277199886749,0.02168955512419314,0.5552290023355433,0.098820639100279,S2-analog
bitcoin-above-110k-on-september-5,1756816200,780.0,2,0.38,780.0,0.4088461538461538,0.4088461538461538,110000.0,1757088060,1,110630.99,109432.11,109424.91,0.44034043075573687,0.37316245665007713,0.0051760088153402824,0,3.146527777777778,BTC,2025-09-05 16:01:00+00:00,2025-09-05,2025Q3,2025,0.03149427690958306,0.3814746345003273,0.38165202335372234,108762.0,1756817100.0,11.35552852305076,0.010895891777783044,0.6020087438583509,0.4782801339916613,S2-analog
bitcoin-above-110k-on-september-5,1756929600,113.867726,2,0.79,113.867726,0.7804470098928648,0.7804470098928648,110000.0,1757088060,1,110630.99,112193.74,112234.19,0.8116070470282232,0.35311563833506315,-0.019746832513298278,0,1.8340277777777778,BTC,2025-09-05 16:01:00+00:00,2025-09-05,2025Q3,2025,0.03116003713535842,0.8,0.8,112113.69,1756930500.0,11.79084262841577,-0.014026949550855601,0.18879999999999997,0.35418955471086566,S2-analog
bitcoin-above-110k-on-september-5,1757033100,849.73,5,0.59,226.73,0.5999325668153414,0.599747276496273,110000.0,1757088060,1,110630.99,110730.69,110735.07,0.6538763444012883,0.4076137826492478,-0.006620671271797303,0,0.6361111111111112,BTC,2025-09-05 16:01:00+00:00,2025-09-05,2025Q3,2025,0.05394377758594693,0.6205089726870305,0.6205089726870305,110451.62,1757034000.0,21.80677848640972,-0.000900788309354525,0.3630075961878353,0.38265088731307695,S2-analog
bitcoin-above-110k-on-september-8,1757080800,5441.95,16,0.78,5198.6,0.7844887953766573,0.7838193167391221,110000.0,1757347260,1,112633.75,113084.16,112953.11499999999,0.8378950969729958,0.35190817776913136,-0.02765195447091653,0,3.0840277777777776,BTC,2025-09-08 16:01:00+00:00,2025-09-08,2025Q3,2025,0.053406301596338523,0.6896238160091718,0.6896238160091718,112235.56,1757081700.0,8.676326087520474,-0.003990915898715337,0.29539318740267984,0.33001967512780395,S2-analog
bitcoin-above-110k-on-september-8,1757175300,1522.0890299999999,5,0.53,1519.23903,0.5402884675543586,0.5402327305269402,110000.0,1757347260,1,112633.75,110314.99,110338.7,0.5826835360052204,0.27065186279112835,-0.002859453318410881,0,1.9902777777777778,BTC,2025-09-08 16:01:00+00:00,2025-09-08,2025Q3,2025,0.04239506845086183,0.5323228986378359,0.5323228986378359,110223.71,1757177100.0,19.785307787623605,0.020801585253790097,0.45025023524650876,0.03868446852977919,S2-analog
bitcoin-above-110k-on-september-8,1757284200,9.090908,1,0.780001,9.090908,0.780001,0.780001,110000.0,1757347260,1,112633.75,111327.5,111336.62,0.8053212378604374,0.3443733385828148,-0.011995941933916694,0,0.7298611111111111,BTC,2025-09-08 16:01:00+00:00,2025-09-08,2025Q3,2025,0.025320237860437356,0.8452173701394659,0.8400042018219099,111281.58,1757286900.0,19.241053780897,0.01166509663828436,0.14562488214575478,-0.07882386963083537,S2-analog
bitcoin-above-112k-on-august-20,1755615600,2204.783156,4,0.802,5.263156,0.8000463045808938,0.81,112000.0,1755705660,1,113403.43,113882.66,113912.09,0.8423644545347148,0.36456058313450657,-0.016669748762568427,0,1.042361111111111,BTC,2025-08-20 16:01:00+00:00,2025-08-20,2025Q3,2025,0.042318149953820994,0.8509119488386233,0.8509119488386233,113652.0,1755616500.0,14.318416087233603,-0.004216982307859806,0.14020779487001714,0.20058830218645649,S2-analog
bitcoin-above-112k-on-august-22-276,1755704700,53.6,9,0.7,53.6,0.7148507462686566,0.7148507462686566,112000.0,1755878460,1,116498.01,113910.4,113867.95,0.7479381282902203,0.38870421496185925,-0.016913303154762128,0,2.011111111111111,BTC,2025-08-22 16:01:00+00:00,2025-08-22,2025Q3,2025,0.033087382021563694,0.7067796610169491,0.70525,113353.94,1755705600.0,11.741703934115483,0.022462016864942834,0.2787133869577708,0.014971035166503222,S2-analog
bitcoin-above-112k-on-august-22-276,1755808200,172.60465,14,0.58,37.60465,0.5856426840180725,0.5779777367958484,112000.0,1755878460,1,116498.01,112457.05,112377.72,0.6222721591339253,0.41565539445397465,-0.004072499675912782,0,0.8131944444444444,BTC,2025-08-22 16:01:00+00:00,2025-08-22,2025Q3,2025,0.036629475115852794,0.5940928113542988,0.5922782420604421,112359.26,1755809100.0,19.940356895887273,0.035302820343792146,0.38902693064610006,-0.31492390644050516,S2-analog
bitcoin-above-112k-on-august-25-588,1755742500,40.0,4,0.7,40.0,0.7,0.7,112000.0,1756137660,1,112135.57,114254.14,114274.955,0.7314438852368279,0.3344306446940645,-0.019926394146551046,0,4.573611111111111,BTC,2025-08-25 16:01:00+00:00,2025-08-25,2025Q3,2025,0.03144388523682795,0.7000000000000001,0.7,114013.96,1755743400.0,9.340052107460968,-0.01871667971761975,0.28529999999999994,0.46011476384122624,S2-analog
bitcoin-above-112k-on-august-25-588,1756063800,41406.388665,74,0.648,37338.448665,0.6821541919220243,0.6933646457157203,112000.0,1756137660,1,112135.57,114715.24,114709.87,0.9328086958371422,0.3607071683663721,-0.02395401236623588,0,0.8548611111111112,BTC,2025-08-25 16:01:00+00:00,2025-08-25,2025Q3,2025,0.2506545039151179,0.6576982653544907,0.66,113079.32,1756064700.0,9.021034966532245,-0.022744297937304717,0.32654254664821636,0.5317196536298694,S2-analog
bitcoin-above-112k-on-august-27,1755786600,15.5,2,0.62,15.5,0.6306451612903226,0.6306451612903226,112000.0,1756310460,0,111972.31,113742.84,113707.36,0.6634118541003733,0.3451415702919786,-0.015441239499897012,0,6.063194444444444,BTC,2025-08-27 16:01:00+00:00,2025-08-27,2025Q3,2025,0.032766692810050735,0.65,0.65,113190.96,1755787500.0,8.507253943749452,-0.01568850220965861,-0.665925,-0.5324589277053597,S2-analog
bitcoin-above-112k-on-august-27,1755950400,5.0,1,0.82,5.0,0.82,0.82,112000.0,1756310460,0,111972.31,115310.13,115217.255,0.8492400766935149,0.2927987912352985,-0.029126409883010723,0,4.167361111111111,BTC,2025-08-27 16:01:00+00:00,2025-08-27,2025Q3,2025,0.029240076693514916,0.84,0.84,115179.17,1755954900.0,8.387402050622958,-0.02937367259277236,-0.8494079999999999,-0.6030391982610537,S2-analog
bitcoin-above-112k-on-august-27,1756063800,110268.798851,100,0.62,108036.398851,0.5842036981904224,0.5844745526075588,112000.0,1756310460,0,111972.31,114715.24,114709.87,0.8026787912260704,0.33453326601438077,-0.02395401236623588,0,2.8548611111111115,BTC,2025-08-27 16:01:00+00:00,2025-08-27,2025Q3,2025,0.21847509303564805,0.5943073202721535,0.5921994941163531,113079.32,1756064700.0,9.831831198185927,-0.024201275075997536,-0.6111847493261695,-0.3732418979980974,S2-analog
bitcoin-above-112k-on-august-27,1756150200,223.0,3,0.4,223.0,0.46439461883408073,0.46439461883408073,112000.0,1756310460,0,111972.31,111961.0,111903.57,0.501716105482656,0.368971958585459,0.0003482749263863001,0,1.854861111111111,BTC,2025-08-27 16:01:00+00:00,2025-08-27,2025Q3,2025,0.037321486648575264,0.389796863076384,0.3824311993652357,111164.11,1756151100.0,15.161989198134618,0.00010101221662477911,-0.40644673187923763,-0.40797827801658215,S2-analog
bitcoin-above-112k-on-august-27,1756236600,5549.827585,7,0.23,549.827585,0.23589021092985904,0.2894543744108437,112000.0,1756310460,0,111972.31,111118.5,111108.06,0.2901621341500244,0.3118063924573206,0.007901671860203864,0,0.8548611111111112,BTC,2025-08-27 16:01:00+00:00,2025-08-27,2025Q3,2025,0.05427192322016536,0.24,0.24,110834.17,1756237500.0,22.959056823415228,0.007654409150442251,-0.252768,-0.4285060146346731,S2-analog
bitcoin-above-112k-on-august-29,1756200600,121.0,2,0.31,5.0,0.3104132231404959,0.32,112000.0,1756483260,0,108405.48,110331.45,110305.12,0.33884894506620694,0.40504710317281717,0.015009854218231582,0,3.271527777777778,BTC,2025-08-29 16:01:00+00:00,2025-08-29,2025Q3,2025,0.028435721925711033,0.31000000000000005,0.31,110152.89,1756202400.0,9.562414885021948,-0.01761037584356755,-0.32497300000000007,-0.15657527990263878,S2-analog
bitcoin-above-112k-on-august-29,1756324800,20.0,1,0.48,20.0,0.48,0.48,112000.0,1756483260,0,108405.48,112080.69,112047.205,0.5162258440870753,0.3425406876667096,-0.0007201870316234745,0,1.8340277777777778,BTC,2025-08-29 16:01:00+00:00,2025-08-29,2025Q3,2025,0.0362258440870753,0.4566128923694139,0.44473398182745244,111914.28,1756325700.0,16.427622947534683,-0.03334041709342263,-0.47398112149181554,0.07372267943247163,S2-analog
bitcoin-above-112k-on-august-29,1756427400,781.25,2,0.6,781.25,0.6016,0.6016,112000.0,1756483260,0,108405.48,112600.0,112582.39,0.6466485311660621,0.3359929845510328,-0.0053428444104954695,0,0.6465277777777778,BTC,2025-08-29 16:01:00+00:00,2025-08-29,2025Q3,2025,0.04504853116606211,0.5836825398742655,0.5836825398742655,112236.46,1756428300.0,26.338027134471215,-0.03796307447229457,-0.600692346150679,0.3991801394085669,S2-analog
bitcoin-above-112k-on-october-1,1759094100,202.0,3,0.32,202.0,0.3398019801980198,0.3398019801980198,112000.0,1759334460,1,117441.89,110861.61,110891.52,0.3833153724042582,0.297442178315363,0.010216204587314214,0,2.7819444444444446,BTC,2025-10-01 16:01:00+00:00,2025-10-01,2025Q4,2025,0.0435133922062384,0.41823694029850744,0.41823694029850744,110833.99,1759096800.0,14.145371609180199,0.05766099135317976,0.564731023556715,-0.2509051264877389,S2-analog
bitcoin-above-112k-on-october-1,1759224600,520.99,9,0.7,257.84000000000003,0.720906351369508,0.7344865032578342,112000.0,1759334460,1,117441.89,113254.29,113293.63,0.7594165757843585,0.2885170992703548,-0.0111367731452917,0,1.2715277777777778,BTC,2025-10-01 16:01:00+00:00,2025-10-01,2025Q4,2025,0.038510224414850525,0.69,0.69,112983.67,1759225500.0,19.0217290489867,0.03630801362057388,0.29502700000000004,-0.39561419739747483,S2-analog
bitcoin-above-112k-on-october-2,1759135500,305.57,6,0.53,305.57,0.5201822822921098,0.5201822822921098,112000.0,1759420860,1,119839.19,112260.24,112281.55,0.5463600593892529,0.3155205543058719,-0.00232087611084769,0,3.302777777777778,BTC,2025-10-02 16:01:00+00:00,2025-10-02,2025Q4,2025,0.026177777097143085,0.525,0.525,112099.75,1759136400.0,13.266177688319413,0.0653310133281088,0.45754374999999997,-0.4091490813686552,S2-analog
bitcoin-above-112k-on-september-1-483,1756307700,40.0,2,0.49,40.0,0.49000000000000005,0.49000000000000005,112000.0,1756742460,0,108778.09,111985.28,111970.34,0.5152877868172184,0.3300700198902149,0.0001314372089202182,0,5.031944444444444,BTC,2025-09-01 16:01:00+00:00,2025-09-01,2025Q3,2025,0.025287786817218383,0.53,0.53,112000.0,1756310400.0,10.291292572343506,-0.029057498620211075,-0.5474370000000001,-0.24839778027894016,S2-analog
bitcoin-above-112k-on-september-1-483,1756394100,20.0,1,0.59,20.0,0.59,0.59,112000.0,1756742460,0,108778.09,113034.73,113046.86499999999,0.6245788139848747,0.30497177322103936,-0.009196245329149321,0,4.031944444444444,BTC,2025-09-01 16:01:00+00:00,2025-09-01,2025Q3,2025,0.03457881398487472,0.63,0.63,113006.27,1756398600.0,11.997927293800121,-0.038385181158280386,-0.646317,-0.18577438730360563,S2-analog
bitcoin-above-112k-on-september-1-483,1756486800,103.0,2,0.09,103.0,0.09097087378640777,0.09097087378640777,112000.0,1756742460,0,108778.09,108705.67,108693.61,0.12083509927186759,0.30722468073016995,0.02985491661479265,0,2.959027777777778,BTC,2025-09-01 16:01:00+00:00,2025-09-01,2025Q3,2025,0.02986422548545982,0.10999999999999999,0.10999999999999999,108227.99,1756487700.0,7.935263236287887,0.0006659807856615504,-0.11685299999999998,-0.1221377328445342,S2-analog
bitcoin-above-112k-on-september-10,1757081700,2500.0,6,0.46,2500.0,0.48,0.48,112000.0,1757520060,1,113854.33,112235.56,112134.78,0.5327718713439676,0.3302938110564673,-0.002101005626861425,0,5.073611111111111,BTC,2025-09-10 16:01:00+00:00,2025-09-10,2025Q3,2025,0.05277187134396766,0.42,0.42,110618.64,1757085300.0,10.238569489445677,0.01431994736347746,0.5629480000000001,0.4163322238338317,S2-analog
bitcoin-above-112k-on-september-10,1757380500,558.1700000000001,6,0.41,264.0,0.40971030331261077,0.41075757575757577,112000.0,1757520060,1,113854.33,111565.7,111534.9,0.4543078744028491,0.3015372413733822,0.0038852162591100354,0,1.6152777777777778,BTC,2025-09-10 16:01:00+00:00,2025-09-10,2025Q3,2025,0.04459757109023832,0.38,,111220.9,1757384100.0,19.479614049261333,0.020306169249448884,0.603508,0.2079516602017571,S2-analog
bitcoin-above-112k-on-september-12,1757426400,2171.67,6,0.56,2171.67,0.56,0.56,112000.0,1757692860,1,115139.06,112760.58,112761.85,0.6069186025648144,0.3494310418451893,-0.006767938605556126,0,3.0840277777777776,BTC,2025-09-12 16:01:00+00:00,2025-09-12,2025Q3,2025,0.04691860256481439,0.46,0.46,111395.27,1757430900.0,12.187330271167852,0.020873805339395413,0.5226120000000001,0.2682160403127212,S2-analog
bitcoin-above-112k-on-september-12,1757528100,41.324847,3,0.71,41.324847,0.7249435665182258,0.7249435665182258,112000.0,1757692860,1,115139.06,113772.84,113752.41,0.7509568558478098,0.36507279922534386,-0.01570495758889969,0,1.9069444444444443,BTC,2025-09-12 16:01:00+00:00,2025-09-12,2025Q3,2025,0.026013289329584022,0.74,0.74,113584.85,1757530800.0,12.763307832176206,0.011936786356051637,0.246532,0.09417912121079206,S2-analog
bitcoin-above-112k-on-september-12,1757647800,7726.665875000001,14,0.98,7626.665875000001,0.9450112109319078,0.9445524417968552,112000.0,1757692860,1,115139.06,115210.48,115256.29,0.9717353468982489,0.4403384665965007,-0.028261845051196832,0,0.5215277777777777,BTC,2025-09-12 16:01:00+00:00,2025-09-12,2025Q3,2025,0.026724135966341156,0.979233748801534,0.979233748801534,115252.33,1757648700.0,5.750686455675602,-0.0006201011062454852,0.019342800217792007,0.022908807250627376,S2-analog
bitcoin-above-112k-on-september-13,1757593800,750.0,1,0.78,750.0,0.78,0.78,112000.0,1757779260,1,115768.69,114380.61,113899.05,0.8114911398632886,0.35278220833467466,-0.021032700278047038,0,2.146527777777778,BTC,2025-09-13 16:01:00+00:00,2025-09-13,2025Q3,2025,0.03149113986328855,0.8005457702803276,0.8005457702803276,113863.86,1757594700.0,11.014445329194736,0.012062577041042645,0.1882771729220101,0.05541457757424628,S2-analog
bitcoin-above-112k-on-september-16,1757943000,400.0,4,0.932,0.0,0.933768225,,112000.0,1758038460,1,115943.01,115042.44,115032.015,0.9593400539393807,0.30679291867655994,-0.026802232466621063,0,1.104861111111111,BTC,2025-09-16 16:01:00+00:00,2025-09-16,2025Q3,2025,0.025571828939380703,0.9624693576970104,0.9624693576970104,114679.56,1757948400.0,6.789745697268029,0.00779767351720168,0.035002095779597606,-0.017942124432523354,S2-analog
bitcoin-above-112k-on-september-17,1758038400,94.736791,2,0.948,94.736791,0.947222194564306,0.947222194564306,112000.0,1758124860,1,115835.5,115905.88,115994.93,0.974295716913703,0.3791979662208458,-0.034279611154570705,0,1.0006944444444446,BTC,2025-09-17 16:01:00+00:00,2025-09-17,2025Q3,2025,0.027073522349396972,0.959068376068376,0.959068376068376,115760.41,1758039300.0,4.604601963181756,-0.0006074012518940021,0.03818368810504789,0.04098052910195807,S2-analog
bitcoin-above-112k-on-september-22,1758501900,1467.71,14,0.955,1467.71,0.9499853853962976,0.9499853853962976,112000.0,1758556860,1,112782.89,114846.87,114937.87,0.9787915146424476,0.31217854765685465,-0.025100804530028997,0,0.6361111111111112,BTC,2025-09-22 16:01:00+00:00,2025-09-22,2025Q3,2025,0.028806129246150003,0.9455084133241375,0.9455084133241375,114407.28,1758502800.0,4.850597509672184,-0.018135032663569823,0.05088502891984385,0.13885077319557937,S2-analog
bitcoin-above-112k-on-september-23,1758520800,15.0,1,0.584,0.0,0.584,,112000.0,1758643260,1,112897.11,113691.19,113580.205,0.8018690035181739,0.34740547542638023,-0.014987041850689303,0,1.417361111111111,BTC,2025-09-23 16:01:00+00:00,2025-09-23,2025Q3,2025,0.21786900351817395,0.6546372440347704,0.6546372440347704,113010.87,1758521700.0,14.609610000779533,-0.007009040192023678,0.32953664337221644,0.43193598705747127,S2-analog
bitcoin-above-112k-on-september-23,1758610800,75.05,4,0.783,28.03,0.7652429047301799,0.7827135212272565,112000.0,1758643260,1,112897.11,112974.96,113065.365,0.8162904473235828,0.3408524093812509,-0.008667329941553326,0,0.3756944444444445,BTC,2025-09-23 16:01:00+00:00,2025-09-23,2025Q3,2025,0.05104754259340294,0.8185305740492663,0.8185305740492663,112966.27,1758611700.0,26.763138653594822,-0.000689328282887652,0.17107174681302453,0.1895203352257912,S2-analog
bitcoin-above-112k-on-september-24,1758520800,45.0,3,0.57,45.0,0.5599999999999999,0.5599999999999999,112000.0,1758729660,1,113316.53,113691.19,113580.205,0.7611057702637174,0.3245005923879917,-0.014987041850689303,0,2.417361111111111,BTC,2025-09-24 16:01:00+00:00,2025-09-24,2025Q3,2025,0.20110577026371745,0.6534615384615385,0.6534615384615385,113010.87,1758521700.0,12.955370992455126,-0.003300859901866822,0.3306869926035502,0.3734508572263539,S2-analog
bitcoin-above-112k-on-september-24,1758629700,150.0,2,0.7,150.0,0.7006666666666667,0.7006666666666667,112000.0,1758729660,1,113316.53,112999.99,113060.62,0.7334525097204709,0.29967066409430015,-0.008888858921666888,0,1.1569444444444443,BTC,2025-09-24 16:01:00+00:00,2025-09-24,2025Q3,2025,0.032785843053804276,0.7350841603056315,0.7350841603056315,112852.01,1758630600.0,20.672624301203133,0.0027973230271554064,0.25128435906423074,0.1934563510747428,S2-analog
bitcoin-above-112k-on-september-25,1758520800,130.0,4,0.56,130.0,0.5453846153846155,0.5453846153846155,112000.0,1758816060,0,111587.58,113691.19,113580.205,0.7172721571077072,0.33162999259615533,-0.014987041850689303,0,3.417361111111111,BTC,2025-09-25 16:01:00+00:00,2025-09-25,2025Q3,2025,0.17188754172309173,0.6387640449438202,0.6387640449438202,113010.87,1758521700.0,11.23021957754035,-0.018676159714381326,-0.6549161627319783,-0.4451787882742627,S2-analog
bitcoin-above-112k-on-september-25,1758686400,1616.0,19,0.42,1016.0,0.4161943069306931,0.41394685039370077,112000.0,1758816060,0,111587.58,111683.09,111735.86,0.4697012782365232,0.3515501651484104,0.0028335643256846396,0,1.5006944444444446,BTC,2025-09-25 16:01:00+00:00,2025-09-25,2025Q3,2025,0.0535069713058301,0.45,0.45,111475.67,1758687300.0,17.53270662169138,-0.0008555535380073343,-0.467325,-0.4523248308189673,S2-analog
bitcoin-above-112k-on-september-25,1758773700,10947.142856,32,0.49,10303.492856,0.4961119054280163,0.49514557563962225,112000.0,1758816060,0,111587.58,112279.96,112273.15,0.5289589333493957,0.5789592193424686,-0.0024965239462971483,0,0.4902777777777778,BTC,2025-09-25 16:01:00+00:00,2025-09-25,2025Q3,2025,0.03284702792137939,0.5005113972025172,0.5005113972025172,111942.8,1758774600.0,18.69386703675752,-0.006185641809989232,-0.5180113788956203,-0.4023778133626735,S2-analog
bitcoin-above-112k-on-september-26,1758686400,1306.0,14,0.45,1100.0,0.44846860643185305,0.4509090909090909,112000.0,1758902460,0,109029.12,111683.09,111735.86,0.478766255335168,0.3630175317227532,0.0028335643256846396,0,2.5006944444444446,BTC,2025-09-26 16:01:00+00:00,2025-09-26,2025Q3,2025,0.030297648903314933,0.4988349514563106,0.4988349514563106,111475.67,1758687300.0,13.197850416598015,-0.024050304456763157,-0.516334856442643,-0.19892253574864227,S2-analog
bitcoin-above-112k-on-september-26,1758802500,6.0,1,0.4,6.0,0.4000000000000001,0.4000000000000001,112000.0,1758902460,0,109029.12,111559.59,111543.32,0.42696244024143426,0.37124599148247683,0.003939983694943933,0,1.1569444444444443,BTC,2025-09-26 16:01:00+00:00,2025-09-26,2025Q3,2025,0.026962440241434182,0.43,,111125.76,1758803400.0,18.712984689517,-0.02294388508750383,-0.44715699999999997,-0.017808429639503354,S2-analog
bitcoin-above-112k-on-september-27,1758843000,340.0,5,0.11,320.0,0.10764705882352942,0.10874999999999999,112000.0,1758988860,0,109380.08,109447.34,109440.9,0.14052915884515915,0.3424856014082611,0.02305535095640973,0,1.6881944444444443,BTC,2025-09-27 16:01:00+00:00,2025-09-27,2025Q3,2025,0.03288210002162974,0.14,,109472.13,1758848400.0,10.373139988135648,-0.0006147310251895301,-0.148428,-0.14205130902065888,S2-analog
bitcoin-above-112k-on-september-28,1758828600,10.0,1,0.21,10.0,0.21000000000000002,0.21000000000000002,112000.0,1759075260,0,110063.38,109819.34,109885.56,0.25001225469092864,0.3259483337531354,0.019662219296701363,0,2.8548611111111115,BTC,2025-09-28 16:01:00+00:00,2025-09-28,2025Q3,2025,0.04001225469092862,0.16,0.16,109357.92,1758832200.0,10.85863733883119,0.002219729683194874,-0.169408,-0.1935112396200518,S2-analog
bitcoin-above-112k-on-september-29,1758879000,3970.0,2,0.16,3970.0,0.16,0.16,112000.0,1759161660,1,113869.4,109646.73,109736.21,0.18537644804179454,0.26165011456660364,0.021235219037309575,0,3.271527777777778,BTC,2025-09-29 16:01:00+00:00,2025-09-29,2025Q3,2025,0.025376448041794536,0.143999999976,0.143999999976,108895.0,1758884400.0,11.034166995145485,0.03778852538425314,0.8473715200251961,0.43040662043505273,S2-analog
bitcoin-above-112k-on-september-29,1759092300,321.305651,6,0.19,121.305651,0.19497291608481543,0.1866846230436536,112000.0,1759161660,1,113869.4,110943.66,110964.57,0.24736009569924505,0.2808715703875388,0.009476366406349654,0,0.8027777777777778,BTC,2025-09-29 16:01:00+00:00,2025-09-29,2025Q3,2025,0.052387179614429624,0.19874053965120103,0.19,110803.8,1759093200.0,23.269971618696648,0.02602967275329316,0.7901124687202745,0.18440272250718126,S2-analog
bitcoin-above-112k-on-september-3,1756321200,6.0,1,0.31,6.0,0.31,0.31,112000.0,1756915260,1,112322.28,111947.21,112010.13,0.5101375681732689,0.3345483763764005,0.0004714504009921032,0,6.875694444444445,BTC,2025-09-03 16:01:00+00:00,2025-09-03,2025Q3,2025,0.20013756817326894,0.53,0.53,112083.8,1756326600.0,8.683595118460628,0.0033448183226727954,0.452563,0.42351795194110087,S2-analog
bitcoin-above-112k-on-september-3,1756474200,60.606059,1,0.33,60.606059,0.33,0.33,112000.0,1756915260,1,112322.28,110503.36,110400.63,0.3590440111735273,0.31177312199846824,0.01345294355975871,0,5.104861111111111,BTC,2025-09-03 16:01:00+00:00,2025-09-03,2025Q3,2025,0.029044011173527284,0.23999999999999996,0.23999999999999996,108759.46,1756476900.0,10.053623651665067,0.0163263114814395,0.747232,0.5830934087457489,S2-analog
bitcoin-above-112k-on-september-3,1756690200,5.55555,1,0.1,5.55555,0.1,0.1,112000.0,1756915260,1,112322.28,108241.63,108209.59,0.12704671003736095,0.36195236190314484,0.034132828418085404,0,2.604861111111111,BTC,2025-09-03 16:01:00+00:00,2025-09-03,2025Q3,2025,0.02704671003736095,0.11999999999999998,,108299.29,1756691100.0,6.878041751327197,0.03700619633976623,0.872608,0.6180778365172762,S2-analog
bitcoin-above-112k-on-september-3,1756824300,5003.76,15,0.37,2054.76,0.3477547284442099,0.3491508497342755,112000.0,1756915260,1,112322.28,111530.0,111541.67,0.4111618573105704,0.36730109710177683,0.004205258288648954,0,1.0527777777777778,BTC,2025-09-03 16:01:00+00:00,2025-09-03,2025Q3,2025,0.06340712886636052,0.3175186901087875,0.3157343004028375,111360.01,1756825200.0,19.727094645999195,0.007078626210329751,0.6673122698833853,0.5276715406685597,S2-analog
bitcoin-above-112k-on-september-30,1759066200,900.0,10,0.15,800.0,0.14222222222222222,0.14125000000000001,112000.0,1759248060,1,113074.3,109476.81,109519.38,0.16793808256541393,0.2921932862809865,0.02278612528918173,0,2.104861111111111,BTC,2025-09-30 16:01:00+00:00,2025-09-30,2025Q3,2025,0.025715860343191704,0.15,0.15,109595.59,1759067100.0,10.490732251925138,0.03233237875735991,0.841075,0.5018846713887052,S2-analog
bitcoin-above-112k-on-september-5,1756971000,6198.0,3,0.23,6198.0,0.22999999999999998,0.22999999999999998,112000.0,1757088060,0,110630.99,110441.24,110450.68,0.2568582665587867,0.3667814218002511,0.014015256480163635,0,1.3548611111111113,BTC,2025-09-05 16:01:00+00:00,2025-09-05,2025Q3,2025,0.026858266558786703,0.2457791368765613,0.2457791368765613,110463.36,1756972800.0,14.561803824758636,0.0017166339399279393,-0.2587551595692555,-0.28375244624140866,S2-analog
bitcoin-above-112k-on-september-8,1756989000,317.44,4,0.37,317.44,0.37,0.37,112000.0,1757347260,1,112633.75,110899.99,110975.56,0.3968374223831108,0.338962389448585,0.009870067110102783,0,4.146527777777777,BTC,2025-09-08 16:01:00+00:00,2025-09-08,2025Q3,2025,0.02683742238311082,0.37,0.37,110576.35,1756993500.0,10.58380150716063,0.01551260017962547,0.613683,0.44950071883889964,S2-analog
bitcoin-above-112k-on-september-8,1757081700,7281.0,7,0.41,7281.0,0.4422414503502266,0.4422414503502266,112000.0,1757347260,1,112633.75,112235.56,112134.78,0.5434011629711142,0.31050945856523066,-0.002101005626861425,0,3.073611111111111,BTC,2025-09-08 16:01:00+00:00,2025-09-08,2025Q3,2025,0.10115971262088758,0.3601711276875823,0.3601711276875823,110996.0,1757082600.0,13.976188726238389,0.0035415274426613373,0.6236975202596691,0.5742004643418818,S2-analog
bitcoin-above-112k-on-september-8,1757231100,1654.53,3,0.24,1604.53,0.2410879222498232,0.24018697063937725,112000.0,1757347260,1,112633.75,110802.44,110872.14,0.2665562572137979,0.2929477637789609,0.01075007556373437,0,1.3444444444444446,BTC,2025-09-08 16:01:00+00:00,2025-09-08,2025Q3,2025,0.025468334963974687,0.25879943628353413,0.26416097429444546,110753.42,1757232000.0,18.589033571024864,0.016392608633257214,0.7277730035520656,0.4230502513517753,S2-analog
bitcoin-above-114000-on-august-1,1754006400,2816.43,25,0.786,1392.0,0.8112896716765551,0.813419540229885,114000.0,1754064060,1,115350.0,115764.08,115720.945,0.863909302943108,0.3444977632719074,-0.01535587864280702,0,0.6673611111111111,BTC,2025-08-01 16:01:00+00:00,2025-08-01,2025Q3,2025,0.05261963126655289,0.8340129642643542,0.8302603116243907,115313.01,1754007300.0,15.850358118351735,-0.0035833424175397586,0.15629656195641203,0.21309382253509748,S2-analog
bitcoin-above-114k-on-august-20-896,1755524700,43.0,3,0.67,43.0,0.67,0.67,114000.0,1755705660,0,113403.43,115368.0,115410.0,0.6982501180969238,0.37220664607130677,-0.011928570865273732,0,2.0944444444444446,BTC,2025-08-20 16:01:00+00:00,2025-08-20,2025Q3,2025,0.028250118096923793,0.7201041925080625,0.7201041925080625,115217.07,1755526500.0,13.014201439563992,-0.017175381509966055,-0.7342129826188887,-0.5106891078468276,S2-analog
bitcoin-above-114k-on-august-20-896,1755612000,309.18,11,0.69,119.18,0.7069920434698235,0.7618610505118308,114000.0,1755705660,0,113403.43,115192.0,115246.66,0.757003918051489,0.3090861783894584,-0.010401853011473937,0,1.0840277777777778,BTC,2025-08-20 16:01:00+00:00,2025-08-20,2025Q3,2025,0.05001187458166556,0.6311178581366321,0.6311178581366321,114797.22,1755612900.0,19.673999783245677,-0.015648663656166083,-0.6474144256460684,-0.3395426202665724,S2-analog
bitcoin-above-114k-on-august-22-271-472,1755697500,1279.0,19,0.35,680.98,0.35295856137607506,0.35314840377103585,114000.0,1755878460,1,116498.01,113138.0,112992.62,0.394588608521156,0.3697427631694542,0.007590135849800692,0,2.0944444444444446,BTC,2025-08-22 16:01:00+00:00,2025-08-22,2025Q3,2025,0.04163004714508095,0.35781085783581434,0.35781085783581434,112693.15,1755698400.0,13.67680527629793,0.029265878770104784,0.6261043848146427,0.225840659636178,S2-analog
bitcoin-above-114k-on-august-22-271-472,1755803700,14.58,3,0.2,14.58,0.21028806584362142,0.21028806584362142,114000.0,1755878460,1,116498.01,112565.87,112568.18,0.23835204960956163,0.37416309085651556,0.0126598869836608,0,0.8652777777777777,BTC,2025-08-22 16:01:00+00:00,2025-08-22,2025Q3,2025,0.028063983765940215,0.18992820004951722,0.18993804213135068,112258.59,1755804600.0,17.091728396408964,0.03433562990396481,0.7993019164292,0.21244665579101585,S2-analog
bitcoin-above-114k-on-august-25-224,1755704700,1522.0,7,0.48,772.0,0.48512483574244414,0.48038860103626946,114000.0,1756137660,0,112135.57,113910.4,113867.95,0.512590334719379,0.34408458608604153,0.0007862739446387108,0,5.011111111111111,BTC,2025-08-25 16:01:00+00:00,2025-08-25,2025Q3,2025,0.027465498976934843,0.4833333333333333,0.49,113353.94,1755705600.0,9.887413473402512,-0.015703588725830858,-0.5008138888888889,-0.34554601414033703,S2-analog
bitcoin-above-114k-on-august-25-224,1755846900,48.0,1,0.4,0.0,0.4000000000000001,,114000.0,1756137660,0,112135.57,113138.01,113036.95,0.4357552248971143,0.36237340199081847,0.00759004746217191,0,3.3652777777777776,BTC,2025-08-25 16:01:00+00:00,2025-08-25,2025Q3,2025,0.035755224897114246,0.42000000000000004,0.42000000000000004,113092.78,1755852300.0,11.151759863094393,-0.008899815208297766,-0.43705200000000005,-0.33780339797114795,S2-analog
bitcoin-above-114k-on-august-25-224,1756063800,50080.515415,115,0.29,48844.725415,0.33934795516121585,0.34024833711924757,114000.0,1756137660,0,112135.57,114715.24,114709.87,0.6516915936560157,0.32593545311539585,-0.006254435266835085,0,0.8548611111111112,BTC,2025-08-25 16:01:00+00:00,2025-08-25,2025Q3,2025,0.31234363849479985,0.24130948260881976,0.2367004436378933,113079.32,1756064700.0,23.45209553542917,-0.022744297937304717,-0.2541250277436516,0.2792764203682832,S2-analog
bitcoin-above-114k-on-august-27,1756063800,48609.826875,62,0.39,47819.826875,0.37459822324139924,0.37615955462295925,114000.0,1756310460,0,111972.31,114715.24,114709.87,0.5788317435291078,0.3260766881233153,-0.006254435266835085,0,2.8548611111111115,BTC,2025-08-27 16:01:00+00:00,2025-08-27,2025Q3,2025,0.20423352028770858,0.36796794258373205,0.379302,113079.32,1756064700.0,13.553241267511554,-0.024201275075997536,-0.38424767009074196,-0.05624195000433335,S2-analog
bitcoin-above-114k-on-august-27,1756150200,4227.32,37,0.16,3756.32,0.18630035104983772,0.18446809643480852,114000.0,1756310460,0,111972.31,111961.0,111903.57,0.22858151506974322,0.36496770246219323,0.01804785202578723,0,1.854861111111111,BTC,2025-08-27 16:01:00+00:00,2025-08-27,2025Q3,2025,0.042281164019905504,0.16295045045045045,0.16295045045045045,111164.11,1756151100.0,11.945375352699328,0.00010101221662477911,-0.17249828253084165,-0.1737049113736328,S2-analog
bitcoin-above-114k-on-august-29,1756207800,5.0,1,0.1,5.0,0.1,0.1,114000.0,1756483260,0,108405.48,109859.04,109831.7,0.14866330997718893,0.4074620026691789,0.03700035891252121,0,3.188194444444444,BTC,2025-08-29 16:01:00+00:00,2025-08-29,2025Q3,2025,0.04866330997718893,0.11000000000000001,0.11000000000000001,109658.36,1756208700.0,6.413428571756842,-0.013319448248678756,-0.11685300000000001,-0.031429670041887056,S2-analog
bitcoin-above-114k-on-august-29,1756394100,80.0,4,0.23,60.0,0.25250000000000006,0.25333333333333335,114000.0,1756483260,0,108405.48,113034.73,113046.86499999999,0.3004269914011356,0.35147021915032095,0.008503331770251692,0,1.0319444444444446,BTC,2025-08-29 16:01:00+00:00,2025-08-29,2025Q3,2025,0.047926991401135544,0.23,,112567.14,1756395000.0,19.16540135443006,-0.04181647539094824,-0.242397,0.5590325340951706,S2-analog
bitcoin-above-114k-on-october-1,1759110300,300.0,1,0.24,300.0,0.24,0.24,114000.0,1759334460,1,117441.89,112050.09,112065.0,0.2695681883365423,0.31839042816137675,0.017252444935030628,0,2.5944444444444446,BTC,2025-10-01 16:01:00+00:00,2025-10-01,2025Q4,2025,0.02956818833654229,0.21,0.21,111885.07,1759113000.0,11.98369074537051,0.04699765460149523,0.778387,0.21518164149794194,S2-analog
bitcoin-above-114k-on-october-1,1759205700,150.0,1,0.53,0.0,0.53,,114000.0,1759334460,1,117441.89,114310.48,114397.53,0.5595991514578998,0.29057922535214026,-0.0027198067420649745,0,1.4902777777777778,BTC,2025-10-01 16:01:00+00:00,2025-10-01,2025Q4,2025,0.02959915145789982,0.49,0.49,113952.4,1759212900.0,21.284862048428412,0.027025402924399502,0.49250700000000003,-0.08272497304903714,S2-analog
bitcoin-above-114k-on-october-2,1759217400,200.0,2,0.46,200.0,0.46,0.46,114000.0,1759420860,1,119839.19,113952.52,114000.26999999999,0.49282473566825896,0.3041848275715088,0.00041657798463137264,0,2.354861111111111,BTC,2025-10-02 16:01:00+00:00,2025-10-02,2025Q4,2025,0.03282473566825894,0.42,0.42,113451.89,1759222800.0,16.32113324717833,0.05036889032418708,0.5629480000000001,-0.25912937049356854,S2-analog
bitcoin-above-114k-on-october-3,1759301100,75.0,1,0.54,75.0,0.54,0.54,114000.0,1759507260,1,122632.16,114512.88,114438.48,0.5864763478937955,0.31726466723650154,-0.004488857356345865,0,2.386111111111111,BTC,2025-10-03 16:01:00+00:00,2025-10-03,2025Q4,2025,0.04647634789379551,0.64,0.64,114577.85,1759306500.0,15.348963180074334,0.06850199982866412,0.34387199999999996,-0.7075626731316238,S2-analog
bitcoin-above-114k-on-september-1-754,1756250100,571.42857,1,0.35,571.42857,0.35,0.35,114000.0,1756742460,0,108778.09,112317.65,112326.9,0.3758078299107161,0.3350384862100658,0.014867430700542514,0,5.698611111111111,BTC,2025-09-01 16:01:00+00:00,2025-09-01,2025Q3,2025,0.025807829910716118,0.34,0.34,111946.0,1756251000.0,8.87903383348264,-0.03202108222798953,-0.355708,-0.07139172751295131,S2-analog
bitcoin-above-114k-on-september-1-754,1756474200,610.0,3,0.07,110.0,0.07622950819672131,0.1,114000.0,1756742460,0,108778.09,110503.36,110400.63,0.10237756082428656,0.28315639307322926,0.031152520659159664,0,3.104861111111111,BTC,2025-09-01 16:01:00+00:00,2025-09-01,2025Q3,2025,0.026148052627565255,0.06734375000000001,0.06734375000000001,109106.14,1756476000.0,7.382805731423272,-0.015735992269372417,-0.07174034985351563,0.044435424062439347,S2-analog
bitcoin-above-114k-on-september-10,1757080800,1250.0,4,0.36,1250.0,0.36,0.36,114000.0,1757520060,0,113854.33,113084.16,112953.11499999999,0.42183486461539393,0.3293433176029092,0.008066128131162696,0,5.084027777777777,BTC,2025-09-10 16:01:00+00:00,2025-09-10,2025Q3,2025,0.06183486461539395,0.26,0.26,112235.56,1757081700.0,10.00273662773257,0.006787504022100836,-0.273468,-0.34136161509275015,S2-analog
bitcoin-above-114k-on-september-10,1757358000,414.36,3,0.22,350.27,0.22,0.22,114000.0,1757520060,0,113854.33,112477.01,112477.41,0.2573331236821735,0.29390294787540805,0.01344960318901796,0,1.8756944444444446,BTC,2025-09-10 16:01:00+00:00,2025-09-10,2025Q3,2025,0.03733312368217348,0.21,0.21,112228.59,1757358900.0,15.340392463957626,0.012170979079956032,-0.221613,-0.4083205957571434,S2-analog
bitcoin-above-114k-on-september-12,1757428200,2950.0,7,0.25,1250.0,0.25955837288135597,0.276,114000.0,1757692860,1,115139.06,112320.24,112294.26,0.3160422739224223,0.33974703555618757,0.01484437136714064,0,3.0631944444444446,BTC,2025-09-12 16:01:00+00:00,2025-09-12,2025Q3,2025,0.05648390104106632,0.23,0.23,111767.45,1757430000.0,11.353828277694864,0.024786538212691014,0.757603,0.4761809015345845,S2-analog
bitcoin-above-114k-on-september-12,1757556900,20.0,1,0.49,20.0,0.49000000000000005,0.49000000000000005,114000.0,1757692860,1,115139.06,113948.82,113927.82,0.5158361978068386,0.3405989035462858,0.0004490481754633631,0,1.5736111111111113,BTC,2025-09-12 16:01:00+00:00,2025-09-12,2025Q3,2025,0.0258361978068386,0.48,0.48,113878.65,1757558700.0,17.830040787262917,0.010391215021013794,0.502528,0.31725221234610496,S2-analog
bitcoin-above-114k-on-september-13,1757593800,21874.470387,14,0.48,21864.470387,0.5302598422503239,0.5302663641747052,114000.0,1757779260,1,115768.69,114380.61,113899.05,0.570829257010065,0.3292503891181524,-0.003333123178646161,0,2.146527777777778,BTC,2025-09-13 16:01:00+00:00,2025-09-13,2025Q3,2025,0.040569414759741185,0.5130392873054257,0.5130392873054257,113863.86,1757594700.0,15.687980100173656,0.012062577041042645,0.4694726143055146,0.280235145728826,S2-analog
bitcoin-above-114k-on-september-14,1757593800,15.615383,2,0.52,15.615383,0.5161576350704943,0.5161576350704943,114000.0,1757865660,1,115193.91,114380.61,113899.05,0.5668965565787333,0.2975785025203914,-0.003333123178646161,0,3.146527777777778,BTC,2025-09-14 16:01:00+00:00,2025-09-14,2025Q3,2025,0.050738921508239,0.5092307692307693,0.5092307692307693,113975.99,1757595600.0,14.356920355618724,0.0070853107079345895,0.47327519526627215,0.3715519537376427,S2-analog
bitcoin-above-114k-on-september-14,1757781900,5.03,1,0.86,0.0,0.86,,114000.0,1757865660,1,115193.91,115435.43,115471.16500000001,0.9097527300025139,0.1986864986691059,-0.012512877622920063,0,0.9694444444444444,BTC,2025-09-14 16:01:00+00:00,2025-09-14,2025Q3,2025,0.0497527300025139,0.975,0.975,115571.78,1757786400.0,18.581113427560084,-0.0020944437363391937,0.02329375000000002,0.06221084663256132,S2-analog
bitcoin-above-114k-on-september-15,1757856600,337.0,13,0.82,277.0,0.811780415430267,0.81,114000.0,1757952060,1,114834.9,115531.88,115571.45,0.8393864743395382,0.2428476572327226,-0.013348060797598826,0,1.104861111111111,BTC,2025-09-15 16:01:00+00:00,2025-09-15,2025Q3,2025,0.027606058909271147,0.829826087018586,0.81,115303.31,1757857500.0,18.248746577201675,-0.006051064538742369,0.16028888031887348,0.2707132236086747,S2-analog
bitcoin-above-114k-on-september-16,1757925900,168.53,1,0.66,0.0,0.66,,114000.0,1758038460,1,115943.01,115255.68,115338.93,0.730188503491712,0.30035033169692127,-0.010954516432696798,0,1.3027777777777776,BTC,2025-09-16 16:01:00+00:00,2025-09-16,2025Q3,2025,0.07018850349171202,0.7232697777072379,0.7360465103299079,115089.83,1757928600.0,18.553461303479807,0.005945812451725023,0.26271967984738287,0.15240427860655426,S2-analog
bitcoin-above-114k-on-september-17,1757943000,5.0,1,0.62,5.0,0.62,0.62,114000.0,1758124860,1,115835.5,115042.44,115032.015,0.6540437610068008,0.317381303912483,-0.009102655367220153,0,2.104861111111111,BTC,2025-09-17 16:01:00+00:00,2025-09-17,2025Q3,2025,0.03404376100680084,0.6819999999999999,0.6819999999999999,115017.56,1757946600.0,15.482265845123202,0.0068699774360557195,0.30281868000000006,0.19645586298498752,S2-analog
bitcoin-above-114k-on-september-17,1758031200,541.1800000000001,28,0.69,521.1800000000001,0.6954913337521711,0.6949345715491767,114000.0,1758124860,1,115835.5,115200.0,115192.845,0.7460751451585016,0.3100349157616088,-0.010471299867295478,0,1.0840277777777778,BTC,2025-09-17 16:01:00+00:00,2025-09-17,2025Q3,2025,0.0505838114063305,0.7174833280406477,0.7174833280406477,114994.84,1758032100.0,19.58754591439756,0.005501332935980501,0.26832760181764675,0.16056999034374117,S2-analog
bitcoin-above-114k-on-september-18,1758031200,42.42,3,0.63,42.42,0.6323573785950024,0.6323573785950024,114000.0,1758211260,1,117599.1,115200.0,115192.845,0.6602856539206946,0.3540528185594706,-0.010471299867295478,0,2.084027777777778,BTC,2025-09-18 16:01:00+00:00,2025-09-18,2025Q3,2025,0.027928275325692198,0.64,0.64,114994.84,1758032100.0,13.883693692141192,0.02061163411222648,0.34387199999999996,0.05770638549135898,S2-analog
bitcoin-above-114k-on-september-18,1758133800,297.68,4,0.71,297.68,0.71,0.71,114000.0,1758211260,1,117599.1,115961.73,115926.34,0.7624684173865443,0.5374670779708464,-0.01706177448523769,0,0.8965277777777778,BTC,2025-09-18 16:01:00+00:00,2025-09-18,2025Q3,2025,0.052468417386544286,0.6960569295380308,0.7002189397915572,114902.33,1758134700.0,12.302668808082071,0.014021159494284043,0.28913375283536086,0.11663607127188877,S2-analog
bitcoin-above-114k-on-september-19,1758030300,3960.0,1,0.58,3960.0,0.58,0.58,114000.0,1758297660,1,115816.59,115085.35,114986.32,0.6187586367140696,0.3457179098605261,-0.009475578606932423,0,3.0944444444444446,BTC,2025-09-19 16:01:00+00:00,2025-09-19,2025Q3,2025,0.03875863671406965,0.63,0.63,115200.0,1758031200.0,12.044940509165793,0.0063337921248292715,0.35368299999999997,0.2773928506590086,S2-analog
bitcoin-above-114k-on-september-19,1758133800,372.24,6,0.67,372.24,0.6679851708575113,0.6679851708575113,114000.0,1758297660,1,115816.59,115961.73,115926.34,0.7161422482106459,0.47538592020463166,-0.01706177448523769,0,1.8965277777777776,BTC,2025-09-19 16:01:00+00:00,2025-09-19,2025Q3,2025,0.04815707735313457,0.6957523908659162,0.6957523908659162,114902.33,1758134700.0,10.371446968746586,-0.0012524037534760702,0.2894299390311643,0.30241917814380054,S2-analog
bitcoin-above-114k-on-september-22,1758501000,1918.96,20,0.77,1618.96,0.7873673239671489,0.7893502001284776,114000.0,1758556860,0,112782.89,115169.88,115220.36,0.8328226500427521,0.2664486940171756,-0.010209807347773136,0,0.6465277777777778,BTC,2025-09-22 16:01:00+00:00,2025-09-22,2025Q3,2025,0.04545532607560321,0.6292977200671439,0.6291100075426204,114846.87,1758501900.0,23.62443460726584,-0.02094361258071484,-0.6456274670381246,-0.15084646118511663,S2-analog
bitcoin-above-114k-on-september-23,1758501000,5000.0,1,0.69,5000.0,0.69,0.69,114000.0,1758643260,0,112897.11,115169.88,115220.36,0.743343441964869,0.2738791435291002,-0.010209807347773136,0,1.6465277777777778,BTC,2025-09-23 16:01:00+00:00,2025-09-23,2025Q3,2025,0.053343441964869065,0.6640127970749543,0.6651688555347092,114846.87,1758501900.0,18.68600311576007,-0.019931382788508388,-0.6796297832426498,-0.3071919023551754,S2-analog
bitcoin-above-114k-on-september-23,1758591900,35.118256,2,0.07,35.118256,0.06999999999999999,0.06999999999999999,114000.0,1758643260,0,112897.11,112266.0,112342.91,0.11486439336596874,0.32401688387760846,0.015327392954345183,0,0.5944444444444444,BTC,2025-09-23 16:01:00+00:00,2025-09-23,2025Q3,2025,0.044864393365968744,0.09765116675183104,0.09765116675183104,112156.66,1758592800.0,15.231334858668431,0.005605817513610042,-0.10381924589869963,-0.18920332960508224,S2-analog
bitcoin-above-114k-on-september-24,1758501900,3540.0,2,0.62,3540.0,0.6100564971751412,0.6100564971751412,114000.0,1758729660,0,113316.53,114846.87,114937.87,0.6465074783259676,0.28035233495918055,-0.007401227430628032,0,2.636111111111111,BTC,2025-09-24 16:01:00+00:00,2025-09-24,2025Q3,2025,0.036450981150826345,0.61,0.61,114273.45,1758506400.0,16.013713295386452,-0.013414622581206606,-0.626653,-0.4118350800187405,S2-analog
bitcoin-above-114k-on-september-24,1758651300,261.043475,4,0.08,151.043475,0.07337275141621524,0.07582901545399429,114000.0,1758729660,0,113316.53,112109.1,112148.56,0.10163346542310447,0.27333347070910463,0.016725944091026464,0,0.9069444444444446,BTC,2025-09-24 16:01:00+00:00,2025-09-24,2025Q3,2025,0.02826071400688923,0.0899819307891078,0.086127169483284,112010.41,1758652200.0,13.667669338141948,0.010712548940447935,-0.09571389359354783,-0.2421294702802531,S2-analog
bitcoin-above-114k-on-september-25,1758520800,815.0,9,0.32,815.0,0.44024539877300617,0.44024539877300617,114000.0,1758816060,0,111587.58,113691.19,113580.205,0.46956373067580887,0.313332851459787,0.002712535248711569,0,3.417361111111111,BTC,2025-09-25 16:01:00+00:00,2025-09-25,2025Q3,2025,0.029318331902802697,0.35053674649081396,0.35053674649081396,112773.17,1758526200.0,13.08663617733428,-0.018676159714381326,-0.3664729980003454,-0.12206489062844969,S2-analog
bitcoin-above-114k-on-september-25,1758712500,208.88,8,0.29,208.88,0.2756285905783225,0.2756285905783225,114000.0,1758816060,0,111587.58,113086.83,113146.75,0.32157120698269154,0.28719757042556165,0.008042517676080722,0,1.198611111111111,BTC,2025-09-25 16:01:00+00:00,2025-09-25,2025Q3,2025,0.04594261640436903,0.25521739130434784,0.25521739130434784,113041.57,1758713400.0,21.42497779368356,-0.013346177287012179,-0.2685230945179584,0.0174184574868414,S2-analog
bitcoin-above-114k-on-september-26,1758770100,15.0,1,0.25,15.0,0.25,0.25,114000.0,1758902460,0,109029.12,112743.61,112780.095,0.2925121360569819,0.3456799465059317,0.011082145675392452,0,1.5319444444444443,BTC,2025-09-26 16:01:00+00:00,2025-09-26,2025Q3,2025,0.0425121360569819,0.24,,112437.7,1758771900.0,15.673017173113761,-0.03350130020645631,-0.252768,0.2722984534574293,S2-analog
bitcoin-above-114k-on-september-27,1758669300,20.0,1,0.27,20.0,0.27,0.27,114000.0,1758988860,0,109380.08,112128.32,112170.975,0.29928241724453614,0.31006224728242804,0.016554518643417664,0,3.698611111111111,BTC,2025-09-27 16:01:00+00:00,2025-09-27,2025Q3,2025,0.02928241724453612,0.25,0.25,111998.8,1758672000.0,11.011698595518341,-0.02481514043758242,-0.263125,0.010131847104116742,S2-analog
bitcoin-above-114k-on-september-27,1758807000,505.09,2,0.11,505.09,0.11060464471678315,0.11060464471678315,114000.0,1758988860,0,109380.08,111617.01,111549.45,0.19040697585341737,0.32544960935830197,0.02112499070709605,0,2.104861111111111,BTC,2025-09-27 16:01:00+00:00,2025-09-27,2025Q3,2025,0.07980233113663422,0.17,0.17,111499.52,1758810600.0,11.083763935218835,-0.020244668373904103,-0.179877,0.044510125203143625,S2-analog
bitcoin-above-114k-on-september-28,1758660300,500.0,2,0.27,500.0,0.2700000000000001,0.2700000000000001,114000.0,1759075260,0,110063.38,111876.75,111904.235,0.2966400830122464,0.31377639455060935,0.01880062946371733,0,4.802777777777778,BTC,2025-09-28 16:01:00+00:00,2025-09-28,2025Q3,2025,0.02664008301224635,0.32,0.32,112074.65,1758663000.0,9.57836017150003,-0.016341437249189936,-0.33523200000000003,-0.17870782830729212,S2-analog
bitcoin-above-114k-on-september-3,1756825200,208.57222099999998,3,0.089999,22.222221,0.08210262893915772,0.089999,114000.0,1756915260,0,112322.28,111360.01,111368.21,0.11367997658646493,0.3699095802814077,0.02343016200953928,0,1.042361111111111,BTC,2025-09-03 16:01:00+00:00,2025-09-03,2025Q3,2025,0.03157734764730721,0.066999,0.066999,110829.17,1756828800.0,9.880538291334867,0.00860395283181922,-0.07137470937993,-0.15638639479155886,S2-analog
bitcoin-above-114k-on-september-30,1759158000,122.75,2,0.475,0.0,0.4786150712830957,,114000.0,1759248060,0,113074.3,114033.53,114117.84,0.503652298438288,0.2663870110745236,-0.0002940795613841396,0,1.042361111111111,BTC,2025-09-30 16:01:00+00:00,2025-09-30,2025Q3,2025,0.025037227155192243,0.476,,113800.01,1759159800.0,28.021704026604965,-0.008447403192607034,-0.49345967999999996,-0.25674904794336784,S2-analog
bitcoin-above-114k-on-september-5,1756881900,1000.0,2,0.12,1000.0,0.11999999999999998,0.11999999999999998,114000.0,1757088060,0,110630.99,110758.86,110788.98,0.15015071888407225,0.3460989751395268,0.028843042669079753,0,2.386111111111111,BTC,2025-09-05 16:01:00+00:00,2025-09-05,2025Q3,2025,0.030150718884072267,0.16000000000000003,0.16000000000000003,110724.0,1756882800.0,8.260574146871159,-0.0011551569705567774,-0.16940800000000003,-0.15986574019344071,S2-analog
bitcoin-above-114k-on-september-5,1757023200,894.490631,2,0.038,894.490631,0.03967693204156098,0.03967693204156098,114000.0,1757088060,0,110630.99,110500.0,110513.94,0.07347160487493123,0.4920532332747126,0.03118292743668806,0,0.7506944444444446,BTC,2025-09-05 16:01:00+00:00,2025-09-05,2025Q3,2025,0.03379467283337025,0.050055840905281646,0.050055840905281646,110823.61,1757025000.0,6.629601648418018,0.0011847277970514958,-0.05338435866403992,-0.061238632020299166,S2-analog
bitcoin-above-114k-on-september-8,1757079000,6493.103182,21,0.369999,6413.743182,0.36115212996425283,0.36104265146688996,114000.0,1757347260,0,112633.75,112942.01,112995.23,0.38889732563434243,0.3327675810123742,0.009323947247784639,0,3.104861111111111,BTC,2025-09-08 16:01:00+00:00,2025-09-08,2025Q3,2025,0.027745195670089595,0.3828649097746553,0.3860093219988539,113008.21,1757079900.0,12.353142350837357,-0.0027330967820935,-0.3994044657193083,-0.3656421321114918,S2-analog
bitcoin-above-115000-on-august-11,1754584200,100.0,1,0.67,100.0,0.67,0.67,115000.0,1754928060,1,120298.13,116679.87,116697.345,0.6954879133153313,0.2991554046185654,-0.014501902477268017,0,3.979861111111111,BTC,2025-08-11 16:01:00+00:00,2025-08-11,2025Q3,2025,0.02548791331533129,0.62,0.62,116100.01,1754585100.0,11.548428088601831,0.03053904754714571,0.363508,0.010830005507395601,S2-analog
bitcoin-above-115000-on-august-11,1754687700,9.090908,1,0.78,9.090908,0.78,0.78,115000.0,1754928060,1,120298.13,116828.99,116822.17,0.8098378236147536,0.22257130011969609,-0.015779113288636952,0,2.7819444444444446,BTC,2025-08-11 16:01:00+00:00,2025-08-11,2025Q3,2025,0.029837823614753622,0.8,0.8,116931.44,1754690400.0,14.88074755794601,0.02926183673577656,0.18879999999999997,-0.24663800554692195,S2-analog
bitcoin-above-115000-on-august-8,1754431200,345.82,3,0.3,324.09000000000003,0.3065710485223527,0.3050001542781326,115000.0,1754668860,1,116217.05,113606.53,113563.7,0.33563451258323185,0.30806452686432845,0.012191141333882547,0,2.7506944444444446,BTC,2025-08-08 16:01:00+00:00,2025-08-08,2025Q3,2025,0.029063464060879174,0.39000000000000007,,113961.25,1754434800.0,13.362362897741436,0.022718576400930467,0.5933469999999998,0.2897731376107024,S2-analog
bitcoin-above-115000-on-august-8,1754531100,183.78714,7,0.44,183.78714,0.45403417018187453,0.45403417018187453,115000.0,1754668860,1,116217.05,115018.96,115046.26,0.49048854184173957,0.27856410641608953,-0.0001648559757241856,0,1.5944444444444443,BTC,2025-08-08 16:01:00+00:00,2025-08-08,2025Q3,2025,0.03645437165986504,0.4593536361843501,0.4593536361843501,114763.46,1754532000.0,21.668389446903088,0.010362579091323522,0.5232620126980503,0.2987216132729171,S2-analog
bitcoin-above-116k-on-august-20-156-157,1755523800,65.0,5,0.43,65.0,0.43,0.43,116000.0,1755705660,0,113403.43,115658.23,115738.68,0.47099319937819134,0.3533702544473556,0.0029506419690966514,0,2.104861111111111,BTC,2025-08-20 16:01:00+00:00,2025-08-20,2025Q3,2025,0.04099319937819135,0.4197330696984676,0.4197330696984676,115368.0,1755524700.0,14.753992667960407,-0.01968791138746492,-0.4367820750914654,-0.14630677483335375,S2-analog
bitcoin-above-116k-on-august-20-156-157,1755610200,5825.798836,17,0.33,5363.118836000001,0.3616158840067953,0.35965703075200306,116000.0,1755705660,0,113403.43,115747.44,115839.36,0.4594501808463898,0.2973805610492196,0.0021796150152670135,0,1.104861111111111,BTC,2025-08-20 16:01:00+00:00,2025-08-20,2025Q3,2025,0.09783429683959449,0.2886325545197213,0.2886325545197213,115124.21,1755611100.0,24.140629094619566,-0.020458938341294423,-0.3030052207291012,0.19088642143777873,S2-analog
bitcoin-above-116k-on-august-22-142-513,1755612000,30.0,2,0.36,30.0,0.36,0.36,116000.0,1755878460,1,116498.01,115192.0,115246.66,0.4034536521888993,0.3279849844201892,0.0069898897003952895,0,3.0840277777777776,BTC,2025-08-22 16:01:00+00:00,2025-08-22,2025Q3,2025,0.043453652188899294,0.28028810399762133,0.28028810399762133,114139.16,1755613800.0,12.835233629266227,0.01127388990883023,0.7055910282095259,0.5608880173190629,S2-analog
bitcoin-above-116k-on-august-22-142-513,1755704700,5319.0,7,0.18,5297.0,0.18442940402331265,0.18440626769869736,116000.0,1755878460,1,116498.01,113910.4,113867.95,0.24210924089085403,0.3619449869171421,0.018178016656508037,0,2.011111111111111,BTC,2025-08-22 16:01:00+00:00,2025-08-22,2025Q3,2025,0.057679836867541384,0.18403636363636364,0.18403636363636364,113353.94,1755705600.0,11.703127812478899,0.022462016864942834,0.8054519477289256,0.5425760934324431,S2-analog
bitcoin-above-116k-on-august-22-142-513,1755829800,222.0,4,0.072,111.0,0.072,0.072,116000.0,1755878460,1,116498.01,113497.45,113463.56,0.1007936680969384,0.452442103469301,0.021809821397645632,0,0.5631944444444444,BTC,2025-08-22 16:01:00+00:00,2025-08-22,2025Q3,2025,0.02879366809693841,0.05797297297297297,0.054,113360.01,1755832500.0,10.456749740129414,0.026093821606080553,0.9382041795105917,0.6653476172122255,S2-analog
bitcoin-above-116k-on-august-25-771,1756063800,62236.769229,83,0.12,61653.769229,0.08224639651418242,0.08199336493108021,116000.0,1756137660,0,112135.57,114715.24,114709.87,0.2073372083489381,0.334235203276253,0.0111373074450342,0,0.8548611111111112,BTC,2025-08-25 16:01:00+00:00,2025-08-25,2025Q3,2025,0.12509081183475568,0.0878700394181479,0.08907861921965506,113079.32,1756064700.0,19.349881952204072,-0.022744297937304717,-0.09348046210950398,0.3466190180631009,S2-analog
bitcoin-above-116k-on-august-27,1756063800,28292.413834,50,0.18,28193.413834,0.17339867236525006,0.1733577574394226,116000.0,1756310460,0,111972.31,114715.24,114709.87,0.3232279097294923,0.32915926184586036,0.0111373074450342,0,2.8548611111111115,BTC,2025-08-27 16:01:00+00:00,2025-08-27,2025Q3,2025,0.14982923736424222,0.16018682770334025,0.16,113079.32,1756064700.0,12.66512110637121,-0.024201275075997536,-0.1696037182586979,0.13690836150741398,S2-analog
bitcoin-above-116k-on-august-29,1756209600,5.0,1,0.04,5.0,0.04,0.04,116000.0,1756483260,0,108405.48,109876.52,109881.985,0.06860223246381898,0.4177053540925875,0.05423300129454944,0,3.1673611111111115,BTC,2025-08-29 16:01:00+00:00,2025-08-29,2025Q3,2025,0.02860223246381898,0.04,0.04,109625.98,1756210500.0,3.777022525235967,-0.013478548578519696,-0.042688000000000004,0.00822078158855611,S2-analog
bitcoin-above-116k-on-october-8,1759344300,12.0,1,0.54,0.0,0.54,,116000.0,1759939260,1,122157.76,117074.76,117176.43,0.5893168024861476,0.3173169487709323,-0.009222513993170338,0,6.886111111111111,BTC,2025-10-08 16:01:00+00:00,2025-10-08,2025Q4,2025,0.04931680248614756,0.6200000000000001,,117376.75,1759351500.0,8.989862945551948,0.04250061903499683,0.3635079999999999,-0.0185667402257379,S2-analog
bitcoin-above-116k-on-september-12,1757524500,36.58,1,0.21,0.0,0.21,,116000.0,1757692860,0,115139.06,113986.0,114028.15,0.23975888061151807,0.34330858622099886,0.017514557270812227,0,1.948611111111111,BTC,2025-09-12 16:01:00+00:00,2025-09-12,2025Q3,2025,0.029758880611518074,0.17,0.17,113772.84,1757528100.0,12.35398843575554,0.010064981404493646,-0.179877,-0.30421966387720906,S2-analog
bitcoin-above-116k-on-september-12,1757633400,20.93,2,0.31,5.93,0.31000000000000005,0.31,116000.0,1757692860,0,115139.06,115332.18,115390.15,0.3383667889377943,0.3095245404235848,0.005773704766750397,0,0.6881944444444444,BTC,2025-09-12 16:01:00+00:00,2025-09-12,2025Q3,2025,0.028366788937794263,0.33768121249543304,0.35999900000000007,115379.99,1757634300.0,26.98789365134693,-0.0016758710995682029,-0.35333689528104634,-0.3081086642725338,S2-analog
bitcoin-above-116k-on-september-13,1757531700,2333.66,2,0.16,2333.66,0.16,0.16,116000.0,1757779260,0,115768.69,113356.68,113365.895,0.19241471251943826,0.29888718260386055,0.023050883379353904,0,2.8652777777777776,BTC,2025-09-13 16:01:00+00:00,2025-09-13,2025Q3,2025,0.032414712519438255,0.21,0.21,113574.52,1757534400.0,10.195156170417754,0.02105484088717339,-0.221613,-0.4362703909880298,S2-analog
bitcoin-above-116k-on-september-13,1757664900,309.333332,1,0.25,309.333332,0.25,0.25,116000.0,1757779260,0,115768.69,115068.82,115085.45,0.29768681476339043,0.2805299132739242,0.008059806951194374,0,1.323611111111111,BTC,2025-09-13 16:01:00+00:00,2025-09-13,2025Q3,2025,0.04768681476339043,0.29,0.29,115048.0,1757667600.0,20.9895404703115,0.006063764459014097,-0.304413,-0.4316886295149129,S2-analog
bitcoin-above-116k-on-september-14,1757527200,50.0,2,0.22,50.0,0.22,0.22,116000.0,1757865660,0,115193.91,113738.01,113759.47,0.2528936010890882,0.3035319288316275,0.0196925454243768,0,3.9173611111111115,BTC,2025-09-14 16:01:00+00:00,2025-09-14,2025Q3,2025,0.032893601089088204,0.23,,113231.6,1757532600.0,10.324354979995114,0.012719236599088486,-0.242397,-0.3737149137235353,S2-analog
bitcoin-above-116k-on-september-14,1757780100,203.586664,3,0.25,203.586664,0.2616903531559415,0.2616903531559415,116000.0,1757865660,0,115193.91,115650.29,115701.905,0.3580472335580477,0.17525921421788968,0.0030192948661287742,0,0.9902777777777777,BTC,2025-09-14 16:01:00+00:00,2025-09-14,2025Q3,2025,0.09635688040210616,0.2233900814211695,0.2233900814211695,115542.9,1757781000.0,41.31262741243119,-0.003954013959159679,-0.2355341681272364,-0.07218346264892067,S2-analog
bitcoin-above-116k-on-september-15,1757593800,3686.0,4,0.26,3686.0,0.2706755290287575,0.2706755290287575,116000.0,1757952060,0,114834.9,114380.61,113899.05,0.3191180626407236,0.28607627822181886,0.014058619533223205,0,4.146527777777777,BTC,2025-09-15 16:01:00+00:00,2025-09-15,2025Q3,2025,0.0484425336119661,0.26,0.26,113975.99,1757595600.0,11.680653383932215,0.0039638730802104595,-0.273468,-0.3197686275078381,S2-analog
bitcoin-above-116k-on-september-15,1757855700,500.0,1,0.37,500.0,0.37,0.37,116000.0,1757952060,0,114834.9,115741.36,115777.9,0.4028102797738369,0.24599184680479153,0.0022321445545051594,0,1.1152777777777778,BTC,2025-09-15 16:01:00+00:00,2025-09-15,2025Q3,2025,0.03281027977383688,0.30501655169667485,0.35,115531.88,1757856600.0,28.913323630003696,-0.007862601898507522,-0.319855253538817,-0.09252130027338754,S2-analog
bitcoin-above-116k-on-september-16,1757944800,109.8,4,0.2,0.0,0.15570127504553735,,116000.0,1758038460,0,115943.01,114664.08,114680.79,0.1836931458317095,0.27963114447885123,0.011583380795049543,0,1.0840277777777778,BTC,2025-09-16 16:01:00+00:00,2025-09-16,2025Q3,2025,0.027991870786172157,0.17,,114650.11,1757945700.0,19.49676406487571,0.011091966967602214,-0.179877,-0.39613446298273525,S2-analog
bitcoin-above-116k-on-september-17,1757925900,1021.0,6,0.34,312.0,0.3381488736532811,0.33999999999999997,116000.0,1758124860,0,115835.5,115255.68,115338.93,0.3666416024221231,0.327207426547718,0.006437226279172434,0,2.302777777777778,BTC,2025-09-17 16:01:00+00:00,2025-09-17,2025Q3,2025,0.028492728768842013,0.3562313432835821,0.3562313432835821,114737.27,1757926800.0,14.837186048229045,0.005018116370579142,-0.3722844834177991,-0.44673920961974567,S2-analog
bitcoin-above-116k-on-september-18,1757925900,1500.0,1,0.36,1500.0,0.36,0.36,116000.0,1758211260,1,117599.1,115255.68,115338.93,0.40540056219507625,0.3538418755204482,0.006437226279172434,0,3.302777777777778,BTC,2025-09-18 16:01:00+00:00,2025-09-18,2025Q3,2025,0.045400562195076266,0.38,0.38,114840.91,1757931300.0,11.598610166181507,0.020128417546825074,0.603508,0.37004633161224854,S2-analog
bitcoin-above-116k-on-september-18,1758043800,20.0,2,0.57,10.0,0.575,0.57,116000.0,1758211260,1,117599.1,116759.7,116841.89,0.6020763720199428,0.37349695301269686,-0.0065277855031755875,0,1.9381944444444446,BTC,2025-09-18 16:01:00+00:00,2025-09-18,2025Q3,2025,0.02707637201994284,0.58875,0.57,116495.07,1758044700.0,14.28751649534519,0.007163405764477048,0.394301359375,0.29195408135218337,S2-analog
bitcoin-above-116k-on-september-18,1758133800,590.0,6,0.36,582.0,0.36603389830508476,0.36487972508591066,116000.0,1758211260,1,117599.1,115961.73,115926.34,0.49754366951407714,0.5126329564551344,0.0003299682266314425,0,0.8965277777777778,BTC,2025-09-18 16:01:00+00:00,2025-09-18,2025Q3,2025,0.13150977120899238,0.3784929191363727,0.3781847871457207,114902.33,1758134700.0,15.697293518624239,0.014021159494284043,0.6050405588126274,0.3849463027594058,S2-analog
bitcoin-above-116k-on-september-19,1758121200,30.0,2,0.44,20.0,0.44000000000000006,0.44000000000000006,116000.0,1758297660,0,115816.59,115606.61,115642.73,0.46807075911091917,0.45103610613466855,0.00339705657200159,0,2.042361111111111,BTC,2025-09-19 16:01:00+00:00,2025-09-19,2025Q3,2025,0.028070759110919108,0.4699999999999999,0.4699999999999999,115570.79,1758125700.0,11.742973279516725,0.0018146845918940182,-0.4874369999999999,-0.5087467926733621,S2-analog
bitcoin-above-116k-on-september-19,1758236400,1701.28,11,0.72,953.27,0.7464296294554689,0.7671683783188394,116000.0,1758297660,0,115816.59,117061.02,116971.96,0.7844258460783183,0.30503772672114055,-0.009105146199014641,0,0.7090277777777778,BTC,2025-09-19 16:01:00+00:00,2025-09-19,2025Q3,2025,0.037996216622849466,0.7227272727272728,0.72,116778.97,1758237300.0,23.69958009564151,-0.01068751817912214,-0.7367547520661157,-0.48346505895638586,S2-analog
bitcoin-above-116k-on-september-20,1758133800,20.0,1,0.44,20.0,0.44000000000000006,0.44000000000000006,116000.0,1758384060,0,115986.7,115961.73,115926.34,0.5051421076615542,0.3932191613444399,0.0003299682266314425,0,2.8965277777777776,BTC,2025-09-20 16:01:00+00:00,2025-09-20,2025Q3,2025,0.06514210766155415,0.52,0.52,115492.29,1758136500.0,11.384801035681429,0.0002153064808109461,-0.5374720000000001,-0.5399232214457255,S2-analog
bitcoin-above-116k-on-september-20,1758294000,3520.0,1,0.39,3520.0,0.39,0.39,116000.0,1758384060,0,115986.7,115899.99,115908.31,0.45713510545901026,0.2429408990102056,0.0008625270419393998,0,1.042361111111111,BTC,2025-09-20 16:01:00+00:00,2025-09-20,2025Q3,2025,0.06713510545901025,0.3608695652173913,,115519.82,1758294900.0,30.647274638805005,0.0007478652961186529,-0.37701455576559545,-0.399934588888575,S2-analog
bitcoin-above-116k-on-september-21,1758133800,15.0,2,0.44,15.0,0.44000000000000006,0.44000000000000006,116000.0,1758470460,0,115549.9,115961.73,115926.34,0.5095087037496546,0.3714787669651247,0.0003299682266314425,0,3.896527777777778,BTC,2025-09-21 16:01:00+00:00,2025-09-21,2025Q3,2025,0.06950870374965457,0.52,0.52,115492.29,1758136500.0,10.390009390951729,-0.0035577515859404095,-0.5374720000000001,-0.5005069276114058,S2-analog
bitcoin-above-116k-on-september-21,1758307500,700.0,3,0.34,700.0,0.34,0.34,116000.0,1758470460,0,115549.9,115596.29,115660.61,0.3685059495001672,0.19288212594232093,0.0034863288086981145,0,1.8861111111111113,BTC,2025-09-21 16:01:00+00:00,2025-09-21,2025Q3,2025,0.02850594950016716,0.3231620078642997,0.3231620078642997,115407.49,1758308400.0,27.828166454331228,-0.0004013910038737206,-0.3384729905819187,-0.3273030149128497,S2-analog
bitcoin-above-116k-on-september-21,1758396600,6087.025624999999,14,0.37,6073.225625,0.3893469364045926,0.38930000709631135,116000.0,1758470460,0,115549.9,115773.15,115831.7,0.4211622608590939,0.2158368878014555,0.001957518137354956,0,0.8548611111111112,BTC,2025-09-21 16:01:00+00:00,2025-09-21,2025Q3,2025,0.031815324454501304,0.37,0.37,115702.0,1758398400.0,37.490893436358846,-0.0019302016752168758,-0.386317,-0.31395201468376277,S2-analog
bitcoin-above-116k-on-september-22,1758446100,11035.77,74,0.32,6235.77,0.34319506477572476,0.3447198341183206,116000.0,1758556860,0,112782.89,115580.1,115619.81,0.38542554997494327,0.23217246868193522,0.003626395015515043,0,1.2819444444444443,BTC,2025-09-22 16:01:00+00:00,2025-09-22,2025Q3,2025,0.042230485199218515,0.32,0.32,115466.44,1758447000.0,27.95308701997988,-0.024499152929295925,-0.33523200000000003,0.34959495374840394,S2-analog
bitcoin-above-116k-on-september-24,1758520800,175.0,11,0.13,160.0,0.13485714285714287,0.1315625,116000.0,1758729660,0,113316.53,113691.19,113580.205,0.17314150144393864,0.29842263920006945,0.02010427796058082,0,2.417361111111111,BTC,2025-09-24 16:01:00+00:00,2025-09-24,2025Q3,2025,0.03828435858679577,0.13003558293334505,0.13003558293334505,113010.87,1758521700.0,11.543854033000143,-0.003300859901866822,-0.13795442604066216,-0.0998497811501284,S2-analog
bitcoin-above-116k-on-september-25,1758717000,102.669384,1,0.026,102.669384,0.026,0.026,116000.0,1758816060,0,111587.58,113019.86,113051.95,0.06232585659356277,0.3118377125173691,0.026026635624245533,0,1.1465277777777778,BTC,2025-09-25 16:01:00+00:00,2025-09-25,2025Q3,2025,0.03632585659356277,0.0345,0.0345,113011.03,1758719700.0,7.433911269825093,-0.0127538020507167,-0.036831682500000004,0.057978950297941256,S2-analog
bitcoin-above-116k-on-september-26,1758686400,200.0,2,0.06,200.0,0.06,0.06,116000.0,1758902460,0,109029.12,111683.09,111735.86,0.08927843324254263,0.3519363545387428,0.03792488413695494,0,2.5006944444444446,BTC,2025-09-26 16:01:00+00:00,2025-09-26,2025Q3,2025,0.02927843324254263,0.065,0.065,111475.67,1758687300.0,5.757457068432183,-0.024050304456763157,-0.06925425,0.06921434539253705,S2-analog
bitcoin-above-116k-on-september-26,1758773700,3050.0,4,0.05,3050.0,0.049836065573770495,0.049836065573770495,116000.0,1758902460,0,109029.12,112279.96,112273.15,0.14183859709649507,0.5478327946120694,0.03259479586497296,0,1.4902777777777778,BTC,2025-09-26 16:01:00+00:00,2025-09-26,2025Q3,2025,0.09200253152272458,0.04,0.04,111942.8,1758774600.0,7.267093802207193,-0.029380392728745108,-0.042688000000000004,0.17082206990547685,S2-analog
bitcoin-above-116k-on-september-27,1758745800,20.0,1,0.15,20.0,0.15,0.15,116000.0,1758988860,0,109380.08,113551.19,113566.04000000001,0.18783524273494748,0.30743118911682943,0.02133644264493817,0,2.8131944444444446,BTC,2025-09-27 16:01:00+00:00,2025-09-27,2025Q3,2025,0.03783524273494748,0.17000000000000004,0.17000000000000004,113485.01,1758753000.0,10.69870170608286,-0.03742495914793085,-0.17987700000000004,0.22052147428604904,S2-analog
bitcoin-above-116k-on-september-3,1756330200,23.529406,1,0.15,23.529406,0.15,0.15,116000.0,1756915260,0,112322.28,111802.19,111829.15,0.19098992767980086,0.32137495590799947,0.036859042026235175,0,6.771527777777778,BTC,2025-09-03 16:01:00+00:00,2025-09-03,2025Q3,2025,0.040989927679800864,0.13,,111409.54,1756335600.0,6.275197202730209,0.004641090136645741,-0.137917,-0.16704075584309813,S2-analog
bitcoin-above-116k-on-september-8,1757077200,6453.45289,16,0.17,5844.50289,0.17083425117912188,0.17038088794287348,116000.0,1757347260,0,112633.75,113214.78,113263.79000000001,0.20831578014381563,0.33096443572876294,0.024303468489173516,0,3.1256944444444446,BTC,2025-09-08 16:01:00+00:00,2025-09-08,2025Q3,2025,0.037481528964693756,0.1601606270515642,0.16008399296574286,113048.51,1757078100.0,9.391612923776785,-0.005145318252573737,-0.1695762710931452,-0.1212534336953291,S2-analog
bitcoin-above-117000-on-august-15,1755173700,5115.262729,5,0.952,5115.262729,0.920636973602456,0.920636973602456,117000.0,1755273660,1,117262.08,120994.59,121075.6,0.9473665527139699,0.4014135951918861,-0.03357189905562822,0,1.1569444444444443,BTC,2025-08-15 16:01:00+00:00,2025-08-15,2025Q3,2025,0.026729579111513857,0.8246948057743334,0.8164941015502297,121143.67,1755174600.0,5.955064290492644,-0.03133440411543636,0.16518506440844483,0.35178345542014566,S2-analog
bitcoin-above-117000-on-august-6,1754009100,2731.37,29,0.34,2605.29,0.3247506562640726,0.3241953103109443,117000.0,1754496060,0,115406.5,115517.98,115509.43,0.36739062865884087,0.3247323762315924,0.012747745955709055,0,5.636111111111111,BTC,2025-08-06 16:01:00+00:00,2025-08-06,2025Q3,2025,0.042639972394768244,0.36787401574803147,0.35375000000000006,115427.27,1754010000.0,9.343581670588973,-0.0009655105310638991,-0.3841520064480129,-0.3751306799472036,S2-analog
bitcoin-above-117000-on-august-6,1754096400,100.0,1,0.2,0.0,0.2,,117000.0,1754496060,0,115406.5,113822.97,113777.91,0.227391471687141,0.3423015646677102,0.02752958813084947,0,4.625694444444445,BTC,2025-08-06 16:01:00+00:00,2025-08-06,2025Q3,2025,0.027391471687140984,0.21000000000000002,0.21000000000000002,113781.52,1754097300.0,7.909917331044066,0.01381633164407654,-0.22161300000000003,-0.3308990411229336,S2-analog
bitcoin-above-117000-on-august-6,1754317800,10.0,1,0.23,0.0,0.23000000000000004,,117000.0,1754496060,0,115406.5,115419.0,115462.83,0.2956197532074747,0.30174543597056963,0.013604949562172248,0,2.0631944444444446,BTC,2025-08-06 16:01:00+00:00,2025-08-06,2025Q3,2025,0.06561975320747465,0.21333333333333335,0.205,115004.33,1754318700.0,14.590466128794652,-0.00010830692460078288,-0.2250808888888889,-0.22350064037398729,S2-analog
bitcoin-above-118000-on-august-13,1754804700,9.588234,1,0.49,9.588234,0.49,0.49,118000.0,1755100860,1,121006.74,118273.3,118235.07999999999,0.5177334873159044,0.3052364960840997,-0.0023134236656464184,0,3.427777777777778,BTC,2025-08-13 16:01:00+00:00,2025-08-13,2025Q3,2025,0.027733487315904415,0.51,0.51,118045.0,1754805600.0,13.459853639509275,0.022848198393443302,0.472507,0.1649735936977822,S2-analog
bitcoin-above-118000-on-august-13,1754947800,7812.33,18,0.62,2055.73,0.6011651453535629,0.6324215728719238,118000.0,1755100860,1,121006.74,119021.77,118981.47,0.6538966964476237,0.3497004426308445,-0.008621793090638865,0,1.7715277777777778,BTC,2025-08-13 16:01:00+00:00,2025-08-13,2025Q3,2025,0.0527315510940608,0.585968992248062,0.585968992248062,118710.37,1754948700.0,15.446514534905189,0.016539828968450923,0.3970483544859083,0.14156564591988524,S2-analog
bitcoin-above-118000-on-august-13,1755063900,6885.81,9,0.82,6038.92,0.8154167047885433,0.8135320057228778,118000.0,1755100860,1,121006.74,119180.0,119120.11,0.8440692931524265,0.3007185682911647,-0.009950330853168092,0,0.4277777777777778,BTC,2025-08-13 16:01:00+00:00,2025-08-13,2025Q3,2025,0.02865258836388318,0.8301371703061187,0.8342454606478836,119070.69,1755064800.0,24.41114248451754,0.015211291205921535,0.15999216827912252,-0.2113328287221167,S2-analog
bitcoin-above-118000-on-july-18,1752672600,403.22,11,0.55,376.98,0.5682580229155298,0.5681707252374131,118000.0,1752854460,0,117900.0,118798.99,118798.78,0.5955418319691719,0.3689982120799153,-0.006748280743238575,0,2.104861111111111,BTC,2025-07-18 16:01:00+00:00,2025-07-18,2025Q3,2025,0.027283809053642027,0.5632030092731475,0.5716588204090765,118353.62,1752673500.0,13.875521742978698,-0.007596097665578202,-0.5804233858464648,-0.4750235675259447,S2-analog
bitcoin-above-118000-on-july-18,1752772500,258.015756,5,0.62,40.015756,0.6236890098457553,0.6437861972230138,118000.0,1752854460,0,117900.0,118904.99,118960.34,0.6622362202214818,0.4052503334766845,-0.007640146390807826,0,0.9486111111111111,BTC,2025-07-18 16:01:00+00:00,2025-07-18,2025Q3,2025,0.038547210375726504,0.626703263257251,0.6385115813538894,118706.4,1752773400.0,18.10204645465742,-0.008487963313147462,-0.6430795030728484,-0.4894299968728252,S2-analog
bitcoin-above-118000-on-july-28,1753580700,3747.259258,23,0.54,933.259258,0.5338515062840096,0.5452504167068225,118000.0,1753718460,1,118159.99,118150.01,118152.98,0.5689746147491016,0.27902692039402077,-0.0012704638054202057,0,1.5944444444444443,BTC,2025-07-28 16:01:00+00:00,2025-07-28,2025Q3,2025,0.035123108465092034,0.5376070264570397,0.5430711927073928,118102.0,1753581600.0,21.59397322082559,8.44653210269214e-05,0.4449919737336861,0.4431680318533423,S2-analog
bitcoin-above-118000-on-july-30,1753287300,18.0,1,0.47,18.0,0.47,0.47,118000.0,1753891260,0,117943.24,117910.65,118006.11,0.497898417693002,0.34251762392834567,0.0007574902131155709,0,6.990277777777777,BTC,2025-07-30 16:01:00+00:00,2025-07-30,2025Q3,2025,0.027898417693002053,0.4600000000000001,0.4600000000000001,117561.41,1753290900.0,8.409776306419369,0.0002763575381981759,-0.4773880000000001,-0.4797121050768395,S2-analog
bitcoin-above-118000-on-july-30,1753712100,4101.77,77,0.53,2298.77,0.5354504031186537,0.5351672416118185,118000.0,1753891260,0,117943.24,118478.4,118495.34,0.5657032393811923,0.3301034301951999,-0.004046041013767081,0,2.073611111111111,BTC,2025-07-30 16:01:00+00:00,2025-07-30,2025Q3,2025,0.030252836262538607,0.533157750622501,0.5365722214243078,118094.33,1753713000.0,15.85424473422864,-0.004527173688684456,-0.5505807900726569,-0.4788058704578929,S2-analog
bitcoin-above-118000-on-july-30,1753800300,1772.0883700000002,29,0.47,857.51837,0.4921371258446169,0.49819478171000814,118000.0,1753891260,0,117943.24,118256.63,118282.14,0.554182414082505,0.2920727929448222,-0.002172468987922438,0,1.0527777777777778,BTC,2025-07-30 16:01:00+00:00,2025-07-30,2025Q3,2025,0.06204528823788813,0.45298880780399586,0.445635742466477,117823.67,1753801200.0,25.216814993714458,-0.002653601662839842,-0.4703341041505776,-0.40341872195173223,S2-analog
bitcoin-above-118k-on-august-18-528-454-981,1755174600,20080.994704,15,0.63,20080.994704,0.6298984034949426,0.6298984034949426,118000.0,1755532860,0,116165.75,121143.67,120790.485,0.7844447521896674,0.33952546207588946,-0.026292572154074073,0,4.146527777777777,BTC,2025-08-18 16:01:00+00:00,2025-08-18,2025Q3,2025,0.15454634869472472,0.6694861710349956,0.6695735967000774,119531.42,1755175500.0,8.577364855620827,-0.04195914607966624,-0.6849753816829484,-0.32507647672735873,S2-analog
bitcoin-above-118k-on-august-18-528-454-981,1755269100,7511.647905,3,0.41,7511.627905,0.4299999452013845,0.42999999845201264,118000.0,1755532860,0,116165.75,117747.9,117789.61,0.4744906090974102,0.24748007614656398,0.0021387261230767954,0,3.0527777777777776,BTC,2025-08-18 16:01:00+00:00,2025-08-18,2025Q3,2025,0.044490663896025684,0.38000000000000006,,117400.0,1755270000.0,17.52820388560651,-0.013527847802515432,-0.39649200000000007,-0.1593731255840556,S2-analog
bitcoin-above-118k-on-august-18-528-454-981,1755412200,4016.01,2,0.52,4016.01,0.5200149651021786,0.5200149651021786,118000.0,1755532860,0,116165.75,118087.94,118136.16,0.5580984206431779,0.25253133351471196,-0.0007449766732443499,0,1.3965277777777778,BTC,2025-08-18 16:01:00+00:00,2025-08-18,2025Q3,2025,0.038083455540999345,0.5100000000000001,0.51,117923.99,1755414000.0,25.519434433278988,-0.01641155059883661,-0.5274930000000001,-0.10867951054454872,S2-analog
bitcoin-above-118k-on-august-20-891-217-388,1755174600,6141.0,8,0.55,6141.0,0.5526005536557564,0.5526005536557564,118000.0,1755705660,0,113403.43,121143.67,120790.485,0.7351791754454574,0.35033691682992835,-0.026292572154074073,0,6.146527777777778,BTC,2025-08-20 16:01:00+00:00,2025-08-20,2025Q3,2025,0.18257862178970097,0.563,0.563,118866.37,1755176400.0,7.520098999607125,-0.06602555886993558,-0.58022217,-0.08370343079369608,S2-analog
bitcoin-above-118k-on-august-20-891-217-388,1755456300,8020.0,2,0.44,8020.0,0.45,0.45,118000.0,1755705660,0,113403.43,117816.0,117888.95,0.48513986297986356,0.29110953918316473,0.0015605390418036247,0,2.886111111111111,BTC,2025-08-20 16:01:00+00:00,2025-08-20,2025Q3,2025,0.035139862979863545,0.48,0.48,117733.7,1755463500.0,15.37018603711336,-0.03817244767405783,-0.49747199999999997,0.08924562224224403,S2-analog
bitcoin-above-118k-on-august-22-423-917,1755612000,15.0,1,0.16,15.0,0.16,0.16,118000.0,1755878460,0,116498.01,115192.0,115246.66,0.19535781813055292,0.3294258838158175,0.024084323059695337,0,3.0840277777777776,BTC,2025-08-22 16:01:00+00:00,2025-08-22,2025Q3,2025,0.035357818130552915,0.11000000000000001,0.11000000000000001,113652.0,1755616500.0,9.48621659684256,0.01127388990883023,-0.11685300000000001,-0.2237995615641212,S2-analog
bitcoin-above-118k-on-august-25-818,1755877500,3023.63,4,0.33,3012.0,0.3303498443923364,0.3301195219123506,118000.0,1756137660,0,112135.57,116949.63,117070.29,0.36441139881684903,0.31117833688791047,0.008941295185671647,0,3.0111111111111115,BTC,2025-08-25 16:01:00+00:00,2025-08-25,2025Q3,2025,0.03406155442451264,0.33872919128145296,0.3390972828378848,116370.75,1755878400.0,13.364929298950035,-0.042034743555967306,-0.35440861211932156,0.20738276360567703,S2-analog
bitcoin-above-118k-on-august-27,1756063800,9802.0,12,0.1,9680.0,0.07799224648031014,0.07847107438016529,118000.0,1756310460,0,111972.31,114715.24,114709.87,0.14197674484280268,0.3431997797638,0.028231740804334195,0,2.8548611111111115,BTC,2025-08-27 16:01:00+00:00,2025-08-27,2025Q3,2025,0.06398449836249254,0.0706949806949807,0.0706949806949807,113079.32,1756064700.0,8.40761025870757,-0.024201275075997536,-0.0752937847229469,0.1281811038798138,S2-analog
bitcoin-above-118k-on-october-10,1760019300,200.0,2,0.916,200.0,0.916,0.916,118000.0,1760112060,1,118890.0,122448.49,122524.57,0.9509269116258496,0.4535086561609285,-0.037005827292574144,0,1.073611111111111,BTC,2025-10-10 16:01:00+00:00,2025-10-10,2025Q4,2025,0.0349269116258496,0.9043804713804714,0.9043804713804714,121690.27,1760020200.0,5.3271942084590735,-0.029491755887785433,0.08956617821390106,0.24667448937660041,S2-analog
bitcoin-above-118k-on-october-2,1759325400,226.0,28,0.191,200.0,0.20728761061946904,0.21,118000.0,1759420860,1,119839.19,116636.87,116658.79,0.23344710999302673,0.2931746734987665,0.01161919127044932,0,1.104861111111111,BTC,2025-10-02 16:01:00+00:00,2025-10-02,2025Q4,2025,0.026159499373557688,0.21776689976689975,0.225,116513.96,1759326300.0,18.969732008599017,0.027085327538835698,0.7703089868338033,0.25650758205696333,S2-analog
bitcoin-above-118k-on-october-4,1759307400,505.7,2,0.138,505.7,0.13898872849515526,0.13898872849515526,118000.0,1759593660,1,121861.63,115089.82,115185.56,0.17316003185144652,0.2999260134281318,0.024971757479884393,0,3.313194444444444,BTC,2025-10-04 16:01:00+00:00,2025-10-04,2025Q4,2025,0.03417130335629126,0.29761205295206733,0.29761205295206733,115635.37,1759308300.0,9.41064331425566,0.0571733537503621,0.687755208725652,0.14971716950123315,S2-analog
bitcoin-above-118k-on-october-6,1759510800,300.0,3,0.88,300.0,0.8833333333333333,0.8833333333333333,118000.0,1759766460,1,125000.0,122553.3,122412.76,0.9259013386417313,0.32265081635238396,-0.037861412930488204,0,2.959027777777778,BTC,2025-10-06 16:01:00+00:00,2025-10-06,2025Q4,2025,0.042568005308397994,0.95,0.95,122642.58,1759517100.0,5.985423668067665,0.019767699906148073,0.04667500000000004,-0.07164305888151759,S2-analog
bitcoin-above-118k-on-october-7,1759509900,100.0,1,0.89,100.0,0.89,0.89,118000.0,1759852860,1,121842.3,123778.33,123828.55,0.9219294787428781,0.323302750695162,-0.047807680075752264,0,3.9694444444444446,BTC,2025-10-07 16:01:00+00:00,2025-10-07,2025Q4,2025,0.031929478742878104,0.8644444444444445,0.8644444444444445,122553.3,1759510800.0,4.433957396624913,-0.015764718916662045,0.12735293827160493,0.1972530303178513,S2-analog
bitcoin-above-118k-on-october-8,1759860900,38.703845,2,0.871,38.703845,0.87081405875424,0.87081405875424,118000.0,1759939260,1,122157.76,121183.42,121233.465,0.9263005759314631,0.4239700208841464,-0.0266206411318885,0,0.9069444444444446,BTC,2025-10-08 16:01:00+00:00,2025-10-08,2025Q4,2025,0.05548651717722308,0.8805029001208092,0.8805029001208092,120747.51,1759861800.0,8.652716207277543,0.008008058536978505,0.11213187186921503,0.04284041397747383,S2-analog
bitcoin-above-118k-on-september-10,1757080800,1220.96,4,0.09,109.88,0.09,0.09,118000.0,1757520060,0,113854.33,113084.16,112953.11499999999,0.12625868600170972,0.32933144310032625,0.04255230420233199,0,5.084027777777777,BTC,2025-09-10 16:01:00+00:00,2025-09-10,2025Q3,2025,0.03625868600170973,0.09,0.09,112235.56,1757081700.0,5.517346494881475,0.006787504022100836,-0.095733,-0.13318201152533196,S2-analog
bitcoin-above-118k-on-september-12,1757640600,115.5625,4,0.04,115.5625,0.045254732287723094,0.045254732287723094,118000.0,1757692860,0,115139.06,115710.17,115773.65,0.07112998954784959,0.3442984365315769,0.019596094388281124,0,0.6048611111111111,BTC,2025-09-12 16:01:00+00:00,2025-09-12,2025Q3,2025,0.025875257260126495,0.047,0.047,115487.44,1757643300.0,10.605827477279185,-0.004947914837337815,-0.05013537,0.0023413611370747683,S2-analog
bitcoin-above-118k-on-september-15,1757593800,222.0,2,0.12,222.0,0.12000000000000001,0.12000000000000001,118000.0,1757952060,0,114834.9,114380.61,113899.05,0.1494569136573341,0.2866515225093049,0.031153052892523278,0,4.146527777777777,BTC,2025-09-15 16:01:00+00:00,2025-09-15,2025Q3,2025,0.02945691365733409,0.14,0.14,114628.08,1757599200.0,7.643286766318673,0.0039638730802104595,-0.148428,-0.17872501865733945,S2-analog
bitcoin-above-118k-on-september-15,1757890800,1632.0,7,0.05,1632.0,0.06225490196078431,0.06225490196078431,118000.0,1757952060,0,114834.9,116009.61,116039.06,0.08891633220345206,0.30641980600102836,0.01701159196315724,0,0.7090277777777778,BTC,2025-09-15 16:01:00+00:00,2025-09-15,2025Q3,2025,0.026661430242667754,0.041085526315789475,0.041085526315789475,115594.72,1757891700.0,13.248408134435103,-0.01017758784915574,-0.04384335172480956,0.0909934859248732,S2-analog
bitcoin-above-118k-on-september-16,1757707200,30.0,1,0.26,30.0,0.26,0.26,118000.0,1758038460,0,115943.01,116632.51,116635.68,0.29921867178938893,0.2537750342809057,0.011656572944808168,0,3.8340277777777776,BTC,2025-09-16 16:01:00+00:00,2025-09-16,2025Q3,2025,0.039218671789388926,0.23,0.23,116036.55,1757709000.0,13.791041184336954,-0.005929274241939288,-0.242397,-0.160626134736187,S2-analog
bitcoin-above-118k-on-september-16,1757925000,472.08000000000004,2,0.06,172.08,0.07458057956278596,0.1,118000.0,1758038460,0,115943.01,115651.03,115685.46,0.10882025342130368,0.327769751993948,0.02010732964542934,0,1.3131944444444443,BTC,2025-09-16 16:01:00+00:00,2025-09-16,2025Q3,2025,0.034239673858517714,0.07,0.07,114737.27,1757926800.0,11.90688580472181,0.0025214824586819325,-0.07455700000000001,-0.10458000369413496,S2-analog
bitcoin-above-118k-on-september-17,1757707200,30.0,1,0.3,30.0,0.3,0.3,118000.0,1758124860,0,115835.5,116632.51,116635.68,0.33954989827765486,0.28000778987884173,0.011656572944808168,0,4.834027777777778,BTC,2025-09-17 16:01:00+00:00,2025-09-17,2025Q3,2025,0.03954989827765487,0.265,0.265,116157.33,1757710800.0,11.527357946116043,-0.006856970323085362,-0.27863425,-0.1995914986599001,S2-analog
bitcoin-above-118k-on-september-17,1757946600,50.78,5,0.08,50.78,0.08399960614415125,0.08399960614415125,118000.0,1758124860,0,115835.5,115017.56,115033.69,0.11286401758628797,0.32890104835907097,0.025599812107035325,0,2.0631944444444446,BTC,2025-09-17 16:01:00+00:00,2025-09-17,2025Q3,2025,0.028864411442136723,0.14,0.14,114921.61,1757947500.0,9.319664412310631,0.007086268839141931,-0.148428,-0.21446964751621683,S2-analog
bitcoin-above-118k-on-september-17,1758072600,549.256094,6,0.2,549.256094,0.1915610915734328,0.1915610915734328,118000.0,1758124860,0,115835.5,116719.99,116701.9,0.22716513130250818,0.3669136707582545,0.010906805926258053,0,0.6048611111111111,BTC,2025-09-17 16:01:00+00:00,2025-09-17,2025Q3,2025,0.03560403972907539,0.20166666666666666,0.21000000000000002,116662.25,1758074400.0,20.34686573734113,-0.0076067373416352875,-0.21293647222222223,-0.05816320883274986,S2-analog
bitcoin-above-118k-on-september-18,1758133800,3927.8599999999997,5,0.18,60.24,0.19707629599832988,0.17,118000.0,1758211260,0,117599.1,115961.73,115926.34,0.2273191516986842,0.5105069046857831,0.01742440158593161,0,0.8965277777777778,BTC,2025-09-18 16:01:00+00:00,2025-09-18,2025Q3,2025,0.030242855700354315,0.11201261519191197,0.11201261519191197,114902.33,1758134700.0,12.330037099534609,0.014021159494284043,-0.11897522043799662,-0.2918566371810108,S2-analog
bitcoin-above-118k-on-september-19,1758082500,7.0,1,0.31,7.0,0.31,0.31,118000.0,1758297660,0,115816.59,116429.99,116469.27,0.34118216070963936,0.38248409484428436,0.013394476305260418,0,2.4902777777777776,BTC,2025-09-19 16:01:00+00:00,2025-09-19,2025Q3,2025,0.03118216070963936,0.37,0.37,116688.33,1758087900.0,11.463682958857198,-0.0052823290341472585,-0.386317,-0.3257620546681695,S2-analog
bitcoin-above-118k-on-september-19,1758263400,861.09111,13,0.1,749.9911099999999,0.1,0.1,118000.0,1758297660,0,115816.59,116792.25,116843.15,0.14170652979037207,0.2955262003847872,0.010287909012704655,0,0.39652777777777776,BTC,2025-09-19 16:01:00+00:00,2025-09-19,2025Q3,2025,0.041706529790372066,0.10167946302046534,0.10183153903262089,116745.27,1758264300.0,23.326531172139724,-0.008388896326703187,-0.10807331550788879,0.08761053615680153,S2-analog
bitcoin-above-118k-on-september-21,1758236400,2450.0,6,0.28,2450.0,0.28,0.28,118000.0,1758470460,0,115549.9,117061.02,116971.96,0.32016931329154286,0.2219129454377496,0.007989287160285461,0,2.7090277777777776,BTC,2025-09-21 16:01:00+00:00,2025-09-21,2025Q3,2025,0.04016931329154283,0.2940816326530612,0.2940816326530612,116829.23,1758238200.0,19.04544063310455,-0.012992866011586472,-0.3086134664723032,-0.061158608194751135,S2-analog
bitcoin-above-118k-on-september-21,1758366000,90.0,1,0.031,90.0,0.031,0.031,118000.0,1758470460,0,115549.9,115747.54,115807.36,0.06627022011992213,0.2587376451789369,0.019273184424947198,0,1.2090277777777778,BTC,2025-09-21 16:01:00+00:00,2025-09-21,2025Q3,2025,0.03527022011992213,0.020409860555329704,0.020409860555329704,115822.84,1758371400.0,11.482468335997265,-0.0017089687469248264,-0.021809391425650623,-0.002186211901877382,S2-analog
bitcoin-above-118k-on-september-22,1758327300,320.2,5,0.08,320.2,0.08936914428482198,0.08936914428482198,118000.0,1758556860,0,112782.89,115627.96,115666.42,0.11865778845942429,0.23815230108618696,0.020306828960749982,0,2.6569444444444446,BTC,2025-09-22 16:01:00+00:00,2025-09-22,2025Q3,2025,0.029288644174602307,0.08908265213442325,0.08908265213442325,115557.07,1758328200.0,11.794745567381218,-0.024913152343361177,-0.09476293746004169,0.19908135571131055,S2-analog
bitcoin-above-118k-on-september-22,1758443400,400.0,4,0.04,400.0,0.04,0.04,118000.0,1758556860,0,112782.89,115593.65,115659.65,0.06728172072175863,0.2558378314313035,0.020603600531987083,0,1.3131944444444443,BTC,2025-09-22 16:01:00+00:00,2025-09-22,2025Q3,2025,0.027281720721758627,0.0380952380952381,0.036923076923076927,115580.1,1758446100.0,10.447002909875845,-0.024616380772124084,-0.040660317460317466,0.21650708409667463,S2-analog
bitcoin-above-118k-on-september-25,1758314700,500.0,1,0.25,500.0,0.25,0.25,118000.0,1758816060,0,111587.58,115403.83,115457.78,0.2751171230859264,0.2930836656651016,0.02224708203425961,0,5.802777777777778,BTC,2025-09-25 16:01:00+00:00,2025-09-25,2025Q3,2025,0.025117123085926396,0.25,0.25,115342.57,1758315600.0,8.905165537644448,-0.03362778900000271,-0.263125,0.036336027710003216,S2-analog
bitcoin-above-118k-on-september-25,1758446100,15.0,1,0.2,15.0,0.2,0.2,118000.0,1758816060,0,111587.58,115580.1,115619.81,0.2379546584052797,0.27717355874414024,0.0207208283748152,0,4.281944444444445,BTC,2025-09-25 16:01:00+00:00,2025-09-25,2025Q3,2025,0.0379546584052797,0.19,0.19,115466.44,1758447000.0,10.363084865126917,-0.03515404265944718,-0.200773,0.16353132743214308,S2-analog
bitcoin-above-120000-on-august-15-789,1755032400,180.0,1,0.49,180.0,0.49,0.49,120000.0,1755273660,0,117262.08,120192.1,120178.02,0.5226405421735819,0.32491228819004614,-0.0015995533654808922,0,2.792361111111111,BTC,2025-08-15 16:01:00+00:00,2025-08-15,2025Q3,2025,0.03264054217358192,0.4600000000000001,0.4600000000000001,119903.36,1755036000.0,14.025557772639148,-0.0246798664095789,-0.4773880000000001,-0.1312391078514349,S2-analog
bitcoin-above-120000-on-august-15-789,1755151200,1941.4781469999998,13,0.76,1936.4781469999998,0.7326344360393154,0.7325121378248117,120000.0,1755273660,0,117262.08,122134.76,122160.92,0.7764284355567473,0.3812774828678707,-0.01763328250430191,0,1.417361111111111,BTC,2025-08-15 16:01:00+00:00,2025-08-15,2025Q3,2025,0.0437939995174319,0.7336530555556213,0.7372064014298125,121738.39,1755152100.0,12.860803010164053,-0.04071359554840001,-0.7473314930296878,-0.2237219608462232,S2-analog
bitcoin-above-120000-on-august-4,1753998300,500.0,2,0.14,0.0,0.14,,120000.0,1754323260,0,114866.18,116736.03,116691.99,0.16678347335614077,0.3060594770759349,0.027576510780135947,0,3.7611111111111106,BTC,2025-08-04 16:01:00+00:00,2025-08-04,2025Q3,2025,0.026783473356140758,0.16,0.16,116536.96,1753999200.0,8.54028802255529,-0.01614743338145136,-0.169408,-0.031504268097381494,S2-analog
bitcoin-above-120000-on-july-23,1752781500,6.0,1,0.43,6.0,0.43,0.43,120000.0,1753286460,0,118408.99,119512.42,119481.54,0.455528852222762,0.33849182125830113,0.004071443756753145,0,5.844444444444444,BTC,2025-07-23 16:01:00+00:00,2025-07-23,2025Q3,2025,0.025528852222762022,0.5599239166391003,0.5599239166391003,120899.36,1752787800.0,9.25104892642636,-0.009275650403798288,-0.5771725553341245,-0.4913630596241601,S2-analog
bitcoin-above-120000-on-july-23,1753048800,7392.0199999999995,11,0.22,2085.2,0.24883090143154377,0.25017168616919244,120000.0,1753286460,0,118408.99,117997.88,117886.5,0.290255323353215,0.3913287198083028,0.016825084579468352,0,2.7506944444444446,BTC,2025-07-23 16:01:00+00:00,2025-07-23,2025Q3,2025,0.041424421921671256,0.21134284668862058,0.21205832865956256,116918.3,1753049700.0,10.299429499471318,0.0034779904189171165,-0.22301024003757253,-0.2588315571570461,S2-analog
bitcoin-above-120000-on-july-23,1753191900,2837.591426,41,0.2,2013.941426,0.28239291973389263,0.2882932543639926,120000.0,1753286460,0,118408.99,119464.0,119369.37,0.382359979271554,0.3220429464925377,0.004476672027078617,0,1.0944444444444443,BTC,2025-07-23 16:01:00+00:00,2025-07-23,2025Q3,2025,0.09996705953766138,0.14761963223169938,0.14664752242236426,118147.82,1753192800.0,21.855615532294784,-0.008870422133472779,-0.1564275975805028,0.037440938177836336,S2-analog
bitcoin-above-120000-on-july-25,1753277400,568.3207649999999,16,0.22,563.3207649999999,0.225237065902387,0.2249285122660089,120000.0,1753459260,0,115761.82,118071.0,118072.94,0.25720883227531893,0.3476860202962225,0.016205604346933265,0,2.104861111111111,BTC,2025-07-25 16:01:00+00:00,2025-07-25,2025Q3,2025,0.03197176637293192,0.21800716938426334,0.2271171149703575,117610.0,1753278300.0,12.413542080554075,-0.019751334051647765,-0.22994077242795605,0.015243243969254083,S2-analog
bitcoin-above-120000-on-july-25,1753363800,10017.26,49,0.24,3444.14,0.2280900765279128,0.22426498342111528,120000.0,1753459260,0,115761.82,118686.0,118709.25,0.2576881505095395,0.3063876824007925,0.011010392520052158,0,1.104861111111111,BTC,2025-07-25 16:01:00+00:00,2025-07-25,2025Q3,2025,0.029598073981626727,0.21047352990791746,0.21310693741770048,118614.94,1753364700.0,19.01446929733644,-0.024946545878529004,-0.22210573952603874,0.25223959115584593,S2-analog
bitcoin-above-120k-on-august-18-478-583-616-288,1755174600,6116.569089,22,0.43,5579.429089,0.47513476216535877,0.4809470927160662,120000.0,1755532860,0,116165.75,121143.67,120790.485,0.6097924338166334,0.3290751574490604,-0.009485453837692812,0,4.146527777777777,BTC,2025-08-18 16:01:00+00:00,2025-08-18,2025Q3,2025,0.13465767165127462,0.46969699278917143,0.47,119531.42,1755175500.0,11.016171077361793,-0.04195914607966624,-0.48713271373195005,-0.024903582258332335,S2-analog
bitcoin-above-120k-on-august-18-478-583-616-288,1755427500,90.0,3,0.17,90.0,0.17,0.17,120000.0,1755532860,0,116165.75,118291.99,118345.525,0.22042355790306511,0.3198510281737171,0.01433568330394032,0,1.2194444444444446,BTC,2025-08-18 16:01:00+00:00,2025-08-18,2025Q3,2025,0.0504235579030651,0.16,0.16,118301.0,1755429300.0,15.861027710708406,-0.018138008938033256,-0.169408,0.11827946238322223,S2-analog
bitcoin-above-120k-on-august-20-781-791-627,1755174600,7967.448269,18,0.37,7967.448269,0.4665770203295687,0.4665770203295687,120000.0,1755705660,0,113403.43,121143.67,120790.485,0.5887010852209972,0.34210598992385005,-0.009485453837692812,0,6.146527777777778,BTC,2025-08-20 16:01:00+00:00,2025-08-20,2025Q3,2025,0.12212406489142846,0.47628333384953697,0.4585714285714286,119531.42,1755175500.0,8.82308536632962,-0.06602555886993558,-0.4937439602318065,0.0888051820372569,S2-analog
bitcoin-above-120k-on-august-20-781-791-627,1755373500,389.610386,1,0.23,389.610386,0.23,0.23,120000.0,1755705660,0,113403.43,117755.44,117820.0,0.2567788414273887,0.28327644679495584,0.018881811377314674,0,3.8444444444444446,BTC,2025-08-20 16:01:00+00:00,2025-08-20,2025Q3,2025,0.026778841427388705,0.23,0.23,117599.42,1755379800.0,11.007444153788034,-0.03765829365492796,-0.242397,0.1721245643335698,S2-analog
bitcoin-above-120k-on-august-22-611-575,1755594900,183.54,1,0.08,183.54,0.08,0.08,120000.0,1755878460,0,116498.01,115354.01,115392.6,0.10620810240461451,0.34894699609120894,0.03948599500406691,0,3.2819444444444446,BTC,2025-08-22 16:01:00+00:00,2025-08-22,2025Q3,2025,0.026208102404614506,0.09,0.09,115430.0,1755595800.0,5.799179961491492,0.00986844353682036,-0.095733,-0.15296188000983885,S2-analog
bitcoin-above-120k-on-october-10,1759859100,40.0,4,0.63,40.0,0.63,0.63,120000.0,1760112060,0,118890.0,121406.31,121516.33,0.6569273451441602,0.39818604913844224,-0.01165111142834742,0,2.9277777777777776,BTC,2025-10-10 16:01:00+00:00,2025-10-10,2025Q4,2025,0.026927345144160175,0.62,0.62,121130.02,1759860000.0,10.66558288720047,-0.02094415833994,-0.636492,-0.4131103432227189,S2-analog
bitcoin-above-120k-on-october-10,1759997700,3140.95,12,0.71,3140.95,0.7204713223706204,0.7204713223706204,120000.0,1760112060,0,118890.0,121734.21,121698.89,0.7483085715647412,0.4014238317142128,-0.014348318778133166,0,1.323611111111111,BTC,2025-10-10 16:01:00+00:00,2025-10-10,2025Q4,2025,0.027837249194120783,0.6819229134193,0.6819229134193,121330.12,1759999500.0,13.936490001479445,-0.02364136568972583,-0.6971061971694124,-0.36762854061322914,S2-analog
bitcoin-above-120k-on-october-2,1759367700,10.0,1,0.17,10.0,0.17,0.17,120000.0,1759420860,0,119839.19,118695.0,118722.9,0.19754057200985975,0.3249256009569903,0.01093456505277969,0,0.6152777777777777,BTC,2025-10-02 16:01:00+00:00,2025-10-02,2025Q4,2025,0.027540572009859737,0.18379130588822798,0.195999,118485.0,1759368600.0,21.255323586858946,0.009593583004784821,-0.19429215021199692,-0.39820686133608885,S2-analog
bitcoin-above-120k-on-october-3,1759347000,30.694754,2,0.122,30.694754,0.12281447142400946,0.12281447142400946,120000.0,1759507260,1,122632.16,117470.87,117536.17,0.1606992268197563,0.3129649808091478,0.021301354827426545,0,1.854861111111111,BTC,2025-10-03 16:01:00+00:00,2025-10-03,2025Q4,2025,0.03788475539574683,0.122,0.122,117439.53,1759348800.0,11.21504514229797,0.042998917624886106,0.87050188,0.3882670777669504,S2-analog
bitcoin-above-120k-on-october-3,1759438800,520.503873,3,0.651,15.503873,0.6258454835455183,0.645,120000.0,1759507260,1,122632.16,120652.01,120687.17,0.6559186602920738,0.3268615519423166,-0.005418708909857701,0,0.7923611111111111,BTC,2025-10-03 16:01:00+00:00,2025-10-03,2025Q4,2025,0.03007317674655552,0.577,,120459.39,1759440600.0,24.65496051907001,0.016278853887601693,0.40591503000000007,0.004560530105470972,S2-analog
bitcoin-above-120k-on-october-4,1759509900,98.017392,8,0.936,98.017392,0.9275638778677155,0.9275638778677155,120000.0,1759593660,1,121861.63,123778.33,123828.55,0.9645943393102576,0.366979705635737,-0.03100056175937103,0,0.9694444444444444,BTC,2025-10-04 16:01:00+00:00,2025-10-04,2025Q4,2025,0.03703046144254207,0.8822444340234075,0.8822444340234075,122553.3,1759510800.0,5.590465593510612,-0.015606083805274704,0.1104833224905238,0.19772859705335522,S2-analog
bitcoin-above-120k-on-october-5,1759325400,11.9,1,0.146,0.0,0.146,,120000.0,1759680060,1,122826.73,116636.87,116658.79,0.17108986074255741,0.2924198697607929,0.028426309586830793,0,4.104861111111111,BTC,2025-10-05 16:01:00+00:00,2025-10-05,2025Q4,2025,0.025089860742557424,0.177,0.177,117241.85,1759331700.0,8.331285560238651,0.05170922984070157,0.81280303,0.38199867009710137,S2-analog
bitcoin-above-120k-on-october-5,1759425300,300.0,3,0.421,300.0,0.42133333333333334,0.42133333333333334,120000.0,1759680060,1,122826.73,119801.0,119868.88,0.46736680228384664,0.2827996911570657,0.0016597098901259468,0,2.948611111111111,BTC,2025-10-05 16:01:00+00:00,2025-10-05,2025Q4,2025,0.0460334689505133,0.5480916030534351,0.5482882882882884,120068.0,1759430700.0,15.64759161877089,0.024942630143997113,0.4345702931064624,0.04427820271515098,S2-analog
bitcoin-above-120k-on-october-6,1759511700,29.0,1,0.78,0.0,0.78,,120000.0,1759766460,1,125000.0,122981.09,122924.18,0.8303302419840003,0.30769294970453626,-0.02453886093379288,0,2.948611111111111,BTC,2025-10-06 16:01:00+00:00,2025-10-06,2025Q4,2025,0.05033024198400027,0.76,0.76,122029.93,1759515300.0,9.850396994831597,0.016283133586462127,0.227232,0.066836669853472,S2-analog
bitcoin-above-120k-on-october-8,1759845600,5.0,1,0.904,5.0,0.9040000000000001,0.9040000000000001,120000.0,1759939260,1,122157.76,123891.68,124021.72,0.94650179372548,0.41229096876362664,-0.03191589267015829,0,1.0840277777777778,BTC,2025-10-08 16:01:00+00:00,2025-10-08,2025Q4,2025,0.04250179372547991,0.902,,122831.93,1759846500.0,6.578021628411946,-0.014094311317672628,0.09181227999999998,0.1845249646852218,S2-analog
bitcoin-above-120k-on-october-9,1759509900,5.29,1,0.72,5.29,0.72,0.72,120000.0,1760025660,1,121225.0,123778.33,123828.55,0.771331928899079,0.3495350237656261,-0.03100056175937103,0,5.969444444444445,BTC,2025-10-09 16:01:00+00:00,2025-10-09,2025Q4,2025,0.051331928899079005,0.65,0.65,122553.3,1759510800.0,7.124937560559087,-0.02084398155000102,0.33407499999999996,0.4825870670572029,S2-analog
bitcoin-above-120k-on-october-9,1759851000,4170.0,8,0.67,4170.0,0.6769544364508393,0.6769544364508393,120000.0,1760025660,1,121225.0,122079.96,122163.20999999999,0.744792070790926,0.40609546151238746,-0.01718449710004988,0,2.0215277777777776,BTC,2025-10-09 16:01:00+00:00,2025-10-09,2025Q4,2025,0.06783763434008672,0.69,0.69,121683.26,1759851900.0,11.325640481692155,-0.007027916890679898,0.29502700000000004,0.37462266003905237,S2-analog
bitcoin-above-120k-on-september-17,1757698200,3000.0,2,0.1,3000.0,0.105,0.105,120000.0,1758124860,0,115835.5,115851.65,115916.11,0.13288557671060583,0.2827102490966372,0.03518124945005686,0,4.938194444444445,BTC,2025-09-17 16:01:00+00:00,2025-09-17,2025Q3,2025,0.027885576710605833,0.1650623441396509,0.1650623441396509,116524.88,1757705400.0,6.724809464949016,-0.00013941213421766552,-0.17470951780772512,-0.17377199776800942,S2-analog
bitcoin-above-120k-on-september-18,1758133800,157.89000000000001,3,0.05,157.89000000000001,0.05,0.05,120000.0,1758211260,0,117599.1,115961.73,115926.34,0.07522806889179658,0.5305371520055849,0.0342315199023129,0,0.8965277777777778,BTC,2025-09-18 16:01:00+00:00,2025-09-18,2025Q3,2025,0.025228068891796573,0.022336820219608863,0.022336820219608863,114902.33,1758134700.0,6.390579454554317,0.014021159494284043,-0.023865472287354864,-0.11346880608055565,S2-analog
bitcoin-above-120k-on-september-19,1758129300,778.15,16,0.11,778.15,0.10071965559339459,0.10071965559339459,120000.0,1758297660,0,115816.59,115676.37,115716.15,0.12918960308451807,0.4630285039690408,0.036695364531993326,0,1.948611111111111,BTC,2025-09-19 16:01:00+00:00,2025-09-19,2025Q3,2025,0.028469947491123485,0.11141953619114546,0.11141953619114546,115680.62,1758130200.0,6.428241559854806,0.00121144087620432,-0.11834990181137214,-0.12613733639909566,S2-analog
bitcoin-above-122000-on-august-15-214,1755094500,14.521738,2,0.46,14.521738,0.46,0.46,122000.0,1755273660,0,117262.08,122070.75,122083.9,0.4893227718284519,0.33853739353426776,-0.000579749945306027,0,2.073611111111111,BTC,2025-08-15 16:01:00+00:00,2025-08-15,2025Q3,2025,0.029322771828451888,0.4336956533648394,0.42,121649.7,1755096300.0,15.633803381004293,-0.04018936494061457,-0.4508879147180493,0.17742471477094618,S2-analog
bitcoin-above-122000-on-august-15-214,1755182700,208.33,1,0.09,0.0,0.09,,122000.0,1755273660,0,117262.08,119063.24,119164.1,0.11684766175307942,0.4186596926199939,0.0243662642084537,0,1.0527777777777778,BTC,2025-08-15 16:01:00+00:00,2025-08-15,2025Q3,2025,0.026847661753079427,0.09,,118799.01,1755183600.0,9.74301296513152,-0.015243350786854872,-0.095733,0.05278316434837478,S2-analog
bitcoin-above-122000-on-july-21,1752787800,169.37,11,0.37,60.38,0.3560789986420263,0.3529811195760186,122000.0,1753113660,0,118339.83,120899.36,120838.5,0.3833303787839717,0.3483183837465649,0.009062580757620809,0,3.771527777777778,BTC,2025-07-21 16:01:00+00:00,2025-07-21,2025Q3,2025,0.02725138014194539,0.3756019791094008,0.3756019791094008,120605.57,1752788700.0,10.853243300043326,-0.021398063266905944,-0.39201873837729595,-0.1597803515918458,S2-analog
bitcoin-above-122k-on-august-18-179-351-247-613,1755174600,2928.38,10,0.22,2928.38,0.2944188937228092,0.2944188937228092,122000.0,1755532860,0,116165.75,121143.67,120790.485,0.40361667004339136,0.32660047215231275,0.007043848113517668,0,4.146527777777777,BTC,2025-08-18 16:01:00+00:00,2025-08-18,2025Q3,2025,0.10919777632058214,0.2317764286656988,0.21,119531.42,1755175500.0,11.186934574443105,-0.04195914607966624,-0.24424035677034592,0.22515386522238126,S2-analog
bitcoin-above-122k-on-august-20-179-833-743,1755174600,6484.009999999999,10,0.27,6382.23,0.30874380206076185,0.30840482088548987,122000.0,1755705660,0,113403.43,121143.67,120790.485,0.42556369339069233,0.33890690067144785,0.007043848113517668,0,6.146527777777778,BTC,2025-08-20 16:01:00+00:00,2025-08-20,2025Q3,2025,0.11681989132993048,0.28571473732518554,0.28571473732518554,119531.42,1755175500.0,8.92187914664679,-0.06602555886993558,-0.3000004651592125,0.28907159166816565,S2-analog
bitcoin-above-122k-on-october-10,1759900500,200.0,2,0.45,200.0,0.45,0.45,122000.0,1760112060,0,118890.0,121759.31,121792.94,0.48792716557354615,0.370005718398427,0.0019748175216144697,0,2.448611111111111,BTC,2025-10-10 16:01:00+00:00,2025-10-10,2025Q4,2025,0.03792716557354614,0.459999,0.459999,121390.2,1759901400.0,13.12161824182111,-0.02384753134118881,-0.47738699439993,-0.16446879213098625,S2-analog
bitcoin-above-122k-on-october-10,1759997700,1380.438997,6,0.39,1380.438997,0.4393143913986371,0.4393143913986371,122000.0,1760112060,0,118890.0,121734.21,121698.89,0.47046617994682993,0.38085397274587074,0.0021809831730773546,0,1.323611111111111,BTC,2025-10-10 16:01:00+00:00,2025-10-10,2025Q4,2025,0.031151788548192838,0.41000000000000003,0.41000000000000003,121180.0,1759998600.0,17.296250231990925,-0.02364136568972583,-0.426933,-0.01802602320449731,S2-analog
bitcoin-above-122k-on-october-6,1759509900,200.0,2,0.575,200.0,0.575,0.575,122000.0,1759766460,1,125000.0,123778.33,123828.55,0.7177576503681147,0.28734328700614453,-0.014471259808160468,0,2.9694444444444446,BTC,2025-10-06 16:01:00+00:00,2025-10-06,2025Q4,2025,0.14275765036811472,0.5108349121678779,0.5108666284908938,122553.3,1759510800.0,13.265533591992595,0.00982143276088404,0.4716733055046401,0.34138675929363627,S2-analog
bitcoin-above-122k-on-october-6,1759656600,3288.18,26,0.674,2841.02,0.7328934152023309,0.7355455540615695,122000.0,1759766460,1,125000.0,124013.4,123463.24,0.779364200434934,0.3933632066964711,-0.016368579549360114,0,1.2715277777777778,BTC,2025-10-06 16:01:00+00:00,2025-10-06,2025Q4,2025,0.04647078523260317,0.67,0.67,122988.76,1759657500.0,13.51112677804384,0.007924113019684528,0.31452299999999994,0.2074593043874945,S2-analog
bitcoin-above-122k-on-october-7,1759656600,3786.96,13,0.68,3786.96,0.6804089824027716,0.6804089824027716,122000.0,1759852860,0,121842.3,124013.4,123463.24,0.7179816385671356,0.3966842838881282,-0.016368579549360114,0,2.2715277777777776,BTC,2025-10-07 16:01:00+00:00,2025-10-07,2025Q4,2025,0.037572656164364004,0.63,0.63,122988.76,1759657500.0,11.208396635510576,-0.017662038657861687,-0.646317,-0.44835386533096533,S2-analog
bitcoin-above-122k-on-october-8,1759658400,2300.0,6,0.57,0.0,0.5721739130434782,,122000.0,1759939260,1,122157.76,123020.5,123043.94,0.5979967630932554,0.38931314851218557,-0.008329963418481757,0,3.2506944444444446,BTC,2025-10-08 16:01:00+00:00,2025-10-08,2025Q4,2025,0.025822850049777246,0.59,,122859.47,1759659300.0,10.625330892360639,-0.007037684017206538,0.39306700000000006,0.46784472139869737,S2-analog
bitcoin-above-122k-on-october-8,1759843800,326.222221,13,0.82,276.782221,0.8429598774702138,0.8399160993878324,122000.0,1759939260,1,122157.76,124804.14,124882.1,0.897805332668001,0.358509147784291,-0.02272458372877951,0,1.104861111111111,BTC,2025-10-08 16:01:00+00:00,2025-10-08,2025Q4,2025,0.05484545519778716,0.7886666666666667,0.7886666666666667,123792.2,1759844700.0,10.533953104498625,-0.02143230432750429,0.19966632444444438,0.4254332131517175,S2-analog
bitcoin-above-122k-on-october-9,1759843800,3620.0,2,0.79,3620.0,0.7911049723756907,0.7911049723756907,122000.0,1760025660,0,121225.0,124804.14,124882.1,0.8175754953685644,0.37326480527535794,-0.02272458372877951,0,2.104861111111111,BTC,2025-10-09 16:01:00+00:00,2025-10-09,2025Q4,2025,0.02647052299287378,0.75,0.75,123792.2,1759844700.0,10.32172035470972,-0.029097305470620085,-0.763125,-0.4627907498566942,S2-analog
bitcoin-above-122k-on-october-9,1759930200,396.644614,16,0.5,396.644614,0.5455225949444003,0.5455225949444003,122000.0,1760025660,0,121225.0,122497.16,122492.97,0.5918535331227487,0.36944473153203033,-0.004066801309310247,0,1.104861111111111,BTC,2025-10-09 16:01:00+00:00,2025-10-09,2025Q4,2025,0.046330938178348435,0.4974286281803572,0.4964691358024691,121898.24,1759931100.0,19.276194839269966,-0.010439523051150834,-0.5149281653436448,-0.31369388498061124,S2-analog
bitcoin-above-124k-on-august-20-651-789-537,1755174600,6.0,1,0.18,6.0,0.18000000000000002,0.18000000000000002,124000.0,1755705660,0,113403.43,121143.67,120790.485,0.27631385434581635,0.3405153764947939,0.02330436898529811,0,6.146527777777778,BTC,2025-08-20 16:01:00+00:00,2025-08-20,2025Q3,2025,0.09631385434581632,0.19,0.19,119531.42,1755175500.0,7.76320261252271,-0.06602555886993558,-0.200773,0.3117967911123559,S2-analog
bitcoin-above-124k-on-october-10,1759843800,7040.0,2,0.53,7040.0,0.5650000000000001,0.5650000000000001,124000.0,1760112060,0,118890.0,124804.14,124882.1,0.5990740881036756,0.36855305023646345,-0.006464062856999147,0,3.104861111111111,BTC,2025-10-10 16:01:00+00:00,2025-10-10,2025Q4,2025,0.034074088103675515,0.41,0.41,123891.68,1759845600.0,11.561752795157005,-0.04854693259158265,-0.426933,0.13435463358702948,S2-analog
bitcoin-above-124k-on-october-10,1759930200,16.0,1,0.25,16.0,0.25,0.25,124000.0,1760112060,0,118890.0,122497.16,122492.97,0.33039336136376635,0.3491888361209717,0.012193719562470048,0,2.104861111111111,BTC,2025-10-10 16:01:00+00:00,2025-10-10,2025Q4,2025,0.08039336136376635,0.2676505139500735,0.2676505139500735,121898.24,1759931100.0,13.451825232264099,-0.029889150172113525,-0.28137147409333696,0.1206921503628306,S2-analog
bitcoin-above-124k-on-october-10,1760016600,47.38,1,0.29,47.38,0.29,0.29,124000.0,1760112060,0,118890.0,123461.86,123416.42,0.4119162595216969,0.38782256178641167,0.004349283144477977,0,1.104861111111111,BTC,2025-10-10 16:01:00+00:00,2025-10-10,2025Q4,2025,0.12191625952169693,0.3142849659507596,0.3142849659507596,122756.0,1760017500.0,18.27167283823089,-0.037733586590105575,-0.3293706607797259,0.36008508840773956,S2-analog
bitcoin-above-124k-on-october-6,1759517100,151.06,1,0.276,0.0,0.276,,124000.0,1759766460,1,125000.0,122642.58,122695.41,0.3050439046067204,0.2990684631129585,0.01100729408076043,0,2.886111111111111,BTC,2025-10-06 16:01:00+00:00,2025-10-06,2025Q4,2025,0.02904390460672035,0.2843908129514254,0.2843908129514254,122538.46,1759518000.0,13.69303784640897,0.019039465778024744,0.7013632995563569,0.4406551740824557,S2-analog
bitcoin-above-124k-on-october-6,1759655700,425.0,5,0.535,425.0,0.534235294117647,0.534235294117647,124000.0,1759766460,1,125000.0,124395.43,124405.53,0.5634882703903425,0.38561009950376596,-0.0031838776908413757,0,1.2819444444444443,BTC,2025-10-06 16:01:00+00:00,2025-10-06,2025Q4,2025,0.02925297627269552,0.4267435912178279,0.4277056625191408,124013.4,1759656600.0,17.314962309546686,0.004848294006422846,0.5561320638821083,0.4721840358952957,S2-analog
bitcoin-above-124k-on-october-7,1759656600,6339.094359,19,0.39,6339.094359,0.46379722782179844,0.46379722782179844,124000.0,1759852860,0,121842.3,124013.4,123463.24,0.5008948802941329,0.3847870217937721,-0.00010805867757986732,0,2.2715277777777776,BTC,2025-10-07 16:01:00+00:00,2025-10-07,2025Q4,2025,0.03709765247233443,0.38900000000000007,0.38900000000000007,122988.76,1759657500.0,13.141584969447443,-0.017662038657861687,-0.4056375300000001,-0.17353034824404526,S2-analog
bitcoin-above-124k-on-october-7,1759760100,25.0,3,0.599,0.0,0.6022,,124000.0,1759852860,0,121842.3,124970.47,125157.47,0.6442843616054001,0.40128573463281925,-0.007795903788199803,0,1.073611111111111,BTC,2025-10-07 16:01:00+00:00,2025-10-07,2025Q4,2025,0.04208436160540019,0.6596679408298918,0.6596679408298918,124851.03,1759761000.0,17.257725808850324,-0.02534988376848171,-0.6753833712368718,-0.23790202787418907,S2-analog
bitcoin-above-124k-on-october-9,1759878000,8770.0,5,0.2,8770.0,0.20028506271379704,0.20028506271379704,124000.0,1760025660,0,121225.0,122011.17,122070.375,0.23828223926238387,0.34477410877009224,0.016168967685851864,0,1.7090277777777778,BTC,2025-10-09 16:01:00+00:00,2025-10-09,2025Q4,2025,0.037997176548586836,0.19,,121662.19,1759879800.0,13.261957507250031,-0.0064642749277689735,-0.200773,-0.11504406059274612,S2-analog
bitcoin-above-124k-on-october-9,1759975200,997.441857,5,0.16,997.441857,0.15884821643293037,0.15884821643293037,124000.0,1760025660,0,121225.0,122548.23,122542.95499999999,0.18481546843276936,0.34845927665522836,0.011776898819672884,0,0.5840277777777778,BTC,2025-10-09 16:01:00+00:00,2025-10-09,2025Q4,2025,0.025967251999838986,0.11434933890048714,,121994.82,1759977000.0,19.911576204475672,-0.010856343793947943,-0.12143848863203274,0.09472842812314827,S2-analog
bitcoin-above-126k-on-august-18-433-622-599-799,1755174600,162.0,6,0.06,154.87,0.06055555555555556,0.060581132562794605,126000.0,1755532860,0,116165.75,121143.67,120790.485,0.110203794084241,0.34439090683685336,0.03930471033173916,0,4.146527777777777,BTC,2025-08-18 16:01:00+00:00,2025-08-18,2025Q3,2025,0.04964823852868544,0.05,0.05,119531.42,1755175500.0,6.005976903360867,-0.04195914607966624,-0.053325000000000004,0.1986806622392201,S2-analog
bitcoin-above-126k-on-october-10,1759992300,8.0,1,0.06,8.0,0.06,0.06,126000.0,1760112060,0,118890.0,122112.2,122161.82,0.08639040033111405,0.37867345654001117,0.03134161272638187,0,1.386111111111111,BTC,2025-10-10 16:01:00+00:00,2025-10-10,2025Q4,2025,0.026390400331114047,0.06,0.05999999999999999,121906.1,1759996800.0,6.828882256573359,-0.026741598354642834,-0.063948,0.11866722651643177,S2-analog
bitcoin-above-126k-on-october-8,1759785300,200.0,3,0.33,170.0,0.33,0.33,126000.0,1759939260,0,122157.76,125057.2,125104.86,0.35832162865028083,0.340749960247289,0.007510674316127797,0,1.7819444444444446,BTC,2025-10-08 16:01:00+00:00,2025-10-08,2025Q4,2025,0.028321628650280817,0.37,0.37,125175.55,1759789800.0,15.88190819138072,-0.023457908500818525,-0.386317,-0.013760650828190835,S2-analog
bitcoin-above-126k-on-october-9,1759656600,2105.0,8,0.27,2105.0,0.30990498812351547,0.30990498812351547,126000.0,1760025660,0,121225.0,124013.4,123463.24,0.35530903634615335,0.37790239434630246,0.015892282668861318,0,4.271527777777778,BTC,2025-10-09 16:01:00+00:00,2025-10-09,2025Q4,2025,0.04540404822263788,0.27,0.27,122988.76,1759657500.0,8.974870268345757,-0.02274130129120063,-0.283797,-0.0796967711781105,S2-analog
bitcoin-above-128k-on-october-8,1759767300,8100.0,6,0.137,8100.0,0.13885185185185187,0.13885185185185187,128000.0,1759939260,0,122157.76,124851.87,124960.795,0.16445410301303476,0.38510363748668186,0.024902269332435535,0,1.9902777777777778,BTC,2025-10-08 16:01:00+00:00,2025-10-08,2025Q4,2025,0.025602251161182893,0.1481390284757119,0.1476065857885615,124879.58,1759768200.0,9.441796201269064,-0.02181467045264997,-0.15697259844597078,0.04899707416579621,S2-analog
bitcoin-above-55000-on-september-13,1726009200,1118.4747810000001,5,0.77,1118.4747810000001,0.7720109528066328,0.7720109528066328,55000.0,1726243260,1,59707.98,57615.85,57604.46,0.8115481660515403,0.6616314451517654,-0.04646451822717153,0,2.7090277777777776,BTC,2024-09-13 16:01:00+00:00,2024-09-13,2024Q3,2024,0.039537213244907554,0.809999,0.809999,57656.0,1726011900.0,5.13634522855225,0.035667976347805656,0.17922795660007,-0.003975083526096129,S2-analog
bitcoin-above-55000-on-september-13,1726096500,227.86789000000002,5,0.86,227.86789000000002,0.8596007945217732,0.8596007945217732,55000.0,1726243260,1,59707.98,57439.99,57484.625,0.8948541811968023,0.5497995760913896,-0.04340756541277518,0,1.698611111111111,BTC,2024-09-13 16:01:00+00:00,2024-09-13,2024Q3,2024,0.035253386675029086,0.850032011209534,0.88,57388.01,1726097400.0,5.5628894149732675,0.03872492916220215,0.1410445574114634,-0.07437794112054055,S2-analog
bitcoin-above-57000-on-july-12,1720588500,95.37,1,0.77,95.37,0.7699999999999999,0.7699999999999999,57000.0,1720800060,1,58157.43,59182.0,59158.49,0.8146350312563488,0.5812723750775124,-0.03756617376754996,0,2.448611111111111,BTC,2024-07-12 16:01:00+00:00,2024-07-12,2024Q3,2024,0.044635031256348934,0.780001,0.780001,58936.69,1720590300.0,6.252530879208962,-0.017463797798841437,0.20798703920006995,0.3171799742055875,S2-analog
bitcoin-above-57000-on-july-12,1720707300,200.0,2,0.69,0.0,0.72,,57000.0,1720800060,1,58157.43,58288.01,58201.48,0.7832336816583221,0.5793821186541096,-0.02234514399354265,0,1.073611111111111,BTC,2024-07-12 16:01:00+00:00,2024-07-12,2024Q3,2024,0.0632336816583221,0.68,,57781.7,1720708200.0,9.969144808474988,-0.0022427680248342102,0.30476799999999993,0.3271264792113896,S2-analog
bitcoin-above-58000-on-july-19,1721162700,260.81,4,0.97,260.81,0.9550776427284229,0.9550776427284229,58000.0,1721404860,1,65889.01,64833.27,64872.18,0.9805325425838326,0.6805141681020063,-0.11137588697974163,0,2.8027777777777776,BTC,2024-07-19 16:01:00+00:00,2024-07-19,2024Q3,2024,0.02545489985540972,0.969999,0.969999,64651.82,1721163600.0,1.2357909733952022,0.016152762244954356,0.027963934200070054,0.008002496422356637,S2-analog
bitcoin-above-60000-on-april-19,1713300300,200.0,1,0.75,200.0,0.75,0.75,60000.0,1713542460,1,64470.16,62884.11,62961.91,0.7815100157004388,0.8095759940791305,-0.04694894635822897,0,2.8027777777777776,BTC,2024-04-19 16:01:00+00:00,2024-04-19,2024Q2,2024,0.031510015700438765,0.77,0.77,63019.72,1713301200.0,4.6219260967177,0.024908972513588444,0.217603,0.10247556989702168,S2-analog
bitcoin-above-60000-on-april-19,1713405600,615.0699999999999,2,0.72,0.0,0.7132516624124084,,60000.0,1713542460,1,64470.16,61639.26,61608.22,0.7389112992520426,0.762036060164403,-0.026954442966317334,0,1.5840277777777776,BTC,2024-04-19 16:01:00+00:00,2024-04-19,2024Q2,2024,0.025659636839634126,0.72,0.72,61510.0,1713407400.0,6.971287732948553,0.04490347590549999,0.265888,-0.04714705074676301,S2-analog
bitcoin-above-60000-on-april-19,1713492900,3019.9,8,0.55,2399.01,0.5408807576409814,0.535414775261462,60000.0,1713542460,1,64470.16,60703.73,60638.89,0.6452545145090862,0.9173554352255723,-0.011660583708276275,0,0.5736111111111111,BTC,2024-04-19 16:01:00+00:00,2024-04-19,2024Q2,2024,0.1043737568681048,0.58,,59679.0,1713493800.0,10.479611253379632,0.060197335163541074,0.40294800000000003,-0.2278966710033104,S2-analog
bitcoin-above-60000-on-april-30,1714051800,527.130433,1,0.77,527.130433,0.77,0.77,60000.0,1714492860,1,60815.04,63209.1,63112.41,0.8049473283564349,0.5827708638981859,-0.05210371590730087,0,5.104861111111111,BTC,2024-04-30 16:01:00+00:00,2024-04-30,2024Q2,2024,0.03494732835643488,0.900990088376421,0.900990088376421,63535.49,1714058100.0,4.461835292096307,-0.0386111513267508,0.09276542519190807,0.26504202285007594,S2-analog
bitcoin-above-60000-on-april-30,1714157100,200.0,1,0.89,200.0,0.89,0.89,60000.0,1714492860,1,60815.04,64000.88,64013.0,0.915914059656602,0.5363676698579188,-0.06455227104304076,0,3.886111111111111,BTC,2024-04-30 16:01:00+00:00,2024-04-30,2024Q2,2024,0.025914059656601984,0.87,0.87,63970.26,1714162500.0,3.769417207992453,-0.051059706462490646,0.122083,0.3145483361747557,S2-analog
bitcoin-above-60000-on-april-30,1714263300,24.0,1,0.89,0.0,0.89,,60000.0,1714492860,1,60815.04,63493.99,63458.44,0.9306560819842266,0.5387092037996097,-0.056600693528069956,0,2.6569444444444446,BTC,2024-04-30 16:01:00+00:00,2024-04-30,2024Q2,2024,0.040656081984226544,0.9,,63734.0,1714264200.0,4.18197120247958,-0.04310812894751987,0.09369999999999998,0.27397695385130444,S2-analog
bitcoin-above-60000-on-april-30,1714416300,71.42857,1,0.930001,71.42857,0.9300010000000001,0.9300010000000001,60000.0,1714492860,1,60815.04,62786.01,62763.51,0.961884201478853,0.5740806202504881,-0.04538771573433715,0,0.8861111111111111,BTC,2024-04-30 16:01:00+00:00,2024-04-30,2024Q2,2024,0.03188320147885293,0.92,0.92,62642.5,1714418100.0,3.981542970289734,-0.031895151153787084,0.07484799999999996,0.20183991486268943,S2-analog
bitcoin-above-60000-on-august-16,1723642200,22165.998536000003,39,0.53,15708.478536,0.5790629376314137,0.5739089439584524,60000.0,1723824060,0,58076.37,60808.0,60862.94,0.6275908282141124,0.5993559838988136,-0.013376797041638687,0,2.104861111111111,BTC,2024-08-16 16:01:00+00:00,2024-08-16,2024Q3,2024,0.048527890582698685,0.46252831773591935,0.5106175981561383,60148.87,1723643100.0,8.448807676619378,-0.045962490700405055,-0.4799300288479003,-0.09160178458177132,S2-analog
bitcoin-above-60000-on-august-23,1724267700,3748.792348,26,0.66,1093.042348,0.6289685436973657,0.6222139196983684,60000.0,1724428860,1,61461.01,61041.73,61080.565,0.6803307621828072,0.5231520246762048,-0.017213166423245257,0,1.8652777777777778,BTC,2024-08-23 16:01:00+00:00,2024-08-23,2024Q3,2024,0.051362218485441535,0.6823322617861095,0.6952213708102817,61029.95,1724268600.0,9.676481491458757,0.006845261374617138,0.3024948919720532,0.23625684697637295,S2-analog
bitcoin-above-60000-on-august-23,1724360400,679.413541,7,0.679999,679.413541,0.6634878026639729,0.6634878026639729,60000.0,1724428860,1,61461.01,60680.01,60643.94,0.6902914968513938,0.5106646023186828,-0.011269757057162696,0,0.7923611111111111,BTC,2024-08-23 16:01:00+00:00,2024-08-23,2024Q3,2024,0.0268036941874209,0.679999,0.679999,60525.99,1724361300.0,15.071570487024903,0.012788670740699767,0.30476897480007,0.11202362229626045,S2-analog
bitcoin-above-60000-on-august-30,1724794200,2893.163665,25,0.72,2205.163665,0.7005668959114197,0.7017595622104343,60000.0,1725033660,0,58056.01,61422.44,61282.61,0.7379110740514351,0.4621503926663541,-0.02343067847496166,0,2.771527777777778,BTC,2024-08-30 16:01:00+00:00,2024-08-30,2024Q3,2024,0.03734417814001534,0.602799083271953,0.6061184631382486,61093.2,1724795100.0,8.46069474789584,-0.05636700647375609,-0.6195593476654442,-0.14265531203832527,S2-analog
bitcoin-above-60000-on-august-30,1724948100,2505.231291,19,0.69,2505.231291,0.6951414029739579,0.6951414029739579,60000.0,1725033660,0,58056.01,60916.0,60932.86,0.7208121956184713,0.5520989536498133,-0.015151303767343794,0,0.9902777777777777,BTC,2024-08-30 16:01:00+00:00,2024-08-30,2024Q3,2024,0.02567079264451344,0.6506758693214882,0.6522512645026546,60606.0,1724949000.0,12.165461176290046,-0.04808763176613821,-0.6665866440897832,-0.08157842677909688,S2-analog
bitcoin-above-60000-on-may-10,1715277600,78.571427,1,0.86,78.571427,0.8600000000000001,0.8600000000000001,60000.0,1715356860,1,60851.37,61946.29,61906.515,0.8997214871695945,0.5562458198007034,-0.03192315705410278,0,0.9173611111111111,BTC,2024-05-10 16:01:00+00:00,2024-05-10,2024Q2,2024,0.03972148716959445,0.91,,62147.83,1715278500.0,7.548177046493357,-0.017833385716490076,0.08426699999999997,0.21887655272647283,S2-analog
bitcoin-above-60000-on-may-17,1715722200,83.333332,1,0.64,83.333332,0.64,0.64,60000.0,1715961660,1,67247.37,61508.92,61461.74,0.7116085913189982,0.5485659705269385,-0.02483764272339986,0,2.771527777777778,BTC,2024-05-17 16:01:00+00:00,2024-05-17,2024Q2,2024,0.07160859131899822,0.76,0.76,61615.8,1715725800.0,7.38093367027375,0.08919570496502618,0.227232,-0.4311155820201653,S2-analog
bitcoin-above-60000-on-may-17,1715810400,36.84208,2,0.95,36.84208,0.9499999999999998,0.9499999999999998,60000.0,1715961660,1,67247.37,65859.99,65920.19,0.9875715129435542,0.6536398229265328,-0.09318656288887564,0,1.7506944444444443,BTC,2024-05-17 16:01:00+00:00,2024-05-17,2024Q2,2024,0.03757151294355432,0.95,0.95,65997.14,1715811300.0,1.1093543765140534,0.020846784799550478,0.04667500000000004,0.023548528046372075,S2-analog
bitcoin-above-60000-on-may-17,1715915700,32.258063,1,0.969001,32.258063,0.969001,0.969001,60000.0,1715961660,1,67247.37,65395.74,65415.15,0.9990654328285054,0.8756918694065601,-0.08611255650482691,0,0.5319444444444444,BTC,2024-05-17 16:01:00+00:00,2024-05-17,2024Q2,2024,0.03006443282850535,0.999,0.999,65589.6,1715919300.0,0.4514248721037938,0.027920791183599167,0.0009300700000000008,-0.011674069589092985,S2-analog
bitcoin-above-60000-on-october-1,1727210700,482.284537,2,0.83,482.284537,0.8303616506162212,0.8303616506162212,60000.0,1727798460,1,62567.14,64196.7,64199.49,0.8602166500341066,0.4980065262243046,-0.06760724528353448,0,6.802777777777778,BTC,2024-10-01 16:01:00+00:00,2024-10-01,2024Q4,2024,0.029854999417885386,0.8453969113872044,0.8453969113872044,64215.01,1727211600.0,3.6998638021484878,-0.025711587346179527,0.14545402046050301,0.24058339177841176,S2-analog
bitcoin-above-60000-on-october-1,1727366400,2724.4782960000002,4,0.939999,2724.4782960000002,0.910117137377153,0.910117137377153,60000.0,1727798460,1,62567.14,65229.03,65221.91,0.9389536346320958,0.50845493460876,-0.08356005301695957,0,5.000694444444444,BTC,2024-10-01 16:01:00+00:00,2024-10-01,2024Q4,2024,0.02883649725494275,0.9495693605072182,0.939999,65435.21,1727368200.0,2.6072147147011226,-0.04166439507960455,0.047078522186262656,0.1557065461169287,S2-analog
bitcoin-above-60000-on-october-1,1727457300,143.9,2,0.945,0.0,0.9456949270326616,,60000.0,1727798460,1,62567.14,66013.99,66037.85,0.9793498642674032,0.46418260260825883,-0.09552212703889255,0,3.9486111111111115,BTC,2024-10-01 16:01:00+00:00,2024-10-01,2024Q4,2024,0.033654937234741666,0.9449999999999998,0.9449999999999998,65804.01,1727458200.0,1.2238652566847628,-0.05362646910153766,0.05136175000000015,0.11699332237205104,S2-analog
bitcoin-above-60000-on-october-1,1727567100,937.349757,6,0.989999,937.349757,0.9700207751151025,0.9700207751151025,60000.0,1727798460,1,62567.14,65717.99,65717.74,0.9957306398642037,0.40195381363768085,-0.09102814618223994,0,2.677777777777778,BTC,2024-10-01 16:01:00+00:00,2024-10-01,2024Q4,2024,0.025709864749101197,0.989999,0.989999,65754.01,1727570700.0,0.3678708402411094,-0.04913248824488497,0.009307931400070035,0.0273823411338523,S2-analog
bitcoin-above-60000-on-october-1,1727688600,313.36,3,0.961,100.0,0.961,0.961,60000.0,1727798460,1,62567.14,63969.5,63975.884999999995,0.986197068565625,0.555388477547793,-0.06406184504557255,0,1.2715277777777778,BTC,2024-10-01 16:01:00+00:00,2024-10-01,2024Q4,2024,0.02519706856562498,0.9610405677341799,0.9610208856840741,63849.99,1727689500.0,1.8613195180621533,-0.02216618710821746,0.03633852062258595,0.07759687732812878,S2-analog
bitcoin-above-60000-on-september-20,1726617600,5121.572364,19,0.5,5121.572364,0.4987965825840277,0.4987965825840277,60000.0,1726848060,1,63164.53,60313.99,60326.5,0.5393319504422711,0.6091557260231861,-0.005219521235161245,0,2.667361111111111,BTC,2024-09-20 16:01:00+00:00,2024-09-20,2024Q3,2024,0.04053536785824341,0.52,0.52,60080.0,1726619400.0,7.639973969869097,0.046178825967482344,0.462528,0.10972297164931977,S2-analog
bitcoin-above-60000-on-september-20,1726704000,5575.245191,23,0.78,5525.245191,0.7728642733714705,0.7728901932471723,60000.0,1726848060,1,63164.53,61759.99,61806.54,0.8060712152137464,0.5417911644812314,-0.028911181577308535,0,1.667361111111111,BTC,2024-09-20 16:01:00+00:00,2024-09-20,2024Q3,2024,0.033206941842275906,0.8074308648937246,0.7885667214460327,62043.99,1726704900.0,8.092011469980665,0.022487165625335107,0.18168509667452662,-0.0002813054930400072,S2-analog
bitcoin-above-60000-on-september-6,1725488100,589.943011,7,0.18,589.943011,0.17239090890764028,0.17239090890764028,60000.0,1725638460,0,54050.01,58371.0,58335.15,0.20930683932391983,0.5098622946763353,0.027525371064751995,0,1.7402777777777776,BTC,2024-09-06 16:01:00+00:00,2024-09-06,2024Q3,2024,0.03691593041627955,0.17362171383746564,0.17362171383746564,58108.33,1725489000.0,8.232160552749626,-0.07690946205827241,-0.1836651188399781,0.4494659208493261,S2-analog
bitcoin-above-61000-on-july-5,1719955800,3184.685669,11,0.58,3184.685669,0.6243020119578401,0.6243020119578401,61000.0,1720195260,0,56603.09,62020.0,61915.80499999999,0.7048187888548639,0.3612351894655567,-0.016583049498991677,0,2.771527777777778,BTC,2024-07-05 16:01:00+00:00,2024-07-05,2024Q3,2024,0.08051677689702386,0.67,0.67,61958.02,1719957600.0,11.12211575863763,-0.09139333631376821,-0.685477,0.3310102660498301,S2-analog
bitcoin-above-62000-on-october-11,1728506700,1787.372591,21,0.229999,1741.692591,0.23909933411106338,0.2381555726078564,62000.0,1728662460,1,62355.99,61122.06,61043.93,0.30481788542385213,0.45243619801584734,0.014261536566318216,0,1.8027777777777778,BTC,2024-10-11 16:01:00+00:00,2024-10-11,2024Q4,2024,0.06571855131278875,0.24871592578392876,0.24871592578392876,60420.01,1728507600.0,11.263990173615802,0.019986889602157,0.7382041322328952,0.5130720041530549,S2-analog
bitcoin-above-62000-on-october-18,1729022400,184.540644,4,0.91,16.580644,0.912629211044457,0.929999,62000.0,1729267260,1,68699.98,66970.18,66964.56,0.9565217905402641,0.572243636855474,-0.07711306064389857,0,2.834027777777778,BTC,2024-10-18 16:01:00+00:00,2024-10-18,2024Q4,2024,0.04389257949580705,0.8968658928809171,0.8968658928809171,66912.0,1729023300.0,2.5528689030622593,0.02550146241845585,0.09665928470433462,0.031557394313647805,S2-analog
bitcoin-above-63000-on-september-27,1727208000,987.947889,15,0.67,944.197889,0.6487675439345173,0.6482470810542356,63000.0,1727452860,1,66020.0,64292.34,64320.5,0.701068943504544,0.4712779506213734,-0.02030576867318209,0,2.834027777777778,BTC,2024-09-27 16:01:00+00:00,2024-09-27,2024Q3,2024,0.05230139957002666,0.6380864017907267,0.6365369774115178,64340.0,1727208900.0,8.609419775701893,0.02651723136033225,0.345748348014439,0.11745037194393212,S2-analog
bitcoin-above-63000-on-september-27,1727310600,91.758177,7,0.55,33.928177,0.5200429972578902,0.5337745493959195,63000.0,1727452860,1,66020.0,63263.38,63250.89,0.55093922888069,0.4453158336929649,-0.004171920346324696,0,1.6465277777777778,BTC,2024-09-27 16:01:00+00:00,2024-09-27,2024Q3,2024,0.030896231622799863,0.519999,0.519999,63176.0,1727311500.0,13.235376890429322,0.042651079687189744,0.46252899720007,-0.1019741172436206,S2-analog
bitcoin-above-65000-on-july-26,1721808900,967.321124,9,0.71,11.521124,0.662077339575938,0.7099998484111445,65000.0,1722009660,1,67560.01,66236.01,66244.59,0.701322873182093,0.46146177089137774,-0.018837002859889623,0,2.323611111111111,BTC,2024-07-26 16:01:00+00:00,2024-07-26,2024Q3,2024,0.039245533606155014,0.7099992387921082,0.7099992387921082,66181.96,1721809800.0,9.594409205313278,0.019791967200639436,0.2755877388284203,0.08569550652734684,S2-analog
bitcoin-above-65000-on-june-21,1718796600,56.612902,2,0.54,56.612902,0.5422792005963588,0.5422792005963588,65000.0,1718985660,0,63663.48,65459.99,65446.96,0.5753828138736722,0.4450174800783925,-0.007051846412338231,0,2.1881944444444446,BTC,2024-06-21 16:01:00+00:00,2024-06-21,2024Q2,2024,0.03310361327731337,0.5226666648746666,0.5226666648746666,65102.01,1718801100.0,11.37648495226099,-0.027828030538137045,-0.5401307004359088,-0.22354552976773345,S2-analog
bitcoin-above-65000-on-june-21,1718919000,10.625,2,0.52,10.625,0.5294117647058825,0.5294117647058825,65000.0,1718985660,0,63663.48,65182.66,65144.14,0.5679361651583944,0.38994525904861316,-0.0028062127455073943,0,0.7715277777777778,BTC,2024-06-21 16:01:00+00:00,2024-06-21,2024Q2,2024,0.03852440045251193,0.510001,0.510001,65050.46,1718920800.0,22.011455639651977,-0.023582396871306113,-0.5274939985999301,-0.008411115990508033,S2-analog
bitcoin-above-65000-on-mar-29,1711493100,12.5,1,0.88,12.5,0.88,0.88,65000.0,1711728060,1,69282.02,70037.38,70058.83,0.9104642964696662,0.7116412124610444,-0.0746418296264594,0,2.7194444444444446,BTC,2024-03-29 16:01:00+00:00,2024-03-29,2024Q1,2024,0.030464296469666197,0.9,,70140.0,1711495800.0,3.220511849948439,-0.010843678649095165,0.09369999999999998,0.12862219558644383,S2-analog
bitcoin-above-65000-on-mar-29,1711608300,20.0,1,0.93,20.0,0.93,0.93,65000.0,1711728060,1,69282.02,70356.98,70336.26500000001,0.9622052055862533,0.839142866459746,-0.0791947269377019,0,1.386111111111111,BTC,2024-03-29 16:01:00+00:00,2024-03-29,2024Q1,2024,0.03220520558625328,0.93,0.93,70363.74,1711609200.0,2.4835779808685463,-0.015396575960337689,0.06544299999999996,0.10368159703586463,S2-analog
bitcoin-above-68000-on-may-31,1716954300,17.39,2,0.58,1.0,0.58,0.58,68000.0,1717171260,0,67327.87,68854.67,68761.675,0.6213829810322805,0.46798066824280493,-0.012490346311227472,0,2.511111111111111,BTC,2024-05-31 16:01:00+00:00,2024-05-31,2024Q2,2024,0.04138298103228055,0.64,0.64,68829.42,1716955200.0,9.818429545553744,-0.022423784660015888,-0.656128,-0.4359616501709652,S2-analog
bitcoin-above-68000-on-may-31,1717055100,1048.83,5,0.47,948.8299999999999,0.47462420029938124,0.47126471549171084,68000.0,1717171260,0,67327.87,67972.2,67931.88,0.5020975324597224,0.4693799985187792,0.00040890712053433595,0,1.3444444444444446,BTC,2024-05-31 16:01:00+00:00,2024-05-31,2024Q2,2024,0.027473332160341202,0.43000000000000005,0.43000000000000005,67584.56,1717056000.0,13.998545060194978,-0.00952453122825413,-0.447157,-0.3138274204240504,S2-analog
bitcoin-above-68000-on-november-1,1730323800,8284.210953,18,0.930001,6001.980953,0.9330166641707455,0.9305695590158619,68000.0,1730476860,1,69424.0,72305.49,72241.64,0.9583469262978397,0.5674731200677642,-0.06139235471576027,0,1.7715277777777778,BTC,2024-11-01 16:01:00+00:00,2024-11-01,2024Q4,2024,0.025330262127094216,0.9398119181805196,0.9354085503408406,72197.46,1730324700.0,3.1155753353131175,-0.040667430835872105,0.05622849845563439,0.18293094291842965,S2-analog
bitcoin-above-68000-on-november-1,1730410200,5391.578226,27,0.923,4119.408226,0.9161095970614227,0.9154959448648731,68000.0,1730476860,1,69424.0,70310.92,70222.04,0.9436075164349376,0.5130781993682186,-0.03341941585904218,0,0.7715277777777778,BTC,2024-11-01 16:01:00+00:00,2024-11-01,2024Q4,2024,0.027497919373514867,0.9223433309756216,0.921245720223191,70328.17,1730411100.0,6.303543719692897,-0.012694491979154017,0.07264284126974924,0.1526631264596374,S2-analog
bitcoin-above-69000-on-june-7,1717569000,24.876844,3,0.72,24.876844,0.7186140005651038,0.7186140005651038,69000.0,1717776060,1,71047.99,70973.22,70980.38,0.7461874184257116,0.5234295955703583,-0.028196118194027613,0,2.3965277777777776,BTC,2024-06-07 16:01:00+00:00,2024-06-07,2024Q2,2024,0.02757341786060774,0.789999,0.789999,71119.05,1717570800.0,7.646522348515225,0.0010529414149906755,0.19838795940006998,0.19033661933866652,S2-analog
bitcoin-above-69000-on-june-7,1717720200,2525.5033320000002,14,0.850001,13.333332,0.8405559868543986,0.850001,69000.0,1717776060,1,71047.99,70835.59,70807.22,0.9147754356333648,0.49994518621990863,-0.026255053415150213,0,0.6465277777777778,BTC,2024-06-07 16:01:00+00:00,2024-06-07,2024Q2,2024,0.07421944877896625,0.9257142866326531,0.9257142866326531,70826.4,1717722900.0,8.819032047723473,0.00299400619386797,0.06947199913636731,0.04306776256156311,S2-analog
bitcoin-above-70000-on-april-12,1712752200,105.0,2,0.35,105.0,0.35190476190476194,0.35190476190476194,70000.0,1712937660,0,69350.57,68972.28,68735.43,0.37948995929260815,0.6922506911551001,0.014790557301318088,0,2.146527777777778,BTC,2024-04-12 16:01:00+00:00,2024-04-12,2024Q2,2024,0.027585197387846205,0.34,,68235.13,1712758500.0,7.173055404823008,0.005469681157104874,-0.355708,-0.3949423259866297,S2-analog
bitcoin-above-70000-on-april-5,1712243700,5.555554,1,0.100001,5.555554,0.10000099999999999,0.10000099999999999,70000.0,1712332860,0,68195.45,67651.32,67715.87,0.1270402361984303,0.6136060035185271,0.03412837542780024,0,1.0319444444444446,BTC,2024-04-05 16:01:00+00:00,2024-04-05,2024Q2,2024,0.027039236198430308,0.09,,67594.5,1712244600.0,6.954597609668131,0.008010980459754971,-0.095733,-0.15144614555651004,S2-analog
bitcoin-above-70000-on-november-8,1730939400,49628.566383,164,0.949999,46022.376383,0.9346909264450677,0.9335295627310719,70000.0,1731085260,1,75965.75,75206.54,75299.12,0.9631259655656967,0.6517198938936395,-0.07174295321003678,0,1.6881944444444443,BTC,2024-11-08 17:01:00+00:00,2024-11-08,2024Q4,2024,0.028435039120629058,0.9519661302889704,0.9519661302889704,75225.76,1730940300.0,2.516652497790033,0.010044385555410726,0.04483300651601669,0.01955477851922616,S2-analog
bitcoin-above-76000-on-november-15,1731441600,31.57894,1,0.95,31.57894,0.95,0.95,76000.0,1731690060,1,89422.67,88704.28,88841.89,0.9885269258745417,0.8712905459117116,-0.15457480040172683,0,2.875694444444444,BTC,2024-11-15 17:01:00+00:00,2024-11-15,2024Q4,2024,0.03852692587454176,0.941150535378565,0.941150535378565,89098.99,1731442500.0,0.7555969665137633,0.008066088763928524,0.05497243026197065,0.0488777180603155,S2-analog
bitcoin-above-82000-on-april-18,1744824600,3760.13,26,0.84,3545.13,0.8727848239289598,0.8723331443416743,82000.0,1744992060,1,84359.82,85304.37,85287.47,0.9105113589331832,0.4490271785550312,-0.03950643687070974,0,1.9381944444444446,BTC,2025-04-18 16:01:00+00:00,2025-04-18,2025Q2,2025,0.037726535004223405,0.7545470063357527,0.7514549111632585,84345.99,1744825500.0,5.998701582095414,-0.011134462239325259,0.2324885861546619,0.299280902405484,S2-analog
bitcoin-above-82000-on-april-18,1744917300,5643.247505,29,0.959999,2615.747505,0.9506457044311851,0.9497479840548497,82000.0,1744992060,1,84359.82,84932.91,84945.32,0.9768065073188373,0.38484984653539644,-0.03514240345181098,0,0.8652777777777777,BTC,2025-04-18 16:01:00+00:00,2025-04-18,2025Q2,2025,0.026160802887652213,0.9476925298517054,0.9565517268637881,84695.66,1744918200.0,3.732613571808265,-0.006770428820426551,0.04883747223824603,0.07410886674033199,S2-analog
bitcoin-above-83000-on-march-21,1742348700,1083.8361519999999,14,0.46,1053.846152,0.46588347512512207,0.46557664231049917,83000.0,1742572860,1,83559.91,82899.92,82925.67,0.492430896494688,0.5261601834819875,0.001206510673908336,0,2.5944444444444446,BTC,2025-03-21 16:01:00+00:00,2025-03-21,2025Q1,2025,0.02654742136956595,0.47356267929072365,0.47356267929072365,82598.7,1742349600.0,8.98228604877314,0.007929762494726983,0.5089862459441162,0.43775885091764555,S2-analog
bitcoin-above-83000-on-march-21,1742465700,29924.088806,117,0.81,23735.168806,0.7920718890062414,0.7931450625537609,83000.0,1742572860,1,83559.91,85545.89,85494.06,0.8424303058461268,0.542879536693455,-0.030212349306892154,0,1.2402777777777778,BTC,2025-03-21 16:01:00+00:00,2025-03-21,2025Q1,2025,0.0503584168398854,0.8103013881677105,0.8106210600171585,85246.35,1742466600.0,8.112961969241118,-0.02348909748607378,0.1789386984372061,0.3695048530335198,S2-analog
bitcoin-above-84000-on-april-11,1744234200,2296.61,24,0.357,2073.62,0.36918742407287264,0.36702582922618415,84000.0,1744387260,0,82573.61,83336.24,83300.97,0.4240504790302228,0.6253934211699056,0.007933290257469942,0,1.7715277777777778,BTC,2025-04-11 16:01:00+00:00,2025-04-11,2025Q2,2025,0.054863054957350166,0.37854799107535864,0.37270385708883286,82954.22,1744235100.0,8.968173735103377,-0.009193370632625738,-0.39501544974233044,-0.3125677046977456,S2-analog
bitcoin-above-84000-on-march-28,1742940000,12640.269143,45,0.87,159.469143,0.8646114681366344,0.874473009310817,84000.0,1743177660,1,84093.52,87746.0,87780.105,0.8935470057628616,0.43624900298382036,-0.043629478418093316,0,2.7506944444444446,BTC,2025-03-28 16:01:00+00:00,2025-03-28,2025Q1,2025,0.028935537626227248,0.8485726520125605,0.86,87718.47,1742940900.0,5.543648797721627,-0.042516764380702975,0.14243255054861437,0.3781305602907121,S2-analog
bitcoin-above-84000-on-march-28,1743026400,2608.471706,23,0.84,2348.371706,0.8534121259968155,0.8519890522901743,84000.0,1743177660,1,84093.52,87109.65,87078.995,0.9009601131461373,0.44930376161093866,-0.036350871071023395,0,1.7506944444444443,BTC,2025-03-28 16:01:00+00:00,2025-03-28,2025Q1,2025,0.047547987149321846,0.8497854227792182,0.8497619047619047,86938.38,1743027300.0,6.59803879486688,-0.035238157033633005,0.14127906616000036,0.37378179332752215,S2-analog
bitcoin-above-84000-on-march-28,1743112800,2280.52628,5,0.95,2280.52628,0.9426946687060321,0.9426946687060321,84000.0,1743177660,1,84093.52,87568.68,87546.84,0.9823637948182184,0.523695448287547,-0.04160660092184917,0,0.7506944444444446,BTC,2025-03-28 16:01:00+00:00,2025-03-28,2025Q1,2025,0.039669126112186315,0.947633907040522,0.9433934529118355,87416.76,1743113700.0,3.6967994380961335,-0.04049388688445882,0.04889242099074342,0.19859019927153918,S2-analog
bitcoin-above-84000-on-march-7,1741120200,21179.571191,70,0.75,13852.251191,0.7538233177682053,0.7532918281822052,84000.0,1741366860,1,87409.76,88406.55,88271.62,0.7995785398521891,0.7505579347173486,-0.051129263078007844,0,2.8548611111111115,BTC,2025-03-07 17:01:00+00:00,2025-03-07,2025Q1,2025,0.04575522208398375,0.7392635050775057,0.7307863990323521,87962.73,1741121100.0,4.580453470231409,-0.011339115013966703,0.24724378666283245,0.2991820753779093,S2-analog
bitcoin-above-84000-on-march-7,1741215600,1642.854439,15,0.89,1583.754439,0.8999444844655413,0.8999998712286362,84000.0,1741366860,1,87409.76,90449.46,90449.66,0.9281223546914888,0.8121198119445113,-0.07397444283091557,0,1.7506944444444443,BTC,2025-03-07 17:01:00+00:00,2025-03-07,2025Q1,2025,0.028177870225947532,0.8998635147147643,0.8992137538776503,90371.64,1741216500.0,3.098082974328173,-0.03418429476687413,0.09382884341323879,0.19973462501990719,S2-analog
bitcoin-above-84000-on-march-7,1741302000,6201.735631,7,0.92,6189.235631,0.9203048636067855,0.9202852829651457,84000.0,1741366860,1,87409.76,90313.66,90277.74,0.9497884323875554,1.068370163248341,-0.07247192367160796,0,0.7506944444444446,BTC,2025-03-07 17:01:00+00:00,2025-03-07,2025Q1,2025,0.029483568780769853,0.9301104188315096,0.9301104188315096,90275.84,1741302900.0,2.7886086161464645,-0.03268177560756661,0.06533922923560959,0.15647591028583518,S2-analog
bitcoin-above-85000-on-april-25,1745357400,1430.6766670000002,3,0.95,1430.6766670000002,0.9300304285184983,0.9300304285184983,85000.0,1745596860,1,95164.0,91415.4,91560.34,0.9572537902580329,0.5219555710561895,-0.07276269793008903,0,2.771527777777778,BTC,2025-04-25 16:01:00+00:00,2025-04-25,2025Q2,2025,0.027223361739534657,0.9500524172891229,0.95,91640.0,1745358300.0,2.529312893460913,0.040187764599191864,0.04662588519242187,-0.05502154596768615,S2-analog
bitcoin-above-85000-on-april-25,1745449200,11.89,1,0.97,11.89,0.97,0.97,85000.0,1745596860,1,95164.0,93790.19,93815.99,0.9952022394183256,0.5953249212964384,-0.09840900983080315,0,1.7090277777777778,BTC,2025-04-25 16:01:00+00:00,2025-04-25,2025Q2,2025,0.025202239418325667,0.9729990000000001,0.9729990000000001,93806.13,1745450100.0,0.5558591346719526,0.014541452698477736,0.025161963780069945,0.01707896446622098,S2-analog
bitcoin-above-86000-on-april-4,1743559200,4138.772573,41,0.35,3781.772573,0.36018470416687953,0.35936390900997733,86000.0,1743782460,0,82912.0,85147.3,85145.38,0.4164969258645144,0.5232815719666719,0.009964598396809299,0,2.5840277777777776,BTC,2025-04-04 16:01:00+00:00,2025-04-04,2025Q2,2025,0.05631222169763489,0.3709082643876716,,84750.12,1743560100.0,8.7857944943597,-0.026602893476998853,-0.3872417370534334,-0.15351418200917927,S2-analog
bitcoin-above-86000-on-april-4,1743645600,711.7598849999999,18,0.22,279.759885,0.22484477470700676,0.23089618795171435,86000.0,1743782460,0,82912.0,83761.62,83802.13,0.2641208961668989,0.6146751236646174,0.02637238890404863,0,1.5840277777777776,BTC,2025-04-04 16:01:00+00:00,2025-04-04,2025Q2,2025,0.03927612145989212,0.19308186983543718,0.1916165283056841,83715.36,1743646500.0,7.86333689120812,-0.010195102969759685,-0.20398795813177736,-0.12382042884000057,S2-analog
bitcoin-above-94000-on-january-3,1735764300,2627.34868,17,0.56,1522.17868,0.5650216503621468,0.5649502903630262,94000.0,1735923660,1,97882.36,94724.02,94526.45,0.5903566134946772,0.5050482923691438,-0.007672828843481529,0,1.8444444444444443,BTC,2025-01-03 17:01:00+00:00,2025-01-03,2025Q1,2025,0.025334963132530364,0.5733951703272839,0.5764477510113967,94786.23,1735765200.0,10.90106427074566,0.03279873832683437,0.409481909244632,0.05194075474444154,S2-analog
bitcoin-above-94000-on-may-2,1745964000,1889.767893,13,0.53,1889.157893,0.5532137057056034,0.5532147433957231,94000.0,1746201660,1,97441.49,94735.66,94751.235,0.5860460752100887,0.3909684168429395,-0.007795704592185746,0,2.7506944444444446,BTC,2025-05-02 16:01:00+00:00,2025-05-02,2025Q2,2025,0.032832369504485315,0.5208257929122682,0.523053255346368,94258.52,1745964900.0,11.491267854715474,0.028161608443896067,0.46170456704326157,0.13809198119483485,S2-analog
bitcoin-above-94000-on-may-2,1746098100,3049.421424,30,0.81,1270.041424,0.8075136772076407,0.804030237245238,94000.0,1746201660,1,97441.49,96162.99,96186.68,0.8350952281397258,0.4351785982851548,-0.022749782043468177,0,1.198611111111111,BTC,2025-05-02 16:01:00+00:00,2025-05-02,2025Q2,2025,0.02758155093208514,0.8238382074921099,0.8296552595555536,95927.49,1746099000.0,10.671944681921987,0.013207530992613804,0.1660027754321093,0.025052735294164602,S2-analog
bitcoin-above-95000-on-january-17,1737038700,86358.256067,196,0.84,37276.826067,0.8578459890397346,0.8688335355947535,95000.0,1737133260,1,104888.88,98260.61,98030.74,0.8866185394648902,0.5333831409596128,-0.03374634314023174,0,1.0944444444444443,BTC,2025-01-17 17:01:00+00:00,2025-01-17,2025Q1,2025,0.028772550425155585,0.8512813651445957,0.8523382264643048,97618.89,1737039600.0,7.125498358499617,0.06527826932274254,0.13985653668025383,-0.32528366422464405,S2-analog
bitcoin-above-97000-on-december-27,1735083000,2602.322039,19,0.64,1168.042039,0.6367675354471929,0.6425869670380452,97000.0,1735318860,0,94137.55,98739.99,98672.94,0.6634759362498431,0.5046197440308535,-0.017779053051250448,0,2.729861111111111,BTC,2024-12-27 17:01:00+00:00,2024-12-27,2024Q4,2024,0.026708400802650245,0.6425762670201063,0.649999,98616.27,1735083900.0,8.48669092842608,-0.04773302098934095,-0.6586533075858891,-0.25355791136927763,S2-analog
bitcoin-above-97000-on-december-27,1735200000,72228.863332,260,0.5,51647.333332,0.5386606808797734,0.5421400408341844,97000.0,1735318860,0,94137.55,97719.99,97664.15,0.5983436892820633,0.4894648080807604,-0.00739516555295468,0,1.3756944444444446,BTC,2024-12-27 17:01:00+00:00,2024-12-27,2024Q4,2024,0.059683008402289905,0.41884622600038157,0.4393206527098147,96702.38,1735200900.0,12.926450014726319,-0.03734913349104553,-0.4358852105479749,0.046906496617365845,S2-analog
bitcoin-above-97000-on-february-14,1739367000,241652.361297,473,0.31,160203.291297,0.36068524715382483,0.36709502896970203,97000.0,1739552460,1,97476.87,96505.42,95445.34,0.4371447950668719,0.48855385379928146,0.005111805932573598,0,2.146527777777778,BTC,2025-02-14 17:01:00+00:00,2025-02-14,2025Q1,2025,0.0764595479130471,0.3326254108940868,0.3293944852500968,94520.37,1739367900.0,10.520762742534131,0.010015946520091308,0.6518355868213993,0.5464601898416083,S2-analog
bitcoin-above-97000-on-february-14,1739457000,17380.128246,89,0.35,13197.698246,0.2949238363826303,0.2925021869099366,97000.0,1739552460,1,97476.87,95941.9,95965.73,0.32631459342224717,0.47110809679675564,0.010968178581368329,0,1.104861111111111,BTC,2025-02-14 17:01:00+00:00,2025-02-14,2025Q1,2025,0.03139075703961686,0.3579239503334337,0.35836625623148183,95981.17,1739457900.0,13.9952358943654,0.01587231916888594,0.6259890419387862,0.4038521909795697,S2-analog
bitcoin-above-97000-on-february-21,1740062700,135165.483893,374,0.52,70770.783893,0.558338955774209,0.5767130387483282,97000.0,1740157260,1,98177.16,97729.11,97651.13,0.6589393858027479,0.3520738192618366,-0.007488489083292093,0,1.0944444444444443,BTC,2025-02-21 17:01:00+00:00,2025-02-21,2025Q1,2025,0.10060043002853891,0.5240200231583876,0.5232736630067245,96966.91,1740063600.0,19.260587597533377,0.004574134163252269,0.4585203641474895,0.3704198524132991,S2-analog
bitcoin-above-97000-on-january-10,1736485200,15400.247695,105,0.032,15400.247695,0.02995833021220598,0.02995833021220598,97000.0,1736528460,0,93599.18,93837.69,93843.11,0.06065986561899536,0.5919957588470541,0.033144390829436994,0,0.5006944444444444,BTC,2025-01-10 17:01:00+00:00,2025-01-10,2025Q1,2025,0.030701535406789382,0.029707590478663354,0.029622518789946473,93744.08,1736486100.0,5.7085733878349085,-0.0025449649125352156,-0.03172534394692643,-0.0171972249742543,S2-analog
bitcoin-above-97000-on-may-9,1746577800,5177.09,19,0.5,3620.0,0.49744425922670843,0.4985883977900552,97000.0,1746806460,1,102892.25,97248.27,97270.23,0.5232218297757328,0.4338956653448973,-0.0025562146338583267,0,2.6465277777777776,BTC,2025-05-09 16:01:00+00:00,2025-05-09,2025Q2,2025,0.02577757054902441,0.5121981058101702,0.5121981058101702,97228.75,1746578700.0,10.783866410029562,0.05641513102576041,0.4703123097548047,-0.1380609267313096,S2-analog
bitcoin-above-98000-on-december-6,1733343300,151327.810753,355,0.41,118460.04075300001,0.47537850676464294,0.47648919710754156,98000.0,1733504460,1,99122.26,98031.43,98383.82,0.5041800177855019,0.47715045071579626,-0.0003206628678810837,0,1.8652777777777778,BTC,2024-12-06 17:01:00+00:00,2024-12-06,2024Q4,2024,0.028801511020858983,0.47627562256317385,0.4656115502997679,98031.62,1733344200.0,11.695443088333295,0.011065896168185272,0.5062637766627597,0.37684321780634333,S2-analog
ethereum-above-1600-on-april-18,1744749900,3245.054153,28,0.45,1813.254153,0.4576609771541153,0.45592128009867566,1600.0,1744992060,0,1583.71,1607.67,1608.81,0.530298262519364,0.6997662638197241,-0.004782296569139843,0,2.8027777777777776,ETH,2025-04-18 16:01:00+00:00,2025-04-18,2025Q2,2025,0.07263728536524866,0.46488599348534204,0.46488599348534204,1594.94,1744750800.0,6.4986438537284155,-0.015015729992059098,-0.48229968394359624,-0.38471780252145593,S2-analog
ethereum-above-1600-on-april-18,1744844400,780.097299,4,0.38,780.097299,0.38387173221067644,0.38387173221067644,1600.0,1744992060,0,1583.71,1587.72,1587.82,0.43056131333963077,0.6701650873968698,0.007704604385552581,0,1.7090277777777778,ETH,2025-04-18 16:01:00+00:00,2025-04-18,2025Q2,2025,0.04668958112895433,0.37421102401938144,0.3766777379093323,1581.32,1744845300.0,8.542466843141092,-0.002528829037366549,-0.39060342336590376,-0.3690009851622276,S2-analog
ethereum-above-1600-on-april-25,1745360100,35.545453,1,0.890001,35.545453,0.890001,0.890001,1600.0,1745596860,1,1807.96,1755.82,1755.0149999999999,0.9239053384848026,0.8058634060806306,-0.09293235501836072,0,2.7402777777777776,ETH,2025-04-25 16:01:00+00:00,2025-04-25,2025Q2,2025,0.033904338484802565,0.89339415691047,0.8937467225956118,1750.1,1745361000.0,2.4669763205389823,0.029263153567346153,0.099938970477921,0.02774746356298219,S2-analog
ethereum-above-1600-on-april-25,1745482500,1113.7919630000001,6,0.949,1113.7919630000001,0.9533108653352707,0.9533108653352707,1600.0,1745596860,1,1807.96,1751.42,1752.81,0.9789209525413592,0.8167888939097104,-0.09042325823093016,0,1.323611111111111,ETH,2025-04-25 16:01:00+00:00,2025-04-25,2025Q2,2025,0.025610087206088594,0.9370110713467363,0.9424815456066132,1737.0,1745483400.0,1.5656196968328624,0.0317722503547768,0.058857436006837224,0.009114175038693766,S2-analog
ethereum-above-1800-on-may-2,1745960400,1069.02,9,0.5,450.99,0.501964135376326,0.5046557573338655,1800.0,1746201660,1,1842.4,1808.68,1809.18,0.5316951854852829,0.6272413794809498,-0.004810632552350354,0,2.792361111111111,ETH,2025-05-02 16:01:00+00:00,2025-05-02,2025Q2,2025,0.029731050108956936,0.47221024010323054,0.47436,1801.03,1745961300.0,7.258512559753372,0.01847177206986902,0.5103438188496279,0.37626622927958203,S2-analog
ethereum-above-1800-on-may-2,1746048600,25.86,1,0.46,0.0,0.46,,1800.0,1746201660,1,1842.4,1797.81,1797.4050000000002,0.4858198434862231,0.6374410940021868,0.0012174074064388387,0,1.7715277777777778,ETH,2025-05-02 16:01:00+00:00,2025-05-02,2025Q2,2025,0.02581984348622307,0.48145348829507506,0.48145348829507506,1792.52,1746050400.0,8.972383969571947,0.024499812028658287,0.5010705898216744,0.28124886911821484,S2-analog
ethereum-above-1800-on-may-2,1746140400,246.439783,7,0.79,246.439783,0.7818948185001445,0.7818948185001445,1800.0,1746201660,1,1842.4,1838.71,1839.97,0.8083292951925856,0.6078138096455662,-0.021277573885866076,0,0.7090277777777778,ETH,2025-05-02 16:01:00+00:00,2025-05-02,2025Q2,2025,0.026434476692441033,0.8085495080478793,0.8099245097725832,1835.87,1746141300.0,10.978583270383835,0.0020048307363534973,0.1806146878762819,0.1586044866942001,S2-analog
ethereum-above-1800-on-may-9,1746562500,195.102203,4,0.409999,195.102203,0.3945110058434194,0.3945110058434194,1800.0,1746806460,1,2301.16,1786.14,1786.62,0.43307256783660064,0.5671184839172624,0.007729798061941186,0,2.823611111111111,ETH,2025-05-09 16:01:00+00:00,2025-05-09,2025Q2,2025,0.038561561993181226,0.369002215809589,0.369002215809589,1779.55,1746563400.0,7.869587379047207,0.25335647678039513,0.6146990135528069,-1.3791119185180576,S2-analog
ethereum-above-1800-on-may-9,1746648900,15190.859204,43,0.47,15165.569204,0.4601716737865945,0.4601386082047366,1800.0,1746806460,1,2301.16,1799.76,1799.25,0.5017059757332042,0.5558641086429782,0.00013334222301241043,0,1.823611111111111,ETH,2025-05-09 16:01:00+00:00,2025-05-09,2025Q2,2025,0.041534301946609675,0.46426426361051604,0.46425517142152395,1795.33,1746649800.0,10.150945333863818,0.24576002094146648,0.5183251293893548,-1.976371408436699,S2-analog
ethereum-above-1900-on-march-21,1742346000,242.0,17,0.64,25.0,0.6487603305785123,0.65,1900.0,1742572860,1,1949.33,1945.36,1946.32,0.6798137016932071,0.6604847549966101,-0.02359316374527184,0,2.6256944444444446,ETH,2025-03-21 16:01:00+00:00,2025-03-21,2025Q1,2025,0.03105337111469475,0.6396181238424379,0.6363636363636364,1937.36,1742346900.0,6.591855447502401,0.0020386738739188595,0.3442464015929319,0.33080775811145907,S2-analog
ethereum-above-1900-on-march-21,1742432400,2568.548885,9,0.9,1204.388885,0.8923140830560189,0.890866693031076,1900.0,1742572860,1,1949.33,2033.0,2033.43,0.918999449654556,0.7888674040301968,-0.06765864847381481,0,1.6256944444444446,ETH,2025-03-21 16:01:00+00:00,2025-03-21,2025Q1,2025,0.026685366598537152,0.891333434693337,0.8999989999999999,2040.12,1742433300.0,3.4311857840273197,-0.042026810854624064,0.10188649530428487,0.246088291256676,S2-analog
ethereum-above-1900-on-march-21,1742519700,1153.5959520000001,6,0.94,604.385952,0.9400091246852778,0.9400174163545085,1900.0,1742572860,1,1949.33,1995.01,1993.37,0.9756474394712517,0.6961499067541101,-0.048795176688197564,0,0.6152777777777777,ETH,2025-03-21 16:01:00+00:00,2025-03-21,2025Q1,2025,0.0356383147859739,0.9450395338522406,0.9450395338522406,1986.35,1742520600.0,3.3303155046576207,-0.023163339069006843,0.051324679216158776,0.12846590645731387,S2-analog
ethereum-above-2000-on-march-28,1742935500,2071.88,17,0.75,274.17,0.7503772901905515,0.7528511507458875,2000.0,1743177660,0,1874.16,2072.73,2071.74,0.7852862230922353,0.5530021369623808,-0.03571939839068729,0,2.8027777777777776,ETH,2025-03-28 16:01:00+00:00,2025-03-28,2025Q1,2025,0.03490893290168373,0.7518885240498875,0.7525720162813193,2064.5,1742936400.0,6.385324118720426,-0.10070601991024027,-0.7649471760515253,-0.12190659821832872,S2-analog
ethereum-above-2000-on-march-28,1743024600,14185.963283000001,89,0.51,13809.963283000001,0.5005814449343657,0.5004553492548196,2000.0,1743177660,0,1874.16,2006.91,2005.94,0.5397602845580359,0.553335251624188,-0.0034490451994488827,0,1.7715277777777778,ETH,2025-03-28 16:01:00+00:00,2025-03-28,2025Q1,2025,0.03917883962367019,0.5401222928146368,0.5400613339247756,2002.81,1743025500.0,10.323433667800963,-0.06843566671900192,-0.5575096069279875,0.1489814589573628,S2-analog
ethereum-above-2000-on-march-28,1743111900,5388.341575,42,0.65,5365.541575,0.6525004730625303,0.6524432581085722,2000.0,1743177660,0,1874.16,2018.18,2016.97,0.6793124215389823,0.5417751663852716,-0.009048934618611329,0,0.7611111111111111,ETH,2025-03-28 16:01:00+00:00,2025-03-28,2025Q1,2025,0.026811948476451963,0.6499079754601227,0.6499079754601227,2018.0,1743112800.0,15.149365680945579,-0.0740355561381642,-0.665834907382664,0.45575680594656054,S2-analog
ethereum-above-2300-on-march-7,1741175100,3532.3089,28,0.29,2022.8989,0.2958693801458287,0.3002488877356125,2300.0,1741366860,0,2163.18,2229.64,2230.57,0.3232324343372026,0.975735437022333,0.03106898547268364,0,2.2194444444444446,ETH,2025-03-07 17:01:00+00:00,2025-03-07,2025Q1,2025,0.027363054191373914,0.31176120564510756,0.31177717573782476,2217.72,1741176000.0,4.746073200213239,-0.03026077620078317,-0.32678083658609475,-0.18316097764190714,S2-analog
ethereum-above-2300-on-march-7,1741271400,29542.479210999998,131,0.24,21601.339211,0.27321709558522184,0.27184088954197644,2300.0,1741366860,0,2163.18,2251.48,2249.31,0.3221935610964922,0.9483021772650235,0.02132134518197947,0,1.104861111111111,ETH,2025-03-07 17:01:00+00:00,2025-03-07,2025Q1,2025,0.048976465511270384,0.27472496784912304,0.27335680278385,2215.4,1741272300.0,6.956876632818167,-0.04000841649148733,-0.2886725490413825,-0.010338931235697346,S2-analog
ethereum-above-2400-on-july-1,1750811400,78.0,3,0.56,78.0,0.56,0.56,2400.0,1751385660,1,2423.57,2449.17,2450.165,0.5909913868649526,0.6881763712644137,-0.020280454295144804,0,6.646527777777777,ETH,2025-07-01 16:01:00+00:00,2025-07-01,2025Q3,2025,0.030991386864952508,0.575,0.56,2455.64,1750814100.0,4.2329060254511015,-0.01050753191720366,0.40789375000000005,0.4523711451649512,S2-analog
ethereum-above-2400-on-july-1,1750902300,22.0,1,0.6,22.0,0.6,0.6,2400.0,1751385660,1,2423.57,2457.19,2458.06,0.625309564066913,0.6557336288922795,-0.02354968327265596,0,5.594444444444444,ETH,2025-07-01 16:01:00+00:00,2025-07-01,2025Q3,2025,0.025309564066912982,0.6192055498024766,0.6192055498024766,2459.22,1750903200.0,4.763582763989708,-0.01377676089471467,0.3642891476147832,0.42991588835645345,S2-analog
ethereum-above-2400-on-july-1,1751027400,545.23,18,0.62,55.0,0.6179232617427508,0.6300000000000001,2400.0,1751385660,1,2423.57,2452.75,2448.97,0.6584641409303672,0.54340801417811,-0.021741106707463282,0,4.146527777777777,ETH,2025-07-01 16:01:00+00:00,2025-07-01,2025Q3,2025,0.040540879187616397,0.5916138444409373,0.5919438379025752,2438.56,1751028300.0,6.486798882124767,-0.01196818432952193,0.39147367231359004,0.46910887704339604,S2-analog
ethereum-above-2400-on-july-1,1751133600,244.063332,5,0.64,244.063332,0.6490738743171793,0.6490738743171793,2400.0,1751385660,1,2423.57,2444.06,2444.53,0.6767644916020067,0.4910950096509086,-0.01819185357227157,0,2.917361111111111,ETH,2025-07-01 16:01:00+00:00,2025-07-01,2025Q3,2025,0.027690617284827357,0.66,0.66,2439.84,1751134500.0,8.413199903952547,-0.008418931194330249,0.32429199999999997,0.3951221511155223,S2-analog
ethereum-above-2400-on-july-1,1751230800,29699.946175,117,0.62,21171.926175,0.6012098986449674,0.6004839250122096,2400.0,1751385660,1,2423.57,2432.3,2433.28,0.6484495903045878,0.5239973073455967,-0.013368574405543728,0,1.792361111111111,ETH,2025-07-01 16:01:00+00:00,2025-07-01,2025Q3,2025,0.047239691659620386,0.6371427689227662,0.6479036302414076,2423.45,1751231700.0,10.234381286238232,-0.003595652027602472,0.34667380081198,0.38347307463509933,S2-analog
ethereum-above-2400-on-july-1,1751345100,4822.01,10,0.903,4612.01,0.9042010116113405,0.9041494532752531,2400.0,1751385660,1,2423.57,2474.79,2476.19,0.9466851596422974,0.5440371211249274,-0.030686806582068835,0,0.4694444444444444,ETH,2025-07-01 16:01:00+00:00,2025-07-01,2025Q3,2025,0.0424841480309569,0.9049999999999999,0.9049999999999999,2460.9,1751346000.0,6.027146974256998,-0.020913884204127573,0.08898175000000008,0.21503280390086882,S2-analog
ethereum-above-2400-on-july-11,1752039900,499.99,3,0.85,0.0,0.8483401668033361,,2500.0,1752249660,1,2956.54,2635.83,2635.74,0.8758291422590917,0.6062751279882822,-0.05290739103240837,0,2.4277777777777776,ETH,2025-07-11 16:01:00+00:00,2025-07-11,2025Q3,2025,0.02748897545575557,0.8570398391402868,0.8570398391402868,2626.78,1752042600.0,4.672194329254232,0.11482154279190754,0.13438358213104573,-0.4020849789775268,S2-analog
ethereum-above-2400-on-july-4,1751409900,483.040756,14,0.5,483.040756,0.5223857703502269,0.5223857703502269,2400.0,1751644860,1,2499.33,2410.83,2411.31,0.5509024222385083,0.4956083125026858,-0.004502349197417189,0,2.7194444444444446,ETH,2025-07-04 16:01:00+00:00,2025-07-04,2025Q3,2025,0.02851665188828134,0.47882924438087127,0.47703644729359457,2400.66,1751410800.0,9.292891175544332,0.036051609404420315,0.5037021296816727,0.16867844678316413,S2-analog
ethereum-above-2400-on-july-9,1751511600,572.750934,5,0.78,572.750934,0.7807367682385866,0.7807367682385866,2400.0,1752076860,1,2657.96,2567.37,2568.45,0.8057446067082407,0.6267176445199625,-0.06741329127339467,0,6.542361111111111,ETH,2025-07-09 16:01:00+00:00,2025-07-09,2025Q3,2025,0.025007838469654042,0.7900000000000001,0.7900000000000001,2568.03,1751513400.0,3.557969219348979,0.03467688264156896,0.19838699999999987,0.07500771893832062,S2-analog
ethereum-above-2400-on-july-9,1751633100,38.82,2,0.81,20.0,0.81,0.8100000000000002,2400.0,1752076860,1,2657.96,2548.5,2549.45,0.8350686487552124,0.5399047020856126,-0.06003621344405924,0,5.136111111111111,ETH,2025-07-09 16:01:00+00:00,2025-07-09,2025Q3,2025,0.02506864875521231,0.8,,2548.12,1751634000.0,4.134513815427347,0.04205396047090427,0.18879999999999997,0.014927319439610731,S2-analog
ethereum-above-2400-on-july-9,1751727600,58.727271,4,0.8,22.727271000000002,0.7949846010598892,0.7800002079999399,2400.0,1752076860,1,2657.96,2518.45,2518.55,0.8202434070497665,0.5723840991969562,-0.04817489556543796,0,4.042361111111111,ETH,2025-07-09 16:01:00+00:00,2025-07-09,2025Q3,2025,0.025258805989877287,0.81,0.81,2513.64,1751729400.0,4.925190620075414,0.053915278349525586,0.17922699999999994,-0.0863160232058385,S2-analog
ethereum-above-2400-on-july-9,1751815800,267.17837199999997,3,0.87,156.06837199999998,0.8702495209455053,0.8704271627822195,2400.0,1752076860,1,2657.96,2558.94,2560.02,0.8968504810352607,0.6288804835420706,-0.06412437289002351,0,3.0215277777777776,ETH,2025-07-09 16:01:00+00:00,2025-07-09,2025Q3,2025,0.02660096008975532,0.8949720656641481,0.8949720656641481,2552.13,1751816700.0,3.8405482564858096,0.037965801024940175,0.09844813962170218,-0.047361351310718974,S2-analog
ethereum-above-2400-on-july-9,1751904900,4235.659214,14,0.88,348.27921399999997,0.8550790834096729,0.8612141818571348,2400.0,1752076860,1,2657.96,2535.69,2536.42,0.8929388737635091,0.6499256871498829,-0.054997052001558626,0,1.9902777777777778,ETH,2025-07-09 16:01:00+00:00,2025-07-09,2025Q3,2025,0.03785979035383624,0.8810528727646317,0.8810528727646317,2531.26,1751905800.0,4.429919150708096,0.0470931219134049,0.11161121766432076,-0.09700750496650269,S2-analog
ethereum-above-2400-on-june-13,1749772800,19936.053983,33,0.91,16325.903983,0.9299482842049429,0.9390024779804544,2400.0,1749830460,1,2549.2,2642.65,2643.73,0.9941457910384967,0.9125120239822848,-0.09631346422494207,0,0.6673611111111111,ETH,2025-06-13 16:01:00+00:00,2025-06-13,2025Q2,2025,0.06419750683355374,0.9084793281292197,0.910715990423995,2568.09,1749773700.0,0.5097980371246333,-0.03600261712083997,0.08570054717640319,0.10405461071595712,S2-analog
ethereum-above-2400-on-june-24,1750386600,7.0,1,0.74,7.0,0.74,0.74,2400.0,1750780860,1,2441.03,2522.41,2523.1800000000003,0.7674482516577378,0.6676533658623176,-0.049746056365230135,0,4.563194444444444,ETH,2025-06-24 16:01:00+00:00,2025-06-24,2025Q2,2025,0.027448251657737788,0.74,0.74,2518.0,1750388400.0,4.38474975941082,-0.0327947123387655,0.246532,0.39032860703734906,S2-analog
ethereum-above-2400-on-june-24,1750512600,300.0,4,0.59,123.0,0.5903333333333333,0.59,2400.0,1750780860,1,2441.03,2442.2,2441.99,0.6384781206297112,0.606165357254931,-0.01743053506288453,0,3.104861111111111,ETH,2025-06-24 16:01:00+00:00,2025-06-24,2025Q2,2025,0.048144787296377944,0.5691831857441766,0.5728769775450998,2432.1,1750513500.0,6.854120741134755,-0.00047919103641972673,0.4136518561791033,0.41693628940079364,S2-analog
ethereum-above-2400-on-june-24,1750622400,1949.638296,17,0.031,1172.638296,0.036990609256218665,0.04021556225748233,2400.0,1750780860,1,2441.03,2183.78,2185.0950000000003,0.06323526108784296,0.9303934344216306,0.09441141714584321,0,1.8340277777777778,ETH,2025-06-24 16:01:00+00:00,2025-06-24,2025Q2,2025,0.02624465183162429,0.03954450550877311,0.03954135002148766,2138.08,1750623300.0,2.069915696056936,0.1113627611723076,0.9577968428597281,0.7272853155529286,S2-analog
ethereum-above-2400-on-june-24,1750717800,19937.490897,143,0.473,13802.890897,0.570566578143503,0.5725331350395684,2400.0,1750780860,1,2441.03,2426.23,2428.36,0.6346490383168241,0.7945682471787435,-0.01086987493958613,0,0.7298611111111111,ETH,2025-06-24 16:01:00+00:00,2025-06-24,2025Q2,2025,0.06408246017332109,0.4935269200211222,0.5113150613934294,2395.3,1750718700.0,10.771439280588934,0.006081469086878542,0.4889760130323867,0.42346983802629584,S2-analog
ethereum-above-2400-on-june-27,1750798800,17.0,1,0.6,0.0,0.6,,2400.0,1751040060,1,2437.68,2449.4,2449.9,0.6375637536393373,0.6936580123539549,-0.020374359251149953,0,2.792361111111111,ETH,2025-06-27 16:01:00+00:00,2025-06-27,2025Q2,2025,0.03756375363933728,0.6065484462395878,0.6059884506529747,2440.71,1750800600.0,6.27569371064948,-0.004796329287831701,0.3767462337581371,0.4068465273039864,S2-analog
ethereum-above-2400-on-june-27,1750905000,471.7727,19,0.72,95.7027,0.7222766344894479,0.7305958766053622,2400.0,1751040060,1,2437.68,2468.75,2470.67,0.7476704414601851,0.688953779209451,-0.02824321231339505,0,1.5631944444444446,ETH,2025-06-27 16:01:00+00:00,2025-06-27,2025Q2,2025,0.02539380697073723,0.8063166554793345,0.8061566454186918,2462.79,1750905900.0,7.3735076298371345,-0.012665182350076666,0.18275143706034866,0.2761382557519176,S2-analog
ethereum-above-2400-on-june-27,1751000400,724.029235,15,0.82,196.029235,0.8107675726156017,0.8102843709188632,2400.0,1751040060,1,2437.68,2449.79,2450.66,0.852456004957318,0.6147187316195243,-0.02053356924334208,0,0.45902777777777776,ETH,2025-06-27 16:01:00+00:00,2025-06-27,2025Q2,2025,0.041688432341716264,0.7836293068910256,0.8003459119496855,2449.45,1751001300.0,11.864155611381525,-0.00495553928002377,0.20450188396989824,0.2632951731264138,S2-analog
ethereum-above-2400-on-october-11,1728445500,284.68857,3,0.68,71.42857,0.685018014597495,0.7,2400.0,1728662460,1,2446.66,2452.69,2452.16,0.7164278504708183,0.5147786186122227,-0.021716644070063507,0,2.511111111111111,ETH,2024-10-11 16:01:00+00:00,2024-10-11,2024Q4,2024,0.031409835873323244,0.6790539315180336,0.6789466640766475,2446.78,1728446400.0,8.297495440581322,-0.0024615522650015646,0.3056902902094109,0.326115008905014,S2-analog
ethereum-above-2400-on-october-11,1728540000,927.338955,17,0.52,824.528955,0.50870223091435,0.5084676440771955,2400.0,1728662460,1,2446.66,2405.58,2402.38,0.5342170751671504,0.5628612172455432,-0.002322301369567693,0,1.417361111111111,ETH,2024-10-11 16:01:00+00:00,2024-10-11,2024Q4,2024,0.025514844252800484,0.5049833887043189,0.50199203187251,2404.8,1728540900.0,11.360579627714761,0.016932790435494314,0.47751834968708956,0.2851520356252495,S2-analog
ethereum-above-2400-on-october-11,1728628200,5153.128064,28,0.62,4459.218064,0.6209717993012418,0.6217381088210009,2400.0,1728662460,1,2446.66,2412.19,2409.59,0.6500053617314647,0.5086598137907881,-0.005066311211278268,0,0.39652777777777776,ETH,2024-10-11 16:01:00+00:00,2024-10-11,2024Q4,2024,0.029033562430222926,0.6163989090668811,0.6189329095322338,2414.1,1728629100.0,22.790196213837532,0.014188780593783694,0.3670495003553561,0.04368440658793549,S2-analog
ethereum-above-2400-on-october-18,1729022400,390.507267,11,0.92,390.507267,0.9071553263565771,0.9071553263565771,2400.0,1729267260,1,2652.57,2592.11,2591.46,0.9373239229258309,0.6234267713092605,-0.07700347850725534,0,2.834027777777778,ETH,2024-10-18 16:01:00+00:00,2024-10-18,2024Q4,2024,0.030168596569253747,0.8800000000000001,0.8800000000000001,2590.26,1729023300.0,2.824590664399562,0.023056765494557336,0.11260799999999989,0.04748207543282329,S2-analog
ethereum-above-2400-on-october-18,1729110600,10.41665,1,0.96,10.41665,0.9599999999999999,0.9599999999999999,2400.0,1729267260,1,2652.57,2622.32,2621.19,0.9854666757720162,0.645026461923304,-0.08859068478185311,0,1.8131944444444443,ETH,2024-10-18 16:01:00+00:00,2024-10-18,2024Q4,2024,0.025466675772016334,0.9455628173118592,0.9455628173118592,2624.92,1729111500.0,1.3734687294884047,0.011469559219959574,0.05083401838010248,0.03508093745047258,S2-analog
ethereum-above-2400-on-october-18,1729208700,291.735189,4,0.989,291.735189,0.9716924250030772,0.9716924250030772,2400.0,1729267260,1,2652.57,2604.79,2603.0950000000003,0.9999156529236087,0.8078900119406163,-0.08188332039847572,0,0.6777777777777778,ETH,2024-10-18 16:01:00+00:00,2024-10-18,2024Q4,2024,0.028223227920531557,0.989999,0.989999,2605.8,1729209600.0,0.7509135652616341,0.01817692360333677,0.009307931400070035,-0.004341367108399928,S2-analog
ethereum-above-2400-on-september-20,1726741800,13403.67927,39,0.689999,13403.67927,0.6289779887030629,0.6289779887030629,2400.0,1726848060,1,2559.0,2437.08,2437.52,0.6805736204686423,0.6037470458402145,-0.015331863996981715,0,1.229861111111111,ETH,2024-09-20 16:01:00+00:00,2024-09-20,2024Q3,2024,0.051595631765579464,0.671212980830837,0.6793115095489706,2428.83,1726742700.0,10.42260973587714,0.0488159558267703,0.3133389911055116,-0.1954506653607329,S2-analog
ethereum-above-2500-on-august-16,1723587300,30.0,1,0.86,0.0,0.86,,2500.0,1723824060,1,2569.2,2717.4,2716.59,0.8963811932207388,0.8392210446692182,-0.08338480893393112,0,2.7402777777777776,ETH,2024-08-16 16:01:00+00:00,2024-08-16,2024Q3,2024,0.03638119322073885,0.8868522371812371,0.8868522371812371,2713.49,1723590000.0,2.961816286040613,-0.05608097440658585,0.10612358855761189,0.27222513189206465,S2-analog
ethereum-above-2500-on-august-16,1723679100,181.58333199999998,3,0.88,181.58333199999998,0.8800000000000001,0.8800000000000001,2500.0,1723824060,1,2569.2,2665.78,2665.22,0.9225463946799651,0.725547197417394,-0.06420596584718992,0,1.6777777777777778,ETH,2024-08-16 16:01:00+00:00,2024-08-16,2024Q3,2024,0.042546394679965016,0.9,0.9,2661.45,1723680000.0,3.5718535868522467,-0.036902131319844586,0.09369999999999998,0.2255090101172795,S2-analog
ethereum-above-2500-on-august-16,1723765500,224.222717,5,0.82,201.492717,0.8067208757152159,0.8057869238692384,2500.0,1723824060,1,2569.2,2573.6,2574.625,0.8434712119585784,0.7258913180874026,-0.02901496506852456,0,0.6777777777777778,ETH,2024-08-16 16:01:00+00:00,2024-08-16,2024Q3,2024,0.03675033624336255,0.819624830627119,0.819624830627119,2569.89,1723766400.0,8.414969625263156,-0.0017111305411792598,0.17002637163762002,0.1844254831665036,S2-analog
ethereum-above-2500-on-august-23,1724187600,273.426574,7,0.74,273.426574,0.7181339706324081,0.7181339706324081,2500.0,1724428860,1,2669.26,2589.6,2589.33,0.7563471676582195,0.6177741394019961,-0.03521269175574243,0,2.792361111111111,ETH,2024-08-23 16:01:00+00:00,2024-08-23,2024Q3,2024,0.038213197025811385,0.7209966842424034,0.7209966842424034,2577.55,1724188500.0,6.074507242036644,0.03029785681006305,0.2649220831688262,0.08087753255790897,S2-analog
ethereum-above-2500-on-august-23,1724276700,37.97,1,0.88,0.0,0.8800000000000001,,2500.0,1724428860,1,2669.26,2640.58,2642.06,0.9149326742636479,0.606398509671371,-0.05470785812392159,0,1.761111111111111,ETH,2024-08-23 16:01:00+00:00,2024-08-23,2024Q3,2024,0.03493267426364777,0.9,0.9,2636.99,1724279400.0,4.186804719523665,0.01080269044188392,0.09369999999999998,0.04847124467436719,S2-analog
ethereum-above-2500-on-august-23,1724364000,32.955262000000005,2,0.93,2.105262,0.931277584585369,0.949999,2500.0,1724428860,1,2669.26,2623.61,2624.24,0.9651121993045145,0.6452455488696632,-0.04826050011266416,0,0.7506944444444446,ETH,2024-08-23 16:01:00+00:00,2024-08-23,2024Q3,2024,0.033834614719145506,0.949999983415986,0.949999983415986,2623.21,1724364900.0,3.5842657627954577,0.017250048453141438,0.04667501553922112,-0.015153742537936485,S2-analog
ethereum-above-2500-on-august-30,1724788800,61.684584,3,0.69,61.684584,0.6991865187904971,0.6991865187904971,2500.0,1725033660,0,2444.97,2584.0,2582.67,0.7578572698909087,0.5838130405735005,-0.03304785404620039,0,2.834027777777778,ETH,2024-08-30 16:01:00+00:00,2024-08-30,2024Q3,2024,0.058670751100411644,0.7361528047178005,0.739937857946578,2585.19,1724790600.0,6.412065776782094,-0.05530573300744681,-0.7497490344154747,-0.39512503653857717,S2-analog
ethereum-above-2500-on-august-30,1724950800,274.436086,4,0.79,274.436086,0.7995895205958665,0.7995895205958665,2500.0,1725033660,0,2444.97,2570.11,2570.26,0.8348587616158448,0.5832065098033974,-0.027657967673433113,0,0.9590277777777778,ETH,2024-08-30 16:01:00+00:00,2024-08-30,2024Q3,2024,0.035269241019978304,0.8000000000000002,,2566.26,1724951700.0,8.818704876587176,-0.04991584663467961,-0.8112000000000001,-0.3710068798637735,S2-analog
ethereum-above-2500-on-july-14,1752145200,62.5,1,0.92,62.5,0.92,0.92,2500.0,1752508860,1,3011.11,2784.93,2785.165,0.9460128147923943,0.6897835228433404,-0.10793200653930128,0,4.209027777777778,ETH,2025-07-14 16:01:00+00:00,2025-07-14,2025Q3,2025,0.026012814792394257,0.92,0.92,2776.43,1752147900.0,1.9649446095906433,0.07808604313222138,0.07484799999999996,-0.07858674953692092,S2-analog
ethereum-above-2500-on-june-20,1750196700,15.0,1,0.52,15.0,0.52,0.52,2500.0,1750435260,0,2495.36,2522.02,2523.33,0.5529032672879793,0.7971479007782023,-0.008769435851244461,0,2.761111111111111,ETH,2025-06-20 16:01:00+00:00,2025-06-20,2025Q2,2025,0.03290326728797932,0.54,0.54,2519.7,1750197600.0,5.729872561727711,-0.010627160353358787,-0.557388,-0.49649572548220894,S2-analog
ethereum-above-2500-on-june-20,1750285800,7.0,4,0.57,0.0,0.57,,2500.0,1750435260,0,2495.36,2528.4,2528.35,0.5991293464823436,0.7105799544948916,-0.011295959741851542,0,1.7298611111111113,ETH,2025-06-20 16:01:00+00:00,2025-06-20,2025Q2,2025,0.029129346482343665,0.59,,2525.15,1750287600.0,7.9832972332601315,-0.013153684243965826,-0.606933,-0.5019232289679701,S2-analog
ethereum-above-2500-on-june-20,1750374000,464.795788,13,0.66,321.83578800000004,0.6302299255684907,0.6302388436546031,2500.0,1750435260,0,2495.36,2523.59,2523.5550000000003,0.664025687038768,0.5896235779581088,-0.009391759039390386,0,0.7090277777777778,ETH,2025-06-20 16:01:00+00:00,2025-06-20,2025Q2,2025,0.0337957614702773,0.6519013424914143,0.6800000000000002,2527.0,1750374900.0,14.447454440289423,-0.01124948354150455,-0.6677861612418657,-0.5052597602991931,S2-analog
ethereum-above-2500-on-june-6,1748986200,1202.490559,30,0.78,609.7405590000001,0.7761089868684308,0.7701056171077886,2500.0,1749225660,1,2509.55,2611.7,2612.39,0.801300793336712,0.6406462086987351,-0.04371061842613314,0,2.771527777777778,ETH,2025-06-06 16:01:00+00:00,2025-06-06,2025Q2,2025,0.02519180646828123,0.7409273817900515,0.7402329181499679,2601.86,1748987100.0,5.373711270587195,-0.03989789609821623,0.24563583844068318,0.46003561237638463,S2-analog
ethereum-above-2500-on-june-6,1749101400,97.123594,4,0.889999,1.123594,0.8899999884312972,0.889999,2500.0,1749225660,1,2509.55,2621.49,2621.42,0.9179491291083258,0.5953420921864756,-0.04745212653906351,0,1.4381944444444443,ETH,2025-06-06 16:01:00+00:00,2025-06-06,2025Q2,2025,0.027949140677028583,0.88,,2613.11,1749103200.0,4.880864803081639,-0.04363940421114646,0.112608,0.3256060320416374,S2-analog
ethereum-above-2500-on-may-16,1747166400,3125.33,36,0.8,1006.57,0.7933823948191072,0.7980428584201794,2500.0,1747411260,1,2597.81,2690.94,2695.09,0.84165762409028,0.9176351980077354,-0.07359984307800638,0,2.834027777777778,ETH,2025-05-16 16:01:00+00:00,2025-05-16,2025Q2,2025,0.04827522927117278,0.7891570238974649,0.7891020552763991,2668.34,1747167300.0,3.379876751669034,-0.035221792557483776,0.19919580101538184,0.31824111883253065,S2-analog
ethereum-above-2500-on-may-16,1747254600,923.125,5,0.76,923.125,0.7686662153012864,0.7686662153012864,2500.0,1747411260,1,2597.81,2604.74,2604.8,0.7968480466425952,0.7638446700658531,-0.04104213028859889,0,1.8131944444444443,ETH,2025-05-16 16:01:00+00:00,2025-05-16,2025Q2,2025,0.028181831341308805,0.774810483054025,0.7721616496176733,2603.02,1747255500.0,5.654394316200019,-0.0026640797680760895,0.21297597305772206,0.22803973055623497,S2-analog
ethereum-above-2500-on-may-16,1747341000,13106.527914,55,0.67,10941.827914,0.6473868251374634,0.6465085678937503,2500.0,1747411260,1,2597.81,2536.32,2537.49,0.6756436791265558,0.719172105505884,-0.014423479705723479,0,0.8131944444444444,ETH,2025-05-16 16:01:00+00:00,2025-05-16,2025Q2,2025,0.02825685398909239,0.6702968173824593,0.679517045816734,2535.28,1747341900.0,10.814145612578978,0.023954570814799136,0.31423325303828237,0.055185036160209866,S2-analog
ethereum-above-2500-on-may-27,1747906200,848.96,5,0.75,848.96,0.7574441669807764,0.7574441669807764,2500.0,1748361660,1,2667.59,2692.07,2689.18,0.7945739925479535,0.7799765525869253,-0.07401968254202314,0,5.271527777777778,ETH,2025-05-27 16:01:00+00:00,2025-05-27,2025Q2,2025,0.03712982556717703,0.76,0.76,2664.49,1747908900.0,3.2299485717509846,-0.009134971335149565,0.227232,0.25673748761695253,S2-analog
ethereum-above-2500-on-may-27,1747998900,39.99,3,0.78,20.0,0.78,0.78,2500.0,1748361660,1,2667.59,2662.76,2663.09,0.8118939873022736,0.7049271110153483,-0.06307244697584517,0,4.198611111111111,ETH,2025-05-27 16:01:00+00:00,2025-05-27,2025Q2,2025,0.03189398730227355,0.7799999999999999,0.7799999999999999,2649.53,1747999800.0,3.84256742884013,0.0018122642310284434,0.2079880000000001,0.2010242524933982,S2-analog
ethereum-above-2500-on-may-27,1748118600,970.0,8,0.63,850.0,0.6303092783505154,0.6303529411764706,2500.0,1748361660,1,2667.59,2553.0,2553.71,0.6579549623174328,0.6456498153087284,-0.020978406385191602,0,2.8131944444444446,ETH,2025-05-27 16:01:00+00:00,2025-05-27,2025Q2,2025,0.027645683966917356,0.63,0.63,2553.0,1748119500.0,6.638907910745535,0.043906304821681855,0.35368299999999997,0.06219308558773151,S2-analog
ethereum-above-2500-on-may-27,1748205900,6.146205,2,0.57,3.586205,0.5758342446753728,0.579999,2500.0,1748361660,1,2667.59,2525.51,2525.74,0.6021822284169832,0.6686519405051542,-0.010152290655933994,0,1.8027777777777778,ETH,2025-05-27 16:01:00+00:00,2025-05-27,2025Q2,2025,0.026347983741610403,0.57,0.57,2523.88,1748206800.0,8.333640103411737,0.05473242055093963,0.41284300000000007,-0.043277294860107174,S2-analog
ethereum-above-2500-on-may-27,1748305800,216.0,2,0.78,196.0,0.7827777777777777,0.78,2500.0,1748361660,1,2667.59,2559.8,2559.11,0.8125168472833314,0.6869372012362067,-0.023638398565399257,0,0.6465277777777778,ETH,2025-05-27 16:01:00+00:00,2025-05-27,2025Q2,2025,0.029739069505553717,0.7719608902954812,0.7718901780756873,2554.41,1748306700.0,9.994670258216248,0.04124631264147413,0.21571650051404054,-0.1965267937047898,S2-analog
ethereum-above-2500-on-september-27,1727208000,1170.0,3,0.86,0.0,0.86,,2500.0,1727452860,1,2684.72,2650.49,2650.635,0.8926040280650703,0.5699840790407937,-0.05845379669140833,0,2.834027777777778,ETH,2024-09-27 16:01:00+00:00,2024-09-27,2024Q3,2024,0.032604028065070345,0.8543694952516626,0.8543694952516626,2647.02,1727208900.0,4.1535105679517415,0.012831910903404943,0.13692094648988165,0.08362346894557404,S2-analog
ethereum-above-2500-on-september-27,1727311500,3911.75,9,0.78,3746.6099999999997,0.7902617498562025,0.7907140588425271,2500.0,1727452860,1,2684.72,2577.25,2575.88,0.8186096553308151,0.5318875859906901,-0.030432207120202063,0,1.636111111111111,ETH,2024-09-27 16:01:00+00:00,2024-09-27,2024Q3,2024,0.028347905474612634,0.7818964103463736,0.780926211445841,2571.28,1727312400.0,7.893777246229963,0.04085350047461141,0.20616618068525838,-0.1163222517900741,S2-analog
ethereum-above-2500-on-september-27,1727406000,556.994806,10,0.964999,556.994806,0.9560231532844742,0.9560231532844742,2500.0,1727452860,1,2684.72,2618.91,2619.3,0.9838145768674564,0.6599981378680428,-0.04646746879978663,0,0.5423611111111111,ETH,2024-09-27 16:01:00+00:00,2024-09-27,2024Q3,2024,0.027791423582982255,0.9658960569731126,0.9658960569731126,2621.88,1727406900.0,3.0271689309183305,0.02481823879502688,0.03179808254010392,-0.043330918860313435,S2-analog
ethereum-above-2600-on-july-16,1752091200,16.0,2,0.73,0.0,0.7337499999999999,,2600.0,1752681660,1,3243.58,2765.01,2763.955,0.7690519722217505,0.6256078237098773,-0.061532806576849786,0,6.834027777777778,ETH,2025-07-16 16:01:00+00:00,2025-07-16,2025Q3,2025,0.03530197222175058,0.72,0.72,2738.03,1752094800.0,3.708371703857995,0.1596334064765613,0.265888,-0.3260920075681415,S2-analog
ethereum-above-2600-on-november-1,1730295000,378.56,1,0.75,0.0,0.75,,2600.0,1730476860,0,2501.2,2687.1,2685.445,0.7802837279365593,0.5854663823830881,-0.03295110013968595,0,2.104861111111111,ETH,2024-11-01 16:01:00+00:00,2024-11-01,2024Q4,2024,0.030283727936559313,0.7772863544173648,0.7761869663409977,2672.75,1730295900.0,6.929676147685089,-0.07169192845611645,-0.7894042138531397,-0.2926023672492437,S2-analog
ethereum-above-2600-on-november-1,1730382300,17916.620286,83,0.5,9287.000286,0.5334916465992136,0.526867568341433,2600.0,1730476860,0,2501.2,2615.8,2615.06,0.586775918450365,0.5198075620357719,-0.006058533045478695,0,1.0944444444444443,ETH,2024-11-01 16:01:00+00:00,2024-11-01,2024Q4,2024,0.05328427185115148,0.38026231678974537,0.38815353653518003,2602.84,1730383200.0,13.742025075097379,-0.04479936136190934,-0.3967587188951062,0.21887522828860057,S2-analog
ethereum-above-2600-on-october-25,1729630800,21.639343,2,0.59,1.639343,0.5915151504368685,0.61,2600.0,1729872060,0,2520.81,2634.01,2632.4,0.6215148447034248,0.4935801446460149,-0.012995954793659632,0,2.792361111111111,ETH,2024-10-25 16:01:00+00:00,2024-10-25,2024Q4,2024,0.029999694266556243,0.61,0.61,2634.39,1729631700.0,8.887018418127647,-0.0439271213734319,-0.626653,-0.23627186329898203,S2-analog
ethereum-above-2700-on-february-14,1739367000,276500.838718,631,0.28,216351.298718,0.28308081199062246,0.2871707833904049,2700.0,1739552460,1,2735.84,2659.9,2618.09,0.3828211331258899,0.7216481085957722,0.014963244908309553,0,2.146527777777778,ETH,2025-02-14 17:01:00+00:00,2025-02-14,2025Q1,2025,0.09974032113526743,0.29746599725084716,0.2982628524966388,2593.92,1739367900.0,6.895604839271688,0.028149990416172055,0.6879054043080245,0.4937941941688168,S2-analog
ethereum-above-2700-on-february-14,1739455200,85061.970547,134,0.27,70020.530547,0.29595549608787974,0.2900748413755089,2700.0,1739552460,1,2735.84,2659.0,2656.94,0.34062220271570076,0.740365971578027,0.015301660749400576,0,1.1256944444444443,ETH,2025-02-14 17:01:00+00:00,2025-02-14,2025Q1,2025,0.04466670662782102,0.2707537823627594,0.272188545880836,2637.58,1739456100.0,8.982762894002452,0.02848840625726308,0.7154249856183093,0.4595203869812992,S2-analog
ethereum-above-2700-on-february-21,1740001500,4750.023744,21,0.55,4187.293744,0.5466240460418212,0.5467680888212366,2700.0,1740157260,1,2733.4,2724.49,2722.44,0.5797091916892079,0.5975928162432239,-0.009029481625758388,0,1.8027777777777778,ETH,2025-02-21 17:01:00+00:00,2025-02-21,2025Q1,2025,0.03308514564738663,0.5646048449140184,0.5647317233574745,2710.01,1740002400.0,9.321968619125753,0.0032650009125213637,0.41818732010502707,0.38775108405708597,S2-analog
ethereum-above-2700-on-february-21,1740108600,1288.964295,12,0.809999,605.424295,0.8041310632265326,0.800915379518075,2700.0,1740157260,1,2733.4,2747.78,2748.3,0.8464668814451543,0.4957824793205805,-0.017541539920825893,0,0.5631944444444444,ETH,2025-02-21 17:01:00+00:00,2025-02-21,2025Q1,2025,0.042335818218621646,0.795934545022525,0.7981794176493712,2743.98,1740109500.0,13.773699858520873,-0.005247057382546233,0.19269586282311318,0.26496725635074114,S2-analog
ethereum-above-2700-on-june-10,1749150900,3200.94,11,0.16,3200.94,0.17818215899079645,0.17818215899079645,2700.0,1749571260,1,2734.58,2564.37,2563.84,0.2041529368233013,0.6387853235115113,0.05153893859070527,0,4.865277777777778,ETH,2025-06-10 16:01:00+00:00,2025-06-10,2025Q2,2025,0.025970777832504843,0.19,0.19,2542.31,1749152700.0,4.126799741430365,0.06426502476261849,0.799227,0.53401811242661,S2-analog
ethereum-above-2700-on-june-10,1749519900,1238.280469,7,0.51,155.930469,0.5077514387081882,0.511,2700.0,1749571260,1,2734.58,2709.41,2710.4,0.5334703377604425,0.7646004387199664,-0.0034791260014680396,0,0.5944444444444444,ETH,2025-06-10 16:01:00+00:00,2025-06-10,2025Q2,2025,0.02571889905225433,0.4562497376513354,0.4641472584666843,2708.37,1749520800.0,12.867953747651578,0.009246960170445196,0.5263842483305549,0.40739479255088973,S2-analog
ethereum-above-2700-on-june-3,1748493000,809.55,3,0.55,0.0,0.55,,2700.0,1748966460,0,2621.85,2754.72,2757.78,0.5773412375538968,0.7198720555622153,-0.020064031035741517,0,5.479861111111111,ETH,2025-06-03 16:01:00+00:00,2025-06-03,2025Q2,2025,0.027341237553896724,0.5148018766246117,0.5148018766246117,2724.97,1748493900.0,4.447491362894979,-0.04943562857895692,-0.5322865399359991,-0.31242200881180393,S2-analog
ethereum-above-2700-on-may-23-847,1747847700,21246.23,31,0.1,17403.64,0.10493333170167131,0.10131943087767847,2700.0,1748016060,0,2568.23,2567.16,2564.1400000000003,0.1544703887020617,0.7847691296011456,0.0504515434960982,0,1.948611111111111,ETH,2025-05-23 16:01:00+00:00,2025-05-23,2025Q2,2025,0.04953705700039039,0.1012498850715621,0.10870314422569871,2478.43,1747848600.0,4.604798113518442,0.00041671616585475297,-0.10761976928068114,-0.10953866309508174,S2-analog
ethereum-above-2700-on-may-23-847,1747973700,2294.59,16,0.53,937.28,0.5335543168932141,0.5363275648685559,2700.0,1748016060,0,2568.23,2713.31,2711.305,0.5600299498820558,0.7940975260225075,-0.004917518790480228,0,0.4902777777777778,ETH,2025-05-23 16:01:00+00:00,2025-05-23,2025Q2,2025,0.026475632988841702,0.4250914546281837,0.4453772061077416,2707.69,1747974600.0,13.545155600595278,-0.05495234612072396,-0.4421986643163032,0.3021394145066711,S2-analog
ethereum-above-2800-on-june-17,1749677400,40.0,1,0.48,0.0,0.48,,2800.0,1750176060,0,2499.16,2818.71,2821.15,0.5097215483950617,0.7733308220237701,-0.0066599162996431515,0,5.771527777777777,ETH,2025-06-17 16:01:00+00:00,2025-06-17,2025Q2,2025,0.029721548395061692,0.4600000000000001,0.4600000000000001,2797.51,1749678300.0,4.101664172438799,-0.12032465806729377,-0.4773880000000001,0.016143339055567862,S2-analog
ethereum-above-2800-on-june-17,1749772800,1374.15,12,0.14,532.0,0.15595495397154605,0.1256390977443609,2800.0,1750176060,0,2499.16,2642.65,2643.73,0.20194093217333026,0.6946693136480682,0.057837215602316465,0,4.667361111111111,ETH,2025-06-17 16:01:00+00:00,2025-06-17,2025Q2,2025,0.04598597820178421,0.1392240242417946,0.1406249491943623,2568.09,1749773700.0,3.7595236907316973,-0.055827526165334436,-0.14761287291389463,0.062272034299623885,S2-analog
ethereum-above-2800-on-may-30,1748493000,633.09,17,0.29,295.0,0.3106921606722583,0.31457627118644066,2800.0,1748620860,0,2596.79,2754.72,2757.78,0.3373946063708211,0.7648960683953917,0.016303613135133274,0,1.479861111111111,ETH,2025-05-30 16:01:00+00:00,2025-05-30,2025Q2,2025,0.026702445698562782,0.2679251213047101,0.2689246530374057,2724.97,1748493900.0,7.6796583595274885,-0.059039737168657305,-0.28165500885220973,0.17175000223937514,S2-analog
ethereum-above-3000-on-april-19,1713325500,10.0,1,0.67,10.0,0.67,0.67,3000.0,1713542460,1,3083.97,3091.0,3092.24,0.7153120194409097,0.7857836164886196,-0.02988237448186952,0,2.511111111111111,ETH,2024-04-19 16:01:00+00:00,2024-04-19,2024Q2,2024,0.04531201944090968,0.68,0.68,3100.75,1713332700.0,5.590266829971107,-0.002276935122669046,0.30476799999999993,0.3174966748902529,S2-analog
ethereum-above-3000-on-april-19,1713425400,8.474575,1,0.41,8.474575,0.41,0.41,3000.0,1713542460,1,3083.97,2979.32,2973.39,0.4688856014469323,0.796643921538247,0.006917202109084154,0,1.3548611111111113,ETH,2024-04-19 16:01:00+00:00,2024-04-19,2024Q2,2024,0.058885601446932334,0.51,0.51,2985.04,1713430800.0,8.105959976910412,0.03452264146828465,0.472507,0.19266784996085695,S2-analog
ethereum-above-3000-on-april-30,1713969000,37.272964,2,0.740001,37.272964,0.7317091841689595,0.7317091841689595,3000.0,1714492860,0,2995.37,3224.86,3214.1,0.8040893722134683,0.7180792207280532,-0.07227724978463465,0,6.063194444444444,ETH,2024-04-30 16:01:00+00:00,2024-04-30,2024Q2,2024,0.07238018804450885,0.76,0.76,3196.99,1713969900.0,3.290999121397109,-0.07382177528362073,-0.772768,-0.5298206024016294,S2-analog
ethereum-above-3000-on-april-30,1714055400,34.241378,3,0.71,34.241378,0.7079556897505702,0.7079556897505702,3000.0,1714492860,0,2995.37,3134.26,3128.04,0.7537160695972948,0.66258049323533,-0.04378081289675236,0,5.063194444444445,ETH,2024-04-30 16:01:00+00:00,2024-04-30,2024Q2,2024,0.04576037984672454,0.7,0.7,3117.65,1714057200.0,4.461037350903433,-0.045325338395738456,-0.7147,-0.5125019724742733,S2-analog
ethereum-above-3000-on-april-30,1714230000,21.739129,1,0.77,21.739129,0.7700000000000001,0.7700000000000001,3000.0,1714492860,0,2995.37,3151.13,3148.51,0.8525827806407967,0.6283864987633616,-0.049148829999882834,0,3.042361111111111,ETH,2024-04-30 16:01:00+00:00,2024-04-30,2024Q2,2024,0.0825827806407966,0.8,0.8,3145.01,1714232700.0,4.935682366949085,-0.05069335549886885,-0.8112,-0.5609936991427515,S2-analog
ethereum-above-3000-on-july-12,1720712700,150.0,2,0.87,150.0,0.8633333333333333,0.8633333333333333,3000.0,1720800060,1,3130.01,3129.01,3128.9,0.8987667007709945,0.6524584560109384,-0.04210437192276476,0,1.011111111111111,ETH,2024-07-12 16:01:00+00:00,2024-07-12,2024Q3,2024,0.035433367437661234,0.8733625304575963,0.8554846451321526,3117.95,1720713600.0,5.594326931309257,0.0003195388442627734,0.1188954400828827,0.11710783532082404,S2-analog
ethereum-above-3000-on-july-21,1752679800,3418.77,27,0.81,2203.77,0.8069901455786731,0.8097731160692814,3000.0,1753113660,1,3813.14,3247.01,3247.34,0.8339140858671578,0.7180597456788864,-0.0791222842137946,0,5.021527777777778,ETH,2025-07-21 16:01:00+00:00,2025-07-21,2025Q3,2025,0.02692394028848466,0.8165384615384614,0.8165384615384614,3232.09,1752680700.0,3.1668928292704783,0.16071842381568563,0.1729753002958581,-0.33600272361769046,S2-analog
ethereum-above-3000-on-may-10,1715245200,517.241378,1,0.420001,517.241378,0.420001,0.420001,3000.0,1715356860,0,2916.45,2984.81,2982.565,0.4495284075269787,0.5698241198438134,0.005076195440682723,0,1.292361111111111,ETH,2024-05-10 16:01:00+00:00,2024-05-10,2024Q2,2024,0.02952740752697869,0.37,,2984.65,1715246100.0,11.603581835308766,-0.023168969999619832,-0.386317,-0.11747396056959758,S2-analog
ethereum-above-3000-on-may-17,1715805900,1500.0,3,0.49,1300.0,0.5053333333333333,0.5015384615384615,3000.0,1715961660,1,3114.79,3019.75,3023.23,0.5609143176705366,0.5548226189156243,-0.006561757835141064,0,1.8027777777777778,ETH,2024-05-17 16:01:00+00:00,2024-05-17,2024Q2,2024,0.055580984337203265,0.53,0.53,3021.27,1715806800.0,10.118685804184638,0.030987687733286223,0.452563,0.13900832402869023,S2-analog
ethereum-above-3000-on-may-17,1715931000,3723.26563,15,0.63,2639.71563,0.5820678448842315,0.5501241439350154,3000.0,1715961660,1,3114.79,3029.13,3028.6499999999996,0.7336590164342562,0.5290632173779309,-0.009663160910955655,0,0.3548611111111111,ETH,2024-05-17 16:01:00+00:00,2024-05-17,2024Q2,2024,0.15159117155002477,0.6048440282854243,0.661247500039768,3028.47,1715931900.0,20.4688626012501,0.02788628465747158,0.3784254306332738,-0.19237509847986073,S2-analog
ethereum-above-3000-on-may-24,1716390000,87.233739,3,0.941,87.233739,0.9426827204896031,0.9426827204896031,3000.0,1716566460,1,3693.42,3744.53,3740.62,0.9809279358953426,1.3943210447258907,-0.2216838197576487,0,2.042361111111111,ETH,2024-05-24 16:01:00+00:00,2024-05-24,2024Q2,2024,0.03824521540573944,0.988,0.988,3750.55,1716391800.0,0.44586345607182487,-0.013743250346074518,0.01117008000000001,0.0172976930969611,S2-analog
ethereum-above-3000-on-may-24,1716489900,57.71,1,0.94,0.0,0.94,,3000.0,1716566460,1,3693.42,3745.05,3743.1,0.9890286380454179,1.9249471310366315,-0.22182267934679406,0,0.8861111111111111,ETH,2024-05-24 16:01:00+00:00,2024-05-24,2024Q2,2024,0.049028638045417905,0.957,0.957,3764.25,1716491700.0,0.3046498033210971,-0.013882109935219829,0.04011943000000003,0.0443486120614466,S2-analog
ethereum-above-3000-on-november-15,1731446100,74.348404,6,0.87,74.348404,0.8794351891996229,0.8794351891996229,3000.0,1731690060,1,3039.19,3268.49,3272.57,0.9113824338381835,0.736908794586651,-0.08571581589043781,0,2.823611111111111,ETH,2024-11-15 17:01:00+00:00,2024-11-15,2024Q4,2024,0.03194724463856058,0.887934184613965,0.887934184613965,3271.0,1731447000.0,2.6781885403141423,-0.07273707201224498,0.10510032059748213,0.2999039133166812,S2-analog
ethereum-above-3000-on-november-15,1731532500,2338.96281,28,0.8,1343.88281,0.7791727710845985,0.7777092811623352,3000.0,1731690060,1,3039.19,3140.59,3145.8,0.8045822329342169,0.7791907942848327,-0.045798391690589385,0,1.823611111111111,ETH,2024-11-15 17:01:00+00:00,2024-11-15,2024Q4,2024,0.025409461849618453,0.8274442079467663,0.8274442079467663,3157.83,1731533400.0,5.242954004427777,-0.03281964781239647,0.16256117170548565,0.3346330756273991,S2-analog
ethereum-above-3000-on-november-15,1731623400,2390.263218,19,0.83,1601.053218,0.8405916006212564,0.8484208826122448,3000.0,1731690060,1,3039.19,3105.54,3107.53,0.8768486939120937,0.709722350792908,-0.03457532463969045,0,0.7715277777777778,ETH,2024-11-15 17:01:00+00:00,2024-11-15,2024Q4,2024,0.03625709329083737,0.8092731607194071,0.8059687156915961,3101.44,1731624300.0,7.094675809414952,-0.02159658076149762,0.17992233143648892,0.33314307053116243,S2-analog
ethereum-above-3100-on-july-19,1721160900,20.0,1,0.95,20.0,0.95,0.95,3100.0,1721404860,1,3467.41,3466.52,3467.9700000000003,0.9754829818062725,0.7263288160091146,-0.1117490974008135,0,2.823611111111111,ETH,2024-07-19 16:01:00+00:00,2024-07-19,2024Q3,2024,0.02548298180627251,0.94,0.94,3457.41,1721162700.0,1.4292656576251979,0.0002567086788839898,0.056052000000000046,0.055685095101256826,S2-analog
ethereum-above-3100-on-july-19,1721303100,36.068804,2,0.959,36.068804,0.959,0.959,3100.0,1721404860,1,3467.41,3450.2,3451.67,0.9961292752191072,0.7475210687778304,-0.10703008888640626,0,1.1777777777777778,ETH,2024-07-19 16:01:00+00:00,2024-07-19,2024Q3,2024,0.03712927521910725,0.9937128503437335,0.9937128503437335,3458.83,1721304000.0,0.413484247985183,0.004975717193291334,0.005849816157883896,0.0037924354760288832,S2-analog
ethereum-above-3300-on-august-2,1722429900,305.075754,5,0.53,5.075754,0.530717666436019,0.5731349961186061,3300.0,1722614460,0,3033.7,3324.83,3324.48,0.5719740555291193,0.5161678103463139,-0.007496076508762599,0,2.136111111111111,ETH,2024-08-02 16:01:00+00:00,2024-08-02,2024Q3,2024,0.041256389093100254,0.589999,0.589999,3316.58,1722430800.0,9.957981469103922,-0.09163554831091551,-0.60693201259993,0.3055730793913439,S2-analog
ethereum-above-3300-on-january-17,1737037800,6458.801446,73,0.52,5894.1814460000005,0.580932933066595,0.5767122202229444,3300.0,1737133260,1,3434.51,3341.44,3329.76,0.6236849102023413,0.7201455600982772,-0.012479383327561365,0,1.104861111111111,ETH,2025-01-17 17:01:00+00:00,2025-01-17,2025Q1,2025,0.0427519771357463,0.47534699120023866,0.4744030375042218,3289.66,1737038700.0,9.639734024365055,0.02747241449953434,0.507195552758763,0.24236878397614198,S2-analog
ethereum-above-3300-on-january-24,1737703800,10295.778235,46,0.36,7673.318235,0.39410582442289754,0.39711734559383877,3400.0,1737738060,0,3380.71,3388.32,3387.785,0.4254985132085686,0.6817763253617429,0.003441208288980971,0,0.39652777777777776,ETH,2025-01-24 17:01:00+00:00,2025-01-24,2025Q1,2025,0.03139268878567103,0.39696611986601976,0.4012512862995338,3375.83,1737704700.0,17.51502812154471,-0.002248476725948325,-0.4137230012341373,-0.37434086814851364,S2-analog
ethereum-above-3300-on-july-23,1752715800,150.0,4,0.57,6.0,0.57,0.57,3300.0,1753286460,1,3636.5,3374.18,3374.83,0.5986845816009511,0.6515763975596004,-0.022229863368813142,0,6.60486111111111,ETH,2025-07-23 16:01:00+00:00,2025-07-23,2025Q3,2025,0.02868458160095111,0.54,0.54,3347.97,1752716700.0,4.452476717916975,0.0748693487712105,0.44261199999999995,0.10925796771057933,S2-analog
ethereum-above-3300-on-july-23,1752837300,1215.3,3,0.84,1215.3,0.8429428124742863,0.8429428124742863,3300.0,1753286460,1,3636.5,3607.26,3610.54,0.8696989942686597,0.7097874130765877,-0.0890260129138363,0,5.198611111111111,ETH,2025-07-23 16:01:00+00:00,2025-07-23,2025Q3,2025,0.026756181794373446,0.8600000000000001,0.8600000000000001,3597.06,1752838200.0,2.831901877485106,0.008073199226187386,0.1315719999999999,0.10870949195404855,S2-analog
ethereum-above-3300-on-july-23,1752930900,18.0,1,0.84,18.0,0.84,0.84,3300.0,1753286460,1,3636.5,3563.11,3564.63,0.868994409112427,0.6946413721936903,-0.07671129053465704,0,4.115277777777778,ETH,2025-07-23 16:01:00+00:00,2025-07-23,2025Q3,2025,0.02899440911242701,0.83,0.83,3545.08,1752934500.0,3.2702350811222813,0.02038792160536675,0.16012300000000004,0.0934497035349588,S2-analog
ethereum-above-3300-on-november-29,1732733100,17401.049372,12,0.91,11829.989372,0.8999823832072741,0.9000685164875903,3300.0,1732899660,1,3595.63,3584.4,3588.98,0.927714713473921,0.8334115682946949,-0.08266862755549288,0,1.9277777777777778,ETH,2024-11-29 17:01:00+00:00,2024-11-29,2024Q4,2024,0.0277323302666469,0.9025022881766865,0.91,3586.19,1732734000.0,2.703266429423701,0.0031281231853551475,0.09133827826243625,0.08288212786836374,S2-analog
ethereum-above-3400-on-december-27,1735078500,1937.654033,13,0.64,1815.984033,0.6437840393397163,0.6431076589799687,3400.0,1735318860,0,3317.54,3493.64,3491.02,0.6806215511887905,0.6842825637934931,-0.027168741009224378,0,2.7819444444444446,ETH,2024-12-27 17:01:00+00:00,2024-12-27,2024Q4,2024,0.036837511849074245,0.6390215524623121,0.6394364409318191,3482.93,1735079400.0,6.101550610284743,-0.05172062820776077,-0.6551686630188799,-0.33959263241350685,S2-analog
ethereum-above-3400-on-december-27,1735200000,15366.654407,114,0.469999,9014.604407,0.5180729989782544,0.511284857859975,3400.0,1735318860,0,3317.54,3422.0,3420.28,0.5614274306642196,0.6340999188032563,-0.006449743847886116,0,1.3756944444444446,ETH,2024-12-27 17:01:00+00:00,2024-12-27,2024Q4,2024,0.0433544316859652,0.437837992467798,0.44469085102268396,3385.39,1735200900.0,10.139006886919557,-0.031001631046422347,-0.45506750440516763,-0.14074175371975234,S2-analog
ethereum-above-3500-on-april-12,1712844000,300.0,1,0.55,0.0,0.55,,3500.0,1712937660,0,3439.6,3526.29,3523.08,0.5906926729567054,0.6152886005563093,-0.007483358269578488,0,1.0840277777777778,ETH,2024-04-12 16:01:00+00:00,2024-04-12,2024Q2,2024,0.04069267295670531,0.53,0.53,3508.32,1712851200.0,11.646783116115499,-0.024891141210342086,-0.5474370000000001,-0.25753527681054117,S2-analog
ethereum-above-3500-on-june-28,1719555300,6.410255,1,0.220001,6.410255,0.220001,0.220001,3500.0,1719590460,0,3415.92,3454.22,3447.6099999999997,0.26018494804255893,0.6552172915027575,0.013166296531758905,0,0.40694444444444444,ETH,2024-06-28 16:01:00+00:00,2024-06-28,2024Q2,2024,0.040183948042558926,0.2556706199485488,0.2556706199485488,3454.55,1719557100.0,15.113812462297576,-0.011149815515266432,-0.2689918407316059,-0.10047562004465327,S2-analog
ethereum-above-3600-on-august-1-271,1753819200,56.120000000000005,3,0.74,56.120000000000005,0.7487526728439058,0.7487526728439058,3600.0,1754064060,1,3613.42,3765.89,3766.3,0.7897758243532634,0.66074639631742,-0.04505037563680758,0,2.834027777777778,ETH,2025-08-01 16:01:00+00:00,2025-08-01,2025Q3,2025,0.04102315150935765,0.78,0.78,3765.15,1753821000.0,5.19290187316792,-0.04132952880327025,0.20798799999999998,0.42260818753964957,S2-analog
ethereum-above-3600-on-august-1-271,1753971300,2285.503999,11,0.929999,2285.503999,0.9306656164490049,0.9306656164490049,3600.0,1754064060,1,3613.42,3795.84,3791.23,0.9571751296278118,0.6208794538977981,-0.05297188476610566,0,1.073611111111111,ETH,2025-08-01 16:01:00+00:00,2025-08-01,2025Q3,2025,0.0265095131788069,0.929999,0.929999,3774.01,1753973100.0,3.529336709077123,-0.04925103793256841,0.06544393980006998,0.23926743593563354,S2-analog
ethereum-above-3600-on-august-8,1754431200,6.0,1,0.42,6.0,0.42,0.42,3600.0,1754668860,1,3957.9,3575.62,3566.52,0.45787917175523624,0.6274601774589019,0.006795257779316499,0,2.7506944444444446,ETH,2025-08-08 16:01:00+00:00,2025-08-08,2025Q3,2025,0.03787917175523625,0.5,0.5,3594.36,1754433900.0,7.239908471452551,0.10157499389295585,0.4825,-0.2528936587733522,S2-analog
ethereum-above-3600-on-august-8,1754531100,172.720698,4,0.72,172.720698,0.7392691283202897,0.7392691283202897,3600.0,1754668860,1,3957.9,3691.48,3690.06,0.7668749706365728,0.561387068126367,-0.025093616188520528,0,1.5944444444444443,ETH,2025-08-08 16:01:00+00:00,2025-08-08,2025Q3,2025,0.027605842316283158,0.6915789458725761,0.6915789458725761,3667.55,1754532000.0,8.660501410538252,0.06968611992511882,0.29349022860253926,-0.31002651130389014,S2-analog
ethereum-above-3600-on-july-25-886,1753246800,37.037036,1,0.73,37.037036,0.73,0.73,3600.0,1753459260,1,3636.96,3734.88,3736.675,0.7570533179676864,0.6567903737875277,-0.0367818440925284,0,2.459027777777778,ETH,2025-07-25 16:01:00+00:00,2025-07-25,2025Q3,2025,0.027053317967686397,0.7200000000000001,0.7200000000000001,3713.5,1753248600.0,5.970213646169652,-0.026567521685556726,0.2658879999999999,0.4245017805120188,S2-analog
ethereum-above-3600-on-july-25-886,1753333200,1349.08185,70,0.44,922.08185,0.48342793359795033,0.4738341298009499,3600.0,1753459260,1,3636.96,3609.75,3611.73,0.5165600012417529,0.6005019320495328,-0.002704672407127083,0,1.4590277777777778,ETH,2025-07-25 16:01:00+00:00,2025-07-25,2025Q3,2025,0.03313206764380261,0.4682169671031482,0.4701006059529369,3581.83,1753334100.0,10.49342741652171,0.007509649999844503,0.5143537441794603,0.4355517769826098,S2-analog
ethereum-above-3600-on-july-25-886,1753419600,23112.065839,66,0.58,5465.245839,0.614290162122277,0.6177274674688337,3600.0,1753459260,1,3636.96,3648.6,3647.98,0.7180794175499033,0.768558705747323,-0.013409686909917564,0,0.45902777777777776,ETH,2025-07-25 16:01:00+00:00,2025-07-25,2025Q3,2025,0.10378925542762629,0.6481445946299138,0.6490335592924673,3612.64,1753420500.0,13.054707807748706,-0.003195364502946104,0.3358916828343505,0.37760623275956406,S2-analog
ethereum-above-3600-on-july-30,1753370100,603.06,19,0.67,209.0,0.670913010314065,0.6700000000000002,3600.0,1753891260,1,3795.45,3765.84,3760.12,0.706100915116687,0.6402687852583303,-0.04503709847472117,0,6.031944444444444,ETH,2025-07-30 16:01:00+00:00,2025-07-30,2025Q3,2025,0.035187904802622016,0.6676727740276439,0.6655947136563878,3737.69,1753371000.0,4.264455053264333,0.007832036956200963,0.31679521711286485,0.28339584753764063,S2-analog
ethereum-above-3600-on-july-30,1753457400,262.0,10,0.5,228.0,0.5214503816793893,0.5171929824561403,3600.0,1753891260,1,3795.45,3639.68,3641.115,0.551091939624175,0.6397670591023943,-0.010961920234178765,0,5.021527777777778,ETH,2025-07-30 16:01:00+00:00,2025-07-30,2025Q3,2025,0.029641557944785735,0.529396551724138,,3610.47,1753458300.0,5.285152356004939,0.041907215196743265,0.4531639392835909,0.23167792215291722,S2-analog
ethereum-above-3600-on-july-30,1753614900,269.65,1,0.82,0.0,0.82,,3600.0,1753891260,1,3795.45,3825.28,3826.49,0.8496120546526239,0.6723598251676619,-0.0606978217516334,0,3.198611111111111,ETH,2025-07-30 16:01:00+00:00,2025-07-30,2025Q3,2025,0.029612054652623954,0.8293044015656115,0.83,3824.23,1753615800.0,4.102007899092791,-0.007828686320711348,0.1607864956567225,0.19289982878380013,S2-analog
ethereum-above-3600-on-july-30,1753709400,5173.98,3,0.91,5173.98,0.8806376909071933,0.8806376909071933,3600.0,1753891260,1,3795.45,3844.24,3847.67,0.9059614503087777,0.6845950718912258,-0.06564207866058007,0,2.104861111111111,ETH,2025-07-30 16:01:00+00:00,2025-07-30,2025Q3,2025,0.025323759401584378,0.8959550561797752,0.8959550561797752,3843.56,1753711200.0,3.5720969402227274,-0.012772943229658064,0.0975195722762278,0.14314576370452797,S2-analog
ethereum-above-3600-on-july-30,1753806600,1136.65,18,0.87,1062.25,0.8721671138873003,0.8737121675688397,3600.0,1753891260,1,3795.45,3747.84,3747.135,0.9038203779501075,0.6332597285446482,-0.04024582856852661,0,0.9798611111111112,ETH,2025-07-30 16:01:00+00:00,2025-07-30,2025Q3,2025,0.03165326406280722,0.894134370583654,0.8935006178244133,3737.76,1753807500.0,5.846076874888985,0.012623306862395378,0.09923956256162214,0.025442740228745084,S2-analog
ethereum-above-3700-on-august-6,1754035200,25.0,1,0.4,25.0,0.4,0.4,3700.0,1754496060,0,3667.93,3650.74,3644.81,0.4365656654880169,0.6803305112737834,0.013402932878672216,0,5.334027777777778,ETH,2025-08-06 16:01:00+00:00,2025-08-06,2025Q3,2025,0.036565665488016874,0.41,,3628.23,1754039700.0,4.750773060099631,0.0046975834711449685,-0.426933,-0.4492501530022848,S2-analog
ethereum-above-3700-on-august-6,1754123400,11.0,1,0.18,0.0,0.18,,3700.0,1754496060,0,3667.93,3508.37,3506.9,0.2167932979496415,0.6398999194804249,0.053181277498044494,0,4.313194444444445,ETH,2025-08-06 16:01:00+00:00,2025-08-06,2025Q3,2025,0.03679329794964151,0.19,0.19,3482.94,1754127900.0,4.166877346108463,0.04447592809051722,-0.200773,-0.38609873720752524,S2-analog
ethereum-above-3700-on-august-6,1754266500,20.0,1,0.14,0.0,0.14,,3700.0,1754496060,0,3667.93,3499.93,3500.35,0.1663309862694478,0.6814277662996764,0.055589851354813556,0,2.6569444444444446,ETH,2025-08-06 16:01:00+00:00,2025-08-06,2025Q3,2025,0.026330986269447798,0.1955555540164608,0.1955555540164608,3530.68,1754268300.0,4.223430555029474,0.04688450194728619,-0.2065675045681451,-0.4045809426496525,S2-analog
ethereum-above-3700-on-august-6,1754358300,43.478259,1,0.46,43.478259,0.45999999999999996,0.45999999999999996,3700.0,1754496060,0,3667.93,3695.64,3694.56,0.4924109203860308,0.629787248524658,0.0011790732120846121,0,1.5944444444444443,ETH,2025-08-06 16:01:00+00:00,2025-08-06,2025Q3,2025,0.03241092038603083,0.39,0.39,3666.32,1754363700.0,9.572681612983619,-0.007526276195442541,-0.40665300000000004,-0.3346063542496509,S2-analog
ethereum-above-3700-on-august-6,1754465400,780.0,2,0.171,750.0,0.17965384615384614,0.18,3700.0,1754496060,0,3667.93,3646.66,3644.685,0.20650439082425792,0.5815197956859343,0.014521139479689391,0,0.3548611111111111,ETH,2025-08-06 16:01:00+00:00,2025-08-06,2025Q3,2025,0.026850544670411786,0.18,0.18,3639.1,1754466300.0,15.849682546085607,0.005815790072161972,-0.190332,-0.2825104263984436,S2-analog
ethereum-above-3700-on-may-31,1716997500,3800.641024,12,0.63,3533.641024,0.627660588626279,0.6284290246798494,3700.0,1717171260,1,3752.12,3767.16,3761.84,0.6572396154677704,0.6429168295196179,-0.017988582275060228,0,2.011111111111111,ETH,2024-05-31 16:01:00+00:00,2024-05-31,2024Q2,2024,0.029579026841491385,0.6699999999999999,0.6699999999999999,3759.85,1716998400.0,7.854406016264232,-0.004000388350273412,0.31452300000000005,0.3459436743257809,S2-analog
ethereum-above-3700-on-may-31,1717093800,1035.197529,3,0.81,864.197529,0.8099991651858657,0.809999,3700.0,1717171260,1,3752.12,3807.21,3805.82,0.8471877826463204,0.5973606022345701,-0.028563817773362712,0,0.8965277777777778,ETH,2024-05-31 16:01:00+00:00,2024-05-31,2024Q2,2024,0.037188617460454765,0.86,0.86,3813.49,1717094700.0,8.581385854945195,-0.014575623848575955,0.13157200000000002,0.2566510523211716,S2-analog
ethereum-above-3700-on-october-7,1759779000,701.754382,3,0.943,701.754382,0.943,0.943,3700.0,1759852860,1,4512.0,4708.29,4710.86,0.9999999999985016,0.7118799933674795,-0.2409919651320403,0,0.8548611111111112,ETH,2025-10-07 16:01:00+00:00,2025-10-07,2025Q4,2025,0.056999999998501694,0.995,0.995,4686.37,1759786200.0,3.0947107526229587e-10,-0.042584270586461366,0.004651750000000004,0.004651750013178604,S2-analog
ethereum-above-3700-on-september-29,1758775500,2487.0,17,0.85,2487.0,0.840876558102131,0.840876558102131,3700.0,1759161660,1,4165.93,4039.28,4037.785,0.9080907641684514,0.7043516053250671,-0.08773363861841464,0,4.469444444444445,ETH,2025-09-29 16:01:00+00:00,2025-09-29,2025Q3,2025,0.06721420606632034,0.88,,4014.48,1758777300.0,2.836128312385716,0.030873081740589926,0.112608,0.025047978784914424,S2-analog
ethereum-above-3700-on-september-30,1758935700,10.0,1,0.9,10.0,0.9,0.9,3700.0,1759248060,1,4117.88,4022.59,4023.88,0.9321806154736397,0.6127315780640594,-0.083593154129357,0,3.615277777777778,ETH,2025-09-30 16:01:00+00:00,2025-09-30,2025Q3,2025,0.03218061547363971,0.9099999999999999,0.9099999999999999,4012.56,1758940200.0,2.6645391152348568,0.02341249404207562,0.08426700000000008,0.021883493839686553,S2-analog
ethereum-above-3800-on-july-28,1753432200,52.0,6,0.25,12.0,0.25,0.25,3800.0,1753718460,1,3808.78,3665.7,3661.07,0.28143904609408343,0.6990673695007557,0.035981753723890876,0,3.313194444444444,ETH,2025-07-28 16:01:00+00:00,2025-07-28,2025Q3,2025,0.031439046094083434,0.2632388000735756,0.2606448272879209,3645.5,1753433100.0,5.081402005083169,0.038289614878246656,0.7231851105317665,0.5286201847155816,S2-analog
ethereum-above-3800-on-july-28,1753596000,352.89,11,0.43,191.0,0.43991498767321263,0.4415183246073298,3800.0,1753718460,1,3808.78,3790.94,3791.165,0.46922972463425033,0.5173307295773376,0.0023870572819760963,0,1.417361111111111,ETH,2025-07-28 16:01:00+00:00,2025-07-28,2025Q3,2025,0.029314736961037702,0.44,,3778.49,1753596900.0,12.324878083943357,0.004694918436331894,0.542752,0.48488770265815145,S2-analog
ethereum-above-3800-on-july-28,1753686000,5268.264283,48,0.86,4069.494283,0.8780861735062457,0.8779403475768677,3800.0,1753718460,1,3808.78,3912.81,3913.0600000000004,0.9187677254941549,0.7715457903914187,-0.029254719221982275,0,0.3756944444444445,ETH,2025-07-28 16:01:00+00:00,2025-07-28,2025Q3,2025,0.040681551987909126,0.8324510651082193,0.8351981120959434,3883.97,1753686900.0,8.133750017588332,-0.026946858067626377,0.15778559464019196,0.3769646019216983,S2-analog
ethereum-above-3800-on-september-10,1757408400,220.03,2,0.976,220.03,0.9681861564332135,0.9681861564332135,3800.0,1757520060,1,4403.79,4359.68,4360.52,0.9997712449684333,0.655241747400856,-0.13739759343968236,0,1.292361111111111,ETH,2025-09-10 16:01:00+00:00,2025-09-10,2025Q3,2025,0.031585088535219796,0.998,0.998,4356.76,1757409300.0,0.022034549494472897,0.010066873627790959,0.0018602800000000017,0.0016384609747938379,S2-analog
ethereum-above-3800-on-september-16,1757956500,37.1245,3,0.995,37.1245,0.7305042222790881,0.7305042222790881,3800.0,1758038460,1,4469.12,4497.19,4504.0,0.9999543294164501,0.839947208036449,-0.16845169055285594,0,0.9486111111111111,ETH,2025-09-16 16:01:00+00:00,2025-09-16,2025Q3,2025,0.26945010713736206,0.9868965517241379,,4485.9,1757957400.0,0.00441799737654105,-0.006261236049717323,0.012198225921522001,0.012225888045963557,S2-analog
ethereum-above-3800-on-september-29,1758775500,606.0,3,0.77,606.0,0.7701980198019802,0.7701980198019802,3800.0,1759161660,1,4165.93,4039.28,4037.785,0.8348216900785657,0.6574683513637374,-0.06106539153625338,0,4.469444444444445,ETH,2025-09-29 16:01:00+00:00,2025-09-29,2025Q3,2025,0.06462367027658544,0.79,,4014.48,1758777300.0,3.9723532496154155,0.030873081740589926,0.19838699999999995,0.0757482134221252,S2-analog
ethereum-above-3800-on-september-30,1758900600,10.0,1,0.74,10.0,0.74,0.74,3800.0,1759248060,1,4117.88,3960.37,3963.3450000000003,0.7673509534171618,0.5976622982393263,-0.04133638851276697,0,4.021527777777778,ETH,2025-09-30 16:01:00+00:00,2025-09-30,2025Q3,2025,0.02735095341716176,0.7754347778615306,0.7754347778615306,3981.62,1758904200.0,5.222635681391529,0.0390010125765044,0.21237572431836355,0.008687644425911883,S2-analog
ethereum-above-3900-on-october-1,1758775500,3960.0,1,0.62,3960.0,0.62,0.62,3900.0,1759334460,1,4331.21,4039.28,4037.785,0.6793967952932072,0.6189986040791432,-0.03508990513299266,0,6.469444444444444,ETH,2025-10-01 16:01:00+00:00,2025-10-01,2025Q4,2025,0.05939679529320718,0.7,0.7,4029.11,1758779100.0,4.495876241726945,0.06978049043560276,0.28530000000000005,-0.028424449085480752,S2-analog
ethereum-above-3900-on-september-16,1757963700,30.303029,1,0.967,30.303029,0.967,0.967,3900.0,1758038460,1,4469.12,4497.86,4494.58,0.9999994510439486,0.5993080662428065,-0.14262517497271227,0,0.8652777777777777,ETH,2025-09-16 16:01:00+00:00,2025-09-16,2025Q3,2025,0.032999451043948635,0.967,0.967,4486.67,1757964600.0,9.526790092361178e-05,-0.006410206872834318,0.030766230000000026,0.030766840686953286,S2-analog
ethereum-above-3900-on-september-29,1758683700,10.0,1,0.79,10.0,0.79,0.79,3900.0,1759161660,1,4165.93,4163.9,4165.88,0.8206582832009188,0.6503232967045958,-0.0654755819589113,0,5.531944444444445,ETH,2025-09-29 16:01:00+00:00,2025-09-29,2025Q3,2025,0.03065828320091879,0.83,0.83,4150.89,1758690900.0,3.682338943253968,0.00048740491467129165,0.16012300000000004,0.15832820990157256,S2-analog
ethereum-above-3900-on-september-29,1758770100,10.0,1,0.73,10.0,0.73,0.73,3900.0,1759161660,1,4165.93,4088.99,4089.24,0.7783843836398904,0.6055127328889524,-0.04732144265819614,0,4.531944444444444,ETH,2025-09-29 16:01:00+00:00,2025-09-29,2025Q3,2025,0.048384383639890394,0.6628793794416311,0.6628793794416311,4039.28,1758775500.0,4.731562459441912,0.018641544215386403,0.32147769901567924,0.23327406822013041,S2-analog
ethereum-above-3900-on-september-29,1758888000,15.094338,1,0.47,15.094338,0.47,0.47,3900.0,1759161660,1,4165.93,3906.0,3906.71,0.528146111377,0.5300731863362936,-0.001537279318886478,0,3.1673611111111115,ETH,2025-09-29 16:01:00+00:00,2025-09-29,2025Q3,2025,0.05814611137699999,0.5968421052631578,,3903.33,1758889800.0,8.07909764064508,0.0644257075546963,0.3863143822714682,-0.13418719963056858,S2-analog
ethereum-above-3900-on-september-30,1758900600,10.0,1,0.59,10.0,0.59,0.59,3900.0,1759248060,1,4117.88,3960.37,3963.3450000000003,0.6150672033689556,0.5754990924957544,-0.015360902109506356,0,4.021527777777778,ETH,2025-09-30 16:01:00+00:00,2025-09-30,2025Q3,2025,0.025067203368955626,0.63,0.63,3981.62,1758904200.0,6.440398279244618,0.0390010125765044,0.35368299999999997,0.10250094571348334,S2-analog
ethereum-above-3900-on-september-8,1757082600,8312.857141,4,0.93,8312.857141,0.9333081285451625,0.9333081285451625,3900.0,1757347260,1,4370.22,4322.82,4318.75,0.9597628674076331,0.6605512569379354,-0.10293141393145729,0,3.0631944444444446,ETH,2025-09-08 16:01:00+00:00,2025-09-08,2025Q3,2025,0.026454738862470517,0.959999,0.959999,4286.71,1757085300.0,1.6327961963074187,0.01090538402268999,0.03731293560006996,0.019506666048550045,S2-analog
ethereum-above-4000-on-august-11,1754661600,1495.206063,7,0.43,1495.206063,0.41944778053645443,0.41944778053645443,4000.0,1754928060,1,4335.78,3999.76,3999.25,0.4734633081358874,0.5173200462376559,6.000180007206448e-05,0,3.0840277777777776,ETH,2025-08-11 16:01:00+00:00,2025-08-11,2025Q3,2025,0.054015527599432955,0.4028,0.4028,3966.5,1754662500.0,8.386908791979947,0.08066716552293002,0.5803613487999999,-0.09618681094836345,S2-analog
ethereum-above-4000-on-august-11,1754811000,5348.65,7,0.868,27.0,0.8686774045787256,0.868,4000.0,1754928060,1,4335.78,4210.76,4213.82,0.8968973410180893,0.7396189258630459,-0.05134879284748248,0,1.3548611111111113,ETH,2025-08-11 16:01:00+00:00,2025-08-11,2025Q3,2025,0.028219936439363713,0.8470905712729645,0.8542922669802999,4176.69,1754811900.0,4.744331658767666,0.02925837087537543,0.14384245925369699,0.005031044025687492,S2-analog
ethereum-above-4000-on-august-20,1755574200,31.967209999999998,2,0.878001,31.967209999999998,0.878001,0.878001,4000.0,1755705660,1,4264.53,4255.85,4257.64,0.9183547912428253,0.7400656002070525,-0.06200014593745354,0,1.5215277777777778,ETH,2025-08-20 16:01:00+00:00,2025-08-20,2025Q3,2025,0.04035379124282523,0.84467281,0.84467281,4218.66,1755576000.0,3.7100556486804503,0.0020374685173095153,0.1461431442167307,0.13858402263507794,S2-analog
ethereum-above-4000-on-august-22,1755689400,10.0,2,0.79,5.0,0.795,0.8,4000.0,1755878460,1,4628.91,4199.15,4198.26,0.8377761229174812,0.7033763883345501,-0.04858776273526271,0,2.1881944444444446,ETH,2025-08-22 16:01:00+00:00,2025-08-22,2025Q3,2025,0.04277612291748112,0.775,0.775,4163.63,1755690300.0,5.0393826275879166,0.09743929536076995,0.21279374999999998,-0.278240142285472,S2-analog
ethereum-above-4000-on-august-27,1756150200,4449.444443,2,0.968,4449.444443,0.9550146085653687,0.9550146085653687,4000.0,1756310460,1,4651.18,4524.16,4518.47,0.9837321807898909,0.7974156792079617,-0.12313756344050693,0,1.854861111111111,ETH,2025-08-27 16:01:00+00:00,2025-08-27,2025Q3,2025,0.028717572224522203,0.9490686599191983,0.9490686599191983,4467.45,1756151100.0,0.7142373209546924,0.02768902628723177,0.04754772637331541,0.027771190418078937,S2-analog
ethereum-above-4000-on-october-1,1759273200,10.0,1,0.893,10.0,0.893,0.893,4000.0,1759334460,1,4331.21,4140.43,4141.51,0.9404710584507211,0.5435085358756017,-0.03450528605806399,0,0.7090277777777778,ETH,2025-10-01 16:01:00+00:00,2025-10-01,2025Q4,2025,0.04747105845072108,0.943,0.943,4145.15,1759276800.0,6.003861126650186,0.04504730152624165,0.053237430000000044,-0.21722031249389184,S2-analog
ethereum-above-4000-on-september-16,1757964600,14.492752,1,0.931,14.492752,0.931,0.931,4000.0,1758038460,1,4469.12,4486.67,4482.57,0.9999921873805581,0.54754597012491,-0.11481641737035604,0,0.8548611111111112,ETH,2025-09-16 16:01:00+00:00,2025-09-16,2025Q3,2025,0.06899218738055801,0.999,0.999,4503.85,1757968200.0,0.0013359532547858176,-0.003919257254767889,0.0009300700000000008,0.000935305944485851,S2-analog
ethereum-above-4000-on-september-22,1758517200,10.01,1,0.82,0.0,0.82,,4000.0,1758556860,1,4167.22,4290.45,4292.22,0.9919289615887024,0.8807118939966719,-0.07009726142382325,0,0.45902777777777776,ETH,2025-09-22 16:01:00+00:00,2025-09-22,2025Q3,2025,0.1719289615887024,0.82,0.82,4219.39,1758520800.0,1.0657610773328687,-0.02914247572070746,0.16966800000000004,0.2007269163202482,S2-analog
ethereum-above-4000-on-september-24,1758686400,3966.84,17,0.852,3966.84,0.8624898508636598,0.8624898508636598,4000.0,1758729660,1,4163.97,4147.51,4145.85,0.952277400198721,0.6156593907104053,-0.03621379305068396,0,0.5006944444444444,ETH,2025-09-24 16:01:00+00:00,2025-09-24,2025Q3,2025,0.08978754933506117,0.9033333333333334,0.88,4100.1,1758687300.0,5.0473888713737365,0.003960791945243595,0.09055411111111102,0.07056245392486177,S2-analog
ethereum-above-4000-on-september-26,1758721500,312.333332,3,0.81,312.333332,0.8102027747714101,0.8102027747714101,4000.0,1758902460,0,3943.2,4173.59,4175.07,0.8399620034775536,0.6416890491612648,-0.04248221559025063,0,2.0944444444444446,ETH,2025-09-26 16:01:00+00:00,2025-09-26,2025Q3,2025,0.029759228706143448,0.83,,4168.3,1758723300.0,5.720492393050336,-0.05678400030111024,-0.839877,-0.5150445582305309,S2-analog
ethereum-above-4000-on-september-26,1758817800,1000.0,2,0.35,1000.0,0.35,0.35,4000.0,1758902460,0,3943.2,3966.8,3968.78,0.43429357746190694,0.7572939803090939,0.00833463679005747,0,0.9798611111111112,ETH,2025-09-26 16:01:00+00:00,2025-09-26,2025Q3,2025,0.08429357746190697,0.3127744807121662,0.3127069905800694,3951.92,1758818700.0,9.897341280328884,-0.0059671479208020465,-0.32782074305708425,-0.26876184361470146,S2-analog
ethereum-above-4000-on-september-27,1758775500,6.0,1,0.54,6.0,0.54,0.54,4000.0,1758988860,1,4017.63,4039.28,4037.785,0.5971743186072531,0.6401953955315052,-0.009772097148702844,0,2.4694444444444446,ETH,2025-09-27 16:01:00+00:00,2025-09-27,2025Q3,2025,0.05717431860725308,0.58,0.58,4033.79,1758778200.0,7.480619279945303,-0.005374281730725015,0.40294800000000003,0.44315095553071937,S2-analog
ethereum-above-4000-on-september-27,1758906000,18.0,3,0.42,18.0,0.4311111111111111,0.4311111111111111,4000.0,1758988860,1,4017.63,3990.81,3993.175,0.47505991431471606,0.5421613234924497,0.0023001433025595505,0,0.9590277777777778,ETH,2025-09-27 16:01:00+00:00,2025-09-27,2025Q3,2025,0.04394880320360495,0.5699748585988564,0.5699748585988564,3997.29,1758906900.0,14.288394595472049,0.006697958720537316,0.41286789505965865,0.31716481787643835,S2-analog
ethereum-above-4000-on-september-28,1758869100,13.63,1,0.34,0.0,0.34,,4000.0,1759075260,1,4022.79,3944.04,3939.86,0.3778736076442709,0.5955429007282068,0.014088782443101664,0,2.386111111111111,ETH,2025-09-28 16:01:00+00:00,2025-09-28,2025Q3,2025,0.03787360764427089,0.33000000000000007,0.33000000000000007,3930.78,1758871800.0,7.8799414993378765,0.019770113077544876,0.654523,0.49873566551365167,S2-analog
ethereum-above-4000-on-september-28,1758963600,50.0,1,0.4,50.0,0.4,0.4,4000.0,1759075260,1,4022.79,3985.87,3986.795,0.4396000475150179,0.4043530206548233,0.0035387540106638555,0,1.292361111111111,ETH,2025-09-28 16:01:00+00:00,2025-09-28,2025Q3,2025,0.03960004751501789,0.45,0.45,3989.56,1758966300.0,16.372189725537464,0.009220084645107186,0.532675,0.3817220249047904,S2-analog
ethereum-above-4000-on-september-29,1758775500,200.734691,4,0.49,200.734691,0.5086051240141645,0.5086051240141645,4000.0,1759161660,1,4165.93,4039.28,4037.785,0.570679586765916,0.6018467063270397,-0.009772097148702844,0,4.469444444444445,ETH,2025-09-29 16:01:00+00:00,2025-09-29,2025Q3,2025,0.06207446275175155,0.5526774163532278,0.5546712803128918,4033.79,1758778200.0,5.9518210985213,0.030873081740589926,0.4300168273603278,0.24626576808031198,S2-analog
ethereum-above-4000-on-september-29,1759086000,72.08306999999999,4,0.62,45.27307,0.6214918347678589,0.6223752758538355,4000.0,1759161660,1,4165.93,4042.24,4043.2,0.6837054687558364,0.5249417480606974,-0.010504632645085407,0,0.8756944444444444,ETH,2025-09-29 16:01:00+00:00,2025-09-29,2025Q3,2025,0.062213633987977524,0.69,0.69,4034.63,1759086900.0,14.347307891931363,0.030140546244207353,0.29502700000000004,-0.13740869699663832,S2-analog
ethereum-above-4000-on-september-8,1757082600,13903.105007,6,0.891,10903.105007,0.8733135030800534,0.8684470461647275,4000.0,1757347260,1,4370.22,4322.82,4318.75,0.9240414856244129,0.631853942292323,-0.07761360594716742,0,3.0631944444444446,ETH,2025-09-08 16:01:00+00:00,2025-09-08,2025Q3,2025,0.05072798254435951,0.865,0.865,4283.39,1757088000.0,2.914872716058863,0.01090538402268999,0.12682575000000001,0.09503794365411672,S2-analog
ethereum-above-4100-on-august-25,1755697500,8.26,1,0.56,8.26,0.56,0.56,4100.0,1756137660,1,4606.78,4177.99,4178.12,0.6065048107778781,0.6776755712372221,-0.018843295931539487,0,5.094444444444445,ETH,2025-08-25 16:01:00+00:00,2025-08-25,2025Q3,2025,0.04650481077787805,0.59,,4159.69,1755700200.0,4.888789116259498,0.09769886175303687,0.39306700000000006,-0.08456213200918794,S2-analog
ethereum-above-4100-on-august-25,1755786600,10.19,1,0.76,10.19,0.76,0.76,4100.0,1756137660,1,4606.78,4316.12,4312.3,0.7896790604489078,0.6568982115433447,-0.05136987682089474,0,4.063194444444444,ETH,2025-08-25 16:01:00+00:00,2025-08-25,2025Q3,2025,0.02967906044890778,0.7495478295801762,0.7495478295801762,4273.85,1755788400.0,4.484661310407431,0.0651722808636815,0.23731135876719617,-0.054964247733162885,S2-analog
ethereum-above-4100-on-october-1,1758821400,2624.36,1,0.21,0.0,0.21,,4100.0,1759334460,1,4331.21,3900.73,3904.66,0.2503326771363022,0.6364614434318033,0.04982325860337634,0,5.938194444444445,ETH,2025-10-01 16:01:00+00:00,2025-10-01,2025Q4,2025,0.0403326771363022,0.25,0.25,3890.01,1758825900.0,3.9672362682659417,0.10468323359731051,0.736875,0.32157187899339396,S2-analog
ethereum-above-4100-on-october-1,1759186800,10.0,1,0.76,10.0,0.76,0.76,4100.0,1759334460,1,4331.21,4226.06,4227.62,0.7923520570107372,0.5658076825181171,-0.0302831432058153,0,1.7090277777777778,ETH,2025-10-01 16:01:00+00:00,2025-10-01,2025Q4,2025,0.03235205701073718,0.75,0.75,4212.18,1759191300.0,7.70295575651207,0.02457683178811892,0.236875,0.04756075210088054,S2-analog
ethereum-above-4100-on-october-1,1759273200,7010.0,8,0.61,5005.0,0.6314122681883024,0.63999000999001,4100.0,1759334460,1,4331.21,4140.43,4141.51,0.6799554959952125,0.4929014120006294,-0.009812673467692459,0,0.7090277777777778,ETH,2025-10-01 16:01:00+00:00,2025-10-01,2025Q4,2025,0.048543227806910116,0.64,,4128.45,1759274100.0,16.66350814821441,0.04504730152624165,0.34387199999999996,-0.4067740760375993,S2-analog
ethereum-above-4100-on-october-10,1760027400,217.666665,3,0.91,217.666665,0.9100000000000001,0.9100000000000001,4100.0,1760112060,0,4095.32,4308.14,4308.42,0.9403737306055702,0.6813627754173812,-0.04951928273457932,0,0.9798611111111112,ETH,2025-10-10 16:01:00+00:00,2025-10-10,2025Q4,2025,0.030373730605570026,0.9265272007912958,0.9265272007912958,4277.34,1760029200.0,4.330505129293537,-0.05066139811475392,-0.9312924190802557,-0.7119029746871319,S2-analog
ethereum-above-4100-on-october-2,1759273200,500.0,1,0.57,500.0,0.57,0.57,4100.0,1759420860,1,4433.45,4140.43,4141.51,0.6068213685232989,0.5258683520217652,-0.009812673467692459,0,1.7090277777777778,ETH,2025-10-02 16:01:00+00:00,2025-10-02,2025Q4,2025,0.03682136852329898,0.6133333333333333,0.6133333333333333,4145.84,1759277700.0,10.732908026987674,0.06837841482486318,0.3700657777777778,-0.3638334595686892,S2-analog
ethereum-above-4100-on-october-3,1759364100,10.0,1,0.93,10.0,0.93,0.93,4100.0,1759507260,1,4545.69,4379.01,4380.105,0.9550534188899865,0.6329637351204024,-0.06583569773279042,0,1.6569444444444443,ETH,2025-10-03 16:01:00+00:00,2025-10-03,2025Q4,2025,0.025053418889986467,0.93,0.93,4346.91,1759367700.0,2.9358105297126817,0.03735685984514918,0.06544299999999996,-0.04422966249038986,S2-analog
ethereum-above-4100-on-september-10,1757434500,3390.176314,3,0.934,3390.176314,0.9262575227041717,0.9262575227041717,4100.0,1757520060,1,4403.79,4294.42,4292.07,0.9522930573792511,0.5798165321957132,-0.046329531862081746,0,0.9902777777777777,ETH,2025-09-10 16:01:00+00:00,2025-09-10,2025Q3,2025,0.026035534675079353,0.929,0.929,4282.59,1757436300.0,4.167672978646691,0.025149028227469488,0.06638286999999995,-0.03843005538284752,S2-analog
ethereum-above-4100-on-september-12,1757593800,80.0,1,0.96,80.0,0.96,0.96,4100.0,1757692860,1,4543.17,4473.0,4426.88,0.9875647040752876,0.6866215025812137,-0.08707235074044903,0,1.1465277777777778,ETH,2025-09-12 16:01:00+00:00,2025-09-12,2025Q3,2025,0.02756470407528766,0.994,,4400.46,1757598300.0,0.8370898187206004,0.015565681833348425,0.005582520000000005,-0.007447353784140171,S2-analog
ethereum-above-4100-on-september-17,1758083400,69.444443,1,0.928,69.444443,0.9280000000000002,0.9280000000000002,4100.0,1758124860,1,4487.01,4487.87,4487.47,0.999735840618616,0.7404455260949457,-0.09039122795869921,0,0.4798611111111111,ETH,2025-09-17 16:01:00+00:00,2025-09-17,2025Q3,2025,0.07173584061861582,0.999,0.999,4515.0,1758089700.0,0.05371619963018571,-0.00019164601702347742,0.0009300700000000008,0.0009403644957087639,S2-analog
ethereum-above-4100-on-september-24,1758553200,10.0,1,0.681,10.0,0.681,0.681,4100.0,1758729660,1,4163.97,4190.01,4193.27,0.7097141969497158,0.6416340699451425,-0.021716146855781198,0,2.042361111111111,ETH,2025-09-24 16:01:00+00:00,2025-09-24,2025Q3,2025,0.028714196949715776,0.671,0.671,4167.88,1758556800.0,7.582980193087837,-0.006234174450225086,0.31354687,0.36082049137631106,S2-analog
ethereum-above-4100-on-september-24,1758643200,10.0,2,0.722,10.0,0.736,0.736,4100.0,1758729660,1,4163.97,4181.01,4184.25,0.7792320167012698,0.5572051394556806,-0.019565870433608877,0,1.0006944444444446,ETH,2025-09-24 16:01:00+00:00,2025-09-24,2025Q3,2025,0.04323201670126986,0.803,0.803,4174.73,1758644100.0,11.02640041262247,-0.004083898028052855,0.18592662999999995,0.23095732490163004,S2-analog
ethereum-above-4100-on-september-25,1758686400,10.0,2,0.53,10.0,0.535,0.535,4100.0,1758816060,0,4002.56,4147.51,4145.85,0.6474517682857126,0.588183027494316,-0.01152118046031248,0,1.5006944444444446,ETH,2025-09-25 16:01:00+00:00,2025-09-25,2025Q3,2025,0.11245176828571257,0.5549999999999999,0.5549999999999999,4100.1,1758687300.0,10.152161244370623,-0.035573997763344536,-0.5722882499999999,-0.2111352885996463,S2-analog
ethereum-above-4100-on-september-25,1758773700,27.468615,6,0.25,14.848615,0.27791989548799606,0.27951930937666575,4100.0,1758816060,0,4002.56,4048.41,4046.07,0.30729287141884726,0.6990005535393551,0.012662762269054618,0,0.4902777777777778,ETH,2025-09-25 16:01:00+00:00,2025-09-25,2025Q3,2025,0.029372975930851197,0.24366581106720653,0.25195334016681686,4035.34,1758774600.0,13.693672629997561,-0.011390055033977399,-0.2565663059180982,-0.10059462104515596,S2-analog
ethereum-above-4100-on-september-26,1758720600,6.0,1,0.65,6.0,0.65,0.65,4100.0,1758902460,0,3943.2,4175.24,4173.83,0.67913519190998,0.6019938353444791,-0.018184867970295764,0,2.104861111111111,ETH,2025-09-26 16:01:00+00:00,2025-09-26,2025Q3,2025,0.02913519190997993,0.66,0.66,4173.59,1758721500.0,8.134437692486994,-0.057179265271526905,-0.675708,-0.21058682934657896,S2-analog
ethereum-above-4100-on-september-26,1758809700,105.09,3,0.25,105.0,0.25048434675040443,0.25047619047619046,4100.0,1758902460,0,3943.2,4001.14,4005.16,0.2776053991696127,0.7857641914401293,0.02440765319515673,0,1.073611111111111,ETH,2025-09-26 16:01:00+00:00,2025-09-26,2025Q3,2025,0.027121052419208258,0.29,,4014.17,1758812400.0,7.847138735935251,-0.0145867441060744,-0.304413,-0.18994879529404834,S2-analog
ethereum-above-4100-on-september-27,1758775500,3132.0,3,0.32,3132.0,0.2900766283524904,0.2900766283524904,4100.0,1758988860,0,4017.63,4039.28,4037.785,0.3840813613901655,0.6199509196829667,0.01492051544166871,0,2.4694444444444446,ETH,2025-09-27 16:01:00+00:00,2025-09-27,2025Q3,2025,0.09400473303767515,0.36000000000000004,0.36000000000000004,4014.48,1758777300.0,7.4375093761593005,-0.005374281730725015,-0.376128,-0.3361567292376111,S2-analog
ethereum-above-4100-on-september-27,1758904200,30.0,2,0.11,30.0,0.11000000000000001,0.11000000000000001,4100.0,1758988860,0,4017.63,3981.62,3984.78,0.13754284252791046,0.5332720826922509,0.029298202054381575,0,0.9798611111111112,ETH,2025-09-27 16:01:00+00:00,2025-09-27,2025Q3,2025,0.02754284252791045,0.14285714285714285,0.14285714285714285,3982.09,1758905100.0,8.108979491828013,0.009003404881987904,-0.1514285714285714,-0.22443699697323555,S2-analog
ethereum-above-4100-on-september-28,1758802500,3126.0,2,0.24,3126.0,0.24003838771593086,0.24003838771593086,4100.0,1759075260,0,4022.79,4011.12,4009.99,0.34180990349390855,0.5862599892775205,0.02191646964361993,0,3.156944444444444,ETH,2025-09-28 16:01:00+00:00,2025-09-28,2025Q3,2025,0.10177151577797769,0.32,0.32,4001.14,1758809700.0,6.673070622974948,0.002905187687691682,-0.33523200000000003,-0.3546185226129639,S2-analog
ethereum-above-4100-on-september-28,1759023900,118.55,2,0.03,118.55,0.03,0.03,4100.0,1759075260,0,4022.79,3997.45,3999.055,0.05783573069574079,0.4018981246578312,0.025330315879899142,0,0.5944444444444444,ETH,2025-09-28 16:01:00+00:00,2025-09-28,2025Q3,2025,0.027835730695740794,0.04,0.04,4001.22,1759028400.0,7.1733966984942485,0.006319033923971125,-0.042688000000000004,-0.08801693708788763,S2-analog
ethereum-above-4100-on-september-29,1758775500,14.0,2,0.31,14.0,0.315,0.315,4100.0,1759161660,1,4165.93,4039.28,4037.785,0.4051513050205062,0.590360758367956,0.01492051544166871,0,4.469444444444445,ETH,2025-09-29 16:01:00+00:00,2025-09-29,2025Q3,2025,0.09015130502050622,0.37,0.37,4033.79,1758778200.0,5.902191779750379,0.030873081740589926,0.613683,0.43146415073512856,S2-analog
ethereum-above-4100-on-september-29,1759105800,40.0,1,0.61,0.0,0.61,,4100.0,1759161660,1,4165.93,4139.33,4138.06,0.6700863745508402,0.5672711918514067,-0.00954696528135081,0,0.6465277777777778,ETH,2025-09-29 16:01:00+00:00,2025-09-29,2025Q3,2025,0.060086374550840205,0.64,0.64,4127.33,1759107600.0,15.498582144970285,0.0064056010175706024,0.34387199999999996,0.24459426644127674,S2-analog
ethereum-above-4100-on-september-3,1756542600,9.69,1,0.83,0.0,0.8300000000000001,,4100.0,1756915260,1,4482.54,4394.55,4393.9,0.8590004625385859,0.6435091238054909,-0.06937816310626041,0,4.313194444444445,ETH,2025-09-03 16:01:00+00:00,2025-09-03,2025Q3,2025,0.02900046253858579,0.84,,4395.05,1756543500.0,3.6083630200439782,0.019824713232558935,0.15059200000000003,0.07905723788865786,S2-analog
ethereum-above-4100-on-september-3,1756746000,3621.075267,3,0.88,3621.075267,0.8882996789789548,0.8882996789789548,4100.0,1756915260,1,4482.54,4355.22,4351.68,0.9143108007760922,0.6513429296883788,-0.06038815196581286,0,1.9590277777777776,ETH,2025-09-03 16:01:00+00:00,2025-09-03,2025Q3,2025,0.026011121797137382,0.91,0.91,4323.16,1756749600.0,3.8676500623805397,0.028814724373006643,0.08426699999999997,-0.027178270518737238,S2-analog
ethereum-above-4100-on-september-30,1759130100,1009.3736979999999,10,0.5,1009.3736979999999,0.4608785646007591,0.4608785646007591,4100.0,1759248060,1,4117.88,4098.47,4100.0,0.501752381549837,0.5657474256899734,0.00037324037723190066,0,1.3652777777777778,ETH,2025-09-30 16:01:00+00:00,2025-09-30,2025Q3,2025,0.040873816949077935,0.51,0.51,4094.5,1759131000.0,11.525296114225204,0.004724734488580995,0.472507,0.4180530359580117,S2-analog
ethereum-above-4100-on-september-5,1756897200,46.0,2,0.87,46.0,0.8700000000000001,0.8700000000000001,4100.0,1757088060,1,4278.13,4371.72,4369.06,0.8950905718725398,0.6987460321679756,-0.06416955063730313,0,2.209027777777778,ETH,2025-09-05 16:01:00+00:00,2025-09-05,2025Q3,2025,0.025090571872539713,0.8700000000000001,0.8700000000000001,4377.46,1756898100.0,3.7740957489707223,-0.02164052611726747,0.1220829999999999,0.20375641762466895,S2-analog
ethereum-above-4100-on-september-5,1757043000,2580.39,2,0.935,0.0,0.9341072899832973,,4100.0,1757088060,1,4278.13,4301.55,4301.96,0.9654964494925309,0.7125383749086921,-0.04798844915359182,0,0.5215277777777777,ETH,2025-09-05 16:01:00+00:00,2025-09-05,2025Q3,2025,0.0313891595092336,0.9793743861918796,0.9793743861918796,4317.63,1757045700.0,3.1021410381784107,-0.005459424633556335,0.019211599957699336,0.036147505158296574,S2-analog
ethereum-above-4100-on-september-8,1757082600,14445.813242,18,0.8,11316.953242,0.7956250818481958,0.7889284290664919,4100.0,1757347260,1,4370.22,4322.82,4318.75,0.8459890084198435,0.6038011390224741,-0.05292099335679593,0,3.0631944444444446,ETH,2025-09-08 16:01:00+00:00,2025-09-08,2025Q3,2025,0.05036392657164768,0.7898733247194143,0.79,4291.49,1757083500.0,4.684200343574322,0.01090538402268999,0.1985085333874578,0.14742552980156343,S2-analog
ethereum-above-4100-on-september-8,1757174400,3000.0,3,0.83,3000.0,0.835,0.835,4100.0,1757347260,1,4370.22,4270.24,4269.45,0.8782463394341935,0.5090865511343701,-0.04068305803976095,0,2.000694444444444,ETH,2025-09-08 16:01:00+00:00,2025-09-08,2025Q3,2025,0.04324633943419354,0.8314285714285714,0.8314285714285714,4270.8,1757175300.0,6.03166916107652,0.023143319339724883,0.15876057142857145,0.019167725882207054,S2-analog
ethereum-above-4200-on-august-11,1754744400,500.0,1,0.45,500.0,0.45,0.45,4200.0,1754928060,1,4335.78,4196.24,4196.344999999999,0.47648125727447277,0.5996455657555186,0.0008956390601856251,0,2.1256944444444446,ETH,2025-08-11 16:01:00+00:00,2025-08-11,2025Q3,2025,0.026481257274472758,0.4600000000000001,0.4600000000000001,4191.83,1754746200.0,8.710039097370002,0.03271263861361184,0.522612,0.23768363869730524,S2-analog
ethereum-above-4200-on-august-11,1754849700,14.51,1,0.54,0.0,0.54,,4200.0,1754928060,1,4335.78,4229.6,4230.705,0.5802078107733293,0.6412169189740273,-0.007022900649780899,0,0.9069444444444446,ETH,2025-08-11 16:01:00+00:00,2025-08-11,2025Q3,2025,0.040207810773329244,0.641552227224117,0.641552227224117,4235.67,1754852400.0,12.2249650923692,0.024794098903645274,0.3423503650881306,0.03924337149431767,S2-analog
ethereum-above-4200-on-august-15,1755187200,68.297871,2,0.974,68.297871,0.956074766415486,0.956074766415486,4200.0,1755273660,1,4426.51,4618.87,4617.61,0.9816767504324557,0.9394756457584004,-0.09506556114303072,0,1.0006944444444446,ETH,2025-08-15 16:01:00+00:00,2025-08-15,2025Q3,2025,0.02560198401696967,0.95,0.95,4542.17,1755188100.0,1.3138073395984857,-0.04253862324473659,0.04667500000000004,0.10256255543534973,S2-analog
ethereum-above-4200-on-august-18,1755174600,428.0,1,0.85,428.0,0.85,0.85,4200.0,1755532860,1,4343.01,4714.13,4690.33,0.9366106333893041,0.7041309609854951,-0.11547985627330164,0,4.146527777777777,ETH,2025-08-18 16:01:00+00:00,2025-08-18,2025Q3,2025,0.08661063338930408,0.8298696049076487,0.8298696049076487,4567.33,1755176400.0,1.7226885344029068,-0.08199672545675325,0.16024737202928627,0.3015021908322181,S2-analog
ethereum-above-4200-on-august-18,1755269100,9.97,1,0.89,9.97,0.89,0.89,4200.0,1755532860,1,4343.01,4528.55,4526.885,0.9224940844578574,0.6294065580704421,-0.07531727466620504,0,3.0527777777777776,ETH,2025-08-18 16:01:00+00:00,2025-08-18,2025Q3,2025,0.0324940844578574,0.79,0.79,4390.13,1755274500.0,3.0561805991256032,-0.041834143849656676,0.19838699999999995,0.32623969881435033,S2-analog
ethereum-above-4200-on-august-18,1755356400,24.13793,1,0.87,24.13793,0.87,0.87,4200.0,1755532860,1,4343.01,4413.48,4417.74,0.8959904124149864,0.5811087271787237,-0.04957896862763692,0,2.042361111111111,ETH,2025-08-18 16:01:00+00:00,2025-08-18,2025Q3,2025,0.025990412414986452,0.870097821417333,0.870097821417333,4411.31,1755360900.0,4.908079176175474,-0.016095837811088663,0.12199024640191689,0.20098989278561896,S2-analog
ethereum-above-4200-on-august-18,1755482400,25762.404815,27,0.901,15752.404815,0.8998086614023264,0.902227638129042,4200.0,1755532860,1,4343.01,4396.36,4397.57,0.9417700932042474,0.7440871650814166,-0.04569240052869711,0,0.5840277777777778,ETH,2025-08-18 16:01:00+00:00,2025-08-18,2025Q3,2025,0.04196143180192102,0.9095155982967191,0.9095155982967191,4376.47,1755483300.0,4.220310038554065,-0.012209269712148845,0.08472361347066326,0.13625051700025914,S2-analog
ethereum-above-4200-on-august-20-951,1755562500,620.0,3,0.68,620.0,0.6735483870967742,0.6735483870967742,4200.0,1755705660,1,4264.53,4318.92,4316.775,0.7486365795650917,0.6672327733591813,-0.02792084571148699,0,1.6569444444444443,ETH,2025-08-20 16:01:00+00:00,2025-08-20,2025Q3,2025,0.07508819246831744,0.6549549549549549,0.6549549549549549,4286.37,1755563400.0,7.418522489190956,-0.012673395426156147,0.3292258177096015,0.4232436866929507,S2-analog
ethereum-above-4200-on-august-20-951,1755653400,70.0,6,0.12,70.0,0.11714285714285713,0.11714285714285713,4200.0,1755705660,1,4264.53,4093.0,4092.87,0.1639011208839161,0.6869140624720619,0.025806327779056698,0,0.6048611111111111,ETH,2025-08-20 16:01:00+00:00,2025-08-20,2025Q3,2025,0.04675826374105896,0.20820754716981132,0.20820754716981132,4075.93,1755654300.0,9.198913122022837,0.041053778064387585,0.7802524513171948,0.40260231357208653,S2-analog
ethereum-above-4200-on-august-22-586,1755738900,7505.0,2,0.71,7505.0,0.7100066622251833,0.7100066622251833,4200.0,1755878460,1,4628.91,4312.85,4312.41,0.7355953204939787,0.6735926205740989,-0.026514413195197876,0,1.6152777777777778,ETH,2025-08-22 16:01:00+00:00,2025-08-22,2025Q3,2025,0.025588658268795417,0.7555555555555555,0.7555555555555555,4319.19,1755740700.0,7.57106250990963,0.07072248073140261,0.23151604938271605,-0.3039282730906123,S2-analog
ethereum-above-4200-on-august-22-586,1755829800,3755.5699999999997,4,0.79,1918.82,0.793667272877353,0.7939086521924933,4200.0,1755878460,1,4628.91,4308.67,4304.88,0.819241134255145,0.7724496813279486,-0.025544746517507197,0,0.5631944444444444,ETH,2025-08-22 16:01:00+00:00,2025-08-22,2025Q3,2025,0.02557386137779205,0.7799999999999999,0.7799999999999999,4298.14,1755830700.0,9.34220738461854,0.07169214740909335,0.2079880000000001,-0.46177490894439277,S2-analog
ethereum-above-4200-on-august-25,1755697500,750.0,1,0.45,0.0,0.45,,4200.0,1756137660,1,4606.78,4177.99,4178.12,0.4785760190009084,0.6638202166265338,0.005254255647521036,0,5.094444444444445,ETH,2025-08-25 16:01:00+00:00,2025-08-25,2025Q3,2025,0.028576019000908393,0.52,0.52,4159.69,1755700200.0,5.058340639160762,0.09769886175303687,0.462528,-0.03166612280513542,S2-analog
ethereum-above-4200-on-august-25,1755810900,10.0,2,0.55,0.0,0.55,,4200.0,1756137660,1,4606.78,4242.04,4239.360000000001,0.5762503028275147,0.6581348140060234,-0.009959760323090473,0,3.781944444444444,ETH,2025-08-25 16:01:00+00:00,2025-08-25,2025Q3,2025,0.026250302827514616,0.57,,4244.91,1755811800.0,5.915665534735951,0.08248484578242536,0.41284300000000007,-0.07510975933310371,S2-analog
ethereum-above-4200-on-august-27,1755864000,750.0,1,0.57,750.0,0.57,0.57,4200.0,1756310460,1,4651.18,4274.56,4275.26,0.595597472392154,0.6948514721770898,-0.017596647825756852,0,5.167361111111111,ETH,2025-08-27 16:01:00+00:00,2025-08-27,2025Q3,2025,0.02559747239215404,0.54,0.54,4229.92,1755865800.0,4.754920877522253,0.08443977773254986,0.44261199999999995,0.04110753796615996,S2-analog
ethereum-above-4200-on-august-27,1756150200,3779.618535,18,0.848,3767.618535,0.8671762309864955,0.8671162766078705,4200.0,1756310460,1,4651.18,4524.16,4518.47,0.9172551038933625,0.7830889239436523,-0.07434739927107496,0,1.854861111111111,ETH,2025-08-27 16:01:00+00:00,2025-08-27,2025Q3,2025,0.05007887290686697,0.8613948339650671,0.86,4467.45,1756151100.0,3.054227085207132,0.02768902628723177,0.13024760185609757,0.045679027806622016,S2-analog
ethereum-above-4200-on-october-1,1759087800,22.234563,1,0.19,22.234563,0.19,0.19,4200.0,1759334460,1,4331.21,4038.43,4039.78,0.2168250312449034,0.5717438598284942,0.0392285227075854,0,2.8548611111111115,ETH,2025-10-01 16:01:00+00:00,2025-10-01,2025Q4,2025,0.026825031244903402,0.2,0.2,4037.43,1759088700.0,5.724124800041862,0.06999094612245897,0.7888000000000001,0.3881630895220389,S2-analog
ethereum-above-4200-on-october-1,1759273200,205.0,3,0.2,15.0,0.19121951219512195,0.20666666666666667,4200.0,1759334460,1,4331.21,4140.43,4141.51,0.2326320848245929,0.49190566250032386,0.014284878111367963,0,0.7090277777777778,ETH,2025-10-01 16:01:00+00:00,2025-10-01,2025Q4,2025,0.041412572629470956,0.21000000000000002,0.21000000000000002,4128.45,1759274100.0,14.704343630773431,0.04504730152624165,0.778387,0.11599599871907829,S2-analog
ethereum-above-4200-on-october-10,1760019300,14.084506000000001,2,0.858,14.084506000000001,0.8579999999999999,0.8579999999999999,4200.0,1760112060,0,4095.32,4370.97,4372.73,0.8940813671540818,0.6482862410610015,-0.03990042715031937,0,1.073611111111111,ETH,2025-10-10 16:01:00+00:00,2025-10-10,2025Q4,2025,0.036081367154081945,0.851,0.851,4348.39,1760022900.0,6.07867534505035,-0.06514009410955453,-0.85987593,-0.4639104459619913,S2-analog
ethereum-above-4200-on-october-2,1759329900,9.09,1,0.84,0.0,0.84,,4200.0,1759420860,1,4433.45,4336.24,4336.16,0.8748952828567312,0.5518922685420029,-0.03192308786974254,0,1.0527777777777778,ETH,2025-10-02 16:01:00+00:00,2025-10-02,2025Q4,2025,0.03489528285673127,0.88,0.88,4323.95,1759330800.0,7.656455087623488,0.022170448843752466,0.112608,-0.05713904584464484,S2-analog
ethereum-above-4200-on-october-3,1759354200,104.76,1,0.75,0.0,0.75,,4200.0,1759507260,1,4545.69,4318.99,4319.74,0.7799222844785115,0.5546731134887839,-0.027937053335785226,0,1.7715277777777778,ETH,2025-10-03 16:01:00+00:00,2025-10-03,2025Q4,2025,0.02992228447851153,0.8,,4323.53,1759360500.0,8.05996807370031,0.0511579526630939,0.18879999999999997,-0.22353146518040856,S2-analog
ethereum-above-4200-on-october-5,1759532400,10.0,1,0.967,10.0,0.967,0.967,4200.0,1759680060,1,4534.78,4528.4,4531.02,0.9934545995495352,0.47619362493848794,-0.07528415093249478,0,1.7090277777777778,ETH,2025-10-05 16:01:00+00:00,2025-10-05,2025Q4,2025,0.026454599549535218,0.969,0.969,4501.46,1759539600.0,0.8811356946762182,0.0014078945919318775,0.028897270000000027,0.027656723820707243,S2-analog
ethereum-above-4200-on-october-8,1759883400,10.0,1,0.93,10.0,0.93,0.93,4200.0,1759939260,1,4443.03,4456.44,4457.42,0.9891193960917454,0.637543817528911,-0.05926571572836909,0,0.6465277777777778,ETH,2025-10-08 16:01:00+00:00,2025-10-08,2025Q4,2025,0.059119396091745324,0.9836832443617354,0.9836832443617354,4480.04,1759887000.0,1.3357182118322517,-0.0030136648922531152,0.015193219299605218,0.019218626380547187,S2-analog
ethereum-above-4200-on-september-1,1756332000,7829.29,5,0.82,7829.29,0.7864789782981598,0.7864789782981598,4200.0,1756742460,1,4361.53,4527.72,4518.13,0.840469329732777,0.6922093684280287,-0.0751339762437145,0,4.750694444444445,ETH,2025-09-01 16:01:00+00:00,2025-09-01,2025Q3,2025,0.05399035143461717,0.8199999999999998,0.8199999999999998,4500.16,1756332900.0,3.3331920677445486,-0.037395588298022885,0.16966800000000015,0.2943146782836109,S2-analog
ethereum-above-4200-on-september-1,1756434600,98.0,1,0.85,98.0,0.85,0.85,4200.0,1756742460,1,4361.53,4477.73,4478.56,0.8804509345491599,0.585701993829498,-0.06403169629498469,0,3.5631944444444446,ETH,2025-09-01 16:01:00+00:00,2025-09-01,2025Q3,2025,0.030450934549159925,0.85,0.85,4480.32,1756436400.0,3.857694986709911,-0.026293308349292804,0.141075,0.24250656380308472,S2-analog
ethereum-above-4200-on-september-1,1756555200,3324.79,4,0.87,3324.79,0.8505233413238129,0.8505233413238129,4200.0,1756742460,1,4361.53,4392.08,4391.64,0.8807782208506538,0.5595931059259838,-0.04471839368826475,0,2.167361111111111,ETH,2025-09-01 16:01:00+00:00,2025-09-01,2025Q3,2025,0.030254879526840917,0.8526315789473684,0.8526315789473684,4384.73,1756556100.0,5.524558173756714,-0.0069800057425728965,0.1385728531855956,0.17713430096359548,S2-analog
ethereum-above-4200-on-september-10,1757081700,1250.0,1,0.69,1250.0,0.69,0.69,4200.0,1757520060,1,4403.79,4401.63,4391.72,0.7392364167629497,0.64388242829859,-0.04689040157900413,0,5.073611111111111,ETH,2025-09-10 16:01:00+00:00,2025-09-10,2025Q3,2025,0.049236416762949764,0.62,,4322.82,1757082600.0,4.442343019671227,0.0004906069314865149,0.363508,0.36132855572250855,S2-analog
ethereum-above-4200-on-september-10,1757356200,60.016,3,0.75,60.016,0.7500666488936284,0.7500666488936284,4200.0,1757520060,1,4403.79,4329.16,4328.62,0.7761830149121928,0.5915483996413361,-0.030289002524475687,0,1.8965277777777776,ETH,2025-09-10 16:01:00+00:00,2025-09-10,2025Q3,2025,0.026116366018564374,0.741626794619972,0.741626794619972,4329.71,1757358000.0,7.379020034356727,0.01709200598601526,0.2449600509315105,0.11883779633335878,S2-analog
ethereum-above-4200-on-september-12,1757593800,71.427679,10,0.95,66.427679,0.9300621503277042,0.9300668283722061,4200.0,1757692860,1,4543.17,4473.0,4426.88,0.9645824009443337,0.6678541547023762,-0.0629747991613883,0,1.1465277777777778,ETH,2025-09-12 16:01:00+00:00,2025-09-12,2025Q3,2025,0.034520250616629444,0.97,0.97,4414.57,1757594700.0,2.670694426176773,0.015565681833348425,0.027963000000000026,-0.01360817971196467,S2-analog
ethereum-above-4200-on-september-16,1757593800,8960.0,3,0.77,8960.0,0.7644196428571429,0.7644196428571429,4200.0,1758038460,1,4469.12,4473.0,4426.88,0.8297702718727913,0.5864614801587503,-0.0629747991613883,0,5.146527777777778,ETH,2025-09-16 16:01:00+00:00,2025-09-16,2025Q3,2025,0.06535062901564836,0.81,0.81,4400.46,1757598300.0,3.925491847476581,-0.0008678032152323195,0.17922699999999994,0.18263355444660836,S2-analog
ethereum-above-4200-on-september-17,1758051900,123.456789,1,0.919001,123.456789,0.919001,0.919001,4200.0,1758124860,1,4487.01,4482.16,4484.61,0.9906445481995697,0.587130420480465,-0.06502054780119304,0,0.8444444444444444,ETH,2025-09-17 16:01:00+00:00,2025-09-17,2025Q3,2025,0.07164354819956975,0.999,0.999,4488.87,1758053700.0,1.0304455048040684,0.0010814825614222587,0.0009300700000000008,-0.00018433884394155546,S2-analog
ethereum-above-4200-on-september-18,1758127500,8.40336,1,0.881,8.40336,0.881,0.881,4200.0,1758211260,1,4597.85,4485.51,4487.97,0.9392368668054949,0.9271726255967702,-0.06576767613125686,0,0.9694444444444444,ETH,2025-09-18 16:01:00+00:00,2025-09-18,2025Q3,2025,0.05823686680549489,0.9243119437608445,0.9243119437608445,4482.01,1758129300.0,3.3452307773243177,0.024736601508759924,0.07079090003242296,-0.011958740661087888,S2-analog
ethereum-above-4200-on-september-20,1758339900,200.0,2,0.928,200.0,0.9280000000000002,0.9280000000000002,4200.0,1758384060,1,4499.33,4465.51,4468.6900000000005,0.9997357506659403,0.49320839659426596,-0.0612989042408593,0,0.5111111111111111,ETH,2025-09-20 16:01:00+00:00,2025-09-20,2025Q3,2025,0.07173575066594018,0.999,0.999,4464.7,1758342600.0,0.08967473086519244,0.007545067272152172,0.0009300700000000008,0.00025346812300998313,S2-analog
ethereum-above-4200-on-september-21,1758298500,10.0,1,0.948,10.0,0.9480000000000001,0.9480000000000001,4200.0,1758470460,1,4484.61,4482.89,4484.93,0.9764516093995115,0.5007088082293966,-0.06518340244263154,0,1.9902777777777778,ETH,2025-09-21 16:01:00+00:00,2025-09-21,2025Q3,2025,0.028451609399511413,0.9480000000000001,0.9480000000000001,4449.19,1758305700.0,2.3561246225274797,0.00038360747612861896,0.04854927999999994,0.04764545298010767,S2-analog
ethereum-above-4200-on-september-23,1758593700,10.0,1,0.362,0.0,0.362,,4200.0,1758643260,0,4181.83,4177.67,4178.69,0.4127019734328656,0.58284461824791,0.0053308504348044,0,0.5736111111111111,ETH,2025-09-23 16:01:00+00:00,2025-09-23,2025Q3,2025,0.05070197343286559,0.18835655632383946,0.17995588182581232,4144.21,1758596400.0,16.766771830971056,0.0009952749191694337,-0.19905804180479592,-0.21574558928359797,S2-analog
ethereum-above-4200-on-september-24,1758507300,3960.0,1,0.72,3960.0,0.72,0.72,4200.0,1758729660,0,4163.97,4329.01,4334.33,0.7675259002195092,0.5830144761329288,-0.030254353170162937,0,2.573611111111111,ETH,2025-09-24 16:01:00+00:00,2025-09-24,2025Q3,2025,0.0475259002195092,0.7,0.7,4309.37,1758508200.0,6.8330310671570835,-0.038869932343667375,-0.7147,-0.4491005447174269,S2-analog
ethereum-above-4200-on-september-25,1758648600,121.951218,1,0.41,121.951218,0.41,0.41,4200.0,1758816060,0,4002.56,4169.44,4172.18,0.4363745778405704,0.5557949562332873,0.007302791062613928,0,1.9381944444444446,ETH,2025-09-25 16:01:00+00:00,2025-09-25,2025Q3,2025,0.0263745778405704,0.38,0.38,4149.0,1758650400.0,9.654026742864689,-0.0408475778194787,-0.396492,-0.002148391349506118,S2-analog
ethereum-above-4200-on-september-25,1758745800,7.0,2,0.34,7.0,0.34,0.34,4200.0,1758816060,0,4002.56,4159.88,4158.905000000001,0.3650655821037397,0.5594206509720753,0.009598297586055179,0,0.8131944444444444,ETH,2025-09-25 16:01:00+00:00,2025-09-25,2025Q3,2025,0.02506558210373966,0.28500000000000003,0.28500000000000003,4166.85,1758750300.0,14.073641501119289,-0.03855207129603753,-0.29926425,0.24330378054602342,S2-analog
ethereum-above-4200-on-september-26,1758763800,301.053332,1,0.25,301.053332,0.25,0.25,4200.0,1758902460,0,3943.2,4109.82,4102.13,0.2874019651002929,0.5903774685174907,0.02170529336067367,0,1.604861111111111,ETH,2025-09-26 16:01:00+00:00,2025-09-26,2025Q3,2025,0.03740196510029292,0.33,0.33,4083.0,1758767400.0,8.642848711884174,-0.04138665551961805,-0.34547700000000003,0.012221602346924876,S2-analog
ethereum-above-4200-on-september-27,1758770100,26.0,1,0.22,26.0,0.22,0.22,4200.0,1758988860,0,4017.63,4088.99,4089.24,0.28720952494683877,0.5418011580537435,0.02678652949552555,0,2.531944444444444,ETH,2025-09-27 16:01:00+00:00,2025-09-27,2025Q3,2025,0.06720952494683877,0.15,0.15,4039.28,1758775500.0,7.312189063765104,-0.01760581925592854,-0.15892499999999998,-0.030187920978174215,S2-analog
ethereum-above-4200-on-september-27,1758911400,1028.016865,6,0.05,1028.016865,0.05098834344512431,0.05098834344512431,4200.0,1758988860,0,4017.63,4054.4,4058.03,0.08400589479313307,0.5552997873835714,0.03528181414463983,0,0.8965277777777778,ETH,2025-09-27 16:01:00+00:00,2025-09-27,2025Q3,2025,0.03301755134800876,0.063,0.063,4042.51,1758912300.0,6.2612069541578075,-0.009110534606814403,-0.06713217,-0.010089227363718305,S2-analog
ethereum-above-4200-on-september-28,1758802500,9.0,1,0.12,9.0,0.12000000000000001,0.12000000000000001,4200.0,1759075260,0,4022.79,4011.12,4009.99,0.18427161424781388,0.5841375723876491,0.04601402122268047,0,3.156944444444444,ETH,2025-09-28 16:01:00+00:00,2025-09-28,2025Q3,2025,0.06427161424781387,0.15,,3995.98,1758804300.0,5.011516577454595,0.002905187687691682,-0.15892499999999998,-0.17348439625748382,S2-analog
ethereum-above-4200-on-september-29,1758833100,3975.434775,3,0.08,3975.434775,0.08125772406868378,0.08125772406868378,4200.0,1759161660,0,4165.93,3892.78,3897.59,0.1070707343171183,0.6610133904494021,0.07596096994549398,0,3.8027777777777776,ETH,2025-09-29 16:01:00+00:00,2025-09-29,2025Q3,2025,0.02581301024843452,0.12,0.12,3886.31,1758834000.0,3.0186793450476546,0.06781598466535467,-0.127392,-0.3321067121733746,S2-analog
ethereum-above-4200-on-september-29,1759125600,50.0,1,0.088,0.0,0.088,,4200.0,1759161660,0,4165.93,4114.13,4115.66,0.12488715154979385,0.5314688231615039,0.020657135141182083,0,0.41736111111111107,ETH,2025-09-29 16:01:00+00:00,2025-09-29,2025Q3,2025,0.036887151549793856,0.0934639677076473,0.0934639677076473,4099.49,1759126500.0,11.348191214375023,0.012512149861042831,-0.09939495951900668,-0.2413852286450366,S2-analog
ethereum-above-4200-on-september-3,1756476000,1582.353842,14,0.63,1582.353842,0.6215044771888638,0.6215044771888638,4200.0,1756915260,1,4482.54,4331.27,4334.860000000001,0.671847475549001,0.6379982792501809,-0.03077627626071015,0,5.084027777777777,ETH,2025-09-03 16:01:00+00:00,2025-09-03,2025Q3,2025,0.050342998360137226,0.62,0.62,4288.24,1756476900.0,4.945738446613211,0.03432904849904854,0.363508,0.1937255050026061,S2-analog
ethereum-above-4200-on-september-3,1756816200,30.0,1,0.77,30.0,0.77,0.77,4200.0,1756915260,1,4482.54,4337.04,4336.71,0.8186321044947132,0.6653851599291236,-0.03210756248655866,0,1.1465277777777778,ETH,2025-09-03 16:01:00+00:00,2025-09-03,2025Q3,2025,0.048632104494713224,0.7004001416430595,0.7152702702702702,4302.14,1756817100.0,7.50279045993687,0.032997762273200386,0.2849110735308796,0.03733577754824696,S2-analog
ethereum-above-4200-on-september-30,1759210200,5000.0,1,0.36,5000.0,0.36,0.36,4200.0,1759248060,0,4117.88,4180.33,4183.31,0.39800613959459036,0.49711995603453973,0.0046943345004159896,0,0.43819444444444444,ETH,2025-09-30 16:01:00+00:00,2025-09-30,2025Q3,2025,0.03800613959459037,0.34,0.34,4176.52,1759211100.0,22.26370573870792,-0.015051722967295051,-0.355708,-0.02060086899559138,S2-analog
ethereum-above-4200-on-september-5,1756898100,13.0,1,0.77,0.0,0.77,,4200.0,1757088060,1,4278.13,4377.46,4379.78,0.7998475492847035,0.67116228614843,-0.04138412221116192,0,2.198611111111111,ETH,2025-09-05 16:01:00+00:00,2025-09-05,2025Q3,2025,0.029847549284703456,0.77,0.77,4373.91,1756899000.0,5.700773054866577,-0.02295264927018709,0.217603,0.3484508444972856,S2-analog
ethereum-above-4200-on-september-5,1756994400,6000.0,16,0.83,4500.0,0.8558333333333333,0.8544444444444445,4200.0,1757088060,1,4278.13,4377.56,4377.24,0.8841204078996612,0.6746290479296272,-0.04140696624806987,0,1.0840277777777778,ETH,2025-09-05 16:01:00+00:00,2025-09-05,2025Q3,2025,0.02828707456632784,0.820865731422024,0.820865731422024,4338.67,1756995300.0,5.874237458831059,-0.02297549330709493,0.16884110581004533,0.30380460922970465,S2-analog
ethereum-above-4200-on-september-8,1757082600,15143.888488,6,0.68,15143.888488,0.6541974058005793,0.6541974058005793,4200.0,1757347260,1,4370.22,4322.82,4318.75,0.7177703789889565,0.5829235255253831,-0.028823441777735333,0,3.0631944444444446,ETH,2025-09-08 16:01:00+00:00,2025-09-08,2025Q3,2025,0.06357297318837718,0.6500813862571759,0.6302705863807591,4283.39,1757088000.0,6.54937736119905,0.01090538402268999,0.33399532331788534,0.2625718480844977,S2-analog
ethereum-above-4200-on-september-8,1757170800,950.0,4,0.7,950.0,0.7121052631578946,0.7121052631578946,4200.0,1757347260,1,4370.22,4295.91,4296.49,0.7552144801497498,0.4815497723847709,-0.022578881977121885,0,2.042361111111111,ETH,2025-09-08 16:01:00+00:00,2025-09-08,2025Q3,2025,0.043109216991855215,0.6400330102774492,0.6400330102774492,4270.8,1757175300.0,9.20161891429476,0.017149943823303166,0.3438396368002663,0.1860323893366673,S2-analog
ethereum-above-4200-on-september-8,1757279700,10.0,1,0.8,10.0,0.8,0.8,4200.0,1757347260,1,4370.22,4296.93,4297.01,0.8283517510119358,0.5593181976295643,-0.022816288935657597,0,0.7819444444444444,ETH,2025-09-08 16:01:00+00:00,2025-09-08,2025Q3,2025,0.028351751011935766,0.8100000000000002,0.8100000000000002,4288.57,1757280600.0,10.569527034064093,0.016912536864767774,0.17922699999999983,0.0004694843932312731,S2-analog
ethereum-above-4300-on-august-25,1755780300,5.0,1,0.43,5.0,0.43,0.43,4300.0,1756137660,1,4606.78,4271.2,4270.205,0.46166905400023256,0.6108844702811382,0.006720204495677521,0,4.136111111111111,ETH,2025-08-25 16:01:00+00:00,2025-08-25,2025Q3,2025,0.031669054000232566,0.48090909090909084,0.48090909090909084,4273.32,1755783000.0,6.078458656151231,0.07563431319099902,0.5016164214876033,0.04187637576972214,S2-analog
ethereum-above-4300-on-october-10,1759973400,10.0,1,0.84,10.0,0.8400000000000001,0.8400000000000001,4300.0,1760112060,0,4095.32,4481.52,4480.82,0.8695649299861272,0.5786714450387558,-0.04134725189728051,0,1.604861111111111,ETH,2025-10-10 16:01:00+00:00,2025-10-10,2025Q4,2025,0.029564929986127142,0.8,0.8,4447.45,1759977000.0,5.9383511231507216,-0.09011741626670984,-0.8112,-0.2760511398971426,S2-analog
ethereum-above-4300-on-october-10,1760061600,806.428569,2,0.77,806.428569,0.7501594330669106,0.7501594330669106,4300.0,1760112060,0,4095.32,4373.38,4374.6,0.8047215749654045,0.5421350490508848,-0.01692114282309213,0,0.5840277777777778,ETH,2025-10-10 16:01:00+00:00,2025-10-10,2025Q4,2025,0.054562141898493954,0.75,0.75,4366.36,1760062500.0,13.68273774707542,-0.06569130719252128,-0.763125,0.13571192857783787,S2-analog
ethereum-above-4300-on-october-2,1759329900,11.53,1,0.55,0.0,0.55,,4300.0,1759420860,1,4433.45,4336.24,4336.16,0.6180752047567043,0.5238152927795277,-0.008392590459548406,0,1.0527777777777778,ETH,2025-10-02 16:01:00+00:00,2025-10-02,2025Q4,2025,0.06807520475670426,0.59,0.59,4335.39,1759332600.0,13.619565336593098,0.022170448843752466,0.39306700000000006,0.09111512343091843,S2-analog
ethereum-above-4300-on-october-3,1759449600,10.0,1,0.93,10.0,0.93,0.93,4300.0,1759507260,1,4545.69,4484.35,4485.8099999999995,0.9554503900668422,0.6343789707351466,-0.04197853477200069,0,0.6673611111111111,ETH,2025-10-03 16:01:00+00:00,2025-10-03,2025Q4,2025,0.025450390066842132,0.96,0.96,4468.37,1759450500.0,4.534767552910801,0.013585973816684199,0.03731200000000003,-0.024297233238595187,S2-analog
ethereum-above-4300-on-october-4,1759378500,10.0,1,0.65,0.0,0.65,,4300.0,1759593660,1,4459.66,4383.13,4384.030000000001,0.6774092123031032,0.5434901511199642,-0.019148058347498737,0,2.4902777777777776,ETH,2025-10-04 16:01:00+00:00,2025-10-04,2025Q4,2025,0.027409212303103225,0.69,,4391.19,1759383000.0,8.18998759457379,0.017309448895203913,0.29502700000000004,0.15326282827937102,S2-analog
ethereum-above-4300-on-october-4,1759539600,10.0,1,0.967,10.0,0.967,0.967,4300.0,1759593660,1,4459.66,4501.46,4501.79,0.9972249815459115,0.411735914862947,-0.045786765900484444,0,0.6256944444444444,ETH,2025-10-04 16:01:00+00:00,2025-10-04,2025Q4,2025,0.030224981545911578,0.9960000000000001,0.9960000000000001,4487.12,1759541400.0,0.6496723923645882,-0.009329258657781798,0.0037211199999999,0.009782081791189046,S2-analog
ethereum-above-4300-on-october-5,1759373100,10.0,1,0.65,0.0,0.65,,4300.0,1759680060,1,4534.78,4391.9,4398.28,0.6750068682469116,0.5330731876045844,-0.021146912578192914,0,3.5527777777777776,ETH,2025-10-05 16:01:00+00:00,2025-10-05,2025Q4,2025,0.025006868246911562,0.65,0.65,4393.8,1759375800.0,7.068382055250607,0.032014635536039414,0.33407499999999996,0.10778332467167057,S2-analog
ethereum-above-4300-on-october-6,1759724100,10.0,1,0.955,0.0,0.9549999999999998,,4300.0,1759766460,1,4678.86,4535.29,4536.395,0.9893168176882847,0.7109887453593312,-0.05327400590133595,0,0.4902777777777778,ETH,2025-10-06 16:01:00+00:00,2025-10-06,2025Q4,2025,0.03431681768828487,0.9980778628329998,0.9980778628329998,4522.44,1759728600.0,1.9447832876867372,0.031165461912312554,0.0017878461881003825,-0.05882222329200261,S2-analog
ethereum-above-4300-on-october-8,1759852800,7.874014,1,0.873,7.874014,0.873,0.873,4300.0,1759939260,1,4443.03,4511.99,4509.14,0.9245679736732746,0.7074169245064463,-0.04812327518172817,0,1.0006944444444446,ETH,2025-10-08 16:01:00+00:00,2025-10-08,2025Q4,2025,0.05156797367327459,0.866,0.866,4482.13,1759853700.0,4.743286449421205,-0.015401721755806305,0.12587692,0.1989316981020718,S2-analog
ethereum-above-4300-on-october-9,1759971600,13.698629,1,0.927,13.698629,0.9269999999999999,0.9269999999999999,4300.0,1760025660,1,4317.76,4511.29,4512.29,0.9750580769445252,0.5997675180655629,-0.04796812095811914,0,0.6256944444444444,ETH,2025-10-09 16:01:00+00:00,2025-10-09,2025Q4,2025,0.04805807694452524,0.9048396401361118,0.9048396401361118,4447.45,1759977000.0,2.546918549290375,-0.04384639439735026,0.0891330192596757,0.20080621446978866,S2-analog
ethereum-above-4300-on-september-1,1756321200,790.0,5,0.8,790.0,0.7720253164556962,0.7720253164556962,4300.0,1756742460,1,4361.53,4591.73,4592.04,0.80484632708192,0.6854355806439483,-0.06564183667967598,0,4.875694444444444,ETH,2025-09-01 16:01:00+00:00,2025-09-01,2025Q3,2025,0.03282101062622389,0.78,0.78,4545.37,1756322100.0,3.6889109564096128,-0.05143394614417838,0.20798799999999998,0.39772324746264154,S2-analog
ethereum-above-4300-on-september-1,1756450800,1150.0,4,0.71,1150.0,0.7121739130434782,0.7121739130434782,4300.0,1756742460,1,4361.53,4456.15,4455.15,0.7603057102850292,0.5722567571720295,-0.03567014183645591,0,3.3756944444444446,ETH,2025-09-01 16:01:00+00:00,2025-09-01,2025Q3,2025,0.04813179724155103,0.61,,4382.1,1756453500.0,5.979166974465741,-0.02146225130095836,0.373347,0.5016733841763746,S2-analog
ethereum-above-4300-on-september-1,1756543500,13.16,1,0.68,0.0,0.68,,4300.0,1756742460,1,4361.53,4395.05,4394.4,0.7222666966027368,0.547529963586531,-0.021863884937188497,0,2.302777777777778,ETH,2025-09-01 16:01:00+00:00,2025-09-01,2025Q3,2025,0.04226669660273674,0.72,0.72,4388.0,1756545300.0,8.171185684519212,-0.007655994401690993,0.265888,0.3284465518558567,S2-analog
ethereum-above-4300-on-september-1,1756682100,1005.0,7,0.85,1005.0,0.8649253731343284,0.8649253731343284,4300.0,1756742460,1,4361.53,4434.87,4433.3,0.8992505340275052,0.5980571831982059,-0.03088328034379923,0,0.6986111111111111,ETH,2025-09-01 16:01:00+00:00,2025-09-01,2025Q3,2025,0.03432516089317683,0.7909093939786763,0.770001,4386.61,1756683900.0,7.7149274250772475,-0.016675389808301553,0.19751458530667654,0.3261640074625958,S2-analog
ethereum-above-4300-on-september-10,1757081700,1250.0,2,0.59,1250.0,0.59,0.59,4300.0,1757520060,1,4403.79,4401.63,4391.72,0.624998075507926,0.632884048567448,-0.02335990416881028,0,5.073611111111111,ETH,2025-09-10 16:01:00+00:00,2025-09-10,2025Q3,2025,0.034998075507925996,0.49,0.49,4291.49,1757083500.0,5.147086786906962,0.0004906069314865149,0.49250700000000003,0.48998180354538085,S2-analog
ethereum-above-4300-on-september-10,1757419200,6426.84,18,0.66,6426.84,0.6211018789949648,0.6211018789949648,4300.0,1757520060,1,4403.79,4347.34,4335.17,0.6581902767957378,0.5006444223693408,-0.010949141109339094,0,1.167361111111111,ETH,2025-09-10 16:01:00+00:00,2025-09-10,2025Q3,2025,0.037088397800773,0.6781714285714286,0.6776642335766424,4356.34,1757420100.0,13.14570861463657,0.012901369990957461,0.3065507254857142,0.136953074854971,S2-analog
ethereum-above-4300-on-september-12,1757593800,3846.538986,21,0.819999,3770.538986,0.8463400398565502,0.8466004384448537,4300.0,1757692860,1,4543.17,4473.0,4426.88,0.8928697632788003,0.612483226041367,-0.03944430175119434,0,1.1465277777777778,ETH,2025-09-12 16:01:00+00:00,2025-09-12,2025Q3,2025,0.04652972342225015,0.8270775608019373,0.8334764368059253,4414.57,1757594700.0,6.124368621368378,0.015565681833348425,0.16291102035267285,0.06758104696230996,S2-analog
ethereum-above-4300-on-september-14,1757718900,10.0,1,0.969,10.0,0.969,0.969,4300.0,1757865660,1,4579.64,4678.92,4681.66,0.9969864160352232,0.44828236605779836,-0.08445229136795329,0,1.698611111111111,ETH,2025-09-14 16:01:00+00:00,2025-09-14,2025Q3,2025,0.027986416035223227,0.97,0.97,4699.21,1757723400.0,0.3003988035713333,-0.021446921650811527,0.027963000000000026,0.03440562960419193,S2-analog
ethereum-above-4300-on-september-15,1757593800,3960.0,1,0.62,3960.0,0.62,0.62,4300.0,1757952060,1,4499.27,4473.0,4426.88,0.7682584661603079,0.5323009754943656,-0.03944430175119434,0,4.146527777777777,ETH,2025-09-15 16:01:00+00:00,2025-09-15,2025Q3,2025,0.1482584661603079,0.66,0.66,4400.46,1757598300.0,5.629750712233698,0.005855836943893069,0.32429199999999997,0.29132509779439353,S2-analog
ethereum-above-4300-on-september-17,1758049200,76.923075,2,0.87,76.923075,0.87,0.87,4300.0,1758124860,1,4487.01,4474.63,4475.25,0.9254378633827124,0.5713888753107091,-0.039808644044747196,0,0.8756944444444444,ETH,2025-09-17 16:01:00+00:00,2025-09-17,2025Q3,2025,0.05543786338271239,0.86,0.86,4482.16,1758051900.0,5.28719538555269,0.0027628889076739367,0.13157200000000002,0.11696406651655167,S2-analog
ethereum-above-4300-on-september-18,1758118500,352.941175,1,0.83,352.941175,0.83,0.83,4300.0,1758211260,1,4597.85,4500.76,4503.475,0.8628645882391821,0.8128114614999261,-0.045631248705523514,0,1.073611111111111,ETH,2025-09-18 16:01:00+00:00,2025-09-18,2025Q3,2025,0.032864588239182146,0.8527451186568924,0.8527451186568924,4474.32,1758119400.0,5.417186423272401,0.021342531524299158,0.13846491965464616,0.022848447642949535,S2-analog
ethereum-above-4300-on-september-22,1758449700,20.0,2,0.924,20.0,0.924,0.924,4300.0,1758556860,0,4167.22,4464.36,4465.235,0.9550872166593147,0.42436010437909594,-0.03751084428913711,0,1.2402777777777778,ETH,2025-09-22 16:01:00+00:00,2025-09-22,2025Q3,2025,0.031087216659314687,0.9339999999999999,0.9339999999999999,4465.51,1758450600.0,5.204292643548045,-0.06887672016564751,-0.93831508,-0.5798604719302034,S2-analog
ethereum-above-4300-on-september-23,1758587400,273.72413,4,0.14,263.72413,0.13379944581429487,0.1316684100920155,4300.0,1758643260,0,4181.83,4207.68,4213.38,0.16732686239083253,0.5388338164721059,0.02170359578309957,0,0.6465277777777778,ETH,2025-09-23 16:01:00+00:00,2025-09-23,2025Q3,2025,0.033527416576537655,0.12328767135759346,0.12328767135759346,4195.49,1758588300.0,11.007201728312761,-0.006162477142729528,-0.13085381885901054,-0.0630221898028702,S2-analog
ethereum-above-4300-on-september-24,1758674700,140.0,1,0.05,140.0,0.05,0.05,4300.0,1758729660,0,4163.97,4178.99,4186.6,0.08565645042784394,0.5070471246081932,0.028545432153567054,0,0.6361111111111112,ETH,2025-09-24 16:01:00+00:00,2025-09-24,2025Q3,2025,0.03565645042784393,0.05133960058022566,0.05133960058022566,4174.45,1758675600.0,7.4836844760152,-0.0036006444301312545,-0.05474886979969986,-0.027802782974275995,S2-analog
ethereum-above-4300-on-september-25,1758752100,10.35415,1,0.04,10.35415,0.04,0.04,4300.0,1758816060,0,4002.56,4161.71,4163.51,0.09425850154676682,0.5680456376735533,0.032688975195105524,0,0.7402777777777778,ETH,2025-09-25 16:01:00+00:00,2025-09-25,2025Q3,2025,0.05425850154676682,0.09,0.09,4154.62,1758754800.0,6.7808318886442285,-0.038991891097181215,-0.095733,0.16866445855030937,S2-analog
ethereum-above-4300-on-september-26,1758655800,500.0,1,0.23,500.0,0.23,0.23,4300.0,1758902460,0,3943.2,4170.18,4169.96,0.2621413467654077,0.5835841535404026,0.030655822352782656,0,2.8548611111111115,ETH,2025-09-26 16:01:00+00:00,2025-09-26,2025Q3,2025,0.03214134676540767,0.215,0.215,4157.47,1758656700.0,6.37895941653522,-0.055966623937703096,-0.22681425,0.13019457277909663,S2-analog
ethereum-above-4300-on-september-3,1756450800,39.977776,2,0.65,39.977776,0.643051695522032,0.643051695522032,4300.0,1756915260,1,4482.54,4456.15,4455.15,0.687023075115472,0.6238740231914691,-0.03567014183645591,0,5.375694444444445,ETH,2025-09-03 16:01:00+00:00,2025-09-03,2025Q3,2025,0.043971379593439996,0.604507041950248,0.604507041950248,4384.42,1756452600.0,4.797100840555673,0.005904685513108935,0.3787574785769554,0.35043210673880365,S2-analog
ethereum-above-4300-on-september-3,1756733400,150.0,1,0.69,150.0,0.69,0.69,4300.0,1756915260,1,4482.54,4416.01,4413.46,0.7230166325698354,0.6197136198453044,-0.026621550765467066,0,2.104861111111111,ETH,2025-09-03 16:01:00+00:00,2025-09-03,2025Q3,2025,0.03301663256983545,0.67,0.67,4397.66,1756736100.0,7.318575137727694,0.014953276584097638,0.31452299999999994,0.20508632176405728,S2-analog
ethereum-above-4300-on-september-3,1756824300,500.0,1,0.61,0.0,0.61,,4300.0,1756915260,1,4482.54,4356.83,4357.33,0.6551823473423584,0.6889791559605654,-0.013129706001868502,0,1.0527777777777778,ETH,2025-09-03 16:01:00+00:00,2025-09-03,2025Q3,2025,0.045182347342358375,0.58,0.575,4348.51,1756825200.0,10.188686402259407,0.02844512134769626,0.40294800000000003,0.11312957891410835,S2-analog
ethereum-above-4300-on-september-5,1756943100,21.739129,1,0.77,21.739129,0.7700000000000001,0.7700000000000001,4300.0,1757088060,0,4278.13,4448.4,4451.25,0.7995761565684343,0.6237989892411716,-0.033929458263033105,0,1.6777777777777778,ETH,2025-09-05 16:01:00+00:00,2025-09-05,2025Q3,2025,0.029576156568434153,0.8363167990221102,0.8363167990221102,4468.75,1756946700.0,6.952756372280566,-0.03902848273225217,-0.8458991697707967,-0.5745436377536883,S2-analog
ethereum-above-4300-on-september-5,1757029500,400.961537,3,0.48,191.961537,0.49608633099388777,0.48,4300.0,1757088060,0,4278.13,4317.4,4318.23,0.5612980042686476,0.6491353124318363,-0.004038346519122998,0,0.6777777777777778,ETH,2025-09-05 16:01:00+00:00,2025-09-05,2025Q3,2025,0.06521167327475985,0.48,0.48,4301.45,1757031300.0,14.141198747257809,-0.009137370988342134,-0.49747199999999997,-0.36825862082642635,S2-analog
ethereum-above-4300-on-september-8,1757009700,90.0,2,0.49,90.0,0.4933333333333334,0.4933333333333334,4300.0,1757347260,1,4370.22,4310.58,4313.22,0.5201572454596671,0.6216221444277886,-0.0024574431279676683,0,3.9069444444444446,ETH,2025-09-08 16:01:00+00:00,2025-09-08,2025Q3,2025,0.026823912126333727,0.495,0.495,4280.6,1757010600.0,6.203023747705261,0.013740885262263488,0.48750175,0.4022667124036864,S2-analog
ethereum-above-4300-on-september-8,1757106900,22740.0,27,0.55,22740.0,0.5338786279683378,0.5338786279683378,4300.0,1757347260,1,4370.22,4332.6,4330.82,0.56406685778047,0.5539860579897137,-0.007552801003537219,0,2.7819444444444446,ETH,2025-09-08 16:01:00+00:00,2025-09-08,2025Q3,2025,0.030188229812132206,0.5,0.5,4296.91,1757109600.0,8.177129936239828,0.008645527386693915,0.4825,0.4118043991916839,S2-analog
ethereum-above-4300-on-september-8,1757297700,85.555554,2,0.45,85.555554,0.433636363338843,0.433636363338843,4300.0,1757347260,1,4370.22,4291.36,4290.99,0.47093944229811235,0.5452365042685036,0.002011323681630112,0,0.5736111111111111,ETH,2025-09-08 16:01:00+00:00,2025-09-08,2025Q3,2025,0.037303078959269376,0.55,0.55,4307.97,1757301300.0,18.35778988947148,0.01820965207186134,0.432675,0.0983860333043905,S2-analog
ethereum-above-4400-on-august-13,1755003600,50.276594,6,0.47,50.276594,0.47,0.47,4400.0,1755100860,1,4663.2,4407.27,4402.34,0.4985473032435859,0.7153230452168481,-0.0016509092264005859,0,1.1256944444444443,ETH,2025-08-13 16:01:00+00:00,2025-08-13,2025Q3,2025,0.028547303243585953,0.5242251639437513,0.5242251639437513,4403.36,1755004500.0,10.040187158634641,0.056446457598587116,0.4583159161560158,-0.10841708257573329,S2-analog
ethereum-above-4400-on-august-15,1755152100,2760.0,3,0.917,2760.0,0.9179384057971015,0.9179384057971015,4400.0,1755273660,1,4426.51,4730.39,4727.17,0.945739096465872,0.7875363425203713,-0.07240311061190095,0,1.4069444444444446,ETH,2025-08-15 16:01:00+00:00,2025-08-15,2025Q3,2025,0.027800690668770445,0.95,0.95,4745.23,1755156600.0,2.825466212138675,-0.06639618834849961,0.04667500000000004,0.23427518679348128,S2-analog
ethereum-above-4400-on-august-18,1755046800,10.0,1,0.68,10.0,0.68,0.68,4400.0,1755532860,0,4343.01,4614.11,4614.7,0.7069819256009506,0.6996013956149247,-0.04751445902864533,0,5.625694444444444,ETH,2025-08-18 16:01:00+00:00,2025-08-18,2025Q3,2025,0.026981925600950585,0.6997601191305853,0.6996198828072313,4574.9,1755051300.0,4.046128300022039,-0.060551343846990055,-0.7144668317669307,-0.4694683258232589,S2-analog
ethereum-above-4400-on-august-18,1755174600,50.0,1,0.7,50.0,0.7,0.7,4400.0,1755532860,0,4343.01,4714.13,4690.33,0.8334239049825305,0.6842875850580445,-0.0689598406384087,0,4.146527777777777,ETH,2025-08-18 16:01:00+00:00,2025-08-18,2025Q3,2025,0.13342390498253054,0.76,0.76,4619.12,1755175500.0,3.6185773390981772,-0.08199672545675325,-0.772768,-0.47605650738193805,S2-analog
ethereum-above-4400-on-august-18,1755262800,20.0,1,0.8,0.0,0.8,,4400.0,1755532860,0,4343.01,4628.37,4630.49,0.8414590431108192,0.5730841150459514,-0.05060021335327816,0,3.1256944444444446,ETH,2025-08-18 16:01:00+00:00,2025-08-18,2025Q3,2025,0.04145904311081916,0.67,0.67,4528.55,1755269100.0,4.892346469497044,-0.0636370981716227,-0.685477,-0.37414226743102486,S2-analog
ethereum-above-4400-on-august-18,1755351000,60.0,5,0.52,20.0,0.5048333333333334,0.5045,4400.0,1755532860,0,4343.01,4420.01,4423.43,0.5503643876690383,0.526890436515669,-0.004537417606271044,0,2.104861111111111,ETH,2025-08-18 16:01:00+00:00,2025-08-18,2025Q3,2025,0.045531054335704924,0.51,0.51,4393.98,1755352800.0,9.927280445621744,-0.017574302424615388,-0.527493,-0.3530279711946729,S2-analog
ethereum-above-4400-on-august-18,1755447300,62.0,5,0.86,35.0,0.8574193548387096,0.86,4400.0,1755532860,0,4343.01,4552.21,4552.86,0.8900739310268976,0.5834513749986018,-0.03400828840335659,0,0.9902777777777777,ETH,2025-08-18 16:01:00+00:00,2025-08-18,2025Q3,2025,0.03265457618818801,0.8441123271636435,0.8441123271636435,4539.32,1755448200.0,7.138093217142183,-0.04704517322170105,-0.853323396604225,-0.5175105647311217,S2-analog
ethereum-above-4400-on-august-22-941-426,1755607500,100.0,1,0.32,0.0,0.32,,4400.0,1755878460,1,4628.91,4302.89,4300.75,0.34917670974331066,0.6477475860800123,0.02231765095481294,0,3.1361111111111106,ETH,2025-08-22 16:01:00+00:00,2025-08-22,2025Q3,2025,0.029176709743310658,0.35,0.35,4305.68,1755608400.0,6.1293113292902115,0.07303452924652074,0.634075,0.18642363245992322,S2-analog
ethereum-above-4400-on-august-22-941-426,1755707400,955.51515,11,0.33,941.51515,0.3296860332355798,0.3296813646599314,4400.0,1755878460,1,4628.91,4326.85,4324.450000000001,0.3636174887785949,0.657910771189565,0.01676474633273034,0,1.979861111111111,ETH,2025-08-22 16:01:00+00:00,2025-08-22,2025Q3,2025,0.03393145554301508,0.33594820473947024,0.3469270920169932,4307.66,1755708300.0,7.687945610390042,0.0674816246244381,0.648435704667504,0.12964064485406657,S2-analog
ethereum-above-4400-on-august-25,1755738000,1500.0,2,0.37,0.0,0.37,,4400.0,1756137660,1,4606.78,4324.1,4324.64,0.397710862701625,0.6545698821981261,0.017400514680167362,0,4.625694444444445,ETH,2025-08-25 16:01:00+00:00,2025-08-25,2025Q3,2025,0.027710862701624983,0.38000000000000006,,4319.19,1755740700.0,5.215914714733876,0.0633251051507903,0.6035079999999999,0.2732096522319228,S2-analog
ethereum-above-4400-on-august-25,1755916200,41.666665,1,0.88,41.666665,0.8800000000000001,0.8800000000000001,4400.0,1756137660,1,4606.78,4708.21,4715.25,0.9123179020512847,0.6082701166145856,-0.06770325240682717,0,2.5631944444444446,ETH,2025-08-25 16:01:00+00:00,2025-08-25,2025Q3,2025,0.0323179020512846,0.9109999999999999,,4714.68,1755918000.0,3.350022920018279,-0.021778661936204216,0.08332447000000007,0.15628348665361386,S2-analog
ethereum-above-4400-on-august-25,1756063800,100.0,1,0.97,100.0,0.97,0.97,4400.0,1756137660,1,4606.78,4937.95,4932.7,0.9976245279678866,0.8381297974843603,-0.11534572439060284,0,0.8548611111111112,ETH,2025-08-25 16:01:00+00:00,2025-08-25,2025Q3,2025,0.027624527967886614,0.970086956521739,0.97,4850.78,1756064700.0,0.18269413797593287,-0.06942113391997984,0.027881765746691954,0.04056459996551447,S2-analog
ethereum-above-4400-on-august-27,1756063800,723.0,19,0.87,723.0,0.8711894882434301,0.8711894882434301,4400.0,1756310460,1,4651.18,4937.95,4932.7,0.959247528075906,0.7425532912857946,-0.11534572439060284,0,2.8548611111111115,ETH,2025-08-27 16:01:00+00:00,2025-08-27,2025Q3,2025,0.08805803983247584,0.876,0.876,4740.62,1756066500.0,1.3754642821809087,-0.059829314467189004,0.11639632,0.19868940507698796,S2-analog
ethereum-above-4400-on-august-27,1756150200,16.0,1,0.633,0.0,0.633,,4400.0,1756310460,1,4651.18,4524.16,4518.47,0.7062786472456678,0.7404631118817052,-0.027827383636182014,0,1.854861111111111,ETH,2025-08-27 16:01:00+00:00,2025-08-27,2025Q3,2025,0.0732786472456678,0.5588318293683348,,4467.45,1756151100.0,6.667135059260986,0.02768902628723177,0.423910453521943,0.239303975605541,S2-analog
ethereum-above-4400-on-august-27,1756236600,79.3636,4,0.842,79.3636,0.8480515794394407,0.8480515794394407,4400.0,1756310460,1,4651.18,4568.67,4569.1,0.8773371283447443,0.7221996120104556,-0.037617593178511904,0,0.8548611111111112,ETH,2025-08-27 16:01:00+00:00,2025-08-27,2025Q3,2025,0.02928554890530366,0.9282212905396146,0.9282212905396146,4607.74,1756239300.0,6.51638471645212,0.017898816744902075,0.06711485261738435,-0.049520723261672825,S2-analog
ethereum-above-4400-on-august-29,1756240200,87.740736,3,0.73,87.740736,0.73,0.73,4400.0,1756483260,0,4314.4,4602.46,4600.965,0.7724899489835638,0.7299344984510592,-0.0449864022342712,0,2.8131944444444446,ETH,2025-08-29 16:01:00+00:00,2025-08-29,2025Q3,2025,0.04248994898356384,0.7599999999999999,0.7599999999999999,4605.07,1756245600.0,4.973980601400147,-0.06463267811760642,-0.7727679999999999,-0.4512863128264858,S2-analog
ethereum-above-4400-on-august-29,1756331100,5005.0,2,0.72,5005.0,0.72,0.72,4400.0,1756483260,0,4314.4,4542.55,4543.08,0.7501681210992222,0.707885753692014,-0.03188398745804597,0,1.761111111111111,ETH,2025-08-29 16:01:00+00:00,2025-08-29,2025Q3,2025,0.030168121099222178,0.6698680252304706,0.6700149925037481,4527.72,1756332000.0,6.6786765809039235,-0.051530263341381354,-0.6853481650107717,-0.34119420202487605,S2-analog
ethereum-above-4400-on-august-29,1756422900,41.857141,1,0.79,41.857141,0.7900000000000001,0.7900000000000001,4400.0,1756483260,0,4314.4,4501.83,4503.21,0.8259987959890648,0.5906992230151247,-0.022879439852247444,0,0.6986111111111111,ETH,2025-08-29 16:01:00+00:00,2025-08-29,2025Q3,2025,0.035998795989064636,0.8161326178612495,0.8184903157336164,4496.59,1756426500.0,10.55116326943132,-0.04252571573558276,-0.826636829615943,-0.3779410597403846,S2-analog
ethereum-above-4400-on-october-10,1759880700,8960.0,2,0.59,8960.0,0.5844196428571428,0.5844196428571428,4400.0,1760112060,0,4095.32,4461.4,4459.525,0.626954636832852,0.6037867817380163,-0.013858077196328884,0,2.677777777777778,ETH,2025-10-10 16:01:00+00:00,2025-10-10,2025Q4,2025,0.04253499397570926,0.65,0.65,4462.12,1759886100.0,7.491302560514777,-0.08561775979045692,-0.665925,-0.024536456856210975,S2-analog
ethereum-above-4400-on-october-2,1759364100,1019.79,5,0.34,1011.25,0.3601658184528187,0.3598294190358467,4400.0,1759420860,1,4433.45,4379.01,4380.105,0.3974297886725476,0.5149742301103736,0.004781869481162951,0,0.6569444444444444,ETH,2025-10-02 16:01:00+00:00,2025-10-02,2025Q4,2025,0.03726397021972888,0.27,0.27,4338.4,1759365900.0,17.78442266578866,0.012355390559765186,0.716203,0.49646951208424084,S2-analog
ethereum-above-4400-on-october-3,1759415400,1123.52,1,0.48,0.0,0.48,,4400.0,1759507260,1,4545.69,4415.89,4420.66,0.5491489913127118,0.5321894815759889,-0.0036048583200441603,0,1.0631944444444446,ETH,2025-10-03 16:01:00+00:00,2025-10-03,2025Q4,2025,0.0691489913127118,0.358,0.358,4374.42,1759417200.0,13.803888717623172,0.02897013204394203,0.62591148,0.22601100113057504,S2-analog
ethereum-above-4400-on-october-4,1759417200,1348.225,1,0.4,1348.225,0.4,0.4,4400.0,1759593660,1,4459.66,4374.42,4374.15,0.43656397643134476,0.5220269953807268,0.0058306013315778974,0,2.042361111111111,ETH,2025-10-04 16:01:00+00:00,2025-10-04,2025Q4,2025,0.036563976431344736,0.57,,4437.09,1759420800.0,10.071801667762177,0.019298590349581486,0.41284300000000007,0.2184714255316262,S2-analog
ethereum-above-4400-on-october-4,1759510800,11530.71,14,0.89,11525.25,0.8244448433791155,0.8244137871195854,4400.0,1759593660,1,4459.66,4525.42,4513.36,0.8885184831500373,0.4788017294084743,-0.02810584959993749,0,0.9590277777777778,ETH,2025-10-04 16:01:00+00:00,2025-10-04,2025Q4,2025,0.06407363977092184,0.8406255316484575,0.8406255316484575,4520.43,1759511700.0,8.556243353128,-0.01463786058193386,0.14999627104829805,0.275241368356484,S2-analog
ethereum-above-4400-on-october-5,1759417200,3960.1875,2,0.36,3960.1875,0.36003030159556837,0.36003030159556837,4400.0,1759680060,1,4534.78,4374.42,4374.15,0.4435221749507816,0.49096205189040454,0.0058306013315778974,0,3.042361111111111,ETH,2025-10-05 16:01:00+00:00,2025-10-05,2025Q4,2025,0.08349187335521324,0.65,0.65,4437.09,1759420800.0,8.797388772733752,0.036002631221111324,0.33407499999999996,0.017345856306521523,S2-analog
ethereum-above-4400-on-october-5,1759510800,3061.0,3,0.79,3061.0,0.7703985625612545,0.7703985625612545,4400.0,1759680060,1,4534.78,4525.42,4513.36,0.8269802957053032,0.4309501936838119,-0.02810584959993749,0,1.9590277777777776,ETH,2025-10-05 16:01:00+00:00,2025-10-05,2025Q4,2025,0.056581733144048685,0.780001,0.780001,4520.43,1759511700.0,8.621284734508045,0.002066180289595954,0.20798703920006995,0.19017391061063493,S2-analog
ethereum-above-4400-on-october-6,1759459500,10.0,1,0.67,10.0,0.67,0.67,4400.0,1759766460,1,4678.86,4503.58,4505.21,0.6982238295554013,0.4963397671196131,-0.023268095121031014,0,3.5527777777777776,ETH,2025-10-06 16:01:00+00:00,2025-10-06,2025Q4,2025,0.02822382955540126,0.71,0.71,4520.01,1759463100.0,7.360172676538047,0.038181854467918726,0.275587,-0.005438041994327514,S2-analog
ethereum-above-4400-on-october-6,1759566600,19.75,1,0.72,19.75,0.72,0.72,4400.0,1759766460,1,4678.86,4494.1,4495.4,0.7466256427094554,0.42327840750122264,-0.021160884482763005,0,2.3131944444444446,ETH,2025-10-06 16:01:00+00:00,2025-10-06,2025Q4,2025,0.026625642709455444,0.74,0.74,4488.35,1759567500.0,9.82251882388602,0.04028906510618669,0.246532,-0.14920810040228813,S2-analog
ethereum-above-4400-on-october-7,1759510800,1500.0,1,0.67,1500.0,0.67,0.67,4400.0,1759852860,1,4512.0,4525.42,4513.36,0.7034965552127903,0.5004441526103264,-0.02810584959993749,0,3.9590277777777776,ETH,2025-10-07 16:01:00+00:00,2025-10-07,2025Q4,2025,0.03349655521279027,0.67,0.67,4520.43,1759511700.0,6.709914285006102,-0.0029698763283953714,0.31452299999999994,0.3344506156006015,S2-analog
ethereum-above-4400-on-october-7,1759634100,10.0,1,0.77,10.0,0.77,0.77,4400.0,1759852860,1,4512.0,4553.78,4552.4400000000005,0.7986129881871651,0.5089074534800598,-0.034353116371662405,0,2.531944444444444,ETH,2025-10-07 16:01:00+00:00,2025-10-07,2025Q4,2025,0.028612988187165067,0.81,0.81,4531.54,1759636800.0,6.893038036587008,-0.009217143100120114,0.17922699999999994,0.24276111797779337,S2-analog
ethereum-above-4400-on-october-7,1759757400,10.0,1,0.91,10.0,0.9099999999999999,0.9099999999999999,4400.0,1759852860,1,4512.0,4590.89,4591.02,0.9352246702546574,0.5534905853942645,-0.04246936413424029,0,1.104861111111111,ETH,2025-10-07 16:01:00+00:00,2025-10-07,2025Q4,2025,0.025224670254657466,0.9664625247673956,0.9664625247673956,4637.87,1759759200.0,5.059598910874013,-0.017333390862698108,0.03126858532347054,0.11896859085413145,S2-analog
ethereum-above-4400-on-october-8,1759640400,10.0,1,0.75,10.0,0.75,0.75,4400.0,1759939260,1,4443.03,4574.62,4580.25,0.7770045692351571,0.5605433059490041,-0.038919094244297646,0,3.459027777777778,ETH,2025-10-08 16:01:00+00:00,2025-10-08,2025Q4,2025,0.02700456923515715,0.76,0.76,4569.23,1759644000.0,5.77831280389649,-0.029187059043074472,0.227232,0.39588395697668005,S2-analog
ethereum-above-4400-on-october-8,1759851000,1500.0,1,0.726,1500.0,0.726,0.726,4400.0,1759939260,1,4443.03,4553.01,4553.73,0.8671105840891137,0.6324397878368694,-0.034184011780070016,0,1.0215277777777778,ETH,2025-10-08 16:01:00+00:00,2025-10-08,2025Q4,2025,0.1411105840891137,0.7188816233600486,0.7188816233600486,4482.13,1759853700.0,7.196127691918434,-0.024451976578846756,0.2669720181930825,0.44293156397426264,S2-analog
ethereum-above-4400-on-october-9,1759885200,10.0,1,0.65,10.0,0.65,0.65,4400.0,1760025660,0,4317.76,4471.6,4473.74,0.6786555238872685,0.6024210279218146,-0.016141745489818192,0,1.6256944444444446,ETH,2025-10-09 16:01:00+00:00,2025-10-09,2025Q4,2025,0.02865552388726844,0.69,0.69,4479.23,1759891500.0,9.226797731211263,-0.035009537153748195,-0.704973,-0.3819470820190397,S2-analog
ethereum-above-4400-on-october-9,1759972500,207.958166,5,0.79,180.318166,0.827164373434607,0.8328610999736987,4400.0,1760025660,0,4317.76,4500.0,4501.6,0.8554760908475588,0.5443839284402614,-0.02247285585205874,0,0.6152777777777777,ETH,2025-10-09 16:01:00+00:00,2025-10-09,2025Q4,2025,0.028311717412951798,0.7900000000000001,0.7900000000000001,4481.52,1759973400.0,10.887908069887978,-0.04134064751598859,-0.8016130000000001,-0.3514998302962736,S2-analog
ethereum-above-4400-on-september-1,1756332000,7822.35,4,0.59,7822.35,0.5864205130171879,0.5864205130171879,4400.0,1756742460,0,4361.53,4527.72,4518.13,0.6457964372489924,0.6664465180119145,-0.028613960608821654,0,4.750694444444445,ETH,2025-09-01 16:01:00+00:00,2025-09-01,2025Q3,2025,0.05937592423180449,0.6506915726193833,0.6507099237556063,4524.07,1756336500.0,4.9551554534512015,-0.037395588298022885,-0.666602016115288,-0.481301062825324,S2-analog
ethereum-above-4400-on-september-1,1756450800,519.230768,3,0.52,519.230768,0.5392592593049108,0.5392592593049108,4400.0,1756742460,0,4361.53,4456.15,4455.15,0.5983339934208224,0.5552414608539978,-0.012680623611757254,0,3.3756944444444446,ETH,2025-09-01 16:01:00+00:00,2025-09-01,2025Q3,2025,0.059074734115911576,0.44000000000000006,0.44000000000000006,4381.03,1756454400.0,7.307109554827698,-0.02146225130095836,-0.45724800000000004,-0.300420978450654,S2-analog
ethereum-above-4400-on-september-1,1756538100,300.0,1,0.47,300.0,0.47,0.47,4400.0,1756742460,0,4361.53,4400.11,4400.11,0.516504305037241,0.5369201605923217,-2.499968750512779e-05,0,2.365277777777778,ETH,2025-09-01 16:01:00+00:00,2025-09-01,2025Q3,2025,0.04650430503724101,0.5189024390243903,0.52,4408.9,1756539900.0,9.228043894589527,-0.00880662737670621,-0.5363774278703153,-0.45510948387477657,S2-analog
ethereum-above-4400-on-september-1,1756681200,500.0,1,0.63,500.0,0.63,0.63,4400.0,1756742460,0,4361.53,4445.4,4444.33,0.6873035472403903,0.5455924445035797,-0.01026531274431375,0,0.7090277777777778,ETH,2025-09-01 16:01:00+00:00,2025-09-01,2025Q3,2025,0.05730354724039033,0.48393442622950816,0.47,4407.99,1756683000.0,15.22235657058143,-0.01904694043351476,-0.5014163590432679,-0.2114770401856813,S2-analog
ethereum-above-4400-on-september-10,1757081700,1250.0,1,0.45,1250.0,0.45,0.45,4400.0,1757520060,1,4403.79,4401.63,4391.72,0.49747102122819664,0.6255171290478884,-0.00037038594411157726,0,5.073611111111111,ETH,2025-09-10 16:01:00+00:00,2025-09-10,2025Q3,2025,0.04747102122819663,0.35,0.35,4291.49,1757083500.0,5.406776276162916,0.0004906069314865149,0.634075,0.6314223980819177,S2-analog
ethereum-above-4400-on-september-10,1757422800,56.0,7,0.29,56.0,0.28375,0.28375,4400.0,1757520060,1,4403.79,4345.19,4346.22,0.3195985288520835,0.495005243430777,0.012535054739444617,0,1.1256944444444443,ETH,2025-09-10 16:01:00+00:00,2025-09-10,2025Q3,2025,0.035848528852083505,0.32421225457081454,0.3248666594461255,4347.42,1757426400.0,12.996406182423657,0.013396047615042525,0.6604508386302007,0.4863503625860204,S2-analog
ethereum-above-4400-on-september-12,1757575800,23.255812,1,0.57,23.255812,0.57,0.57,4400.0,1757692860,1,4543.17,4437.14,4438.81,0.5957831582010208,0.5863729075138899,-0.008405483825801871,0,1.3548611111111113,ETH,2025-09-12 16:01:00+00:00,2025-09-12,2025Q3,2025,0.02578315820102084,0.56,,4433.11,1757578500.0,10.906124401383174,0.023614981534042245,0.42275199999999996,0.16520407365336875,S2-analog
ethereum-above-4400-on-september-14,1757593800,4135.589873,12,0.55,4135.589873,0.5299582578023205,0.5299582578023205,4400.0,1757865660,1,4579.64,4473.0,4426.88,0.6418211680562219,0.5074181704414634,-0.016454783526495737,0,3.146527777777778,ETH,2025-09-14 16:01:00+00:00,2025-09-14,2025Q3,2025,0.11186291025390138,0.5402702702702703,0.5402702702702703,4426.06,1757595600.0,8.03041835034938,0.023561067965947504,0.44234324835646455,0.2531380158088907,S2-analog
ethereum-above-4400-on-september-14,1757736900,10.0,1,0.967,10.0,0.967,0.967,4400.0,1757865660,1,4579.64,4739.53,4741.16,0.9930086982443305,0.4704554016672159,-0.07433343374833333,0,1.4902777777777778,ETH,2025-09-14 16:01:00+00:00,2025-09-14,2025Q3,2025,0.026008698244330497,0.967,0.967,4743.1,1757739600.0,0.6475325447937995,-0.03431758225589022,0.030766230000000026,0.052987981369327156,S2-analog
ethereum-above-4400-on-september-15,1757593800,5028.0,3,0.53,5028.0,0.4703341288782816,0.4703341288782816,4400.0,1757952060,1,4499.27,4473.0,4426.88,0.6204150708770095,0.5200127809334776,-0.016454783526495737,0,4.146527777777777,ETH,2025-09-15 16:01:00+00:00,2025-09-15,2025Q3,2025,0.15008094199872796,0.4876881709978935,0.4876863940339826,4400.46,1757598300.0,6.941727279673366,0.005855836943893069,0.49482243968144285,0.4541728166227012,S2-analog
ethereum-above-4400-on-september-16,1757926800,650.0,2,0.76,0.0,0.76,,4400.0,1758038460,1,4469.12,4510.62,4507.27,0.789860951503185,0.5505586248785365,-0.024830075425736713,0,1.292361111111111,ETH,2025-09-16 16:01:00+00:00,2025-09-16,2025Q3,2025,0.029860951503185018,0.85,0.85,4529.79,1757934000.0,9.250232328952364,-0.009243095114473524,0.141075,0.22657577724748465,S2-analog
ethereum-above-4400-on-september-17,1757925900,3515.22,6,0.72,3301.22,0.7305569494939151,0.7299448082829985,4400.0,1758124860,1,4487.01,4553.0,4554.09,0.7826607758649431,0.5918628248286109,-0.034181815428429636,0,2.302777777777778,ETH,2025-09-17 16:01:00+00:00,2025-09-17,2025Q3,2025,0.05210382637102795,0.7003811298114875,0.7001462087725263,4510.62,1757926800.0,6.625391780661827,-0.014599800700707155,0.2849295519914295,0.38165895155319546,S2-analog
ethereum-above-4400-on-september-17,1758084300,6528.0,3,0.79,6528.0,0.7769791666666667,0.7769791666666667,4400.0,1758124860,1,4487.01,4483.71,4482.33,0.8057325439125819,0.6192653882335469,-0.018846287796359846,0,0.4694444444444444,ETH,2025-09-17 16:01:00+00:00,2025-09-17,2025Q3,2025,0.0287533772459152,0.83,0.83,4487.34,1758086100.0,12.64970825898033,0.0007357269313624983,0.16012300000000004,0.1508162689599896,S2-analog
ethereum-above-4400-on-september-18,1758156300,60.0,1,0.914,0.0,0.914,,4400.0,1758211260,1,4597.85,4600.41,4602.19,0.9503906991196616,0.671308941672614,-0.04454088903373509,0,0.6361111111111112,ETH,2025-09-18 16:01:00+00:00,2025-09-18,2025Q3,2025,0.03639069911966153,0.9662939184755506,0.9662939184755506,4584.79,1758157200.0,4.116078536551192,-0.000556627028611313,0.031426182812959266,0.033717303378290556,S2-analog
ethereum-above-4400-on-september-19,1758175200,56.666665,2,0.85,56.666665,0.8535294118685121,0.8535294118685121,4400.0,1758297660,1,4473.75,4589.51,4590.505,0.885594110957372,0.5999395220341411,-0.04216872363700839,0,1.417361111111111,ETH,2025-09-19 16:01:00+00:00,2025-09-19,2025Q3,2025,0.032064699088859894,0.8473498232616214,0.8473498232616214,4562.91,1758176100.0,5.767935723498498,-0.0255462814631253,0.14359580971877012,0.290945119172478,S2-analog
ethereum-above-4400-on-september-20,1758297600,10.0,1,0.76,10.0,0.76,0.76,4400.0,1758384060,1,4499.33,4474.93,4476.235000000001,0.7920498089492214,0.4368053317990239,-0.016886168222158025,0,1.0006944444444446,ETH,2025-09-20 16:01:00+00:00,2025-09-20,2025Q3,2025,0.03204980894922138,0.8216666666666667,0.8216666666666667,4465.52,1758302100.0,13.39333788894308,0.005437787655960457,0.16807619444444447,0.0952460669998423,S2-analog
ethereum-above-4400-on-september-21,1758394800,10.0,1,0.84,10.0,0.8400000000000001,0.8400000000000001,4400.0,1758470460,1,4484.61,4475.22,4476.5,0.8878953294013018,0.29478031103354774,-0.01695097160536434,0,0.8756944444444444,ETH,2025-09-21 16:01:00+00:00,2025-09-21,2025Q3,2025,0.0478953294013017,0.96,0.96,4484.69,1758402000.0,13.988301044097694,0.002096022678502772,0.03731200000000003,0.007992203777847259,S2-analog
ethereum-above-4400-on-september-22,1758478500,18.75,1,0.84,18.75,0.84,0.84,4400.0,1758556860,0,4167.22,4487.42,4490.25,0.8672047569039276,0.4072706128717564,-0.019673385433223393,0,0.9069444444444446,ETH,2025-09-22 16:01:00+00:00,2025-09-22,2025Q3,2025,0.02720475690392765,0.86,,4497.0,1758481200.0,12.408329769883396,-0.07402877953443253,-0.868428,0.05014550892523384,S2-analog
ethereum-above-4400-on-september-3,1756515600,5.0,1,0.4,5.0,0.4,0.4,4400.0,1756915260,1,4482.54,4342.65,4342.11,0.42507098140056765,0.6127345159572268,0.013119780073329708,0,4.625694444444445,ETH,2025-09-03 16:01:00+00:00,2025-09-03,2025Q3,2025,0.025070981400567627,0.38681318573505524,0.38681318573505524,4344.4,1756516500.0,5.639399629579426,0.03170508919819562,0.596583602109586,0.417785933829499,S2-analog
ethereum-above-4400-on-september-3,1756746000,1035.426929,6,0.33,1035.426929,0.3698672707883571,0.3698672707883571,4400.0,1756915260,1,4482.54,4355.22,4351.68,0.40053617114975976,0.58387506277883,0.010229415248140696,0,1.9590277777777776,ETH,2025-09-03 16:01:00+00:00,2025-09-03,2025Q3,2025,0.03066890036140263,0.35854044025107235,0.34937070737474346,4326.68,1756746900.0,9.01523759691753,0.028814724373006643,0.6253603162420329,0.36558872972968753,S2-analog
ethereum-above-4400-on-september-3,1756836000,10.55,1,0.2,10.55,0.2,0.2,4400.0,1756915260,1,4482.54,4319.36,4319.36,0.2657296626609409,0.6159010642721344,0.018497297791365698,0,0.9173611111111111,ETH,2025-09-03 16:01:00+00:00,2025-09-03,2025Q3,2025,0.06572966266094088,0.20058823527584774,0.20086956519077506,4296.23,1756836900.0,10.697383196000727,0.03708260691623174,0.7881870830640185,0.3915002269744208,S2-analog
ethereum-above-4400-on-september-5,1756900800,5.0,1,0.42,5.0,0.42000000000000004,0.42000000000000004,4400.0,1757088060,0,4278.13,4371.51,4375.17,0.44632118611933774,0.6364970985045958,0.006496053743702125,0,2.167361111111111,ETH,2025-09-05 16:01:00+00:00,2025-09-05,2025Q3,2025,0.026321186119337703,0.42000000000000004,,4364.35,1756901700.0,8.034227729513026,-0.021592488950215885,-0.43705200000000005,-0.263573026526972,S2-analog
ethereum-above-4400-on-september-5,1756990800,10.0,1,0.51,10.0,0.51,0.51,4400.0,1757088060,0,4278.13,4416.62,4415.66,0.5467679876323158,0.6317716178299275,-0.003770156746349095,0,1.1256944444444443,ETH,2025-09-05 16:01:00+00:00,2025-09-05,2025Q3,2025,0.03676798763231581,0.5,0.5,4397.87,1756991700.0,11.32480074367476,-0.03185869944026707,-0.5175,-0.15670657688635276,S2-analog
ethereum-above-4400-on-september-8,1757081700,3750.0,3,0.37,3750.0,0.42333333333333334,0.42333333333333334,4400.0,1757347260,0,4370.22,4401.63,4391.72,0.5003081709222303,0.5667780503783448,-0.00037038594411157726,0,3.073611111111111,ETH,2025-09-08 16:01:00+00:00,2025-09-08,2025Q3,2025,0.076974837588897,0.31683917287804964,0.316879885262694,4322.82,1757082600.0,7.669050214446894,-0.007161575778579,-0.33199082067660984,-0.2770683364161209,S2-analog
ethereum-above-4400-on-september-8,1757178900,254.5675,3,0.24,252.2875,0.20035825468687088,0.2,4400.0,1757347260,0,4370.22,4287.49,4287.92,0.227953090292174,0.46875664140271506,0.02590306079639336,0,1.948611111111111,ETH,2025-09-08 16:01:00+00:00,2025-09-08,2025Q3,2025,0.027594835605303125,0.20006122266431228,0.2,4277.2,1757183400.0,8.636858620756943,0.019111870961925646,-0.21126379375383839,-0.3763303212301402,S2-analog
ethereum-above-4500-on-august-20-174-564,1755174600,10315.122806,5,0.57,10315.122806,0.5782403284574138,0.5782403284574138,4500.0,1755705660,0,4264.53,4714.13,4690.33,0.6911722667509769,0.6909326359847375,-0.04648698478635012,0,6.146527777777778,ETH,2025-08-20 16:01:00+00:00,2025-08-20,2025Q3,2025,0.11293193829356307,0.5100505514826977,0.5100513485042506,4567.33,1755176400.0,3.9773280964060422,-0.10023240598797063,-0.5275434805317403,-0.12888631602540745,S2-analog
ethereum-above-4500-on-august-20-174-564,1755449100,4010.0,1,0.52,4010.0,0.52,0.52,4500.0,1755705660,0,4264.53,4528.15,4532.44,0.5491859786902316,0.655569018207845,-0.006236070784394379,0,2.9694444444444446,ETH,2025-08-20 16:01:00+00:00,2025-08-20,2025Q3,2025,0.02918597869023154,0.55,0.55,4523.92,1755453600.0,6.727436235740187,-0.05998149198601486,-0.5673250000000001,-0.16380333733952407,S2-analog
ethereum-above-4500-on-august-20-174-564,1755552600,5300.0,2,0.18,5300.0,0.1811320754716981,0.1811320754716981,4500.0,1755705660,0,4264.53,4352.7,4356.735,0.2162100331913194,0.6241545827798748,0.033281054568662254,0,1.7715277777777778,ETH,2025-08-20 16:01:00+00:00,2025-08-20,2025Q3,2025,0.0350779577196213,0.28,0.28,4375.81,1755555300.0,6.7306094931870275,-0.020464366632958492,-0.29411200000000004,-0.15637433966814976,S2-analog
ethereum-above-4500-on-august-22-713-136,1755712800,5.56,1,0.18,5.56,0.18,0.18,4500.0,1755878460,1,4628.91,4343.91,4341.475,0.2155266382467272,0.6551530313175349,0.035302532591309534,0,1.917361111111111,ETH,2025-08-22 16:01:00+00:00,2025-08-22,2025Q3,2025,0.035526638246727194,0.14014230271668823,0.14014230271668823,4290.01,1755713700.0,6.259637058425332,0.06354655503095864,0.8514225266438951,0.45364415583684164,S2-analog
ethereum-above-4500-on-august-25,1755872100,10834.42,20,0.6,10119.39,0.6178007959816953,0.6188985007989612,4500.0,1756137660,1,4606.78,4595.96,4606.39,0.6517271246187896,0.7011744410493292,-0.0211002599521706,0,3.073611111111111,ETH,2025-08-25 16:01:00+00:00,2025-08-25,2025Q3,2025,0.033926328637094216,0.6603699426880686,0.63,4576.32,1755873000.0,5.93486987254775,0.00235147466639386,0.3239303536081756,0.30997465745453545,S2-analog
ethereum-above-4500-on-august-25,1756063800,1694.6875,6,0.936,1684.6875,0.9389208924949292,0.9388670005564832,4500.0,1756137660,1,4606.78,4937.95,4932.7,0.9899735762481863,0.8371723536399637,-0.09287286853854419,0,0.8548611111111112,ETH,2025-08-25 16:01:00+00:00,2025-08-25,2025Q3,2025,0.05105268375325711,0.9290000000000002,0.9290000000000002,4850.78,1756064700.0,0.7453069943269515,-0.06942113391997984,0.06638286999999984,0.1181229266646688,S2-analog
ethereum-above-4500-on-october-10,1760063400,144.8421,2,0.05,144.8421,0.05103561050274747,0.05103561050274747,4500.0,1760112060,0,4095.32,4376.5,4381.049999999999,0.08265105017545475,0.5236323484385332,0.027828078585918365,0,0.5631944444444444,ETH,2025-10-10 16:01:00+00:00,2025-10-10,2025Q4,2025,0.03161543967270728,0.08619048136054495,0.08619048136054495,4368.28,1760064300.0,7.658909707412359,-0.06640445986026822,-0.09170379912038173,0.4168819631189009,S2-analog
ethereum-above-4500-on-october-2,1759375800,117.635611,2,0.065,117.635611,0.06490917928755434,0.06490917928755434,4500.0,1759420860,0,4433.45,4393.8,4399.98,0.11428186494554232,0.5250396620593544,0.023882940463331934,0,0.5215277777777777,ETH,2025-10-02 16:01:00+00:00,2025-10-02,2025Q4,2025,0.04937268565798798,0.112,0.112,4385.0,1759376700.0,9.628558748461375,0.008983605689875633,-0.11896192,-0.2054610951579794,S2-analog
ethereum-above-4500-on-october-4,1759364100,13.25,1,0.2,13.25,0.20000000000000004,0.20000000000000004,4500.0,1759593660,0,4459.66,4379.01,4380.105,0.2523599696799605,0.5269117257152707,0.02725472533322141,0,2.6569444444444446,ETH,2025-10-04 16:01:00+00:00,2025-10-04,2025Q4,2025,0.052359969679960455,0.22000000000000003,0.22000000000000003,4356.85,1759365000.0,7.2826021756597035,0.0182498584991668,-0.23201200000000002,-0.3649184592115139,S2-analog
ethereum-above-4500-on-october-4,1759509900,2697.3,3,0.61,5.0,0.6790516442368293,0.63,4500.0,1759593660,0,4459.66,4581.03,4580.43,0.7849321277789222,0.45648864400552164,-0.01784646689536197,0,0.9694444444444444,ETH,2025-10-04 16:01:00+00:00,2025-10-04,2025Q4,2025,0.1058804835420929,0.4670422496915412,0.46821515656571816,4525.42,1759510800.0,12.830718003638196,-0.026851333729416563,-0.48446621476016355,-0.13994432365644088,S2-analog
ethereum-above-4500-on-october-5,1759496400,92.0,2,0.4,92.0,0.39999999999999997,0.39999999999999997,4500.0,1759680060,1,4534.78,4482.41,4482.74,0.4325918124552114,0.40102813871359755,0.003916548562118277,0,2.1256944444444446,ETH,2025-10-05 16:01:00+00:00,2025-10-05,2025Q4,2025,0.03259181245521142,0.4,0.4,4467.0,1759497300.0,12.902491339548249,0.011615722599593387,0.5831999999999999,0.4333282397561514,S2-analog
ethereum-above-4500-on-october-5,1759589100,12.0,1,0.45,12.0,0.45,0.45,4500.0,1759680060,1,4534.78,4498.34,4501.27,0.48888958352116807,0.33240748781766705,0.0003689569451324398,0,1.0527777777777778,ETH,2025-10-05 16:01:00+00:00,2025-10-05,2025Q4,2025,0.03888958352116806,0.34115468409586064,0.34115468409586064,4470.58,1759590000.0,22.337119860235653,0.00806813098260737,0.6431115443110674,0.46289273550448573,S2-analog
ethereum-above-4500-on-october-6,1759510800,7500.0,5,0.49,7500.0,0.472,0.472,4500.0,1759766460,1,4678.86,4525.42,4513.36,0.5505806265319534,0.4491670321423229,-0.005632993747879113,0,2.959027777777778,ETH,2025-10-06 16:01:00+00:00,2025-10-06,2025Q4,2025,0.07858062653195341,0.5,0.5,4498.99,1759512600.0,9.794805111844605,0.03334409998901205,0.4825,0.15590103897776714,S2-analog
ethereum-above-4500-on-october-6,1759656600,500.0,1,0.68,500.0,0.68,0.68,4500.0,1759766460,1,4678.86,4574.92,4565.2,0.7207446830876243,0.4822457479983834,-0.016511815459525004,0,1.2715277777777778,ETH,2025-10-06 16:01:00+00:00,2025-10-06,2025Q4,2025,0.040744683087624245,0.68,0.68,4551.39,1759657500.0,11.942377089578393,0.022465278277366264,0.30476799999999993,0.036479175389377894,S2-analog
ethereum-above-4500-on-october-7,1759759200,10.0,1,0.83,0.0,0.8299999999999998,,4500.0,1759852860,1,4512.0,4637.87,4640.34,0.862782438210353,0.5399251138514186,-0.03017781234125304,0,1.0840277777777778,ETH,2025-10-07 16:01:00+00:00,2025-10-07,2025Q4,2025,0.032782438210353204,0.88,0.88,4661.36,1759761000.0,8.13389826370727,-0.027514694921769257,0.112608,0.3364097292506142,S2-analog
ethereum-above-4500-on-october-8,1759764600,10.0,1,0.8,10.0,0.8,0.8,4500.0,1759939260,0,4443.03,4690.95,4691.42,0.8471783641527375,0.5846320475438102,-0.04155772380507792,0,2.0215277777777776,ETH,2025-10-08 16:01:00+00:00,2025-10-08,2025Q4,2025,0.04717836415273746,0.8100000000000002,0.8100000000000002,4663.49,1759767300.0,5.931242837340821,-0.05429854445591329,-0.8207730000000002,-0.4987151471178324,S2-analog
ethereum-above-4500-on-october-8,1759853700,203.026476,3,0.35,203.026476,0.35968944070132014,0.35968944070132014,4500.0,1759939260,0,4443.03,4482.13,4487.49,0.4546148282909181,0.6198991265310069,0.003979016909650147,0,0.9902777777777777,ETH,2025-10-08 16:01:00+00:00,2025-10-08,2025Q4,2025,0.09492538758959795,0.5998843106180666,0.5998843106180666,4482.61,1759854600.0,12.235978736474806,-0.008761803741185454,-0.6166859293325313,-0.5094766850622207,S2-analog
ethereum-above-4500-on-october-9,1759968000,46.5,2,0.52,28.53,0.5752193548387097,0.61,4500.0,1760025660,0,4317.76,4525.72,4527.81,0.6045752264373033,0.524230780210743,-0.005699283740103449,0,0.6673611111111111,ETH,2025-10-09 16:01:00+00:00,2025-10-09,2025Q4,2025,0.029355871598593652,0.385,0.385,4481.52,1759973400.0,17.279317977200275,-0.0470399312560919,-0.40157425,0.4112436797996538,S2-analog
ethereum-above-4500-on-september-1,1756321200,32.0,2,0.57,32.0,0.57,0.57,4500.0,1756742460,0,4361.53,4591.73,4592.04,0.5956542189594104,0.6662725203673442,-0.020179462602918648,0,4.875694444444444,ETH,2025-09-01 16:01:00+00:00,2025-09-01,2025Q3,2025,0.025654218959410446,0.5935383124179755,0.5935383124179755,4561.47,1756325700.0,5.052830058143535,-0.05143394614417838,-0.6104258533056753,-0.3505388642194351,S2-analog
ethereum-above-4500-on-september-1,1756450800,599.0,4,0.36,500.0,0.37335559265442403,0.376,4500.0,1756742460,0,4361.53,4456.15,4455.15,0.4135139069485066,0.5492466553737613,0.009792232240301478,0,3.3756944444444446,ETH,2025-09-01 16:01:00+00:00,2025-09-01,2025Q3,2025,0.040158314294082564,0.28,,4395.04,1756451700.0,7.385275655385455,-0.02146225130095836,-0.29411200000000004,-0.13560735795726744,S2-analog
ethereum-above-4500-on-september-1,1756552500,85.92,1,0.24,0.0,0.24,,4500.0,1756742460,0,4361.53,4396.92,4395.965,0.2663541171984919,0.4804313045865376,0.023173100966452007,0,2.198611111111111,ETH,2025-09-01 16:01:00+00:00,2025-09-01,2025Q3,2025,0.0263541171984919,0.25,0.25,4392.08,1756555200.0,8.71713874171881,-0.008081382574807755,-0.263125,-0.192678466870492,S2-analog
ethereum-above-4500-on-september-1,1756641600,109.0,1,0.41,109.0,0.41,0.41,4500.0,1756742460,0,4361.53,4476.98,4475.68,0.43602389632061195,0.48639494355925994,0.005128684804618541,0,1.167361111111111,ETH,2025-09-01 16:01:00+00:00,2025-09-01,2025Q3,2025,0.026023896320611972,0.48,0.48037069726390114,4471.08,1756644300.0,14.215473039356633,-0.026125798736641174,-0.49747199999999997,-0.12608141242761978,S2-analog
ethereum-above-4500-on-september-10,1757349900,9.41176,1,0.15,9.41176,0.15,0.15,4500.0,1757520060,0,4403.79,4347.42,4345.85,0.18916914058533596,0.5520452454511343,0.03449483107938375,0,1.9694444444444443,ETH,2025-09-10 16:01:00+00:00,2025-09-10,2025Q3,2025,0.039169140585335965,0.15,0.15,4330.66,1757351700.0,6.732853033157965,0.01288296810292328,-0.15892499999999998,-0.2456641308678443,S2-analog
ethereum-above-4500-on-september-12,1757593800,5163.726060999999,39,0.29,4780.696061,0.3699425773279988,0.3689922565905817,4500.0,1757692860,1,4543.17,4473.0,4426.88,0.41043096682921804,0.568216876942519,0.006018072325562945,0,1.1465277777777778,ETH,2025-09-12 16:01:00+00:00,2025-09-12,2025Q3,2025,0.040488389501219246,0.3145113743516456,0.3225841550898078,4414.57,1757594700.0,12.2668709580442,0.015565681833348425,0.6703970477654984,0.47945483734184036,S2-analog
ethereum-above-4500-on-september-14,1757593800,12180.0,5,0.27,12180.0,0.2727257799671593,0.2727257799671593,4500.0,1757865660,1,4579.64,4473.0,4426.88,0.43986213614067105,0.5007893279232225,0.006018072325562945,0,3.146527777777778,ETH,2025-09-14 16:01:00+00:00,2025-09-14,2025Q3,2025,0.16713635617351175,0.32675675675675675,0.32675675675675675,4426.06,1757595600.0,8.48054628832683,0.023561067965947504,0.6578441687363039,0.4580334412486716,S2-analog
ethereum-above-4500-on-september-14,1757739600,10.0,1,0.944,10.0,0.944,0.944,4500.0,1757865660,1,4579.64,4743.1,4742.47,0.9716757912253207,0.4793497237369655,-0.05261353359921058,0,1.4590277777777778,ETH,2025-09-14 16:01:00+00:00,2025-09-14,2025Q3,2025,0.02767579122532071,0.944,0.944,4723.43,1757743200.0,2.9943432882020935,-0.03507053795882622,0.052299520000000044,0.1573127499506481,S2-analog
ethereum-above-4500-on-september-15,1757593800,10000.0,4,0.31,10000.0,0.31,0.31,4500.0,1757952060,0,4499.27,4473.0,4426.88,0.44949989274883767,0.513739155872845,0.006018072325562945,0,4.146527777777777,ETH,2025-09-15 16:01:00+00:00,2025-09-15,2025Q3,2025,0.13949989274883767,0.3042584035197153,0.3042554470783254,4400.46,1757598300.0,7.217370524000827,0.005855836943893069,-0.31907636943822976,-0.36134011439043867,S2-analog
ethereum-above-4500-on-september-15,1757860200,14192.941175,3,0.82,14192.941175,0.8194313660466503,0.8194313660466503,4500.0,1757952060,0,4499.27,4614.72,4618.24,0.8686415937507992,0.44605620555079,-0.02517379761529435,0,1.0631944444444446,ETH,2025-09-15 16:01:00+00:00,2025-09-15,2025Q3,2025,0.049210227704148846,0.81,0.81,4590.99,1757861100.0,9.713061153314536,-0.025336032996964495,-0.8207730000000001,-0.574682562118089,S2-analog
ethereum-above-4500-on-september-16,1757593800,7920.0,2,0.34,7920.0,0.34500000000000003,0.34500000000000003,4500.0,1758038460,0,4469.12,4473.0,4426.88,0.4556508097303289,0.5565700076257173,0.006018072325562945,0,5.146527777777778,ETH,2025-09-16 16:01:00+00:00,2025-09-16,2025Q3,2025,0.11065080973032887,0.3376881720430108,0.33768639508070714,4400.46,1757598300.0,5.99011355326621,-0.0008678032152323195,-0.3533440129783791,-0.348145773177248,S2-analog
ethereum-above-4500-on-september-16,1757890800,10.0,1,0.76,10.0,0.76,0.76,4500.0,1758038460,0,4469.12,4629.15,4631.53,0.8044168363099913,0.5185538967978554,-0.0282958691548472,0,1.7090277777777778,ETH,2025-09-16 16:01:00+00:00,2025-09-16,2025Q3,2025,0.04441683630999127,0.74,0.74,4598.15,1757895300.0,8.29613729024243,-0.03518174469564261,-0.753468,-0.46159541589469055,S2-analog
ethereum-above-4500-on-september-16,1757996100,5000.0,1,0.48,5000.0,0.48,0.48,4500.0,1758038460,0,4469.12,4509.86,4509.9,0.5402917812132565,0.4401614286917988,-0.0021887141278927077,0,0.4902777777777778,ETH,2025-09-16 16:01:00+00:00,2025-09-16,2025Q3,2025,0.06029178121325651,0.62,0.62,4514.2,1757997900.0,24.529422688009536,-0.009074589668688236,-0.636492,-0.41389755429650177,S2-analog
ethereum-above-4500-on-september-17,1758059100,9.090908,1,0.45,9.090908,0.45,0.45,4500.0,1758124860,0,4487.01,4500.31,4500.63,0.4935265527954015,0.5325662676270458,-6.88865161583582e-05,0,0.7611111111111111,ETH,2025-09-17 16:01:00+00:00,2025-09-17,2025Q3,2025,0.04352655279540146,0.6092482680502218,0.6092482680502218,4520.6,1758062700.0,16.403628361148048,-0.0029597276404946344,-0.6259128051651837,-0.577362532900292,S2-analog
ethereum-above-4500-on-september-18,1758029400,880.63,1,0.43,880.63,0.43000000000000005,0.43000000000000005,4500.0,1758211260,1,4597.85,4508.73,4511.22,0.5123839823512241,0.5894723396618355,-0.001938120630259005,0,2.104861111111111,ETH,2025-09-18 16:01:00+00:00,2025-09-18,2025Q3,2025,0.08238398235122402,0.37,0.37,4473.58,1758031200.0,8.91017762082636,0.01957328552280637,0.613683,0.43928154936864605,S2-analog
ethereum-above-4500-on-september-18,1758133800,13.0,1,0.44,13.0,0.44,0.44,4500.0,1758211260,1,4597.85,4497.75,4492.93,0.4898621988106958,0.8497316953757919,0.0005001250416821515,0,0.8965277777777778,ETH,2025-09-18 16:01:00+00:00,2025-09-18,2025Q3,2025,0.04986219881069581,0.5814285714285715,0.5814285714285715,4517.62,1758139200.0,9.467979322742094,0.022011531194747507,0.4015355714285713,0.19313084921480936,S2-analog
ethereum-above-4500-on-september-19,1758203100,80.0,8,0.71,80.0,0.7024999999999999,0.7024999999999999,4500.0,1758297660,0,4473.75,4574.24,4569.78,0.728595933371274,0.5144587962768367,-0.01636316793313952,0,1.0944444444444443,ETH,2025-09-19 16:01:00+00:00,2025-09-19,2025Q3,2025,0.026095933371274138,0.79,0.79,4590.74,1758209400.0,12.06023526934683,-0.02221358161131506,-0.801613,-0.5337119795927039,S2-analog
ethereum-above-4500-on-september-20,1758293100,625.0,5,0.48,124.76,0.4672,0.495992305226034,4500.0,1758384060,0,4499.33,4523.9,4525.27,0.6049050147473273,0.3943555108446125,-0.005297056900846227,0,1.0527777777777778,ETH,2025-09-20 16:01:00+00:00,2025-09-20,2025Q3,2025,0.13770501474732727,0.37310000000000004,0.37310000000000004,4495.75,1758294000.0,18.30386747423382,-0.005445956874786232,-0.38947274730000003,-0.28979067439352024,S2-analog
ethereum-above-4500-on-september-21,1758254400,2000.0,4,0.6,2000.0,0.6,0.6,4500.0,1758470460,0,4484.61,4549.98,4549.64,0.6276325652233457,0.42508915792773283,-0.011045440572528695,0,2.5006944444444446,ETH,2025-09-21 16:01:00+00:00,2025-09-21,2025Q3,2025,0.027632565223345673,0.612983508245877,0.613,4535.51,1758255300.0,10.851217741371958,-0.014471302140719945,-0.6295899391263887,-0.4725586885962545,S2-analog
ethereum-above-4500-on-september-21,1758387600,100.0,1,0.41,0.0,0.41,,4500.0,1758470460,0,4484.61,4502.57,4504.545,0.527927275823919,0.27807688217385096,-0.0005709480892265286,0,0.9590277777777778,ETH,2025-09-21 16:01:00+00:00,2025-09-21,2025Q3,2025,0.11792727582391899,0.41,0.41,4481.53,1758392100.0,27.973098103627105,-0.003996809657417858,-0.426933,-0.31512985135152605,S2-analog
ethereum-above-4500-on-september-22,1758472200,130.0,2,0.38,130.0,0.38,0.38,4500.0,1758556860,0,4167.22,4484.23,4486.57,0.42776443233307426,0.3526111524240756,0.0035105993938695534,0,0.9798611111111112,ETH,2025-09-22 16:01:00+00:00,2025-09-22,2025Q3,2025,0.04776443233307426,0.38,0.38,4471.16,1758473100.0,21.39833562355965,-0.0733176505593982,-0.396492,1.1723836938008687,S2-analog
ethereum-above-4500-on-september-23,1758500100,1010.0,2,0.31,1010.0,0.3103960396039604,0.3103960396039604,4500.0,1758643260,0,4181.83,4450.01,4451.62,0.3614984188698032,0.46017192202372387,0.011171053409638816,0,1.6569444444444443,ETH,2025-09-23 16:01:00+00:00,2025-09-23,2025Q3,2025,0.05110237926584282,0.2,,4427.62,1758501000.0,11.989883600659292,-0.06215739359294756,-0.2112,0.5340599140998068,S2-analog
ethereum-above-4500-on-september-3,1756450800,250.0,1,0.4,250.0,0.4,0.4,4500.0,1756915260,0,4482.54,4456.15,4455.15,0.433603864855425,0.611420907953488,0.009792232240301478,0,5.375694444444445,ETH,2025-09-03 16:01:00+00:00,2025-09-03,2025Q3,2025,0.03360386485542499,0.31,0.31,4356.41,1756457100.0,5.300195658695693,0.005904685513108935,-0.324973,-0.35626898852254335,S2-analog
ethereum-above-4500-on-september-3,1756738800,500.0,1,0.26,500.0,0.26,0.26,4500.0,1756915260,0,4482.54,4396.26,4396.0,0.28706827670692114,0.58705455118488,0.023323217306897393,0,2.042361111111111,ETH,2025-09-03 16:01:00+00:00,2025-09-03,2025Q3,2025,0.027068276706921135,0.26,0.26,4384.13,1756739700.0,7.79629899916616,0.019435670579705053,-0.273468,-0.4249942990886777,S2-analog
ethereum-above-4500-on-september-3,1756827000,100.0,1,0.07,0.0,0.07,,4500.0,1756915260,0,4482.54,4336.04,4331.21,0.12808763706984044,0.6328217778679669,0.037115907589228954,0,1.0215277777777778,ETH,2025-09-03 16:01:00+00:00,2025-09-03,2025Q3,2025,0.058087637069840437,0.08,0.08,4310.1,1756827900.0,6.325953417079407,0.03322836086203649,-0.085152,-0.2953530629391473,S2-analog
ethereum-above-4500-on-september-5,1756813500,140.0,2,0.27,140.0,0.26999999999999996,0.26999999999999996,4500.0,1757088060,0,4278.13,4374.1,4375.67,0.3117379194008153,0.6553996209137214,0.028376612414496422,0,3.1777777777777776,ETH,2025-09-05 16:01:00+00:00,2025-09-05,2025Q3,2025,0.04173791940081534,0.28,0.28,4327.13,1756815300.0,5.7725561079697885,-0.022184786131479985,-0.29411200000000004,-0.1660490773127218,S2-analog
ethereum-above-4500-on-september-8,1757079900,1268.0,2,0.4,1250.0,0.4005678233438486,0.4,4500.0,1757347260,0,4370.22,4460.95,4456.9,0.4289034792358717,0.5752080587198433,0.00871564894223097,0,3.0944444444444446,ETH,2025-09-08 16:01:00+00:00,2025-09-08,2025Q3,2025,0.02833565589202308,0.32,0.32,4401.63,1757081700.0,7.396305449521556,-0.02054839674429545,-0.33523200000000003,-0.18324978118123658,S2-analog
ethereum-above-4600-on-august-13,1755065700,558.2,3,0.56,558.2,0.5896130419204586,0.5896130419204586,4600.0,1755100860,1,4663.2,4643.35,4642.15,0.6652459759974035,0.6720990995547925,-0.0093797849975621,0,0.40694444444444444,ETH,2025-08-13 16:01:00+00:00,2025-08-13,2025Q3,2025,0.07563293407694494,0.5964205920852086,0.5964205920852086,4617.88,1755066600.0,16.36555934796389,0.004265819256591386,0.38673019305525574,0.3169176748438222,S2-analog
ethereum-above-4600-on-august-15,1755042300,20.0,1,0.46,20.0,0.4600000000000001,0.4600000000000001,4600.0,1755273660,0,4426.51,4608.61,4606.41,0.49252343947539545,0.7022072266380026,-0.001869989609506119,0,2.677777777777778,ETH,2025-08-15 16:01:00+00:00,2025-08-15,2025Q3,2025,0.03252343947539538,0.4799999999999999,0.4799999999999999,4607.51,1755044100.0,6.632904002959613,-0.04031482991693862,-0.4974719999999999,-0.2300676032653018,S2-analog
ethereum-above-4600-on-august-15,1755152100,1202.0,2,0.71,1202.0,0.7100499168053245,0.7100499168053245,4600.0,1755273660,0,4426.51,4730.39,4727.17,0.737919405075964,0.7198720995713143,-0.027951348041067036,0,1.4069444444444446,ETH,2025-08-15 16:01:00+00:00,2025-08-15,2025Q3,2025,0.02786948827063951,0.7799999999999999,0.7799999999999999,4739.59,1755153000.0,7.44205764477964,-0.06639618834849961,-0.7920119999999999,-0.2978877389168196,S2-analog
ethereum-above-4600-on-august-15,1755241200,755.6338,3,0.71,755.6338,0.6702982291157438,0.6702982291157438,4600.0,1755273660,0,4426.51,4647.62,4650.475,0.7040626608053167,0.6947064820163675,-0.010298957118586327,0,0.3756944444444445,ETH,2025-08-15 16:01:00+00:00,2025-08-15,2025Q3,2025,0.03376443168957288,0.67,0.67,4637.49,1755242100.0,16.168939981332763,-0.04874379742601874,-0.685477,0.10265853504353939,S2-analog
ethereum-above-4600-on-august-18,1755096300,150.0,3,0.56,150.0,0.56,0.56,4600.0,1755532860,0,4343.01,4698.34,4693.72,0.5856761332190814,0.696099092767641,-0.02115295134479775,0,5.052777777777778,ETH,2025-08-18 16:01:00+00:00,2025-08-18,2025Q3,2025,0.025676133219081354,0.56,,4640.79,1755099000.0,4.757343919980559,-0.07864159873397614,-0.5772480000000001,-0.20312286840536792,S2-analog
ethereum-above-4600-on-august-18,1755249300,40.0,2,0.53,20.0,0.53,0.53,4600.0,1755532860,0,4343.01,4651.13,4651.56,0.5768126075315028,0.5782328157350362,-0.011053897334573657,0,3.2819444444444446,ETH,2025-08-18 16:01:00+00:00,2025-08-18,2025Q3,2025,0.04681260753150274,0.56,,4624.28,1755252000.0,7.166378232419003,-0.06854254472375187,-0.5772480000000001,-0.08604619949709869,S2-analog
ethereum-above-4600-on-august-18,1755456300,18809.67,46,0.15,17176.96,0.1684185155826764,0.1710223694996088,4600.0,1755532860,0,4343.01,4511.41,4513.860000000001,0.22479659020036646,0.5675480667877365,0.019446560260788646,0,0.8861111111111111,ETH,2025-08-18 16:01:00+00:00,2025-08-18,2025Q3,2025,0.056378074617690066,0.134887517161226,0.13,4469.0,1755457200.0,11.092577024582699,-0.03804208712838977,-0.1430560184024974,0.2789287632450522,S2-analog
ethereum-above-4600-on-august-25,1756064700,760.0,2,0.86,760.0,0.8600131578947369,0.8600131578947369,4600.0,1756137660,1,4606.78,4850.78,4838.424999999999,0.9323594540573453,0.7829680568736889,-0.053083213265698065,0,0.8444444444444444,ETH,2025-08-25 16:01:00+00:00,2025-08-25,2025Q3,2025,0.07234629616260846,0.8771032577806877,0.8697747181946335,4795.25,1756067400.0,4.027677260159973,-0.0516103853659089,0.11535122291132889,0.32322119843769326,S2-analog
ethereum-above-4600-on-august-27,1756063800,5011.74,4,0.78,5011.74,0.750173352967233,0.750173352967233,4600.0,1756310460,1,4651.18,4937.95,4932.7,0.8652560622427156,0.7244352802338302,-0.07089396181976891,0,2.8548611111111115,ETH,2025-08-27 16:01:00+00:00,2025-08-27,2025Q3,2025,0.11508270927548259,0.677560975609756,,4813.04,1756065600.0,3.4958964124786034,-0.059829314467189004,0.30714597739440813,0.5163030632013084,S2-analog
ethereum-above-4600-on-august-27,1756150200,390.714284,6,0.28,154.714284,0.28555393055453276,0.28193905819323056,4600.0,1756310460,1,4651.18,4524.16,4518.47,0.3648623952164186,0.7241108134838194,0.016624378934651792,0,1.854861111111111,ETH,2025-08-27 16:01:00+00:00,2025-08-27,2025Q3,2025,0.07930846466188585,0.2554576013031349,0.24986631512890578,4467.45,1756151100.0,7.274760138923071,0.02768902628723177,0.7312284676300943,0.5297974429101475,S2-analog
ethereum-above-4600-on-august-27,1756242000,10.0,2,0.4,10.0,0.41500000000000004,0.41500000000000004,4600.0,1756310460,1,4651.18,4585.4,4579.65,0.45419033375297807,0.6823581113207191,0.0031789605886247798,0,0.7923611111111111,ETH,2025-08-27 16:01:00+00:00,2025-08-27,2025Q3,2025,0.039190333752978035,0.44636363636363635,0.44636363636363635,4568.88,1756242900.0,12.464255424617278,0.01424360794120479,0.536337743801653,0.3588017762543695,S2-analog
ethereum-above-4600-on-august-29,1756312200,8529.001001999999,4,0.520001,8529.001001999999,0.49953812896742994,0.49953812896742994,4600.0,1756483260,0,4314.4,4627.9,4626.53,0.5427142610758906,0.6978843643897887,-0.006046897997055808,0,1.979861111111111,ETH,2025-08-29 16:01:00+00:00,2025-08-29,2025Q3,2025,0.04317613210846066,0.52,0.52,4630.91,1756314000.0,7.72893860519772,-0.07014493645122497,-0.5374720000000001,0.0046739072970133355,S2-analog
ethereum-above-4600-on-august-29,1756399500,2515.94,11,0.21,1415.94,0.21079493151664982,0.21,4600.0,1756483260,0,4314.4,4518.83,4518.26,0.2700698646553057,0.6274900689592866,0.01780319271576059,0,0.9694444444444444,ETH,2025-08-29 16:01:00+00:00,2025-08-29,2025Q3,2025,0.059274933138655866,0.18,0.18,4465.11,1756400400.0,10.506384824783852,-0.04629484573840851,-0.190332,0.29605946473172456,S2-analog
ethereum-above-4600-on-october-10,1759845600,1072.95165,4,0.59,643.56165,0.623138378323012,0.6185602439175797,4600.0,1760112060,0,4095.32,4704.63,4711.38,0.6688209847217879,0.5923429435900562,-0.02249082670507466,0,3.0840277777777776,ETH,2025-10-10 16:01:00+00:00,2025-10-10,2025Q4,2025,0.04568260639877586,0.59,0.59,4655.04,1759846500.0,6.801372866597744,-0.1387022718700365,-0.606933,0.3364328684323299,S2-analog
ethereum-above-4600-on-october-6,1759510800,3000.0,2,0.28,3000.0,0.27,0.27,4600.0,1759766460,1,4678.86,4525.42,4513.36,0.3288642723362942,0.44895351535594863,0.01634591297089625,0,2.959027777777778,ETH,2025-10-06 16:01:00+00:00,2025-10-06,2025Q4,2025,0.05886427233629421,0.35,0.35,4520.43,1759511700.0,9.018523544103795,0.03334409998901205,0.634075,0.3333604491921438,S2-analog
ethereum-above-4600-on-october-6,1759656600,5.0,1,0.37,5.0,0.37,0.37,4600.0,1759766460,1,4678.86,4574.92,4565.2,0.4002861833245662,0.48171836472533036,0.0054670912592501755,0,1.2715277777777778,ETH,2025-10-06 16:01:00+00:00,2025-10-06,2025Q4,2025,0.03028618332456623,0.31666666666666665,0.31666666666666665,4549.22,1759658400.0,13.73537676695186,0.022465278277366264,0.6681861111111111,0.35961704979706627,S2-analog
ethereum-above-4600-on-october-7,1759510800,4500.0,3,0.33,4500.0,0.32,0.32,4600.0,1759852860,0,4512.0,4525.42,4513.36,0.3678968873223456,0.4939132363342189,0.01634591297089625,0,3.9590277777777776,ETH,2025-10-07 16:01:00+00:00,2025-10-07,2025Q4,2025,0.047896887322345594,0.36,0.36,4520.43,1759511700.0,7.311249804406075,-0.0029698763283953714,-0.37612799999999996,-0.35441449227490907,S2-analog
ethereum-above-4600-on-october-7,1759775400,3969.0520670000005,7,0.78,3967.862067,0.7458713359252084,0.7458581013143873,4600.0,1759852860,0,4512.0,4689.35,4686.71,0.7848278433170373,0.5248436311513461,-0.019237676607743004,0,0.8965277777777778,ETH,2025-10-07 16:01:00+00:00,2025-10-07,2025Q4,2025,0.038956507391828876,0.8238402819006492,0.8238402819006492,4685.0,1759776300.0,11.779024880727539,-0.038553465907034554,-0.8339992049279448,-0.37987697077070387,S2-analog
ethereum-above-4600-on-october-8,1759778100,10.0,1,0.7,10.0,0.7,0.7,4600.0,1759939260,0,4443.03,4709.14,4712.67,0.7349511190927672,0.5476544013160064,-0.02344899762810542,0,1.8652777777777778,ETH,2025-10-08 16:01:00+00:00,2025-10-08,2025Q4,2025,0.03495111909276727,0.6904251386321626,0.6904251386321626,4689.38,1759783500.0,8.615620240091593,-0.05816872499771612,-0.7053868172925472,-0.2042271728619024,S2-analog
ethereum-above-4600-on-october-8,1759878900,10.0,1,0.1,10.0,0.1,0.1,4600.0,1759939260,0,4443.03,4483.48,4486.27,0.1269220684915953,0.5360606003542374,0.025656772895747363,0,0.6986111111111111,ETH,2025-10-08 16:01:00+00:00,2025-10-08,2025Q4,2025,0.026922068491595286,0.09949071335109012,0.09949071335109012,4473.34,1759879800.0,9.23070057924634,-0.009062954473863351,-0.10576217514264882,-0.022104756031075173,S2-analog
ethereum-above-4600-on-october-9,1759845600,488.219229,3,0.61,488.219229,0.6466341572343108,0.6466341572343108,4600.0,1760025660,0,4317.76,4704.63,4711.38,0.7135046112391693,0.5720558964079054,-0.02249082670507466,0,2.084027777777778,ETH,2025-10-09 16:01:00+00:00,2025-10-09,2025Q4,2025,0.06687045400485847,0.64,0.64,4655.04,1759846500.0,8.150085602252036,-0.08581038093983849,-0.656128,0.043233950221540085,S2-analog
ethereum-above-4600-on-september-1,1756332000,5000.0,1,0.36,5000.0,0.36,0.36,4600.0,1756742460,0,4361.53,4527.72,4518.13,0.39896196100556947,0.6591717370535994,0.015837801962012173,0,4.750694444444445,ETH,2025-09-01 16:01:00+00:00,2025-09-01,2025Q3,2025,0.03896196100556948,0.3743193717277487,0.3743193717277487,4524.07,1756336500.0,5.144011983403323,-0.037395588298022885,-0.39071367830514514,-0.19835032397369834,S2-analog
ethereum-above-4600-on-september-1,1756622700,50.0,1,0.1,50.0,0.1,0.1,4600.0,1756742460,0,4361.53,4443.04,4442.23,0.1315005942236746,0.5105157896557634,0.03471747665585301,0,1.386111111111111,ETH,2025-09-01 16:01:00+00:00,2025-09-01,2025Q3,2025,0.0315005942236746,0.13,0.13,4449.71,1756625400.0,6.778222222090284,-0.01851591360418193,-0.137917,-0.012412022945830242,S2-analog
ethereum-above-4600-on-september-10,1757080800,1250.0,1,0.28,1250.0,0.28,0.28,4600.0,1757520060,0,4403.79,4442.8,4433.33,0.30580202960894454,0.6267307450943211,0.03477149518422143,0,5.084027777777777,ETH,2025-09-10 16:01:00+00:00,2025-09-10,2025Q3,2025,0.02580202960894451,0.18,0.18,4322.82,1757082600.0,4.742823382054648,-0.00881927451101458,-0.190332,-0.14850373863640148,S2-analog
ethereum-above-4600-on-september-13,1757707200,182.088234,3,0.7,182.088234,0.6821967372147726,0.6821967372147726,4600.0,1757779260,1,4652.22,4657.18,4659.73,0.7306037527407402,0.42435786243452234,-0.0123538112506184,0,0.8340277777777777,ETH,2025-09-13 16:01:00+00:00,2025-09-13,2025Q3,2025,0.0484070155259676,0.75,0.75,4643.87,1757709000.0,16.43825238512729,-0.0010655897199244853,0.236875,0.2543914327551158,S2-analog
ethereum-above-4600-on-september-14,1757593800,1023.809522,2,0.21,1023.809522,0.2002325581222715,0.2002325581222715,4600.0,1757865660,0,4579.64,4473.0,4426.88,0.25545348482810226,0.5027426289394505,0.027996979044338163,0,3.146527777777778,ETH,2025-09-14 16:01:00+00:00,2025-09-14,2025Q3,2025,0.05522092670583076,0.23546419098143237,0.23546419098143237,4414.57,1757594700.0,7.038499361795028,0.023561067965947504,-0.2480656473837148,-0.4139002092252456,S2-analog
ethereum-above-4600-on-september-14,1757694600,70.0,1,0.36,0.0,0.36,,4600.0,1757865660,0,4579.64,4568.96,4569.71,0.3964979843122825,0.419741381353968,0.0067706956031452796,0,1.979861111111111,ETH,2025-09-14 16:01:00+00:00,2025-09-14,2025Q3,2025,0.036497984312282516,0.42000000000000004,0.42000000000000004,4559.27,1757695500.0,12.555062606863345,0.0023347845247545856,-0.43705200000000005,-0.46636536588182953,S2-analog
ethereum-above-4600-on-september-14,1757781900,312.846118,4,0.64,111.776118,0.6194150667389774,0.6525544129202985,4600.0,1757865660,0,4579.64,4635.99,4638.32,0.6528687538549682,0.3915774291655588,-0.0077934649482053085,0,0.9694444444444444,ETH,2025-09-14 16:01:00+00:00,2025-09-14,2025Q3,2025,0.03345368711599084,0.61,0.61,4607.24,1757783700.0,18.418834302619892,-0.012229376026596227,-0.626653,-0.40140214934169205,S2-analog
ethereum-above-4600-on-september-15,1757711700,90.9,2,0.61,0.0,0.61,,4600.0,1757952060,0,4499.27,4668.91,4669.93,0.6487294804676553,0.4550246266221186,-0.014869336231717246,0,2.7819444444444446,ETH,2025-09-15 16:01:00+00:00,2025-09-15,2025Q3,2025,0.03872948046765534,0.76,0.76,4664.38,1757715300.0,9.431197351997216,-0.0370104783321623,-0.772768,-0.4237148747575606,S2-analog
ethereum-above-4600-on-september-15,1757860200,23970.0,8,0.45,23970.0,0.46791823112223613,0.46791823112223613,4600.0,1757952060,0,4499.27,4614.72,4618.24,0.5502693358446982,0.42199291697483016,-0.0031948908965191767,0,1.0631944444444446,ETH,2025-09-15 16:01:00+00:00,2025-09-15,2025Q3,2025,0.08235110472246204,0.4727650728833943,0.4727650728833943,4590.99,1757861100.0,17.3715094428241,-0.025336032996964495,-0.490213150995541,-0.05008801454506934,S2-analog
ethereum-above-4600-on-september-16,1757712600,5.35,1,0.56,0.0,0.56,,4600.0,1758038460,0,4469.12,4660.0,4659.72,0.5973121005264226,0.5070879424334506,-0.012959144642505117,0,3.771527777777778,ETH,2025-09-16 16:01:00+00:00,2025-09-16,2025Q3,2025,0.03731210052642253,0.71,0.71,4664.38,1757715300.0,7.545000047529701,-0.04182392690207578,-0.724413,-0.40885146953595947,S2-analog
ethereum-above-4600-on-september-17,1758065400,15.74444,1,0.1,15.74444,0.1,0.1,4600.0,1758124860,0,4487.01,4506.17,4509.07,0.1612362534945116,0.5417813109101963,0.020608734722181398,0,0.6881944444444444,ETH,2025-09-17 16:01:00+00:00,2025-09-17,2025Q3,2025,0.06123625349451159,0.09,0.09,4512.43,1758069000.0,11.434767976151262,-0.004261013120929993,-0.095733,-0.04700930361882937,S2-analog
ethereum-above-4600-on-september-18,1758140100,15.15,1,0.28,0.0,0.28,,4600.0,1758211260,0,4597.85,4532.17,4533.555,0.3127185812108857,0.6641842221311534,0.014855450000153921,0,0.8236111111111112,ETH,2025-09-18 16:01:00+00:00,2025-09-18,2025Q3,2025,0.03271858121088567,0.24,0.24,4514.83,1758141000.0,11.23273466091027,0.014387949434444084,-0.252768,-0.41438401831170435,S2-analog
ethereum-above-4600-on-september-19,1758115800,400.0,1,0.29,400.0,0.29,0.29,4600.0,1758297660,0,4473.75,4504.64,4506.02,0.33451778625952616,0.7042778483467957,0.020948326837585747,0,2.104861111111111,ETH,2025-09-19 16:01:00+00:00,2025-09-19,2025Q3,2025,0.04451778625952618,0.3016666666666667,0.31,4489.46,1758116700.0,6.834110794753928,-0.00688099355936501,-0.3164131388888889,-0.2693876665262002,S2-analog
ethereum-above-4600-on-september-19,1758243600,5002.0,2,0.5,5002.0,0.5099960015993602,0.5099960015993602,4600.0,1758297660,0,4473.75,4609.79,4610.59,0.5366053106517613,0.45307752423403286,-0.0021259993305956207,0,0.6256944444444444,ETH,2025-09-19 16:01:00+00:00,2025-09-19,2025Q3,2025,0.02660930905240111,0.5,0.5,4603.08,1758244500.0,21.152235281011734,-0.029955319727546423,-0.5175,0.11612197079499431,S2-analog
ethereum-above-4600-on-september-20,1758112200,9899.995880999999,14,0.31,7449.995881,0.3101010059824287,0.31013422273327024,4600.0,1758384060,0,4499.33,4506.12,4505.01,0.34339669158437386,0.6284646877119817,0.020619830681144233,0,3.146527777777778,ETH,2025-09-20 16:01:00+00:00,2025-09-20,2025Q3,2025,0.03329568560194518,0.33,0.33,4504.64,1758115800.0,6.354502468446357,-0.001507976011570767,-0.34547700000000003,-0.3358945627121157,S2-analog
ethereum-above-4600-on-september-23,1758420900,10.0,1,0.18,0.0,0.18,,4600.0,1758643260,0,4181.83,4486.25,4488.610000000001,0.22114516589000935,0.4116420749486697,0.02503914001536932,0,2.573611111111111,ETH,2025-09-23 16:01:00+00:00,2025-09-23,2025Q3,2025,0.041145165890009355,0.19,,4478.57,1758423600.0,8.766294633536413,-0.07026821370599233,-0.200773,0.41521886471903036,S2-analog
ethereum-above-4600-on-september-24,1758411000,10.0,1,0.25,0.0,0.25,,4600.0,1758729660,0,4163.97,4483.43,4481.68,0.28230974751664223,0.4542638441170123,0.02566792500946309,0,3.6881944444444446,ETH,2025-09-24 16:01:00+00:00,2025-09-24,2025Q3,2025,0.03230974751664223,0.24,,4482.91,1758413700.0,7.362795663203741,-0.07391943236976793,-0.252768,0.29148567607860953,S2-analog
ethereum-above-4600-on-september-3,1756518300,8.43,1,0.13,0.0,0.13,,4600.0,1756915260,0,4482.54,4320.36,4319.55,0.1669477252401124,0.6054829484627758,0.06271757137772649,0,4.594444444444445,ETH,2025-09-03 16:01:00+00:00,2025-09-03,2025Q3,2025,0.03694772524011239,0.16,0.16,4265.09,1756519200.0,3.7142926563454934,0.03685111793175865,-0.169408,-0.3062838367120529,S2-analog
ethereum-above-4600-on-september-5,1756821600,7.69,1,0.18,0.0,0.18,,4600.0,1757088060,0,4278.13,4378.54,4388.51,0.20537915086685965,0.6755485147354868,0.049340968007932064,0,3.0840277777777776,ETH,2025-09-05 16:01:00+00:00,2025-09-05,2025Q3,2025,0.025379150866859657,0.15,0.15,4344.49,1756826100.0,4.568979618908177,-0.023199337256819472,-0.15892499999999998,-0.05292770090141469,S2-analog
ethereum-above-4600-on-september-5,1756989000,5.0,1,0.08,0.0,0.08,,4600.0,1757088060,0,4278.13,4414.72,4418.78,0.10904714543939133,0.6310655441167727,0.04111189160881968,0,1.1465277777777778,ETH,2025-09-05 16:01:00+00:00,2025-09-05,2025Q3,2025,0.029047145439391325,0.10999999999999999,0.10999999999999999,4390.48,1756989900.0,5.622148117810581,-0.031428413655932096,-0.11685299999999998,0.059842196681471005,S2-analog
ethereum-above-4700-on-august-20-975-825,1755167400,1500.0,1,0.48,1500.0,0.48,0.48,4700.0,1755705660,0,4264.53,4748.28,4751.8,0.5302749596134165,0.693634482458025,-0.010219938491437545,0,6.229861111111111,ETH,2025-08-20 16:01:00+00:00,2025-08-20,2025Q3,2025,0.05027495961341655,0.454,0.454,4714.13,1755174600.0,4.3923627119136395,-0.10745047163279678,-0.47135188,0.0006095649774308654,S2-analog
ethereum-above-4700-on-august-25,1755981900,79.99714,2,0.56,79.99714,0.56,0.56,4700.0,1756137660,0,4606.78,4746.69,4745.27,0.5984205911517204,0.515488699806603,-0.009885024317961903,0,1.8027777777777778,ETH,2025-08-25 16:01:00+00:00,2025-08-25,2025Q3,2025,0.03842059115172036,0.65,0.65,4749.96,1755986400.0,10.660431341779947,-0.029918401639136467,-0.665925,-0.346981933470189,S2-analog
ethereum-above-4700-on-august-25,1756069200,750.0,1,0.66,750.0,0.66,0.66,4700.0,1756137660,0,4606.78,4786.72,4783.605,0.6942743094752762,0.7965523284818186,-0.018282908235164673,0,0.7923611111111111,ETH,2025-08-25 16:01:00+00:00,2025-08-25,2025Q3,2025,0.03427430947527621,0.7448169556840076,0.7448169556840076,4793.01,1756071000.0,9.606803559291809,-0.03831628555633909,-0.7581214817586807,-0.390024453297201,S2-analog
ethereum-above-4700-on-october-8,1759824000,1500.0,1,0.39,1500.0,0.39,0.39,4700.0,1759939260,0,4443.03,4678.19,4679.835,0.4350787390199809,0.5403604735976528,0.0046512257311060725,0,1.3340277777777778,ETH,2025-10-08 16:01:00+00:00,2025-10-08,2025Q4,2025,0.045078739019980885,0.39141574984410904,0.41455253140850107,4671.37,1759826700.0,12.059257081698126,-0.05157470685946826,-0.40809041208737484,0.21386223684417272,S2-analog
ethereum-above-4700-on-october-9,1759824000,1500.0,2,0.42,1500.0,0.42,0.42,4700.0,1760025660,0,4317.76,4678.19,4679.835,0.45014016881170926,0.5843792440382628,0.0046512257311060725,0,2.3340277777777776,ETH,2025-10-09 16:01:00+00:00,2025-10-09,2025Q4,2025,0.030140168811709278,0.42,0.42,4670.36,1759827600.0,8.472838492288911,-0.08017453372462136,-0.437052,0.24225387544328725,S2-analog
ethereum-above-4700-on-september-1,1756332000,5750.0,2,0.25,5750.0,0.24130434782608695,0.24130434782608695,4700.0,1756742460,0,4361.53,4527.72,4518.13,0.2872478573194486,0.6617027263991474,0.03734400718297565,0,4.750694444444445,ETH,2025-09-01 16:01:00+00:00,2025-09-01,2025Q3,2025,0.04594350949336162,0.28,0.28,4506.83,1756333800.0,4.586257093071168,-0.037395588298022885,-0.29411200000000004,-0.12260621791862342,S2-analog
ethereum-above-4700-on-september-14,1757739600,230.76,3,0.59,0.0,0.5903293465071937,,4700.0,1757865660,0,4579.64,4743.1,4742.47,0.6318690345202702,0.4127584235587523,-0.00912842165947189,0,1.4590277777777778,ETH,2025-09-14 16:01:00+00:00,2025-09-14,2025Q3,2025,0.0415396880130765,0.59,0.59,4731.72,1757740500.0,14.444567079086719,-0.03507053795882622,-0.606933,-0.1003542619540776,S2-analog
ethereum-above-4700-on-september-15,1757703600,5.070269,2,0.26,5.070269,0.2820895577729703,0.2820895577729703,4700.0,1757952060,0,4499.27,4624.61,4625.16,0.3207589626360631,0.4489490191754754,0.016170465631444614,0,2.875694444444444,ETH,2025-09-15 16:01:00+00:00,2025-09-15,2025Q3,2025,0.03866940486309284,0.2910096626767106,0.2910096626767106,4619.72,1757704500.0,9.143953052500828,-0.027476881689964306,-0.3054522754000954,-0.05420495919794216,S2-analog
ethereum-above-4700-on-september-15,1757848500,40.0,4,0.29,40.0,0.3125,0.3125,4700.0,1757952060,0,4499.27,4663.06,4667.29,0.34312050702467434,0.39677749353876746,0.007890623719769922,0,1.198611111111111,ETH,2025-09-15 16:01:00+00:00,2025-09-15,2025Q3,2025,0.030620507024674337,0.3,0.3,4640.4,1757849400.0,16.45421897886203,-0.0357567236016389,-0.3147,0.27364896010801076,S2-analog
ethereum-above-4700-on-september-16,1757593800,3982.0,2,0.14,3982.0,0.1499447513812155,0.1499447513812155,4700.0,1758038460,0,4469.12,4473.0,4426.88,0.208800110013663,0.5578970377706711,0.04950318426530194,0,5.146527777777778,ETH,2025-09-16 16:01:00+00:00,2025-09-16,2025Q3,2025,0.05885535863244751,0.12,0.12,4400.46,1757598300.0,4.441247422249314,-0.0008678032152323195,-0.127392,-0.1235378712073298,S2-analog
ethereum-above-4700-on-september-16,1757771100,4520.0,5,0.45,4520.0,0.46238938053097345,0.46238938053097345,4700.0,1758038460,0,4469.12,4712.0,4714.94,0.5042174082538333,0.4933602008336162,-0.0025499376332727593,0,3.0944444444444446,ETH,2025-09-16 16:01:00+00:00,2025-09-16,2025Q3,2025,0.04182802772285987,0.5,0.5,4684.96,1757772900.0,8.777250819963786,-0.05292092511380684,-0.5175,-0.052999766651596725,S2-analog
ethereum-above-4700-on-september-17,1757921400,18.0,2,0.32,18.0,0.32,0.32,4700.0,1758124860,0,4487.01,4625.45,4626.095,0.3467698233799754,0.5688948321215411,0.015988845187402005,0,2.354861111111111,ETH,2025-09-17 16:01:00+00:00,2025-09-17,2025Q3,2025,0.02676982337997541,0.1804917049833694,0.1804917049833694,4553.0,1757925900.0,8.144616310148288,-0.03038710787667285,-0.19084571644245898,0.05664561798812623,S2-analog
ethereum-above-4700-on-september-17,1758091500,5.0,1,0.037,5.0,0.037,0.037,4700.0,1758124860,0,4487.01,4538.68,4541.5,0.06265510644507144,0.7177568491445133,0.03492628783709024,0,0.3861111111111111,ETH,2025-09-17 16:01:00+00:00,2025-09-17,2025Q3,2025,0.025655106445071442,0.1232779941351103,0.1232779941351103,4545.99,1758092400.0,5.483460034096782,-0.011449665226984804,-0.13084363125590967,-0.06805984957995084,S2-analog
ethereum-above-4700-on-september-18,1758168900,100.0,1,0.15,100.0,0.15,0.15,4700.0,1758211260,0,4597.85,4616.0,4617.29,0.18038866070288806,0.5595953275193255,0.018033979510214532,0,0.4902777777777778,ETH,2025-09-18 16:01:00+00:00,2025-09-18,2025Q3,2025,0.030388660702888065,0.16,0.16,4611.42,1758171600.0,13.095636230990968,-0.003939726276459051,-0.169408,-0.11781477783381572,S2-analog
ethereum-above-4700-on-september-19,1758137400,400.0,1,0.15,400.0,0.15,0.15,4700.0,1758297660,0,4473.75,4507.68,4504.82,0.1926385739263061,0.7326645162349275,0.04177989997373672,0,1.854861111111111,ETH,2025-09-19 16:01:00+00:00,2025-09-19,2025Q3,2025,0.0426385739263061,0.16,0.16,4514.83,1758141000.0,5.430309913949871,-0.007555625644177625,-0.169408,-0.12837861115832838,S2-analog
ethereum-above-4700-on-september-23,1758420900,10.0,1,0.04,0.0,0.04,,4700.0,1758643260,0,4181.83,4486.25,4488.610000000001,0.0788383017194863,0.42186603431197206,0.046545345236333024,0,2.573611111111111,ETH,2025-09-23 16:01:00+00:00,2025-09-23,2025Q3,2025,0.0388383017194863,0.06,,4478.57,1758423600.0,4.640255417668097,-0.07026821370599233,-0.063948,0.26211445933909056,S2-analog
ethereum-above-4700-on-september-24,1758317400,500.0,1,0.15,500.0,0.15,0.15,4700.0,1758729660,0,4163.97,4462.49,4464.89,0.17762315459297784,0.5103889542803918,0.05185560250912473,0,4.771527777777777,ETH,2025-09-24 16:01:00+00:00,2025-09-24,2025Q3,2025,0.027623154592977844,0.16,0.16,4475.37,1758320100.0,4.486576939813387,-0.06923796009106989,-0.169408,0.14123343510431374,S2-analog
ethereum-above-4700-on-september-24,1758411000,10.0,1,0.12,0.0,0.12,,4700.0,1758729660,0,4163.97,4483.43,4481.68,0.14618319691796636,0.4530179724049213,0.047174130230426596,0,3.6881944444444446,ETH,2025-09-24 16:01:00+00:00,2025-09-24,2025Q3,2025,0.02618319691796636,0.11000000000000001,,4482.91,1758413700.0,5.002057403929843,-0.07391943236976793,-0.11685300000000001,0.25289624397948895,S2-analog
ethereum-above-4700-on-september-25,1758315600,500.0,2,0.17,500.0,0.17,0.17,4700.0,1758816060,0,4002.56,4459.12,4462.96,0.19845992026819276,0.5349601238219952,0.05261107156914456,0,5.792361111111111,ETH,2025-09-25 16:01:00+00:00,2025-09-25,2025Q3,2025,0.028459920268192745,0.185,0.185,4461.89,1758316500.0,4.249058908406636,-0.10801728073963845,-0.19555424999999999,0.2634175389886213,S2-analog
ethereum-above-4800-on-august-15-719,1755167400,12.82,2,0.31,12.82,0.31,0.31,4800.0,1755273660,0,4426.51,4748.28,4751.8,0.3675370366295645,0.6845930818858929,0.010833470706394876,0,1.229861111111111,ETH,2025-08-15 16:01:00+00:00,2025-08-15,2025Q3,2025,0.0575370366295645,0.31,0.31,4706.17,1755168300.0,9.618765556973345,-0.07017098401983354,-0.324973,0.3499852441889019,S2-analog
ethereum-above-4800-on-august-25-729-837,1755898200,47.619046,1,0.58,47.619046,0.58,0.58,4800.0,1756137660,0,4606.78,4879.61,4881.1849999999995,0.6091556518093809,0.6431303040463289,-0.016449380724807488,0,2.771527777777778,ETH,2025-08-25 16:01:00+00:00,2025-08-25,2025Q3,2025,0.029155651809380956,0.56,0.56,4822.77,1755900900.0,6.872128493971744,-0.05753616724381426,-0.5772480000000001,-0.1818520656498604,S2-analog
ethereum-above-4800-on-august-25-729-837,1756017000,1627.540981,5,0.39,1627.540981,0.39589846898607833,0.39589846898607833,4800.0,1756137660,0,4606.78,4778.02,4775.655000000001,0.4225977974919596,0.5437991026369975,0.004589683167167142,0,1.3965277777777778,ETH,2025-08-25 16:01:00+00:00,2025-08-25,2025Q3,2025,0.026699328505881248,0.39054775745776027,0.39,4771.67,1756017900.0,11.72174656685479,-0.03649710335183969,-0.4072091719199335,0.020600623994637857,S2-analog
ethereum-above-4800-on-august-25-729-837,1756104300,1277.178266,4,0.06,158.138266,0.06782976054808625,0.060000000000000005,4800.0,1756137660,0,4606.78,4653.53,4647.04,0.09644973267124565,0.7495764565669356,0.030989846530494494,0,0.3861111111111111,ETH,2025-08-25 16:01:00+00:00,2025-08-25,2025Q3,2025,0.028619972123159407,0.08,0.08,4630.88,1756105200.0,7.182180638139378,-0.010096939988512204,-0.085152,-0.012633953110052429,S2-analog
ethereum-above-4800-on-august-27,1756063800,10696.0,23,0.54,10481.0,0.4770689977561705,0.47651846197881875,4800.0,1756310460,0,4651.18,4937.95,4932.7,0.6532309746292192,0.7193357318309281,-0.028334347400973122,0,2.8548611111111115,ETH,2025-08-27 16:01:00+00:00,2025-08-27,2025Q3,2025,0.1761619768730487,0.48,,4850.78,1756064700.0,5.756922465697464,-0.059829314467189004,-0.49747199999999997,-0.15303927543656132,S2-analog
ethereum-above-4800-on-august-27,1756150200,2242.222221,2,0.09,2242.222221,0.08991080277497615,0.08991080277497615,4800.0,1756310460,0,4651.18,4524.16,4518.47,0.11561742076615178,0.7312180302258313,0.05918399335344769,0,1.854861111111111,ETH,2025-08-27 16:01:00+00:00,2025-08-27,2025Q3,2025,0.02570661799117563,0.07505540166204987,0.07506944444444445,4420.34,1756152000.0,3.898738097247697,0.02768902628723177,-0.07991494784608774,-0.18786720950781122,S2-analog
ethereum-above-4800-on-october-8,1759843800,644.72,3,0.21,500.0,0.302088813748604,0.32,4800.0,1759939260,0,4443.03,4753.56,4756.09,0.3461970486372254,0.5058761786954209,0.009722106898236006,0,1.104861111111111,ETH,2025-10-08 16:01:00+00:00,2025-10-08,2025Q4,2025,0.04410823488862137,0.11174195263951292,0.11000000000000001,4630.32,1759847400.0,13.41867893014655,-0.06755723489017056,-0.11868985084570044,0.7878389935539927,S2-analog
ethereum-above-4800-on-october-9,1759843800,20.0,1,0.37,20.0,0.37,0.37,4800.0,1760025660,0,4317.76,4753.56,4756.09,0.4010068575375887,0.547382015548944,0.009722106898236006,0,2.104861111111111,ETH,2025-10-09 16:01:00+00:00,2025-10-09,2025Q4,2025,0.031006857537588695,0.18,0.18,4622.75,1759848300.0,9.291177800757053,-0.0961570617553236,-0.190332,0.7030803575670876,S2-analog
ethereum-above-4800-on-september-1,1756395900,113.636358,1,0.12,113.636358,0.12,0.12,4800.0,1756742460,0,4361.53,4518.19,4515.04,0.15590434102396394,0.592935435348627,0.06050444674608131,0,4.011111111111111,ETH,2025-09-01 16:01:00+00:00,2025-09-01,2025Q3,2025,0.03590434102396395,0.16,0.16,4504.01,1756396800.0,3.8754084854076414,-0.035288557932749605,-0.169408,-0.03265042314962305,S2-analog
ethereum-above-4800-on-september-14,1757700900,666.0,1,0.058,666.0,0.058,0.058,4800.0,1757865660,0,4579.64,4611.57,4615.05,0.09305063372067131,0.43342599204027416,0.040047554892717774,0,1.9069444444444443,ETH,2025-09-14 16:01:00+00:00,2025-09-14,2025Q3,2025,0.035050633720671305,0.067,0.067,4615.44,1757701800.0,5.512950730110535,-0.006947970604468968,-0.07137577,-0.03307195038330627,S2-analog
ethereum-above-4800-on-september-14,1757795400,76.92,1,0.025,0.0,0.025,,4800.0,1757865660,0,4579.64,4656.58,4661.23,0.052279196235754874,0.41810186855337417,0.030334644796226957,0,0.8131944444444444,ETH,2025-09-14 16:01:00+00:00,2025-09-14,2025Q3,2025,0.027279196235754873,0.043286681848337075,0.043286681848337075,4657.65,1757802600.0,6.109575704237447,-0.01666088070095979,-0.04618558799993993,0.055605323941842554,S2-analog
ethereum-above-4800-on-september-16,1757771100,5920.0,8,0.21,5570.0,0.2830067567567568,0.2875942549371634,4800.0,1758038460,0,4469.12,4712.0,4714.94,0.31319537131319963,0.5009168906340982,0.018503471564559507,0,3.0944444444444446,ETH,2025-09-16 16:01:00+00:00,2025-09-16,2025Q3,2025,0.03018861455644284,0.21,,4680.83,1757777400.0,7.905268570311798,-0.05292092511380684,-0.221613,0.1967411260140015,S2-analog
ethereum-above-4800-on-september-17,1757703600,21.950423,3,0.17,21.950423,0.13031493333864227,0.13031493333864227,4800.0,1758124860,0,4487.01,4624.61,4625.16,0.25682142287039045,0.5513742880521624,0.03722387482927695,0,4.875694444444444,ETH,2025-09-17 16:01:00+00:00,2025-09-17,2025Q3,2025,0.12650648953174817,0.17,0.17,4619.72,1757704500.0,5.178428846594664,-0.030205487432630494,-0.179877,-0.023460032553413668,S2-analog
ethereum-above-4800-on-september-17,1757887200,9.831323,1,0.17,9.831323,0.17,0.17,4800.0,1758124860,0,4487.01,4629.83,4632.8099999999995,0.20026054233091,0.5378529792024037,0.036095767552425405,0,2.7506944444444446,ETH,2025-09-17 16:01:00+00:00,2025-09-17,2025Q3,2025,0.030260542330909995,0.21999999999999997,,4619.68,1757888100.0,6.2221508657261335,-0.03133359470948196,-0.23201199999999997,-0.03704964655208501,S2-analog
ethereum-above-4800-on-september-21,1758091500,9899.99337,14,0.17,7449.993369999999,0.16010100347168213,0.15684562587738252,4800.0,1758470460,0,4484.61,4538.68,4541.5,0.18546459624771117,0.6521083741996506,0.05597969703492272,0,4.386111111111111,ETH,2025-09-21 16:01:00+00:00,2025-09-21,2025Q3,2025,0.025363592776029037,0.17999999999999997,0.17999999999999997,4547.24,1758093300.0,3.9911584516261103,-0.011984685670839903,-0.19033199999999997,-0.14249922049474495,S2-analog
ethereum-above-4800-on-september-24,1758322800,500.0,1,0.07,500.0,0.07,0.07,4800.0,1758729660,0,4163.97,4468.9,4471.17,0.09849657647079195,0.5076556427500643,0.07147362458343828,0,4.709027777777778,ETH,2025-09-24 16:01:00+00:00,2025-09-24,2025Q3,2025,0.028496576470791943,0.1,0.1,4459.73,1758325500.0,3.095193293162238,-0.0706733472145888,-0.1063,0.11244767030392139,S2-analog
ethereum-above-4800-on-september-25,1758322800,500.0,2,0.09,500.0,0.09,0.09,4800.0,1758816060,0,4002.56,4468.9,4471.17,0.12726808038502802,0.532642696398513,0.07147362458343828,0,5.709027777777777,ETH,2025-09-25 16:01:00+00:00,2025-09-25,2025Q3,2025,0.03726808038502802,0.11000000000000001,0.11000000000000001,4462.75,1758328200.0,3.2478695477087007,-0.11020813692317698,-0.11685300000000001,0.24108865182249736,S2-analog
ethereum-above-4900-on-september-21,1758177000,122.0,2,0.05,10.0,0.05245901639344262,0.08,4900.0,1758470460,0,4484.61,4558.49,4557.44,0.08767715663470942,0.5836800498369171,0.07224377678023589,0,3.3965277777777776,ETH,2025-09-21 16:01:00+00:00,2025-09-21,2025Q3,2025,0.03521814024126679,0.06,,4581.09,1758181500.0,2.999266129794753,-0.016339893128262128,-0.063948,-0.01494031197593737,S2-analog
will-bitcoin-close-above-105k-on-july-31-265-284,1753519500,500.0,2,0.94,0.0,0.9380399999999999,,105000.0,1753977660,1,118351.0,117488.05,117520.78,0.9858206322961905,0.48196490607421205,-0.11237627612701866,0,5.302777777777778,BTC,2025-07-31 16:01:00+00:00,2025-07-31,2025Q3,2025,0.04778063229619067,0.96,,117621.78,1753524900.0,1.1179843566802086,0.00731815915390691,0.03731200000000003,0.029130412546236037,S2-analog
will-bitcoin-close-above-110k-on-july-31-512-613,1753705800,87.76,2,0.958,0.0,0.9571139471285323,,110000.0,1753977660,1,118351.0,118930.13,118880.45,0.9850809543719602,0.4428132602745916,-0.07805581202610327,0,3.146527777777778,BTC,2025-07-31 16:01:00+00:00,2025-07-31,2025Q3,2025,0.027967007243427933,0.9739485709764483,0.9739485709764483,118478.4,1753712100.0,1.6637834444318715,-0.004881392380070702,0.024275336378694952,0.03239691620643248,S2-analog
will-bitcoin-close-above-115k-on-july-31-893-839,1753524900,14132.587177000001,21,0.72,4697.657177,0.6916617018268402,0.7499482966336519,115000.0,1753977660,1,118351.0,117621.78,117666.565,0.7197788905836546,0.35510641350970246,-0.022542094034750486,0,5.240277777777777,BTC,2025-07-31 16:01:00+00:00,2025-07-31,2025Q3,2025,0.02811718875681446,0.75,0.75,117776.11,1753531200.0,8.238892048637096,0.0061805630404484025,0.236875,0.18595400830994935,S2-analog
will-bitcoin-close-above-115k-on-july-31-893-839,1753790400,84.22222,4,0.9,79.22222,0.8723350916183402,0.8724824676713174,115000.0,1753977660,1,118351.0,118592.38,118602.32,0.8983893110491326,0.34054057745273975,-0.030760106557867702,0,2.167361111111111,BTC,2025-07-31 16:01:00+00:00,2025-07-31,2025Q3,2025,0.026054219430792336,0.92,0.92,118932.79,1753792200.0,7.76595706602521,-0.0020374494826687255,0.07484799999999996,0.09067074520660055,S2-analog
will-bitcoin-close-above-115k-on-july-31-893-839,1753901100,1144.83,10,0.81,1006.8299999999999,0.8509680913323376,0.8456182275061332,115000.0,1753977660,1,118351.0,117436.26,117405.96,0.8766840382816322,0.39823367567897106,-0.020963589946812827,0,0.8861111111111111,BTC,2025-07-31 16:01:00+00:00,2025-07-31,2025Q3,2025,0.025715946949294577,0.7174702036961988,0.7228648882569289,116523.14,1753902000.0,11.610240086205927,0.00775906712838611,0.26834032656849777,0.17825569436294664,S2-analog
will-bitcoin-close-above-120k-on-july-31-745-972,1753686000,10.508194,2,0.39,10.508194,0.4071294896154372,0.4071294896154372,120000.0,1753977660,0,118351.0,119448.02,119441.79,0.4422191266964399,0.360872579266063,0.004610445120821008,0,3.3756944444444446,BTC,2025-07-31 16:01:00+00:00,2025-07-31,2025Q3,2025,0.03508963708100271,0.39435016931633016,0.390001,119072.45,1753693200.0,11.366380707711125,-0.00922651222277614,-0.411068837245686,-0.30619678671726236,S2-analog
will-bitcoin-close-above-120k-on-july-31-745-972,1753900200,48.8,2,0.1,48.8,0.10540983606557378,0.10540983606557378,120000.0,1753977660,0,118351.0,117739.14,117739.26000000001,0.13437439087985825,0.38123150304567255,0.019020243438265392,0,0.8965277777777778,BTC,2025-07-31 16:01:00+00:00,2025-07-31,2025Q3,2025,0.028964554814284477,0.11000000000000001,0.11000000000000001,117436.26,1753901100.0,12.600211618100017,0.005183286094668166,-0.11685300000000001,-0.1821635016699741,S2-analog
will-btc-close-above-104k-on-may-16-558,1747290600,818.4200000000001,11,0.24,818.4200000000001,0.24018511277828006,0.24018511277828006,104000.0,1747411260,1,104280.0,102634.92,102654.17,0.28143422286925196,0.3848661009513225,0.013212673433731757,0,1.3965277777777778,BTC,2025-05-16 16:01:00+00:00,2025-05-16,2025Q2,2025,0.0412491100909719,0.24179544606196343,,102190.47,1747291500.0,14.270277553962709,0.015901363357660174,0.7453714253552404,0.5184545567550173,S2-analog
will-btc-close-above-104k-on-may-16-558,1747380600,3215.3,14,0.44,1588.37,0.475455136379187,0.4760084866876106,104000.0,1747411260,1,104280.0,104081.16,104078.68,0.5059515796753891,0.3129016297407246,-0.0007800802736360286,0,0.3548611111111111,BTC,2025-05-16 16:01:00+00:00,2025-05-16,2025Q2,2025,0.030496443296202047,0.4449599924223592,0.44465055203722537,103821.15,1747381500.0,40.77514318263044,0.001908609650292076,0.5377520657480311,0.4599282339776215,S2-analog
will-ethereum-close-above-2800-on-july-31-127-716-463-383,1753365600,100.0,2,0.96,100.0,0.9601,0.9601,2800.0,1753977660,1,3789.77,3629.93,3629.86,0.993839440280562,0.7296948203019945,-0.25959394716311074,0,7.084027777777778,ETH,2025-07-31 16:01:00+00:00,2025-07-31,2025Q3,2025,0.03373944028056208,0.96,0.96,3622.77,1753366500.0,0.1712185183326946,0.04309196689276405,0.03731200000000003,0.02993385727657944,S2-analog
bitcoin-above-102k-on-september-3,1756321200,27.0,1,0.79,27.0,0.79,0.79,102000.0,1756915260,1,112322.28,111947.21,112010.13,0.9549986819842635,0.41513314281370206,-0.09305460760983142,0,6.875694444444445,BTC,2025-09-03 16:01:00+00:00,2025-09-03,2025Q3,2025,0.16499868198426348,0.95,0.95,112329.18,1756327500.0,1.9321334121269358,0.0033448183226727954,0.04667500000000004,0.04021236476126956,S1-analog
bitcoin-above-103000-on-june-24,1750426200,14.0,1,0.75,0.0,0.75,,103000.0,1750780860,1,105266.71,106038.55,106066.34,0.8015272547526995,0.3498111019892249,-0.029073719012446982,0,4.104861111111111,BTC,2025-06-24 16:01:00+00:00,2025-06-24,2025Q2,2025,0.05152725475269948,0.7404695252215127,,105874.05,1750427100.0,8.024808964596618,-0.007305482435790511,0.2460782662577055,0.3047033671991403,S1-analog
bitcoin-above-104k-on-september-3,1756324800,8.0,1,0.23,8.0,0.23,0.23,104000.0,1756915260,1,112322.28,112080.69,112047.205,0.9366782373019826,0.41606474490932066,-0.07482815918534538,0,6.834027777777778,BTC,2025-09-03 16:01:00+00:00,2025-09-03,2025Q3,2025,0.7066782373019826,0.93,0.93,112329.18,1756327500.0,3.0655092813948976,0.0021531808900572356,0.06544299999999996,0.05884240399700738,S1-analog
bitcoin-above-105000-on-july-1,1751027400,1214.727696,21,0.71,70.727696,0.7180589971388518,0.7519847838186049,105000.0,1751385660,1,105962.58,107176.42,107080.54000000001,0.7687825736187113,0.2788313236058494,-0.020515911597271244,0,4.146527777777777,BTC,2025-07-01 16:01:00+00:00,2025-07-01,2025Q3,2025,0.05072357647985948,0.6920563474201884,0.6867611660871891,106756.03,1751028300.0,10.685591178409215,-0.011390248836481104,0.29302564742071846,0.41473718990770675,S1-analog
bitcoin-above-106000-on-may-27,1747847700,141.0,2,0.58,141.0,0.58,0.58,106000.0,1748361660,1,110150.96,109052.08,109108.4,0.6725247700126884,0.4761101942408999,-0.028386472173016826,0,5.948611111111111,BTC,2025-05-27 16:01:00+00:00,2025-05-27,2025Q2,2025,0.09252477001268844,0.58,0.58,106975.9,1747848600.0,5.966802836767803,0.01002622231339642,0.40294800000000003,0.34312350825836163,S1-analog
bitcoin-above-106000-on-may-27,1748000700,222.98,4,0.75,82.0,0.7879379316530631,0.78,106000.0,1748361660,1,110150.96,110380.0,110382.34,0.8397199692800217,0.39325965603451946,-0.04048986389928807,0,4.177777777777778,BTC,2025-05-27 16:01:00+00:00,2025-05-27,2025Q2,2025,0.051782037626958544,0.7019339946347245,0.7068222155748329,109076.35,1748001600.0,6.088210572085598,-0.002077169412874675,0.28342041903851506,0.2960666638179915,S1-analog
bitcoin-above-106k-on-september-29,1758843000,1581.0945900000002,4,0.787,1581.0945900000002,0.7974354718903945,0.7974354718903945,106000.0,1759161660,1,113869.4,109447.34,109440.9,0.8499388220821854,0.3709622899081888,-0.032004426226617776,0,3.6881944444444446,BTC,2025-09-29 16:01:00+00:00,2025-09-29,2025Q3,2025,0.052503350191790865,0.8149365077515117,0.8149365077515117,108994.49,1758844800.0,7.5203914356570065,0.03960865730335297,0.17450644252251854,-0.12336616463949049,S1-analog
bitcoin-above-106k-on-september-3,1756321200,6.0,1,0.13,6.0,0.13,0.13,106000.0,1756915260,1,112322.28,111947.21,112010.13,0.8841880667667772,0.38442007479294416,-0.05458832678203535,0,6.875694444444445,BTC,2025-09-03 16:01:00+00:00,2025-09-03,2025Q3,2025,0.7541880667667772,0.88,0.88,112329.18,1756327500.0,4.548318690009801,0.0033448183226727954,0.112608,0.0973947003083001,S1-analog
bitcoin-above-108000-on-july-14,1752091200,3903.382204,9,0.76,3895.592204,0.755460327215244,0.7554512492499075,108000.0,1752508860,1,119844.96,111750.0,111834.17,0.8200034770477603,0.33684743416651636,-0.03413300636945847,0,4.834027777777778,BTC,2025-07-14 16:01:00+00:00,2025-07-14,2025Q3,2025,0.0645431498325163,0.76,,111350.85,1752092100.0,7.103069764763088,0.06993467393677422,0.227232,-0.2695188679488661,S1-analog
bitcoin-above-108k-on-september-1-961,1756450800,10.526314,1,0.81,10.526314,0.8100000000000002,0.8100000000000002,108000.0,1756742460,1,108778.09,111279.45,111288.52,0.872038223096994,0.3289323821533425,-0.029913377991334544,0,3.3756944444444446,BTC,2025-09-01 16:01:00+00:00,2025-09-01,2025Q3,2025,0.062038223096993805,0.7770479922987491,0.775945897716676,110545.0,1756451700.0,8.185229019467476,-0.022734669649590842,0.21082489900382465,0.3969133767676621,S1-analog
bitcoin-above-108k-on-september-25,1758520800,85.01146,7,0.872,70.01146,0.8688239576170084,0.870714496169627,108000.0,1758816060,1,111587.58,113691.19,113580.205,0.9506083680060399,0.423978441174627,-0.05135468602156417,0,3.417361111111111,BTC,2025-09-25 16:01:00+00:00,2025-09-25,2025Q3,2025,0.0817844103890315,0.878,0.878,113010.87,1758521700.0,4.5567303949789215,-0.018676159714381326,0.11450188,0.19960410463200223,S1-analog
bitcoin-above-108k-on-september-3,1756321200,7.0,1,0.21,7.0,0.21,0.21,108000.0,1756915260,1,112322.28,111947.21,112010.13,0.7983076620539322,0.3624500885711703,-0.03589619376988286,0,6.875694444444445,BTC,2025-09-03 16:01:00+00:00,2025-09-03,2025Q3,2025,0.5883076620539323,0.81,0.81,112329.18,1756327500.0,6.291362215514698,0.0033448183226727954,0.17922699999999994,0.15818353638697508,S1-analog
bitcoin-above-110k-on-september-1-557,1756474200,1322.0,9,0.49,552.0,0.5105295007564297,0.5395289855072465,110000.0,1756742460,0,108778.09,110503.36,110400.63,0.5889253481125538,0.2913760393527213,-0.00456556194291964,0,3.104861111111111,BTC,2025-09-01 16:01:00+00:00,2025-09-01,2025Q3,2025,0.07839584735612415,0.406775803944796,0.4099097016542657,109716.57,1756475100.0,14.664470624189796,-0.015735992269372417,-0.4236674513936863,-0.19290745501699674,S1-analog
bitcoin-above-110k-on-september-25,1758520800,27.0,2,0.732,27.0,0.7844444444444444,0.7844444444444444,110000.0,1758816060,1,111587.58,113691.19,113580.205,0.8755354649794246,0.367898217077041,-0.033005547353367574,0,3.417361111111111,BTC,2025-09-25 16:01:00+00:00,2025-09-25,2025Q3,2025,0.0910910205349802,0.7873015873015873,0.7873015873015873,113010.87,1758521700.0,7.411592324559346,-0.018676159714381326,0.20097636684303352,0.33939644883438663,S1-analog
bitcoin-above-110k-on-september-28,1758807000,111.09,3,0.64,111.09,0.6427491223332433,0.6427491223332433,110000.0,1759075260,1,110063.38,111617.01,111549.45,0.7300766884774317,0.3253224388069155,-0.014593091894983198,0,3.104861111111111,BTC,2025-09-28 16:01:00+00:00,2025-09-28,2025Q3,2025,0.08732756614418835,0.73,,111499.52,1758810600.0,11.898051841784733,-0.014017076005811443,0.256203,0.42297889698738145,S1-analog
bitcoin-above-110k-on-september-8,1757080800,5441.95,16,0.78,5198.6,0.7844887953766573,0.7838193167391221,110000.0,1757347260,1,112633.75,113084.16,112953.11499999999,0.8378950969729958,0.35190817776913136,-0.02765195447091653,0,3.0840277777777776,BTC,2025-09-08 16:01:00+00:00,2025-09-08,2025Q3,2025,0.053406301596338523,0.6896238160091718,0.6896238160091718,112235.56,1757081700.0,8.676326087520474,-0.003990915898715337,0.29539318740267984,0.33001967512780395,S1-analog
bitcoin-above-112k-on-september-1-483,1756325700,1963.27,20,0.52,1963.27,0.4500466568531073,0.4500466568531073,112000.0,1756742460,0,108778.09,111914.28,111949.715,0.512307406073979,0.3261635323934371,0.0007656501781625312,0,4.823611111111111,BTC,2025-09-01 16:01:00+00:00,2025-09-01,2025Q3,2025,0.06226074922087166,0.5400000000000001,0.5400000000000001,112083.8,1756326600.0,10.631678317206045,-0.028423285650968667,-0.5573880000000001,-0.2552007702408428,S1-analog
bitcoin-above-112k-on-september-1-483,1756474200,1791.71,6,0.23,854.71,0.2478407778044438,0.27619754068631464,112000.0,1756742460,0,108778.09,110503.36,110400.63,0.2981961766965826,0.2809438315672714,0.01345294355975871,0,3.104861111111111,BTC,2025-09-01 16:01:00+00:00,2025-09-01,2025Q3,2025,0.0503553988921388,0.17243629391655693,0.17229859013091642,109716.57,1756475100.0,13.363653577815882,-0.015735992269372417,-0.18242543520853852,0.02786491418254325,S1-analog
bitcoin-above-112k-on-september-10,1757081700,2500.0,6,0.46,2500.0,0.48,0.48,112000.0,1757520060,1,113854.33,112235.56,112134.78,0.5327718713439676,0.3302938110564673,-0.002101005626861425,0,5.073611111111111,BTC,2025-09-10 16:01:00+00:00,2025-09-10,2025Q3,2025,0.05277187134396766,0.42,0.42,110618.64,1757085300.0,10.238569489445677,0.01431994736347746,0.5629480000000001,0.4163322238338317,S1-analog
bitcoin-above-112k-on-september-25,1758520800,130.0,4,0.56,130.0,0.5453846153846155,0.5453846153846155,112000.0,1758816060,0,111587.58,113691.19,113580.205,0.7172721571077072,0.33162999259615533,-0.014987041850689303,0,3.417361111111111,BTC,2025-09-25 16:01:00+00:00,2025-09-25,2025Q3,2025,0.17188754172309173,0.6387640449438202,0.6387640449438202,113010.87,1758521700.0,11.23021957754035,-0.018676159714381326,-0.6549161627319783,-0.4451787882742627,S1-analog
bitcoin-above-112k-on-september-3,1756321200,6.0,1,0.31,6.0,0.31,0.31,112000.0,1756915260,1,112322.28,111947.21,112010.13,0.5101375681732689,0.3345483763764005,0.0004714504009921032,0,6.875694444444445,BTC,2025-09-03 16:01:00+00:00,2025-09-03,2025Q3,2025,0.20013756817326894,0.53,0.53,112083.8,1756326600.0,8.683595118460628,0.0033448183226727954,0.452563,0.42351795194110087,S1-analog
bitcoin-above-112k-on-september-8,1757081700,7281.0,7,0.41,7281.0,0.4422414503502266,0.4422414503502266,112000.0,1757347260,1,112633.75,112235.56,112134.78,0.5434011629711142,0.31050945856523066,-0.002101005626861425,0,3.073611111111111,BTC,2025-09-08 16:01:00+00:00,2025-09-08,2025Q3,2025,0.10115971262088758,0.3601711276875823,0.3601711276875823,110996.0,1757082600.0,13.976188726238389,0.0035415274426613373,0.6236975202596691,0.5742004643418818,S1-analog
bitcoin-above-114k-on-september-10,1757080800,1250.0,4,0.36,1250.0,0.36,0.36,114000.0,1757520060,0,113854.33,113084.16,112953.11499999999,0.42183486461539393,0.3293433176029092,0.008066128131162696,0,5.084027777777777,BTC,2025-09-10 16:01:00+00:00,2025-09-10,2025Q3,2025,0.06183486461539395,0.26,0.26,112235.56,1757081700.0,10.00273662773257,0.006787504022100836,-0.273468,-0.34136161509275015,S1-analog
bitcoin-above-114k-on-september-12,1757428200,2950.0,7,0.25,1250.0,0.25955837288135597,0.276,114000.0,1757692860,1,115139.06,112320.24,112294.26,0.3160422739224223,0.33974703555618757,0.01484437136714064,0,3.0631944444444446,BTC,2025-09-12 16:01:00+00:00,2025-09-12,2025Q3,2025,0.05648390104106632,0.23,0.23,111767.45,1757430000.0,11.353828277694864,0.024786538212691014,0.757603,0.4761809015345845,S1-analog
bitcoin-above-114k-on-september-14,1757593800,15.615383,2,0.52,15.615383,0.5161576350704943,0.5161576350704943,114000.0,1757865660,1,115193.91,114380.61,113899.05,0.5668965565787333,0.2975785025203914,-0.003333123178646161,0,3.146527777777778,BTC,2025-09-14 16:01:00+00:00,2025-09-14,2025Q3,2025,0.050738921508239,0.5092307692307693,0.5092307692307693,113975.99,1757595600.0,14.356920355618724,0.0070853107079345895,0.47327519526627215,0.3715519537376427,S1-analog
bitcoin-above-114k-on-september-8,1757080800,5014.171421,13,0.28,5009.171421,0.3055303052192957,0.30549589863596716,114000.0,1757347260,0,112633.75,113084.16,112953.11499999999,0.3947851049325969,0.3137710820652131,0.008066128131162696,0,3.0840277777777776,BTC,2025-09-08 16:01:00+00:00,2025-09-08,2025Q3,2025,0.08925479971330119,0.20385332296760844,0.20472739901350528,112235.56,1757081700.0,13.246587322141982,-0.003990915898715337,-0.2152141231653955,-0.16234810721773807,S1-analog
bitcoin-above-116k-on-september-21,1758133800,15.0,2,0.44,15.0,0.44000000000000006,0.44000000000000006,116000.0,1758470460,0,115549.9,115961.73,115926.34,0.5095087037496546,0.3714787669651247,0.0003299682266314425,0,3.896527777777778,BTC,2025-09-21 16:01:00+00:00,2025-09-21,2025Q3,2025,0.06950870374965457,0.52,0.52,115492.29,1758136500.0,10.390009390951729,-0.0035577515859404095,-0.5374720000000001,-0.5005069276114058,S1-analog
bitcoin-above-116k-on-september-25,1758520800,135.0,9,0.17,90.0,0.14666666666666667,0.15,116000.0,1758816060,0,111587.58,113691.19,113580.205,0.22790816953094506,0.3116922067338307,0.02010427796058082,0,3.417361111111111,BTC,2025-09-25 16:01:00+00:00,2025-09-25,2025Q3,2025,0.08124150286427839,0.17,0.17,112947.74,1758523500.0,10.485287812088451,-0.018676159714381326,-0.179877,0.015947909829819834,S1-analog
bitcoin-above-118k-on-august-18-528-454-981,1755174600,20080.994704,15,0.63,20080.994704,0.6298984034949426,0.6298984034949426,118000.0,1755532860,0,116165.75,121143.67,120790.485,0.7844447521896674,0.33952546207588946,-0.026292572154074073,0,4.146527777777777,BTC,2025-08-18 16:01:00+00:00,2025-08-18,2025Q3,2025,0.15454634869472472,0.6694861710349956,0.6695735967000774,119531.42,1755175500.0,8.577364855620827,-0.04195914607966624,-0.6849753816829484,-0.32507647672735873,S1-analog
bitcoin-above-118k-on-august-20-891-217-388,1755174600,6141.0,8,0.55,6141.0,0.5526005536557564,0.5526005536557564,118000.0,1755705660,0,113403.43,121143.67,120790.485,0.7351791754454574,0.35033691682992835,-0.026292572154074073,0,6.146527777777778,BTC,2025-08-20 16:01:00+00:00,2025-08-20,2025Q3,2025,0.18257862178970097,0.563,0.563,118866.37,1755176400.0,7.520098999607125,-0.06602555886993558,-0.58022217,-0.08370343079369608,S1-analog
bitcoin-above-120k-on-august-18-478-583-616-288,1755174600,6116.569089,22,0.43,5579.429089,0.47513476216535877,0.4809470927160662,120000.0,1755532860,0,116165.75,121143.67,120790.485,0.6097924338166334,0.3290751574490604,-0.009485453837692812,0,4.146527777777777,BTC,2025-08-18 16:01:00+00:00,2025-08-18,2025Q3,2025,0.13465767165127462,0.46969699278917143,0.47,119531.42,1755175500.0,11.016171077361793,-0.04195914607966624,-0.48713271373195005,-0.024903582258332335,S1-analog
bitcoin-above-120k-on-august-20-781-791-627,1755174600,7967.448269,18,0.37,7967.448269,0.4665770203295687,0.4665770203295687,120000.0,1755705660,0,113403.43,121143.67,120790.485,0.5887010852209972,0.34210598992385005,-0.009485453837692812,0,6.146527777777778,BTC,2025-08-20 16:01:00+00:00,2025-08-20,2025Q3,2025,0.12212406489142846,0.47628333384953697,0.4585714285714286,119531.42,1755175500.0,8.82308536632962,-0.06602555886993558,-0.4937439602318065,0.0888051820372569,S1-analog
bitcoin-above-120k-on-october-9,1759509900,5.29,1,0.72,5.29,0.72,0.72,120000.0,1760025660,1,121225.0,123778.33,123828.55,0.771331928899079,0.3495350237656261,-0.03100056175937103,0,5.969444444444445,BTC,2025-10-09 16:01:00+00:00,2025-10-09,2025Q4,2025,0.051331928899079005,0.65,0.65,122553.3,1759510800.0,7.124937560559087,-0.02084398155000102,0.33407499999999996,0.4825870670572029,S1-analog
bitcoin-above-122k-on-august-18-179-351-247-613,1755174600,2928.38,10,0.22,2928.38,0.2944188937228092,0.2944188937228092,122000.0,1755532860,0,116165.75,121143.67,120790.485,0.40361667004339136,0.32660047215231275,0.007043848113517668,0,4.146527777777777,BTC,2025-08-18 16:01:00+00:00,2025-08-18,2025Q3,2025,0.10919777632058214,0.2317764286656988,0.21,119531.42,1755175500.0,11.186934574443105,-0.04195914607966624,-0.24424035677034592,0.22515386522238126,S1-analog
bitcoin-above-122k-on-august-20-179-833-743,1755174600,6484.009999999999,10,0.27,6382.23,0.30874380206076185,0.30840482088548987,122000.0,1755705660,0,113403.43,121143.67,120790.485,0.42556369339069233,0.33890690067144785,0.007043848113517668,0,6.146527777777778,BTC,2025-08-20 16:01:00+00:00,2025-08-20,2025Q3,2025,0.11681989132993048,0.28571473732518554,0.28571473732518554,119531.42,1755175500.0,8.92187914664679,-0.06602555886993558,-0.3000004651592125,0.28907159166816565,S1-analog
bitcoin-above-124k-on-august-20-651-789-537,1755174600,6.0,1,0.18,6.0,0.18000000000000002,0.18000000000000002,124000.0,1755705660,0,113403.43,121143.67,120790.485,0.27631385434581635,0.3405153764947939,0.02330436898529811,0,6.146527777777778,BTC,2025-08-20 16:01:00+00:00,2025-08-20,2025Q3,2025,0.09631385434581632,0.19,0.19,119531.42,1755175500.0,7.76320261252271,-0.06602555886993558,-0.200773,0.3117967911123559,S1-analog
bitcoin-above-124k-on-october-10,1759845600,3960.0,1,0.41,3960.0,0.41,0.41,124000.0,1760112060,0,118890.0,123891.68,124021.72,0.5074743595417897,0.3663575218754188,0.0008739301528325675,0,3.0840277777777776,BTC,2025-10-10 16:01:00+00:00,2025-10-10,2025Q4,2025,0.09747435954178968,0.27,0.27,121846.01,1759852800.0,11.83571957576513,-0.041208939581751036,-0.283797,0.20394045290425328,S1-analog
ethereum-above-2400-on-july-1,1750971600,279.0,6,0.55,179.0,0.55,0.55,2400.0,1751385660,1,2423.57,2445.27,2445.78,0.6155738104752245,0.6117536100500863,-0.018686808923905437,0,4.792361111111111,ETH,2025-07-01 16:01:00+00:00,2025-07-01,2025Q3,2025,0.06557381047522448,0.5190294734249674,0.5192735417144783,2426.89,1750973400.0,5.540698141358826,-0.008913886545964287,0.4634958750351508,0.5128850296526586,S1-analog
ethereum-above-2400-on-july-9,1751644800,2946.244741,23,0.7,2946.244741,0.6828140405186013,0.6828140405186013,2400.0,1752076860,1,2657.96,2500.52,2502.0550000000003,0.7599613236919297,0.5418726284457279,-0.041029972891254284,0,5.000694444444444,ETH,2025-07-09 16:01:00+00:00,2025-07-09,2025Q3,2025,0.07714728317332842,0.6783479815888895,0.674441532514751,2484.75,1751645700.0,5.205523002484341,0.0610602010237093,0.3063785785886886,-0.011471702376548043,S1-analog
ethereum-above-2400-on-june-24,1750427100,1080.0,8,0.79,1073.0,0.7806759259259259,0.7806803355079218,2400.0,1750780860,1,2441.03,2548.97,2546.3950000000004,0.833451641953265,0.6408219885142871,-0.06022061864951687,0,4.094444444444444,ETH,2025-06-24 16:01:00+00:00,2025-06-24,2025Q2,2025,0.052775716027339103,0.78,0.78,2536.29,1750428000.0,4.0841226505643276,-0.04326927462305221,0.20798799999999998,0.3847050245614958,S1-analog
ethereum-above-2500-on-may-27,1748000700,2200.0,11,0.65,2170.0,0.7043545454545455,0.7047004608294931,2500.0,1748361660,1,2667.59,2630.38,2623.61,0.7633007980169585,0.693721525359952,-0.05083759057033665,0,4.177777777777778,ETH,2025-05-27 16:01:00+00:00,2025-05-27,2025Q2,2025,0.05894625256241304,0.5842113097906836,0.5831780504259609,2566.79,1748001600.0,4.357686085448821,0.014047120636536957,0.3987850983380828,0.3375721561996247,S1-analog
ethereum-above-3000-on-april-30,1713969000,37.272964,2,0.740001,37.272964,0.7317091841689595,0.7317091841689595,3000.0,1714492860,0,2995.37,3224.86,3214.1,0.8040893722134683,0.7180792207280532,-0.07227724978463465,0,6.063194444444444,ETH,2024-04-30 16:01:00+00:00,2024-04-30,2024Q2,2024,0.07238018804450885,0.76,0.76,3196.99,1713969900.0,3.290999121397109,-0.07382177528362073,-0.772768,-0.5298206024016294,S1-analog
ethereum-above-3000-on-april-30,1714225500,596.3333319999999,2,0.79,596.3333319999999,0.772778662409788,0.772778662409788,3000.0,1714492860,0,2995.37,3146.2,3145.2700000000004,0.8452768359612558,0.6193993284413061,-0.04758308673815763,0,3.0944444444444446,ETH,2024-04-30 16:01:00+00:00,2024-04-30,2024Q2,2024,0.07249817355146781,0.7700000000000001,0.7700000000000001,3151.13,1714230000.0,5.055840787665274,-0.04912761223714375,-0.7823970000000001,-0.5340156142508451,S1-analog
ethereum-above-3300-on-july-23,1752869700,499.0,1,0.76,499.0,0.76,0.76,3300.0,1753286460,1,3636.5,3530.53,3527.71,0.8137313935912334,0.6986632920026594,-0.06752553284570197,0,4.823611111111111,ETH,2025-07-23 16:01:00+00:00,2025-07-23,2025Q3,2025,0.053731393591233356,0.77,0.77,3492.58,1752870600.0,3.605180272724356,0.029573679294321725,0.217603,0.11098455481623457,S1-analog
ethereum-above-3600-on-july-30,1753414200,707.78,27,0.47,497.78,0.46779903359801067,0.4625513278958577,3600.0,1753891260,1,3795.45,3620.23,3610.02,0.5228870106788702,0.6647986434612536,-0.0056037142688971,0,5.521527777777778,ETH,2025-07-30 16:01:00+00:00,2025-07-30,2025Q3,2025,0.05508797708085955,0.48,,3592.68,1753415100.0,4.87720178355036,0.04726542116202507,0.502528,0.27200500360831237,S1-analog
ethereum-above-3700-on-september-29,1758775500,2487.0,17,0.85,2487.0,0.840876558102131,0.840876558102131,3700.0,1759161660,1,4165.93,4039.28,4037.785,0.9080907641684514,0.7043516053250671,-0.08773363861841464,0,4.469444444444445,ETH,2025-09-29 16:01:00+00:00,2025-09-29,2025Q3,2025,0.06721420606632034,0.88,,4014.48,1758777300.0,2.836128312385716,0.030873081740589926,0.112608,0.025047978784914424,S1-analog
ethereum-above-3800-on-september-29,1758775500,606.0,3,0.77,606.0,0.7701980198019802,0.7701980198019802,3800.0,1759161660,1,4165.93,4039.28,4037.785,0.8348216900785657,0.6574683513637374,-0.06106539153625338,0,4.469444444444445,ETH,2025-09-29 16:01:00+00:00,2025-09-29,2025Q3,2025,0.06462367027658544,0.79,,4014.48,1758777300.0,3.9723532496154155,0.030873081740589926,0.19838699999999995,0.0757482134221252,S1-analog
ethereum-above-3900-on-october-1,1758775500,3960.0,1,0.62,3960.0,0.62,0.62,3900.0,1759334460,1,4331.21,4039.28,4037.785,0.6793967952932072,0.6189986040791432,-0.03508990513299266,0,6.469444444444444,ETH,2025-10-01 16:01:00+00:00,2025-10-01,2025Q4,2025,0.05939679529320718,0.7,0.7,4029.11,1758779100.0,4.495876241726945,0.06978049043560276,0.28530000000000005,-0.028424449085480752,S1-analog
ethereum-above-3900-on-september-29,1758775500,435.838067,6,0.62,435.838067,0.6628793794416311,0.6628793794416311,3900.0,1759161660,1,4165.93,4039.28,4037.785,0.7213568721775233,0.6238079221855246,-0.03508990513299266,0,4.469444444444445,ETH,2025-09-29 16:01:00+00:00,2025-09-29,2025Q3,2025,0.0584774927358922,0.66,,4002.88,1758776400.0,5.165683279512701,0.030873081740589926,0.32429199999999997,0.16481143786560573,S1-analog
ethereum-above-3900-on-september-29,1758888000,15.094338,1,0.47,15.094338,0.47,0.47,3900.0,1759161660,1,4165.93,3906.0,3906.71,0.528146111377,0.5300731863362936,-0.001537279318886478,0,3.1673611111111115,ETH,2025-09-29 16:01:00+00:00,2025-09-29,2025Q3,2025,0.05814611137699999,0.5968421052631578,,3903.33,1758889800.0,8.07909764064508,0.0644257075546963,0.3863143822714682,-0.13418719963056858,S1-analog
ethereum-above-4000-on-august-11,1754661600,1495.206063,7,0.43,1495.206063,0.41944778053645443,0.41944778053645443,4000.0,1754928060,1,4335.78,3999.76,3999.25,0.4734633081358874,0.5173200462376559,6.000180007206448e-05,0,3.0840277777777776,ETH,2025-08-11 16:01:00+00:00,2025-08-11,2025Q3,2025,0.054015527599432955,0.4028,0.4028,3966.5,1754662500.0,8.386908791979947,0.08066716552293002,0.5803613487999999,-0.09618681094836345,S1-analog
ethereum-above-4000-on-september-29,1758775500,200.734691,4,0.49,200.734691,0.5086051240141645,0.5086051240141645,4000.0,1759161660,1,4165.93,4039.28,4037.785,0.570679586765916,0.6018467063270397,-0.009772097148702844,0,4.469444444444445,ETH,2025-09-29 16:01:00+00:00,2025-09-29,2025Q3,2025,0.06207446275175155,0.5526774163532278,0.5546712803128918,4033.79,1758778200.0,5.9518210985213,0.030873081740589926,0.4300168273603278,0.24626576808031198,S1-analog
ethereum-above-4000-on-september-8,1757082600,13903.105007,6,0.891,10903.105007,0.8733135030800534,0.8684470461647275,4000.0,1757347260,1,4370.22,4322.82,4318.75,0.9240414856244129,0.631853942292323,-0.07761360594716742,0,3.0631944444444446,ETH,2025-09-08 16:01:00+00:00,2025-09-08,2025Q3,2025,0.05072798254435951,0.865,0.865,4283.39,1757088000.0,2.914872716058863,0.01090538402268999,0.12682575000000001,0.09503794365411672,S1-analog
ethereum-above-4100-on-september-28,1758802500,3126.0,2,0.24,3126.0,0.24003838771593086,0.24003838771593086,4100.0,1759075260,0,4022.79,4011.12,4009.99,0.34180990349390855,0.5862599892775205,0.02191646964361993,0,3.156944444444444,ETH,2025-09-28 16:01:00+00:00,2025-09-28,2025Q3,2025,0.10177151577797769,0.32,0.32,4001.14,1758809700.0,6.673070622974948,0.002905187687691682,-0.33523200000000003,-0.3546185226129639,S1-analog
ethereum-above-4100-on-september-29,1758775500,14.0,2,0.31,14.0,0.315,0.315,4100.0,1759161660,1,4165.93,4039.28,4037.785,0.4051513050205062,0.590360758367956,0.01492051544166871,0,4.469444444444445,ETH,2025-09-29 16:01:00+00:00,2025-09-29,2025Q3,2025,0.09015130502050622,0.37,0.37,4033.79,1758778200.0,5.902191779750379,0.030873081740589926,0.613683,0.43146415073512856,S1-analog
ethereum-above-4100-on-september-8,1757082600,14445.813242,18,0.8,11316.953242,0.7956250818481958,0.7889284290664919,4100.0,1757347260,1,4370.22,4322.82,4318.75,0.8459890084198435,0.6038011390224741,-0.05292099335679593,0,3.0631944444444446,ETH,2025-09-08 16:01:00+00:00,2025-09-08,2025Q3,2025,0.05036392657164768,0.7898733247194143,0.79,4291.49,1757083500.0,4.684200343574322,0.01090538402268999,0.1985085333874578,0.14742552980156343,S1-analog
ethereum-above-4200-on-august-18,1755174600,428.0,1,0.85,428.0,0.85,0.85,4200.0,1755532860,1,4343.01,4714.13,4690.33,0.9366106333893041,0.7041309609854951,-0.11547985627330164,0,4.146527777777777,ETH,2025-08-18 16:01:00+00:00,2025-08-18,2025Q3,2025,0.08661063338930408,0.8298696049076487,0.8298696049076487,4567.33,1755176400.0,1.7226885344029068,-0.08199672545675325,0.16024737202928627,0.3015021908322181,S1-analog
ethereum-above-4200-on-september-1,1756332000,7829.29,5,0.82,7829.29,0.7864789782981598,0.7864789782981598,4200.0,1756742460,1,4361.53,4527.72,4518.13,0.840469329732777,0.6922093684280287,-0.0751339762437145,0,4.750694444444445,ETH,2025-09-01 16:01:00+00:00,2025-09-01,2025Q3,2025,0.05399035143461717,0.8199999999999998,0.8199999999999998,4500.16,1756332900.0,3.3331920677445486,-0.037395588298022885,0.16966800000000015,0.2943146782836109,S1-analog
ethereum-above-4200-on-september-1,1756476000,1994.0,14,0.65,1620.0,0.6703159478435307,0.6719135802469136,4200.0,1756742460,1,4361.53,4331.27,4334.860000000001,0.7380949648599272,0.595479460459392,-0.03077627626071015,0,3.0840277777777776,ETH,2025-09-01 16:01:00+00:00,2025-09-01,2025Q3,2025,0.06777901701639655,0.6524638771824203,0.6543506493506493,4288.24,1756476900.0,6.316885010539714,0.006962111684981337,0.33166328918676447,0.28768443024220247,S1-analog
ethereum-above-4200-on-september-16,1757593800,8960.0,3,0.77,8960.0,0.7644196428571429,0.7644196428571429,4200.0,1758038460,1,4469.12,4473.0,4426.88,0.8297702718727913,0.5864614801587503,-0.0629747991613883,0,5.146527777777778,ETH,2025-09-16 16:01:00+00:00,2025-09-16,2025Q3,2025,0.06535062901564836,0.81,0.81,4400.46,1757598300.0,3.925491847476581,-0.0008678032152323195,0.17922699999999994,0.18263355444660836,S1-analog
ethereum-above-4200-on-september-28,1758802500,9.0,1,0.12,9.0,0.12000000000000001,0.12000000000000001,4200.0,1759075260,0,4022.79,4011.12,4009.99,0.18427161424781388,0.5841375723876491,0.04601402122268047,0,3.156944444444444,ETH,2025-09-28 16:01:00+00:00,2025-09-28,2025Q3,2025,0.06427161424781387,0.15,,3995.98,1758804300.0,5.011516577454595,0.002905187687691682,-0.15892499999999998,-0.17348439625748382,S1-analog
ethereum-above-4200-on-september-3,1756476000,1582.353842,14,0.63,1582.353842,0.6215044771888638,0.6215044771888638,4200.0,1756915260,1,4482.54,4331.27,4334.860000000001,0.671847475549001,0.6379982792501809,-0.03077627626071015,0,5.084027777777777,ETH,2025-09-03 16:01:00+00:00,2025-09-03,2025Q3,2025,0.050342998360137226,0.62,0.62,4288.24,1756476900.0,4.945738446613211,0.03432904849904854,0.363508,0.1937255050026061,S1-analog
ethereum-above-4200-on-september-8,1757082600,15143.888488,6,0.68,15143.888488,0.6541974058005793,0.6541974058005793,4200.0,1757347260,1,4370.22,4322.82,4318.75,0.7177703789889565,0.5829235255253831,-0.028823441777735333,0,3.0631944444444446,ETH,2025-09-08 16:01:00+00:00,2025-09-08,2025Q3,2025,0.06357297318837718,0.6500813862571759,0.6302705863807591,4283.39,1757088000.0,6.54937736119905,0.01090538402268999,0.33399532331788534,0.2625718480844977,S1-analog
ethereum-above-4300-on-september-1,1756474200,3572.0,11,0.62,3484.0,0.6259406494960806,0.6258381171067738,4300.0,1756742460,1,4361.53,4392.05,4381.215,0.6769084814308719,0.5842302017502872,-0.021181065778066714,0,3.104861111111111,ETH,2025-09-01 16:01:00+00:00,2025-09-01,2025Q3,2025,0.05096783193479126,0.56,0.56,4347.3,1756475100.0,6.923729591347764,-0.006973175242569019,0.42275199999999996,0.4710323797726287,S1-analog
ethereum-above-4300-on-september-15,1757593800,3960.0,1,0.62,3960.0,0.62,0.62,4300.0,1757952060,1,4499.27,4473.0,4426.88,0.7682584661603079,0.5323009754943656,-0.03944430175119434,0,4.146527777777777,ETH,2025-09-15 16:01:00+00:00,2025-09-15,2025Q3,2025,0.1482584661603079,0.66,0.66,4400.46,1757598300.0,5.629750712233698,0.005855836943893069,0.32429199999999997,0.29132509779439353,S1-analog
ethereum-above-4300-on-september-8,1757082600,14640.311011,15,0.51,12119.171011,0.48595318983466756,0.4830310448341487,4300.0,1757347260,1,4370.22,4322.82,4318.75,0.5453608149659234,0.5687223584695205,-0.005292944367541343,0,3.0631944444444446,ETH,2025-09-08 16:01:00+00:00,2025-09-08,2025Q3,2025,0.0594076251312558,0.4697809076682316,0.4697809076682316,4291.49,1757083500.0,7.635364496788553,0.01090538402268999,0.5127830158796634,0.4295164338889711,S1-analog
ethereum-above-4400-on-august-18,1755174600,50.0,1,0.7,50.0,0.7,0.7,4400.0,1755532860,0,4343.01,4714.13,4690.33,0.8334239049825305,0.6842875850580445,-0.0689598406384087,0,4.146527777777777,ETH,2025-08-18 16:01:00+00:00,2025-08-18,2025Q3,2025,0.13342390498253054,0.76,0.76,4619.12,1755175500.0,3.6185773390981772,-0.08199672545675325,-0.772768,-0.47605650738193805,S1-analog
ethereum-above-4400-on-october-5,1759417200,3960.1875,2,0.36,3960.1875,0.36003030159556837,0.36003030159556837,4400.0,1759680060,1,4534.78,4374.42,4374.15,0.4435221749507816,0.49096205189040454,0.0058306013315778974,0,3.042361111111111,ETH,2025-10-05 16:01:00+00:00,2025-10-05,2025Q4,2025,0.08349187335521324,0.65,0.65,4437.09,1759420800.0,8.797388772733752,0.036002631221111324,0.33407499999999996,0.017345856306521523,S1-analog
ethereum-above-4400-on-september-1,1756332000,7822.35,4,0.59,7822.35,0.5864205130171879,0.5864205130171879,4400.0,1756742460,0,4361.53,4527.72,4518.13,0.6457964372489924,0.6664465180119145,-0.028613960608821654,0,4.750694444444445,ETH,2025-09-01 16:01:00+00:00,2025-09-01,2025Q3,2025,0.05937592423180449,0.6506915726193833,0.6507099237556063,4524.07,1756336500.0,4.9551554534512015,-0.037395588298022885,-0.666602016115288,-0.481301062825324,S1-analog
ethereum-above-4400-on-september-1,1756450800,519.230768,3,0.52,519.230768,0.5392592593049108,0.5392592593049108,4400.0,1756742460,0,4361.53,4456.15,4455.15,0.5983339934208224,0.5552414608539978,-0.012680623611757254,0,3.3756944444444446,ETH,2025-09-01 16:01:00+00:00,2025-09-01,2025Q3,2025,0.059074734115911576,0.44000000000000006,0.44000000000000006,4381.03,1756454400.0,7.307109554827698,-0.02146225130095836,-0.45724800000000004,-0.300420978450654,S1-analog
ethereum-above-4400-on-september-14,1757593800,4135.589873,12,0.55,4135.589873,0.5299582578023205,0.5299582578023205,4400.0,1757865660,1,4579.64,4473.0,4426.88,0.6418211680562219,0.5074181704414634,-0.016454783526495737,0,3.146527777777778,ETH,2025-09-14 16:01:00+00:00,2025-09-14,2025Q3,2025,0.11186291025390138,0.5402702702702703,0.5402702702702703,4426.06,1757595600.0,8.03041835034938,0.023561067965947504,0.44234324835646455,0.2531380158088907,S1-analog
ethereum-above-4400-on-september-15,1757593800,5028.0,3,0.53,5028.0,0.4703341288782816,0.4703341288782816,4400.0,1757952060,1,4499.27,4473.0,4426.88,0.6204150708770095,0.5200127809334776,-0.016454783526495737,0,4.146527777777777,ETH,2025-09-15 16:01:00+00:00,2025-09-15,2025Q3,2025,0.15008094199872796,0.4876881709978935,0.4876863940339826,4400.46,1757598300.0,6.941727279673366,0.005855836943893069,0.49482243968144285,0.4541728166227012,S1-analog
ethereum-above-4400-on-september-8,1757081700,3750.0,3,0.37,3750.0,0.42333333333333334,0.42333333333333334,4400.0,1757347260,0,4370.22,4401.63,4391.72,0.5003081709222303,0.5667780503783448,-0.00037038594411157726,0,3.073611111111111,ETH,2025-09-08 16:01:00+00:00,2025-09-08,2025Q3,2025,0.076974837588897,0.31683917287804964,0.316879885262694,4322.82,1757082600.0,7.669050214446894,-0.007161575778579,-0.33199082067660984,-0.2770683364161209,S1-analog
ethereum-above-4500-on-august-20-174-564,1755174600,10315.122806,5,0.57,10315.122806,0.5782403284574138,0.5782403284574138,4500.0,1755705660,0,4264.53,4714.13,4690.33,0.6911722667509769,0.6909326359847375,-0.04648698478635012,0,6.146527777777778,ETH,2025-08-20 16:01:00+00:00,2025-08-20,2025Q3,2025,0.11293193829356307,0.5100505514826977,0.5100513485042506,4567.33,1755176400.0,3.9773280964060422,-0.10023240598797063,-0.5275434805317403,-0.12888631602540745,S1-analog
ethereum-above-4500-on-september-1,1756332000,7818.15,7,0.47,7818.15,0.4493429391863804,0.4493429391863804,4500.0,1756742460,0,4361.53,4527.72,4518.13,0.5228678401117558,0.6606611938093354,-0.006141104756763064,0,4.750694444444445,ETH,2025-09-01 16:01:00+00:00,2025-09-01,2025Q3,2025,0.07352490092537539,0.48999999999999994,0.48999999999999994,4500.16,1756332900.0,5.2878939631871456,-0.037395588298022885,-0.507493,-0.3097490943890529,S1-analog
ethereum-above-4500-on-september-14,1757593800,12180.0,5,0.27,12180.0,0.2727257799671593,0.2727257799671593,4500.0,1757865660,1,4579.64,4473.0,4426.88,0.43986213614067105,0.5007893279232225,0.006018072325562945,0,3.146527777777778,ETH,2025-09-14 16:01:00+00:00,2025-09-14,2025Q3,2025,0.16713635617351175,0.32675675675675675,0.32675675675675675,4426.06,1757595600.0,8.48054628832683,0.023561067965947504,0.6578441687363039,0.4580334412486716,S1-analog
ethereum-above-4500-on-september-15,1757593800,10000.0,4,0.31,10000.0,0.31,0.31,4500.0,1757952060,0,4499.27,4473.0,4426.88,0.44949989274883767,0.513739155872845,0.006018072325562945,0,4.146527777777777,ETH,2025-09-15 16:01:00+00:00,2025-09-15,2025Q3,2025,0.13949989274883767,0.3042584035197153,0.3042554470783254,4400.46,1757598300.0,7.217370524000827,0.005855836943893069,-0.31907636943822976,-0.36134011439043867,S1-analog
ethereum-above-4500-on-september-16,1757593800,7920.0,2,0.34,7920.0,0.34500000000000003,0.34500000000000003,4500.0,1758038460,0,4469.12,4473.0,4426.88,0.4556508097303289,0.5565700076257173,0.006018072325562945,0,5.146527777777778,ETH,2025-09-16 16:01:00+00:00,2025-09-16,2025Q3,2025,0.11065080973032887,0.3376881720430108,0.33768639508070714,4400.46,1757598300.0,5.99011355326621,-0.0008678032152323195,-0.3533440129783791,-0.348145773177248,S1-analog
ethereum-above-4500-on-september-3,1756518300,8.38,1,0.19,0.0,0.19,,4500.0,1756915260,0,4482.54,4320.36,4319.55,0.26294049952645643,0.6049766285852595,0.0407386646589512,0,4.594444444444445,ETH,2025-09-03 16:01:00+00:00,2025-09-03,2025Q3,2025,0.07294049952645643,0.24,0.24,4265.09,1756519200.0,4.8070552369920465,0.03685111793175865,-0.252768,-0.4299133594428719,S1-analog
ethereum-above-4600-on-august-18,1755174600,6397.83714,10,0.56,6397.83714,0.4940590592151272,0.4940590592151272,4600.0,1755532860,0,4343.01,4714.13,4690.33,0.6243327364305149,0.6683510466031208,-0.02450807806757478,0,4.146527777777777,ETH,2025-08-18 16:01:00+00:00,2025-08-18,2025Q3,2025,0.13027367721538768,0.4882394504218825,0.4882394504218825,4619.12,1755175500.0,5.340152539506285,-0.08199672545675325,-0.5057297686850359,-0.06785474700595545,S1-analog
ethereum-above-4600-on-september-14,1757593800,1023.809522,2,0.21,1023.809522,0.2002325581222715,0.2002325581222715,4600.0,1757865660,0,4579.64,4473.0,4426.88,0.25545348482810226,0.5027426289394505,0.027996979044338163,0,3.146527777777778,ETH,2025-09-14 16:01:00+00:00,2025-09-14,2025Q3,2025,0.05522092670583076,0.23546419098143237,0.23546419098143237,4414.57,1757594700.0,7.038499361795028,0.023561067965947504,-0.2480656473837148,-0.4139002092252456,S1-analog
ethereum-above-4700-on-august-20-975-825,1755167400,1500.0,1,0.48,1500.0,0.48,0.48,4700.0,1755705660,0,4264.53,4748.28,4751.8,0.5302749596134165,0.693634482458025,-0.010219938491437545,0,6.229861111111111,ETH,2025-08-20 16:01:00+00:00,2025-08-20,2025Q3,2025,0.05027495961341655,0.454,0.454,4714.13,1755174600.0,4.3923627119136395,-0.10745047163279678,-0.47135188,0.0006095649774308654,S1-analog
ethereum-above-4700-on-september-16,1757593800,3982.0,2,0.14,3982.0,0.1499447513812155,0.1499447513812155,4700.0,1758038460,0,4469.12,4473.0,4426.88,0.208800110013663,0.5578970377706711,0.04950318426530194,0,5.146527777777778,ETH,2025-09-16 16:01:00+00:00,2025-09-16,2025Q3,2025,0.05885535863244751,0.12,0.12,4400.46,1757598300.0,4.441247422249314,-0.0008678032152323195,-0.127392,-0.1235378712073298,S1-analog
ethereum-above-4800-on-september-16,1757777400,2100.0,5,0.21,0.0,0.21,,4800.0,1758038460,0,4469.12,4680.83,4682.085,0.26674405122634914,0.5086943049487167,0.025140473281667422,0,3.0215277777777776,ETH,2025-09-16 16:01:00+00:00,2025-09-16,2025Q3,2025,0.05674405122634915,0.24,0.24,4638.56,1757781000.0,7.342450009813114,-0.04628392339669925,-0.252768,0.08706939379828382,S1-analog
ethereum-above-4800-on-september-17,1757703600,21.950423,3,0.17,21.950423,0.13031493333864227,0.13031493333864227,4800.0,1758124860,0,4487.01,4624.61,4625.16,0.25682142287039045,0.5513742880521624,0.03722387482927695,0,4.875694444444444,ETH,2025-09-17 16:01:00+00:00,2025-09-17,2025Q3,2025,0.12650648953174817,0.17,0.17,4619.72,1757704500.0,5.178428846594664,-0.030205487432630494,-0.179877,-0.023460032553413668,S1-analog
