asset,event,ts,n_sig,n_fill,ev_best1,best1_filled,ev_gapw,ev_eqw,ev_raw_gapw,hit_gapw
BTC,2025-11-11,1762398000,1,0,,False,,,,
BTC,2025-11-18,1763103600,1,0,,False,,,,
BTC,2025-11-19,1763515800,1,1,-0.08866719191485961,True,-0.08866719191485961,-0.08866719191485961,-0.525,0.0
BTC,2025-11-21,1763515800,1,0,,False,,,,
BTC,2025-11-22,1763504100,1,0,,False,,,,
BTC,2025-11-22,1763660700,1,1,-0.346115799421598,True,-0.346115799421598,-0.346115799421598,-0.56,0.0
BTC,2025-11-22,1763763300,1,1,-0.21365990544338953,True,-0.21365990544338953,-0.21365990544338953,-0.313,0.0
BTC,2025-11-23,1763584200,2,0,,False,,,,
BTC,2025-11-23,1763711100,1,1,0.28706739849296914,True,0.28706739849296914,0.28706739849296914,0.489,1.0
BTC,2025-11-23,1763829900,1,1,0.4591223232791252,True,0.4591223232791252,0.4591223232791252,0.78,1.0
BTC,2025-11-24,1763504100,3,2,,False,-0.11686770187601847,-0.12679182637810252,-0.46554984295517254,0.0
BTC,2025-11-24,1763658000,1,1,0.2461866078487459,True,0.2461866078487459,0.2461866078487459,0.20999999999999996,1.0
BTC,2025-11-24,1763770500,2,2,0.40413395333854857,True,0.06453523186373691,0.018346775340194854,0.22789008982951653,0.5598626122868956
BTC,2025-11-24,1763862300,1,1,-0.35974224075961336,True,-0.35974224075961336,-0.35974224075961336,-0.22,0.0
BTC,2025-11-25,1763504100,1,0,,False,,,,
BTC,2025-11-25,1763658000,1,1,0.2791349220736873,True,0.2791349220736873,0.2791349220736873,0.24,1.0
BTC,2025-11-25,1763806500,1,0,,False,,,,
BTC,2025-11-25,1763895600,2,1,,False,0.37893298861911484,0.37893298861911484,0.49,1.0
BTC,2025-11-25,1764005400,2,1,-0.08447178203882394,True,-0.08447178203882394,-0.08447178203882394,-0.14,0.0
BTC,2025-11-26,1763711100,1,1,0.08994856705344662,True,0.08994856705344662,0.08994856705344662,0.262,1.0
BTC,2025-11-26,1763806500,1,0,,False,,,,
BTC,2025-11-26,1763962200,1,0,,False,,,,
BTC,2025-11-26,1764139500,1,1,-0.4205618643928557,True,-0.4205618643928557,-0.4205618643928557,-0.36,0.0
BTC,2025-11-27,1763660700,1,0,,False,,,,
BTC,2025-11-27,1763962200,1,1,0.4389607221932929,True,0.4389607221932929,0.4389607221932929,0.72,1.0
BTC,2025-11-27,1764112500,2,2,0.4688969145439612,True,0.16033847556592348,0.1233391811344637,0.4511295242937192,0.553535619166153
BTC,2025-11-27,1764198900,3,0,,False,,,,
BTC,2025-11-28,1764111600,1,0,,False,,,,
BTC,2025-11-28,1764198000,3,0,,False,,,,
BTC,2025-11-28,1764328500,1,1,0.17201106591957951,True,0.17201106591957951,0.17201106591957951,0.10999999999999999,1.0
BTC,2025-11-29,1764180000,1,1,0.3989553203106914,True,0.3989553203106914,0.3989553203106914,0.55,1.0
BTC,2025-11-29,1764328500,1,1,-0.19682449554568388,True,-0.19682449554568388,-0.19682449554568388,-0.28,0.0
BTC,2025-11-30,1764109800,1,0,,False,,,,
BTC,2025-11-30,1764196200,2,0,,False,,,,
BTC,2025-11-30,1764328500,1,0,,False,,,,
BTC,2025-11-30,1764462600,1,1,-0.30806847960335637,True,-0.30806847960335637,-0.30806847960335637,-0.12,0.0
BTC,2025-12-01,1764198900,1,0,,False,,,,
BTC,2025-12-01,1764340200,1,0,,False,,,,
BTC,2025-12-01,1764549000,1,1,-0.4421585517981422,True,-0.4421585517981422,-0.4421585517981422,-0.824,0.0
BTC,2025-12-02,1764115200,1,0,,False,,,,
BTC,2025-12-02,1764201600,4,0,,False,,,,
BTC,2025-12-02,1764340200,2,1,-0.1034847828785643,True,-0.1034847828785643,-0.1034847828785643,-0.33,0.0
BTC,2025-12-02,1764602100,1,1,-0.35768992935869204,True,-0.35768992935869204,-0.35768992935869204,0.28500000000000003,1.0
BTC,2025-12-02,1764688500,1,1,0.19757650652911668,True,0.19757650652911668,0.19757650652911668,0.28700000000000003,1.0
BTC,2025-12-03,1764179100,1,0,,False,,,,
BTC,2025-12-03,1764340200,1,0,,False,,,,
BTC,2025-12-03,1764549000,1,1,-0.05230183175848041,True,-0.05230183175848041,-0.05230183175848041,0.28,1.0
BTC,2025-12-03,1764771300,1,1,0.05507739201781542,True,0.05507739201781542,0.05507739201781542,0.06799999999999995,1.0
BTC,2025-12-04,1764281700,1,1,0.49114669559859075,True,0.49114669559859075,0.49114669559859075,0.5700000000000001,1.0
BTC,2025-12-04,1764594900,1,1,-0.08207836769756449,True,-0.08207836769756449,-0.08207836769756449,0.5,1.0
BTC,2025-12-04,1764772200,1,1,0.45486867996600755,True,0.45486867996600755,0.45486867996600755,0.44999999999999996,1.0
BTC,2025-12-04,1764858600,1,1,0.3531911503598829,True,0.3531911503598829,0.3531911503598829,0.266,1.0
BTC,2025-12-05,1764664200,1,0,,False,,,,
BTC,2025-12-05,1764927000,1,1,-0.41075663208464724,True,-0.41075663208464724,-0.41075663208464724,-0.85,0.0
BTC,2025-12-06,1764709200,1,0,,False,,,,
BTC,2025-12-06,1764795600,1,1,0.016678852235140706,True,0.016678852235140706,0.016678852235140706,-0.333,0.0
BTC,2025-12-06,1764884700,1,1,0.08344202495861178,True,0.08344202495861178,0.08344202495861178,-0.219,0.0
BTC,2025-12-06,1764979200,1,1,-0.29189462191787713,True,-0.29189462191787713,-0.29189462191787713,-0.18000000000000002,0.0
BTC,2025-12-07,1764722700,2,0,,False,,,,
BTC,2025-12-07,1764835200,3,2,-0.02332819267655334,True,0.03483167007193802,0.043266609150943165,-0.25026569965831164,0.0
BTC,2025-12-07,1764953100,1,0,,False,,,,
BTC,2025-12-07,1765042200,1,1,-0.4010036070210207,True,-0.4010036070210207,-0.4010036070210207,-0.4,0.0
BTC,2025-12-08,1764721800,1,0,,False,,,,
BTC,2025-12-08,1764835200,1,0,,False,,,,
BTC,2025-12-08,1765204200,1,1,-0.7846565939931408,True,-0.7846565939931408,-0.7846565939931408,-0.919,0.0
BTC,2025-12-09,1764713700,1,0,,False,,,,
BTC,2025-12-09,1764800100,1,0,,False,,,,
BTC,2025-12-09,1764892800,6,0,,False,,,,
BTC,2025-12-09,1765215900,1,1,-0.32310965036540396,True,-0.32310965036540396,-0.32310965036540396,0.22999999999999998,1.0
BTC,2025-12-10,1764788400,1,0,,False,,,,
BTC,2025-12-10,1764892800,4,0,,False,,,,
BTC,2025-12-10,1765310400,1,1,-0.16298998953828947,True,-0.16298998953828947,-0.16298998953828947,-0.43,0.0
BTC,2025-12-11,1764892800,4,0,,False,,,,
BTC,2025-12-11,1765418400,1,1,-0.4223720701310581,True,-0.4223720701310581,-0.4223720701310581,-0.61,0.0
BTC,2025-12-12,1765465200,1,1,0.18857895637764185,True,0.18857895637764185,0.18857895637764185,0.27,1.0
BTC,2025-12-12,1765551600,1,1,0.5190944840258106,True,0.5190944840258106,0.5190944840258106,-0.67,0.0
BTC,2025-12-13,1765557000,1,1,0.5291635539288089,True,0.5291635539288089,0.5291635539288089,0.45999999999999996,1.0
BTC,2025-12-13,1765643400,1,1,0.3041592841600596,True,0.3041592841600596,0.3041592841600596,0.33999999999999997,1.0
BTC,2025-12-15,1765393200,1,0,,False,,,,
BTC,2025-12-15,1765751400,1,1,-0.17115523910261027,True,-0.17115523910261027,-0.17115523910261027,-0.53,0.0
BTC,2025-12-16,1765310400,1,0,,False,,,,
BTC,2025-12-16,1765397700,1,0,,False,,,,
BTC,2025-12-16,1765712700,1,0,,False,,,,
BTC,2025-12-16,1765811700,1,1,0.2782857325324734,True,0.2782857325324734,0.2782857325324734,0.29000000000000004,1.0
BTC,2025-12-16,1765898100,1,1,0.05061657891253976,True,0.05061657891253976,0.05061657891253976,0.07999999999999996,1.0
BTC,2025-12-17,1765390500,1,0,,False,,,,
BTC,2025-12-17,1765487700,1,0,,False,,,,
BTC,2025-12-17,1765966500,1,1,0.20857680762474512,True,0.20857680762474512,0.20857680762474512,0.29000000000000004,1.0
BTC,2025-12-18,1765485000,1,0,,False,,,,
BTC,2025-12-18,1765896300,1,0,,False,,,,
BTC,2025-12-18,1765986300,2,2,0.25088833543595757,True,-0.085661774640158,-0.0968481120855085,-0.18293662104761838,0.5160845052698423
BTC,2025-12-18,1766072700,1,1,-0.7115498391977418,True,-0.7115498391977418,-0.7115498391977418,-0.85,0.0
BTC,2025-12-19,1765986300,2,2,0.30651476826111307,True,-0.057742616666698526,-0.07565162289469218,-0.13648958771946676,0.5234309016209282
BTC,2025-12-19,1766078100,1,1,0.04987706361659905,True,0.04987706361659905,0.04987706361659905,0.20699999999999996,1.0
BTC,2025-12-20,1765986300,1,1,0.5057606070303249,True,0.5057606070303249,0.5057606070303249,0.44999999999999996,1.0
BTC,2025-12-20,1766079000,1,1,0.058009169217524775,True,0.058009169217524775,0.058009169217524775,0.30000000000000004,1.0
BTC,2025-12-20,1766165400,1,1,0.5246096253513584,True,0.5246096253513584,0.5246096253513584,0.64,1.0
BTC,2025-12-21,1766009700,2,0,,False,,,,
BTC,2025-12-21,1766155500,2,2,-0.21005412107969246,True,0.09586570486840126,0.13612773539966547,0.07487542306650488,0.4418484392268187
BTC,2025-12-21,1766310300,1,1,0.0001426244827949924,True,0.0001426244827949924,0.0001426244827949924,-0.102,0.0
BTC,2025-12-22,1766009700,1,0,,False,,,,
BTC,2025-12-22,1766155500,2,2,0.36565303275718797,True,0.010102552475931698,-0.010392709159590424,0.12071077678422956,0.5272510220845126
BTC,2025-12-22,1766415600,1,1,-0.1357711969397437,True,-0.1357711969397437,-0.1357711969397437,-0.5,0.0
BTC,2025-12-23,1765929600,1,1,-0.1691974036647572,True,-0.1691974036647572,-0.1691974036647572,-0.16,0.0
BTC,2025-12-23,1766016000,3,0,,False,,,,
BTC,2025-12-23,1766155500,1,0,,False,,,,
BTC,2025-12-23,1766497500,1,1,0.05664191584658093,True,0.05664191584658093,0.05664191584658093,0.06899999999999995,1.0
BTC,2025-12-24,1766009700,3,0,,False,,,,
BTC,2025-12-24,1766155500,3,2,,False,0.06765111214106775,0.08376071661898372,-0.02639868187977773,0.47437705956284737
BTC,2025-12-24,1766574900,1,1,0.08817366152777759,True,0.08817366152777759,0.08817366152777759,0.08999999999999997,1.0
BTC,2025-12-25,1766105100,1,0,,False,,,,
BTC,2025-12-25,1766627100,1,1,0.5241056113013556,True,0.5241056113013556,0.5241056113013556,0.63,1.0
BTC,2025-12-26,1766620800,1,0,,False,,,,
BTC,2025-12-26,1766751300,1,1,-0.14630480616453356,True,-0.14630480616453356,-0.14630480616453356,-0.77,0.0
BTC,2025-12-27,1766645100,1,1,-0.4105638571073937,True,-0.4105638571073937,-0.4105638571073937,-0.46,0.0
BTC,2025-12-27,1766761200,1,1,-0.33473546840709845,True,-0.33473546840709845,-0.33473546840709845,-0.31,0.0
BTC,2025-12-28,1766761200,1,1,-0.4143262866402748,True,-0.4143262866402748,-0.4143262866402748,-0.34,0.0
BTC,2025-12-28,1766868300,1,1,-0.37629749166331317,True,-0.37629749166331317,-0.37629749166331317,-0.29000000000000004,0.0
BTC,2025-12-29,1766797200,1,0,,False,,,,
BTC,2025-12-29,1766945700,1,1,-0.38459436240750383,True,-0.38459436240750383,-0.38459436240750383,-0.39,0.0
BTC,2025-12-30,1766761200,2,1,0.4356869779364081,True,0.4356869779364081,0.4356869779364081,0.61,1.0
BTC,2025-12-30,1767001500,1,1,0.38240899069952666,True,0.38240899069952666,0.38240899069952666,0.5,1.0
BTC,2025-12-30,1767105000,1,1,0.0004865292235215479,True,0.0004865292235215479,0.0004865292235215479,0.5,1.0
BTC,2025-12-31,1766620800,1,0,,False,,,,
BTC,2025-12-31,1767001500,1,1,-0.3887181319262021,True,-0.3887181319262021,-0.3887181319262021,-0.48,0.0
BTC,2025-12-31,1767168000,1,1,0.07284252614400004,True,0.07284252614400004,0.07284252614400004,-0.09999999999999999,0.0
BTC,2026-01-01,1766711700,2,0,,False,,,,
BTC,2026-01-01,1766800800,1,0,,False,,,,
BTC,2026-01-01,1766915100,1,0,,False,,,,
BTC,2026-01-01,1767001500,1,1,-0.44973804452976235,True,-0.44973804452976235,-0.44973804452976235,-0.48,0.0
BTC,2026-01-01,1767168000,1,1,-0.1421095849907072,True,-0.1421095849907072,-0.1421095849907072,-0.23,0.0
BTC,2026-01-01,1767260700,1,1,-0.43892306800527664,True,-0.43892306800527664,-0.43892306800527664,-0.38,0.0
BTC,2026-01-02,1767105000,1,0,,False,,,,
BTC,2026-01-02,1767192300,1,1,0.15488508205411,True,0.15488508205411,0.15488508205411,0.42999999999999994,1.0
BTC,2026-01-02,1767354300,1,1,-0.015195004001243101,True,-0.015195004001243101,-0.015195004001243101,0.08999999999999997,1.0
BTC,2026-01-03,1767125700,1,1,0.5574167777381576,True,0.5574167777381576,0.5574167777381576,0.76,1.0
BTC,2026-01-03,1767311100,1,1,0.14386727581581932,True,0.14386727581581932,0.14386727581581932,0.38,1.0
BTC,2026-01-03,1767401100,1,1,-0.0452326353973234,True,-0.0452326353973234,-0.0452326353973234,-0.04,0.0
BTC,2026-01-04,1767132900,1,0,,False,,,,
BTC,2026-01-04,1767237300,1,1,0.45348085311694264,True,0.45348085311694264,0.45348085311694264,0.81,1.0
BTC,2026-01-04,1767365100,1,0,,False,,,,
BTC,2026-01-04,1767451500,1,1,-0.25551519323042404,True,-0.25551519323042404,-0.25551519323042404,-0.105,0.0
BTC,2026-01-04,1767538800,1,1,-0.07437716781989512,True,-0.07437716781989512,-0.07437716781989512,-0.08499999999999999,0.0
BTC,2026-01-05,1767136500,1,0,,False,,,,
BTC,2026-01-05,1767311100,1,0,,False,,,,
BTC,2026-01-05,1767623400,1,1,-0.08248105325951072,True,-0.08248105325951072,-0.08248105325951072,0.20999999999999996,1.0
BTC,2026-01-06,1767159000,1,0,,False,,,,
BTC,2026-01-06,1767393900,1,1,0.22302447469214537,True,0.22302447469214537,0.22302447469214537,0.51,1.0
BTC,2026-01-06,1767709800,1,1,0.22235294245171178,True,0.22235294245171178,0.22235294245171178,-0.63,0.0
BTC,2026-01-07,1767311100,1,1,0.2334713825143538,True,0.2334713825143538,0.2334713825143538,0.45999999999999996,1.0
BTC,2026-01-07,1767576600,1,0,,False,,,,
BTC,2026-01-07,1767734100,1,0,,False,,,,
BTC,2026-01-08,1767789900,1,1,-0.059262809841094555,True,-0.059262809841094555,-0.059262809841094555,-0.18000000000000002,0.0
BTC,2026-01-08,1767880800,1,1,0.20439341577926406,True,0.20439341577926406,0.20439341577926406,0.56,1.0
BTC,2026-01-09,1767789000,1,1,-0.20473246794491592,True,-0.20473246794491592,-0.20473246794491592,-0.25,0.0
BTC,2026-01-09,1767876300,1,1,-0.3683168533383131,True,-0.3683168533383131,-0.3683168533383131,-0.19,0.0
BTC,2026-01-09,1767962700,1,1,-0.19888202501654406,True,-0.19888202501654406,-0.19888202501654406,0.31999999999999995,1.0
BTC,2026-01-10,1767982500,1,1,-0.00331546538952604,True,-0.00331546538952604,-0.00331546538952604,-0.18000000000000002,0.0
BTC,2026-01-11,1767743100,1,0,,False,,,,
BTC,2026-01-11,1767910500,1,0,,False,,,,
BTC,2026-01-11,1768075200,1,1,-0.1250314596943311,True,-0.1250314596943311,-0.1250314596943311,-0.05,0.0
BTC,2026-01-12,1767735000,1,0,,False,,,,
BTC,2026-01-12,1767859200,2,1,-0.1058631331512844,True,-0.1058631331512844,-0.1058631331512844,-0.04,0.0
BTC,2026-01-12,1768173300,1,0,,False,,,,
BTC,2026-01-13,1767860100,1,0,,False,,,,
BTC,2026-01-13,1768175100,1,0,,False,,,,
BTC,2026-01-13,1768312800,1,1,-0.27156748223365046,True,-0.27156748223365046,-0.27156748223365046,0.5,1.0
BTC,2026-01-14,1768093200,1,0,,False,,,,
BTC,2026-01-14,1768220100,1,0,,False,,,,
BTC,2026-01-14,1768342500,2,2,0.320237049544701,True,0.1811684778578542,0.1689128574897923,0.47511684437316776,1.0
BTC,2026-01-15,1768175100,1,0,,False,,,,
BTC,2026-01-15,1768261500,2,0,,False,,,,
BTC,2026-01-15,1768347900,2,0,,False,,,,
BTC,2026-01-15,1768492800,1,1,0.10941440185747504,True,0.10941440185747504,0.10941440185747504,0.13,1.0
BTC,2026-01-16,1768342500,3,1,,False,-0.31394328528144866,-0.31394328528144866,-0.41000000000000003,0.0
BTC,2026-01-16,1768462200,1,1,-0.015281437336358089,True,-0.015281437336358089,-0.015281437336358089,-0.23500000000000001,0.0
BTC,2026-01-16,1768550400,1,0,,False,,,,
BTC,2026-01-17,1768342500,2,0,,False,,,,
BTC,2026-01-17,1768499100,1,0,,False,,,,
BTC,2026-01-17,1768587300,1,0,,False,,,,
BTC,2026-01-18,1768499100,1,1,-0.07362207288836406,True,-0.07362207288836406,-0.07362207288836406,-0.3,0.0
BTC,2026-01-18,1768588200,1,0,,False,,,,
BTC,2026-01-18,1768690800,1,1,-0.18958730764446943,True,-0.18958730764446943,-0.18958730764446943,-0.19,0.0
BTC,2026-01-19,1768342500,1,0,,False,,,,
BTC,2026-01-19,1768552200,1,0,,False,,,,
BTC,2026-01-19,1768761000,1,0,,False,,,,
BTC,2026-01-20,1768761000,1,0,,False,,,,
BTC,2026-01-20,1768917600,1,1,0.33560063728281153,True,0.33560063728281153,0.33560063728281153,0.14500000000000002,1.0
BTC,2026-01-21,1768761000,2,0,,False,,,,
BTC,2026-01-21,1768920300,1,1,-0.1585717374282266,True,-0.1585717374282266,-0.1585717374282266,-0.68,0.0
BTC,2026-01-21,1769008500,1,1,0.7601854808400975,True,0.7601854808400975,0.7601854808400975,-0.67,0.0
BTC,2026-01-22,1768762800,1,0,,False,,,,
BTC,2026-01-22,1768885200,1,1,-0.04021544860107995,True,-0.04021544860107995,-0.04021544860107995,-0.46,0.0
BTC,2026-01-22,1768987800,1,1,0.34699367700965156,True,0.34699367700965156,0.34699367700965156,0.29300000000000004,1.0
BTC,2026-01-22,1769090400,1,1,0.08289266718213417,True,0.08289266718213417,0.08289266718213417,0.05599999999999994,1.0
BTC,2026-01-23,1768955400,1,0,,False,,,,
BTC,2026-01-23,1769152500,1,1,0.5344619993822413,True,0.5344619993822413,0.5344619993822413,0.6499999999999999,1.0
BTC,2026-01-24,1768959000,1,0,,False,,,,
BTC,2026-01-24,1769141700,1,1,-0.01009212175242187,True,-0.01009212175242187,-0.01009212175242187,-0.11,0.0
BTC,2026-01-24,1769228100,1,1,0.12520803514361872,True,0.12520803514361872,0.12520803514361872,-0.31,0.0
BTC,2026-01-25,1768958100,1,0,,False,,,,
BTC,2026-01-25,1769141700,1,1,0.09828571584084708,True,0.09828571584084708,0.09828571584084708,-0.15000000000000002,0.0
BTC,2026-01-25,1769241600,1,1,0.08850486088153009,True,0.08850486088153009,0.08850486088153009,-0.33,0.0
BTC,2026-01-25,1769328000,1,1,0.054905902548607805,True,0.054905902548607805,0.054905902548607805,-0.05,0.0
BTC,2026-01-26,1768955400,1,0,,False,,,,
BTC,2026-01-26,1769195700,2,2,-0.034744601986591406,True,-0.27612216113630267,-0.28790624130161446,-0.6630178520348526,0.0
BTC,2026-01-26,1769311800,1,1,-0.042726103833954865,True,-0.042726103833954865,-0.042726103833954865,-0.28,0.0
BTC,2026-01-26,1769437800,1,1,0.04888481233213944,True,0.04888481233213944,0.04888481233213944,0.04800000000000004,1.0
BTC,2026-01-27,1768939200,1,0,,False,,,,
BTC,2026-01-27,1769040900,1,0,,False,,,,
BTC,2026-01-27,1769127300,1,0,,False,,,,
BTC,2026-01-27,1769274000,1,0,,False,,,,
BTC,2026-01-27,1769365800,1,1,0.17760799465710223,True,0.17760799465710223,0.17760799465710223,0.30000000000000004,1.0
BTC,2026-01-27,1769524200,1,1,0.19730487466389196,True,0.19730487466389196,0.19730487466389196,0.38,1.0
BTC,2026-01-28,1769029200,2,0,,False,,,,
BTC,2026-01-28,1769127300,1,0,,False,,,,
BTC,2026-01-28,1769274000,1,0,,False,,,,
BTC,2026-01-28,1769370300,1,1,0.3529308317607243,True,0.3529308317607243,0.3529308317607243,0.6699999999999999,1.0
BTC,2026-01-28,1769545800,1,1,0.1918103865902958,True,0.1918103865902958,0.1918103865902958,0.28,1.0
BTC,2026-01-29,1769104800,2,0,,False,,,,
BTC,2026-01-29,1769195700,1,1,-0.01587658545830839,True,-0.01587658545830839,-0.01587658545830839,-0.51,0.0
BTC,2026-01-29,1769370300,1,1,-0.2272048550363513,True,-0.2272048550363513,-0.2272048550363513,-0.35000000000000003,0.0
BTC,2026-01-29,1769623200,1,1,0.4663179652338279,True,0.4663179652338279,0.4663179652338279,-0.47000000000000003,0.0
BTC,2026-01-30,1769621400,1,1,0.5663363433519304,True,0.5663363433519304,0.5663363433519304,-0.4,0.0
BTC,2026-01-30,1769711400,1,1,0.31881725480389395,True,0.31881725480389395,0.31881725480389395,0.20999999999999996,1.0
BTC,2026-01-31,1769545800,1,0,,False,,,,
BTC,2026-01-31,1769737500,2,2,0.41715838107973735,True,0.12716504362716163,0.06904166782261328,-0.055136707524197914,0.583482598782348
BTC,2026-01-31,1769841900,1,1,0.9925748776945461,True,0.9925748776945461,0.9925748776945461,-0.36,0.0
BTC,2026-02-01,1769623200,1,1,1.0505197171494882,True,1.0505197171494882,1.0505197171494882,-0.49,0.0
BTC,2026-02-01,1769746500,1,1,0.2857813404146433,True,0.2857813404146433,0.2857813404146433,-0.363,0.0
BTC,2026-02-01,1769840100,1,1,0.7083396399161144,True,0.7083396399161144,0.7083396399161144,-0.052000000000000005,0.0
BTC,2026-02-01,1769928300,1,1,0.03390854704536128,True,0.03390854704536128,0.03390854704536128,-0.132,0.0
BTC,2026-02-02,1769623200,1,1,0.7385924896916256,True,0.7385924896916256,0.7385924896916256,-0.49,0.0
BTC,2026-02-02,1769737500,1,1,0.16672897578621457,True,0.16672897578621457,0.16672897578621457,-0.16,0.0
BTC,2026-02-02,1769869800,1,1,0.3249200136938575,True,0.3249200136938575,0.3249200136938575,0.13,1.0
BTC,2026-02-02,1769982300,1,1,0.4538990835114442,True,0.4538990835114442,0.4538990835114442,0.711,1.0
BTC,2026-02-03,1769545800,1,0,,False,,,,
BTC,2026-02-03,1769737500,1,1,-0.49532007300329456,True,-0.49532007300329456,-0.49532007300329456,-0.823,0.0
BTC,2026-02-03,1769874300,1,1,-0.4597748671204457,True,-0.4597748671204457,-0.4597748671204457,-0.793,0.0
BTC,2026-02-03,1769982300,1,1,-0.29974067343110766,True,-0.29974067343110766,-0.29974067343110766,-0.34,0.0
BTC,2026-02-03,1770070500,1,1,-0.21564701542186304,True,-0.21564701542186304,-0.21564701542186304,-0.644,0.0
BTC,2026-02-04,1769655600,1,0,,False,,,,
BTC,2026-02-04,1769792400,1,0,,False,,,,
BTC,2026-02-04,1770048000,1,1,0.18572466708056729,True,0.18572466708056729,0.18572466708056729,-0.34800000000000003,0.0
BTC,2026-02-05,1769706900,1,0,,False,,,,
BTC,2026-02-05,1769796900,3,2,0.9696563276152251,True,0.8646356119116985,0.8559532018734662,-0.4769821636558619,0.0
BTC,2026-02-05,1769962500,1,0,,False,,,,
BTC,2026-02-05,1770064200,1,1,0.5760450080287447,True,0.5760450080287447,0.5760450080287447,-0.53,0.0
BTC,2026-02-05,1770169500,1,1,0.4715208743552062,True,0.4715208743552062,0.4715208743552062,-0.573,0.0
BTC,2026-02-06,1770137100,2,2,0.15455999435415835,True,-0.014009358843946537,-0.01994200060081691,-0.6513552258519903,0.0
BTC,2026-02-06,1770229800,1,1,-0.06489497568375846,True,-0.06489497568375846,-0.06489497568375846,-0.436,0.0
BTC,2026-02-07,1770148800,1,0,,False,,,,
BTC,2026-02-07,1770235200,2,2,0.1347026932422139,True,0.05389137139977785,0.04691996523613684,-0.37666125656140886,0.0
BTC,2026-02-07,1770419700,1,1,-0.3002757409538392,True,-0.3002757409538392,-0.3002757409538392,-0.71,0.0
BTC,2026-02-08,1770149700,1,0,,False,,,,
BTC,2026-02-08,1770255900,1,1,-0.36218058220851534,True,-0.36218058220851534,-0.36218058220851534,-0.55,0.0
BTC,2026-02-08,1770342300,2,2,0.41143569111693884,True,0.5007789796525572,0.5082213630420717,0.8106938515637396,1.0
BTC,2026-02-08,1770435900,1,1,-0.22983379919856248,True,-0.22983379919856248,-0.22983379919856248,-0.256,0.0
BTC,2026-02-08,1770523200,1,1,0.4583206012078288,True,0.4583206012078288,0.4583206012078288,0.749,1.0
BTC,2026-02-09,1770149700,3,0,,False,,,,
BTC,2026-02-09,1770237000,1,1,-0.3853137687001419,True,-0.3853137687001419,-0.3853137687001419,-0.63,0.0
BTC,2026-02-09,1770334200,1,1,0.41937288439536086,True,0.41937288439536086,0.41937288439536086,0.728,1.0
BTC,2026-02-09,1770421500,2,2,0.4724998727275968,True,0.11119175536895068,0.08552609115184365,0.07266740312890169,0.5331620195463846
BTC,2026-02-09,1770508800,1,1,0.48758650000556475,True,0.48758650000556475,0.48758650000556475,0.611,1.0
BTC,2026-02-09,1770595200,1,1,0.195116167851653,True,0.195116167851653,0.195116167851653,0.18899999999999995,1.0
BTC,2026-02-10,1770149700,1,0,,False,,,,
BTC,2026-02-10,1770259500,1,1,-0.3046506324470507,True,-0.3046506324470507,-0.3046506324470507,-0.54,0.0
BTC,2026-02-10,1770367500,1,0,,False,,,,
BTC,2026-02-10,1770454800,1,1,0.3720105793614409,True,0.3720105793614409,0.3720105793614409,0.44999999999999996,1.0
BTC,2026-02-10,1770542100,1,1,-0.2142381123124863,True,-0.2142381123124863,-0.2142381123124863,-0.31,0.0
BTC,2026-02-10,1770632100,3,3,-0.39460993233670283,True,0.007301669275044359,0.026812985564171925,-0.004793102003884359,0.6312464039301443
BTC,2026-02-10,1770725700,1,1,0.027885403709101142,True,0.027885403709101142,0.027885403709101142,0.29000000000000004,1.0
BTC,2026-02-11,1770226200,3,0,,False,,,,
BTC,2026-02-11,1770312600,1,1,-0.37253875072107734,True,-0.37253875072107734,-0.37253875072107734,-0.45,0.0
BTC,2026-02-11,1770422400,2,1,,False,-0.18545049535278707,-0.18545049535278707,-0.54,0.0
BTC,2026-02-11,1770508800,1,1,-0.3455757383427513,True,-0.3455757383427513,-0.3455757383427513,-0.61,0.0
BTC,2026-02-11,1770601500,1,0,,False,,,,
BTC,2026-02-11,1770694200,2,2,-0.2796259155917898,True,-0.0942331281861448,-0.08646849117436575,-0.5608287812135809,0.0
BTC,2026-02-11,1770791400,1,1,0.4527941695487802,True,0.4527941695487802,0.4527941695487802,0.258,1.0
BTC,2026-02-12,1770311700,4,0,,False,,,,
BTC,2026-02-12,1770422400,2,1,-0.3729565324933008,True,-0.3729565324933008,-0.3729565324933008,-0.68,0.0
BTC,2026-02-12,1770511500,1,0,,False,,,,
BTC,2026-02-12,1770611400,2,2,0.06831736085704526,True,0.12106676539169807,0.12296698532079585,-0.3331293864376367,0.0
BTC,2026-02-12,1770707700,2,1,-0.2539469939358235,True,-0.2539469939358235,-0.2539469939358235,-0.61,0.0
BTC,2026-02-12,1770794100,2,1,,False,-0.4750224634349821,-0.4750224634349821,-0.61,0.0
BTC,2026-02-12,1770891300,1,1,0.26770125473269085,True,0.26770125473269085,0.26770125473269085,-0.33,0.0
BTC,2026-02-13,1770734700,1,0,,False,,,,
BTC,2026-02-13,1770822000,3,3,0.17540500210703747,True,0.2067537179921777,0.2175094221623095,0.4534862954971649,1.0
BTC,2026-02-13,1770913800,1,1,-0.11017714986093924,True,-0.11017714986093924,-0.11017714986093924,0.20999999999999996,1.0
BTC,2026-02-14,1770759900,1,0,,False,,,,
BTC,2026-02-14,1770846300,1,1,0.28641386148260234,True,0.28641386148260234,0.28641386148260234,0.49,1.0
BTC,2026-02-14,1770932700,1,0,,False,,,,
BTC,2026-02-14,1771044300,1,1,-0.0914207073892214,True,-0.0914207073892214,-0.0914207073892214,0.12,1.0
BTC,2026-02-15,1770769800,2,2,-0.40657996984945277,True,-0.3152395935248731,-0.31259218495499574,-0.32767592022113057,0.0
BTC,2026-02-15,1770865200,1,1,0.3906081509687679,True,0.3906081509687679,0.3906081509687679,0.5700000000000001,1.0
BTC,2026-02-15,1770964200,1,0,,False,,,,
BTC,2026-02-15,1771126200,1,1,-0.19417382493785573,True,-0.19417382493785573,-0.19417382493785573,-0.3,0.0
BTC,2026-02-16,1770769800,1,1,-0.1576702614437706,True,-0.1576702614437706,-0.1576702614437706,-0.25,0.0
BTC,2026-02-16,1770865200,1,1,-0.48516446972234906,True,-0.48516446972234906,-0.48516446972234906,-0.44,0.0
BTC,2026-02-16,1770964200,1,0,,False,,,,
BTC,2026-02-16,1771070400,1,1,-0.08497589741150774,True,-0.08497589741150774,-0.08497589741150774,-0.55,0.0
BTC,2026-02-16,1771177500,1,1,-0.4367169236395583,True,-0.4367169236395583,-0.4367169236395583,-0.63,0.0
BTC,2026-02-17,1770753600,3,2,-0.45674063261239783,True,-0.08872757014150001,-0.04107881525028251,-0.19371922313500708,0.4426832668999917
BTC,2026-02-17,1770845400,1,1,-0.45329462431450346,True,-0.45329462431450346,-0.45329462431450346,-0.51,0.0
BTC,2026-02-17,1770971400,1,0,,False,,,,
BTC,2026-02-17,1771177500,1,1,-0.3935459928231815,True,-0.3935459928231815,-0.3935459928231815,-0.59,0.0
BTC,2026-02-17,1771323300,1,1,-0.2525071853310208,True,-0.2525071853310208,-0.2525071853310208,-0.51,0.0
BTC,2026-02-18,1770831000,3,0,,False,,,,
BTC,2026-02-18,1770917400,1,1,0.41874681269790126,True,0.41874681269790126,0.41874681269790126,0.5,1.0
BTC,2026-02-18,1771117200,1,1,-0.1405224906450545,True,-0.1405224906450545,-0.1405224906450545,-0.47000000000000003,0.0
BTC,2026-02-18,1771249500,1,1,0.32899566990626994,True,0.32899566990626994,0.32899566990626994,0.19999999999999996,1.0
BTC,2026-02-18,1771339500,1,1,0.32884113335800436,True,0.32884113335800436,0.32884113335800436,0.32999999999999996,1.0
BTC,2026-02-18,1771425900,1,1,0.10320053749670458,True,0.10320053749670458,0.10320053749670458,0.09999999999999998,1.0
BTC,2026-02-19,1770916500,7,0,,False,,,,
BTC,2026-02-19,1771181100,1,1,-0.3026997461355021,True,-0.3026997461355021,-0.3026997461355021,-0.55,0.0
BTC,2026-02-19,1771339500,1,1,0.2170297374043315,True,0.2170297374043315,0.2170297374043315,0.15800000000000003,1.0
BTC,2026-02-19,1771437600,1,1,0.4243936331970375,True,0.4243936331970375,0.4243936331970375,0.27,1.0
BTC,2026-02-20,1771339500,1,1,0.3285976679346997,True,0.3285976679346997,0.3285976679346997,0.4,1.0
BTC,2026-02-20,1771499700,1,1,0.04954632804277038,True,0.04954632804277038,0.04954632804277038,0.10999999999999999,1.0
BTC,2026-02-20,1771586100,1,1,-0.3401667799593893,True,-0.3401667799593893,-0.3401667799593893,-0.41000000000000003,0.0
BTC,2026-02-21,1771431300,1,1,0.2148948485411477,True,0.2148948485411477,0.2148948485411477,0.37,1.0
BTC,2026-02-21,1771586100,1,1,0.4453146861453381,True,0.4453146861453381,0.4453146861453381,0.55,1.0
BTC,2026-02-21,1771690500,1,1,0.06936972272417744,True,0.06936972272417744,0.06936972272417744,0.05999999999999994,1.0
BTC,2026-02-22,1771439400,1,1,0.32235888926174117,True,0.32235888926174117,0.32235888926174117,0.41000000000000003,1.0
BTC,2026-02-22,1771534800,1,1,-0.4121365041193428,True,-0.4121365041193428,-0.4121365041193428,-0.34,0.0
BTC,2026-02-22,1771767900,1,1,-0.24084798704966012,True,-0.24084798704966012,-0.24084798704966012,-0.24000000000000002,0.0
BTC,2026-02-23,1771507800,1,1,0.34129308324429075,True,0.34129308324429075,0.34129308324429075,0.27,1.0
BTC,2026-02-23,1771810200,1,1,0.26879556428676576,True,0.26879556428676576,0.26879556428676576,0.33199999999999996,1.0
BTC,2026-02-24,1771360200,1,1,-0.1611490960955605,True,-0.1611490960955605,-0.1611490960955605,-0.45,0.0
BTC,2026-02-24,1771512300,1,1,-0.3100589527009222,True,-0.3100589527009222,-0.3100589527009222,-0.51,0.0
BTC,2026-02-24,1771639200,1,1,0.011334060503787935,True,0.011334060503787935,0.011334060503787935,-0.49,0.0
BTC,2026-02-24,1771810200,1,1,0.4834615431313295,True,0.4834615431313295,0.4834615431313295,0.38,1.0
BTC,2026-02-24,1771902900,1,1,0.09301012901057208,True,0.09301012901057208,0.09301012901057208,0.17300000000000004,1.0
BTC,2026-02-25,1771592400,2,2,0.5069446755475535,True,0.40102729968294126,0.40070426149209165,0.47033446971483855,1.0
BTC,2026-02-25,1771728300,1,1,-0.27505448617349815,True,-0.27505448617349815,-0.27505448617349815,-0.25,0.0
BTC,2026-02-25,1771869600,1,1,-0.02659991697665176,True,-0.02659991697665176,-0.02659991697665176,0.4,1.0
BTC,2026-02-25,1771966800,2,2,-0.4701251144253238,True,-0.11424141392356413,-0.08848197459351625,0.6391384067712338,1.0
BTC,2026-02-26,1771522200,3,1,,False,-0.19208816331982506,-0.19208816331982506,-0.18000000000000002,0.0
BTC,2026-02-26,1771810200,2,2,0.23257540068102742,True,0.16766040994080966,0.16677183403228174,0.32121531150726823,1.0
BTC,2026-02-26,1771898400,1,1,0.16518941361034434,True,0.16518941361034434,0.16518941361034434,0.48,1.0
BTC,2026-02-26,1772062200,1,1,-0.22811656245054512,True,-0.22811656245054512,-0.22811656245054512,-0.53,0.0
BTC,2026-02-27,1771921800,1,1,0.057135406761403634,True,0.057135406761403634,0.057135406761403634,0.20899999999999996,1.0
BTC,2026-02-27,1772064000,1,1,-0.11734587210325503,True,-0.11734587210325503,-0.11734587210325503,-0.46,0.0
BTC,2026-02-27,1772185500,1,1,-0.6590526072826812,True,-0.6590526072826812,-0.6590526072826812,-0.88,0.0
BTC,2026-02-28,1771966800,1,0,,False,,,,
BTC,2026-02-28,1772055900,1,1,0.14293863673473695,True,0.14293863673473695,0.14293863673473695,-0.37,0.0
BTC,2026-02-28,1772166600,1,1,0.1672710761777944,True,0.1672710761777944,0.1672710761777944,-0.45,0.0
BTC,2026-02-28,1772253000,1,1,0.15105466874081214,True,0.15105466874081214,0.15105466874081214,-0.2,0.0
BTC,2026-03-01,1771966800,1,1,0.29353727848391775,True,0.29353727848391775,0.29353727848391775,0.45999999999999996,1.0
BTC,2026-03-01,1772064000,1,0,,False,,,,
BTC,2026-03-01,1772163900,1,0,,False,,,,
BTC,2026-03-01,1772253000,1,1,0.5257941271090509,True,0.5257941271090509,0.5257941271090509,0.6599999999999999,1.0
BTC,2026-03-01,1772347500,1,1,0.008871732284310707,True,0.008871732284310707,0.008871732284310707,-0.159,0.0
BTC,2026-03-03,1771963200,2,2,0.17639214505587608,True,0.2644236963690172,0.26780410327644605,0.5566718071946943,1.0
BTC,2026-03-03,1772116200,2,2,0.5337201962375726,True,0.4310573040935316,0.428432847927105,0.42761729354852973,1.0
BTC,2026-03-03,1772253000,1,1,0.006383556836564108,True,0.006383556836564108,0.006383556836564108,0.28,1.0
BTC,2026-03-03,1772374500,1,1,0.27292389780721965,True,0.27292389780721965,0.27292389780721965,0.39,1.0
BTC,2026-03-03,1772462700,1,1,0.5620273700756577,True,0.5620273700756577,0.5620273700756577,0.77,1.0
BTC,2026-03-03,1772549100,2,1,-0.37726917944092975,True,-0.37726917944092975,-0.37726917944092975,0.32999999999999996,1.0
BTC,2026-03-04,1772040600,1,0,,False,,,,
BTC,2026-03-04,1772185500,1,1,-0.035123939289855355,True,-0.035123939289855355,-0.035123939289855355,0.5800000000000001,1.0
BTC,2026-03-04,1772271900,2,0,,False,,,,
BTC,2026-03-04,1772462700,1,0,,False,,,,
BTC,2026-03-04,1772557200,1,1,-0.4355773087244299,True,-0.4355773087244299,-0.4355773087244299,0.49,1.0
BTC,2026-03-05,1772127900,1,0,,False,,,,
BTC,2026-03-05,1772232300,1,0,,False,,,,
BTC,2026-03-05,1772489700,1,1,0.37619080769752533,True,0.37619080769752533,0.37619080769752533,0.61,1.0
BTC,2026-03-05,1772664300,1,1,-0.34997602529053956,True,-0.34997602529053956,-0.34997602529053956,-0.652,0.0
BTC,2026-03-06,1772540100,1,1,0.4764988245100624,True,0.4764988245100624,0.4764988245100624,0.55,1.0
BTC,2026-03-06,1772632800,1,1,-0.057717076540310885,True,-0.057717076540310885,-0.057717076540310885,-0.41000000000000003,0.0
BTC,2026-03-06,1772764200,1,1,-0.2692078826086095,True,-0.2692078826086095,-0.2692078826086095,-0.77,0.0
BTC,2026-03-07,1772805600,2,2,-0.45047543096963094,True,-0.2587723722227539,-0.2516476846325003,-0.4916291914910206,0.0
BTC,2026-03-07,1772892000,1,1,-0.2366757474649189,True,-0.2366757474649189,-0.2366757474649189,-0.36,0.0
BTC,2026-03-08,1772805600,2,2,-0.3587592343962831,True,-0.22179740297486328,-0.19584176581468316,-0.5038976557144146,0.0
BTC,2026-03-08,1772951400,1,1,-0.21618150018904067,True,-0.21618150018904067,-0.21618150018904067,-0.18000000000000002,0.0
BTC,2026-03-09,1772805600,2,2,0.23546925084545392,True,0.32654984610428417,0.33213865839364654,0.29479677057302894,1.0
BTC,2026-03-09,1772920800,1,1,0.38405932049779956,True,0.38405932049779956,0.38405932049779956,0.6,1.0
BTC,2026-03-09,1773007200,1,1,0.0833670979526262,True,0.0833670979526262,0.0833670979526262,0.37,1.0
BTC,2026-03-10,1772570700,1,1,0.2611028007219044,True,0.2611028007219044,0.2611028007219044,0.48,1.0
BTC,2026-03-10,1772716500,1,1,0.3914552868454977,True,0.3914552868454977,0.3914552868454977,0.30000000000000004,1.0
BTC,2026-03-10,1772803800,1,1,0.38270061741044625,True,0.38270061741044625,0.38270061741044625,0.52,1.0
BTC,2026-03-10,1772937900,1,1,0.12039826241230128,True,0.12039826241230128,0.12039826241230128,0.59,1.0
BTC,2026-03-10,1773051300,1,1,0.00032453442265811816,True,0.00032453442265811816,0.00032453442265811816,0.52,1.0
BTC,2026-03-10,1773137700,1,1,0.06861895717778815,True,0.06861895717778815,0.06861895717778815,0.19999999999999996,1.0
BTC,2026-03-11,1772644500,8,0,,False,,,,
BTC,2026-03-11,1772805600,2,2,0.32945480919005665,True,0.2607655958180042,0.25909694407910266,0.34189733072346074,1.0
BTC,2026-03-11,1772972100,1,0,,False,,,,
BTC,2026-03-11,1773063900,1,1,0.5041785807868647,True,0.5041785807868647,0.5041785807868647,0.62,1.0
BTC,2026-03-11,1773152100,1,1,0.15747060304514415,True,0.15747060304514415,0.15747060304514415,0.27,1.0
BTC,2026-03-11,1773238500,1,1,0.36230993329227623,True,0.36230993329227623,0.36230993329227623,0.38,1.0
BTC,2026-03-12,1772734500,6,0,,False,,,,
BTC,2026-03-12,1772902800,1,1,0.1657245861092487,True,0.1657245861092487,0.1657245861092487,0.37,1.0
BTC,2026-03-12,1773007200,2,2,0.34373424113319134,True,0.2635514158978844,0.25761273677350083,0.5262061284828727,1.0
BTC,2026-03-12,1773179100,1,1,0.48877409832830876,True,0.48877409832830876,0.48877409832830876,0.5700000000000001,1.0
BTC,2026-03-12,1773321300,1,1,0.4079307782284649,True,0.4079307782284649,0.4079307782284649,0.35,1.0
BTC,2026-03-13,1773216900,1,1,0.27877803736512174,True,0.27877803736512174,0.27877803736512174,0.56,1.0
BTC,2026-03-13,1773323100,2,2,0.17772856621804417,True,0.09013331878296293,0.08445953714835594,0.37503735086607015,1.0
BTC,2026-03-13,1773410400,1,1,-0.8832203741821767,True,-0.8832203741821767,-0.8832203741821767,-0.95,0.0
BTC,2026-03-14,1773243000,1,1,0.46564339032852364,True,0.46564339032852364,0.46564339032852364,0.51,1.0
BTC,2026-03-16,1773243000,2,0,,False,,,,
BTC,2026-03-16,1773337500,1,1,0.15027495360828147,True,0.15027495360828147,0.15027495360828147,0.47,1.0
BTC,2026-03-16,1773440100,1,1,0.053109747204558466,True,0.053109747204558466,0.053109747204558466,0.39,1.0
BTC,2026-03-16,1773635400,1,1,0.2120520075090037,True,0.2120520075090037,0.2120520075090037,0.16000000000000003,1.0
BTC,2026-03-17,1773174600,2,1,0.22439967152187662,True,0.22439967152187662,0.22439967152187662,0.51,1.0
BTC,2026-03-17,1773671400,2,2,-0.43665562601270935,True,-0.13081979587368778,-0.11318638163950784,-0.07217172677275668,0.47274329083689415
BTC,2026-03-18,1773245700,5,0,,False,,,,
BTC,2026-03-18,1773477000,2,2,0.08674454230610056,True,0.12461167755696233,0.1274333609958524,0.1758391270185476,1.0
BTC,2026-03-18,1773671400,1,1,-0.12964766168391106,True,-0.12964766168391106,-0.12964766168391106,-0.41000000000000003,0.0
BTC,2026-03-18,1773833400,1,1,0.6457145560112905,True,0.6457145560112905,0.6457145560112905,-0.23,0.0
BTC,2026-03-19,1773332100,3,0,,False,,,,
BTC,2026-03-19,1773686700,1,1,0.016881990769037514,True,0.016881990769037514,0.016881990769037514,-0.5,0.0
BTC,2026-03-19,1773833400,2,2,-0.1492730897253408,True,0.10180850500284061,0.11009328876217067,-0.555430207443614,0.0
BTC,2026-03-19,1773922500,1,1,-0.1875955327046821,True,-0.1875955327046821,-0.1875955327046821,-0.37,0.0
BTC,2026-03-20,1773785700,1,1,-0.023051679431576266,True,-0.023051679431576266,-0.023051679431576266,-0.56,0.0
BTC,2026-03-20,1773995400,1,1,-0.5746734072264921,True,-0.5746734072264921,-0.5746734072264921,-0.83,0.0
BTC,2026-03-21,1773833400,2,2,-0.05415587569933655,True,-0.0060892609581382345,0.010333953656312317,-0.32546636388798567,0.0
BTC,2026-03-21,1773972900,1,1,-0.22262017502531628,True,-0.22262017502531628,-0.22262017502531628,-0.19,0.0
BTC,2026-03-21,1774093500,1,1,0.0904867704311452,True,0.0904867704311452,0.0904867704311452,0.07999999999999996,1.0
BTC,2026-03-22,1773833400,2,2,0.09394494223883776,True,-0.03612091973213593,-0.042835153630212314,-0.5146003420739266,0.0
BTC,2026-03-22,1773948600,1,1,-0.3400407514123143,True,-0.3400407514123143,-0.3400407514123143,-0.53,0.0
BTC,2026-03-22,1774038600,1,0,,False,,,,
BTC,2026-03-22,1774137600,1,1,0.3005631970064216,True,0.3005631970064216,0.3005631970064216,0.28200000000000003,1.0
BTC,2026-03-23,1773833400,1,1,-0.10315402394360618,True,-0.10315402394360618,-0.10315402394360618,-0.42,0.0
BTC,2026-03-23,1773927900,1,1,0.2994180270033485,True,0.2994180270033485,0.2994180270033485,0.33999999999999997,1.0
BTC,2026-03-23,1774015200,1,1,0.48789040904331676,True,0.48789040904331676,0.48789040904331676,0.53,1.0
BTC,2026-03-23,1774112400,1,1,0.4718526599642058,True,0.4718526599642058,0.4718526599642058,0.44999999999999996,1.0
BTC,2026-03-23,1774216800,2,2,-0.040021441205152275,True,0.050288057333568795,0.05376306454501312,0.38718266239361404,1.0
BTC,2026-03-24,1773777600,2,1,,False,-0.014828304250008195,-0.014828304250008195,-0.36,0.0
BTC,2026-03-24,1773967500,1,0,,False,,,,
BTC,2026-03-24,1774061100,1,0,,False,,,,
BTC,2026-03-24,1774161000,1,1,0.2946328313041413,True,0.2946328313041413,0.2946328313041413,0.36,1.0
BTC,2026-03-24,1774350000,1,1,-0.6272188159758326,True,-0.6272188159758326,-0.6272188159758326,-0.87,0.0
BTC,2026-03-25,1773851400,4,1,,False,0.30355247113898365,0.30355247113898365,0.28,1.0
BTC,2026-03-25,1774216800,1,1,0.06759458424279896,True,0.06759458424279896,0.06759458424279896,0.32999999999999996,1.0
BTC,2026-03-25,1774363500,2,2,0.384539438581205,True,0.25625466068684877,0.23800497557615652,0.42241754773968376,1.0
BTC,2026-03-26,1773938700,6,2,,False,0.2599457397024333,0.2602917663121019,0.23467995717330817,1.0
BTC,2026-03-26,1774216800,1,0,,False,,,,
BTC,2026-03-26,1774335600,1,0,,False,,,,
BTC,2026-03-27,1774388700,1,0,,False,,,,
BTC,2026-03-27,1774609200,1,1,0.5306182899789746,True,0.5306182899789746,0.5306182899789746,0.355,1.0
BTC,2026-03-28,1774388700,2,0,,False,,,,
BTC,2026-03-29,1774388700,3,0,,False,,,,
BTC,2026-03-29,1774757700,1,1,-0.011613516288010314,True,-0.011613516288010314,-0.011613516288010314,-0.09999999999999999,0.0
BTC,2026-03-30,1774388700,1,0,,False,,,,
BTC,2026-03-30,1774609200,1,1,0.3219549961256193,True,0.3219549961256193,0.3219549961256193,0.45999999999999996,1.0
BTC,2026-03-30,1774821600,1,1,0.17387102861754591,True,0.17387102861754591,0.17387102861754591,0.36,1.0
BTC,2026-03-31,1774382400,1,0,,False,,,,
BTC,2026-03-31,1774609200,1,1,0.42702034517740634,True,0.42702034517740634,0.42702034517740634,0.45999999999999996,1.0
BTC,2026-03-31,1774824300,1,1,0.42849861051140115,True,0.42849861051140115,0.42849861051140115,0.6,1.0
BTC,2026-04-01,1774821600,1,1,0.1574892463364158,True,0.1574892463364158,0.1574892463364158,0.42000000000000004,1.0
BTC,2026-04-01,1774915200,1,1,0.3969193629421003,True,0.3969193629421003,0.3969193629421003,0.71,1.0
BTC,2026-04-01,1775047500,1,1,0.16633021502837844,True,0.16633021502837844,0.16633021502837844,0.25,1.0
BTC,2026-04-02,1774542600,4,0,,False,,,,
BTC,2026-04-02,1774824300,2,2,0.2543130031112435,True,0.3407200805542549,0.3505212850463959,0.45430314053037063,1.0
BTC,2026-04-02,1775091600,1,1,-0.21761516865008873,True,-0.21761516865008873,-0.21761516865008873,-0.62,0.0
BTC,2026-04-03,1775081700,1,1,-0.3017448671497538,True,-0.3017448671497538,-0.3017448671497538,-0.52,0.0
BTC,2026-04-04,1775051100,1,0,,False,,,,
BTC,2026-04-05,1775091600,2,2,-0.1574940074048842,True,-0.2793777436889821,-0.2846355099077345,-0.42462402445320724,0.0
BTC,2026-04-05,1775180700,1,1,0.2538276371365429,True,0.2538276371365429,0.2538276371365429,0.39,1.0
BTC,2026-04-05,1775318400,1,1,-0.18420478070702206,True,-0.18420478070702206,-0.18420478070702206,-0.2,0.0
BTC,2026-04-06,1775091600,1,1,-0.46366049941304144,True,-0.46366049941304144,-0.46366049941304144,-0.33,0.0
BTC,2026-04-06,1775178000,1,1,-0.06037392015556059,True,-0.06037392015556059,-0.06037392015556059,0.38,1.0
BTC,2026-04-06,1775342700,1,1,0.039919114590980076,True,0.039919114590980076,0.039919114590980076,0.6599999999999999,1.0
BTC,2026-04-06,1775439000,1,1,0.03330639336364569,True,0.03330639336364569,0.03330639336364569,0.25,1.0
BTC,2026-04-07,1774990800,2,1,,False,0.33569879439585726,0.33569879439585726,0.32999999999999996,1.0
BTC,2026-04-07,1775092500,1,1,0.49528461138205815,True,0.49528461138205815,0.49528461138205815,0.5,1.0
BTC,2026-04-07,1775178900,1,1,0.4898602524335549,True,0.4898602524335549,0.4898602524335549,0.6499999999999999,1.0
BTC,2026-04-07,1775354400,1,1,0.12770510773445426,True,0.12770510773445426,0.12770510773445426,0.30000000000000004,1.0
BTC,2026-04-08,1775060100,1,0,,False,,,,
BTC,2026-04-08,1775149200,1,1,-0.003764723390865976,True,-0.003764723390865976,-0.003764723390865976,0.39,1.0
BTC,2026-04-08,1775505600,1,1,0.2719910015271873,True,0.2719910015271873,0.2719910015271873,0.56,1.0
BTC,2026-04-09,1775148300,3,3,0.4043511047294076,True,0.37900366243279315,0.3998347673757592,0.7556855741722647,1.0
BTC,2026-04-09,1775527200,1,1,-0.06271198732228411,True,-0.06271198732228411,-0.06271198732228411,0.43999999999999995,1.0
BTC,2026-04-09,1775734200,1,1,-0.09725683922715833,True,-0.09725683922715833,-0.09725683922715833,0.08999999999999997,1.0
BTC,2026-04-10,1775604600,3,3,0.47401221810777644,True,0.16768923701856714,0.1511298513862996,0.13741823983000553,0.6855756675879745
BTC,2026-04-10,1775771100,1,1,0.3827650699301285,True,0.3827650699301285,0.3827650699301285,0.39,1.0
BTC,2026-04-11,1775601900,1,0,,False,,,,
BTC,2026-04-11,1775728800,1,1,0.3513165703267118,True,0.3513165703267118,0.3513165703267118,0.593,1.0
BTC,2026-04-12,1775600100,1,0,,False,,,,
BTC,2026-04-12,1775736000,1,1,-0.3149820503123727,True,-0.3149820503123727,-0.3149820503123727,-0.36,0.0
BTC,2026-04-12,1775891700,1,1,0.2065083266168022,True,0.2065083266168022,0.2065083266168022,-0.156,0.0
BTC,2026-04-12,1775979000,1,1,-0.04053632921250039,True,-0.04053632921250039,-0.04053632921250039,-0.33,0.0
BTC,2026-04-13,1775601900,1,0,,False,,,,
BTC,2026-04-13,1775736900,1,1,-0.4841889676549609,True,-0.4841889676549609,-0.4841889676549609,-0.39,0.0
BTC,2026-04-13,1775952900,1,1,-0.5027582958477176,True,-0.5027582958477176,-0.5027582958477176,-0.6900000000000001,0.0
BTC,2026-04-13,1776075300,1,1,-0.14428433404444452,True,-0.14428433404444452,-0.14428433404444452,0.17000000000000004,1.0
BTC,2026-04-14,1775595600,2,0,,False,,,,
BTC,2026-04-14,1775739600,1,1,0.11357814442498598,True,0.11357814442498598,0.11357814442498598,0.59,1.0
BTC,2026-04-14,1775952000,2,2,0.02744249425739853,True,0.16314173936436438,0.16990818388686627,0.4828757114711966,1.0
BTC,2026-04-15,1775671200,1,1,-0.41009028906661765,True,-0.41009028906661765,-0.41009028906661765,-0.25,0.0
BTC,2026-04-15,1775952000,2,2,0.281914282809234,True,-0.0494161792111677,-0.09464636017027181,0.04004272598819403,0.5600569679842587
BTC,2026-04-15,1776255300,1,1,-0.32838133396594155,True,-0.32838133396594155,-0.32838133396594155,-0.58,0.0
BTC,2026-04-16,1775752200,1,0,,False,,,,
BTC,2026-04-16,1776267000,1,1,0.3752118588452622,True,0.3752118588452622,0.3752118588452622,0.55,1.0
BTC,2026-04-17,1776212100,1,1,-0.014698449556410753,True,-0.014698449556410753,-0.014698449556410753,0.42999999999999994,1.0
BTC,2026-04-17,1776301200,1,1,-0.1637324326385513,True,-0.1637324326385513,-0.1637324326385513,0.35,1.0
BTC,2026-04-17,1776418200,2,2,-0.16744519861695073,True,-0.1211632736805402,-0.06753210785721184,0.4111428694943427,1.0
BTC,2026-04-18,1776255300,1,1,0.21847398494245374,True,0.21847398494245374,0.21847398494245374,0.48,1.0
BTC,2026-04-18,1776418200,1,1,0.5637021336181197,True,0.5637021336181197,0.5637021336181197,0.5,1.0
BTC,2026-04-18,1776508200,1,1,0.5046227815255843,True,0.5046227815255843,0.5046227815255843,0.30499999999999994,1.0
BTC,2026-04-19,1776254400,1,1,0.277034084369709,True,0.277034084369709,0.277034084369709,0.48,1.0
BTC,2026-04-19,1776389400,1,1,0.18187882528636135,True,0.18187882528636135,0.18187882528636135,0.36,1.0
BTC,2026-04-19,1776498300,1,1,0.1184212124818615,True,0.1184212124818615,0.1184212124818615,-0.182,0.0
BTC,2026-04-19,1776585600,1,1,-0.29924899244684694,True,-0.29924899244684694,-0.29924899244684694,-0.14,0.0
BTC,2026-04-20,1776267000,2,0,,False,,,,
BTC,2026-04-20,1776384000,1,0,,False,,,,
BTC,2026-04-20,1776488400,1,1,-0.47398581710533105,True,-0.47398581710533105,-0.47398581710533105,-0.73,0.0
BTC,2026-04-20,1776636000,1,1,0.18700323305721767,True,0.18700323305721767,0.18700323305721767,0.47,1.0
BTC,2026-04-21,1776197700,1,1,-0.26450644037501864,True,-0.26450644037501864,-0.26450644037501864,-0.17,0.0
BTC,2026-04-21,1776294000,1,0,,False,,,,
BTC,2026-04-21,1776448800,1,1,-0.21433950841090355,True,-0.21433950841090355,-0.21433950841090355,-0.42,0.0
BTC,2026-04-21,1776636000,1,1,0.2448088181383973,True,0.2448088181383973,0.2448088181383973,0.49,1.0
BTC,2026-04-21,1776770100,1,1,-0.4256996616858767,True,-0.4256996616858767,-0.4256996616858767,-0.65,0.0
BTC,2026-04-22,1776418200,1,1,0.01319673243809344,True,0.01319673243809344,0.01319673243809344,0.29000000000000004,1.0
BTC,2026-04-22,1776585600,1,1,0.10434909347255572,True,0.10434909347255572,0.10434909347255572,0.61,1.0
BTC,2026-04-22,1776699000,3,0,,False,,,,
BTC,2026-04-22,1776860100,1,1,-0.14772688954129526,True,-0.14772688954129526,-0.14772688954129526,0.30200000000000005,1.0
BTC,2026-04-23,1776356100,5,4,0.18513446791752208,True,0.12803672012948492,0.11185368170630813,0.41602636102253565,0.7895780210263553
BTC,2026-04-23,1776636000,2,2,-0.06993688394850794,True,-0.014997814658894291,-0.012859799437683561,0.381066869915464,1.0
BTC,2026-04-23,1776734100,1,1,0.15669590454378612,True,0.15669590454378612,0.15669590454378612,0.48,1.0
BTC,2026-04-23,1776903300,1,0,,False,,,,
BTC,2026-04-24,1776966300,1,1,0.11354999614835795,True,0.11354999614835795,0.11354999614835795,0.26,1.0
BTC,2026-04-25,1776915000,1,0,,False,,,,
BTC,2026-04-25,1777009500,1,1,-0.3429883339750192,True,-0.3429883339750192,-0.3429883339750192,-0.42,0.0
BTC,2026-04-25,1777095900,1,0,,False,,,,
BTC,2026-04-26,1776841200,1,1,-0.2616874748764095,True,-0.2616874748764095,-0.2616874748764095,-0.26,0.0
BTC,2026-04-26,1777064400,1,1,0.49728587375142264,True,0.49728587375142264,0.49728587375142264,0.5800000000000001,1.0
BTC,2026-04-26,1777158000,1,1,0.5389262937015676,True,0.5389262937015676,0.5389262937015676,0.7,1.0
BTC,2026-04-27,1776873600,1,0,,False,,,,
BTC,2026-04-27,1776968100,1,1,-0.33874762497192334,True,-0.33874762497192334,-0.33874762497192334,-0.5,0.0
BTC,2026-04-27,1777075200,1,0,,False,,,,
BTC,2026-04-27,1777266900,1,1,0.009834915405676603,True,0.009834915405676603,0.009834915405676603,-0.58,0.0
BTC,2026-04-28,1776926700,1,0,,False,,,,
BTC,2026-04-28,1777021200,1,0,,False,,,,
BTC,2026-04-28,1777374000,1,1,0.434325876122995,True,0.434325876122995,0.434325876122995,0.20999999999999996,1.0
BTC,2026-04-29,1776917700,1,0,,False,,,,
BTC,2026-04-29,1777075200,1,0,,False,,,,
BTC,2026-04-29,1777374900,1,1,-0.4182518824891874,True,-0.4182518824891874,-0.4182518824891874,-0.56,0.0
BTC,2026-04-29,1777465800,1,1,-0.7881989319806562,True,-0.7881989319806562,-0.7881989319806562,-0.907,0.0
BTC,2026-04-30,1776966300,2,1,,False,-0.33222437179001885,-0.33222437179001885,-0.4,0.0
BTC,2026-04-30,1777270500,1,0,,False,,,,
BTC,2026-04-30,1777374900,2,1,,False,0.4722540807110831,0.4722540807110831,0.47,1.0
BTC,2026-04-30,1777496400,1,1,0.4035649802243486,True,0.4035649802243486,0.4035649802243486,0.61,1.0
BTC,2026-05-01,1777374900,3,2,0.6983679109371342,True,0.5552785038094288,0.3752222539908478,0.7950194473663574,1.0
BTC,2026-05-01,1777496400,1,0,,False,,,,
BTC,2026-05-01,1777641300,1,1,0.12977717433880337,True,0.12977717433880337,0.12977717433880337,0.26,1.0
BTC,2026-05-02,1777500000,1,1,0.10210799067392828,True,0.10210799067392828,0.10210799067392828,0.52,1.0
BTC,2026-05-02,1777669200,1,0,,False,,,,
BTC,2026-05-03,1777469400,1,1,0.4213979121310636,True,0.4213979121310636,0.4213979121310636,0.6599999999999999,1.0
BTC,2026-05-03,1777647600,1,1,0.3269556436286784,True,0.3269556436286784,0.3269556436286784,0.41000000000000003,1.0
BTC,2026-05-04,1777421700,1,0,,False,,,,
BTC,2026-05-04,1777508100,1,1,-0.052463006494518516,True,-0.052463006494518516,-0.052463006494518516,0.54,1.0
BTC,2026-05-04,1777644900,1,1,0.11570683104686685,True,0.11570683104686685,0.11570683104686685,0.38,1.0
BTC,2026-05-04,1777891500,1,1,-0.13684510049465476,True,-0.13684510049465476,-0.13684510049465476,0.15000000000000002,1.0
BTC,2026-05-05,1777406400,3,0,,False,,,,
BTC,2026-05-05,1777516200,2,2,-0.14707428001867728,True,-0.19265036684953318,-0.19651395069914795,0.4093776931677038,1.0
BTC,2026-05-05,1777635900,1,0,,False,,,,
BTC,2026-05-05,1777762800,1,1,-0.1317037348349201,True,-0.1317037348349201,-0.1317037348349201,0.35,1.0
BTC,2026-05-05,1777889700,1,1,-0.2604994027682447,True,-0.2604994027682447,-0.2604994027682447,0.36,1.0
BTC,2026-05-05,1777977900,1,1,-0.03692928615508101,True,-0.03692928615508101,-0.03692928615508101,0.16000000000000003,1.0
BTC,2026-05-06,1777481100,1,0,,False,,,,
BTC,2026-05-06,1777658400,1,0,,False,,,,
BTC,2026-05-06,1777762800,1,1,-0.06596690125984,True,-0.06596690125984,-0.06596690125984,0.37,1.0
BTC,2026-05-06,1777899600,1,0,,False,,,,
BTC,2026-05-07,1777651200,1,0,,False,,,,
BTC,2026-05-07,1777889700,1,1,0.24789748426010474,True,0.24789748426010474,0.24789748426010474,0.41000000000000003,1.0
BTC,2026-05-07,1778148900,1,1,-0.6429428725577553,True,-0.6429428725577553,-0.6429428725577553,-0.88,0.0
BTC,2026-05-08,1778103000,1,1,-0.11751089125937941,True,-0.11751089125937941,-0.11751089125937941,-0.37,0.0
BTC,2026-05-08,1778220000,1,1,0.5020909714333353,True,0.5020909714333353,0.5020909714333353,0.74,1.0
BTC,2026-05-09,1778052600,1,0,,False,,,,
BTC,2026-05-09,1778145300,1,1,0.37990952114809484,True,0.37990952114809484,0.37990952114809484,0.27,1.0
BTC,2026-05-10,1778041800,1,0,,False,,,,
BTC,2026-05-10,1778152500,1,1,0.24645706777512402,True,0.24645706777512402,0.24645706777512402,0.32999999999999996,1.0
BTC,2026-05-10,1778295600,1,1,-0.025192445046272605,True,-0.025192445046272605,-0.025192445046272605,0.33999999999999997,1.0
BTC,2026-05-11,1778097600,2,2,-0.05730372132172842,True,-0.23798029959507833,-0.24022787685203373,-0.24272691697643034,0.0
BTC,2026-05-11,1778205600,2,2,0.2749520023028129,True,0.15668352220935755,0.1465489358455476,0.4080231060376208,1.0
BTC,2026-05-12,1778100300,1,1,0.4696789412351729,True,0.4696789412351729,0.4696789412351729,0.36,1.0
BTC,2026-05-12,1778209200,2,1,0.46887888688702534,True,0.46887888688702534,0.46887888688702534,0.5800000000000001,1.0
BTC,2026-05-12,1778465700,1,1,-0.09128272527384237,True,-0.09128272527384237,-0.09128272527384237,-0.33,0.0
BTC,2026-05-12,1778582700,1,1,0.32575735514406506,True,0.32575735514406506,0.32575735514406506,0.18999999999999995,1.0
BTC,2026-05-13,1778090400,1,0,,False,,,,
BTC,2026-05-13,1778211000,1,0,,False,,,,
BTC,2026-05-13,1778448600,1,1,-0.3589914048418932,True,-0.3589914048418932,-0.3589914048418932,-0.64,0.0
BTC,2026-05-14,1778172300,1,0,,False,,,,
BTC,2026-05-14,1778515200,1,1,-0.395663766119975,True,-0.395663766119975,-0.395663766119975,-0.39,0.0
BTC,2026-05-15,1778824800,1,1,-0.22341716506661635,True,-0.22341716506661635,-0.22341716506661635,-0.63,0.0
ETH,2025-11-14,1763003700,1,0,,False,,,,
ETH,2025-11-16,1763060400,1,1,-0.20928640015315014,True,-0.20928640015315014,-0.20928640015315014,-0.5,0.0
ETH,2025-11-16,1763305200,1,1,0.7033905981983436,True,0.7033905981983436,0.7033905981983436,-0.17,0.0
ETH,2025-11-17,1763060400,1,1,0.30595145313366273,True,0.30595145313366273,0.30595145313366273,0.21399999999999997,1.0
ETH,2025-11-18,1763268300,1,0,,False,,,,
ETH,2025-11-19,1763119800,1,0,,False,,,,
ETH,2025-11-20,1763119800,1,0,,False,,,,
ETH,2025-11-20,1763634600,1,1,0.4041064103943177,True,0.4041064103943177,0.4041064103943177,-0.56,0.0
ETH,2025-11-21,1763478000,1,0,,False,,,,
ETH,2025-11-21,1763566200,1,1,0.025232485100884716,True,0.025232485100884716,0.025232485100884716,-0.55,0.0
ETH,2025-11-21,1763655300,1,1,-0.44259136786688025,True,-0.44259136786688025,-0.44259136786688025,-0.76,0.0
ETH,2025-11-21,1763742600,1,0,,False,,,,
ETH,2025-11-22,1763584200,1,0,,False,,,,
ETH,2025-11-22,1763711100,1,1,0.39384885069102904,True,0.39384885069102904,0.39384885069102904,0.44199999999999995,1.0
ETH,2025-11-22,1763798400,1,1,-0.15620463015607428,True,-0.15620463015607428,-0.15620463015607428,-0.17,0.0
ETH,2025-11-23,1763584200,2,0,,False,,,,
ETH,2025-11-23,1763698500,1,1,0.5168446999011256,True,0.5168446999011256,0.5168446999011256,0.5,1.0
ETH,2025-11-23,1763847000,1,0,,False,,,,
ETH,2025-11-24,1763523000,1,0,,False,,,,
ETH,2025-11-24,1763625600,1,0,,False,,,,
ETH,2025-11-24,1763736300,1,1,-0.20539173730544114,True,-0.20539173730544114,-0.20539173730544114,-0.09999999999999999,0.0
ETH,2025-11-24,1763962200,2,2,-0.30371491847894,True,-0.03197772774095406,-0.017234391737545235,-0.08018177926603609,0.47426817073553207
ETH,2025-11-25,1763568900,1,0,,False,,,,
ETH,2025-11-25,1763737200,1,0,,False,,,,
ETH,2025-11-26,1763711100,1,0,,False,,,,
ETH,2025-11-26,1764072900,1,1,0.3725497136080663,True,0.3725497136080663,0.3725497136080663,0.45999999999999996,1.0
ETH,2025-11-26,1764165600,1,1,0.1456753894884417,True,0.1456753894884417,0.1456753894884417,0.25,1.0
ETH,2025-11-27,1763742600,2,0,,False,,,,
ETH,2025-11-27,1764180000,2,0,,False,,,,
ETH,2025-11-28,1764063000,1,0,,False,,,,
ETH,2025-11-28,1764180900,2,0,,False,,,,
ETH,2025-11-28,1764289800,1,1,0.07092695012934265,True,0.07092695012934265,0.07092695012934265,0.07899999999999996,1.0
ETH,2025-11-29,1764180900,1,0,,False,,,,
ETH,2025-11-29,1764328500,1,1,0.5252981059694374,True,0.5252981059694374,0.5252981059694374,0.39,1.0
ETH,2025-11-29,1764425700,1,1,0.5219322859480698,True,0.5219322859480698,0.5219322859480698,0.6499999999999999,1.0
ETH,2025-11-30,1764207900,1,0,,False,,,,
ETH,2025-11-30,1764306900,1,0,,False,,,,
ETH,2025-11-30,1764446400,1,1,0.2592725096543691,True,0.2592725096543691,0.2592725096543691,0.59,1.0
ETH,2025-12-01,1764180900,1,0,,False,,,,
ETH,2025-12-01,1764306900,1,0,,False,,,,
ETH,2025-12-01,1764549000,1,1,-0.40475170106670083,True,-0.40475170106670083,-0.40475170106670083,-0.811,0.0
ETH,2025-12-02,1764172800,1,0,,False,,,,
ETH,2025-12-02,1764259200,1,0,,False,,,,
ETH,2025-12-02,1764548100,1,1,0.04336339007634485,True,0.04336339007634485,0.04336339007634485,0.21999999999999997,1.0
ETH,2025-12-02,1764638100,1,1,-0.4711544462873535,True,-0.4711544462873535,-0.4711544462873535,0.5,1.0
ETH,2025-12-03,1764320400,1,0,,False,,,,
ETH,2025-12-03,1764506700,1,0,,False,,,,
ETH,2025-12-03,1764602100,3,3,-0.25398789738620486,True,-0.13345946211975576,-0.13823389591360433,0.5338404571386444,0.9999999999999999
ETH,2025-12-03,1764728100,1,1,0.12399971851836211,True,0.12399971851836211,0.12399971851836211,0.32099999999999995,1.0
ETH,2025-12-04,1764340200,2,0,,False,,,,
ETH,2025-12-04,1764549000,1,1,-0.1371177344224176,True,-0.1371177344224176,-0.1371177344224176,0.35,1.0
ETH,2025-12-04,1764811800,1,1,0.23932358930189077,True,0.23932358930189077,0.23932358930189077,0.16000000000000003,1.0
ETH,2025-12-05,1764906300,1,1,-0.3147956019290974,True,-0.3147956019290974,-0.3147956019290974,-0.8,0.0
ETH,2025-12-06,1764728100,2,0,,False,,,,
ETH,2025-12-06,1764814500,1,0,,False,,,,
ETH,2025-12-06,1764958500,1,1,-0.2517772071435322,True,-0.2517772071435322,-0.2517772071435322,-0.25,0.0
ETH,2025-12-07,1764711900,1,0,,False,,,,
ETH,2025-12-07,1764829800,1,1,0.08465807275702794,True,0.08465807275702794,0.08465807275702794,-0.12,0.0
ETH,2025-12-07,1764949500,1,1,0.03014581935246438,True,0.03014581935246438,0.03014581935246438,-0.23,0.0
ETH,2025-12-07,1765089000,1,1,-0.0766095847567789,True,-0.0766095847567789,-0.0766095847567789,-0.12,0.0
ETH,2025-12-08,1764728100,2,0,,False,,,,
ETH,2025-12-08,1764835200,3,1,,False,0.03493704317883797,0.03493704317883797,-0.12,0.0
ETH,2025-12-08,1764961200,1,0,,False,,,,
ETH,2025-12-08,1765159200,1,0,,False,,,,
ETH,2025-12-09,1764766800,1,0,,False,,,,
ETH,2025-12-09,1764961200,2,0,,False,,,,
ETH,2025-12-09,1765093500,1,0,,False,,,,
ETH,2025-12-09,1765283400,1,1,-1.4159495848108021,True,-1.4159495848108021,-1.4159495848108021,0.27,1.0
ETH,2025-12-10,1764892800,1,0,,False,,,,
ETH,2025-12-10,1765008900,1,0,,False,,,,
ETH,2025-12-10,1765295100,1,0,,False,,,,
ETH,2025-12-11,1765123200,2,0,,False,,,,
ETH,2025-12-11,1765295100,1,0,,False,,,,
ETH,2025-12-11,1765396800,1,1,0.1987128391455168,True,0.1987128391455168,0.1987128391455168,-0.42,0.0
ETH,2025-12-12,1765325700,1,0,,False,,,,
ETH,2025-12-12,1765463400,2,2,0.01059765288125375,True,-0.2046202106811568,-0.21535179233570417,-0.5566882876709766,0.0
ETH,2025-12-12,1765549800,1,1,0.7421651980516181,True,0.7421651980516181,0.7421651980516181,-0.67,0.0
ETH,2025-12-13,1765578600,1,1,0.49957356630689437,True,0.49957356630689437,0.49957356630689437,0.59,1.0
ETH,2025-12-15,1765324800,1,0,,False,,,,
ETH,2025-12-15,1765463400,1,0,,False,,,,
ETH,2025-12-15,1765751400,2,2,-0.48364662011108417,True,-0.2436461929996574,-0.23718461276269623,-0.5452434696174712,0.0
ETH,2025-12-16,1765348200,1,0,,False,,,,
ETH,2025-12-16,1765440000,2,0,,False,,,,
ETH,2025-12-16,1765558800,1,0,,False,,,,
ETH,2025-12-16,1765751400,2,2,-0.022330183386358504,True,-0.1825133702155799,-0.1864901762277101,-0.526608474256963,0.0
ETH,2025-12-16,1765890000,1,1,0.2452067637934692,True,0.2452067637934692,0.2452067637934692,0.17600000000000005,1.0
ETH,2025-12-17,1765394100,1,0,,False,,,,
ETH,2025-12-17,1765558800,3,1,-0.4903823895850923,True,-0.4903823895850923,-0.4903823895850923,-0.75,0.0
ETH,2025-12-17,1765646100,1,0,,False,,,,
ETH,2025-12-17,1765751400,1,1,0.02861019206858767,True,0.02861019206858767,0.02861019206858767,-0.41000000000000003,0.0
ETH,2025-12-17,1765891800,1,1,-0.406171548379164,True,-0.406171548379164,-0.406171548379164,-0.68,0.0
ETH,2025-12-17,1765980000,1,1,-0.4454379877622204,True,-0.4454379877622204,-0.4454379877622204,-0.84,0.0
ETH,2025-12-18,1765558800,5,0,,False,,,,
ETH,2025-12-18,1765876500,2,1,-0.28968842772786507,True,-0.28968842772786507,-0.28968842772786507,-0.27,0.0
ETH,2025-12-18,1765982700,2,2,0.41803832086439247,True,0.303915071252643,0.2803122463376425,0.3377778327337456,1.0
ETH,2025-12-18,1766070000,1,1,0.227722991872298,True,0.227722991872298,0.227722991872298,0.17999999999999994,1.0
ETH,2025-12-19,1765875600,1,0,,False,,,,
ETH,2025-12-19,1765982700,2,2,0.3760226204749233,True,0.2820954873776399,0.2710958992461147,0.3725797371758589,1.0
ETH,2025-12-19,1766071800,1,1,-0.3529198342379229,True,-0.3529198342379229,-0.3529198342379229,-0.37,0.0
ETH,2025-12-19,1766158200,1,1,0.08799177851165274,True,0.08799177851165274,0.08799177851165274,0.08999999999999997,1.0
ETH,2025-12-20,1765982700,2,2,0.17129666823938272,True,-0.11765444328755026,-0.11865314078663736,-0.019035573430161185,0.5017221903032836
ETH,2025-12-20,1766071800,1,1,-0.16147298968165585,True,-0.16147298968165585,-0.16147298968165585,-0.15000000000000002,0.0
ETH,2025-12-20,1766158200,1,1,-0.36910771506124895,True,-0.36910771506124895,-0.36910771506124895,-0.32,0.0
ETH,2025-12-21,1765982700,2,2,0.3661011717927696,True,-0.011132011529838698,-0.026372261513174816,0.10033835982912268,0.5194156453533199
ETH,2025-12-21,1766078100,2,2,0.11667497008683064,True,0.23544294482247896,0.2406484539495193,0.5345414441424848,1.0
ETH,2025-12-21,1766257200,1,1,-0.37302591989115974,True,-0.37302591989115974,-0.37302591989115974,-0.34,0.0
ETH,2025-12-22,1765982700,2,1,,False,0.4744675022073715,0.4744675022073715,0.6699999999999999,1.0
ETH,2025-12-22,1766079000,1,0,,False,,,,
ETH,2025-12-22,1766198700,1,0,,False,,,,
ETH,2025-12-22,1766407500,1,1,0.21473972393496132,True,0.21473972393496132,0.21473972393496132,0.15000000000000002,1.0
ETH,2025-12-23,1765982700,2,0,,False,,,,
ETH,2025-12-23,1766078100,1,1,0.1181747794680442,True,0.1181747794680442,0.1181747794680442,0.26,1.0
ETH,2025-12-23,1766206800,1,0,,False,,,,
ETH,2025-12-23,1766497500,1,1,0.09753778612779562,True,0.09753778612779562,0.09753778612779562,0.14,1.0
ETH,2025-12-24,1766009700,3,0,,False,,,,
ETH,2025-12-24,1766122200,1,0,,False,,,,
ETH,2025-12-24,1766208600,2,1,,False,-0.36202060482953125,-0.36202060482953125,-0.46,0.0
ETH,2025-12-24,1766582100,1,1,0.11424792088467287,True,0.11424792088467287,0.11424792088467287,0.18999999999999995,1.0
ETH,2025-12-25,1766155500,2,0,,False,,,,
ETH,2025-12-25,1766286900,1,0,,False,,,,
ETH,2025-12-25,1766448900,5,0,,False,,,,
ETH,2025-12-25,1766612700,1,1,-0.15400946848287736,True,-0.15400946848287736,-0.15400946848287736,-0.16,0.0
ETH,2025-12-26,1766650500,1,1,0.46107981908263596,True,0.46107981908263596,0.46107981908263596,0.33999999999999997,1.0
ETH,2025-12-26,1766760300,1,1,0.13070901709686586,True,0.13070901709686586,0.13070901709686586,0.07799999999999996,1.0
ETH,2025-12-27,1766587500,1,0,,False,,,,
ETH,2025-12-27,1766760300,1,1,-0.04512254660093537,True,-0.04512254660093537,-0.04512254660093537,-0.21000000000000002,0.0
ETH,2025-12-28,1766603700,1,0,,False,,,,
ETH,2025-12-28,1766761200,1,0,,False,,,,
ETH,2025-12-28,1766884500,1,1,-0.0809558017599058,True,-0.0809558017599058,-0.0809558017599058,-0.09999999999999999,0.0
ETH,2025-12-29,1766610900,1,0,,False,,,,
ETH,2025-12-29,1766761200,1,0,,False,,,,
ETH,2025-12-29,1767001500,2,2,0.051179227284112894,True,0.1294231859212412,0.13225552510869806,-0.039449742096009856,0.4825328778974043
ETH,2025-12-30,1766529900,1,0,,False,,,,
ETH,2025-12-30,1766761200,1,0,,False,,,,
ETH,2025-12-30,1767001500,1,1,-0.37537769684713074,True,-0.37537769684713074,-0.37537769684713074,-0.32,0.0
ETH,2025-12-30,1767105000,1,1,0.05508905206753838,True,0.05508905206753838,0.05508905206753838,0.05899999999999994,1.0
ETH,2025-12-31,1766736000,1,0,,False,,,,
ETH,2025-12-31,1766968200,1,0,,False,,,,
ETH,2025-12-31,1767192300,1,1,0.018481294667421044,True,0.018481294667421044,0.018481294667421044,-0.4,0.0
ETH,2026-01-01,1766751300,1,0,,False,,,,
ETH,2026-01-01,1766968200,2,0,,False,,,,
ETH,2026-01-01,1767064500,1,0,,False,,,,
ETH,2026-01-01,1767281400,1,1,-0.010240166159012576,True,-0.010240166159012576,-0.010240166159012576,-0.06999999999999999,0.0
ETH,2026-01-02,1767204000,1,0,,False,,,,
ETH,2026-01-02,1767310200,1,0,,False,,,,
ETH,2026-01-03,1767132000,1,0,,False,,,,
ETH,2026-01-03,1767225600,1,0,,False,,,,
ETH,2026-01-03,1767427200,1,1,0.42785145912651734,True,0.42785145912651734,0.42785145912651734,0.64,1.0
ETH,2026-01-04,1767144600,1,0,,False,,,,
ETH,2026-01-04,1767235500,1,0,,False,,,,
ETH,2026-01-04,1767400200,1,1,-0.18079274499004153,True,-0.18079274499004153,-0.18079274499004153,-0.153,0.0
ETH,2026-01-04,1767494700,1,1,-0.0949879265261544,True,-0.0949879265261544,-0.0949879265261544,-0.108,0.0
ETH,2026-01-05,1767237300,1,1,-0.2847039578746297,True,-0.2847039578746297,-0.2847039578746297,-0.06999999999999999,0.0
ETH,2026-01-05,1767390300,1,0,,False,,,,
ETH,2026-01-05,1767541500,1,1,0.16768079654968474,True,0.16768079654968474,0.16768079654968474,0.4,1.0
ETH,2026-01-06,1767192300,1,0,,False,,,,
ETH,2026-01-06,1767645000,1,1,0.3724822917747702,True,0.3724822917747702,0.3724822917747702,0.32999999999999996,1.0
ETH,2026-01-07,1767312000,1,0,,False,,,,
ETH,2026-01-07,1767536100,2,0,,False,,,,
ETH,2026-01-07,1767722400,2,0,,False,,,,
ETH,2026-01-08,1767393900,1,0,,False,,,,
ETH,2026-01-08,1767536100,1,0,,False,,,,
ETH,2026-01-08,1767663000,1,0,,False,,,,
ETH,2026-01-08,1767883500,1,0,,False,,,,
ETH,2026-01-09,1767744900,1,0,,False,,,,
ETH,2026-01-09,1767922200,1,1,0.40081781849763015,True,0.40081781849763015,0.40081781849763015,0.36,1.0
ETH,2026-01-10,1767735000,1,0,,False,,,,
ETH,2026-01-10,1767828600,1,0,,False,,,,
ETH,2026-01-10,1767922200,1,1,-0.46158561166310297,True,-0.46158561166310297,-0.46158561166310297,-0.62,0.0
ETH,2026-01-10,1768028400,1,1,-0.38219008020897965,True,-0.38219008020897965,-0.38219008020897965,-0.26,0.0
ETH,2026-01-11,1767735000,1,0,,False,,,,
ETH,2026-01-11,1767823200,1,0,,False,,,,
ETH,2026-01-11,1767922200,1,1,0.41852920326744686,True,0.41852920326744686,0.41852920326744686,0.39,1.0
ETH,2026-01-11,1768076100,1,1,-0.09495746397079835,True,-0.09495746397079835,-0.09495746397079835,-0.019,0.0
ETH,2026-01-12,1767859200,3,0,,False,,,,
ETH,2026-01-12,1767971700,1,0,,False,,,,
ETH,2026-01-12,1768173300,1,0,,False,,,,
ETH,2026-01-13,1767759300,1,0,,False,,,,
ETH,2026-01-13,1767859200,1,0,,False,,,,
ETH,2026-01-13,1768094100,1,0,,False,,,,
ETH,2026-01-13,1768206600,1,1,0.25175943064530015,True,0.25175943064530015,0.25175943064530015,0.42000000000000004,1.0
ETH,2026-01-13,1768311900,1,1,-0.05361394282635437,True,-0.05361394282635437,-0.05361394282635437,0.10999999999999999,1.0
ETH,2026-01-14,1767859200,3,0,,False,,,,
ETH,2026-01-14,1767945600,1,0,,False,,,,
ETH,2026-01-14,1768176000,1,0,,False,,,,
ETH,2026-01-14,1768342500,1,0,,False,,,,
ETH,2026-01-15,1768143600,1,0,,False,,,,
ETH,2026-01-15,1768330800,1,0,,False,,,,
ETH,2026-01-15,1768419000,2,2,-0.14175948463366925,True,0.08509454150476901,0.10303914515132519,-0.11555123775292843,0.46334823511406736
ETH,2026-01-16,1768419000,2,2,-0.052350607323436105,True,-0.2209306697728126,-0.24972832135289486,-0.5378017041652956,0.0
ETH,2026-01-17,1768419000,1,1,-0.23136296012744062,True,-0.23136296012744062,-0.23136296012744062,-0.42,0.0
ETH,2026-01-17,1768551300,1,0,,False,,,,
ETH,2026-01-18,1768342500,1,0,,False,,,,
ETH,2026-01-18,1768745700,1,0,,False,,,,
ETH,2026-01-19,1768743900,1,0,,False,,,,
ETH,2026-01-20,1768743900,1,0,,False,,,,
ETH,2026-01-20,1768878000,1,1,0.8158788140618578,True,0.8158788140618578,0.8158788140618578,-0.46,0.0
ETH,2026-01-21,1768885200,1,1,0.7686681778991966,True,0.7686681778991966,0.7686681778991966,-0.33,0.0
ETH,2026-01-21,1768982400,1,1,0.18723594236672275,True,0.18723594236672275,0.18723594236672275,-0.25,0.0
ETH,2026-01-22,1768885200,2,1,0.3458994303504871,True,0.3458994303504871,0.3458994303504871,-0.37,0.0
ETH,2026-01-22,1768982400,2,0,,False,,,,
ETH,2026-01-22,1769089500,1,1,0.11715083713708907,True,0.11715083713708907,0.11715083713708907,0.08499999999999996,1.0
ETH,2026-01-23,1768920300,1,1,0.3227925548794114,True,0.3227925548794114,0.3227925548794114,0.17300000000000004,1.0
ETH,2026-01-23,1769093100,1,1,0.25162269224895534,True,0.25162269224895534,0.25162269224895534,0.261,1.0
ETH,2026-01-23,1769179500,1,1,-0.46811264149436815,True,-0.46811264149436815,-0.46811264149436815,0.41000000000000003,1.0
ETH,2026-01-24,1768954500,1,0,,False,,,,
ETH,2026-01-24,1769131800,1,1,-0.3039503218129026,True,-0.3039503218129026,-0.3039503218129026,-0.3,0.0
ETH,2026-01-25,1768941000,1,0,,False,,,,
ETH,2026-01-25,1769093100,1,1,-0.13869188712620936,True,-0.13869188712620936,-0.13869188712620936,-0.34,0.0
ETH,2026-01-25,1769189400,1,1,0.04785815277639921,True,0.04785815277639921,0.04785815277639921,-0.46,0.0
ETH,2026-01-25,1769309100,1,1,0.1603353336325381,True,0.1603353336325381,0.1603353336325381,-0.13,0.0
ETH,2026-01-26,1768955400,1,0,,False,,,,
ETH,2026-01-26,1769131800,1,0,,False,,,,
ETH,2026-01-26,1769267700,1,1,-0.024681313648139303,True,-0.024681313648139303,-0.024681313648139303,-0.33,0.0
ETH,2026-01-26,1769357700,1,1,0.5151411948600535,True,0.5151411948600535,0.5151411948600535,0.51,1.0
ETH,2026-01-26,1769444100,1,1,0.5913202694743519,True,0.5913202694743519,0.5913202694743519,0.61,1.0
ETH,2026-01-27,1768939200,1,0,,False,,,,
ETH,2026-01-27,1769128200,1,0,,False,,,,
ETH,2026-01-27,1769258700,1,0,,False,,,,
ETH,2026-01-27,1769357700,2,2,0.23597481257690073,True,0.15248842665568496,0.13757786182532628,0.3812148756674435,1.0
ETH,2026-01-27,1769444100,1,0,,False,,,,
ETH,2026-01-28,1769038200,1,0,,False,,,,
ETH,2026-01-28,1769127300,1,0,,False,,,,
ETH,2026-01-28,1769274900,1,0,,False,,,,
ETH,2026-01-28,1769444100,1,0,,False,,,,
ETH,2026-01-28,1769545800,1,1,-0.47248233761950836,True,-0.47248233761950836,-0.47248233761950836,-0.56,0.0
ETH,2026-01-29,1769200200,1,0,,False,,,,
ETH,2026-01-29,1769311800,1,0,,False,,,,
ETH,2026-01-29,1769545800,1,1,0.08196688873649183,True,0.08196688873649183,0.08196688873649183,-0.53,0.0
ETH,2026-01-29,1769634900,1,1,0.3605987573248942,True,0.3605987573248942,0.3605987573248942,-0.58,0.0
ETH,2026-01-30,1769621400,1,0,,False,,,,
ETH,2026-01-30,1769708700,1,1,-0.18424718490826486,True,-0.18424718490826486,-0.18424718490826486,-0.634,0.0
ETH,2026-01-31,1769545800,1,0,,False,,,,
ETH,2026-01-31,1769711400,2,2,0.6364693562916868,True,0.3350927417002267,0.28713995078453824,-0.5833307362312068,0.0
ETH,2026-01-31,1769797800,1,1,-0.2453895637340925,True,-0.2453895637340925,-0.2453895637340925,-0.828,0.0
ETH,2026-02-01,1769636700,1,1,1.4194142704658093,True,1.4194142704658093,1.4194142704658093,-0.26,0.0
ETH,2026-02-01,1769746500,1,1,0.9364477480282027,True,0.9364477480282027,0.9364477480282027,-0.35000000000000003,0.0
ETH,2026-02-01,1769868900,1,1,0.9604294881951433,True,0.9604294881951433,0.9604294881951433,-0.529,0.0
ETH,2026-02-01,1769958000,1,1,0.3728245883337817,True,0.3728245883337817,0.3728245883337817,-0.19,0.0
ETH,2026-02-02,1769676300,1,0,,False,,,,
ETH,2026-02-02,1769784300,1,1,0.7719905152138614,True,0.7719905152138614,0.7719905152138614,-0.36,0.0
ETH,2026-02-02,1769870700,1,1,-0.49106922159723987,True,-0.49106922159723987,-0.49106922159723987,-0.795,0.0
ETH,2026-02-02,1769975100,1,1,-0.30831954768557285,True,-0.30831954768557285,-0.30831954768557285,-0.23900000000000002,0.0
ETH,2026-02-03,1769595300,1,0,,False,,,,
ETH,2026-02-03,1769711400,3,2,,False,0.6132662252489227,0.6134625709131813,-0.47566945397849314,0.0
ETH,2026-02-04,1769737500,1,0,,False,,,,
ETH,2026-02-04,1769885100,2,0,,False,,,,
ETH,2026-02-05,1769713200,2,0,,False,,,,
ETH,2026-02-05,1769880600,2,2,-0.04504000574005029,True,0.08379366053554595,0.09842641641007727,-0.6098125346398224,0.0
ETH,2026-02-05,1769975100,2,2,0.31263059681174904,True,0.20597104950709222,0.2045613086765197,-0.4490846406249505,0.0
ETH,2026-02-05,1770064200,1,1,0.25828094249730027,True,0.25828094249730027,0.25828094249730027,-0.549,0.0
ETH,2026-02-05,1770169500,1,1,0.425278293793247,True,0.425278293793247,0.425278293793247,-0.387,0.0
ETH,2026-02-06,1770113700,1,0,,False,,,,
ETH,2026-02-06,1770202800,1,1,-0.08471139145881856,True,-0.08471139145881856,-0.08471139145881856,-0.65,0.0
ETH,2026-02-07,1770148800,2,0,,False,,,,
ETH,2026-02-07,1770235200,1,1,-0.15511652365174955,True,-0.15511652365174955,-0.15511652365174955,-0.45,0.0
ETH,2026-02-07,1770322500,1,1,0.4444995401531474,True,0.4444995401531474,0.4444995401531474,0.7,1.0
ETH,2026-02-07,1770436800,1,1,-0.1505604088699535,True,-0.1505604088699535,-0.1505604088699535,-0.35000000000000003,0.0
ETH,2026-02-08,1770148800,1,0,,False,,,,
ETH,2026-02-08,1770235200,3,3,-0.25279559907816995,True,-0.262507026168015,-0.2677189694467101,-0.4517069944266481,0.0
ETH,2026-02-08,1770321600,2,2,0.17146644579711562,True,0.11384465263870265,0.11289870665351735,0.37588093740540407,1.0
ETH,2026-02-08,1770446700,1,1,-0.40431792685363366,True,-0.40431792685363366,-0.40431792685363366,-0.37,0.0
ETH,2026-02-08,1770533100,1,1,-0.3711310860279154,True,-0.3711310860279154,-0.3711310860279154,-0.35000000000000003,0.0
ETH,2026-02-09,1770149700,1,0,,False,,,,
ETH,2026-02-09,1770237000,1,0,,False,,,,
ETH,2026-02-09,1770331500,1,1,0.1930913612659974,True,0.1930913612659974,0.1930913612659974,0.544,1.0
ETH,2026-02-09,1770440400,1,1,-0.4790084773997664,True,-0.4790084773997664,-0.4790084773997664,-0.45,0.0
ETH,2026-02-09,1770632100,1,1,-0.03775372619530548,True,-0.03775372619530548,-0.03775372619530548,0.29000000000000004,1.0
ETH,2026-02-10,1770151500,2,0,,False,,,,
ETH,2026-02-10,1770281100,1,1,-0.35436138495687836,True,-0.35436138495687836,-0.35436138495687836,-0.52,0.0
ETH,2026-02-10,1770367500,1,1,0.0977494513931868,True,0.0977494513931868,0.0977494513931868,0.373,1.0
ETH,2026-02-10,1770473700,1,1,-0.27184539213369757,True,-0.27184539213369757,-0.27184539213369757,-0.32,0.0
ETH,2026-02-10,1770597900,1,1,-0.2409934414791385,True,-0.2409934414791385,-0.2409934414791385,-0.42,0.0
ETH,2026-02-10,1770694200,2,2,0.35182692538016636,True,0.19559421672239585,0.18148989157046938,-0.016369446865389797,0.5414012291880227
ETH,2026-02-11,1770226200,3,0,,False,,,,
ETH,2026-02-11,1770312600,1,1,0.4789461284930142,True,0.4789461284930142,0.4789461284930142,0.39,1.0
ETH,2026-02-11,1770448500,2,0,,False,,,,
ETH,2026-02-11,1770633900,1,1,0.41088989535826886,True,0.41088989535826886,0.41088989535826886,0.20999999999999996,1.0
ETH,2026-02-11,1770764400,1,0,,False,,,,
ETH,2026-02-12,1770311700,2,0,,False,,,,
ETH,2026-02-12,1770435000,1,1,0.053663866700458834,True,0.053663866700458834,0.053663866700458834,-0.23,0.0
ETH,2026-02-12,1770647400,1,0,,False,,,,
ETH,2026-02-12,1770734700,1,0,,False,,,,
ETH,2026-02-12,1770822000,1,1,0.47853601084836694,True,0.47853601084836694,0.47853601084836694,0.32999999999999996,1.0
ETH,2026-02-12,1770912900,1,1,0.27019377105982023,True,0.27019377105982023,0.27019377105982023,0.123,1.0
ETH,2026-02-13,1770734700,1,0,,False,,,,
ETH,2026-02-13,1770822000,2,2,0.04025023594711935,True,0.18549809121117602,0.21467633881776502,0.5315621572030496,1.0
ETH,2026-02-13,1770933600,1,0,,False,,,,
ETH,2026-02-14,1770790500,1,1,-0.04210762412562233,True,-0.04210762412562233,-0.04210762412562233,0.16000000000000003,1.0
ETH,2026-02-14,1770876900,1,1,0.21298527871449013,True,0.21298527871449013,0.21298527871449013,0.61,1.0
ETH,2026-02-14,1770967800,1,1,0.24129859878341453,True,0.24129859878341453,0.24129859878341453,0.79,1.0
ETH,2026-02-14,1771067700,1,1,-0.1444445720332488,True,-0.1444445720332488,-0.1444445720332488,-0.332,0.0
ETH,2026-02-15,1770799500,1,0,,False,,,,
ETH,2026-02-15,1770904800,1,1,0.4988030287531814,True,0.4988030287531814,0.4988030287531814,0.54,1.0
ETH,2026-02-15,1771047000,1,1,0.07169397089604992,True,0.07169397089604992,0.07169397089604992,-0.17400000000000002,0.0
ETH,2026-02-15,1771173900,1,0,,False,,,,
ETH,2026-02-16,1770790500,1,0,,False,,,,
ETH,2026-02-16,1770891300,1,0,,False,,,,
ETH,2026-02-16,1771177500,2,2,-0.28013628865979034,True,-0.04871288946131,-0.0351478178339672,-0.10203468928629335,0.47231487754991747
ETH,2026-02-17,1770913800,1,0,,False,,,,
ETH,2026-02-17,1771177500,2,2,0.27212793842949556,True,-0.01920870719797879,-0.03787593905011208,-0.04603192101586284,0.5301080618795828
ETH,2026-02-17,1771332300,1,1,0.045176865869109996,True,0.045176865869109996,0.045176865869109996,0.049000000000000044,1.0
ETH,2026-02-18,1771177500,2,2,0.3209870272286941,True,0.006111390371523695,-0.0134595412127686,-0.04010409623974351,0.5292586820003772
ETH,2026-02-18,1771339500,1,1,0.205942284654463,True,0.205942284654463,0.205942284654463,0.24,1.0
ETH,2026-02-18,1771429500,1,1,0.3595816888116495,True,0.3595816888116495,0.3595816888116495,-0.46,0.0
ETH,2026-02-19,1770916500,4,0,,False,,,,
ETH,2026-02-19,1771177500,2,2,-0.23338242701694287,True,0.09273613415871132,0.10653491030527053,-0.06941104937635201,0.47970274735725066
ETH,2026-02-19,1771339500,2,2,0.4263535398146361,True,0.16462268607429803,0.13547207184825122,0.030064425654042243,0.5501073760900703
ETH,2026-02-19,1771503300,1,1,0.16492959458542383,True,0.16492959458542383,0.16492959458542383,0.07899999999999996,1.0
ETH,2026-02-20,1771524900,1,0,,False,,,,
ETH,2026-02-21,1771378200,1,0,,False,,,,
ETH,2026-02-21,1771478100,1,1,-0.4362673185209124,True,-0.4362673185209124,-0.4362673185209124,-0.37,0.0
ETH,2026-02-21,1771604100,1,1,-0.33553120787119906,True,-0.33553120787119906,-0.33553120787119906,-0.2,0.0
ETH,2026-02-22,1771380900,1,0,,False,,,,
ETH,2026-02-22,1771468200,1,0,,False,,,,
ETH,2026-02-22,1771566300,1,1,-0.2731654255206696,True,-0.2731654255206696,-0.2731654255206696,-0.3,0.0
ETH,2026-02-22,1771705800,1,1,-0.029970076135055035,True,-0.029970076135055035,-0.029970076135055035,-0.37,0.0
ETH,2026-02-23,1771463700,1,1,-0.1661178298204174,True,-0.1661178298204174,-0.1661178298204174,-0.4,0.0
ETH,2026-02-23,1771596900,1,0,,False,,,,
ETH,2026-02-23,1771767900,1,1,-0.47741255940282257,True,-0.47741255940282257,-0.47741255940282257,-0.76,0.0
ETH,2026-02-23,1771854300,1,1,-0.4849648943424751,True,-0.4849648943424751,-0.4849648943424751,-0.8200000000000001,0.0
ETH,2026-02-24,1771596900,1,0,,False,,,,
ETH,2026-02-24,1771736400,1,1,0.1071010339034012,True,0.1071010339034012,0.1071010339034012,-0.38,0.0
ETH,2026-02-24,1771822800,1,0,,False,,,,
ETH,2026-02-24,1771909200,1,1,0.14484156952320806,True,0.14484156952320806,0.14484156952320806,0.30399999999999994,1.0
ETH,2026-02-25,1771657200,1,0,,False,,,,
ETH,2026-02-25,1771810200,1,1,-0.18620522033687426,True,-0.18620522033687426,-0.18620522033687426,0.29000000000000004,1.0
ETH,2026-02-25,1771902900,1,1,-0.45794864126764157,True,-0.45794864126764157,-0.45794864126764157,0.38,1.0
ETH,2026-02-25,1772022600,1,1,-0.4629982809934817,True,-0.4629982809934817,-0.4629982809934817,0.10999999999999999,1.0
ETH,2026-02-26,1771810200,1,1,0.052205391045976324,True,0.052205391045976324,0.052205391045976324,0.32999999999999996,1.0
ETH,2026-02-26,1771902900,1,1,-0.09396589878499356,True,-0.09396589878499356,-0.09396589878499356,0.4,1.0
ETH,2026-02-26,1772055900,1,1,0.11112981255167709,True,0.11112981255167709,0.11112981255167709,-0.518,0.0
ETH,2026-02-27,1771927200,1,1,0.15344519320326594,True,0.15344519320326594,0.15344519320326594,0.42999999999999994,1.0
ETH,2026-02-27,1772116200,1,1,-0.2791181863581603,True,-0.2791181863581603,-0.2791181863581603,-0.75,0.0
ETH,2026-02-27,1772202600,1,1,0.16301982535235784,True,0.16301982535235784,0.16301982535235784,0.10199999999999998,1.0
ETH,2026-02-28,1771963200,1,0,,False,,,,
ETH,2026-02-28,1772116200,1,1,-0.21339061209060434,True,-0.21339061209060434,-0.21339061209060434,-0.71,0.0
ETH,2026-02-28,1772203500,1,1,-0.014692969417141544,True,-0.014692969417141544,-0.014692969417141544,-0.19,0.0
ETH,2026-02-28,1772292600,1,1,0.4590558359786109,True,0.4590558359786109,0.4590558359786109,0.554,1.0
ETH,2026-03-01,1771966800,1,0,,False,,,,
ETH,2026-03-01,1772055900,1,1,-0.09970244170564024,True,-0.09970244170564024,-0.09970244170564024,-0.5,0.0
ETH,2026-03-01,1772185500,1,1,0.20594385839886342,True,0.20594385839886342,0.20594385839886342,0.12,1.0
ETH,2026-03-01,1772271900,1,1,-0.14096954017497287,True,-0.14096954017497287,-0.14096954017497287,0.28600000000000003,1.0
ETH,2026-03-01,1772365500,1,1,-0.20719937669156943,True,-0.20719937669156943,-0.20719937669156943,-0.301,0.0
ETH,2026-03-03,1771964100,1,0,,False,,,,
ETH,2026-03-03,1772117100,1,1,-0.15582589144659156,True,-0.15582589144659156,-0.15582589144659156,-0.35000000000000003,0.0
ETH,2026-03-03,1772237700,1,0,,False,,,,
ETH,2026-03-03,1772383500,1,1,-0.40491600217129753,True,-0.40491600217129753,-0.40491600217129753,-0.47000000000000003,0.0
ETH,2026-03-03,1772497800,1,1,-0.37705810798999184,True,-0.37705810798999184,-0.37705810798999184,-0.63,0.0
ETH,2026-03-04,1772045100,1,0,,False,,,,
ETH,2026-03-04,1772131500,1,0,,False,,,,
ETH,2026-03-04,1772252100,1,1,-0.18689078019654426,True,-0.18689078019654426,-0.18689078019654426,0.43999999999999995,1.0
ETH,2026-03-04,1772352900,1,1,0.11674316624766706,True,0.11674316624766706,0.11674316624766706,0.48,1.0
ETH,2026-03-04,1772462700,2,1,0.07921059416369092,True,0.07921059416369092,0.07921059416369092,0.6499999999999999,1.0
ETH,2026-03-04,1772614800,1,1,-0.13513645567171334,True,-0.13513645567171334,-0.13513645567171334,0.15000000000000002,1.0
ETH,2026-03-05,1772127900,2,1,,False,0.1639268501097044,0.1639268501097044,0.33999999999999997,1.0
ETH,2026-03-05,1772261100,1,1,-0.13034935242683532,True,-0.13034935242683532,-0.13034935242683532,0.33999999999999997,1.0
ETH,2026-03-05,1772463600,1,0,,False,,,,
ETH,2026-03-05,1772710200,1,1,-0.4846141950801805,True,-0.4846141950801805,-0.4846141950801805,-0.8200000000000001,0.0
ETH,2026-03-06,1772799300,1,1,-0.4513958588932807,True,-0.4513958588932807,-0.4513958588932807,-0.84,0.0
ETH,2026-03-07,1772638200,1,0,,False,,,,
ETH,2026-03-07,1772805600,1,1,-0.35792487039254883,True,-0.35792487039254883,-0.35792487039254883,-0.56,0.0
ETH,2026-03-07,1772895600,1,1,0.06276592312064158,True,0.06276592312064158,0.06276592312064158,-0.12,0.0
ETH,2026-03-08,1772699400,1,0,,False,,,,
ETH,2026-03-08,1772803800,1,1,-0.29388088374409976,True,-0.29388088374409976,-0.29388088374409976,-0.66,0.0
ETH,2026-03-08,1772934300,1,1,-0.034982807593869764,True,-0.034982807593869764,-0.034982807593869764,-0.22,0.0
ETH,2026-03-09,1772810100,1,1,0.18766457225571823,True,0.18766457225571823,0.18766457225571823,0.28,1.0
ETH,2026-03-09,1772937900,1,1,0.07600241606793423,True,0.07600241606793423,0.07600241606793423,0.25,1.0
ETH,2026-03-09,1773026100,1,1,0.40103178085111146,True,0.40103178085111146,0.40103178085111146,0.56,1.0
ETH,2026-03-10,1772899200,1,1,0.023210377263828463,True,0.023210377263828463,0.023210377263828463,0.28,1.0
ETH,2026-03-10,1773007200,2,2,0.2874551220620413,True,0.1347566140084833,0.12090047258477621,0.5349746972786114,1.0
ETH,2026-03-10,1773132300,1,1,0.04897505860470831,True,0.04897505860470831,0.04897505860470831,0.07999999999999996,1.0
ETH,2026-03-11,1772645400,2,0,,False,,,,
ETH,2026-03-11,1772972100,1,0,,False,,,,
ETH,2026-03-11,1773063900,1,1,0.35984242432242664,True,0.35984242432242664,0.35984242432242664,0.42999999999999994,1.0
ETH,2026-03-11,1773179100,1,1,0.257736656336051,True,0.257736656336051,0.257736656336051,0.37,1.0
ETH,2026-03-12,1772824500,1,0,,False,,,,
ETH,2026-03-12,1772928000,1,0,,False,,,,
ETH,2026-03-12,1773051300,1,0,,False,,,,
ETH,2026-03-12,1773179100,1,1,0.2560755830726457,True,0.2560755830726457,0.2560755830726457,0.41000000000000003,1.0
ETH,2026-03-13,1773245700,1,0,,False,,,,
ETH,2026-03-13,1773404100,1,1,0.22717978876618142,True,0.22717978876618142,0.22717978876618142,0.19999999999999996,1.0
ETH,2026-03-14,1773333900,1,1,0.2494420995994741,True,0.2494420995994741,0.2494420995994741,0.26,1.0
ETH,2026-03-14,1773440100,1,1,-0.2178687726851962,True,-0.2178687726851962,-0.2178687726851962,-0.39,0.0
ETH,2026-03-16,1773335700,1,1,-0.002033877332819123,True,-0.002033877332819123,-0.002033877332819123,0.61,1.0
ETH,2026-03-16,1773440100,1,0,,False,,,,
ETH,2026-03-16,1773544500,1,0,,False,,,,
ETH,2026-03-16,1773665100,1,1,0.05419412261973892,True,0.05419412261973892,0.05419412261973892,0.04800000000000004,1.0
ETH,2026-03-17,1773544500,1,0,,False,,,,
ETH,2026-03-17,1773631800,1,0,,False,,,,
ETH,2026-03-17,1773749700,1,1,0.3552617402936833,True,0.3552617402936833,0.3552617402936833,0.276,1.0
ETH,2026-03-18,1773245700,1,0,,False,,,,
ETH,2026-03-18,1773504000,1,0,,False,,,,
ETH,2026-03-18,1773705600,1,1,-0.1472816685730452,True,-0.1472816685730452,-0.1472816685730452,-0.64,0.0
ETH,2026-03-18,1773833400,2,2,0.7786869057662333,True,0.2278933498218922,-0.0325995179711146,-0.5163897978666144,0.0
ETH,2026-03-19,1773833400,2,2,0.2922126836192525,True,0.01754319925117226,-0.024346820606584302,-0.5805191249347033,0.0
ETH,2026-03-19,1773920700,1,1,0.18148073367009918,True,0.18148073367009918,0.18148073367009918,0.07499999999999996,1.0
ETH,2026-03-20,1773833400,1,1,0.04612740008192423,True,0.04612740008192423,0.04612740008192423,-0.43,0.0
ETH,2026-03-20,1773972900,1,0,,False,,,,
ETH,2026-03-21,1773833400,2,0,,False,,,,
ETH,2026-03-21,1773971100,1,0,,False,,,,
ETH,2026-03-22,1773837000,2,1,-0.20894630676076892,True,-0.20894630676076892,-0.20894630676076892,-0.6,0.0
ETH,2026-03-22,1773971100,1,1,-0.44330694454869735,True,-0.44330694454869735,-0.44330694454869735,-0.67,0.0
ETH,2026-03-22,1774127700,1,1,0.25157581777936644,True,0.25157581777936644,0.25157581777936644,-0.13,0.0
ETH,2026-03-23,1773833400,1,0,,False,,,,
ETH,2026-03-23,1773971100,1,0,,False,,,,
ETH,2026-03-23,1774137600,1,1,0.10016019744201116,True,0.10016019744201116,0.10016019744201116,0.22999999999999998,1.0
ETH,2026-03-23,1774250100,1,1,-0.25166641106555343,True,-0.25166641106555343,-0.25166641106555343,0.29000000000000004,1.0
ETH,2026-03-24,1773971100,1,1,0.4441280290557303,True,0.4441280290557303,0.4441280290557303,0.39,1.0
ETH,2026-03-24,1774216800,1,0,,False,,,,
ETH,2026-03-24,1774354500,1,1,0.10138976831796584,True,0.10138976831796584,0.10138976831796584,0.05999999999999994,1.0
ETH,2026-03-25,1773874800,1,0,,False,,,,
ETH,2026-03-25,1773971100,2,0,,False,,,,
ETH,2026-03-25,1774071000,1,1,-0.16780215767037476,True,-0.16780215767037476,-0.16780215767037476,-0.16,0.0
ETH,2026-03-25,1774214100,1,1,0.06309040534036048,True,0.06309040534036048,0.06309040534036048,0.39,1.0
ETH,2026-03-25,1774363500,1,1,0.25799385687031273,True,0.25799385687031273,0.25799385687031273,0.38,1.0
ETH,2026-03-26,1773938700,1,0,,False,,,,
ETH,2026-03-26,1774074600,1,0,,False,,,,
ETH,2026-03-26,1774503900,1,1,-0.28230699294643163,True,-0.28230699294643163,-0.28230699294643163,-0.71,0.0
ETH,2026-03-27,1774558800,1,1,-0.5378604994309699,True,-0.5378604994309699,-0.5378604994309699,-0.8220000000000001,0.0
ETH,2026-03-28,1774512000,1,0,,False,,,,
ETH,2026-03-28,1774609200,1,0,,False,,,,
ETH,2026-03-29,1774584000,2,0,,False,,,,
ETH,2026-03-29,1774778400,1,1,-0.3867572812708706,True,-0.3867572812708706,-0.3867572812708706,-0.46,0.0
ETH,2026-03-30,1774515600,1,1,-0.15601617444128188,True,-0.15601617444128188,-0.15601617444128188,-0.27,0.0
ETH,2026-03-30,1774608300,1,1,0.06610531284685225,True,0.06610531284685225,0.06610531284685225,0.19599999999999995,1.0
ETH,2026-03-30,1774795500,1,1,0.1244606934822654,True,0.1244606934822654,0.1244606934822654,0.54,1.0
ETH,2026-03-31,1774387800,3,0,,False,,,,
ETH,2026-03-31,1774584000,1,0,,False,,,,
ETH,2026-03-31,1774767600,1,1,0.3083888451175729,True,0.3083888451175729,0.3083888451175729,0.5,1.0
ETH,2026-03-31,1774909800,1,1,0.1651813643636431,True,0.1651813643636431,0.1651813643636431,0.28,1.0
ETH,2026-04-01,1774584000,2,0,,False,,,,
ETH,2026-04-01,1774821600,1,1,0.09742700345856942,True,0.09742700345856942,0.09742700345856942,0.5,1.0
ETH,2026-04-01,1775047500,1,1,0.19349119027389375,True,0.19349119027389375,0.19349119027389375,0.16000000000000003,1.0
ETH,2026-04-02,1774824300,2,1,0.14220443984047534,True,0.14220443984047534,0.14220443984047534,0.36,1.0
ETH,2026-04-02,1774946700,1,0,,False,,,,
ETH,2026-04-02,1775091600,1,1,0.29712578109457394,True,0.29712578109457394,0.29712578109457394,-0.19,0.0
ETH,2026-04-03,1775091600,2,2,0.12377856255790487,True,-0.08342461684439605,-0.10492313151405552,-0.46025948999219934,0.0
ETH,2026-04-03,1775221200,1,1,0.0492167601322547,True,0.0492167601322547,0.0492167601322547,0.050000000000000044,1.0
ETH,2026-04-04,1775005200,1,0,,False,,,,
ETH,2026-04-04,1775091600,1,1,0.011802001893343628,True,0.011802001893343628,0.011802001893343628,-0.31,0.0
ETH,2026-04-05,1775093400,1,0,,False,,,,
ETH,2026-04-05,1775196900,1,0,,False,,,,
ETH,2026-04-05,1775358000,1,1,-0.04247733792213566,True,-0.04247733792213566,-0.04247733792213566,-0.06999999999999999,0.0
ETH,2026-04-06,1775116800,1,0,,False,,,,
ETH,2026-04-06,1775275200,1,1,0.34400385459793853,True,0.34400385459793853,0.34400385459793853,0.76,1.0
ETH,2026-04-06,1775382300,1,1,-0.3022070672758018,True,-0.3022070672758018,-0.3022070672758018,0.26,1.0
ETH,2026-04-07,1774991700,1,0,,False,,,,
ETH,2026-04-07,1775093400,1,1,-0.4274384079469661,True,-0.4274384079469661,-0.4274384079469661,-0.5,0.0
ETH,2026-04-08,1775061000,3,0,,False,,,,
ETH,2026-04-08,1775232000,1,0,,False,,,,
ETH,2026-04-08,1775478600,1,0,,False,,,,
ETH,2026-04-08,1775648700,1,1,0.24575840004905652,True,0.24575840004905652,0.24575840004905652,0.119,1.0
ETH,2026-04-09,1775148300,4,0,,False,,,,
ETH,2026-04-09,1775491200,2,1,,False,0.4804250023675509,0.4804250023675509,0.6699999999999999,1.0
ETH,2026-04-09,1775609100,1,0,,False,,,,
ETH,2026-04-09,1775716200,1,1,0.3751866315312999,True,0.3751866315312999,0.3751866315312999,0.76,1.0
ETH,2026-04-10,1775713500,1,0,,False,,,,
ETH,2026-04-10,1775808000,1,1,-0.002118344388012415,True,-0.002118344388012415,-0.002118344388012415,0.05999999999999994,1.0
ETH,2026-04-11,1775664000,1,0,,False,,,,
ETH,2026-04-12,1775655000,1,1,-0.14795903053563725,True,-0.14795903053563725,-0.14795903053563725,-0.35000000000000003,0.0
ETH,2026-04-12,1775742300,1,0,,False,,,,
ETH,2026-04-12,1775998800,1,1,-0.22157667120604643,True,-0.22157667120604643,-0.22157667120604643,-0.363,0.0
ETH,2026-04-13,1775687400,1,0,,False,,,,
ETH,2026-04-13,1775808000,1,0,,False,,,,
ETH,2026-04-13,1776031200,1,1,0.5069353771708696,True,0.5069353771708696,0.5069353771708696,0.5,1.0
ETH,2026-04-14,1775594700,1,0,,False,,,,
ETH,2026-04-14,1775687400,1,0,,False,,,,
ETH,2026-04-14,1775836800,1,0,,False,,,,
ETH,2026-04-14,1776031200,1,0,,False,,,,
ETH,2026-04-15,1775753100,1,0,,False,,,,
ETH,2026-04-15,1776009600,1,0,,False,,,,
ETH,2026-04-15,1776255300,1,1,0.21523388325767115,True,0.21523388325767115,0.21523388325767115,0.18999999999999995,1.0
ETH,2026-04-16,1776031200,1,1,0.18405235957842647,True,0.18405235957842647,0.18405235957842647,0.52,1.0
ETH,2026-04-16,1776267000,1,1,0.35122300053912064,True,0.35122300053912064,0.35122300053912064,0.37,1.0
ETH,2026-04-17,1776267000,1,0,,False,,,,
ETH,2026-04-17,1776416400,1,1,-0.19697745545224765,True,-0.19697745545224765,-0.19697745545224765,0.09999999999999998,1.0
ETH,2026-04-18,1776294000,1,1,-0.33643683665695623,True,-0.33643683665695623,-0.33643683665695623,-0.35000000000000003,0.0
ETH,2026-04-18,1776418200,1,1,-0.20274485273004156,True,-0.20274485273004156,-0.20274485273004156,-0.27,0.0
ETH,2026-04-18,1776512700,1,1,0.03822988067425599,True,0.03822988067425599,0.03822988067425599,0.051000000000000045,1.0
ETH,2026-04-19,1776268800,1,0,,False,,,,
ETH,2026-04-19,1776416400,1,0,,False,,,,
ETH,2026-04-19,1776562200,1,1,-0.005643811509881469,True,-0.005643811509881469,-0.005643811509881469,-0.08,0.0
ETH,2026-04-20,1776240000,1,0,,False,,,,
ETH,2026-04-20,1776355200,1,0,,False,,,,
ETH,2026-04-20,1776636000,2,2,0.11751777527163601,True,0.31374335058387204,0.32711134816713555,0.45256510201883554,1.0
ETH,2026-04-21,1776268800,2,0,,False,,,,
ETH,2026-04-21,1776355200,2,0,,False,,,,
ETH,2026-04-21,1776441600,1,0,,False,,,,
ETH,2026-04-21,1776636000,2,2,0.19335997654021556,True,0.35320463689427584,0.3565097743918054,0.4699244101065658,1.0
ETH,2026-04-21,1776776400,1,1,0.362361807704623,True,0.362361807704623,0.362361807704623,0.42999999999999994,1.0
ETH,2026-04-22,1776346200,2,2,0.3711169804579595,True,0.48527882773714737,0.48687249617928186,0.6034167331491426,1.0
ETH,2026-04-22,1776607200,1,0,,False,,,,
ETH,2026-04-22,1776699000,3,0,,False,,,,
ETH,2026-04-22,1776867300,1,1,0.3486490927930389,True,0.3486490927930389,0.3486490927930389,0.17000000000000004,1.0
ETH,2026-04-23,1776356100,3,0,,False,,,,
ETH,2026-04-23,1776528000,1,0,,False,,,,
ETH,2026-04-23,1776614400,1,0,,False,,,,
ETH,2026-04-23,1776700800,3,1,,False,-0.24361201208145083,-0.24361201208145083,-0.2,0.0
ETH,2026-04-23,1776946500,1,1,0.17808966764132395,True,0.17808966764132395,0.17808966764132395,0.17999999999999994,1.0
ETH,2026-04-24,1776937500,1,0,,False,,,,
ETH,2026-04-24,1777029300,1,1,0.21992203450122894,True,0.21992203450122894,0.21992203450122894,0.17000000000000004,1.0
ETH,2026-04-25,1776909600,1,0,,False,,,,
ETH,2026-04-25,1777045500,1,0,,False,,,,
ETH,2026-04-26,1776882600,1,0,,False,,,,
ETH,2026-04-27,1776876300,1,0,,False,,,,
ETH,2026-04-27,1777000500,1,0,,False,,,,
ETH,2026-04-27,1777293900,1,1,-0.10038146320256192,True,-0.10038146320256192,-0.10038146320256192,-0.743,0.0
ETH,2026-04-28,1776948300,1,0,,False,,,,
ETH,2026-04-28,1777046400,1,0,,False,,,,
ETH,2026-04-28,1777374900,1,1,-0.10976188749201063,True,-0.10976188749201063,-0.10976188749201063,-0.09,0.0
ETH,2026-04-29,1777046400,1,0,,False,,,,
ETH,2026-04-29,1777266900,1,1,-0.4075801949221773,True,-0.4075801949221773,-0.4075801949221773,-0.7,0.0
ETH,2026-04-29,1777465800,1,1,-0.05800145795919642,True,-0.05800145795919642,-0.05800145795919642,-0.68,0.0
ETH,2026-04-30,1777378500,1,1,-0.2960852123085821,True,-0.2960852123085821,-0.2960852123085821,-0.35000000000000003,0.0
ETH,2026-04-30,1777487400,1,1,0.14950640466731116,True,0.14950640466731116,0.14950640466731116,0.33999999999999997,1.0
ETH,2026-05-01,1777374900,2,1,0.8057928259243841,True,0.8057928259243841,0.8057928259243841,0.92,1.0
ETH,2026-05-01,1777487400,1,0,,False,,,,
ETH,2026-05-01,1777639500,1,1,0.330858808284734,True,0.330858808284734,0.330858808284734,0.45999999999999996,1.0
ETH,2026-05-02,1777487400,1,0,,False,,,,
ETH,2026-05-02,1777646700,1,1,0.5124839396907183,True,0.5124839396907183,0.5124839396907183,0.53,1.0
ETH,2026-05-03,1777516200,2,1,,False,0.08780436189509294,0.08780436189509294,0.30000000000000004,1.0
ETH,2026-05-03,1777611600,1,0,,False,,,,
ETH,2026-05-04,1777492800,1,0,,False,,,,
ETH,2026-05-04,1777644000,1,0,,False,,,,
ETH,2026-05-04,1777737600,1,0,,False,,,,
ETH,2026-05-04,1777889700,1,1,0.04096397186743164,True,0.04096397186743164,0.04096397186743164,0.239,1.0
ETH,2026-05-05,1777406400,1,0,,False,,,,
ETH,2026-05-05,1777516200,2,2,0.3269912639559891,True,0.18850609941780622,0.18432376373005926,0.5095438661963949,1.0
ETH,2026-05-05,1777644000,1,0,,False,,,,
ETH,2026-05-05,1777737600,1,0,,False,,,,
ETH,2026-05-05,1777824000,1,0,,False,,,,
ETH,2026-05-05,1777910400,1,0,,False,,,,
ETH,2026-05-06,1777479300,1,1,-0.09919389215505868,True,-0.09919389215505868,-0.09919389215505868,-0.02,0.0
ETH,2026-05-06,1777737600,2,0,,False,,,,
ETH,2026-05-06,1777824000,1,0,,False,,,,
ETH,2026-05-06,1777910400,2,0,,False,,,,
ETH,2026-05-06,1778060700,1,1,0.024145409578222088,True,0.024145409578222088,0.024145409578222088,-0.64,0.0
ETH,2026-05-07,1777565700,1,0,,False,,,,
ETH,2026-05-07,1777737600,1,1,-0.3938707346001168,True,-0.3938707346001168,-0.3938707346001168,-0.45,0.0
ETH,2026-05-07,1777824000,1,0,,False,,,,
ETH,2026-05-07,1777910400,2,0,,False,,,,
ETH,2026-05-07,1778072400,1,1,0.16572245226645538,True,0.16572245226645538,0.16572245226645538,-0.47000000000000003,0.0
ETH,2026-05-07,1778158800,1,1,-0.761282007415068,True,-0.761282007415068,-0.761282007415068,-0.925,0.0
ETH,2026-05-08,1778076000,1,0,,False,,,,
ETH,2026-05-08,1778163300,1,1,-0.4307337346188974,True,-0.4307337346188974,-0.4307337346188974,-0.59,0.0
ETH,2026-05-09,1778072400,2,2,-0.15692736848587735,True,-0.042087238944767555,-0.040662456211691705,-0.3130710313815227,0.0
ETH,2026-05-09,1778158800,1,1,-0.08198992413658891,True,-0.08198992413658891,-0.08198992413658891,-0.14,0.0
ETH,2026-05-09,1778250600,1,1,0.47721472424070177,True,0.47721472424070177,0.47721472424070177,0.75,1.0
ETH,2026-05-10,1778076000,1,0,,False,,,,
ETH,2026-05-10,1778162400,1,0,,False,,,,
ETH,2026-05-10,1778248800,1,0,,False,,,,
ETH,2026-05-11,1778083200,1,1,-0.05253422865375513,True,-0.05253422865375513,-0.05253422865375513,-0.09999999999999999,0.0
ETH,2026-05-11,1778169600,1,0,,False,,,,
ETH,2026-05-11,1778458500,1,1,0.039946733615056296,True,0.039946733615056296,0.039946733615056296,-0.16,0.0
ETH,2026-05-12,1778085000,1,0,,False,,,,
ETH,2026-05-12,1778458500,1,1,0.2200394622870041,True,0.2200394622870041,0.2200394622870041,-0.25,0.0
ETH,2026-05-12,1778589000,1,1,0.24232820793302845,True,0.24232820793302845,0.24232820793302845,-0.27,0.0
ETH,2026-05-13,1778084100,1,0,,False,,,,
ETH,2026-05-13,1778177700,1,0,,False,,,,
ETH,2026-05-13,1778589000,1,1,-0.027986315269843964,True,-0.027986315269843964,-0.027986315269843964,-0.37,0.0
ETH,2026-05-13,1778675400,1,0,,False,,,,
ETH,2026-05-14,1778283900,1,0,,False,,,,
ETH,2026-05-14,1778589000,1,1,0.5388489823529179,True,0.5388489823529179,0.5388489823529179,0.59,1.0
ETH,2026-05-15,1778680800,1,0,,False,,,,
ETH,2026-05-15,1778852700,1,1,0.14362113748133698,True,0.14362113748133698,0.14362113748133698,0.119,1.0
SOL,2025-11-14,1763109900,1,1,0.24961343678258477,True,0.24961343678258477,0.24961343678258477,0.349,1.0
SOL,2025-11-16,1763062200,1,1,0.019580167253211322,True,0.019580167253211322,0.019580167253211322,-0.29000000000000004,0.0
SOL,2025-11-17,1763061300,1,1,-0.3529029115769725,True,-0.3529029115769725,-0.3529029115769725,-0.62,0.0
SOL,2025-11-17,1763147700,1,0,,False,,,,
SOL,2025-11-17,1763390700,1,1,0.3059638650951587,True,0.3059638650951587,0.3059638650951587,-0.63,0.0
SOL,2025-11-18,1763103600,1,0,,False,,,,
SOL,2025-11-18,1763282700,1,0,,False,,,,
SOL,2025-11-20,1763391600,1,1,-0.1866613682425648,True,-0.1866613682425648,-0.1866613682425648,-0.46,0.0
SOL,2025-11-20,1763515800,1,0,,False,,,,
SOL,2025-11-21,1763561700,1,1,-0.48374090834208594,True,-0.48374090834208594,-0.48374090834208594,-0.74,0.0
SOL,2025-11-21,1763655300,1,1,-0.4147112289092232,True,-0.4147112289092232,-0.4147112289092232,-0.68,0.0
SOL,2025-11-22,1763506800,1,0,,False,,,,
SOL,2025-11-22,1763607600,1,0,,False,,,,
SOL,2025-11-23,1763667000,1,0,,False,,,,
SOL,2025-11-24,1763523000,1,0,,False,,,,
SOL,2025-11-25,1763578800,2,0,,False,,,,
SOL,2025-11-26,1763577900,1,0,,False,,,,
SOL,2025-11-27,1763659800,1,0,,False,,,,
SOL,2025-11-27,1764234900,1,0,,False,,,,
SOL,2025-11-28,1764214200,1,0,,False,,,,
SOL,2025-11-29,1764214200,2,0,,False,,,,
SOL,2025-11-30,1764278100,1,0,,False,,,,
SOL,2025-12-01,1764279000,1,1,0.31668453333666263,True,0.31668453333666263,0.31668453333666263,-0.21000000000000002,0.0
SOL,2025-12-02,1764273600,1,0,,False,,,,
SOL,2025-12-03,1764225900,1,0,,False,,,,
SOL,2025-12-04,1764279000,1,1,0.4726999682157574,True,0.4726999682157574,0.4726999682157574,0.48,1.0
SOL,2025-12-04,1764810900,1,1,0.22774219151571015,True,0.22774219151571015,0.22774219151571015,0.10999999999999999,1.0
SOL,2025-12-05,1764820800,1,1,-0.16849661879545463,True,-0.16849661879545463,-0.16849661879545463,-0.74,0.0
SOL,2025-12-07,1764834300,1,1,0.15134020234728301,True,0.15134020234728301,0.15134020234728301,-0.21000000000000002,0.0
SOL,2025-12-07,1765120500,1,0,,False,,,,
SOL,2025-12-08,1764810900,1,0,,False,,,,
SOL,2025-12-08,1765123200,1,1,0.1678668233466617,True,0.1678668233466617,0.1678668233466617,0.38,1.0
SOL,2025-12-09,1765123200,1,0,,False,,,,
SOL,2025-12-09,1765226700,1,1,0.5267178657772562,True,0.5267178657772562,0.5267178657772562,0.92,1.0
SOL,2025-12-10,1765123200,1,0,,False,,,,
SOL,2025-12-10,1765225800,1,0,,False,,,,
SOL,2025-12-10,1765318500,1,0,,False,,,,
SOL,2025-12-11,1765318500,1,0,,False,,,,
SOL,2025-12-11,1765421100,1,1,0.4338877422508499,True,0.4338877422508499,0.4338877422508499,0.43299999999999994,1.0
SOL,2025-12-12,1765326600,1,0,,False,,,,
SOL,2025-12-12,1765439100,1,0,,False,,,,
SOL,2025-12-12,1765526400,1,1,0.5856156456751245,True,0.5856156456751245,0.5856156456751245,-0.25,0.0
SOL,2025-12-13,1765393200,1,0,,False,,,,
SOL,2025-12-13,1765479600,1,0,,False,,,,
SOL,2025-12-13,1765568700,1,1,0.17457631990340022,True,0.17457631990340022,0.17457631990340022,0.41900000000000004,1.0
SOL,2025-12-15,1765393200,1,0,,False,,,,
SOL,2025-12-15,1765497600,1,0,,False,,,,
SOL,2025-12-15,1765584000,1,1,0.07867793697290855,True,0.07867793697290855,0.07867793697290855,-0.09999999999999999,0.0
SOL,2025-12-15,1765715400,1,0,,False,,,,
SOL,2025-12-15,1765804500,1,1,-0.4108794181657394,True,-0.4108794181657394,-0.4108794181657394,-0.88,0.0
SOL,2025-12-16,1765717200,1,1,-0.38321302894218545,True,-0.38321302894218545,-0.38321302894218545,-0.56,0.0
SOL,2025-12-16,1765809900,1,1,-0.36270942069653384,True,-0.36270942069653384,-0.36270942069653384,-0.66,0.0
SOL,2025-12-17,1765389600,1,0,,False,,,,
SOL,2025-12-17,1765722600,1,1,-0.25473780870464463,True,-0.25473780870464463,-0.25473780870464463,-0.56,0.0
SOL,2025-12-17,1765880100,1,0,,False,,,,
SOL,2025-12-17,1765968300,1,0,,False,,,,
SOL,2025-12-18,1765810800,2,1,-0.2907309572301842,True,-0.2907309572301842,-0.2907309572301842,-0.47000000000000003,0.0
SOL,2025-12-18,1765902600,1,0,,False,,,,
SOL,2025-12-18,1765989000,1,1,0.14493125471313442,True,0.14493125471313442,0.14493125471313442,0.19899999999999995,1.0
SOL,2025-12-19,1765942200,1,1,-0.2669196750686691,True,-0.2669196750686691,-0.2669196750686691,-0.44,0.0
SOL,2025-12-19,1766028600,1,1,0.234021767181262,True,0.234021767181262,0.234021767181262,0.33999999999999997,1.0
SOL,2025-12-19,1766125800,1,0,,False,,,,
SOL,2025-12-20,1765944900,1,0,,False,,,,
SOL,2025-12-20,1766031300,1,0,,False,,,,
SOL,2025-12-20,1766124000,1,0,,False,,,,
SOL,2025-12-21,1765986300,1,1,-0.27615488735377264,True,-0.27615488735377264,-0.27615488735377264,-0.42,0.0
SOL,2025-12-21,1766072700,1,1,-0.2593416655325157,True,-0.2593416655325157,-0.2593416655325157,-0.38,0.0
SOL,2025-12-21,1766166300,1,0,,False,,,,
SOL,2025-12-22,1765961100,1,0,,False,,,,
SOL,2025-12-22,1766078100,1,0,,False,,,,
SOL,2025-12-22,1766198700,1,0,,False,,,,
SOL,2025-12-23,1765996200,1,0,,False,,,,
SOL,2025-12-23,1766086200,1,0,,False,,,,
SOL,2025-12-23,1766373300,1,0,,False,,,,
SOL,2025-12-23,1766474100,1,0,,False,,,,
SOL,2025-12-24,1766131200,1,0,,False,,,,
SOL,2025-12-24,1766501100,1,0,,False,,,,
SOL,2025-12-25,1766131200,1,0,,False,,,,
SOL,2025-12-25,1766454300,1,0,,False,,,,
SOL,2025-12-28,1766808900,1,0,,False,,,,
SOL,2025-12-29,1766808900,1,0,,False,,,,
SOL,2025-12-29,1767000600,1,1,0.2834221487406843,True,0.2834221487406843,0.2834221487406843,-0.14,0.0
SOL,2025-12-30,1766808900,2,0,,False,,,,
SOL,2025-12-30,1766969100,1,0,,False,,,,
SOL,2025-12-30,1767069000,1,0,,False,,,,
SOL,2025-12-31,1766809800,1,0,,False,,,,
SOL,2025-12-31,1766969100,1,0,,False,,,,
SOL,2025-12-31,1767068100,1,0,,False,,,,
SOL,2026-01-02,1767133800,1,0,,False,,,,
SOL,2026-01-02,1767239100,1,1,0.5955867219169093,True,0.5955867219169093,0.5955867219169093,0.89,1.0
SOL,2026-01-02,1767346200,1,0,,False,,,,
SOL,2026-01-03,1767234600,1,1,0.5395903052353832,True,0.5395903052353832,0.5395903052353832,0.86,1.0
SOL,2026-01-03,1767321000,1,0,,False,,,,
SOL,2026-01-03,1767425400,1,1,0.2729112358659934,True,0.2729112358659934,0.2729112358659934,0.56,1.0
SOL,2026-01-04,1767239100,1,1,0.3474247422946391,True,0.3474247422946391,0.3474247422946391,0.8,1.0
SOL,2026-01-04,1767329100,1,0,,False,,,,
SOL,2026-01-04,1767488400,1,0,,False,,,,
SOL,2026-01-05,1767158100,1,0,,False,,,,
SOL,2026-01-05,1767368700,1,0,,False,,,,
SOL,2026-01-05,1767483000,1,0,,False,,,,
SOL,2026-01-05,1767587400,1,0,,False,,,,
SOL,2026-01-06,1767348900,1,1,-0.27345798532069654,True,-0.27345798532069654,-0.27345798532069654,-0.068,0.0
SOL,2026-01-06,1767447900,1,0,,False,,,,
SOL,2026-01-06,1767604500,1,0,,False,,,,
SOL,2026-01-06,1767699000,1,1,-0.23717525304800824,True,-0.23717525304800824,-0.23717525304800824,-0.281,0.0
SOL,2026-01-07,1767384000,1,1,0.28985246371703033,True,0.28985246371703033,0.28985246371703033,0.47,1.0
SOL,2026-01-07,1767481200,1,0,,False,,,,
SOL,2026-01-07,1767610800,1,1,0.2169268721692643,True,0.2169268721692643,0.2169268721692643,0.20999999999999996,1.0
SOL,2026-01-07,1767697200,1,0,,False,,,,
SOL,2026-01-08,1767393900,1,0,,False,,,,
SOL,2026-01-08,1767742200,1,1,0.007824224033442191,True,0.007824224033442191,0.007824224033442191,-0.055,0.0
SOL,2026-01-08,1767883500,1,0,,False,,,,
SOL,2026-01-09,1767846600,1,0,,False,,,,
SOL,2026-01-10,1767831300,1,0,,False,,,,
SOL,2026-01-10,1767917700,1,1,-0.219341473957884,True,-0.219341473957884,-0.219341473957884,-0.36,0.0
SOL,2026-01-11,1767888900,1,0,,False,,,,
SOL,2026-01-11,1768145400,1,1,0.6696093239436125,True,0.6696093239436125,0.6696093239436125,0.93,1.0
SOL,2026-01-12,1767745800,1,0,,False,,,,
SOL,2026-01-12,1767832200,1,0,,False,,,,
SOL,2026-01-12,1768144500,1,1,0.29787576834625573,True,0.29787576834625573,0.29787576834625573,0.7,1.0
SOL,2026-01-13,1767798000,1,0,,False,,,,
SOL,2026-01-13,1768144500,1,0,,False,,,,
SOL,2026-01-13,1768230900,1,0,,False,,,,
SOL,2026-01-14,1767888900,1,0,,False,,,,
SOL,2026-01-14,1768140000,1,0,,False,,,,
SOL,2026-01-14,1768325400,1,0,,False,,,,
SOL,2026-01-15,1768143600,1,0,,False,,,,
SOL,2026-01-15,1768230000,2,0,,False,,,,
SOL,2026-01-15,1768342500,2,1,,False,0.26056204915911313,0.26056204915911313,0.15000000000000002,1.0
SOL,2026-01-16,1768342500,1,0,,False,,,,
SOL,2026-01-17,1768543200,1,0,,False,,,,
SOL,2026-01-18,1768417200,1,0,,False,,,,
SOL,2026-01-18,1768659300,1,1,0.036928224691777006,True,0.036928224691777006,0.036928224691777006,-0.027999999999999997,0.0
SOL,2026-01-19,1768658400,1,0,,False,,,,
SOL,2026-01-19,1768781700,1,0,,False,,,,
SOL,2026-01-20,1768400100,1,0,,False,,,,
SOL,2026-01-20,1768671000,1,0,,False,,,,
SOL,2026-01-20,1768781700,1,0,,False,,,,
SOL,2026-01-21,1768781700,1,1,-0.25672631186081973,True,-0.25672631186081973,-0.25672631186081973,-0.685,0.0
SOL,2026-01-22,1768781700,2,0,,False,,,,
SOL,2026-01-24,1769154300,1,1,-0.19316984418844585,True,-0.19316984418844585,-0.19316984418844585,-0.28,0.0
SOL,2026-01-25,1769159700,1,0,,False,,,,
SOL,2026-01-26,1769179500,1,0,,False,,,,
SOL,2026-01-27,1769188500,1,0,,False,,,,
SOL,2026-01-29,1769660100,1,0,,False,,,,
SOL,2026-01-30,1769662800,1,0,,False,,,,
SOL,2026-01-31,1769686200,1,0,,False,,,,
SOL,2026-01-31,1769829300,1,1,1.2799953714311263,True,1.2799953714311263,1.2799953714311263,-0.18000000000000002,0.0
SOL,2026-02-01,1769724900,1,1,0.5885175454826963,True,0.5885175454826963,0.5885175454826963,-0.32,0.0
SOL,2026-02-01,1769829300,1,0,,False,,,,
SOL,2026-02-02,1769670900,1,0,,False,,,,
SOL,2026-02-02,1769838300,1,1,0.5018447027531323,True,0.5018447027531323,0.5018447027531323,-0.36,0.0
SOL,2026-02-02,1770003000,1,1,-0.05463054583966326,True,-0.05463054583966326,-0.05463054583966326,0.138,1.0
SOL,2026-02-03,1769726700,1,0,,False,,,,
SOL,2026-02-03,1769838300,1,0,,False,,,,
SOL,2026-02-03,1770004800,1,1,0.5149977956577052,True,0.5149977956577052,0.5149977956577052,0.558,1.0
SOL,2026-02-03,1770121800,1,1,0.23972937256640822,True,0.23972937256640822,0.23972937256640822,0.10199999999999998,1.0
SOL,2026-02-04,1769662800,2,0,,False,,,,
SOL,2026-02-04,1769838300,1,0,,False,,,,
SOL,2026-02-04,1770004800,1,0,,False,,,,
SOL,2026-02-04,1770129900,1,1,0.12512245045185044,True,0.12512245045185044,0.12512245045185044,-0.619,0.0
SOL,2026-02-04,1770216300,1,1,0.07902092571023603,True,0.07902092571023603,0.07902092571023603,0.05399999999999994,1.0
SOL,2026-02-05,1769855400,1,0,,False,,,,
SOL,2026-02-05,1770003900,1,0,,False,,,,
SOL,2026-02-05,1770102900,1,1,0.5665941157412251,True,0.5665941157412251,0.5665941157412251,-0.19,0.0
SOL,2026-02-05,1770192000,1,1,0.5987149467852557,True,0.5987149467852557,0.5987149467852557,-0.302,0.0
SOL,2026-02-05,1770278400,1,1,0.0716603067776479,True,0.0716603067776479,0.0716603067776479,-0.532,0.0
SOL,2026-02-06,1770153300,1,1,-0.5959510136264792,True,-0.5959510136264792,-0.5959510136264792,-0.888,0.0
SOL,2026-02-06,1770239700,1,1,-0.29700286680451804,True,-0.29700286680451804,-0.29700286680451804,-0.639,0.0
SOL,2026-02-06,1770326100,2,2,0.16447051598162987,True,0.09724390958653081,0.06394384364547222,0.4757797308122983,1.0
SOL,2026-02-07,1770148800,1,0,,False,,,,
SOL,2026-02-07,1770239700,1,1,-0.33683922795692256,True,-0.33683922795692256,-0.33683922795692256,-0.61,0.0
SOL,2026-02-07,1770326100,2,1,,False,0.19442736038503222,0.19442736038503222,0.583,1.0
SOL,2026-02-07,1770431400,1,0,,False,,,,
SOL,2026-02-08,1770148800,1,1,0.10585270696959775,True,0.10585270696959775,0.10585270696959775,-0.43,0.0
SOL,2026-02-08,1770238800,1,1,-0.34270096220912355,True,-0.34270096220912355,-0.34270096220912355,-0.63,0.0
SOL,2026-02-08,1770325200,2,2,0.013756450157887595,True,0.1144944919704552,0.12027075217840581,0.38887419231537823,1.0
SOL,2026-02-08,1770450300,2,1,-0.17846593255959153,True,-0.17846593255959153,-0.17846593255959153,-0.15000000000000002,0.0
SOL,2026-02-09,1770148800,1,0,,False,,,,
SOL,2026-02-09,1770235200,1,1,-0.36378393812116316,True,-0.36378393812116316,-0.36378393812116316,-0.66,0.0
SOL,2026-02-09,1770321600,1,1,0.2859285870839148,True,0.2859285870839148,0.2859285870839148,0.484,1.0
SOL,2026-02-09,1770450300,1,1,0.25569139655054696,True,0.25569139655054696,0.25569139655054696,0.271,1.0
SOL,2026-02-09,1770633900,1,0,,False,,,,
SOL,2026-02-10,1770149700,1,0,,False,,,,
SOL,2026-02-10,1770238800,1,1,-0.26793959105115717,True,-0.26793959105115717,-0.26793959105115717,-0.6,0.0
SOL,2026-02-10,1770325200,2,2,0.10337748088798548,True,0.23131548476876826,0.23853156108049467,0.4083967527329038,1.0
SOL,2026-02-10,1770450300,1,1,0.3728062994978094,True,0.3728062994978094,0.3728062994978094,0.31499999999999995,1.0
SOL,2026-02-10,1770626700,1,1,0.2676053496966708,True,0.2676053496966708,0.2676053496966708,0.257,1.0
SOL,2026-02-10,1770713100,1,1,0.11817875930549201,True,0.11817875930549201,0.11817875930549201,0.10699999999999998,1.0
SOL,2026-02-11,1770311700,2,2,-0.40956210763462886,True,-0.15739787888951803,-0.08431375468054367,-0.30313993202953393,0.38764874050062975
SOL,2026-02-11,1770451200,3,1,,False,0.21689276190498177,0.21689276190498177,0.12,1.0
SOL,2026-02-11,1770626700,1,1,-0.46120442370402337,True,-0.46120442370402337,-0.46120442370402337,-0.71,0.0
SOL,2026-02-11,1770715800,1,1,-0.4802476015178595,True,-0.4802476015178595,-0.4802476015178595,-0.78,0.0
SOL,2026-02-12,1770311700,3,0,,False,,,,
SOL,2026-02-12,1770450300,1,0,,False,,,,
SOL,2026-02-12,1770623100,1,1,0.04849861556258154,True,0.04849861556258154,0.04849861556258154,0.04300000000000004,1.0
SOL,2026-02-12,1770713100,1,1,-0.43544130609015913,True,-0.43544130609015913,-0.43544130609015913,-0.72,0.0
SOL,2026-02-12,1770903900,1,1,-0.27365442942648643,True,-0.27365442942648643,-0.27365442942648643,-0.8,0.0
SOL,2026-02-13,1770885000,2,0,,False,,,,
SOL,2026-02-13,1770973200,1,1,-0.1742131358630583,True,-0.1742131358630583,-0.1742131358630583,0.5700000000000001,1.0
SOL,2026-02-14,1770885000,1,0,,False,,,,
SOL,2026-02-14,1770972300,1,1,-0.19289973349009693,True,-0.19289973349009693,-0.19289973349009693,0.5700000000000001,1.0
SOL,2026-02-15,1770885000,1,0,,False,,,,
SOL,2026-02-15,1770972300,1,1,0.007706779578727674,True,0.007706779578727674,0.007706779578727674,0.56,1.0
SOL,2026-02-16,1770885000,1,0,,False,,,,
SOL,2026-02-16,1770972300,1,0,,False,,,,
SOL,2026-02-16,1771248600,1,1,0.050885005036891605,True,0.050885005036891605,0.050885005036891605,0.049000000000000044,1.0
SOL,2026-02-17,1770885000,1,0,,False,,,,
SOL,2026-02-17,1770972300,1,0,,False,,,,
SOL,2026-02-17,1771252200,1,0,,False,,,,
SOL,2026-02-17,1771340400,1,1,0.04051117766946779,True,0.04051117766946779,0.04051117766946779,0.050000000000000044,1.0
SOL,2026-02-18,1770885000,1,0,,False,,,,
SOL,2026-02-18,1770972300,1,0,,False,,,,
SOL,2026-02-18,1771251300,1,1,0.33471741474107497,True,0.33471741474107497,0.33471741474107497,0.24,1.0
SOL,2026-02-18,1771339500,1,0,,False,,,,
SOL,2026-02-18,1771426800,1,0,,False,,,,
SOL,2026-02-19,1770916500,5,0,,False,,,,
SOL,2026-02-19,1771245900,1,0,,False,,,,
SOL,2026-02-19,1771338600,1,1,0.40852668890613064,True,0.40852668890613064,0.40852668890613064,0.21999999999999997,1.0
SOL,2026-02-19,1771434000,1,0,,False,,,,
SOL,2026-02-20,1771402500,1,0,,False,,,,
SOL,2026-02-20,1771574400,1,0,,False,,,,
SOL,2026-02-21,1771401600,1,0,,False,,,,
SOL,2026-02-21,1771568100,1,0,,False,,,,
SOL,2026-02-22,1771358400,1,0,,False,,,,
SOL,2026-02-22,1771445700,1,0,,False,,,,
SOL,2026-02-22,1771567200,1,0,,False,,,,
SOL,2026-02-22,1771660800,1,0,,False,,,,
SOL,2026-02-23,1771358400,1,0,,False,,,,
SOL,2026-02-23,1771567200,1,0,,False,,,,
SOL,2026-02-23,1771660800,1,0,,False,,,,
SOL,2026-02-24,1771402500,1,0,,False,,,,
SOL,2026-02-24,1771569000,1,0,,False,,,,
SOL,2026-02-24,1771660800,1,0,,False,,,,
SOL,2026-02-25,1771434900,1,1,-0.3028866038129818,True,-0.3028866038129818,-0.3028866038129818,-0.15000000000000002,0.0
SOL,2026-02-25,1771569000,1,0,,False,,,,
SOL,2026-02-25,1771666200,1,0,,False,,,,
SOL,2026-02-25,1771985700,1,1,-0.21313872293943797,True,-0.21313872293943797,-0.21313872293943797,0.20999999999999996,1.0
SOL,2026-02-26,1771569000,1,0,,False,,,,
SOL,2026-02-26,1771673400,1,0,,False,,,,
SOL,2026-02-26,1771985700,1,1,0.14871107315594187,True,0.14871107315594187,0.14871107315594187,0.30000000000000004,1.0
SOL,2026-02-26,1772077500,1,1,0.10025256837954569,True,0.10025256837954569,0.10025256837954569,-0.23700000000000002,0.0
SOL,2026-02-27,1772019900,1,0,,False,,,,
SOL,2026-02-27,1772183700,1,1,0.5860572462683524,True,0.5860572462683524,0.5860572462683524,-0.094,0.0
SOL,2026-02-28,1771993800,1,0,,False,,,,
SOL,2026-02-28,1772166600,1,1,0.23735276394022786,True,0.23735276394022786,0.23735276394022786,-0.28300000000000003,0.0
SOL,2026-03-01,1771985700,1,1,-0.15235076807602188,True,-0.15235076807602188,-0.15235076807602188,-0.11,0.0
SOL,2026-03-01,1772077500,1,0,,False,,,,
SOL,2026-03-01,1772165700,1,1,-0.05015237596984995,True,-0.05015237596984995,-0.05015237596984995,-0.306,0.0
SOL,2026-03-01,1772343000,1,1,0.28492803093051106,True,0.28492803093051106,0.28492803093051106,-0.132,0.0
SOL,2026-03-03,1771988400,1,0,,False,,,,
SOL,2026-03-03,1772180100,1,1,-0.18770840727713392,True,-0.18770840727713392,-0.18770840727713392,-0.32,0.0
SOL,2026-03-03,1772335800,1,1,-0.1426622124092166,True,-0.1426622124092166,-0.1426622124092166,-0.33,0.0
SOL,2026-03-03,1772439300,1,1,0.13818451391347245,True,0.13818451391347245,0.13818451391347245,0.27,1.0
SOL,2026-03-03,1772540100,1,1,0.044530722929816434,True,0.044530722929816434,0.044530722929816434,0.04600000000000004,1.0
SOL,2026-03-04,1772050500,1,0,,False,,,,
SOL,2026-03-04,1772166600,1,1,0.49350797264091006,True,0.49350797264091006,0.49350797264091006,0.64,1.0
SOL,2026-03-04,1772352000,1,0,,False,,,,
SOL,2026-03-04,1772438400,1,0,,False,,,,
SOL,2026-03-04,1772524800,2,2,0.5605959005869883,True,0.24373637847974283,0.22830036997372496,0.5319552178276322,1.0
SOL,2026-03-04,1772619300,1,1,0.2583349154791549,True,0.2583349154791549,0.2583349154791549,0.42000000000000004,1.0
SOL,2026-03-05,1772166600,2,0,,False,,,,
SOL,2026-03-05,1772333100,1,0,,False,,,,
SOL,2026-03-05,1772438400,1,0,,False,,,,
SOL,2026-03-05,1772524800,1,0,,False,,,,
SOL,2026-03-05,1772611200,1,0,,False,,,,
SOL,2026-03-06,1772568900,1,0,,False,,,,
SOL,2026-03-06,1772657100,1,1,-0.18489164357741894,True,-0.18489164357741894,-0.18489164357741894,-0.72,0.0
SOL,2026-03-07,1772569800,1,0,,False,,,,
SOL,2026-03-07,1772777700,1,1,0.06622256105290864,True,0.06622256105290864,0.06622256105290864,-0.26,0.0
SOL,2026-03-08,1772771400,1,0,,False,,,,
SOL,2026-03-08,1772972100,1,0,,False,,,,
SOL,2026-03-09,1772603100,1,0,,False,,,,
SOL,2026-03-09,1772771400,1,0,,False,,,,
SOL,2026-03-09,1772973000,1,1,0.07332291222916598,True,0.07332291222916598,0.07332291222916598,0.26,1.0
SOL,2026-03-09,1773059400,1,0,,False,,,,
SOL,2026-03-10,1772788500,1,0,,False,,,,
SOL,2026-03-10,1772955000,1,0,,False,,,,
SOL,2026-03-10,1773054900,1,0,,False,,,,
SOL,2026-03-11,1772649000,4,0,,False,,,,
SOL,2026-03-11,1772953200,1,0,,False,,,,
SOL,2026-03-11,1773055800,1,0,,False,,,,
SOL,2026-03-12,1772972100,1,0,,False,,,,
SOL,2026-03-12,1773063900,1,0,,False,,,,
SOL,2026-03-13,1773288000,1,0,,False,,,,
SOL,2026-03-14,1773299700,1,0,,False,,,,
SOL,2026-03-16,1773540900,1,1,0.2886847816351727,True,0.2886847816351727,0.2886847816351727,0.71,1.0
SOL,2026-03-16,1773632700,1,0,,False,,,,
SOL,2026-03-17,1773559800,1,0,,False,,,,
SOL,2026-03-18,1773302400,1,0,,False,,,,
SOL,2026-03-18,1773559800,1,0,,False,,,,
SOL,2026-03-19,1773559800,1,0,,False,,,,
SOL,2026-03-20,1773996300,1,1,-0.3316364643776701,True,-0.3316364643776701,-0.3316364643776701,-0.46,0.0
SOL,2026-03-21,1773978300,1,0,,False,,,,
SOL,2026-03-22,1773996300,1,0,,False,,,,
SOL,2026-03-23,1773979200,1,0,,False,,,,
SOL,2026-03-23,1774264500,1,1,0.564728257521473,True,0.564728257521473,0.564728257521473,0.40800000000000003,1.0
SOL,2026-03-24,1773997200,1,0,,False,,,,
SOL,2026-03-24,1774272600,1,1,-0.4293636111696228,True,-0.4293636111696228,-0.4293636111696228,-0.47000000000000003,0.0
SOL,2026-03-25,1774277100,1,1,0.4090853051209934,True,0.4090853051209934,0.4090853051209934,0.42999999999999994,1.0
SOL,2026-03-25,1774436400,1,0,,False,,,,
SOL,2026-03-26,1774238400,1,0,,False,,,,
SOL,2026-03-26,1774407600,1,0,,False,,,,
SOL,2026-03-26,1774503900,1,1,-0.0034915071574825873,True,-0.0034915071574825873,-0.0034915071574825873,-0.38,0.0
SOL,2026-03-27,1774447200,1,1,-0.059733607091693064,True,-0.059733607091693064,-0.059733607091693064,-0.66,0.0
SOL,2026-03-27,1774540800,1,1,0.2084354267801554,True,0.2084354267801554,0.2084354267801554,-0.16,0.0
SOL,2026-03-28,1774540800,1,0,,False,,,,
SOL,2026-03-28,1774644300,1,0,,False,,,,
SOL,2026-03-29,1774455300,1,0,,False,,,,
SOL,2026-03-29,1774541700,1,1,0.06801806658481052,True,0.06801806658481052,0.06801806658481052,-0.3,0.0
SOL,2026-03-29,1774628100,1,1,0.37812098975783726,True,0.37812098975783726,0.37812098975783726,0.29700000000000004,1.0
SOL,2026-03-30,1774539900,1,0,,False,,,,
SOL,2026-03-30,1774628100,1,1,0.21919788558897568,True,0.21919788558897568,0.21919788558897568,0.30999999999999994,1.0
SOL,2026-03-31,1774454400,1,0,,False,,,,
SOL,2026-03-31,1774944900,1,1,0.1583474336115741,True,0.1583474336115741,0.1583474336115741,0.06999999999999995,1.0
SOL,2026-04-01,1774543500,1,1,-0.1762044276954455,True,-0.1762044276954455,-0.1762044276954455,-0.35000000000000003,0.0
SOL,2026-04-01,1774638000,1,0,,False,,,,
SOL,2026-04-01,1774946700,1,1,0.15686379726628952,True,0.15686379726628952,0.15686379726628952,0.262,1.0
SOL,2026-04-02,1774556100,1,1,0.007022535839144861,True,0.007022535839144861,0.007022535839144861,-0.3,0.0
SOL,2026-04-02,1774939500,1,0,,False,,,,
SOL,2026-04-02,1775048400,1,1,-0.49877355099269705,True,-0.49877355099269705,-0.49877355099269705,-0.8200000000000001,0.0
SOL,2026-04-03,1774988100,1,0,,False,,,,
SOL,2026-04-03,1775076300,1,1,0.459601624491642,True,0.459601624491642,0.459601624491642,0.27,1.0
SOL,2026-04-03,1775162700,1,1,0.4593007465992024,True,0.4593007465992024,0.4593007465992024,0.63,1.0
SOL,2026-04-04,1774988100,1,0,,False,,,,
SOL,2026-04-04,1775081700,1,1,0.43700727960681207,True,0.43700727960681207,0.43700727960681207,0.42000000000000004,1.0
SOL,2026-04-04,1775169900,1,0,,False,,,,
SOL,2026-04-05,1774988100,1,0,,False,,,,
SOL,2026-04-05,1775077200,1,0,,False,,,,
SOL,2026-04-05,1775165400,1,0,,False,,,,
SOL,2026-04-06,1774988100,1,0,,False,,,,
SOL,2026-04-06,1775081700,1,0,,False,,,,
SOL,2026-04-06,1775174400,1,0,,False,,,,
SOL,2026-04-06,1775444400,1,1,0.13000206627240568,True,0.13000206627240568,0.13000206627240568,0.10999999999999999,1.0
SOL,2026-04-07,1775165400,1,1,-0.4041137366269065,True,-0.4041137366269065,-0.4041137366269065,-0.41000000000000003,0.0
SOL,2026-04-07,1775252700,1,1,-0.38686099979166133,True,-0.38686099979166133,-0.38686099979166133,-0.54,0.0
SOL,2026-04-07,1775502000,1,1,-0.40922179518181306,True,-0.40922179518181306,-0.40922179518181306,-0.78,0.0
SOL,2026-04-08,1775061900,1,0,,False,,,,
SOL,2026-04-08,1775149200,1,0,,False,,,,
SOL,2026-04-08,1775236500,1,0,,False,,,,
SOL,2026-04-08,1775604600,1,0,,False,,,,
SOL,2026-04-09,1775250900,1,0,,False,,,,
SOL,2026-04-09,1775592900,1,0,,False,,,,
SOL,2026-04-10,1775592900,1,0,,False,,,,
SOL,2026-04-10,1775691000,1,1,0.1027100075948747,True,0.1027100075948747,0.1027100075948747,0.27,1.0
SOL,2026-04-10,1775796300,1,0,,False,,,,
SOL,2026-04-11,1775592900,1,0,,False,,,,
SOL,2026-04-11,1775808000,1,0,,False,,,,
SOL,2026-04-12,1775600100,1,0,,False,,,,
SOL,2026-04-12,1775833200,1,0,,False,,,,
SOL,2026-04-13,1775592900,1,0,,False,,,,
SOL,2026-04-13,1775808000,1,0,,False,,,,
SOL,2026-04-14,1775592000,1,0,,False,,,,
SOL,2026-04-14,1775808000,1,0,,False,,,,
SOL,2026-04-14,1776071700,1,0,,False,,,,
SOL,2026-04-15,1775836800,1,0,,False,,,,
SOL,2026-04-15,1776069900,1,0,,False,,,,
SOL,2026-04-16,1775836800,1,0,,False,,,,
SOL,2026-04-16,1776069900,1,0,,False,,,,
SOL,2026-04-17,1776230100,1,1,-0.24125472901740053,True,-0.24125472901740053,-0.24125472901740053,0.18999999999999995,1.0
SOL,2026-04-17,1776336300,2,0,,False,,,,
SOL,2026-04-17,1776432600,1,1,-0.3385530948969835,True,-0.3385530948969835,-0.3385530948969835,-0.196,0.0
SOL,2026-04-18,1776336300,2,2,0.008318152778589757,True,-0.06152759939966151,-0.07278849067498061,-0.00028116125008210285,0.5694202767851281
SOL,2026-04-18,1776426300,1,1,-0.04014356157022825,True,-0.04014356157022825,-0.04014356157022825,-0.19,0.0
SOL,2026-04-19,1776231900,1,1,0.05860602209811874,True,0.05860602209811874,0.05860602209811874,0.27,1.0
SOL,2026-04-19,1776336300,1,1,0.03743711027266646,True,0.03743711027266646,0.03743711027266646,0.07999999999999996,1.0
SOL,2026-04-19,1776441600,1,0,,False,,,,
SOL,2026-04-19,1776528900,1,1,-0.005774043735513511,True,-0.005774043735513511,-0.005774043735513511,-0.05,0.0
SOL,2026-04-20,1776236400,1,0,,False,,,,
SOL,2026-04-20,1776336300,1,1,0.10809754095295276,True,0.10809754095295276,0.10809754095295276,0.13,1.0
SOL,2026-04-20,1776429900,1,0,,False,,,,
SOL,2026-04-20,1776537000,1,1,-0.03427178989822238,True,-0.03427178989822238,-0.03427178989822238,-0.08,0.0
SOL,2026-04-21,1776267000,1,0,,False,,,,
SOL,2026-04-21,1776393000,1,0,,False,,,,
SOL,2026-04-21,1776503700,1,0,,False,,,,
SOL,2026-04-21,1776668400,1,0,,False,,,,
SOL,2026-04-22,1776394800,1,0,,False,,,,
SOL,2026-04-22,1776663000,1,0,,False,,,,
SOL,2026-04-22,1776865500,1,1,0.11030172931023262,True,0.11030172931023262,0.11030172931023262,-0.049,0.0
SOL,2026-04-23,1776393000,1,1,-0.2552379552172628,True,-0.2552379552172628,-0.2552379552172628,-0.33,0.0
SOL,2026-04-23,1776663900,1,0,,False,,,,
SOL,2026-04-23,1776828600,1,1,-0.06671284293441113,True,-0.06671284293441113,-0.06671284293441113,-0.16,0.0
SOL,2026-04-24,1776861000,1,0,,False,,,,
SOL,2026-04-25,1776849300,1,0,,False,,,,
SOL,2026-04-25,1777029300,1,1,-0.030949615412615927,True,-0.030949615412615927,-0.030949615412615927,-0.02,0.0
SOL,2026-04-26,1776856500,1,0,,False,,,,
SOL,2026-04-26,1777010400,1,0,,False,,,,
SOL,2026-04-27,1777009500,1,0,,False,,,,
SOL,2026-04-28,1776871800,1,0,,False,,,,
SOL,2026-04-28,1777266900,1,0,,False,,,,
SOL,2026-04-29,1777006800,1,0,,False,,,,
SOL,2026-04-29,1777276800,1,0,,False,,,,
SOL,2026-04-30,1777278600,1,0,,False,,,,
SOL,2026-04-30,1777457700,1,0,,False,,,,
SOL,2026-05-01,1777446900,1,0,,False,,,,
SOL,2026-05-02,1777444200,1,0,,False,,,,
SOL,2026-05-03,1777446900,1,0,,False,,,,
SOL,2026-05-03,1777607100,1,1,0.1271710672665016,True,0.1271710672665016,0.1271710672665016,0.14,1.0
SOL,2026-05-04,1777607100,1,1,0.14590072943232593,True,0.14590072943232593,0.14590072943232593,0.17999999999999994,1.0
SOL,2026-05-05,1777457700,1,0,,False,,,,
SOL,2026-05-05,1777607100,1,0,,False,,,,
SOL,2026-05-05,1777889700,1,0,,False,,,,
SOL,2026-05-06,1777607100,1,0,,False,,,,
SOL,2026-05-06,1777868100,1,0,,False,,,,
SOL,2026-05-06,1778058000,1,1,-0.11530588289911094,True,-0.11530588289911094,-0.11530588289911094,-0.13,0.0
SOL,2026-05-07,1777607100,1,0,,False,,,,
SOL,2026-05-07,1777868100,1,0,,False,,,,
SOL,2026-05-07,1777959900,1,0,,False,,,,
SOL,2026-05-07,1778055300,1,0,,False,,,,
SOL,2026-05-07,1778141700,1,1,0.07143961109380242,True,0.07143961109380242,0.07143961109380242,-0.47000000000000003,0.0
SOL,2026-05-08,1778012100,1,0,,False,,,,
SOL,2026-05-08,1778114700,1,1,-0.37803772701468186,True,-0.37803772701468186,-0.37803772701468186,-0.22,0.0
SOL,2026-05-09,1778012100,1,0,,False,,,,
SOL,2026-05-09,1778098500,1,0,,False,,,,
SOL,2026-05-09,1778185800,1,0,,False,,,,
SOL,2026-05-10,1778012100,1,0,,False,,,,
SOL,2026-05-10,1778099400,1,0,,False,,,,
SOL,2026-05-10,1778185800,1,0,,False,,,,
SOL,2026-05-10,1778281200,1,0,,False,,,,
SOL,2026-05-11,1778061600,2,0,,False,,,,
SOL,2026-05-11,1778148000,1,0,,False,,,,
SOL,2026-05-11,1778234400,1,0,,False,,,,
SOL,2026-05-12,1778114700,1,0,,False,,,,
SOL,2026-05-12,1778205600,1,0,,False,,,,
SOL,2026-05-12,1778470200,1,0,,False,,,,
SOL,2026-05-13,1778471100,1,0,,False,,,,
SOL,2026-05-14,1778281200,1,0,,False,,,,
SOL,2026-05-14,1778508000,1,0,,False,,,,
SOL,2026-05-14,1778661900,1,0,,False,,,,
SOL,2026-05-14,1778760900,1,0,,False,,,,
SOL,2026-05-15,1778680800,1,0,,False,,,,
SOL,2026-05-15,1778769000,1,0,,False,,,,
XRP,2025-11-15,1763149500,1,1,0.013931139221077957,True,0.013931139221077957,0.013931139221077957,-0.09,0.0
XRP,2025-11-20,1763113500,1,0,,False,,,,
XRP,2025-11-20,1763366400,1,0,,False,,,,
XRP,2025-11-20,1763586000,1,0,,False,,,,
XRP,2025-11-21,1763601300,1,0,,False,,,,
XRP,2025-11-22,1763658900,1,0,,False,,,,
XRP,2025-11-23,1763563500,1,1,-0.04866234475277366,True,-0.04866234475277366,-0.04866234475277366,-0.14,0.0
XRP,2025-11-23,1763664300,1,0,,False,,,,
XRP,2025-11-24,1763502300,1,0,,False,,,,
XRP,2025-11-24,1763667000,1,0,,False,,,,
XRP,2025-11-25,1763499600,1,0,,False,,,,
XRP,2025-11-27,1764219600,1,0,,False,,,,
XRP,2025-11-28,1764234000,1,1,-0.11962213245943074,True,-0.11962213245943074,-0.11962213245943074,-0.14,0.0
XRP,2025-12-04,1764842400,2,2,0.14169139580774726,True,0.160634122621446,0.19760907658765886,-0.024430099966647554,0.16938047634929737
XRP,2025-12-05,1764848700,1,0,,False,,,,
XRP,2025-12-06,1764848700,3,0,,False,,,,
XRP,2025-12-07,1765080000,1,1,-0.11961539087851855,True,-0.11961539087851855,-0.11961539087851855,-0.19,0.0
XRP,2025-12-08,1764854100,1,1,0.011841291207845654,True,0.011841291207845654,0.011841291207845654,-0.05,0.0
XRP,2025-12-08,1765087200,1,0,,False,,,,
XRP,2025-12-08,1765193400,1,1,-0.19968780435023978,True,-0.19968780435023978,-0.19968780435023978,-0.38,0.0
XRP,2025-12-09,1765091700,1,0,,False,,,,
XRP,2025-12-09,1765293300,1,0,,False,,,,
XRP,2025-12-10,1765292400,1,0,,False,,,,
XRP,2025-12-10,1765379700,1,1,-0.03190756954670272,True,-0.03190756954670272,-0.03190756954670272,-0.08,0.0
XRP,2025-12-11,1765363500,1,0,,False,,,,
XRP,2025-12-11,1765467000,1,1,-0.21421572681452353,True,-0.21421572681452353,-0.21421572681452353,-0.42,0.0
XRP,2025-12-12,1765341900,1,0,,False,,,,
XRP,2025-12-12,1765465200,1,0,,False,,,,
XRP,2025-12-12,1765552500,1,1,-0.6961065620287545,True,-0.6961065620287545,-0.6961065620287545,-0.91,0.0
XRP,2025-12-13,1765375200,1,0,,False,,,,
XRP,2025-12-13,1765467000,1,1,-0.20117745522389316,True,-0.20117745522389316,-0.20117745522389316,-0.14,0.0
XRP,2025-12-13,1765553400,1,1,0.37443100225806053,True,0.37443100225806053,0.37443100225806053,0.5,1.0
XRP,2025-12-15,1765368900,1,0,,False,,,,
XRP,2025-12-15,1765465200,1,0,,False,,,,
XRP,2025-12-15,1765564200,1,1,0.0757582130793086,True,0.0757582130793086,0.0757582130793086,-0.16,0.0
XRP,2025-12-15,1765789200,1,1,0.2794965545444079,True,0.2794965545444079,0.2794965545444079,-0.4,0.0
XRP,2025-12-16,1765465200,1,0,,False,,,,
XRP,2025-12-16,1765780200,1,0,,False,,,,
XRP,2025-12-17,1765465200,1,0,,False,,,,
XRP,2025-12-17,1765555200,1,0,,False,,,,
XRP,2025-12-17,1765780200,1,0,,False,,,,
XRP,2025-12-17,1765872900,1,1,-0.46764910045831826,True,-0.46764910045831826,-0.46764910045831826,-0.38,0.0
XRP,2025-12-17,1765986300,1,1,-0.7554378498471392,True,-0.7554378498471392,-0.7554378498471392,-0.862,0.0
XRP,2025-12-18,1765559700,1,0,,False,,,,
XRP,2025-12-18,1765834200,1,0,,False,,,,
XRP,2025-12-18,1765986300,1,1,0.484811393128908,True,0.484811393128908,0.484811393128908,0.36,1.0
XRP,2025-12-19,1766002500,1,0,,False,,,,
XRP,2025-12-19,1766088900,2,2,0.013177557146664798,True,-0.007159605043438366,-0.008931131572286422,0.230977587975054,1.0
XRP,2025-12-20,1766003400,1,0,,False,,,,
XRP,2025-12-20,1766097900,1,0,,False,,,,
XRP,2025-12-21,1766103300,1,0,,False,,,,
XRP,2025-12-21,1766189700,1,1,-0.07367586167384128,True,-0.07367586167384128,-0.07367586167384128,-0.076,0.0
XRP,2025-12-22,1766105100,1,0,,False,,,,
XRP,2025-12-22,1766191500,1,0,,False,,,,
XRP,2025-12-23,1766103300,1,1,-0.18251896047155786,True,-0.18251896047155786,-0.18251896047155786,-0.08,0.0
XRP,2025-12-23,1766435400,2,0,,False,,,,
XRP,2025-12-24,1766434500,1,0,,False,,,,
XRP,2025-12-24,1766530800,1,1,-0.15877138695332327,True,-0.15877138695332327,-0.15877138695332327,-0.29000000000000004,0.0
XRP,2025-12-25,1766434500,1,0,,False,,,,
XRP,2025-12-31,1767121200,1,0,,False,,,,
XRP,2026-01-01,1767227400,1,0,,False,,,,
XRP,2026-01-02,1767361500,1,1,-0.8369480156096261,True,-0.8369480156096261,-0.8369480156096261,0.47,1.0
XRP,2026-01-03,1767361500,1,1,-0.2028127646548159,True,-0.2028127646548159,-0.2028127646548159,0.5,1.0
XRP,2026-01-04,1767346200,1,0,,False,,,,
XRP,2026-01-04,1767485700,1,0,,False,,,,
XRP,2026-01-05,1767346200,1,0,,False,,,,
XRP,2026-01-05,1767485700,1,0,,False,,,,
XRP,2026-01-05,1767575700,2,0,,False,,,,
XRP,2026-01-06,1767346200,1,0,,False,,,,
XRP,2026-01-06,1767485700,1,0,,False,,,,
XRP,2026-01-06,1767616200,1,0,,False,,,,
XRP,2026-01-06,1767704400,1,1,-0.7216870323843706,True,-0.7216870323843706,-0.7216870323843706,-0.924,0.0
XRP,2026-01-07,1767502800,1,0,,False,,,,
XRP,2026-01-07,1767616200,1,0,,False,,,,
XRP,2026-01-07,1767702600,1,1,-0.2575713359540578,True,-0.2575713359540578,-0.2575713359540578,-0.746,0.0
XRP,2026-01-07,1767792600,1,1,0.32062816585822007,True,0.32062816585822007,0.32062816585822007,0.134,1.0
XRP,2026-01-08,1767391200,1,0,,False,,,,
XRP,2026-01-08,1767485700,1,0,,False,,,,
XRP,2026-01-08,1767625200,1,0,,False,,,,
XRP,2026-01-08,1767735900,1,0,,False,,,,
XRP,2026-01-08,1767846600,1,1,-0.10150782547091075,True,-0.10150782547091075,-0.10150782547091075,-0.249,0.0
XRP,2026-01-09,1767877200,2,1,,False,0.39002797004956324,0.39002797004956324,0.6,1.0
XRP,2026-01-12,1768151700,1,0,,False,,,,
XRP,2026-01-13,1767805200,1,0,,False,,,,
XRP,2026-01-13,1768162500,1,0,,False,,,,
XRP,2026-01-13,1768248900,3,0,,False,,,,
XRP,2026-01-14,1768342500,1,0,,False,,,,
XRP,2026-01-15,1768238100,1,0,,False,,,,
XRP,2026-01-15,1768342500,1,0,,False,,,,
XRP,2026-01-17,1768560300,1,0,,False,,,,
XRP,2026-01-17,1768661100,1,1,-0.011503543586190972,True,-0.011503543586190972,-0.011503543586190972,-0.023,0.0
XRP,2026-01-18,1768661100,1,0,,False,,,,
XRP,2026-01-19,1768576500,1,0,,False,,,,
XRP,2026-01-19,1768662900,1,0,,False,,,,
XRP,2026-01-19,1768788900,2,0,,False,,,,
XRP,2026-01-20,1768671000,1,0,,False,,,,
XRP,2026-01-20,1768789800,1,0,,False,,,,
XRP,2026-01-21,1768788900,1,0,,False,,,,
XRP,2026-01-24,1769136300,1,0,,False,,,,
XRP,2026-01-25,1769132700,1,0,,False,,,,
XRP,2026-01-26,1769140800,1,1,-0.18978681488484997,True,-0.18978681488484997,-0.18978681488484997,-0.18000000000000002,0.0
XRP,2026-01-27,1769154300,1,1,0.48696489846845376,True,0.48696489846845376,0.48696489846845376,0.48,1.0
XRP,2026-01-28,1769134500,1,0,,False,,,,
XRP,2026-01-29,1769153400,1,0,,False,,,,
XRP,2026-01-30,1769705100,1,1,0.15683052114704288,True,0.15683052114704288,0.15683052114704288,0.08799999999999997,1.0
XRP,2026-01-31,1769711400,1,1,0.37847122760454416,True,0.37847122760454416,0.37847122760454416,-0.47000000000000003,0.0
XRP,2026-01-31,1769869800,1,1,0.15781368202677382,True,0.15781368202677382,0.15781368202677382,0.08899999999999997,1.0
XRP,2026-02-01,1769881500,1,1,0.16356741642441613,True,0.16356741642441613,0.16356741642441613,0.22699999999999998,1.0
XRP,2026-02-02,1769881500,2,2,0.07830701223958594,True,0.09200500100970467,0.0924439304445018,0.2321435423607887,1.0
XRP,2026-02-02,1770011100,1,1,-0.22906299044103617,True,-0.22906299044103617,-0.22906299044103617,0.271,1.0
XRP,2026-02-03,1769882400,1,0,,False,,,,
XRP,2026-02-03,1770011100,1,0,,False,,,,
XRP,2026-02-03,1770119100,1,1,-0.3283616691592792,True,-0.3283616691592792,-0.3283616691592792,-0.509,0.0
XRP,2026-02-04,1769882400,1,0,,False,,,,
XRP,2026-02-04,1770012900,1,0,,False,,,,
XRP,2026-02-04,1770099300,1,1,0.053523487286882346,True,0.053523487286882346,0.053523487286882346,-0.11,0.0
XRP,2026-02-04,1770217200,1,1,0.10906130423988418,True,0.10906130423988418,0.10906130423988418,0.07899999999999996,1.0
XRP,2026-02-05,1769710500,1,1,0.5669328400245701,True,0.5669328400245701,0.5669328400245701,-0.54,0.0
XRP,2026-02-05,1769881500,1,0,,False,,,,
XRP,2026-02-05,1770014700,3,0,,False,,,,
XRP,2026-02-05,1770146100,1,0,,False,,,,
XRP,2026-02-05,1770232500,1,1,0.5100547387011051,True,0.5100547387011051,0.5100547387011051,-0.676,0.0
XRP,2026-02-06,1770148800,1,0,,False,,,,
XRP,2026-02-06,1770235200,1,1,-0.4254803238771645,True,-0.4254803238771645,-0.4254803238771645,-0.649,0.0
XRP,2026-02-06,1770332400,1,1,0.07946953008883151,True,0.07946953008883151,0.07946953008883151,0.913,1.0
XRP,2026-02-07,1770151500,1,0,,False,,,,
XRP,2026-02-07,1770237900,1,0,,False,,,,
XRP,2026-02-07,1770324300,3,2,-0.09723681711484722,True,0.07027280825479947,0.14704070445062034,0.7404025992294132,0.9999999999999998
XRP,2026-02-07,1770451200,1,1,0.4170794922016129,True,0.4170794922016129,0.4170794922016129,0.469,1.0
XRP,2026-02-08,1770148800,1,0,,False,,,,
XRP,2026-02-08,1770235200,2,0,,False,,,,
XRP,2026-02-08,1770321600,2,1,,False,-0.14702042641888963,-0.14702042641888963,0.281,1.0
XRP,2026-02-08,1770450300,2,1,0.4419970549405849,True,0.4419970549405849,0.4419970549405849,0.43899999999999995,1.0
XRP,2026-02-09,1770324300,3,0,,False,,,,
XRP,2026-02-09,1770450300,1,1,0.35050148407530973,True,0.35050148407530973,0.35050148407530973,0.44999999999999996,1.0
XRP,2026-02-10,1770324300,3,2,,False,0.15559156458638895,0.19620823495282486,0.6647628673022082,1.0
XRP,2026-02-10,1770450300,1,1,0.5000805243222085,True,0.5000805243222085,0.5000805243222085,0.48,1.0
XRP,2026-02-10,1770657300,1,0,,False,,,,
XRP,2026-02-11,1770318000,3,1,0.447547498532588,True,0.447547498532588,0.447547498532588,0.64,1.0
XRP,2026-02-11,1770450300,1,1,-0.31500034847690095,True,-0.31500034847690095,-0.31500034847690095,-0.5,0.0
XRP,2026-02-11,1770744600,1,1,-0.18913428174106772,True,-0.18913428174106772,-0.18913428174106772,-0.6,0.0
XRP,2026-02-12,1770311700,1,0,,False,,,,
XRP,2026-02-12,1770450300,1,0,,False,,,,
XRP,2026-02-12,1770740100,2,1,-0.27457859129260087,True,-0.27457859129260087,-0.27457859129260087,-0.53,0.0
XRP,2026-02-12,1770904800,1,1,0.45348668689454436,True,0.45348668689454436,0.45348668689454436,-0.47000000000000003,0.0
XRP,2026-02-13,1770978600,1,1,0.011148531673369315,True,0.011148531673369315,0.011148531673369315,0.05999999999999994,1.0
XRP,2026-02-14,1770987600,1,0,,False,,,,
XRP,2026-02-15,1770982200,1,0,,False,,,,
XRP,2026-02-16,1770978600,1,0,,False,,,,
XRP,2026-02-16,1771260300,1,1,0.09111609303900155,True,0.09111609303900155,0.09111609303900155,-0.06999999999999999,0.0
XRP,2026-02-17,1770994800,1,0,,False,,,,
XRP,2026-02-17,1771258500,1,1,-0.320200926545672,True,-0.320200926545672,-0.320200926545672,-0.4,0.0
XRP,2026-02-18,1770995700,2,0,,False,,,,
XRP,2026-02-18,1771256700,1,0,,False,,,,
XRP,2026-02-19,1771259400,1,1,-0.10959567594264952,True,-0.10959567594264952,-0.10959567594264952,-0.43,0.0
XRP,2026-02-20,1771360200,1,0,,False,,,,
XRP,2026-02-20,1771446600,1,1,0.11202185113193294,True,0.11202185113193294,0.11202185113193294,0.12,1.0
XRP,2026-02-20,1771574400,1,1,0.2349192670395894,True,0.2349192670395894,0.2349192670395894,0.33999999999999997,1.0
XRP,2026-02-21,1771360200,1,0,,False,,,,
XRP,2026-02-21,1771566300,1,0,,False,,,,
XRP,2026-02-22,1771365600,1,0,,False,,,,
XRP,2026-02-22,1771566300,1,1,-0.045608186028222655,True,-0.045608186028222655,-0.045608186028222655,-0.13,0.0
XRP,2026-02-23,1771566300,1,0,,False,,,,
XRP,2026-02-24,1771566300,1,0,,False,,,,
XRP,2026-02-25,1771566300,1,0,,False,,,,
XRP,2026-02-25,1771990200,1,1,0.2162019382645648,True,0.2162019382645648,0.2162019382645648,0.77,1.0
XRP,2026-02-26,1771566300,2,0,,False,,,,
XRP,2026-02-26,1771990200,1,1,-0.40270618072471054,True,-0.40270618072471054,-0.40270618072471054,-0.31,0.0
XRP,2026-02-27,1772027100,2,0,,False,,,,
XRP,2026-02-27,1772183700,1,1,0.15750435007482377,True,0.15750435007482377,0.15750435007482377,-0.5,0.0
XRP,2026-02-28,1772027100,3,0,,False,,,,
XRP,2026-02-28,1772182800,1,1,0.207554498810555,True,0.207554498810555,0.207554498810555,-0.08,0.0
XRP,2026-03-01,1772027100,2,0,,False,,,,
XRP,2026-03-01,1772181900,1,1,0.03940019913281627,True,0.03940019913281627,0.03940019913281627,-0.11,0.0
XRP,2026-03-03,1772027100,3,0,,False,,,,
XRP,2026-03-03,1772183700,2,1,,False,-0.24991282362471828,-0.24991282362471828,-0.43,0.0
XRP,2026-03-03,1772485200,1,0,,False,,,,
XRP,2026-03-04,1772183700,3,0,,False,,,,
XRP,2026-03-04,1772481600,1,1,0.2954671928215646,True,0.2954671928215646,0.2954671928215646,0.53,1.0
XRP,2026-03-04,1772615700,1,1,-0.021086646905395523,True,-0.021086646905395523,-0.021086646905395523,0.36,1.0
XRP,2026-03-05,1772181900,3,0,,False,,,,
XRP,2026-03-05,1772481600,1,1,0.47905429396907234,True,0.47905429396907234,0.47905429396907234,0.52,1.0
XRP,2026-03-05,1772615700,1,1,0.46664508276101535,True,0.46664508276101535,0.46664508276101535,0.43999999999999995,1.0
XRP,2026-03-06,1772615700,2,2,0.23994501719304234,True,-0.004361642502157648,-0.006928637427193712,-0.19656865643859406,0.5051990053960695
XRP,2026-03-06,1772803800,1,1,0.342187558307264,True,0.342187558307264,0.342187558307264,-0.29000000000000004,0.0
XRP,2026-03-07,1772803800,1,1,-0.18673990324319562,True,-0.18673990324319562,-0.18673990324319562,-0.4,0.0
XRP,2026-03-08,1772621100,1,0,,False,,,,
XRP,2026-03-08,1772803800,1,0,,False,,,,
XRP,2026-03-09,1772810100,1,0,,False,,,,
XRP,2026-03-10,1772615700,1,0,,False,,,,
XRP,2026-03-10,1772810100,1,0,,False,,,,
XRP,2026-03-10,1773149400,1,1,-0.19847427173645893,True,-0.19847427173645893,-0.19847427173645893,0.55,1.0
XRP,2026-03-11,1772649000,4,0,,False,,,,
XRP,2026-03-11,1772810100,1,0,,False,,,,
XRP,2026-03-12,1773145800,1,0,,False,,,,
XRP,2026-03-16,1773548100,1,0,,False,,,,
XRP,2026-03-17,1773540900,2,0,,False,,,,
XRP,2026-03-17,1773627300,1,0,,False,,,,
XRP,2026-03-18,1773544500,1,0,,False,,,,
XRP,2026-03-19,1773548100,1,0,,False,,,,
XRP,2026-03-20,1773991800,1,0,,False,,,,
XRP,2026-03-21,1773991800,1,0,,False,,,,
XRP,2026-03-22,1773992700,1,1,0.020642272951802765,True,0.020642272951802765,0.020642272951802765,-0.25,0.0
XRP,2026-03-23,1773991800,1,0,,False,,,,
XRP,2026-03-23,1774251000,1,0,,False,,,,
XRP,2026-03-24,1773992700,1,1,-0.11471024046459519,True,-0.11471024046459519,-0.11471024046459519,-0.3,0.0
XRP,2026-03-24,1774253700,1,0,,False,,,,
XRP,2026-03-25,1774247400,1,0,,False,,,,
XRP,2026-03-25,1774431900,1,0,,False,,,,
XRP,2026-03-26,1773991800,1,0,,False,,,,
XRP,2026-03-26,1774247400,2,1,,False,-0.04644405420493512,-0.04644405420493512,-0.09,0.0
XRP,2026-03-27,1774432800,1,0,,False,,,,
XRP,2026-03-27,1774525500,1,1,0.20830092892006508,True,0.20830092892006508,0.20830092892006508,0.11099999999999999,1.0
XRP,2026-03-27,1774611900,1,1,0.11084792498588132,True,0.11084792498588132,0.11084792498588132,0.11699999999999999,1.0
XRP,2026-03-28,1774431000,2,0,,False,,,,
XRP,2026-03-28,1774525500,1,1,0.26104165521152034,True,0.26104165521152034,0.26104165521152034,0.19699999999999995,1.0
XRP,2026-03-28,1774612800,1,0,,False,,,,
XRP,2026-03-29,1774431000,1,0,,False,,,,
XRP,2026-03-29,1774531800,1,0,,False,,,,
XRP,2026-03-29,1774618200,1,1,-0.0899980501084767,True,-0.0899980501084767,-0.0899980501084767,-0.14,0.0
XRP,2026-03-30,1774530000,1,0,,False,,,,
XRP,2026-03-30,1774622700,1,0,,False,,,,
XRP,2026-03-31,1774530900,1,0,,False,,,,
XRP,2026-03-31,1774620900,1,1,-0.1564575764183058,True,-0.1564575764183058,-0.1564575764183058,-0.24000000000000002,0.0
XRP,2026-03-31,1774938600,1,1,0.30063572527735555,True,0.30063572527735555,0.30063572527735555,0.21999999999999997,1.0
XRP,2026-04-01,1774530900,1,1,-0.07471101569213809,True,-0.07471101569213809,-0.07471101569213809,-0.11,0.0
XRP,2026-04-01,1774622700,1,0,,False,,,,
XRP,2026-04-01,1774937700,1,0,,False,,,,
XRP,2026-04-02,1774601100,1,0,,False,,,,
XRP,2026-04-02,1774937700,1,0,,False,,,,
XRP,2026-04-02,1775030400,1,0,,False,,,,
XRP,2026-04-02,1775141100,1,1,-0.3358371949791491,True,-0.3358371949791491,-0.3358371949791491,-0.52,0.0
XRP,2026-04-03,1775026800,1,0,,False,,,,
XRP,2026-04-03,1775135700,1,0,,False,,,,
XRP,2026-04-03,1775222100,1,0,,False,,,,
XRP,2026-04-04,1775076300,1,1,-0.022507862837161136,True,-0.022507862837161136,-0.022507862837161136,-0.17,0.0
XRP,2026-04-05,1775077200,1,0,,False,,,,
XRP,2026-04-05,1775213100,1,0,,False,,,,
XRP,2026-04-06,1775027700,1,1,-0.2628647200479029,True,-0.2628647200479029,-0.2628647200479029,-0.32,0.0
XRP,2026-04-07,1775024100,1,1,-0.10845312749607114,True,-0.10845312749607114,-0.10845312749607114,-0.3,0.0
XRP,2026-04-07,1775136600,1,0,,False,,,,
XRP,2026-04-07,1775452500,1,0,,False,,,,
XRP,2026-04-08,1775486700,1,1,0.18710319068081524,True,0.18710319068081524,0.18710319068081524,0.24,1.0
XRP,2026-04-08,1775601900,2,0,,False,,,,
XRP,2026-04-09,1775148300,1,0,,False,,,,
XRP,2026-04-09,1775462400,1,0,,False,,,,
XRP,2026-04-09,1775607300,1,0,,False,,,,
XRP,2026-04-10,1775607300,2,1,,False,-0.1535837195126408,-0.1535837195126408,-0.3,0.0
XRP,2026-04-10,1775824200,1,0,,False,,,,
XRP,2026-04-11,1775607300,2,0,,False,,,,
XRP,2026-04-11,1775808000,1,0,,False,,,,
XRP,2026-04-12,1775607300,2,1,,False,-0.10488328476123307,-0.10488328476123307,-0.33,0.0
XRP,2026-04-12,1775808000,1,0,,False,,,,
XRP,2026-04-13,1775607300,1,0,,False,,,,
XRP,2026-04-13,1775814300,1,0,,False,,,,
XRP,2026-04-14,1775607300,2,0,,False,,,,
XRP,2026-04-14,1775808000,1,0,,False,,,,
XRP,2026-04-15,1775808000,1,0,,False,,,,
XRP,2026-04-15,1776043800,1,0,,False,,,,
XRP,2026-04-16,1776043800,1,0,,False,,,,
XRP,2026-04-16,1776283200,1,1,0.19370457579365796,True,0.19370457579365796,0.19370457579365796,0.5800000000000001,1.0
XRP,2026-04-17,1776344400,1,1,-0.29909700742648615,True,-0.29909700742648615,-0.29909700742648615,0.4,1.0
XRP,2026-04-17,1776437100,1,1,0.11088774961693704,True,0.11088774961693704,0.11088774961693704,-0.541,0.0
XRP,2026-04-18,1776350700,1,0,,False,,,,
XRP,2026-04-18,1776441600,1,0,,False,,,,
XRP,2026-04-19,1776348900,1,0,,False,,,,
XRP,2026-04-19,1776441600,1,0,,False,,,,
XRP,2026-04-19,1776528000,1,1,-0.003876099674463583,True,-0.003876099674463583,-0.003876099674463583,-0.020999999999999998,0.0
XRP,2026-04-20,1776321900,1,0,,False,,,,
XRP,2026-04-20,1776408300,1,0,,False,,,,
XRP,2026-04-20,1776514500,1,0,,False,,,,
XRP,2026-04-20,1776700800,1,0,,False,,,,
XRP,2026-04-21,1776326400,1,0,,False,,,,
XRP,2026-04-21,1776515400,1,0,,False,,,,
XRP,2026-04-21,1776699000,1,0,,False,,,,
XRP,2026-04-22,1776308400,1,0,,False,,,,
XRP,2026-04-22,1776412800,2,0,,False,,,,
XRP,2026-04-22,1776514500,1,0,,False,,,,
XRP,2026-04-22,1776699000,1,0,,False,,,,
XRP,2026-04-22,1776834900,1,0,,False,,,,
XRP,2026-04-23,1776450600,2,0,,False,,,,
XRP,2026-04-23,1776699000,1,0,,False,,,,
XRP,2026-04-23,1776828600,1,0,,False,,,,
XRP,2026-04-25,1777017600,2,0,,False,,,,
XRP,2026-04-26,1777016700,1,0,,False,,,,
XRP,2026-04-27,1777301100,1,1,-0.19231108559087495,True,-0.19231108559087495,-0.19231108559087495,-0.74,0.0
XRP,2026-04-28,1777302900,1,1,-0.18280798058117687,True,-0.18280798058117687,-0.18280798058117687,-0.42,0.0
XRP,2026-04-29,1777446000,1,0,,False,,,,
XRP,2026-04-30,1777023000,1,0,,False,,,,
XRP,2026-04-30,1777446000,1,0,,False,,,,
XRP,2026-05-01,1777446000,1,0,,False,,,,
XRP,2026-05-01,1777606200,1,1,-0.3415667278330212,True,-0.3415667278330212,-0.3415667278330212,-0.14,0.0
XRP,2026-05-02,1777446000,2,0,,False,,,,
XRP,2026-05-02,1777601700,1,0,,False,,,,
XRP,2026-05-03,1777446900,2,0,,False,,,,
XRP,2026-05-03,1777602600,2,0,,False,,,,
XRP,2026-05-04,1777450500,1,0,,False,,,,
XRP,2026-05-04,1777602600,1,0,,False,,,,
XRP,2026-05-04,1777889700,1,1,-0.43062185033857986,True,-0.43062185033857986,-0.43062185033857986,-0.3,0.0
XRP,2026-05-05,1777889700,1,0,,False,,,,
XRP,2026-05-06,1777614300,1,0,,False,,,,
XRP,2026-05-06,1777891500,1,0,,False,,,,
XRP,2026-05-07,1778083200,1,0,,False,,,,
XRP,2026-05-08,1778078700,1,0,,False,,,,
XRP,2026-05-08,1778231700,1,1,-0.36103003628261493,True,-0.36103003628261493,-0.36103003628261493,-0.21000000000000002,0.0
XRP,2026-05-09,1778076900,3,0,,False,,,,
XRP,2026-05-09,1778256000,1,0,,False,,,,
XRP,2026-05-10,1778076900,1,0,,False,,,,
XRP,2026-05-10,1778229900,1,1,0.18183216955669523,True,0.18183216955669523,0.18183216955669523,0.6499999999999999,1.0
XRP,2026-05-11,1778076900,2,1,,False,-0.27279939835707584,-0.27279939835707584,-0.08,0.0
XRP,2026-05-11,1778229900,1,0,,False,,,,
XRP,2026-05-12,1778229900,1,0,,False,,,,
XRP,2026-05-13,1778085000,1,1,-0.11752860684680995,True,-0.11752860684680995,-0.11752860684680995,-0.14,0.0
XRP,2026-05-13,1778467500,1,0,,False,,,,
XRP,2026-05-14,1778467500,1,0,,False,,,,
XRP,2026-05-15,1778748300,1,0,,False,,,,
