slug,asset,event,n_sig,n_cycles
bitcoin-above-100k-on-december-15,BTC,2025-12-15,1,0
bitcoin-above-100k-on-december-17,BTC,2025-12-17,1,0
bitcoin-above-100k-on-december-6,BTC,2025-12-06,1,0
bitcoin-above-100k-on-december-7,BTC,2025-12-07,1,0
bitcoin-above-100k-on-december-9,BTC,2025-12-09,1,0
bitcoin-above-100k-on-january-16,BTC,2026-01-16,1,0
bitcoin-above-100k-on-january-17,BTC,2026-01-17,1,0
bitcoin-above-100k-on-january-18,BTC,2026-01-18,1,0
bitcoin-above-100k-on-january-19,BTC,2026-01-19,1,0
bitcoin-above-100k-on-january-21,BTC,2026-01-21,1,0
bitcoin-above-100k-on-january-22,BTC,2026-01-22,1,0
bitcoin-above-100k-on-november-10,BTC,2025-11-10,1,1
bitcoin-above-100k-on-november-11,BTC,2025-11-11,1,0
bitcoin-above-100k-on-november-13,BTC,2025-11-13,1,1
bitcoin-above-100k-on-november-15,BTC,2025-11-15,1,2
bitcoin-above-100k-on-november-16,BTC,2025-11-16,1,2
bitcoin-above-100k-on-november-17,BTC,2025-11-17,1,1
bitcoin-above-100k-on-november-18,BTC,2025-11-18,1,0
bitcoin-above-100k-on-november-19,BTC,2025-11-19,1,1
bitcoin-above-100k-on-november-6,BTC,2025-11-06,1,0
bitcoin-above-100k-on-november-7,BTC,2025-11-07,1,2
bitcoin-above-100k-on-november-8,BTC,2025-11-08,1,1
bitcoin-above-100k-on-november-9,BTC,2025-11-09,1,0
bitcoin-above-100k-on-october-23,BTC,2025-10-23,1,0
bitcoin-above-100k-on-october-24,BTC,2025-10-24,1,0
bitcoin-above-100k-on-october-26,BTC,2025-10-26,1,0
bitcoin-above-100k-on-october-30,BTC,2025-10-30,1,0
bitcoin-above-102k-on-december-10,BTC,2025-12-10,1,0
bitcoin-above-102k-on-december-16,BTC,2025-12-16,1,0
bitcoin-above-102k-on-january-19,BTC,2026-01-19,1,1
bitcoin-above-102k-on-january-22,BTC,2026-01-22,1,0
bitcoin-above-102k-on-november-10,BTC,2025-11-10,1,3
bitcoin-above-102k-on-november-11,BTC,2025-11-11,1,1
bitcoin-above-102k-on-november-13,BTC,2025-11-13,1,2
bitcoin-above-102k-on-november-15,BTC,2025-11-15,1,0
bitcoin-above-102k-on-november-16,BTC,2025-11-16,1,2
bitcoin-above-102k-on-november-17,BTC,2025-11-17,1,1
bitcoin-above-102k-on-november-19,BTC,2025-11-19,1,2
bitcoin-above-102k-on-november-20,BTC,2025-11-20,1,0
bitcoin-above-102k-on-november-5,BTC,2025-11-05,1,1
bitcoin-above-102k-on-november-6,BTC,2025-11-06,1,3
bitcoin-above-102k-on-november-7,BTC,2025-11-07,1,1
bitcoin-above-102k-on-november-8,BTC,2025-11-08,1,5
bitcoin-above-102k-on-november-9,BTC,2025-11-09,1,0
bitcoin-above-102k-on-october-18,BTC,2025-10-18,1,0
bitcoin-above-102k-on-october-21,BTC,2025-10-21,1,0
bitcoin-above-102k-on-october-22,BTC,2025-10-22,1,0
bitcoin-above-102k-on-october-23,BTC,2025-10-23,1,0
bitcoin-above-102k-on-october-24,BTC,2025-10-24,1,0
bitcoin-above-102k-on-october-25,BTC,2025-10-25,1,0
bitcoin-above-102k-on-october-30,BTC,2025-10-30,1,0
bitcoin-above-102k-on-october-31,BTC,2025-10-31,1,0
bitcoin-above-104k-on-november-1,BTC,2025-11-01,1,0
bitcoin-above-104k-on-november-10,BTC,2025-11-10,1,1
bitcoin-above-104k-on-november-11,BTC,2025-11-11,1,1
bitcoin-above-104k-on-november-15,BTC,2025-11-15,1,1
bitcoin-above-104k-on-november-16,BTC,2025-11-16,1,0
bitcoin-above-104k-on-november-17,BTC,2025-11-17,1,1
bitcoin-above-104k-on-november-19,BTC,2025-11-19,1,1
bitcoin-above-104k-on-november-3,BTC,2025-11-03,1,1
bitcoin-above-104k-on-november-4,BTC,2025-11-04,1,3
bitcoin-above-104k-on-november-5,BTC,2025-11-05,1,3
bitcoin-above-104k-on-november-6,BTC,2025-11-06,1,1
bitcoin-above-104k-on-november-7,BTC,2025-11-07,1,6
bitcoin-above-104k-on-november-8,BTC,2025-11-08,1,5
bitcoin-above-104k-on-november-9,BTC,2025-11-09,1,1
bitcoin-above-104k-on-october-18,BTC,2025-10-18,1,1
bitcoin-above-104k-on-october-19,BTC,2025-10-19,1,1
bitcoin-above-104k-on-october-20,BTC,2025-10-20,1,1
bitcoin-above-104k-on-october-21,BTC,2025-10-21,1,0
bitcoin-above-104k-on-october-22,BTC,2025-10-22,1,0
bitcoin-above-104k-on-october-23,BTC,2025-10-23,1,0
bitcoin-above-104k-on-october-24,BTC,2025-10-24,1,0
bitcoin-above-104k-on-october-25,BTC,2025-10-25,1,0
bitcoin-above-104k-on-october-26,BTC,2025-10-26,1,0
bitcoin-above-104k-on-october-27,BTC,2025-10-27,1,0
bitcoin-above-104k-on-october-28,BTC,2025-10-28,1,0
bitcoin-above-104k-on-october-29,BTC,2025-10-29,1,0
bitcoin-above-104k-on-october-30,BTC,2025-10-30,1,0
bitcoin-above-104k-on-october-31,BTC,2025-10-31,1,0
bitcoin-above-106k-on-november-1,BTC,2025-11-01,1,1
bitcoin-above-106k-on-november-10,BTC,2025-11-10,1,3
bitcoin-above-106k-on-november-11,BTC,2025-11-11,1,2
bitcoin-above-106k-on-november-14,BTC,2025-11-14,1,0
bitcoin-above-106k-on-november-15,BTC,2025-11-15,1,0
bitcoin-above-106k-on-november-16,BTC,2025-11-16,1,0
bitcoin-above-106k-on-november-17,BTC,2025-11-17,1,0
bitcoin-above-106k-on-november-18,BTC,2025-11-18,1,0
bitcoin-above-106k-on-november-20,BTC,2025-11-20,1,0
bitcoin-above-106k-on-november-3,BTC,2025-11-03,1,1
bitcoin-above-106k-on-november-4,BTC,2025-11-04,1,5
bitcoin-above-106k-on-november-5,BTC,2025-11-05,1,4
bitcoin-above-106k-on-november-6,BTC,2025-11-06,1,4
bitcoin-above-106k-on-november-7,BTC,2025-11-07,1,2
bitcoin-above-106k-on-november-8,BTC,2025-11-08,1,3
bitcoin-above-106k-on-october-18,BTC,2025-10-18,1,2
bitcoin-above-106k-on-october-19,BTC,2025-10-19,1,3
bitcoin-above-106k-on-october-20,BTC,2025-10-20,1,1
bitcoin-above-106k-on-october-21,BTC,2025-10-21,1,3
bitcoin-above-106k-on-october-22,BTC,2025-10-22,1,5
bitcoin-above-106k-on-october-24,BTC,2025-10-24,1,0
bitcoin-above-106k-on-october-25,BTC,2025-10-25,1,1
bitcoin-above-106k-on-october-26,BTC,2025-10-26,1,1
bitcoin-above-106k-on-october-27,BTC,2025-10-27,1,1
bitcoin-above-106k-on-october-28,BTC,2025-10-28,1,0
bitcoin-above-106k-on-october-29,BTC,2025-10-29,1,0
bitcoin-above-106k-on-october-30,BTC,2025-10-30,1,0
bitcoin-above-106k-on-october-31,BTC,2025-10-31,1,3
bitcoin-above-108k-on-november-1,BTC,2025-11-01,1,3
bitcoin-above-108k-on-november-10,BTC,2025-11-10,1,0
bitcoin-above-108k-on-november-11,BTC,2025-11-11,1,1
bitcoin-above-108k-on-november-13,BTC,2025-11-13,1,1
bitcoin-above-108k-on-november-14,BTC,2025-11-14,1,0
bitcoin-above-108k-on-november-15,BTC,2025-11-15,1,0
bitcoin-above-108k-on-november-16,BTC,2025-11-16,1,0
bitcoin-above-108k-on-november-17,BTC,2025-11-17,1,0
bitcoin-above-108k-on-november-18,BTC,2025-11-18,1,0
bitcoin-above-108k-on-november-19,BTC,2025-11-19,1,0
bitcoin-above-108k-on-november-2,BTC,2025-11-02,1,3
bitcoin-above-108k-on-november-3,BTC,2025-11-03,1,3
bitcoin-above-108k-on-november-4,BTC,2025-11-04,1,4
bitcoin-above-108k-on-november-5,BTC,2025-11-05,1,5
bitcoin-above-108k-on-november-6,BTC,2025-11-06,1,4
bitcoin-above-108k-on-november-7,BTC,2025-11-07,1,1
bitcoin-above-108k-on-november-8,BTC,2025-11-08,1,1
bitcoin-above-108k-on-october-17,BTC,2025-10-17,1,2
bitcoin-above-108k-on-october-18,BTC,2025-10-18,1,8
bitcoin-above-108k-on-october-19,BTC,2025-10-19,1,3
bitcoin-above-108k-on-october-20,BTC,2025-10-20,1,6
bitcoin-above-108k-on-october-21,BTC,2025-10-21,1,8
bitcoin-above-108k-on-october-22,BTC,2025-10-22,1,7
bitcoin-above-108k-on-october-23,BTC,2025-10-23,1,2
bitcoin-above-108k-on-october-24,BTC,2025-10-24,1,2
bitcoin-above-108k-on-october-25,BTC,2025-10-25,1,1
bitcoin-above-108k-on-october-26,BTC,2025-10-26,1,1
bitcoin-above-108k-on-october-27,BTC,2025-10-27,1,2
bitcoin-above-108k-on-october-28,BTC,2025-10-28,1,2
bitcoin-above-108k-on-october-30,BTC,2025-10-30,1,1
bitcoin-above-108k-on-october-31,BTC,2025-10-31,1,3
bitcoin-above-110k-on-november-1,BTC,2025-11-01,1,9
bitcoin-above-110k-on-november-10,BTC,2025-11-10,1,0
bitcoin-above-110k-on-november-13,BTC,2025-11-13,1,1
bitcoin-above-110k-on-november-15,BTC,2025-11-15,1,0
bitcoin-above-110k-on-november-16,BTC,2025-11-16,1,0
bitcoin-above-110k-on-november-17,BTC,2025-11-17,1,0
bitcoin-above-110k-on-november-18,BTC,2025-11-18,1,0
bitcoin-above-110k-on-november-19,BTC,2025-11-19,1,0
bitcoin-above-110k-on-november-2,BTC,2025-11-02,1,6
bitcoin-above-110k-on-november-3,BTC,2025-11-03,1,6
bitcoin-above-110k-on-november-4,BTC,2025-11-04,1,4
bitcoin-above-110k-on-november-5,BTC,2025-11-05,1,6
bitcoin-above-110k-on-november-6,BTC,2025-11-06,1,4
bitcoin-above-110k-on-november-7,BTC,2025-11-07,1,2
bitcoin-above-110k-on-october-17,BTC,2025-10-17,1,4
bitcoin-above-110k-on-october-18,BTC,2025-10-18,1,4
bitcoin-above-110k-on-october-19,BTC,2025-10-19,1,2
bitcoin-above-110k-on-october-20,BTC,2025-10-20,1,3
bitcoin-above-110k-on-october-21,BTC,2025-10-21,1,5
bitcoin-above-110k-on-october-22,BTC,2025-10-22,1,3
bitcoin-above-110k-on-october-23,BTC,2025-10-23,1,4
bitcoin-above-110k-on-october-24,BTC,2025-10-24,1,6
bitcoin-above-110k-on-october-25,BTC,2025-10-25,1,3
bitcoin-above-110k-on-october-26,BTC,2025-10-26,1,1
bitcoin-above-110k-on-october-27,BTC,2025-10-27,1,0
bitcoin-above-110k-on-october-28,BTC,2025-10-28,1,1
bitcoin-above-110k-on-october-29,BTC,2025-10-29,1,0
bitcoin-above-110k-on-october-30,BTC,2025-10-30,1,0
bitcoin-above-110k-on-october-31,BTC,2025-10-31,1,4
bitcoin-above-112k-on-november-1,BTC,2025-11-01,1,3
bitcoin-above-112k-on-november-18,BTC,2025-11-18,1,0
bitcoin-above-112k-on-november-2,BTC,2025-11-02,1,7
bitcoin-above-112k-on-november-3,BTC,2025-11-03,1,6
bitcoin-above-112k-on-november-4,BTC,2025-11-04,1,3
bitcoin-above-112k-on-november-5,BTC,2025-11-05,1,2
bitcoin-above-112k-on-november-6,BTC,2025-11-06,1,2
bitcoin-above-112k-on-november-7,BTC,2025-11-07,1,0
bitcoin-above-112k-on-october-11,BTC,2025-10-11,1,0
bitcoin-above-112k-on-october-12,BTC,2025-10-12,1,5
bitcoin-above-112k-on-october-14,BTC,2025-10-14,1,3
bitcoin-above-112k-on-october-15,BTC,2025-10-15,1,3
bitcoin-above-112k-on-october-16,BTC,2025-10-16,1,4
bitcoin-above-112k-on-october-17,BTC,2025-10-17,1,2
bitcoin-above-112k-on-october-18,BTC,2025-10-18,1,2
bitcoin-above-112k-on-october-19,BTC,2025-10-19,1,2
bitcoin-above-112k-on-october-20,BTC,2025-10-20,1,2
bitcoin-above-112k-on-october-21,BTC,2025-10-21,1,5
bitcoin-above-112k-on-october-22,BTC,2025-10-22,1,3
bitcoin-above-112k-on-october-23,BTC,2025-10-23,1,3
bitcoin-above-112k-on-october-24,BTC,2025-10-24,1,3
bitcoin-above-112k-on-october-25,BTC,2025-10-25,1,5
bitcoin-above-112k-on-october-26,BTC,2025-10-26,1,4
bitcoin-above-112k-on-october-27,BTC,2025-10-27,1,0
bitcoin-above-112k-on-october-29,BTC,2025-10-29,1,0
bitcoin-above-112k-on-october-30,BTC,2025-10-30,1,0
bitcoin-above-112k-on-october-31,BTC,2025-10-31,1,2
bitcoin-above-114k-on-november-1,BTC,2025-11-01,1,2
bitcoin-above-114k-on-november-2,BTC,2025-11-02,1,2
bitcoin-above-114k-on-november-3,BTC,2025-11-03,1,3
bitcoin-above-114k-on-november-4,BTC,2025-11-04,1,3
bitcoin-above-114k-on-november-5,BTC,2025-11-05,1,1
bitcoin-above-114k-on-november-6,BTC,2025-11-06,1,1
bitcoin-above-114k-on-october-12,BTC,2025-10-12,1,2
bitcoin-above-114k-on-october-13,BTC,2025-10-13,1,5
bitcoin-above-114k-on-october-14,BTC,2025-10-14,1,0
bitcoin-above-114k-on-october-15,BTC,2025-10-15,1,2
bitcoin-above-114k-on-october-16,BTC,2025-10-16,1,2
bitcoin-above-114k-on-october-17,BTC,2025-10-17,1,2
bitcoin-above-114k-on-october-18,BTC,2025-10-18,1,0
bitcoin-above-114k-on-october-19,BTC,2025-10-19,1,2
bitcoin-above-114k-on-october-20,BTC,2025-10-20,1,1
bitcoin-above-114k-on-october-22,BTC,2025-10-22,1,0
bitcoin-above-114k-on-october-23,BTC,2025-10-23,1,0
bitcoin-above-114k-on-october-25,BTC,2025-10-25,1,1
bitcoin-above-114k-on-october-26,BTC,2025-10-26,1,3
bitcoin-above-114k-on-october-27,BTC,2025-10-27,1,5
bitcoin-above-114k-on-october-28,BTC,2025-10-28,1,3
bitcoin-above-114k-on-october-29,BTC,2025-10-29,1,2
bitcoin-above-114k-on-october-30,BTC,2025-10-30,1,1
bitcoin-above-114k-on-october-31,BTC,2025-10-31,1,1
bitcoin-above-116k-on-november-1,BTC,2025-11-01,1,1
bitcoin-above-116k-on-november-2,BTC,2025-11-02,1,1
bitcoin-above-116k-on-november-3,BTC,2025-11-03,1,1
bitcoin-above-116k-on-november-4,BTC,2025-11-04,1,2
bitcoin-above-116k-on-november-5,BTC,2025-11-05,1,1
bitcoin-above-116k-on-november-6,BTC,2025-11-06,1,0
bitcoin-above-116k-on-october-11,BTC,2025-10-11,1,0
bitcoin-above-116k-on-october-12,BTC,2025-10-12,1,0
bitcoin-above-116k-on-october-13,BTC,2025-10-13,1,1
bitcoin-above-116k-on-october-14,BTC,2025-10-14,1,3
bitcoin-above-116k-on-october-15,BTC,2025-10-15,1,3
bitcoin-above-116k-on-october-16,BTC,2025-10-16,1,4
bitcoin-above-116k-on-october-17,BTC,2025-10-17,1,2
bitcoin-above-116k-on-october-18,BTC,2025-10-18,1,0
bitcoin-above-116k-on-october-19,BTC,2025-10-19,1,1
bitcoin-above-116k-on-october-26,BTC,2025-10-26,1,0
bitcoin-above-116k-on-october-27,BTC,2025-10-27,1,3
bitcoin-above-116k-on-october-28,BTC,2025-10-28,1,2
bitcoin-above-116k-on-october-29,BTC,2025-10-29,1,1
bitcoin-above-116k-on-october-31,BTC,2025-10-31,1,2
bitcoin-above-118k-on-november-1,BTC,2025-11-01,1,1
bitcoin-above-118k-on-november-2,BTC,2025-11-02,1,0
bitcoin-above-118k-on-november-3,BTC,2025-11-03,1,1
bitcoin-above-118k-on-november-4,BTC,2025-11-04,1,0
bitcoin-above-118k-on-october-13,BTC,2025-10-13,1,2
bitcoin-above-118k-on-october-14,BTC,2025-10-14,1,1
bitcoin-above-118k-on-october-15,BTC,2025-10-15,1,2
bitcoin-above-118k-on-october-16,BTC,2025-10-16,1,4
bitcoin-above-118k-on-october-19,BTC,2025-10-19,1,0
bitcoin-above-118k-on-october-28,BTC,2025-10-28,1,1
bitcoin-above-118k-on-october-29,BTC,2025-10-29,1,0
bitcoin-above-118k-on-october-30,BTC,2025-10-30,1,2
bitcoin-above-118k-on-october-31,BTC,2025-10-31,1,1
bitcoin-above-120k-on-november-1,BTC,2025-11-01,1,0
bitcoin-above-120k-on-november-2,BTC,2025-11-02,1,0
bitcoin-above-120k-on-november-3,BTC,2025-11-03,1,0
bitcoin-above-120k-on-november-4,BTC,2025-11-04,1,0
bitcoin-above-120k-on-october-13,BTC,2025-10-13,1,0
bitcoin-above-120k-on-october-14,BTC,2025-10-14,1,1
bitcoin-above-120k-on-october-15,BTC,2025-10-15,1,1
bitcoin-above-120k-on-october-16,BTC,2025-10-16,1,1
bitcoin-above-120k-on-october-19,BTC,2025-10-19,1,0
bitcoin-above-120k-on-october-30,BTC,2025-10-30,1,1
bitcoin-above-120k-on-october-31,BTC,2025-10-31,1,2
bitcoin-above-122k-on-november-2,BTC,2025-11-02,1,0
bitcoin-above-122k-on-november-3,BTC,2025-11-03,1,1
bitcoin-above-122k-on-november-4,BTC,2025-11-04,1,0
bitcoin-above-122k-on-november-5,BTC,2025-11-05,1,0
bitcoin-above-122k-on-october-15,BTC,2025-10-15,1,1
bitcoin-above-122k-on-october-16,BTC,2025-10-16,1,1
bitcoin-above-56k-on-march-5,BTC,2026-03-05,1,0
bitcoin-above-58k-on-february-12,BTC,2026-02-12,1,2
bitcoin-above-58k-on-february-27,BTC,2026-02-27,1,0
bitcoin-above-58k-on-february-28,BTC,2026-02-28,1,0
bitcoin-above-58k-on-march-1,BTC,2026-03-01,1,0
bitcoin-above-58k-on-march-3,BTC,2026-03-03,1,0
bitcoin-above-58k-on-march-4,BTC,2026-03-04,1,0
bitcoin-above-58k-on-march-5,BTC,2026-03-05,1,0
bitcoin-above-60k-on-february-12,BTC,2026-02-12,1,2
bitcoin-above-60k-on-february-13,BTC,2026-02-13,1,0
bitcoin-above-60k-on-february-17,BTC,2026-02-17,1,0
bitcoin-above-60k-on-february-25,BTC,2026-02-25,1,1
bitcoin-above-60k-on-february-26,BTC,2026-02-26,1,2
bitcoin-above-60k-on-february-27,BTC,2026-02-27,1,0
bitcoin-above-60k-on-february-28,BTC,2026-02-28,1,1
bitcoin-above-60k-on-march-1,BTC,2026-03-01,1,0
bitcoin-above-60k-on-march-26,BTC,2026-03-26,1,0
bitcoin-above-60k-on-march-3,BTC,2026-03-03,1,3
bitcoin-above-60k-on-march-4,BTC,2026-03-04,1,0
bitcoin-above-60k-on-march-5,BTC,2026-03-05,1,0
bitcoin-above-62k-on-april-8,BTC,2026-04-08,1,0
bitcoin-above-62k-on-february-12,BTC,2026-02-12,1,3
bitcoin-above-62k-on-february-13,BTC,2026-02-13,1,2
bitcoin-above-62k-on-february-14,BTC,2026-02-14,1,0
bitcoin-above-62k-on-february-15,BTC,2026-02-15,1,0
bitcoin-above-62k-on-february-16,BTC,2026-02-16,1,2
bitcoin-above-62k-on-february-17,BTC,2026-02-17,1,3
bitcoin-above-62k-on-february-18,BTC,2026-02-18,1,1
bitcoin-above-62k-on-february-19,BTC,2026-02-19,1,0
bitcoin-above-62k-on-february-22,BTC,2026-02-22,1,0
bitcoin-above-62k-on-february-24,BTC,2026-02-24,1,1
bitcoin-above-62k-on-february-25,BTC,2026-02-25,1,2
bitcoin-above-62k-on-february-26,BTC,2026-02-26,1,0
bitcoin-above-62k-on-february-27,BTC,2026-02-27,1,1
bitcoin-above-62k-on-february-28,BTC,2026-02-28,1,3
bitcoin-above-62k-on-march-1,BTC,2026-03-01,1,2
bitcoin-above-62k-on-march-10,BTC,2026-03-10,1,0
bitcoin-above-62k-on-march-12,BTC,2026-03-12,1,0
bitcoin-above-62k-on-march-26,BTC,2026-03-26,1,0
bitcoin-above-62k-on-march-3,BTC,2026-03-03,1,4
bitcoin-above-62k-on-march-31,BTC,2026-03-31,1,0
bitcoin-above-62k-on-march-4,BTC,2026-03-04,1,3
bitcoin-above-62k-on-march-5,BTC,2026-03-05,1,1
bitcoin-above-62k-on-march-6,BTC,2026-03-06,1,0
bitcoin-above-64k-on-april-1,BTC,2026-04-01,1,1
bitcoin-above-64k-on-april-2,BTC,2026-04-02,1,1
bitcoin-above-64k-on-april-4,BTC,2026-04-04,1,0
bitcoin-above-64k-on-april-5,BTC,2026-04-05,1,0
bitcoin-above-64k-on-april-6,BTC,2026-04-06,1,0
bitcoin-above-64k-on-april-7,BTC,2026-04-07,1,0
bitcoin-above-64k-on-april-8,BTC,2026-04-08,1,1
bitcoin-above-64k-on-april-9,BTC,2026-04-09,1,0
bitcoin-above-64k-on-february-11,BTC,2026-02-11,1,4
bitcoin-above-64k-on-february-12,BTC,2026-02-12,1,4
bitcoin-above-64k-on-february-13,BTC,2026-02-13,1,1
bitcoin-above-64k-on-february-14,BTC,2026-02-14,1,1
bitcoin-above-64k-on-february-15,BTC,2026-02-15,1,1
bitcoin-above-64k-on-february-16,BTC,2026-02-16,1,0
bitcoin-above-64k-on-february-17,BTC,2026-02-17,1,0
bitcoin-above-64k-on-february-18,BTC,2026-02-18,1,2
bitcoin-above-64k-on-february-19,BTC,2026-02-19,1,2
bitcoin-above-64k-on-february-20,BTC,2026-02-20,1,2
bitcoin-above-64k-on-february-21,BTC,2026-02-21,1,1
bitcoin-above-64k-on-february-22,BTC,2026-02-22,1,1
bitcoin-above-64k-on-february-23,BTC,2026-02-23,1,3
bitcoin-above-64k-on-february-24,BTC,2026-02-24,1,5
bitcoin-above-64k-on-february-25,BTC,2026-02-25,1,4
bitcoin-above-64k-on-february-26,BTC,2026-02-26,1,4
bitcoin-above-64k-on-february-27,BTC,2026-02-27,1,0
bitcoin-above-64k-on-february-28,BTC,2026-02-28,1,4
bitcoin-above-64k-on-march-1,BTC,2026-03-01,1,7
bitcoin-above-64k-on-march-10,BTC,2026-03-10,1,0
bitcoin-above-64k-on-march-11,BTC,2026-03-11,1,2
bitcoin-above-64k-on-march-12,BTC,2026-03-12,1,0
bitcoin-above-64k-on-march-18,BTC,2026-03-18,1,0
bitcoin-above-64k-on-march-25,BTC,2026-03-25,1,0
bitcoin-above-64k-on-march-26,BTC,2026-03-26,1,1
bitcoin-above-64k-on-march-29,BTC,2026-03-29,1,0
bitcoin-above-64k-on-march-3,BTC,2026-03-03,1,4
bitcoin-above-64k-on-march-30,BTC,2026-03-30,1,3
bitcoin-above-64k-on-march-31,BTC,2026-03-31,1,1
bitcoin-above-64k-on-march-4,BTC,2026-03-04,1,1
bitcoin-above-64k-on-march-5,BTC,2026-03-05,1,2
bitcoin-above-64k-on-march-6,BTC,2026-03-06,1,0
bitcoin-above-64k-on-march-9,BTC,2026-03-09,1,2
bitcoin-above-66k-on-april-1,BTC,2026-04-01,1,3
bitcoin-above-66k-on-april-10,BTC,2026-04-10,1,0
bitcoin-above-66k-on-april-14,BTC,2026-04-14,1,0
bitcoin-above-66k-on-april-2,BTC,2026-04-02,1,4
bitcoin-above-66k-on-april-22,BTC,2026-04-22,1,0
bitcoin-above-66k-on-april-3,BTC,2026-04-03,1,1
bitcoin-above-66k-on-april-4,BTC,2026-04-04,1,1
bitcoin-above-66k-on-april-5,BTC,2026-04-05,1,1
bitcoin-above-66k-on-april-6,BTC,2026-04-06,1,5
bitcoin-above-66k-on-april-7,BTC,2026-04-07,1,4
bitcoin-above-66k-on-april-8,BTC,2026-04-08,1,1
bitcoin-above-66k-on-april-9,BTC,2026-04-09,1,1
bitcoin-above-66k-on-february-10,BTC,2026-02-10,1,7
bitcoin-above-66k-on-february-11,BTC,2026-02-11,1,6
bitcoin-above-66k-on-february-12,BTC,2026-02-12,1,14
bitcoin-above-66k-on-february-13,BTC,2026-02-13,1,5
bitcoin-above-66k-on-february-14,BTC,2026-02-14,1,1
bitcoin-above-66k-on-february-15,BTC,2026-02-15,1,1
bitcoin-above-66k-on-february-16,BTC,2026-02-16,1,2
bitcoin-above-66k-on-february-17,BTC,2026-02-17,1,3
bitcoin-above-66k-on-february-18,BTC,2026-02-18,1,2
bitcoin-above-66k-on-february-19,BTC,2026-02-19,1,9
bitcoin-above-66k-on-february-20,BTC,2026-02-20,1,4
bitcoin-above-66k-on-february-21,BTC,2026-02-21,1,3
bitcoin-above-66k-on-february-22,BTC,2026-02-22,1,1
bitcoin-above-66k-on-february-23,BTC,2026-02-23,1,3
bitcoin-above-66k-on-february-24,BTC,2026-02-24,1,3
bitcoin-above-66k-on-february-25,BTC,2026-02-25,1,6
bitcoin-above-66k-on-february-26,BTC,2026-02-26,1,8
bitcoin-above-66k-on-february-27,BTC,2026-02-27,1,7
bitcoin-above-66k-on-february-28,BTC,2026-02-28,1,9
bitcoin-above-66k-on-march-1,BTC,2026-03-01,1,7
bitcoin-above-66k-on-march-10,BTC,2026-03-10,1,1
bitcoin-above-66k-on-march-11,BTC,2026-03-11,1,0
bitcoin-above-66k-on-march-12,BTC,2026-03-12,1,2
bitcoin-above-66k-on-march-17,BTC,2026-03-17,1,0
bitcoin-above-66k-on-march-18,BTC,2026-03-18,1,0
bitcoin-above-66k-on-march-19,BTC,2026-03-19,1,0
bitcoin-above-66k-on-march-21,BTC,2026-03-21,1,0
bitcoin-above-66k-on-march-22,BTC,2026-03-22,1,0
bitcoin-above-66k-on-march-23,BTC,2026-03-23,1,2
bitcoin-above-66k-on-march-24,BTC,2026-03-24,1,1
bitcoin-above-66k-on-march-25,BTC,2026-03-25,1,1
bitcoin-above-66k-on-march-26,BTC,2026-03-26,1,2
bitcoin-above-66k-on-march-27,BTC,2026-03-27,1,2
bitcoin-above-66k-on-march-28,BTC,2026-03-28,1,0
bitcoin-above-66k-on-march-29,BTC,2026-03-29,1,2
bitcoin-above-66k-on-march-3,BTC,2026-03-03,1,3
bitcoin-above-66k-on-march-30,BTC,2026-03-30,1,6
bitcoin-above-66k-on-march-31,BTC,2026-03-31,1,4
bitcoin-above-66k-on-march-4,BTC,2026-03-04,1,6
bitcoin-above-66k-on-march-5,BTC,2026-03-05,1,4
bitcoin-above-66k-on-march-6,BTC,2026-03-06,1,1
bitcoin-above-66k-on-march-7,BTC,2026-03-07,1,0
bitcoin-above-66k-on-march-8,BTC,2026-03-08,1,2
bitcoin-above-66k-on-march-9,BTC,2026-03-09,1,1
bitcoin-above-68k-on-april-1,BTC,2026-04-01,1,8
bitcoin-above-68k-on-april-10,BTC,2026-04-10,1,0
bitcoin-above-68k-on-april-13,BTC,2026-04-13,1,1
bitcoin-above-68k-on-april-14,BTC,2026-04-14,1,1
bitcoin-above-68k-on-april-2,BTC,2026-04-02,1,7
bitcoin-above-68k-on-april-3,BTC,2026-04-03,1,4
bitcoin-above-68k-on-april-4,BTC,2026-04-04,1,2
bitcoin-above-68k-on-april-5,BTC,2026-04-05,1,3
bitcoin-above-68k-on-april-6,BTC,2026-04-06,1,9
bitcoin-above-68k-on-april-7,BTC,2026-04-07,1,11
bitcoin-above-68k-on-april-8,BTC,2026-04-08,1,8
bitcoin-above-68k-on-april-9,BTC,2026-04-09,1,5
bitcoin-above-68k-on-february-10,BTC,2026-02-10,1,6
bitcoin-above-68k-on-february-11,BTC,2026-02-11,1,7
bitcoin-above-68k-on-february-12,BTC,2026-02-12,1,11
bitcoin-above-68k-on-february-13,BTC,2026-02-13,1,5
bitcoin-above-68k-on-february-14,BTC,2026-02-14,1,3
bitcoin-above-68k-on-february-15,BTC,2026-02-15,1,2
bitcoin-above-68k-on-february-16,BTC,2026-02-16,1,9
bitcoin-above-68k-on-february-17,BTC,2026-02-17,1,9
bitcoin-above-68k-on-february-18,BTC,2026-02-18,1,7
bitcoin-above-68k-on-february-19,BTC,2026-02-19,1,6
bitcoin-above-68k-on-february-20,BTC,2026-02-20,1,6
bitcoin-above-68k-on-february-21,BTC,2026-02-21,1,8
bitcoin-above-68k-on-february-22,BTC,2026-02-22,1,4
bitcoin-above-68k-on-february-23,BTC,2026-02-23,1,2
bitcoin-above-68k-on-february-24,BTC,2026-02-24,1,6
bitcoin-above-68k-on-february-25,BTC,2026-02-25,1,3
bitcoin-above-68k-on-february-26,BTC,2026-02-26,1,5
bitcoin-above-68k-on-february-27,BTC,2026-02-27,1,3
bitcoin-above-68k-on-february-28,BTC,2026-02-28,1,5
bitcoin-above-68k-on-february-8,BTC,2026-02-08,1,5
bitcoin-above-68k-on-february-9,BTC,2026-02-09,1,9
bitcoin-above-68k-on-march-1,BTC,2026-03-01,1,4
bitcoin-above-68k-on-march-10,BTC,2026-03-10,1,3
bitcoin-above-68k-on-march-11,BTC,2026-03-11,1,2
bitcoin-above-68k-on-march-12,BTC,2026-03-12,1,3
bitcoin-above-68k-on-march-13,BTC,2026-03-13,1,2
bitcoin-above-68k-on-march-14,BTC,2026-03-14,1,2
bitcoin-above-68k-on-march-16,BTC,2026-03-16,1,2
bitcoin-above-68k-on-march-17,BTC,2026-03-17,1,1
bitcoin-above-68k-on-march-18,BTC,2026-03-18,1,3
bitcoin-above-68k-on-march-19,BTC,2026-03-19,1,2
bitcoin-above-68k-on-march-20,BTC,2026-03-20,1,1
bitcoin-above-68k-on-march-21,BTC,2026-03-21,1,0
bitcoin-above-68k-on-march-22,BTC,2026-03-22,1,2
bitcoin-above-68k-on-march-23,BTC,2026-03-23,1,3
bitcoin-above-68k-on-march-24,BTC,2026-03-24,1,4
bitcoin-above-68k-on-march-25,BTC,2026-03-25,1,1
bitcoin-above-68k-on-march-26,BTC,2026-03-26,1,6
bitcoin-above-68k-on-march-27,BTC,2026-03-27,1,0
bitcoin-above-68k-on-march-28,BTC,2026-03-28,1,1
bitcoin-above-68k-on-march-29,BTC,2026-03-29,1,2
bitcoin-above-68k-on-march-3,BTC,2026-03-03,1,9
bitcoin-above-68k-on-march-30,BTC,2026-03-30,1,3
bitcoin-above-68k-on-march-31,BTC,2026-03-31,1,6
bitcoin-above-68k-on-march-4,BTC,2026-03-04,1,8
bitcoin-above-68k-on-march-5,BTC,2026-03-05,1,5
bitcoin-above-68k-on-march-6,BTC,2026-03-06,1,2
bitcoin-above-68k-on-march-7,BTC,2026-03-07,1,3
bitcoin-above-68k-on-march-8,BTC,2026-03-08,1,5
bitcoin-above-68k-on-march-9,BTC,2026-03-09,1,7
bitcoin-above-70k-on-april-10,BTC,2026-04-10,1,4
bitcoin-above-70k-on-april-11,BTC,2026-04-11,1,2
bitcoin-above-70k-on-april-12,BTC,2026-04-12,1,3
bitcoin-above-70k-on-april-13,BTC,2026-04-13,1,10
bitcoin-above-70k-on-april-14,BTC,2026-04-14,1,5
bitcoin-above-70k-on-april-15,BTC,2026-04-15,1,1
bitcoin-above-70k-on-april-16,BTC,2026-04-16,1,1
bitcoin-above-70k-on-april-2,BTC,2026-04-02,1,2
bitcoin-above-70k-on-april-20,BTC,2026-04-20,1,0
bitcoin-above-70k-on-april-21,BTC,2026-04-21,1,0
bitcoin-above-70k-on-april-22,BTC,2026-04-22,1,0
bitcoin-above-70k-on-april-3,BTC,2026-04-03,1,1
bitcoin-above-70k-on-april-4,BTC,2026-04-04,1,1
bitcoin-above-70k-on-april-5,BTC,2026-04-05,1,0
bitcoin-above-70k-on-april-6,BTC,2026-04-06,1,3
bitcoin-above-70k-on-april-7,BTC,2026-04-07,1,5
bitcoin-above-70k-on-april-8,BTC,2026-04-08,1,4
bitcoin-above-70k-on-april-9,BTC,2026-04-09,1,5
bitcoin-above-70k-on-february-10,BTC,2026-02-10,1,8
bitcoin-above-70k-on-february-11,BTC,2026-02-11,1,9
bitcoin-above-70k-on-february-12,BTC,2026-02-12,1,5
bitcoin-above-70k-on-february-13,BTC,2026-02-13,1,4
bitcoin-above-70k-on-february-14,BTC,2026-02-14,1,4
bitcoin-above-70k-on-february-15,BTC,2026-02-15,1,5
bitcoin-above-70k-on-february-16,BTC,2026-02-16,1,7
bitcoin-above-70k-on-february-17,BTC,2026-02-17,1,6
bitcoin-above-70k-on-february-18,BTC,2026-02-18,1,4
bitcoin-above-70k-on-february-19,BTC,2026-02-19,1,4
bitcoin-above-70k-on-february-20,BTC,2026-02-20,1,0
bitcoin-above-70k-on-february-21,BTC,2026-02-21,1,1
bitcoin-above-70k-on-february-22,BTC,2026-02-22,1,2
bitcoin-above-70k-on-february-23,BTC,2026-02-23,1,1
bitcoin-above-70k-on-february-24,BTC,2026-02-24,1,1
bitcoin-above-70k-on-february-25,BTC,2026-02-25,1,1
bitcoin-above-70k-on-february-26,BTC,2026-02-26,1,1
bitcoin-above-70k-on-february-27,BTC,2026-02-27,1,2
bitcoin-above-70k-on-february-28,BTC,2026-02-28,1,1
bitcoin-above-70k-on-february-7,BTC,2026-02-07,1,9
bitcoin-above-70k-on-february-8,BTC,2026-02-08,1,9
bitcoin-above-70k-on-february-9,BTC,2026-02-09,1,11
bitcoin-above-70k-on-march-1,BTC,2026-03-01,1,1
bitcoin-above-70k-on-march-10,BTC,2026-03-10,1,4
bitcoin-above-70k-on-march-11,BTC,2026-03-11,1,5
bitcoin-above-70k-on-march-12,BTC,2026-03-12,1,10
bitcoin-above-70k-on-march-13,BTC,2026-03-13,1,4
bitcoin-above-70k-on-march-14,BTC,2026-03-14,1,4
bitcoin-above-70k-on-march-16,BTC,2026-03-16,1,2
bitcoin-above-70k-on-march-17,BTC,2026-03-17,1,2
bitcoin-above-70k-on-march-18,BTC,2026-03-18,1,4
bitcoin-above-70k-on-march-19,BTC,2026-03-19,1,2
bitcoin-above-70k-on-march-20,BTC,2026-03-20,1,5
bitcoin-above-70k-on-march-21,BTC,2026-03-21,1,8
bitcoin-above-70k-on-march-22,BTC,2026-03-22,1,6
bitcoin-above-70k-on-march-23,BTC,2026-03-23,1,2
bitcoin-above-70k-on-march-24,BTC,2026-03-24,1,9
bitcoin-above-70k-on-march-25,BTC,2026-03-25,1,6
bitcoin-above-70k-on-march-26,BTC,2026-03-26,1,6
bitcoin-above-70k-on-march-27,BTC,2026-03-27,1,1
bitcoin-above-70k-on-march-28,BTC,2026-03-28,1,0
bitcoin-above-70k-on-march-29,BTC,2026-03-29,1,1
bitcoin-above-70k-on-march-3,BTC,2026-03-03,1,4
bitcoin-above-70k-on-march-30,BTC,2026-03-30,1,2
bitcoin-above-70k-on-march-31,BTC,2026-03-31,1,0
bitcoin-above-70k-on-march-4,BTC,2026-03-04,1,4
bitcoin-above-70k-on-march-5,BTC,2026-03-05,1,6
bitcoin-above-70k-on-march-6,BTC,2026-03-06,1,5
bitcoin-above-70k-on-march-7,BTC,2026-03-07,1,2
bitcoin-above-70k-on-march-8,BTC,2026-03-08,1,2
bitcoin-above-70k-on-march-9,BTC,2026-03-09,1,1
bitcoin-above-72k-on-april-10,BTC,2026-04-10,1,8
bitcoin-above-72k-on-april-11,BTC,2026-04-11,1,7
bitcoin-above-72k-on-april-12,BTC,2026-04-12,1,5
bitcoin-above-72k-on-april-13,BTC,2026-04-13,1,12
bitcoin-above-72k-on-april-14,BTC,2026-04-14,1,9
bitcoin-above-72k-on-april-15,BTC,2026-04-15,1,4
bitcoin-above-72k-on-april-16,BTC,2026-04-16,1,3
bitcoin-above-72k-on-april-17,BTC,2026-04-17,1,0
bitcoin-above-72k-on-april-18,BTC,2026-04-18,1,1
bitcoin-above-72k-on-april-19,BTC,2026-04-19,1,1
bitcoin-above-72k-on-april-20,BTC,2026-04-20,1,3
bitcoin-above-72k-on-april-21,BTC,2026-04-21,1,2
bitcoin-above-72k-on-april-22,BTC,2026-04-22,1,1
bitcoin-above-72k-on-april-23,BTC,2026-04-23,1,2
bitcoin-above-72k-on-april-5,BTC,2026-04-05,1,0
bitcoin-above-72k-on-april-7,BTC,2026-04-07,1,1
bitcoin-above-72k-on-april-8,BTC,2026-04-08,1,2
bitcoin-above-72k-on-april-9,BTC,2026-04-09,1,3
bitcoin-above-72k-on-february-10,BTC,2026-02-10,1,6
bitcoin-above-72k-on-february-11,BTC,2026-02-11,1,5
bitcoin-above-72k-on-february-12,BTC,2026-02-12,1,6
bitcoin-above-72k-on-february-13,BTC,2026-02-13,1,0
bitcoin-above-72k-on-february-14,BTC,2026-02-14,1,1
bitcoin-above-72k-on-february-15,BTC,2026-02-15,1,1
bitcoin-above-72k-on-february-16,BTC,2026-02-16,1,1
bitcoin-above-72k-on-february-17,BTC,2026-02-17,1,2
bitcoin-above-72k-on-february-18,BTC,2026-02-18,1,1
bitcoin-above-72k-on-february-19,BTC,2026-02-19,1,0
bitcoin-above-72k-on-february-20,BTC,2026-02-20,1,0
bitcoin-above-72k-on-february-22,BTC,2026-02-22,1,1
bitcoin-above-72k-on-february-25,BTC,2026-02-25,1,0
bitcoin-above-72k-on-february-26,BTC,2026-02-26,1,0
bitcoin-above-72k-on-february-7,BTC,2026-02-07,1,3
bitcoin-above-72k-on-february-8,BTC,2026-02-08,1,11
bitcoin-above-72k-on-february-9,BTC,2026-02-09,1,8
bitcoin-above-72k-on-march-10,BTC,2026-03-10,1,1
bitcoin-above-72k-on-march-11,BTC,2026-03-11,1,4
bitcoin-above-72k-on-march-12,BTC,2026-03-12,1,4
bitcoin-above-72k-on-march-13,BTC,2026-03-13,1,5
bitcoin-above-72k-on-march-14,BTC,2026-03-14,1,3
bitcoin-above-72k-on-march-16,BTC,2026-03-16,1,6
bitcoin-above-72k-on-march-17,BTC,2026-03-17,1,4
bitcoin-above-72k-on-march-18,BTC,2026-03-18,1,5
bitcoin-above-72k-on-march-19,BTC,2026-03-19,1,5
bitcoin-above-72k-on-march-20,BTC,2026-03-20,1,1
bitcoin-above-72k-on-march-21,BTC,2026-03-21,1,1
bitcoin-above-72k-on-march-22,BTC,2026-03-22,1,5
bitcoin-above-72k-on-march-23,BTC,2026-03-23,1,1
bitcoin-above-72k-on-march-24,BTC,2026-03-24,1,3
bitcoin-above-72k-on-march-25,BTC,2026-03-25,1,2
bitcoin-above-72k-on-march-26,BTC,2026-03-26,1,4
bitcoin-above-72k-on-march-27,BTC,2026-03-27,1,1
bitcoin-above-72k-on-march-28,BTC,2026-03-28,1,1
bitcoin-above-72k-on-march-29,BTC,2026-03-29,1,2
bitcoin-above-72k-on-march-30,BTC,2026-03-30,1,0
bitcoin-above-72k-on-march-31,BTC,2026-03-31,1,0
bitcoin-above-72k-on-march-4,BTC,2026-03-04,1,0
bitcoin-above-72k-on-march-5,BTC,2026-03-05,1,5
bitcoin-above-72k-on-march-6,BTC,2026-03-06,1,0
bitcoin-above-72k-on-march-7,BTC,2026-03-07,1,0
bitcoin-above-72k-on-march-8,BTC,2026-03-08,1,1
bitcoin-above-72k-on-march-9,BTC,2026-03-09,1,0
bitcoin-above-72k-on-may-5,BTC,2026-05-05,1,0
bitcoin-above-74k-on-april-10,BTC,2026-04-10,1,0
bitcoin-above-74k-on-april-11,BTC,2026-04-11,1,3
bitcoin-above-74k-on-april-12,BTC,2026-04-12,1,3
bitcoin-above-74k-on-april-13,BTC,2026-04-13,1,3
bitcoin-above-74k-on-april-14,BTC,2026-04-14,1,10
bitcoin-above-74k-on-april-15,BTC,2026-04-15,1,8
bitcoin-above-74k-on-april-16,BTC,2026-04-16,1,12
bitcoin-above-74k-on-april-17,BTC,2026-04-17,1,7
bitcoin-above-74k-on-april-18,BTC,2026-04-18,1,5
bitcoin-above-74k-on-april-19,BTC,2026-04-19,1,5
bitcoin-above-74k-on-april-20,BTC,2026-04-20,1,9
bitcoin-above-74k-on-april-21,BTC,2026-04-21,1,8
bitcoin-above-74k-on-april-22,BTC,2026-04-22,1,6
bitcoin-above-74k-on-april-23,BTC,2026-04-23,1,8
bitcoin-above-74k-on-april-24,BTC,2026-04-24,1,0
bitcoin-above-74k-on-april-30,BTC,2026-04-30,1,0
bitcoin-above-74k-on-april-8,BTC,2026-04-08,1,0
bitcoin-above-74k-on-february-10,BTC,2026-02-10,1,6
bitcoin-above-74k-on-february-11,BTC,2026-02-11,1,0
bitcoin-above-74k-on-february-12,BTC,2026-02-12,1,3
bitcoin-above-74k-on-february-13,BTC,2026-02-13,1,0
bitcoin-above-74k-on-february-15,BTC,2026-02-15,1,0
bitcoin-above-74k-on-february-16,BTC,2026-02-16,1,0
bitcoin-above-74k-on-february-17,BTC,2026-02-17,1,0
bitcoin-above-74k-on-february-26,BTC,2026-02-26,1,0
bitcoin-above-74k-on-february-6,BTC,2026-02-06,1,1
bitcoin-above-74k-on-february-7,BTC,2026-02-07,1,3
bitcoin-above-74k-on-february-8,BTC,2026-02-08,1,4
bitcoin-above-74k-on-february-9,BTC,2026-02-09,1,4
bitcoin-above-74k-on-march-10,BTC,2026-03-10,1,0
bitcoin-above-74k-on-march-11,BTC,2026-03-11,1,0
bitcoin-above-74k-on-march-12,BTC,2026-03-12,1,0
bitcoin-above-74k-on-march-16,BTC,2026-03-16,1,3
bitcoin-above-74k-on-march-17,BTC,2026-03-17,1,4
bitcoin-above-74k-on-march-18,BTC,2026-03-18,1,4
bitcoin-above-74k-on-march-19,BTC,2026-03-19,1,7
bitcoin-above-74k-on-march-20,BTC,2026-03-20,1,2
bitcoin-above-74k-on-march-21,BTC,2026-03-21,1,0
bitcoin-above-74k-on-march-22,BTC,2026-03-22,1,0
bitcoin-above-74k-on-march-23,BTC,2026-03-23,1,0
bitcoin-above-74k-on-march-24,BTC,2026-03-24,1,1
bitcoin-above-74k-on-march-25,BTC,2026-03-25,1,0
bitcoin-above-74k-on-march-26,BTC,2026-03-26,1,1
bitcoin-above-74k-on-march-29,BTC,2026-03-29,1,1
bitcoin-above-74k-on-march-30,BTC,2026-03-30,1,0
bitcoin-above-74k-on-march-31,BTC,2026-03-31,1,0
bitcoin-above-74k-on-march-5,BTC,2026-03-05,1,0
bitcoin-above-74k-on-march-6,BTC,2026-03-06,1,3
bitcoin-above-74k-on-march-7,BTC,2026-03-07,1,0
bitcoin-above-74k-on-march-8,BTC,2026-03-08,1,0
bitcoin-above-74k-on-march-9,BTC,2026-03-09,1,1
bitcoin-above-74k-on-may-1,BTC,2026-05-01,1,0
bitcoin-above-74k-on-may-14,BTC,2026-05-14,1,0
bitcoin-above-74k-on-may-2,BTC,2026-05-02,1,0
bitcoin-above-74k-on-may-4,BTC,2026-05-04,1,1
bitcoin-above-74k-on-may-5,BTC,2026-05-05,1,1
bitcoin-above-74k-on-may-6,BTC,2026-05-06,1,2
bitcoin-above-74k-on-may-7,BTC,2026-05-07,1,0
bitcoin-above-76k-on-april-11,BTC,2026-04-11,1,0
bitcoin-above-76k-on-april-12,BTC,2026-04-12,1,0
bitcoin-above-76k-on-april-13,BTC,2026-04-13,1,0
bitcoin-above-76k-on-april-14,BTC,2026-04-14,1,1
bitcoin-above-76k-on-april-15,BTC,2026-04-15,1,0
bitcoin-above-76k-on-april-16,BTC,2026-04-16,1,2
bitcoin-above-76k-on-april-17,BTC,2026-04-17,1,5
bitcoin-above-76k-on-april-18,BTC,2026-04-18,1,10
bitcoin-above-76k-on-april-19,BTC,2026-04-19,1,11
bitcoin-above-76k-on-april-20,BTC,2026-04-20,1,11
bitcoin-above-76k-on-april-21,BTC,2026-04-21,1,17
bitcoin-above-76k-on-april-22,BTC,2026-04-22,1,12
bitcoin-above-76k-on-april-23,BTC,2026-04-23,1,11
bitcoin-above-76k-on-april-24,BTC,2026-04-24,1,3
bitcoin-above-76k-on-april-25,BTC,2026-04-25,1,0
bitcoin-above-76k-on-april-27,BTC,2026-04-27,1,2
bitcoin-above-76k-on-april-28,BTC,2026-04-28,1,9
bitcoin-above-76k-on-april-29,BTC,2026-04-29,1,7
bitcoin-above-76k-on-april-30,BTC,2026-04-30,1,7
bitcoin-above-76k-on-april-8,BTC,2026-04-08,1,0
bitcoin-above-76k-on-february-10,BTC,2026-02-10,1,2
bitcoin-above-76k-on-february-11,BTC,2026-02-11,1,0
bitcoin-above-76k-on-february-17,BTC,2026-02-17,1,0
bitcoin-above-76k-on-february-5,BTC,2026-02-05,1,7
bitcoin-above-76k-on-february-6,BTC,2026-02-06,1,2
bitcoin-above-76k-on-february-7,BTC,2026-02-07,1,1
bitcoin-above-76k-on-february-8,BTC,2026-02-08,1,1
bitcoin-above-76k-on-february-9,BTC,2026-02-09,1,1
bitcoin-above-76k-on-march-10,BTC,2026-03-10,1,0
bitcoin-above-76k-on-march-17,BTC,2026-03-17,1,0
bitcoin-above-76k-on-march-18,BTC,2026-03-18,1,1
bitcoin-above-76k-on-march-19,BTC,2026-03-19,1,1
bitcoin-above-76k-on-march-20,BTC,2026-03-20,1,1
bitcoin-above-76k-on-march-21,BTC,2026-03-21,1,1
bitcoin-above-76k-on-march-22,BTC,2026-03-22,1,0
bitcoin-above-76k-on-march-23,BTC,2026-03-23,1,1
bitcoin-above-76k-on-march-24,BTC,2026-03-24,1,1
bitcoin-above-76k-on-march-31,BTC,2026-03-31,1,0
bitcoin-above-76k-on-march-8,BTC,2026-03-08,1,0
bitcoin-above-76k-on-march-9,BTC,2026-03-09,1,0
bitcoin-above-76k-on-may-1,BTC,2026-05-01,1,4
bitcoin-above-76k-on-may-10,BTC,2026-05-10,1,0
bitcoin-above-76k-on-may-13,BTC,2026-05-13,1,0
bitcoin-above-76k-on-may-14,BTC,2026-05-14,1,0
bitcoin-above-76k-on-may-2,BTC,2026-05-02,1,3
bitcoin-above-76k-on-may-3,BTC,2026-05-03,1,2
bitcoin-above-76k-on-may-4,BTC,2026-05-04,1,6
bitcoin-above-76k-on-may-5,BTC,2026-05-05,1,5
bitcoin-above-76k-on-may-6,BTC,2026-05-06,1,3
bitcoin-above-76k-on-may-7,BTC,2026-05-07,1,2
bitcoin-above-76k-on-may-8,BTC,2026-05-08,1,0
bitcoin-above-78k-on-april-17,BTC,2026-04-17,1,0
bitcoin-above-78k-on-april-18,BTC,2026-04-18,1,0
bitcoin-above-78k-on-april-19,BTC,2026-04-19,1,3
bitcoin-above-78k-on-april-20,BTC,2026-04-20,1,6
bitcoin-above-78k-on-april-21,BTC,2026-04-21,1,5
bitcoin-above-78k-on-april-22,BTC,2026-04-22,1,7
bitcoin-above-78k-on-april-23,BTC,2026-04-23,1,7
bitcoin-above-78k-on-april-24,BTC,2026-04-24,1,5
bitcoin-above-78k-on-april-25,BTC,2026-04-25,1,6
bitcoin-above-78k-on-april-26,BTC,2026-04-26,1,11
bitcoin-above-78k-on-april-27,BTC,2026-04-27,1,11
bitcoin-above-78k-on-april-28,BTC,2026-04-28,1,7
bitcoin-above-78k-on-april-29,BTC,2026-04-29,1,8
bitcoin-above-78k-on-april-30,BTC,2026-04-30,1,8
bitcoin-above-78k-on-february-1,BTC,2026-02-01,1,2
bitcoin-above-78k-on-february-11,BTC,2026-02-11,1,0
bitcoin-above-78k-on-february-2,BTC,2026-02-02,1,4
bitcoin-above-78k-on-february-3,BTC,2026-02-03,1,10
bitcoin-above-78k-on-february-5,BTC,2026-02-05,1,8
bitcoin-above-78k-on-february-6,BTC,2026-02-06,1,1
bitcoin-above-78k-on-february-7,BTC,2026-02-07,1,0
bitcoin-above-78k-on-february-8,BTC,2026-02-08,1,0
bitcoin-above-78k-on-february-9,BTC,2026-02-09,1,0
bitcoin-above-78k-on-march-10,BTC,2026-03-10,1,0
bitcoin-above-78k-on-march-26,BTC,2026-03-26,1,0
bitcoin-above-78k-on-may-1,BTC,2026-05-01,1,1
bitcoin-above-78k-on-may-10,BTC,2026-05-10,1,0
bitcoin-above-78k-on-may-11,BTC,2026-05-11,1,4
bitcoin-above-78k-on-may-12,BTC,2026-05-12,1,4
bitcoin-above-78k-on-may-13,BTC,2026-05-13,1,2
bitcoin-above-78k-on-may-14,BTC,2026-05-14,1,3
bitcoin-above-78k-on-may-15,BTC,2026-05-15,1,1
bitcoin-above-78k-on-may-2,BTC,2026-05-02,1,9
bitcoin-above-78k-on-may-3,BTC,2026-05-03,1,7
bitcoin-above-78k-on-may-4,BTC,2026-05-04,1,10
bitcoin-above-78k-on-may-5,BTC,2026-05-05,1,12
bitcoin-above-78k-on-may-6,BTC,2026-05-06,1,7
bitcoin-above-78k-on-may-7,BTC,2026-05-07,1,7
bitcoin-above-78k-on-may-8,BTC,2026-05-08,1,0
bitcoin-above-78k-on-november-27,BTC,2025-11-27,1,0
bitcoin-above-80k-on-april-20,BTC,2026-04-20,1,0
bitcoin-above-80k-on-april-21,BTC,2026-04-21,1,1
bitcoin-above-80k-on-april-22,BTC,2026-04-22,1,2
bitcoin-above-80k-on-april-23,BTC,2026-04-23,1,1
bitcoin-above-80k-on-april-25,BTC,2026-04-25,1,2
bitcoin-above-80k-on-april-26,BTC,2026-04-26,1,5
bitcoin-above-80k-on-april-27,BTC,2026-04-27,1,4
bitcoin-above-80k-on-april-28,BTC,2026-04-28,1,3
bitcoin-above-80k-on-april-29,BTC,2026-04-29,1,2
bitcoin-above-80k-on-april-30,BTC,2026-04-30,1,2
bitcoin-above-80k-on-december-22,BTC,2025-12-22,1,0
bitcoin-above-80k-on-december-23,BTC,2025-12-23,1,0
bitcoin-above-80k-on-december-3,BTC,2025-12-03,1,0
bitcoin-above-80k-on-december-5,BTC,2025-12-05,1,0
bitcoin-above-80k-on-december-9,BTC,2025-12-09,1,0
bitcoin-above-80k-on-february-1,BTC,2026-02-01,1,4
bitcoin-above-80k-on-february-10,BTC,2026-02-10,1,0
bitcoin-above-80k-on-february-2,BTC,2026-02-02,1,3
bitcoin-above-80k-on-february-3,BTC,2026-02-03,1,6
bitcoin-above-80k-on-february-4,BTC,2026-02-04,1,7
bitcoin-above-80k-on-february-5,BTC,2026-02-05,1,4
bitcoin-above-80k-on-february-6,BTC,2026-02-06,1,0
bitcoin-above-80k-on-february-7,BTC,2026-02-07,1,0
bitcoin-above-80k-on-february-8,BTC,2026-02-08,1,0
bitcoin-above-80k-on-february-9,BTC,2026-02-09,1,0
bitcoin-above-80k-on-january-30,BTC,2026-01-30,1,0
bitcoin-above-80k-on-january-31,BTC,2026-01-31,1,2
bitcoin-above-80k-on-may-10,BTC,2026-05-10,1,9
bitcoin-above-80k-on-may-11,BTC,2026-05-11,1,8
bitcoin-above-80k-on-may-12,BTC,2026-05-12,1,13
bitcoin-above-80k-on-may-13,BTC,2026-05-13,1,9
bitcoin-above-80k-on-may-14,BTC,2026-05-14,1,4
bitcoin-above-80k-on-may-15,BTC,2026-05-15,1,1
bitcoin-above-80k-on-may-3,BTC,2026-05-03,1,4
bitcoin-above-80k-on-may-4,BTC,2026-05-04,1,4
bitcoin-above-80k-on-may-5,BTC,2026-05-05,1,7
bitcoin-above-80k-on-may-6,BTC,2026-05-06,1,7
bitcoin-above-80k-on-may-7,BTC,2026-05-07,1,5
bitcoin-above-80k-on-may-8,BTC,2026-05-08,1,6
bitcoin-above-80k-on-may-9,BTC,2026-05-09,1,5
bitcoin-above-80k-on-november-26,BTC,2025-11-26,1,1
bitcoin-above-80k-on-november-27,BTC,2025-11-27,1,0
bitcoin-above-82k-on-april-22,BTC,2026-04-22,1,0
bitcoin-above-82k-on-april-23,BTC,2026-04-23,1,0
bitcoin-above-82k-on-april-26,BTC,2026-04-26,1,0
bitcoin-above-82k-on-april-27,BTC,2026-04-27,1,0
bitcoin-above-82k-on-april-28,BTC,2026-04-28,1,1
bitcoin-above-82k-on-april-29,BTC,2026-04-29,1,1
bitcoin-above-82k-on-april-30,BTC,2026-04-30,1,0
bitcoin-above-82k-on-december-1,BTC,2025-12-01,1,1
bitcoin-above-82k-on-december-18,BTC,2025-12-18,1,0
bitcoin-above-82k-on-december-19,BTC,2025-12-19,1,1
bitcoin-above-82k-on-december-2,BTC,2025-12-02,1,1
bitcoin-above-82k-on-december-20,BTC,2025-12-20,1,0
bitcoin-above-82k-on-december-22,BTC,2025-12-22,1,0
bitcoin-above-82k-on-december-23,BTC,2025-12-23,1,1
bitcoin-above-82k-on-december-24,BTC,2025-12-24,1,0
bitcoin-above-82k-on-december-3,BTC,2025-12-03,1,2
bitcoin-above-82k-on-december-4,BTC,2025-12-04,1,1
bitcoin-above-82k-on-december-7,BTC,2025-12-07,1,0
bitcoin-above-82k-on-february-1,BTC,2026-02-01,1,3
bitcoin-above-82k-on-february-10,BTC,2026-02-10,1,0
bitcoin-above-82k-on-february-2,BTC,2026-02-02,1,4
bitcoin-above-82k-on-february-3,BTC,2026-02-03,1,0
bitcoin-above-82k-on-february-4,BTC,2026-02-04,1,2
bitcoin-above-82k-on-february-5,BTC,2026-02-05,1,2
bitcoin-above-82k-on-february-9,BTC,2026-02-09,1,0
bitcoin-above-82k-on-january-28,BTC,2026-01-28,1,0
bitcoin-above-82k-on-january-30,BTC,2026-01-30,1,2
bitcoin-above-82k-on-january-31,BTC,2026-01-31,1,5
bitcoin-above-82k-on-may-10,BTC,2026-05-10,1,3
bitcoin-above-82k-on-may-11,BTC,2026-05-11,1,7
bitcoin-above-82k-on-may-12,BTC,2026-05-12,1,4
bitcoin-above-82k-on-may-13,BTC,2026-05-13,1,7
bitcoin-above-82k-on-may-14,BTC,2026-05-14,1,1
bitcoin-above-82k-on-may-15,BTC,2026-05-15,1,0
bitcoin-above-82k-on-may-6,BTC,2026-05-06,1,1
bitcoin-above-82k-on-may-7,BTC,2026-05-07,1,1
bitcoin-above-82k-on-may-8,BTC,2026-05-08,1,0
bitcoin-above-82k-on-may-9,BTC,2026-05-09,1,3
bitcoin-above-82k-on-november-26,BTC,2025-11-26,1,3
bitcoin-above-82k-on-november-27,BTC,2025-11-27,1,3
bitcoin-above-82k-on-november-28,BTC,2025-11-28,1,0
bitcoin-above-84k-on-april-29,BTC,2026-04-29,1,0
bitcoin-above-84k-on-april-30,BTC,2026-04-30,1,0
bitcoin-above-84k-on-december-1,BTC,2025-12-01,1,0
bitcoin-above-84k-on-december-10,BTC,2025-12-10,1,1
bitcoin-above-84k-on-december-15,BTC,2025-12-15,1,0
bitcoin-above-84k-on-december-16,BTC,2025-12-16,1,0
bitcoin-above-84k-on-december-17,BTC,2025-12-17,1,0
bitcoin-above-84k-on-december-18,BTC,2025-12-18,1,2
bitcoin-above-84k-on-december-19,BTC,2025-12-19,1,5
bitcoin-above-84k-on-december-2,BTC,2025-12-02,1,2
bitcoin-above-84k-on-december-20,BTC,2025-12-20,1,1
bitcoin-above-84k-on-december-21,BTC,2025-12-21,1,0
bitcoin-above-84k-on-december-22,BTC,2025-12-22,1,2
bitcoin-above-84k-on-december-3,BTC,2025-12-03,1,2
bitcoin-above-84k-on-december-30,BTC,2025-12-30,1,0
bitcoin-above-84k-on-december-4,BTC,2025-12-04,1,2
bitcoin-above-84k-on-december-8,BTC,2025-12-08,1,0
bitcoin-above-84k-on-december-9,BTC,2025-12-09,1,0
bitcoin-above-84k-on-february-1,BTC,2026-02-01,1,3
bitcoin-above-84k-on-february-10,BTC,2026-02-10,1,0
bitcoin-above-84k-on-february-2,BTC,2026-02-02,1,3
bitcoin-above-84k-on-february-3,BTC,2026-02-03,1,1
bitcoin-above-84k-on-february-4,BTC,2026-02-04,1,2
bitcoin-above-84k-on-february-5,BTC,2026-02-05,1,1
bitcoin-above-84k-on-january-1,BTC,2026-01-01,1,0
bitcoin-above-84k-on-january-26,BTC,2026-01-26,1,0
bitcoin-above-84k-on-january-28,BTC,2026-01-28,1,0
bitcoin-above-84k-on-january-29,BTC,2026-01-29,1,0
bitcoin-above-84k-on-january-30,BTC,2026-01-30,1,0
bitcoin-above-84k-on-january-31,BTC,2026-01-31,1,2
bitcoin-above-84k-on-may-10,BTC,2026-05-10,1,1
bitcoin-above-84k-on-may-11,BTC,2026-05-11,1,2
bitcoin-above-84k-on-may-12,BTC,2026-05-12,1,2
bitcoin-above-84k-on-may-13,BTC,2026-05-13,1,1
bitcoin-above-84k-on-may-14,BTC,2026-05-14,1,1
bitcoin-above-84k-on-may-9,BTC,2026-05-09,1,1
bitcoin-above-84k-on-november-23,BTC,2025-11-23,1,3
bitcoin-above-84k-on-november-24,BTC,2025-11-24,1,8
bitcoin-above-84k-on-november-25,BTC,2025-11-25,1,6
bitcoin-above-84k-on-november-26,BTC,2025-11-26,1,5
bitcoin-above-84k-on-november-27,BTC,2025-11-27,1,2
bitcoin-above-84k-on-november-28,BTC,2025-11-28,1,1
bitcoin-above-86k-on-december-1,BTC,2025-12-01,1,2
bitcoin-above-86k-on-december-10,BTC,2025-12-10,1,0
bitcoin-above-86k-on-december-12,BTC,2025-12-12,1,0
bitcoin-above-86k-on-december-15,BTC,2025-12-15,1,2
bitcoin-above-86k-on-december-16,BTC,2025-12-16,1,4
bitcoin-above-86k-on-december-17,BTC,2025-12-17,1,7
bitcoin-above-86k-on-december-18,BTC,2025-12-18,1,3
bitcoin-above-86k-on-december-19,BTC,2025-12-19,1,2
bitcoin-above-86k-on-december-2,BTC,2025-12-02,1,6
bitcoin-above-86k-on-december-20,BTC,2025-12-20,1,2
bitcoin-above-86k-on-december-21,BTC,2025-12-21,1,1
bitcoin-above-86k-on-december-22,BTC,2025-12-22,1,0
bitcoin-above-86k-on-december-23,BTC,2025-12-23,1,2
bitcoin-above-86k-on-december-24,BTC,2025-12-24,1,4
bitcoin-above-86k-on-december-25,BTC,2025-12-25,1,1
bitcoin-above-86k-on-december-26,BTC,2025-12-26,1,2
bitcoin-above-86k-on-december-27,BTC,2025-12-27,1,0
bitcoin-above-86k-on-december-28,BTC,2025-12-28,1,0
bitcoin-above-86k-on-december-29,BTC,2025-12-29,1,2
bitcoin-above-86k-on-december-3,BTC,2025-12-03,1,2
bitcoin-above-86k-on-december-30,BTC,2025-12-30,1,2
bitcoin-above-86k-on-december-31,BTC,2025-12-31,1,0
bitcoin-above-86k-on-december-4,BTC,2025-12-04,1,2
bitcoin-above-86k-on-december-5,BTC,2025-12-05,1,0
bitcoin-above-86k-on-december-6,BTC,2025-12-06,1,0
bitcoin-above-86k-on-december-7,BTC,2025-12-07,1,0
bitcoin-above-86k-on-december-8,BTC,2025-12-08,1,1
bitcoin-above-86k-on-december-9,BTC,2025-12-09,1,1
bitcoin-above-86k-on-february-1,BTC,2026-02-01,1,3
bitcoin-above-86k-on-february-2,BTC,2026-02-02,1,0
bitcoin-above-86k-on-february-3,BTC,2026-02-03,1,0
bitcoin-above-86k-on-february-4,BTC,2026-02-04,1,1
bitcoin-above-86k-on-february-5,BTC,2026-02-05,1,2
bitcoin-above-86k-on-january-1,BTC,2026-01-01,1,3
bitcoin-above-86k-on-january-15,BTC,2026-01-15,1,0
bitcoin-above-86k-on-january-2,BTC,2026-01-02,1,0
bitcoin-above-86k-on-january-22,BTC,2026-01-22,1,0
bitcoin-above-86k-on-january-23,BTC,2026-01-23,1,1
bitcoin-above-86k-on-january-24,BTC,2026-01-24,1,0
bitcoin-above-86k-on-january-25,BTC,2026-01-25,1,0
bitcoin-above-86k-on-january-26,BTC,2026-01-26,1,2
bitcoin-above-86k-on-january-27,BTC,2026-01-27,1,3
bitcoin-above-86k-on-january-28,BTC,2026-01-28,1,2
bitcoin-above-86k-on-january-29,BTC,2026-01-29,1,3
bitcoin-above-86k-on-january-30,BTC,2026-01-30,1,0
bitcoin-above-86k-on-january-31,BTC,2026-01-31,1,3
bitcoin-above-86k-on-january-5,BTC,2026-01-05,1,0
bitcoin-above-86k-on-january-8,BTC,2026-01-08,1,0
bitcoin-above-86k-on-may-10,BTC,2026-05-10,1,1
bitcoin-above-86k-on-may-11,BTC,2026-05-11,1,1
bitcoin-above-86k-on-may-12,BTC,2026-05-12,1,0
bitcoin-above-86k-on-may-13,BTC,2026-05-13,1,0
bitcoin-above-86k-on-may-14,BTC,2026-05-14,1,0
bitcoin-above-86k-on-november-22,BTC,2025-11-22,1,5
bitcoin-above-86k-on-november-23,BTC,2025-11-23,1,6
bitcoin-above-86k-on-november-24,BTC,2025-11-24,1,7
bitcoin-above-86k-on-november-25,BTC,2025-11-25,1,9
bitcoin-above-86k-on-november-26,BTC,2025-11-26,1,4
bitcoin-above-86k-on-november-27,BTC,2025-11-27,1,1
bitcoin-above-86k-on-november-28,BTC,2025-11-28,1,2
bitcoin-above-86k-on-november-29,BTC,2025-11-29,1,0
bitcoin-above-86k-on-november-30,BTC,2025-11-30,1,0
bitcoin-above-88k-on-december-1,BTC,2025-12-01,1,5
bitcoin-above-88k-on-december-10,BTC,2025-12-10,1,2
bitcoin-above-88k-on-december-11,BTC,2025-12-11,1,2
bitcoin-above-88k-on-december-12,BTC,2025-12-12,1,0
bitcoin-above-88k-on-december-13,BTC,2025-12-13,1,0
bitcoin-above-88k-on-december-15,BTC,2025-12-15,1,3
bitcoin-above-88k-on-december-16,BTC,2025-12-16,1,3
bitcoin-above-88k-on-december-17,BTC,2025-12-17,1,5
bitcoin-above-88k-on-december-18,BTC,2025-12-18,1,5
bitcoin-above-88k-on-december-19,BTC,2025-12-19,1,5
bitcoin-above-88k-on-december-2,BTC,2025-12-02,1,8
bitcoin-above-88k-on-december-20,BTC,2025-12-20,1,6
bitcoin-above-88k-on-december-21,BTC,2025-12-21,1,6
bitcoin-above-88k-on-december-22,BTC,2025-12-22,1,7
bitcoin-above-88k-on-december-23,BTC,2025-12-23,1,5
bitcoin-above-88k-on-december-24,BTC,2025-12-24,1,2
bitcoin-above-88k-on-december-25,BTC,2025-12-25,1,2
bitcoin-above-88k-on-december-26,BTC,2025-12-26,1,6
bitcoin-above-88k-on-december-27,BTC,2025-12-27,1,4
bitcoin-above-88k-on-december-28,BTC,2025-12-28,1,5
bitcoin-above-88k-on-december-29,BTC,2025-12-29,1,7
bitcoin-above-88k-on-december-3,BTC,2025-12-03,1,5
bitcoin-above-88k-on-december-30,BTC,2025-12-30,1,8
bitcoin-above-88k-on-december-31,BTC,2025-12-31,1,4
bitcoin-above-88k-on-december-4,BTC,2025-12-04,1,5
bitcoin-above-88k-on-december-5,BTC,2025-12-05,1,1
bitcoin-above-88k-on-december-6,BTC,2025-12-06,1,4
bitcoin-above-88k-on-december-7,BTC,2025-12-07,1,0
bitcoin-above-88k-on-december-8,BTC,2025-12-08,1,2
bitcoin-above-88k-on-december-9,BTC,2025-12-09,1,2
bitcoin-above-88k-on-february-1,BTC,2026-02-01,1,2
bitcoin-above-88k-on-february-2,BTC,2026-02-02,1,0
bitcoin-above-88k-on-february-3,BTC,2026-02-03,1,1
bitcoin-above-88k-on-february-5,BTC,2026-02-05,1,0
bitcoin-above-88k-on-january-1,BTC,2026-01-01,1,6
bitcoin-above-88k-on-january-14,BTC,2026-01-14,1,3
bitcoin-above-88k-on-january-15,BTC,2026-01-15,1,0
bitcoin-above-88k-on-january-2,BTC,2026-01-02,1,2
bitcoin-above-88k-on-january-21,BTC,2026-01-21,1,3
bitcoin-above-88k-on-january-22,BTC,2026-01-22,1,2
bitcoin-above-88k-on-january-23,BTC,2026-01-23,1,2
bitcoin-above-88k-on-january-24,BTC,2026-01-24,1,1
bitcoin-above-88k-on-january-25,BTC,2026-01-25,1,3
bitcoin-above-88k-on-january-26,BTC,2026-01-26,1,5
bitcoin-above-88k-on-january-27,BTC,2026-01-27,1,6
bitcoin-above-88k-on-january-28,BTC,2026-01-28,1,9
bitcoin-above-88k-on-january-29,BTC,2026-01-29,1,5
bitcoin-above-88k-on-january-3,BTC,2026-01-03,1,2
bitcoin-above-88k-on-january-31,BTC,2026-01-31,1,2
bitcoin-above-88k-on-january-4,BTC,2026-01-04,1,0
bitcoin-above-88k-on-january-5,BTC,2026-01-05,1,1
bitcoin-above-88k-on-january-7,BTC,2026-01-07,1,0
bitcoin-above-88k-on-january-8,BTC,2026-01-08,1,1
bitcoin-above-88k-on-may-13,BTC,2026-05-13,1,0
bitcoin-above-88k-on-november-21,BTC,2025-11-21,1,2
bitcoin-above-88k-on-november-22,BTC,2025-11-22,1,5
bitcoin-above-88k-on-november-23,BTC,2025-11-23,1,7
bitcoin-above-88k-on-november-24,BTC,2025-11-24,1,7
bitcoin-above-88k-on-november-25,BTC,2025-11-25,1,6
bitcoin-above-88k-on-november-26,BTC,2025-11-26,1,7
bitcoin-above-88k-on-november-27,BTC,2025-11-27,1,5
bitcoin-above-88k-on-november-28,BTC,2025-11-28,1,2
bitcoin-above-88k-on-november-29,BTC,2025-11-29,1,1
bitcoin-above-88k-on-november-30,BTC,2025-11-30,1,0
bitcoin-above-90k-on-december-1,BTC,2025-12-01,1,5
bitcoin-above-90k-on-december-10,BTC,2025-12-10,1,5
bitcoin-above-90k-on-december-11,BTC,2025-12-11,1,5
bitcoin-above-90k-on-december-12,BTC,2025-12-12,1,3
bitcoin-above-90k-on-december-13,BTC,2025-12-13,1,1
bitcoin-above-90k-on-december-15,BTC,2025-12-15,1,1
bitcoin-above-90k-on-december-16,BTC,2025-12-16,1,1
bitcoin-above-90k-on-december-17,BTC,2025-12-17,1,2
bitcoin-above-90k-on-december-18,BTC,2025-12-18,1,0
bitcoin-above-90k-on-december-19,BTC,2025-12-19,1,2
bitcoin-above-90k-on-december-2,BTC,2025-12-02,1,4
bitcoin-above-90k-on-december-20,BTC,2025-12-20,1,3
bitcoin-above-90k-on-december-21,BTC,2025-12-21,1,5
bitcoin-above-90k-on-december-22,BTC,2025-12-22,1,3
bitcoin-above-90k-on-december-23,BTC,2025-12-23,1,2
bitcoin-above-90k-on-december-24,BTC,2025-12-24,1,2
bitcoin-above-90k-on-december-25,BTC,2025-12-25,1,2
bitcoin-above-90k-on-december-26,BTC,2025-12-26,1,1
bitcoin-above-90k-on-december-27,BTC,2025-12-27,1,3
bitcoin-above-90k-on-december-28,BTC,2025-12-28,1,1
bitcoin-above-90k-on-december-29,BTC,2025-12-29,1,1
bitcoin-above-90k-on-december-3,BTC,2025-12-03,1,3
bitcoin-above-90k-on-december-30,BTC,2025-12-30,1,1
bitcoin-above-90k-on-december-31,BTC,2025-12-31,1,2
bitcoin-above-90k-on-december-4,BTC,2025-12-04,1,7
bitcoin-above-90k-on-december-5,BTC,2025-12-05,1,7
bitcoin-above-90k-on-december-6,BTC,2025-12-06,1,6
bitcoin-above-90k-on-december-7,BTC,2025-12-07,1,6
bitcoin-above-90k-on-december-8,BTC,2025-12-08,1,5
bitcoin-above-90k-on-december-9,BTC,2025-12-09,1,5
bitcoin-above-90k-on-february-1,BTC,2026-02-01,1,3
bitcoin-above-90k-on-february-2,BTC,2026-02-02,1,0
bitcoin-above-90k-on-february-3,BTC,2026-02-03,1,1
bitcoin-above-90k-on-february-4,BTC,2026-02-04,1,0
bitcoin-above-90k-on-january-1,BTC,2026-01-01,1,2
bitcoin-above-90k-on-january-10,BTC,2026-01-10,1,4
bitcoin-above-90k-on-january-11,BTC,2026-01-11,1,2
bitcoin-above-90k-on-january-12,BTC,2026-01-12,1,3
bitcoin-above-90k-on-january-13,BTC,2026-01-13,1,9
bitcoin-above-90k-on-january-14,BTC,2026-01-14,1,1
bitcoin-above-90k-on-january-15,BTC,2026-01-15,1,0
bitcoin-above-90k-on-january-2,BTC,2026-01-02,1,2
bitcoin-above-90k-on-january-20,BTC,2026-01-20,1,2
bitcoin-above-90k-on-january-21,BTC,2026-01-21,1,5
bitcoin-above-90k-on-january-22,BTC,2026-01-22,1,3
bitcoin-above-90k-on-january-23,BTC,2026-01-23,1,8
bitcoin-above-90k-on-january-24,BTC,2026-01-24,1,7
bitcoin-above-90k-on-january-25,BTC,2026-01-25,1,7
bitcoin-above-90k-on-january-26,BTC,2026-01-26,1,6
bitcoin-above-90k-on-january-27,BTC,2026-01-27,1,3
bitcoin-above-90k-on-january-28,BTC,2026-01-28,1,7
bitcoin-above-90k-on-january-29,BTC,2026-01-29,1,8
bitcoin-above-90k-on-january-3,BTC,2026-01-03,1,8
bitcoin-above-90k-on-january-30,BTC,2026-01-30,1,3
bitcoin-above-90k-on-january-31,BTC,2026-01-31,1,3
bitcoin-above-90k-on-january-4,BTC,2026-01-04,1,5
bitcoin-above-90k-on-january-5,BTC,2026-01-05,1,3
bitcoin-above-90k-on-january-6,BTC,2026-01-06,1,3
bitcoin-above-90k-on-january-7,BTC,2026-01-07,1,0
bitcoin-above-90k-on-january-8,BTC,2026-01-08,1,2
bitcoin-above-90k-on-january-9,BTC,2026-01-09,1,6
bitcoin-above-90k-on-november-20,BTC,2025-11-20,1,3
bitcoin-above-90k-on-november-21,BTC,2025-11-21,1,5
bitcoin-above-90k-on-november-22,BTC,2025-11-22,1,5
bitcoin-above-90k-on-november-23,BTC,2025-11-23,1,4
bitcoin-above-90k-on-november-24,BTC,2025-11-24,1,4
bitcoin-above-90k-on-november-25,BTC,2025-11-25,1,6
bitcoin-above-90k-on-november-26,BTC,2025-11-26,1,2
bitcoin-above-90k-on-november-27,BTC,2025-11-27,1,7
bitcoin-above-90k-on-november-28,BTC,2025-11-28,1,3
bitcoin-above-90k-on-november-29,BTC,2025-11-29,1,2
bitcoin-above-90k-on-november-30,BTC,2025-11-30,1,3
bitcoin-above-92k-on-december-1,BTC,2025-12-01,1,3
bitcoin-above-92k-on-december-10,BTC,2025-12-10,1,8
bitcoin-above-92k-on-december-11,BTC,2025-12-11,1,1
bitcoin-above-92k-on-december-12,BTC,2025-12-12,1,6
bitcoin-above-92k-on-december-13,BTC,2025-12-13,1,6
bitcoin-above-92k-on-december-15,BTC,2025-12-15,1,2
bitcoin-above-92k-on-december-16,BTC,2025-12-16,1,4
bitcoin-above-92k-on-december-17,BTC,2025-12-17,1,1
bitcoin-above-92k-on-december-18,BTC,2025-12-18,1,0
bitcoin-above-92k-on-december-2,BTC,2025-12-02,1,1
bitcoin-above-92k-on-december-20,BTC,2025-12-20,1,2
bitcoin-above-92k-on-december-21,BTC,2025-12-21,1,1
bitcoin-above-92k-on-december-22,BTC,2025-12-22,1,2
bitcoin-above-92k-on-december-25,BTC,2025-12-25,1,0
bitcoin-above-92k-on-december-28,BTC,2025-12-28,1,0
bitcoin-above-92k-on-december-3,BTC,2025-12-03,1,5
bitcoin-above-92k-on-december-4,BTC,2025-12-04,1,7
bitcoin-above-92k-on-december-5,BTC,2025-12-05,1,5
bitcoin-above-92k-on-december-6,BTC,2025-12-06,1,3
bitcoin-above-92k-on-december-7,BTC,2025-12-07,1,5
bitcoin-above-92k-on-december-8,BTC,2025-12-08,1,5
bitcoin-above-92k-on-december-9,BTC,2025-12-09,1,2
bitcoin-above-92k-on-february-1,BTC,2026-02-01,1,2
bitcoin-above-92k-on-february-2,BTC,2026-02-02,1,1
bitcoin-above-92k-on-february-3,BTC,2026-02-03,1,1
bitcoin-above-92k-on-february-4,BTC,2026-02-04,1,0
bitcoin-above-92k-on-january-1,BTC,2026-01-01,1,5
bitcoin-above-92k-on-january-10,BTC,2026-01-10,1,3
bitcoin-above-92k-on-january-11,BTC,2026-01-11,1,9
bitcoin-above-92k-on-january-12,BTC,2026-01-12,1,8
bitcoin-above-92k-on-january-13,BTC,2026-01-13,1,10
bitcoin-above-92k-on-january-14,BTC,2026-01-14,1,3
bitcoin-above-92k-on-january-15,BTC,2026-01-15,1,5
bitcoin-above-92k-on-january-16,BTC,2026-01-16,1,0
bitcoin-above-92k-on-january-19,BTC,2026-01-19,1,2
bitcoin-above-92k-on-january-2,BTC,2026-01-02,1,2
bitcoin-above-92k-on-january-20,BTC,2026-01-20,1,4
bitcoin-above-92k-on-january-21,BTC,2026-01-21,1,3
bitcoin-above-92k-on-january-22,BTC,2026-01-22,1,3
bitcoin-above-92k-on-january-23,BTC,2026-01-23,1,3
bitcoin-above-92k-on-january-24,BTC,2026-01-24,1,3
bitcoin-above-92k-on-january-25,BTC,2026-01-25,1,4
bitcoin-above-92k-on-january-26,BTC,2026-01-26,1,3
bitcoin-above-92k-on-january-27,BTC,2026-01-27,1,2
bitcoin-above-92k-on-january-28,BTC,2026-01-28,1,0
bitcoin-above-92k-on-january-29,BTC,2026-01-29,1,2
bitcoin-above-92k-on-january-3,BTC,2026-01-03,1,2
bitcoin-above-92k-on-january-31,BTC,2026-01-31,1,0
bitcoin-above-92k-on-january-4,BTC,2026-01-04,1,4
bitcoin-above-92k-on-january-5,BTC,2026-01-05,1,6
bitcoin-above-92k-on-january-6,BTC,2026-01-06,1,4
bitcoin-above-92k-on-january-7,BTC,2026-01-07,1,6
bitcoin-above-92k-on-january-8,BTC,2026-01-08,1,3
bitcoin-above-92k-on-january-9,BTC,2026-01-09,1,0
bitcoin-above-92k-on-november-11,BTC,2025-11-11,1,0
bitcoin-above-92k-on-november-14,BTC,2025-11-14,1,0
bitcoin-above-92k-on-november-15,BTC,2025-11-15,1,0
bitcoin-above-92k-on-november-19,BTC,2025-11-19,1,3
bitcoin-above-92k-on-november-20,BTC,2025-11-20,1,2
bitcoin-above-92k-on-november-21,BTC,2025-11-21,1,3
bitcoin-above-92k-on-november-22,BTC,2025-11-22,1,1
bitcoin-above-92k-on-november-23,BTC,2025-11-23,1,5
bitcoin-above-92k-on-november-24,BTC,2025-11-24,1,2
bitcoin-above-92k-on-november-25,BTC,2025-11-25,1,0
bitcoin-above-92k-on-november-27,BTC,2025-11-27,1,6
bitcoin-above-92k-on-november-28,BTC,2025-11-28,1,4
bitcoin-above-92k-on-november-29,BTC,2025-11-29,1,3
bitcoin-above-92k-on-november-30,BTC,2025-11-30,1,5
bitcoin-above-94k-on-december-1,BTC,2025-12-01,1,1
bitcoin-above-94k-on-december-10,BTC,2025-12-10,1,2
bitcoin-above-94k-on-december-11,BTC,2025-12-11,1,0
bitcoin-above-94k-on-december-12,BTC,2025-12-12,1,1
bitcoin-above-94k-on-december-13,BTC,2025-12-13,1,4
bitcoin-above-94k-on-december-15,BTC,2025-12-15,1,1
bitcoin-above-94k-on-december-16,BTC,2025-12-16,1,0
bitcoin-above-94k-on-december-17,BTC,2025-12-17,1,0
bitcoin-above-94k-on-december-2,BTC,2025-12-02,1,2
bitcoin-above-94k-on-december-24,BTC,2025-12-24,1,0
bitcoin-above-94k-on-december-3,BTC,2025-12-03,1,2
bitcoin-above-94k-on-december-30,BTC,2025-12-30,1,0
bitcoin-above-94k-on-december-4,BTC,2025-12-04,1,2
bitcoin-above-94k-on-december-5,BTC,2025-12-05,1,2
bitcoin-above-94k-on-december-6,BTC,2025-12-06,1,0
bitcoin-above-94k-on-december-7,BTC,2025-12-07,1,4
bitcoin-above-94k-on-december-8,BTC,2025-12-08,1,2
bitcoin-above-94k-on-december-9,BTC,2025-12-09,1,2
bitcoin-above-94k-on-february-1,BTC,2026-02-01,1,0
bitcoin-above-94k-on-february-3,BTC,2026-02-03,1,0
bitcoin-above-94k-on-january-1,BTC,2026-01-01,1,1
bitcoin-above-94k-on-january-10,BTC,2026-01-10,1,0
bitcoin-above-94k-on-january-11,BTC,2026-01-11,1,2
bitcoin-above-94k-on-january-12,BTC,2026-01-12,1,1
bitcoin-above-94k-on-january-13,BTC,2026-01-13,1,2
bitcoin-above-94k-on-january-14,BTC,2026-01-14,1,2
bitcoin-above-94k-on-january-15,BTC,2026-01-15,1,3
bitcoin-above-94k-on-january-16,BTC,2026-01-16,1,0
bitcoin-above-94k-on-january-17,BTC,2026-01-17,1,1
bitcoin-above-94k-on-january-18,BTC,2026-01-18,1,2
bitcoin-above-94k-on-january-19,BTC,2026-01-19,1,3
bitcoin-above-94k-on-january-20,BTC,2026-01-20,1,3
bitcoin-above-94k-on-january-21,BTC,2026-01-21,1,5
bitcoin-above-94k-on-january-22,BTC,2026-01-22,1,2
bitcoin-above-94k-on-january-24,BTC,2026-01-24,1,0
bitcoin-above-94k-on-january-25,BTC,2026-01-25,1,1
bitcoin-above-94k-on-january-26,BTC,2026-01-26,1,1
bitcoin-above-94k-on-january-27,BTC,2026-01-27,1,1
bitcoin-above-94k-on-january-28,BTC,2026-01-28,1,0
bitcoin-above-94k-on-january-3,BTC,2026-01-03,1,0
bitcoin-above-94k-on-january-4,BTC,2026-01-04,1,0
bitcoin-above-94k-on-january-5,BTC,2026-01-05,1,3
bitcoin-above-94k-on-january-6,BTC,2026-01-06,1,4
bitcoin-above-94k-on-january-7,BTC,2026-01-07,1,1
bitcoin-above-94k-on-january-8,BTC,2026-01-08,1,2
bitcoin-above-94k-on-january-9,BTC,2026-01-09,1,2
bitcoin-above-94k-on-november-14,BTC,2025-11-14,1,0
bitcoin-above-94k-on-november-15,BTC,2025-11-15,1,1
bitcoin-above-94k-on-november-18,BTC,2025-11-18,1,1
bitcoin-above-94k-on-november-19,BTC,2025-11-19,1,4
bitcoin-above-94k-on-november-21,BTC,2025-11-21,1,0
bitcoin-above-94k-on-november-22,BTC,2025-11-22,1,0
bitcoin-above-94k-on-november-23,BTC,2025-11-23,1,1
bitcoin-above-94k-on-november-24,BTC,2025-11-24,1,0
bitcoin-above-94k-on-november-25,BTC,2025-11-25,1,1
bitcoin-above-94k-on-november-28,BTC,2025-11-28,1,0
bitcoin-above-94k-on-november-29,BTC,2025-11-29,1,1
bitcoin-above-94k-on-november-30,BTC,2025-11-30,1,3
bitcoin-above-96k-on-december-1,BTC,2025-12-01,1,0
bitcoin-above-96k-on-december-11,BTC,2025-12-11,1,0
bitcoin-above-96k-on-december-12,BTC,2025-12-12,1,0
bitcoin-above-96k-on-december-13,BTC,2025-12-13,1,0
bitcoin-above-96k-on-december-15,BTC,2025-12-15,1,1
bitcoin-above-96k-on-december-5,BTC,2025-12-05,1,0
bitcoin-above-96k-on-december-6,BTC,2025-12-06,1,2
bitcoin-above-96k-on-december-7,BTC,2025-12-07,1,2
bitcoin-above-96k-on-december-9,BTC,2025-12-09,1,0
bitcoin-above-96k-on-january-11,BTC,2026-01-11,1,0
bitcoin-above-96k-on-january-12,BTC,2026-01-12,1,1
bitcoin-above-96k-on-january-14,BTC,2026-01-14,1,2
bitcoin-above-96k-on-january-15,BTC,2026-01-15,1,7
bitcoin-above-96k-on-january-16,BTC,2026-01-16,1,5
bitcoin-above-96k-on-january-17,BTC,2026-01-17,1,2
bitcoin-above-96k-on-january-18,BTC,2026-01-18,1,10
bitcoin-above-96k-on-january-19,BTC,2026-01-19,1,7
bitcoin-above-96k-on-january-20,BTC,2026-01-20,1,1
bitcoin-above-96k-on-january-21,BTC,2026-01-21,1,4
bitcoin-above-96k-on-january-22,BTC,2026-01-22,1,3
bitcoin-above-96k-on-january-26,BTC,2026-01-26,1,0
bitcoin-above-96k-on-january-27,BTC,2026-01-27,1,0
bitcoin-above-96k-on-january-28,BTC,2026-01-28,1,0
bitcoin-above-96k-on-january-29,BTC,2026-01-29,1,0
bitcoin-above-96k-on-january-8,BTC,2026-01-08,1,1
bitcoin-above-96k-on-january-9,BTC,2026-01-09,1,0
bitcoin-above-96k-on-november-10,BTC,2025-11-10,1,0
bitcoin-above-96k-on-november-11,BTC,2025-11-11,1,1
bitcoin-above-96k-on-november-14,BTC,2025-11-14,1,3
bitcoin-above-96k-on-november-15,BTC,2025-11-15,1,3
bitcoin-above-96k-on-november-16,BTC,2025-11-16,1,2
bitcoin-above-96k-on-november-17,BTC,2025-11-17,1,1
bitcoin-above-96k-on-november-18,BTC,2025-11-18,1,1
bitcoin-above-96k-on-november-19,BTC,2025-11-19,1,1
bitcoin-above-96k-on-november-20,BTC,2025-11-20,1,1
bitcoin-above-96k-on-november-21,BTC,2025-11-21,1,1
bitcoin-above-96k-on-november-22,BTC,2025-11-22,1,1
bitcoin-above-96k-on-november-23,BTC,2025-11-23,1,1
bitcoin-above-96k-on-november-24,BTC,2025-11-24,1,0
bitcoin-above-96k-on-november-25,BTC,2025-11-25,1,0
bitcoin-above-96k-on-november-30,BTC,2025-11-30,1,0
bitcoin-above-98k-on-december-1,BTC,2025-12-01,1,0
bitcoin-above-98k-on-december-12,BTC,2025-12-12,1,0
bitcoin-above-98k-on-december-13,BTC,2025-12-13,1,0
bitcoin-above-98k-on-december-16,BTC,2025-12-16,1,0
bitcoin-above-98k-on-december-2,BTC,2025-12-02,1,0
bitcoin-above-98k-on-december-6,BTC,2025-12-06,1,0
bitcoin-above-98k-on-december-7,BTC,2025-12-07,1,1
bitcoin-above-98k-on-december-9,BTC,2025-12-09,1,1
bitcoin-above-98k-on-january-14,BTC,2026-01-14,1,0
bitcoin-above-98k-on-january-15,BTC,2026-01-15,1,1
bitcoin-above-98k-on-january-16,BTC,2026-01-16,1,3
bitcoin-above-98k-on-january-17,BTC,2026-01-17,1,2
bitcoin-above-98k-on-january-18,BTC,2026-01-18,1,2
bitcoin-above-98k-on-january-19,BTC,2026-01-19,1,0
bitcoin-above-98k-on-january-20,BTC,2026-01-20,1,1
bitcoin-above-98k-on-january-21,BTC,2026-01-21,1,0
bitcoin-above-98k-on-january-22,BTC,2026-01-22,1,0
bitcoin-above-98k-on-january-9,BTC,2026-01-09,1,0
bitcoin-above-98k-on-november-10,BTC,2025-11-10,1,2
bitcoin-above-98k-on-november-11,BTC,2025-11-11,1,0
bitcoin-above-98k-on-november-14,BTC,2025-11-14,1,3
bitcoin-above-98k-on-november-15,BTC,2025-11-15,1,3
bitcoin-above-98k-on-november-16,BTC,2025-11-16,1,3
bitcoin-above-98k-on-november-17,BTC,2025-11-17,1,4
bitcoin-above-98k-on-november-18,BTC,2025-11-18,1,2
bitcoin-above-98k-on-november-19,BTC,2025-11-19,1,1
bitcoin-above-98k-on-november-21,BTC,2025-11-21,1,0
bitcoin-above-98k-on-november-22,BTC,2025-11-22,1,1
bitcoin-above-98k-on-november-23,BTC,2025-11-23,1,0
bitcoin-above-98k-on-november-25,BTC,2025-11-25,1,0
bitcoin-above-98k-on-november-6,BTC,2025-11-06,1,0
bitcoin-above-98k-on-october-23,BTC,2025-10-23,1,0
ethereum-above-1600-on-february-11,ETH,2026-02-11,1,3
ethereum-above-1600-on-february-12,ETH,2026-02-12,1,1
ethereum-above-1700-on-february-10,ETH,2026-02-10,1,2
ethereum-above-1700-on-february-11,ETH,2026-02-11,1,1
ethereum-above-1700-on-february-12,ETH,2026-02-12,1,0
ethereum-above-1700-on-february-16,ETH,2026-02-16,1,0
ethereum-above-1700-on-february-24,ETH,2026-02-24,1,0
ethereum-above-1700-on-february-25,ETH,2026-02-25,1,1
ethereum-above-1700-on-february-26,ETH,2026-02-26,1,2
ethereum-above-1700-on-february-27,ETH,2026-02-27,1,0
ethereum-above-1700-on-february-28,ETH,2026-02-28,1,0
ethereum-above-1700-on-march-3,ETH,2026-03-03,1,0
ethereum-above-1700-on-march-4,ETH,2026-03-04,1,1
ethereum-above-1700-on-march-5,ETH,2026-03-05,1,0
ethereum-above-1800-on-april-6,ETH,2026-04-06,1,0
ethereum-above-1800-on-february-10,ETH,2026-02-10,1,0
ethereum-above-1800-on-february-11,ETH,2026-02-11,1,3
ethereum-above-1800-on-february-12,ETH,2026-02-12,1,5
ethereum-above-1800-on-february-13,ETH,2026-02-13,1,1
ethereum-above-1800-on-february-14,ETH,2026-02-14,1,2
ethereum-above-1800-on-february-15,ETH,2026-02-15,1,3
ethereum-above-1800-on-february-16,ETH,2026-02-16,1,3
ethereum-above-1800-on-february-17,ETH,2026-02-17,1,2
ethereum-above-1800-on-february-18,ETH,2026-02-18,1,3
ethereum-above-1800-on-february-19,ETH,2026-02-19,1,1
ethereum-above-1800-on-february-20,ETH,2026-02-20,1,0
ethereum-above-1800-on-february-21,ETH,2026-02-21,1,1
ethereum-above-1800-on-february-22,ETH,2026-02-22,1,1
ethereum-above-1800-on-february-23,ETH,2026-02-23,1,2
ethereum-above-1800-on-february-24,ETH,2026-02-24,1,3
ethereum-above-1800-on-february-25,ETH,2026-02-25,1,1
ethereum-above-1800-on-february-26,ETH,2026-02-26,1,2
ethereum-above-1800-on-february-27,ETH,2026-02-27,1,2
ethereum-above-1800-on-february-28,ETH,2026-02-28,1,2
ethereum-above-1800-on-february-8,ETH,2026-02-08,1,2
ethereum-above-1800-on-march-1,ETH,2026-03-01,1,2
ethereum-above-1800-on-march-10,ETH,2026-03-10,1,1
ethereum-above-1800-on-march-11,ETH,2026-03-11,1,0
ethereum-above-1800-on-march-12,ETH,2026-03-12,1,0
ethereum-above-1800-on-march-26,ETH,2026-03-26,1,0
ethereum-above-1800-on-march-29,ETH,2026-03-29,1,0
ethereum-above-1800-on-march-3,ETH,2026-03-03,1,3
ethereum-above-1800-on-march-30,ETH,2026-03-30,1,0
ethereum-above-1800-on-march-4,ETH,2026-03-04,1,2
ethereum-above-1800-on-march-5,ETH,2026-03-05,1,2
ethereum-above-1800-on-march-6,ETH,2026-03-06,1,1
ethereum-above-1900-on-april-1,ETH,2026-04-01,1,1
ethereum-above-1900-on-april-10,ETH,2026-04-10,1,0
ethereum-above-1900-on-april-2,ETH,2026-04-02,1,0
ethereum-above-1900-on-april-3,ETH,2026-04-03,1,1
ethereum-above-1900-on-april-6,ETH,2026-04-06,1,0
ethereum-above-1900-on-february-10,ETH,2026-02-10,1,5
ethereum-above-1900-on-february-11,ETH,2026-02-11,1,8
ethereum-above-1900-on-february-12,ETH,2026-02-12,1,9
ethereum-above-1900-on-february-13,ETH,2026-02-13,1,0
ethereum-above-1900-on-february-14,ETH,2026-02-14,1,1
ethereum-above-1900-on-february-15,ETH,2026-02-15,1,1
ethereum-above-1900-on-february-16,ETH,2026-02-16,1,4
ethereum-above-1900-on-february-17,ETH,2026-02-17,1,3
ethereum-above-1900-on-february-18,ETH,2026-02-18,1,7
ethereum-above-1900-on-february-19,ETH,2026-02-19,1,4
ethereum-above-1900-on-february-20,ETH,2026-02-20,1,3
ethereum-above-1900-on-february-21,ETH,2026-02-21,1,3
ethereum-above-1900-on-february-22,ETH,2026-02-22,1,0
ethereum-above-1900-on-february-23,ETH,2026-02-23,1,4
ethereum-above-1900-on-february-24,ETH,2026-02-24,1,3
ethereum-above-1900-on-february-25,ETH,2026-02-25,1,7
ethereum-above-1900-on-february-26,ETH,2026-02-26,1,3
ethereum-above-1900-on-february-27,ETH,2026-02-27,1,1
ethereum-above-1900-on-february-28,ETH,2026-02-28,1,9
ethereum-above-1900-on-february-8,ETH,2026-02-08,1,6
ethereum-above-1900-on-february-9,ETH,2026-02-09,1,10
ethereum-above-1900-on-march-1,ETH,2026-03-01,1,4
ethereum-above-1900-on-march-10,ETH,2026-03-10,1,2
ethereum-above-1900-on-march-11,ETH,2026-03-11,1,0
ethereum-above-1900-on-march-12,ETH,2026-03-12,1,1
ethereum-above-1900-on-march-16,ETH,2026-03-16,1,0
ethereum-above-1900-on-march-17,ETH,2026-03-17,1,0
ethereum-above-1900-on-march-18,ETH,2026-03-18,1,0
ethereum-above-1900-on-march-19,ETH,2026-03-19,1,0
ethereum-above-1900-on-march-23,ETH,2026-03-23,1,0
ethereum-above-1900-on-march-26,ETH,2026-03-26,1,0
ethereum-above-1900-on-march-27,ETH,2026-03-27,1,0
ethereum-above-1900-on-march-28,ETH,2026-03-28,1,0
ethereum-above-1900-on-march-29,ETH,2026-03-29,1,0
ethereum-above-1900-on-march-3,ETH,2026-03-03,1,3
ethereum-above-1900-on-march-30,ETH,2026-03-30,1,3
ethereum-above-1900-on-march-31,ETH,2026-03-31,1,1
ethereum-above-1900-on-march-4,ETH,2026-03-04,1,4
ethereum-above-1900-on-march-5,ETH,2026-03-05,1,2
ethereum-above-1900-on-march-6,ETH,2026-03-06,1,3
ethereum-above-1900-on-march-7,ETH,2026-03-07,1,0
ethereum-above-1900-on-march-8,ETH,2026-03-08,1,1
ethereum-above-1900-on-march-9,ETH,2026-03-09,1,0
ethereum-above-2000-on-april-1,ETH,2026-04-01,1,4
ethereum-above-2000-on-april-10,ETH,2026-04-10,1,0
ethereum-above-2000-on-april-2,ETH,2026-04-02,1,6
ethereum-above-2000-on-april-3,ETH,2026-04-03,1,3
ethereum-above-2000-on-april-5,ETH,2026-04-05,1,0
ethereum-above-2000-on-april-6,ETH,2026-04-06,1,1
ethereum-above-2000-on-april-7,ETH,2026-04-07,1,2
ethereum-above-2000-on-april-8,ETH,2026-04-08,1,3
ethereum-above-2000-on-april-9,ETH,2026-04-09,1,2
ethereum-above-2000-on-february-10,ETH,2026-02-10,1,6
ethereum-above-2000-on-february-11,ETH,2026-02-11,1,11
ethereum-above-2000-on-february-12,ETH,2026-02-12,1,13
ethereum-above-2000-on-february-13,ETH,2026-02-13,1,6
ethereum-above-2000-on-february-14,ETH,2026-02-14,1,3
ethereum-above-2000-on-february-15,ETH,2026-02-15,1,1
ethereum-above-2000-on-february-16,ETH,2026-02-16,1,3
ethereum-above-2000-on-february-17,ETH,2026-02-17,1,5
ethereum-above-2000-on-february-18,ETH,2026-02-18,1,8
ethereum-above-2000-on-february-19,ETH,2026-02-19,1,3
ethereum-above-2000-on-february-20,ETH,2026-02-20,1,3
ethereum-above-2000-on-february-21,ETH,2026-02-21,1,5
ethereum-above-2000-on-february-22,ETH,2026-02-22,1,3
ethereum-above-2000-on-february-23,ETH,2026-02-23,1,8
ethereum-above-2000-on-february-24,ETH,2026-02-24,1,3
ethereum-above-2000-on-february-25,ETH,2026-02-25,1,3
ethereum-above-2000-on-february-26,ETH,2026-02-26,1,6
ethereum-above-2000-on-february-27,ETH,2026-02-27,1,4
ethereum-above-2000-on-february-28,ETH,2026-02-28,1,7
ethereum-above-2000-on-february-7,ETH,2026-02-07,1,10
ethereum-above-2000-on-february-8,ETH,2026-02-08,1,7
ethereum-above-2000-on-february-9,ETH,2026-02-09,1,6
ethereum-above-2000-on-march-1,ETH,2026-03-01,1,8
ethereum-above-2000-on-march-10,ETH,2026-03-10,1,6
ethereum-above-2000-on-march-11,ETH,2026-03-11,1,4
ethereum-above-2000-on-march-12,ETH,2026-03-12,1,5
ethereum-above-2000-on-march-13,ETH,2026-03-13,1,2
ethereum-above-2000-on-march-14,ETH,2026-03-14,1,3
ethereum-above-2000-on-march-16,ETH,2026-03-16,1,2
ethereum-above-2000-on-march-17,ETH,2026-03-17,1,4
ethereum-above-2000-on-march-18,ETH,2026-03-18,1,2
ethereum-above-2000-on-march-19,ETH,2026-03-19,1,0
ethereum-above-2000-on-march-21,ETH,2026-03-21,1,1
ethereum-above-2000-on-march-22,ETH,2026-03-22,1,2
ethereum-above-2000-on-march-23,ETH,2026-03-23,1,4
ethereum-above-2000-on-march-24,ETH,2026-03-24,1,2
ethereum-above-2000-on-march-25,ETH,2026-03-25,1,1
ethereum-above-2000-on-march-26,ETH,2026-03-26,1,2
ethereum-above-2000-on-march-27,ETH,2026-03-27,1,1
ethereum-above-2000-on-march-29,ETH,2026-03-29,1,5
ethereum-above-2000-on-march-3,ETH,2026-03-03,1,10
ethereum-above-2000-on-march-30,ETH,2026-03-30,1,5
ethereum-above-2000-on-march-31,ETH,2026-03-31,1,1
ethereum-above-2000-on-march-4,ETH,2026-03-04,1,6
ethereum-above-2000-on-march-5,ETH,2026-03-05,1,8
ethereum-above-2000-on-march-6,ETH,2026-03-06,1,2
ethereum-above-2000-on-march-7,ETH,2026-03-07,1,7
ethereum-above-2000-on-march-8,ETH,2026-03-08,1,4
ethereum-above-2000-on-march-9,ETH,2026-03-09,1,7
ethereum-above-2100-on-april-1,ETH,2026-04-01,1,4
ethereum-above-2100-on-april-10,ETH,2026-04-10,1,1
ethereum-above-2100-on-april-11,ETH,2026-04-11,1,0
ethereum-above-2100-on-april-12,ETH,2026-04-12,1,0
ethereum-above-2100-on-april-13,ETH,2026-04-13,1,1
ethereum-above-2100-on-april-14,ETH,2026-04-14,1,3
ethereum-above-2100-on-april-15,ETH,2026-04-15,1,0
ethereum-above-2100-on-april-16,ETH,2026-04-16,1,0
ethereum-above-2100-on-april-2,ETH,2026-04-02,1,5
ethereum-above-2100-on-april-23,ETH,2026-04-23,1,0
ethereum-above-2100-on-april-3,ETH,2026-04-03,1,3
ethereum-above-2100-on-april-4,ETH,2026-04-04,1,3
ethereum-above-2100-on-april-5,ETH,2026-04-05,1,1
ethereum-above-2100-on-april-6,ETH,2026-04-06,1,4
ethereum-above-2100-on-april-7,ETH,2026-04-07,1,3
ethereum-above-2100-on-april-8,ETH,2026-04-08,1,4
ethereum-above-2100-on-april-9,ETH,2026-04-09,1,2
ethereum-above-2100-on-february-10,ETH,2026-02-10,1,9
ethereum-above-2100-on-february-11,ETH,2026-02-11,1,9
ethereum-above-2100-on-february-12,ETH,2026-02-12,1,6
ethereum-above-2100-on-february-13,ETH,2026-02-13,1,2
ethereum-above-2100-on-february-14,ETH,2026-02-14,1,2
ethereum-above-2100-on-february-15,ETH,2026-02-15,1,4
ethereum-above-2100-on-february-16,ETH,2026-02-16,1,2
ethereum-above-2100-on-february-17,ETH,2026-02-17,1,2
ethereum-above-2100-on-february-18,ETH,2026-02-18,1,1
ethereum-above-2100-on-february-19,ETH,2026-02-19,1,2
ethereum-above-2100-on-february-21,ETH,2026-02-21,1,1
ethereum-above-2100-on-february-22,ETH,2026-02-22,1,0
ethereum-above-2100-on-february-23,ETH,2026-02-23,1,0
ethereum-above-2100-on-february-24,ETH,2026-02-24,1,1
ethereum-above-2100-on-february-25,ETH,2026-02-25,1,0
ethereum-above-2100-on-february-26,ETH,2026-02-26,1,4
ethereum-above-2100-on-february-27,ETH,2026-02-27,1,0
ethereum-above-2100-on-february-28,ETH,2026-02-28,1,4
ethereum-above-2100-on-february-7,ETH,2026-02-07,1,10
ethereum-above-2100-on-february-8,ETH,2026-02-08,1,11
ethereum-above-2100-on-february-9,ETH,2026-02-09,1,12
ethereum-above-2100-on-march-1,ETH,2026-03-01,1,2
ethereum-above-2100-on-march-10,ETH,2026-03-10,1,2
ethereum-above-2100-on-march-11,ETH,2026-03-11,1,0
ethereum-above-2100-on-march-12,ETH,2026-03-12,1,2
ethereum-above-2100-on-march-13,ETH,2026-03-13,1,4
ethereum-above-2100-on-march-14,ETH,2026-03-14,1,8
ethereum-above-2100-on-march-16,ETH,2026-03-16,1,7
ethereum-above-2100-on-march-17,ETH,2026-03-17,1,3
ethereum-above-2100-on-march-18,ETH,2026-03-18,1,3
ethereum-above-2100-on-march-19,ETH,2026-03-19,1,1
ethereum-above-2100-on-march-20,ETH,2026-03-20,1,2
ethereum-above-2100-on-march-21,ETH,2026-03-21,1,0
ethereum-above-2100-on-march-22,ETH,2026-03-22,1,4
ethereum-above-2100-on-march-23,ETH,2026-03-23,1,3
ethereum-above-2100-on-march-24,ETH,2026-03-24,1,4
ethereum-above-2100-on-march-25,ETH,2026-03-25,1,5
ethereum-above-2100-on-march-26,ETH,2026-03-26,1,4
ethereum-above-2100-on-march-27,ETH,2026-03-27,1,2
ethereum-above-2100-on-march-28,ETH,2026-03-28,1,0
ethereum-above-2100-on-march-29,ETH,2026-03-29,1,0
ethereum-above-2100-on-march-3,ETH,2026-03-03,1,2
ethereum-above-2100-on-march-31,ETH,2026-03-31,1,2
ethereum-above-2100-on-march-4,ETH,2026-03-04,1,5
ethereum-above-2100-on-march-5,ETH,2026-03-05,1,5
ethereum-above-2100-on-march-6,ETH,2026-03-06,1,1
ethereum-above-2100-on-march-7,ETH,2026-03-07,1,0
ethereum-above-2100-on-march-8,ETH,2026-03-08,1,2
ethereum-above-2100-on-march-9,ETH,2026-03-09,1,2
ethereum-above-2100-on-may-1,ETH,2026-05-01,1,0
ethereum-above-2100-on-may-13,ETH,2026-05-13,1,0
ethereum-above-2100-on-may-2,ETH,2026-05-02,1,0
ethereum-above-2100-on-may-6,ETH,2026-05-06,1,0
ethereum-above-2200-on-april-10,ETH,2026-04-10,1,1
ethereum-above-2200-on-april-11,ETH,2026-04-11,1,1
ethereum-above-2200-on-april-12,ETH,2026-04-12,1,5
ethereum-above-2200-on-april-13,ETH,2026-04-13,1,8
ethereum-above-2200-on-april-14,ETH,2026-04-14,1,6
ethereum-above-2200-on-april-15,ETH,2026-04-15,1,2
ethereum-above-2200-on-april-16,ETH,2026-04-16,1,1
ethereum-above-2200-on-april-2,ETH,2026-04-02,1,1
ethereum-above-2200-on-april-20,ETH,2026-04-20,1,0
ethereum-above-2200-on-april-21,ETH,2026-04-21,1,2
ethereum-above-2200-on-april-22,ETH,2026-04-22,1,1
ethereum-above-2200-on-april-23,ETH,2026-04-23,1,1
ethereum-above-2200-on-april-24,ETH,2026-04-24,1,0
ethereum-above-2200-on-april-28,ETH,2026-04-28,1,1
ethereum-above-2200-on-april-29,ETH,2026-04-29,1,0
ethereum-above-2200-on-april-3,ETH,2026-04-03,1,1
ethereum-above-2200-on-april-30,ETH,2026-04-30,1,2
ethereum-above-2200-on-april-4,ETH,2026-04-04,1,0
ethereum-above-2200-on-april-5,ETH,2026-04-05,1,0
ethereum-above-2200-on-april-6,ETH,2026-04-06,1,0
ethereum-above-2200-on-april-7,ETH,2026-04-07,1,0
ethereum-above-2200-on-april-8,ETH,2026-04-08,1,3
ethereum-above-2200-on-april-9,ETH,2026-04-09,1,6
ethereum-above-2200-on-february-10,ETH,2026-02-10,1,10
ethereum-above-2200-on-february-11,ETH,2026-02-11,1,6
ethereum-above-2200-on-february-12,ETH,2026-02-12,1,4
ethereum-above-2200-on-february-14,ETH,2026-02-14,1,0
ethereum-above-2200-on-february-15,ETH,2026-02-15,1,0
ethereum-above-2200-on-february-17,ETH,2026-02-17,1,0
ethereum-above-2200-on-february-18,ETH,2026-02-18,1,0
ethereum-above-2200-on-february-21,ETH,2026-02-21,1,0
ethereum-above-2200-on-february-22,ETH,2026-02-22,1,0
ethereum-above-2200-on-february-23,ETH,2026-02-23,1,0
ethereum-above-2200-on-february-6,ETH,2026-02-06,1,2
ethereum-above-2200-on-february-7,ETH,2026-02-07,1,0
ethereum-above-2200-on-february-8,ETH,2026-02-08,1,2
ethereum-above-2200-on-february-9,ETH,2026-02-09,1,3
ethereum-above-2200-on-march-10,ETH,2026-03-10,1,0
ethereum-above-2200-on-march-13,ETH,2026-03-13,1,0
ethereum-above-2200-on-march-16,ETH,2026-03-16,1,0
ethereum-above-2200-on-march-17,ETH,2026-03-17,1,0
ethereum-above-2200-on-march-18,ETH,2026-03-18,1,1
ethereum-above-2200-on-march-19,ETH,2026-03-19,1,3
ethereum-above-2200-on-march-20,ETH,2026-03-20,1,3
ethereum-above-2200-on-march-21,ETH,2026-03-21,1,4
ethereum-above-2200-on-march-22,ETH,2026-03-22,1,5
ethereum-above-2200-on-march-23,ETH,2026-03-23,1,3
ethereum-above-2200-on-march-24,ETH,2026-03-24,1,1
ethereum-above-2200-on-march-25,ETH,2026-03-25,1,2
ethereum-above-2200-on-march-26,ETH,2026-03-26,1,2
ethereum-above-2200-on-march-30,ETH,2026-03-30,1,0
ethereum-above-2200-on-march-31,ETH,2026-03-31,1,1
ethereum-above-2200-on-march-7,ETH,2026-03-07,1,1
ethereum-above-2200-on-march-8,ETH,2026-03-08,1,1
ethereum-above-2200-on-march-9,ETH,2026-03-09,1,0
ethereum-above-2200-on-may-1,ETH,2026-05-01,1,3
ethereum-above-2200-on-may-10,ETH,2026-05-10,1,1
ethereum-above-2200-on-may-11,ETH,2026-05-11,1,0
ethereum-above-2200-on-may-12,ETH,2026-05-12,1,3
ethereum-above-2200-on-may-14,ETH,2026-05-14,1,0
ethereum-above-2200-on-may-15,ETH,2026-05-15,1,4
ethereum-above-2200-on-may-2,ETH,2026-05-02,1,1
ethereum-above-2200-on-may-3,ETH,2026-05-03,1,1
ethereum-above-2200-on-may-4,ETH,2026-05-04,1,0
ethereum-above-2200-on-may-5,ETH,2026-05-05,1,1
ethereum-above-2200-on-may-6,ETH,2026-05-06,1,0
ethereum-above-2200-on-may-7,ETH,2026-05-07,1,0
ethereum-above-2200-on-may-8,ETH,2026-05-08,1,0
ethereum-above-2200-on-may-9,ETH,2026-05-09,1,0
ethereum-above-2300-on-april-1,ETH,2026-04-01,1,0
ethereum-above-2300-on-april-11,ETH,2026-04-11,1,0
ethereum-above-2300-on-april-12,ETH,2026-04-12,1,2
ethereum-above-2300-on-april-13,ETH,2026-04-13,1,0
ethereum-above-2300-on-april-14,ETH,2026-04-14,1,4
ethereum-above-2300-on-april-15,ETH,2026-04-15,1,1
ethereum-above-2300-on-april-16,ETH,2026-04-16,1,3
ethereum-above-2300-on-april-17,ETH,2026-04-17,1,3
ethereum-above-2300-on-april-18,ETH,2026-04-18,1,1
ethereum-above-2300-on-april-19,ETH,2026-04-19,1,2
ethereum-above-2300-on-april-20,ETH,2026-04-20,1,8
ethereum-above-2300-on-april-21,ETH,2026-04-21,1,8
ethereum-above-2300-on-april-22,ETH,2026-04-22,1,0
ethereum-above-2300-on-april-23,ETH,2026-04-23,1,4
ethereum-above-2300-on-april-24,ETH,2026-04-24,1,4
ethereum-above-2300-on-april-25,ETH,2026-04-25,1,0
ethereum-above-2300-on-april-26,ETH,2026-04-26,1,2
ethereum-above-2300-on-april-27,ETH,2026-04-27,1,6
ethereum-above-2300-on-april-28,ETH,2026-04-28,1,5
ethereum-above-2300-on-april-29,ETH,2026-04-29,1,7
ethereum-above-2300-on-april-30,ETH,2026-04-30,1,6
ethereum-above-2300-on-april-6,ETH,2026-04-06,1,0
ethereum-above-2300-on-april-7,ETH,2026-04-07,1,1
ethereum-above-2300-on-april-8,ETH,2026-04-08,1,1
ethereum-above-2300-on-april-9,ETH,2026-04-09,1,1
ethereum-above-2300-on-february-10,ETH,2026-02-10,1,1
ethereum-above-2300-on-february-11,ETH,2026-02-11,1,0
ethereum-above-2300-on-february-5,ETH,2026-02-05,1,5
ethereum-above-2300-on-february-6,ETH,2026-02-06,1,3
ethereum-above-2300-on-february-7,ETH,2026-02-07,1,1
ethereum-above-2300-on-february-8,ETH,2026-02-08,1,2
ethereum-above-2300-on-february-9,ETH,2026-02-09,1,3
ethereum-above-2300-on-march-16,ETH,2026-03-16,1,0
ethereum-above-2300-on-march-17,ETH,2026-03-17,1,2
ethereum-above-2300-on-march-18,ETH,2026-03-18,1,1
ethereum-above-2300-on-march-19,ETH,2026-03-19,1,1
ethereum-above-2300-on-march-20,ETH,2026-03-20,1,2
ethereum-above-2300-on-march-21,ETH,2026-03-21,1,1
ethereum-above-2300-on-march-22,ETH,2026-03-22,1,0
ethereum-above-2300-on-march-23,ETH,2026-03-23,1,0
ethereum-above-2300-on-march-24,ETH,2026-03-24,1,1
ethereum-above-2300-on-march-25,ETH,2026-03-25,1,0
ethereum-above-2300-on-march-26,ETH,2026-03-26,1,1
ethereum-above-2300-on-may-1,ETH,2026-05-01,1,3
ethereum-above-2300-on-may-10,ETH,2026-05-10,1,5
ethereum-above-2300-on-may-11,ETH,2026-05-11,1,5
ethereum-above-2300-on-may-12,ETH,2026-05-12,1,2
ethereum-above-2300-on-may-13,ETH,2026-05-13,1,8
ethereum-above-2300-on-may-14,ETH,2026-05-14,1,3
ethereum-above-2300-on-may-15,ETH,2026-05-15,1,3
ethereum-above-2300-on-may-2,ETH,2026-05-02,1,7
ethereum-above-2300-on-may-3,ETH,2026-05-03,1,6
ethereum-above-2300-on-may-4,ETH,2026-05-04,1,7
ethereum-above-2300-on-may-5,ETH,2026-05-05,1,5
ethereum-above-2300-on-may-6,ETH,2026-05-06,1,2
ethereum-above-2300-on-may-7,ETH,2026-05-07,1,4
ethereum-above-2300-on-may-8,ETH,2026-05-08,1,3
ethereum-above-2300-on-may-9,ETH,2026-05-09,1,5
ethereum-above-2400-on-april-1,ETH,2026-04-01,1,0
ethereum-above-2400-on-april-12,ETH,2026-04-12,1,0
ethereum-above-2400-on-april-14,ETH,2026-04-14,1,2
ethereum-above-2400-on-april-16,ETH,2026-04-16,1,2
ethereum-above-2400-on-april-17,ETH,2026-04-17,1,1
ethereum-above-2400-on-april-18,ETH,2026-04-18,1,4
ethereum-above-2400-on-april-19,ETH,2026-04-19,1,4
ethereum-above-2400-on-april-20,ETH,2026-04-20,1,0
ethereum-above-2400-on-april-21,ETH,2026-04-21,1,1
ethereum-above-2400-on-april-22,ETH,2026-04-22,1,4
ethereum-above-2400-on-april-23,ETH,2026-04-23,1,4
ethereum-above-2400-on-april-24,ETH,2026-04-24,1,2
ethereum-above-2400-on-april-25,ETH,2026-04-25,1,1
ethereum-above-2400-on-april-26,ETH,2026-04-26,1,2
ethereum-above-2400-on-april-27,ETH,2026-04-27,1,1
ethereum-above-2400-on-april-28,ETH,2026-04-28,1,1
ethereum-above-2400-on-april-29,ETH,2026-04-29,1,3
ethereum-above-2400-on-april-8,ETH,2026-04-08,1,0
ethereum-above-2400-on-february-1,ETH,2026-02-01,1,4
ethereum-above-2400-on-february-10,ETH,2026-02-10,1,1
ethereum-above-2400-on-february-11,ETH,2026-02-11,1,0
ethereum-above-2400-on-february-2,ETH,2026-02-02,1,1
ethereum-above-2400-on-february-5,ETH,2026-02-05,1,8
ethereum-above-2400-on-february-6,ETH,2026-02-06,1,2
ethereum-above-2400-on-february-7,ETH,2026-02-07,1,2
ethereum-above-2400-on-february-8,ETH,2026-02-08,1,1
ethereum-above-2400-on-february-9,ETH,2026-02-09,1,1
ethereum-above-2400-on-march-18,ETH,2026-03-18,1,0
ethereum-above-2400-on-march-19,ETH,2026-03-19,1,0
ethereum-above-2400-on-march-20,ETH,2026-03-20,1,0
ethereum-above-2400-on-march-21,ETH,2026-03-21,1,0
ethereum-above-2400-on-march-25,ETH,2026-03-25,1,0
ethereum-above-2400-on-march-26,ETH,2026-03-26,1,0
ethereum-above-2400-on-march-8,ETH,2026-03-08,1,0
ethereum-above-2400-on-may-10,ETH,2026-05-10,1,3
ethereum-above-2400-on-may-11,ETH,2026-05-11,1,3
ethereum-above-2400-on-may-12,ETH,2026-05-12,1,3
ethereum-above-2400-on-may-13,ETH,2026-05-13,1,1
ethereum-above-2400-on-may-14,ETH,2026-05-14,1,0
ethereum-above-2400-on-may-3,ETH,2026-05-03,1,0
ethereum-above-2400-on-may-4,ETH,2026-05-04,1,1
ethereum-above-2400-on-may-5,ETH,2026-05-05,1,1
ethereum-above-2400-on-may-6,ETH,2026-05-06,1,2
ethereum-above-2400-on-may-7,ETH,2026-05-07,1,0
ethereum-above-2400-on-may-8,ETH,2026-05-08,1,0
ethereum-above-2400-on-may-9,ETH,2026-05-09,1,1
ethereum-above-2400-on-november-27,ETH,2025-11-27,1,0
ethereum-above-2500-on-april-1,ETH,2026-04-01,1,0
ethereum-above-2500-on-april-16,ETH,2026-04-16,1,0
ethereum-above-2500-on-april-19,ETH,2026-04-19,1,0
ethereum-above-2500-on-april-20,ETH,2026-04-20,1,0
ethereum-above-2500-on-april-25,ETH,2026-04-25,1,1
ethereum-above-2500-on-april-26,ETH,2026-04-26,1,1
ethereum-above-2500-on-april-27,ETH,2026-04-27,1,1
ethereum-above-2500-on-april-28,ETH,2026-04-28,1,1
ethereum-above-2500-on-december-22,ETH,2025-12-22,1,0
ethereum-above-2500-on-december-3,ETH,2025-12-03,1,0
ethereum-above-2500-on-february-1,ETH,2026-02-01,1,2
ethereum-above-2500-on-february-10,ETH,2026-02-10,1,0
ethereum-above-2500-on-february-2,ETH,2026-02-02,1,1
ethereum-above-2500-on-february-3,ETH,2026-02-03,1,2
ethereum-above-2500-on-february-4,ETH,2026-02-04,1,2
ethereum-above-2500-on-february-5,ETH,2026-02-05,1,3
ethereum-above-2500-on-february-7,ETH,2026-02-07,1,1
ethereum-above-2500-on-february-8,ETH,2026-02-08,1,0
ethereum-above-2500-on-february-9,ETH,2026-02-09,1,1
ethereum-above-2500-on-january-31,ETH,2026-01-31,1,0
ethereum-above-2500-on-march-22,ETH,2026-03-22,1,0
ethereum-above-2500-on-march-26,ETH,2026-03-26,1,0
ethereum-above-2500-on-may-10,ETH,2026-05-10,1,0
ethereum-above-2500-on-may-11,ETH,2026-05-11,1,3
ethereum-above-2500-on-may-12,ETH,2026-05-12,1,1
ethereum-above-2500-on-may-14,ETH,2026-05-14,1,0
ethereum-above-2500-on-may-3,ETH,2026-05-03,1,0
ethereum-above-2500-on-may-9,ETH,2026-05-09,1,0
ethereum-above-2500-on-november-26,ETH,2025-11-26,1,0
ethereum-above-2600-on-april-17,ETH,2026-04-17,1,0
ethereum-above-2600-on-april-21,ETH,2026-04-21,1,1
ethereum-above-2600-on-april-26,ETH,2026-04-26,1,0
ethereum-above-2600-on-april-27,ETH,2026-04-27,1,0
ethereum-above-2600-on-april-28,ETH,2026-04-28,1,1
ethereum-above-2600-on-april-29,ETH,2026-04-29,1,0
ethereum-above-2600-on-december-1,ETH,2025-12-01,1,0
ethereum-above-2600-on-december-19,ETH,2025-12-19,1,0
ethereum-above-2600-on-december-2,ETH,2025-12-02,1,1
ethereum-above-2600-on-december-22,ETH,2025-12-22,1,0
ethereum-above-2600-on-december-23,ETH,2025-12-23,1,0
ethereum-above-2600-on-december-3,ETH,2025-12-03,1,1
ethereum-above-2600-on-december-4,ETH,2025-12-04,1,0
ethereum-above-2600-on-february-1,ETH,2026-02-01,1,2
ethereum-above-2600-on-february-2,ETH,2026-02-02,1,1
ethereum-above-2600-on-february-3,ETH,2026-02-03,1,2
ethereum-above-2600-on-february-4,ETH,2026-02-04,1,2
ethereum-above-2600-on-february-5,ETH,2026-02-05,1,1
ethereum-above-2600-on-january-30,ETH,2026-01-30,1,1
ethereum-above-2600-on-january-31,ETH,2026-01-31,1,2
ethereum-above-2600-on-may-11,ETH,2026-05-11,1,0
ethereum-above-2600-on-may-12,ETH,2026-05-12,1,0
ethereum-above-2600-on-november-23,ETH,2025-11-23,1,2
ethereum-above-2600-on-november-24,ETH,2025-11-24,1,1
ethereum-above-2600-on-november-26,ETH,2025-11-26,1,0
ethereum-above-2600-on-november-27,ETH,2025-11-27,1,0
ethereum-above-2600-on-november-28,ETH,2025-11-28,1,1
ethereum-above-2700-on-december-1,ETH,2025-12-01,1,1
ethereum-above-2700-on-december-18,ETH,2025-12-18,1,0
ethereum-above-2700-on-december-19,ETH,2025-12-19,1,3
ethereum-above-2700-on-december-2,ETH,2025-12-02,1,3
ethereum-above-2700-on-december-20,ETH,2025-12-20,1,0
ethereum-above-2700-on-december-21,ETH,2025-12-21,1,0
ethereum-above-2700-on-december-22,ETH,2025-12-22,1,0
ethereum-above-2700-on-december-26,ETH,2025-12-26,1,0
ethereum-above-2700-on-december-3,ETH,2025-12-03,1,0
ethereum-above-2700-on-december-4,ETH,2025-12-04,1,0
ethereum-above-2700-on-february-1,ETH,2026-02-01,1,2
ethereum-above-2700-on-february-2,ETH,2026-02-02,1,1
ethereum-above-2700-on-february-3,ETH,2026-02-03,1,1
ethereum-above-2700-on-february-4,ETH,2026-02-04,1,3
ethereum-above-2700-on-february-5,ETH,2026-02-05,1,1
ethereum-above-2700-on-january-26,ETH,2026-01-26,1,0
ethereum-above-2700-on-january-27,ETH,2026-01-27,1,0
ethereum-above-2700-on-january-30,ETH,2026-01-30,1,1
ethereum-above-2700-on-january-31,ETH,2026-01-31,1,7
ethereum-above-2700-on-november-21,ETH,2025-11-21,1,4
ethereum-above-2700-on-november-22,ETH,2025-11-22,1,5
ethereum-above-2700-on-november-23,ETH,2025-11-23,1,6
ethereum-above-2700-on-november-24,ETH,2025-11-24,1,5
ethereum-above-2700-on-november-25,ETH,2025-11-25,1,4
ethereum-above-2700-on-november-26,ETH,2025-11-26,1,0
ethereum-above-2700-on-november-27,ETH,2025-11-27,1,1
ethereum-above-2700-on-november-28,ETH,2025-11-28,1,0
ethereum-above-2700-on-november-30,ETH,2025-11-30,1,0
ethereum-above-2800-on-december-1,ETH,2025-12-01,1,5
ethereum-above-2800-on-december-10,ETH,2025-12-10,1,0
ethereum-above-2800-on-december-18,ETH,2025-12-18,1,5
ethereum-above-2800-on-december-19,ETH,2025-12-19,1,4
ethereum-above-2800-on-december-2,ETH,2025-12-02,1,3
ethereum-above-2800-on-december-20,ETH,2025-12-20,1,2
ethereum-above-2800-on-december-21,ETH,2025-12-21,1,2
ethereum-above-2800-on-december-22,ETH,2025-12-22,1,2
ethereum-above-2800-on-december-23,ETH,2025-12-23,1,1
ethereum-above-2800-on-december-29,ETH,2025-12-29,1,1
ethereum-above-2800-on-december-3,ETH,2025-12-03,1,3
ethereum-above-2800-on-december-31,ETH,2025-12-31,1,0
ethereum-above-2800-on-december-4,ETH,2025-12-04,1,2
ethereum-above-2800-on-december-5,ETH,2025-12-05,1,0
ethereum-above-2800-on-december-8,ETH,2025-12-08,1,1
ethereum-above-2800-on-december-9,ETH,2025-12-09,1,1
ethereum-above-2800-on-february-1,ETH,2026-02-01,1,2
ethereum-above-2800-on-february-2,ETH,2026-02-02,1,2
ethereum-above-2800-on-february-3,ETH,2026-02-03,1,2
ethereum-above-2800-on-february-4,ETH,2026-02-04,1,2
ethereum-above-2800-on-february-5,ETH,2026-02-05,1,0
ethereum-above-2800-on-january-2,ETH,2026-01-02,1,0
ethereum-above-2800-on-january-22,ETH,2026-01-22,1,1
ethereum-above-2800-on-january-23,ETH,2026-01-23,1,2
ethereum-above-2800-on-january-24,ETH,2026-01-24,1,1
ethereum-above-2800-on-january-25,ETH,2026-01-25,1,0
ethereum-above-2800-on-january-26,ETH,2026-01-26,1,2
ethereum-above-2800-on-january-27,ETH,2026-01-27,1,2
ethereum-above-2800-on-january-28,ETH,2026-01-28,1,0
ethereum-above-2800-on-january-29,ETH,2026-01-29,1,2
ethereum-above-2800-on-january-30,ETH,2026-01-30,1,3
ethereum-above-2800-on-january-31,ETH,2026-01-31,1,4
ethereum-above-2800-on-november-20,ETH,2025-11-20,1,0
ethereum-above-2800-on-november-21,ETH,2025-11-21,1,3
ethereum-above-2800-on-november-22,ETH,2025-11-22,1,6
ethereum-above-2800-on-november-23,ETH,2025-11-23,1,5
ethereum-above-2800-on-november-24,ETH,2025-11-24,1,5
ethereum-above-2800-on-november-25,ETH,2025-11-25,1,4
ethereum-above-2800-on-november-26,ETH,2025-11-26,1,4
ethereum-above-2800-on-november-27,ETH,2025-11-27,1,1
ethereum-above-2800-on-november-28,ETH,2025-11-28,1,2
ethereum-above-2800-on-november-30,ETH,2025-11-30,1,0
ethereum-above-2900-on-december-1,ETH,2025-12-01,1,2
ethereum-above-2900-on-december-10,ETH,2025-12-10,1,1
ethereum-above-2900-on-december-11,ETH,2025-12-11,1,1
ethereum-above-2900-on-december-15,ETH,2025-12-15,1,1
ethereum-above-2900-on-december-16,ETH,2025-12-16,1,6
ethereum-above-2900-on-december-17,ETH,2025-12-17,1,5
ethereum-above-2900-on-december-18,ETH,2025-12-18,1,6
ethereum-above-2900-on-december-19,ETH,2025-12-19,1,3
ethereum-above-2900-on-december-2,ETH,2025-12-02,1,2
ethereum-above-2900-on-december-20,ETH,2025-12-20,1,4
ethereum-above-2900-on-december-21,ETH,2025-12-21,1,3
ethereum-above-2900-on-december-22,ETH,2025-12-22,1,4
ethereum-above-2900-on-december-23,ETH,2025-12-23,1,3
ethereum-above-2900-on-december-24,ETH,2025-12-24,1,1
ethereum-above-2900-on-december-25,ETH,2025-12-25,1,2
ethereum-above-2900-on-december-26,ETH,2025-12-26,1,2
ethereum-above-2900-on-december-27,ETH,2025-12-27,1,1
ethereum-above-2900-on-december-28,ETH,2025-12-28,1,2
ethereum-above-2900-on-december-29,ETH,2025-12-29,1,3
ethereum-above-2900-on-december-3,ETH,2025-12-03,1,4
ethereum-above-2900-on-december-30,ETH,2025-12-30,1,4
ethereum-above-2900-on-december-31,ETH,2025-12-31,1,1
ethereum-above-2900-on-december-4,ETH,2025-12-04,1,3
ethereum-above-2900-on-december-6,ETH,2025-12-06,1,1
ethereum-above-2900-on-december-7,ETH,2025-12-07,1,2
ethereum-above-2900-on-december-8,ETH,2025-12-08,1,2
ethereum-above-2900-on-december-9,ETH,2025-12-09,1,3
ethereum-above-2900-on-february-1,ETH,2026-02-01,1,1
ethereum-above-2900-on-february-2,ETH,2026-02-02,1,2
ethereum-above-2900-on-february-3,ETH,2026-02-03,1,2
ethereum-above-2900-on-february-4,ETH,2026-02-04,1,1
ethereum-above-2900-on-february-5,ETH,2026-02-05,1,0
ethereum-above-2900-on-january-1,ETH,2026-01-01,1,1
ethereum-above-2900-on-january-2,ETH,2026-01-02,1,1
ethereum-above-2900-on-january-21,ETH,2026-01-21,1,2
ethereum-above-2900-on-january-22,ETH,2026-01-22,1,3
ethereum-above-2900-on-january-23,ETH,2026-01-23,1,4
ethereum-above-2900-on-january-24,ETH,2026-01-24,1,2
ethereum-above-2900-on-january-25,ETH,2026-01-25,1,2
ethereum-above-2900-on-january-26,ETH,2026-01-26,1,4
ethereum-above-2900-on-january-27,ETH,2026-01-27,1,8
ethereum-above-2900-on-january-28,ETH,2026-01-28,1,3
ethereum-above-2900-on-january-29,ETH,2026-01-29,1,3
ethereum-above-2900-on-january-30,ETH,2026-01-30,1,1
ethereum-above-2900-on-january-31,ETH,2026-01-31,1,2
ethereum-above-2900-on-january-5,ETH,2026-01-05,1,0
ethereum-above-2900-on-january-7,ETH,2026-01-07,1,0
ethereum-above-2900-on-november-14,ETH,2025-11-14,1,0
ethereum-above-2900-on-november-15,ETH,2025-11-15,1,0
ethereum-above-2900-on-november-19,ETH,2025-11-19,1,1
ethereum-above-2900-on-november-20,ETH,2025-11-20,1,3
ethereum-above-2900-on-november-21,ETH,2025-11-21,1,6
ethereum-above-2900-on-november-22,ETH,2025-11-22,1,2
ethereum-above-2900-on-november-23,ETH,2025-11-23,1,5
ethereum-above-2900-on-november-24,ETH,2025-11-24,1,2
ethereum-above-2900-on-november-25,ETH,2025-11-25,1,5
ethereum-above-2900-on-november-26,ETH,2025-11-26,1,7
ethereum-above-2900-on-november-27,ETH,2025-11-27,1,3
ethereum-above-2900-on-november-28,ETH,2025-11-28,1,2
ethereum-above-2900-on-november-29,ETH,2025-11-29,1,0
ethereum-above-2900-on-november-30,ETH,2025-11-30,1,2
ethereum-above-3000-on-december-1,ETH,2025-12-01,1,2
ethereum-above-3000-on-december-10,ETH,2025-12-10,1,2
ethereum-above-3000-on-december-12,ETH,2025-12-12,1,0
ethereum-above-3000-on-december-13,ETH,2025-12-13,1,0
ethereum-above-3000-on-december-15,ETH,2025-12-15,1,6
ethereum-above-3000-on-december-16,ETH,2025-12-16,1,3
ethereum-above-3000-on-december-17,ETH,2025-12-17,1,2
ethereum-above-3000-on-december-18,ETH,2025-12-18,1,2
ethereum-above-3000-on-december-19,ETH,2025-12-19,1,3
ethereum-above-3000-on-december-2,ETH,2025-12-02,1,6
ethereum-above-3000-on-december-20,ETH,2025-12-20,1,6
ethereum-above-3000-on-december-21,ETH,2025-12-21,1,6
ethereum-above-3000-on-december-22,ETH,2025-12-22,1,5
ethereum-above-3000-on-december-23,ETH,2025-12-23,1,4
ethereum-above-3000-on-december-24,ETH,2025-12-24,1,2
ethereum-above-3000-on-december-25,ETH,2025-12-25,1,5
ethereum-above-3000-on-december-27,ETH,2025-12-27,1,2
ethereum-above-3000-on-december-28,ETH,2025-12-28,1,3
ethereum-above-3000-on-december-29,ETH,2025-12-29,1,4
ethereum-above-3000-on-december-3,ETH,2025-12-03,1,3
ethereum-above-3000-on-december-30,ETH,2025-12-30,1,4
ethereum-above-3000-on-december-31,ETH,2025-12-31,1,6
ethereum-above-3000-on-december-4,ETH,2025-12-04,1,2
ethereum-above-3000-on-december-5,ETH,2025-12-05,1,2
ethereum-above-3000-on-december-6,ETH,2025-12-06,1,3
ethereum-above-3000-on-december-7,ETH,2025-12-07,1,1
ethereum-above-3000-on-december-8,ETH,2025-12-08,1,1
ethereum-above-3000-on-december-9,ETH,2025-12-09,1,0
ethereum-above-3000-on-february-1,ETH,2026-02-01,1,1
ethereum-above-3000-on-february-2,ETH,2026-02-02,1,0
ethereum-above-3000-on-february-3,ETH,2026-02-03,1,0
ethereum-above-3000-on-january-1,ETH,2026-01-01,1,4
ethereum-above-3000-on-january-12,ETH,2026-01-12,1,2
ethereum-above-3000-on-january-14,ETH,2026-01-14,1,1
ethereum-above-3000-on-january-15,ETH,2026-01-15,1,2
ethereum-above-3000-on-january-2,ETH,2026-01-02,1,3
ethereum-above-3000-on-january-20,ETH,2026-01-20,1,0
ethereum-above-3000-on-january-21,ETH,2026-01-21,1,4
ethereum-above-3000-on-january-22,ETH,2026-01-22,1,2
ethereum-above-3000-on-january-23,ETH,2026-01-23,1,3
ethereum-above-3000-on-january-24,ETH,2026-01-24,1,8
ethereum-above-3000-on-january-25,ETH,2026-01-25,1,7
ethereum-above-3000-on-january-26,ETH,2026-01-26,1,7
ethereum-above-3000-on-january-27,ETH,2026-01-27,1,5
ethereum-above-3000-on-january-28,ETH,2026-01-28,1,11
ethereum-above-3000-on-january-29,ETH,2026-01-29,1,6
ethereum-above-3000-on-january-3,ETH,2026-01-03,1,0
ethereum-above-3000-on-january-30,ETH,2026-01-30,1,2
ethereum-above-3000-on-january-31,ETH,2026-01-31,1,1
ethereum-above-3000-on-january-4,ETH,2026-01-04,1,0
ethereum-above-3000-on-january-5,ETH,2026-01-05,1,0
ethereum-above-3000-on-january-6,ETH,2026-01-06,1,1
ethereum-above-3000-on-january-8,ETH,2026-01-08,1,0
ethereum-above-3000-on-january-9,ETH,2026-01-09,1,2
ethereum-above-3000-on-november-14,ETH,2025-11-14,1,0
ethereum-above-3000-on-november-16,ETH,2025-11-16,1,0
ethereum-above-3000-on-november-17,ETH,2025-11-17,1,2
ethereum-above-3000-on-november-18,ETH,2025-11-18,1,3
ethereum-above-3000-on-november-19,ETH,2025-11-19,1,4
ethereum-above-3000-on-november-20,ETH,2025-11-20,1,4
ethereum-above-3000-on-november-21,ETH,2025-11-21,1,3
ethereum-above-3000-on-november-23,ETH,2025-11-23,1,3
ethereum-above-3000-on-november-24,ETH,2025-11-24,1,0
ethereum-above-3000-on-november-25,ETH,2025-11-25,1,3
ethereum-above-3000-on-november-26,ETH,2025-11-26,1,2
ethereum-above-3000-on-november-27,ETH,2025-11-27,1,7
ethereum-above-3000-on-november-28,ETH,2025-11-28,1,5
ethereum-above-3000-on-november-29,ETH,2025-11-29,1,7
ethereum-above-3000-on-november-30,ETH,2025-11-30,1,6
ethereum-above-3100-on-december-1,ETH,2025-12-01,1,1
ethereum-above-3100-on-december-10,ETH,2025-12-10,1,2
ethereum-above-3100-on-december-11,ETH,2025-12-11,1,3
ethereum-above-3100-on-december-12,ETH,2025-12-12,1,1
ethereum-above-3100-on-december-13,ETH,2025-12-13,1,1
ethereum-above-3100-on-december-15,ETH,2025-12-15,1,4
ethereum-above-3100-on-december-16,ETH,2025-12-16,1,2
ethereum-above-3100-on-december-17,ETH,2025-12-17,1,2
ethereum-above-3100-on-december-18,ETH,2025-12-18,1,1
ethereum-above-3100-on-december-2,ETH,2025-12-02,1,2
ethereum-above-3100-on-december-20,ETH,2025-12-20,1,3
ethereum-above-3100-on-december-21,ETH,2025-12-21,1,2
ethereum-above-3100-on-december-22,ETH,2025-12-22,1,1
ethereum-above-3100-on-december-23,ETH,2025-12-23,1,1
ethereum-above-3100-on-december-24,ETH,2025-12-24,1,1
ethereum-above-3100-on-december-25,ETH,2025-12-25,1,0
ethereum-above-3100-on-december-27,ETH,2025-12-27,1,0
ethereum-above-3100-on-december-28,ETH,2025-12-28,1,1
ethereum-above-3100-on-december-29,ETH,2025-12-29,1,1
ethereum-above-3100-on-december-3,ETH,2025-12-03,1,2
ethereum-above-3100-on-december-30,ETH,2025-12-30,1,0
ethereum-above-3100-on-december-4,ETH,2025-12-04,1,2
ethereum-above-3100-on-december-5,ETH,2025-12-05,1,5
ethereum-above-3100-on-december-6,ETH,2025-12-06,1,4
ethereum-above-3100-on-december-7,ETH,2025-12-07,1,6
ethereum-above-3100-on-december-8,ETH,2025-12-08,1,4
ethereum-above-3100-on-december-9,ETH,2025-12-09,1,7
ethereum-above-3100-on-february-1,ETH,2026-02-01,1,4
ethereum-above-3100-on-february-2,ETH,2026-02-02,1,1
ethereum-above-3100-on-february-3,ETH,2026-02-03,1,0
ethereum-above-3100-on-february-4,ETH,2026-02-04,1,0
ethereum-above-3100-on-february-5,ETH,2026-02-05,1,0
ethereum-above-3100-on-january-1,ETH,2026-01-01,1,2
ethereum-above-3100-on-january-10,ETH,2026-01-10,1,10
ethereum-above-3100-on-january-11,ETH,2026-01-11,1,9
ethereum-above-3100-on-january-12,ETH,2026-01-12,1,9
ethereum-above-3100-on-january-13,ETH,2026-01-13,1,11
ethereum-above-3100-on-january-14,ETH,2026-01-14,1,5
ethereum-above-3100-on-january-15,ETH,2026-01-15,1,4
ethereum-above-3100-on-january-18,ETH,2026-01-18,1,0
ethereum-above-3100-on-january-19,ETH,2026-01-19,1,1
ethereum-above-3100-on-january-20,ETH,2026-01-20,1,4
ethereum-above-3100-on-january-21,ETH,2026-01-21,1,2
ethereum-above-3100-on-january-22,ETH,2026-01-22,1,0
ethereum-above-3100-on-january-24,ETH,2026-01-24,1,1
ethereum-above-3100-on-january-25,ETH,2026-01-25,1,1
ethereum-above-3100-on-january-26,ETH,2026-01-26,1,2
ethereum-above-3100-on-january-27,ETH,2026-01-27,1,2
ethereum-above-3100-on-january-28,ETH,2026-01-28,1,3
ethereum-above-3100-on-january-29,ETH,2026-01-29,1,2
ethereum-above-3100-on-january-3,ETH,2026-01-03,1,2
ethereum-above-3100-on-january-30,ETH,2026-01-30,1,0
ethereum-above-3100-on-january-31,ETH,2026-01-31,1,2
ethereum-above-3100-on-january-4,ETH,2026-01-04,1,4
ethereum-above-3100-on-january-5,ETH,2026-01-05,1,4
ethereum-above-3100-on-january-6,ETH,2026-01-06,1,1
ethereum-above-3100-on-january-7,ETH,2026-01-07,1,2
ethereum-above-3100-on-january-8,ETH,2026-01-08,1,5
ethereum-above-3100-on-january-9,ETH,2026-01-09,1,4
ethereum-above-3100-on-november-11,ETH,2025-11-11,1,0
ethereum-above-3100-on-november-14,ETH,2025-11-14,1,1
ethereum-above-3100-on-november-15,ETH,2025-11-15,1,2
ethereum-above-3100-on-november-16,ETH,2025-11-16,1,0
ethereum-above-3100-on-november-17,ETH,2025-11-17,1,4
ethereum-above-3100-on-november-18,ETH,2025-11-18,1,6
ethereum-above-3100-on-november-19,ETH,2025-11-19,1,3
ethereum-above-3100-on-november-20,ETH,2025-11-20,1,2
ethereum-above-3100-on-november-21,ETH,2025-11-21,1,3
ethereum-above-3100-on-november-22,ETH,2025-11-22,1,0
ethereum-above-3100-on-november-24,ETH,2025-11-24,1,1
ethereum-above-3100-on-november-27,ETH,2025-11-27,1,5
ethereum-above-3100-on-november-28,ETH,2025-11-28,1,1
ethereum-above-3100-on-november-29,ETH,2025-11-29,1,4
ethereum-above-3100-on-november-30,ETH,2025-11-30,1,3
ethereum-above-3200-on-december-1,ETH,2025-12-01,1,0
ethereum-above-3200-on-december-10,ETH,2025-12-10,1,2
ethereum-above-3200-on-december-11,ETH,2025-12-11,1,6
ethereum-above-3200-on-december-12,ETH,2025-12-12,1,4
ethereum-above-3200-on-december-13,ETH,2025-12-13,1,3
ethereum-above-3200-on-december-15,ETH,2025-12-15,1,1
ethereum-above-3200-on-december-16,ETH,2025-12-16,1,2
ethereum-above-3200-on-december-17,ETH,2025-12-17,1,2
ethereum-above-3200-on-december-18,ETH,2025-12-18,1,0
ethereum-above-3200-on-december-2,ETH,2025-12-02,1,1
ethereum-above-3200-on-december-21,ETH,2025-12-21,1,0
ethereum-above-3200-on-december-23,ETH,2025-12-23,1,0
ethereum-above-3200-on-december-24,ETH,2025-12-24,1,1
ethereum-above-3200-on-december-25,ETH,2025-12-25,1,0
ethereum-above-3200-on-december-28,ETH,2025-12-28,1,1
ethereum-above-3200-on-december-30,ETH,2025-12-30,1,0
ethereum-above-3200-on-december-4,ETH,2025-12-04,1,2
ethereum-above-3200-on-december-5,ETH,2025-12-05,1,1
ethereum-above-3200-on-december-6,ETH,2025-12-06,1,4
ethereum-above-3200-on-december-7,ETH,2025-12-07,1,3
ethereum-above-3200-on-december-8,ETH,2025-12-08,1,0
ethereum-above-3200-on-december-9,ETH,2025-12-09,1,2
ethereum-above-3200-on-february-1,ETH,2026-02-01,1,0
ethereum-above-3200-on-january-1,ETH,2026-01-01,1,0
ethereum-above-3200-on-january-10,ETH,2026-01-10,1,3
ethereum-above-3200-on-january-11,ETH,2026-01-11,1,3
ethereum-above-3200-on-january-12,ETH,2026-01-12,1,4
ethereum-above-3200-on-january-13,ETH,2026-01-13,1,5
ethereum-above-3200-on-january-14,ETH,2026-01-14,1,4
ethereum-above-3200-on-january-15,ETH,2026-01-15,1,4
ethereum-above-3200-on-january-16,ETH,2026-01-16,1,2
ethereum-above-3200-on-january-17,ETH,2026-01-17,1,1
ethereum-above-3200-on-january-18,ETH,2026-01-18,1,2
ethereum-above-3200-on-january-19,ETH,2026-01-19,1,4
ethereum-above-3200-on-january-20,ETH,2026-01-20,1,5
ethereum-above-3200-on-january-21,ETH,2026-01-21,1,4
ethereum-above-3200-on-january-22,ETH,2026-01-22,1,3
ethereum-above-3200-on-january-24,ETH,2026-01-24,1,0
ethereum-above-3200-on-january-25,ETH,2026-01-25,1,2
ethereum-above-3200-on-january-26,ETH,2026-01-26,1,0
ethereum-above-3200-on-january-27,ETH,2026-01-27,1,0
ethereum-above-3200-on-january-28,ETH,2026-01-28,1,0
ethereum-above-3200-on-january-29,ETH,2026-01-29,1,0
ethereum-above-3200-on-january-3,ETH,2026-01-03,1,2
ethereum-above-3200-on-january-4,ETH,2026-01-04,1,3
ethereum-above-3200-on-january-5,ETH,2026-01-05,1,3
ethereum-above-3200-on-january-6,ETH,2026-01-06,1,3
ethereum-above-3200-on-january-7,ETH,2026-01-07,1,4
ethereum-above-3200-on-january-8,ETH,2026-01-08,1,2
ethereum-above-3200-on-november-10,ETH,2025-11-10,1,0
ethereum-above-3200-on-november-11,ETH,2025-11-11,1,0
ethereum-above-3200-on-november-12,ETH,2025-11-12,1,0
ethereum-above-3200-on-november-13,ETH,2025-11-13,1,0
ethereum-above-3200-on-november-14,ETH,2025-11-14,1,3
ethereum-above-3200-on-november-15,ETH,2025-11-15,1,4
ethereum-above-3200-on-november-16,ETH,2025-11-16,1,5
ethereum-above-3200-on-november-17,ETH,2025-11-17,1,3
ethereum-above-3200-on-november-18,ETH,2025-11-18,1,3
ethereum-above-3200-on-november-19,ETH,2025-11-19,1,3
ethereum-above-3200-on-november-20,ETH,2025-11-20,1,4
ethereum-above-3200-on-november-21,ETH,2025-11-21,1,1
ethereum-above-3200-on-november-25,ETH,2025-11-25,1,0
ethereum-above-3200-on-november-27,ETH,2025-11-27,1,0
ethereum-above-3200-on-november-28,ETH,2025-11-28,1,0
ethereum-above-3200-on-november-29,ETH,2025-11-29,1,0
ethereum-above-3200-on-november-30,ETH,2025-11-30,1,2
ethereum-above-3300-on-december-1,ETH,2025-12-01,1,0
ethereum-above-3300-on-december-10,ETH,2025-12-10,1,2
ethereum-above-3300-on-december-11,ETH,2025-12-11,1,1
ethereum-above-3300-on-december-13,ETH,2025-12-13,1,1
ethereum-above-3300-on-december-15,ETH,2025-12-15,1,0
ethereum-above-3300-on-december-16,ETH,2025-12-16,1,0
ethereum-above-3300-on-december-17,ETH,2025-12-17,1,0
ethereum-above-3300-on-december-18,ETH,2025-12-18,1,0
ethereum-above-3300-on-december-2,ETH,2025-12-02,1,0
ethereum-above-3300-on-december-24,ETH,2025-12-24,1,1
ethereum-above-3300-on-december-25,ETH,2025-12-25,1,0
ethereum-above-3300-on-december-6,ETH,2025-12-06,1,1
ethereum-above-3300-on-december-7,ETH,2025-12-07,1,2
ethereum-above-3300-on-december-9,ETH,2025-12-09,1,1
ethereum-above-3300-on-february-3,ETH,2026-02-03,1,0
ethereum-above-3300-on-january-1,ETH,2026-01-01,1,0
ethereum-above-3300-on-january-10,ETH,2026-01-10,1,0
ethereum-above-3300-on-january-11,ETH,2026-01-11,1,1
ethereum-above-3300-on-january-12,ETH,2026-01-12,1,1
ethereum-above-3300-on-january-13,ETH,2026-01-13,1,2
ethereum-above-3300-on-january-14,ETH,2026-01-14,1,3
ethereum-above-3300-on-january-15,ETH,2026-01-15,1,4
ethereum-above-3300-on-january-16,ETH,2026-01-16,1,6
ethereum-above-3300-on-january-18,ETH,2026-01-18,1,8
ethereum-above-3300-on-january-19,ETH,2026-01-19,1,5
ethereum-above-3300-on-january-20,ETH,2026-01-20,1,3
ethereum-above-3300-on-january-21,ETH,2026-01-21,1,2
ethereum-above-3300-on-january-22,ETH,2026-01-22,1,1
ethereum-above-3300-on-january-27,ETH,2026-01-27,1,0
ethereum-above-3300-on-january-28,ETH,2026-01-28,1,0
ethereum-above-3300-on-january-6,ETH,2026-01-06,1,0
ethereum-above-3300-on-january-7,ETH,2026-01-07,1,0
ethereum-above-3300-on-january-8,ETH,2026-01-08,1,0
ethereum-above-3300-on-january-9,ETH,2026-01-09,1,1
ethereum-above-3300-on-november-10,ETH,2025-11-10,1,2
ethereum-above-3300-on-november-12,ETH,2025-11-12,1,1
ethereum-above-3300-on-november-13,ETH,2025-11-13,1,1
ethereum-above-3300-on-november-14,ETH,2025-11-14,1,1
ethereum-above-3300-on-november-15,ETH,2025-11-15,1,3
ethereum-above-3300-on-november-16,ETH,2025-11-16,1,1
ethereum-above-3300-on-november-17,ETH,2025-11-17,1,3
ethereum-above-3300-on-november-18,ETH,2025-11-18,1,2
ethereum-above-3300-on-november-19,ETH,2025-11-19,1,2
ethereum-above-3300-on-november-20,ETH,2025-11-20,1,1
ethereum-above-3300-on-november-21,ETH,2025-11-21,1,0
ethereum-above-3300-on-november-22,ETH,2025-11-22,1,0
ethereum-above-3300-on-november-30,ETH,2025-11-30,1,0
ethereum-above-3300-on-november-6,ETH,2025-11-06,1,2
ethereum-above-3400-on-december-1,ETH,2025-12-01,1,0
ethereum-above-3400-on-december-11,ETH,2025-12-11,1,1
ethereum-above-3400-on-december-12,ETH,2025-12-12,1,1
ethereum-above-3400-on-december-13,ETH,2025-12-13,1,2
ethereum-above-3400-on-december-15,ETH,2025-12-15,1,1
ethereum-above-3400-on-december-17,ETH,2025-12-17,1,0
ethereum-above-3400-on-december-7,ETH,2025-12-07,1,3
ethereum-above-3400-on-january-10,ETH,2026-01-10,1,0
ethereum-above-3400-on-january-11,ETH,2026-01-11,1,1
ethereum-above-3400-on-january-15,ETH,2026-01-15,1,1
ethereum-above-3400-on-january-16,ETH,2026-01-16,1,0
ethereum-above-3400-on-january-17,ETH,2026-01-17,1,3
ethereum-above-3400-on-january-18,ETH,2026-01-18,1,1
ethereum-above-3400-on-january-19,ETH,2026-01-19,1,5
ethereum-above-3400-on-january-20,ETH,2026-01-20,1,4
ethereum-above-3400-on-january-21,ETH,2026-01-21,1,1
ethereum-above-3400-on-january-22,ETH,2026-01-22,1,1
ethereum-above-3400-on-january-8,ETH,2026-01-08,1,1
ethereum-above-3400-on-november-10,ETH,2025-11-10,1,6
ethereum-above-3400-on-november-11,ETH,2025-11-11,1,1
ethereum-above-3400-on-november-12,ETH,2025-11-12,1,0
ethereum-above-3400-on-november-13,ETH,2025-11-13,1,4
ethereum-above-3400-on-november-14,ETH,2025-11-14,1,3
ethereum-above-3400-on-november-16,ETH,2025-11-16,1,0
ethereum-above-3400-on-november-17,ETH,2025-11-17,1,1
ethereum-above-3400-on-november-18,ETH,2025-11-18,1,0
ethereum-above-3400-on-november-26,ETH,2025-11-26,1,0
ethereum-above-3400-on-november-6,ETH,2025-11-06,1,4
ethereum-above-3400-on-november-7,ETH,2025-11-07,1,3
ethereum-above-3400-on-november-8,ETH,2025-11-08,1,7
ethereum-above-3400-on-november-9,ETH,2025-11-09,1,1
ethereum-above-3500-on-december-11,ETH,2025-12-11,1,0
ethereum-above-3500-on-december-12,ETH,2025-12-12,1,0
ethereum-above-3500-on-december-13,ETH,2025-12-13,1,1
ethereum-above-3500-on-december-15,ETH,2025-12-15,1,0
ethereum-above-3500-on-december-7,ETH,2025-12-07,1,1
ethereum-above-3500-on-december-9,ETH,2025-12-09,1,0
ethereum-above-3500-on-january-11,ETH,2026-01-11,1,0
ethereum-above-3500-on-january-12,ETH,2026-01-12,1,0
ethereum-above-3500-on-january-17,ETH,2026-01-17,1,1
ethereum-above-3500-on-january-18,ETH,2026-01-18,1,2
ethereum-above-3500-on-january-19,ETH,2026-01-19,1,1
ethereum-above-3500-on-january-20,ETH,2026-01-20,1,0
ethereum-above-3500-on-january-21,ETH,2026-01-21,1,2
ethereum-above-3500-on-january-22,ETH,2026-01-22,1,0
ethereum-above-3500-on-november-10,ETH,2025-11-10,1,5
ethereum-above-3500-on-november-11,ETH,2025-11-11,1,2
ethereum-above-3500-on-november-12,ETH,2025-11-12,1,1
ethereum-above-3500-on-november-13,ETH,2025-11-13,1,1
ethereum-above-3500-on-november-14,ETH,2025-11-14,1,0
ethereum-above-3500-on-november-15,ETH,2025-11-15,1,0
ethereum-above-3500-on-november-16,ETH,2025-11-16,1,0
ethereum-above-3500-on-november-17,ETH,2025-11-17,1,0
ethereum-above-3500-on-november-5,ETH,2025-11-05,1,2
ethereum-above-3500-on-november-6,ETH,2025-11-06,1,3
ethereum-above-3500-on-november-7,ETH,2025-11-07,1,1
ethereum-above-3500-on-november-8,ETH,2025-11-08,1,2
ethereum-above-3500-on-november-9,ETH,2025-11-09,1,0
ethereum-above-3500-on-october-31,ETH,2025-10-31,1,0
ethereum-above-3600-on-december-15,ETH,2025-12-15,1,0
ethereum-above-3600-on-january-12,ETH,2026-01-12,1,0
ethereum-above-3600-on-january-18,ETH,2026-01-18,1,0
ethereum-above-3600-on-january-22,ETH,2026-01-22,1,0
ethereum-above-3600-on-november-1,ETH,2025-11-01,1,2
ethereum-above-3600-on-november-10,ETH,2025-11-10,1,0
ethereum-above-3600-on-november-11,ETH,2025-11-11,1,1
ethereum-above-3600-on-november-12,ETH,2025-11-12,1,0
ethereum-above-3600-on-november-13,ETH,2025-11-13,1,0
ethereum-above-3600-on-november-15,ETH,2025-11-15,1,0
ethereum-above-3600-on-november-16,ETH,2025-11-16,1,0
ethereum-above-3600-on-november-4,ETH,2025-11-04,1,4
ethereum-above-3600-on-november-5,ETH,2025-11-05,1,3
ethereum-above-3600-on-november-6,ETH,2025-11-06,1,3
ethereum-above-3600-on-november-7,ETH,2025-11-07,1,0
ethereum-above-3600-on-november-8,ETH,2025-11-08,1,1
ethereum-above-3600-on-october-17,ETH,2025-10-17,1,0
ethereum-above-3600-on-october-18,ETH,2025-10-18,1,1
ethereum-above-3600-on-october-24,ETH,2025-10-24,1,1
ethereum-above-3600-on-october-31,ETH,2025-10-31,1,0
ethereum-above-3700-on-november-1,ETH,2025-11-01,1,2
ethereum-above-3700-on-november-10,ETH,2025-11-10,1,1
ethereum-above-3700-on-november-11,ETH,2025-11-11,1,0
ethereum-above-3700-on-november-12,ETH,2025-11-12,1,0
ethereum-above-3700-on-november-16,ETH,2025-11-16,1,0
ethereum-above-3700-on-november-2,ETH,2025-11-02,1,0
ethereum-above-3700-on-november-3,ETH,2025-11-03,1,0
ethereum-above-3700-on-november-4,ETH,2025-11-04,1,5
ethereum-above-3700-on-november-5,ETH,2025-11-05,1,4
ethereum-above-3700-on-november-6,ETH,2025-11-06,1,1
ethereum-above-3700-on-november-8,ETH,2025-11-08,1,0
ethereum-above-3700-on-october-17,ETH,2025-10-17,1,1
ethereum-above-3700-on-october-18,ETH,2025-10-18,1,2
ethereum-above-3700-on-october-20,ETH,2025-10-20,1,0
ethereum-above-3700-on-october-22,ETH,2025-10-22,1,1
ethereum-above-3700-on-october-23,ETH,2025-10-23,1,0
ethereum-above-3700-on-october-24,ETH,2025-10-24,1,0
ethereum-above-3700-on-october-28,ETH,2025-10-28,1,0
ethereum-above-3700-on-october-30,ETH,2025-10-30,1,2
ethereum-above-3700-on-october-31,ETH,2025-10-31,1,2
ethereum-above-3800-on-december-16,ETH,2025-12-16,1,0
ethereum-above-3800-on-november-1,ETH,2025-11-01,1,2
ethereum-above-3800-on-november-10,ETH,2025-11-10,1,0
ethereum-above-3800-on-november-12,ETH,2025-11-12,1,0
ethereum-above-3800-on-november-15,ETH,2025-11-15,1,0
ethereum-above-3800-on-november-16,ETH,2025-11-16,1,0
ethereum-above-3800-on-november-17,ETH,2025-11-17,1,0
ethereum-above-3800-on-november-2,ETH,2025-11-02,1,0
ethereum-above-3800-on-november-3,ETH,2025-11-03,1,2
ethereum-above-3800-on-november-4,ETH,2025-11-04,1,4
ethereum-above-3800-on-november-5,ETH,2025-11-05,1,1
ethereum-above-3800-on-november-6,ETH,2025-11-06,1,0
ethereum-above-3800-on-october-16,ETH,2025-10-16,1,0
ethereum-above-3800-on-october-17,ETH,2025-10-17,1,0
ethereum-above-3800-on-october-18,ETH,2025-10-18,1,1
ethereum-above-3800-on-october-19,ETH,2025-10-19,1,1
ethereum-above-3800-on-october-20,ETH,2025-10-20,1,1
ethereum-above-3800-on-october-21,ETH,2025-10-21,1,2
ethereum-above-3800-on-october-22,ETH,2025-10-22,1,3
ethereum-above-3800-on-october-23,ETH,2025-10-23,1,2
ethereum-above-3800-on-october-24,ETH,2025-10-24,1,3
ethereum-above-3800-on-october-25,ETH,2025-10-25,1,3
ethereum-above-3800-on-october-26,ETH,2025-10-26,1,1
ethereum-above-3800-on-october-27,ETH,2025-10-27,1,3
ethereum-above-3800-on-october-28,ETH,2025-10-28,1,3
ethereum-above-3800-on-october-30,ETH,2025-10-30,1,5
ethereum-above-3800-on-october-31,ETH,2025-10-31,1,3
ethereum-above-3900-on-november-1,ETH,2025-11-01,1,3
ethereum-above-3900-on-november-16,ETH,2025-11-16,1,0
ethereum-above-3900-on-november-2,ETH,2025-11-02,1,8
ethereum-above-3900-on-november-3,ETH,2025-11-03,1,3
ethereum-above-3900-on-november-4,ETH,2025-11-04,1,1
ethereum-above-3900-on-november-6,ETH,2025-11-06,1,1
ethereum-above-3900-on-october-15,ETH,2025-10-15,1,3
ethereum-above-3900-on-october-16,ETH,2025-10-16,1,1
ethereum-above-3900-on-october-17,ETH,2025-10-17,1,1
ethereum-above-3900-on-october-18,ETH,2025-10-18,1,2
ethereum-above-3900-on-october-19,ETH,2025-10-19,1,4
ethereum-above-3900-on-october-20,ETH,2025-10-20,1,2
ethereum-above-3900-on-october-21,ETH,2025-10-21,1,8
ethereum-above-3900-on-october-22,ETH,2025-10-22,1,6
ethereum-above-3900-on-october-23,ETH,2025-10-23,1,4
ethereum-above-3900-on-october-24,ETH,2025-10-24,1,4
ethereum-above-3900-on-october-25,ETH,2025-10-25,1,4
ethereum-above-3900-on-october-26,ETH,2025-10-26,1,4
ethereum-above-3900-on-october-27,ETH,2025-10-27,1,4
ethereum-above-3900-on-october-28,ETH,2025-10-28,1,0
ethereum-above-3900-on-october-29,ETH,2025-10-29,1,2
ethereum-above-3900-on-october-30,ETH,2025-10-30,1,1
ethereum-above-3900-on-october-31,ETH,2025-10-31,1,2
ethereum-above-4000-on-november-1,ETH,2025-11-01,1,0
ethereum-above-4000-on-november-2,ETH,2025-11-02,1,4
ethereum-above-4000-on-november-3,ETH,2025-11-03,1,0
ethereum-above-4000-on-november-4,ETH,2025-11-04,1,0
ethereum-above-4000-on-november-5,ETH,2025-11-05,1,0
ethereum-above-4000-on-november-6,ETH,2025-11-06,1,0
ethereum-above-4000-on-october-12,ETH,2025-10-12,1,0
ethereum-above-4000-on-october-14,ETH,2025-10-14,1,4
ethereum-above-4000-on-october-15,ETH,2025-10-15,1,3
ethereum-above-4000-on-october-16,ETH,2025-10-16,1,4
ethereum-above-4000-on-october-17,ETH,2025-10-17,1,3
ethereum-above-4000-on-october-18,ETH,2025-10-18,1,0
ethereum-above-4000-on-october-19,ETH,2025-10-19,1,5
ethereum-above-4000-on-october-20,ETH,2025-10-20,1,6
ethereum-above-4000-on-october-21,ETH,2025-10-21,1,3
ethereum-above-4000-on-october-22,ETH,2025-10-22,1,5
ethereum-above-4000-on-october-23,ETH,2025-10-23,1,3
ethereum-above-4000-on-october-24,ETH,2025-10-24,1,1
ethereum-above-4000-on-october-25,ETH,2025-10-25,1,4
ethereum-above-4000-on-october-26,ETH,2025-10-26,1,6
ethereum-above-4000-on-october-27,ETH,2025-10-27,1,5
ethereum-above-4000-on-october-28,ETH,2025-10-28,1,2
ethereum-above-4000-on-october-29,ETH,2025-10-29,1,6
ethereum-above-4000-on-october-30,ETH,2025-10-30,1,3
ethereum-above-4000-on-october-31,ETH,2025-10-31,1,0
ethereum-above-4100-on-november-2,ETH,2025-11-02,1,1
ethereum-above-4100-on-november-3,ETH,2025-11-03,1,0
ethereum-above-4100-on-october-14,ETH,2025-10-14,1,3
ethereum-above-4100-on-october-15,ETH,2025-10-15,1,5
ethereum-above-4100-on-october-16,ETH,2025-10-16,1,3
ethereum-above-4100-on-october-17,ETH,2025-10-17,1,1
ethereum-above-4100-on-october-18,ETH,2025-10-18,1,0
ethereum-above-4100-on-october-19,ETH,2025-10-19,1,0
ethereum-above-4100-on-october-20,ETH,2025-10-20,1,1
ethereum-above-4100-on-october-21,ETH,2025-10-21,1,3
ethereum-above-4100-on-october-22,ETH,2025-10-22,1,1
ethereum-above-4100-on-october-23,ETH,2025-10-23,1,0
ethereum-above-4100-on-october-25,ETH,2025-10-25,1,0
ethereum-above-4100-on-october-26,ETH,2025-10-26,1,1
ethereum-above-4100-on-october-27,ETH,2025-10-27,1,3
ethereum-above-4100-on-october-28,ETH,2025-10-28,1,2
ethereum-above-4100-on-october-29,ETH,2025-10-29,1,4
ethereum-above-4100-on-october-30,ETH,2025-10-30,1,0
ethereum-above-4100-on-october-31,ETH,2025-10-31,1,0
ethereum-above-4200-on-november-2,ETH,2025-11-02,1,0
ethereum-above-4200-on-november-4,ETH,2025-11-04,1,0
ethereum-above-4200-on-october-13,ETH,2025-10-13,1,1
ethereum-above-4200-on-october-14,ETH,2025-10-14,1,3
ethereum-above-4200-on-october-15,ETH,2025-10-15,1,5
ethereum-above-4200-on-october-16,ETH,2025-10-16,1,5
ethereum-above-4200-on-october-17,ETH,2025-10-17,1,1
ethereum-above-4200-on-october-18,ETH,2025-10-18,1,1
ethereum-above-4200-on-october-19,ETH,2025-10-19,1,1
ethereum-above-4200-on-october-20,ETH,2025-10-20,1,0
ethereum-above-4200-on-october-22,ETH,2025-10-22,1,1
ethereum-above-4200-on-october-23,ETH,2025-10-23,1,0
ethereum-above-4200-on-october-26,ETH,2025-10-26,1,0
ethereum-above-4200-on-october-27,ETH,2025-10-27,1,1
ethereum-above-4200-on-october-28,ETH,2025-10-28,1,1
ethereum-above-4200-on-october-29,ETH,2025-10-29,1,3
ethereum-above-4200-on-october-30,ETH,2025-10-30,1,1
ethereum-above-4300-on-november-2,ETH,2025-11-02,1,1
ethereum-above-4300-on-november-3,ETH,2025-11-03,1,0
ethereum-above-4300-on-october-14,ETH,2025-10-14,1,4
ethereum-above-4300-on-october-15,ETH,2025-10-15,1,2
ethereum-above-4300-on-october-16,ETH,2025-10-16,1,3
ethereum-above-4300-on-october-17,ETH,2025-10-17,1,0
ethereum-above-4300-on-october-19,ETH,2025-10-19,1,1
ethereum-above-4300-on-october-23,ETH,2025-10-23,1,0
ethereum-above-4300-on-october-27,ETH,2025-10-27,1,0
ethereum-above-4300-on-october-28,ETH,2025-10-28,1,2
ethereum-above-4300-on-october-29,ETH,2025-10-29,1,0
ethereum-above-4300-on-october-30,ETH,2025-10-30,1,0
ethereum-above-4300-on-october-31,ETH,2025-10-31,1,0
ethereum-above-4400-on-november-1,ETH,2025-11-01,1,0
ethereum-above-4400-on-october-14,ETH,2025-10-14,1,1
ethereum-above-4400-on-october-15,ETH,2025-10-15,1,1
ethereum-above-4400-on-october-16,ETH,2025-10-16,1,1
ethereum-above-4400-on-october-19,ETH,2025-10-19,1,0
ethereum-above-4400-on-october-20,ETH,2025-10-20,1,0
ethereum-above-4400-on-october-27,ETH,2025-10-27,1,0
ethereum-above-4500-on-november-2,ETH,2025-11-02,1,0
ethereum-above-4500-on-october-15,ETH,2025-10-15,1,0
ethereum-above-4500-on-october-16,ETH,2025-10-16,1,2
ethereum-above-4600-on-november-4,ETH,2025-11-04,1,0
solana-above-100-on-april-1,SOL,2026-04-01,1,0
solana-above-100-on-april-23,SOL,2026-04-23,1,1
solana-above-100-on-february-1,SOL,2026-02-01,1,1
solana-above-100-on-february-10,SOL,2026-02-10,1,1
solana-above-100-on-february-11,SOL,2026-02-11,1,1
solana-above-100-on-february-12,SOL,2026-02-12,1,1
solana-above-100-on-february-19,SOL,2026-02-19,1,0
solana-above-100-on-february-2,SOL,2026-02-02,1,2
solana-above-100-on-february-21,SOL,2026-02-21,1,0
solana-above-100-on-february-22,SOL,2026-02-22,1,0
solana-above-100-on-february-23,SOL,2026-02-23,1,0
solana-above-100-on-february-24,SOL,2026-02-24,1,1
solana-above-100-on-february-25,SOL,2026-02-25,1,0
solana-above-100-on-february-26,SOL,2026-02-26,1,0
solana-above-100-on-february-27,SOL,2026-02-27,1,0
solana-above-100-on-february-3,SOL,2026-02-03,1,2
solana-above-100-on-february-4,SOL,2026-02-04,1,5
solana-above-100-on-february-5,SOL,2026-02-05,1,5
solana-above-100-on-february-7,SOL,2026-02-07,1,2
solana-above-100-on-february-8,SOL,2026-02-08,1,4
solana-above-100-on-february-9,SOL,2026-02-09,1,1
solana-above-100-on-march-1,SOL,2026-03-01,1,0
solana-above-100-on-march-18,SOL,2026-03-18,1,0
solana-above-100-on-march-24,SOL,2026-03-24,1,0
solana-above-100-on-march-26,SOL,2026-03-26,1,0
solana-above-100-on-march-27,SOL,2026-03-27,1,0
solana-above-100-on-march-28,SOL,2026-03-28,1,0
solana-above-100-on-march-29,SOL,2026-03-29,1,0
solana-above-100-on-march-3,SOL,2026-03-03,1,0
solana-above-100-on-march-30,SOL,2026-03-30,1,0
solana-above-100-on-march-31,SOL,2026-03-31,1,0
solana-above-100-on-march-4,SOL,2026-03-04,1,1
solana-above-100-on-march-5,SOL,2026-03-05,1,1
solana-above-100-on-march-7,SOL,2026-03-07,1,0
solana-above-100-on-march-8,SOL,2026-03-08,1,0
solana-above-100-on-march-9,SOL,2026-03-09,1,0
solana-above-100-on-may-12,SOL,2026-05-12,1,0
solana-above-100-on-may-14,SOL,2026-05-14,1,0
solana-above-110-on-december-19,SOL,2025-12-19,1,0
solana-above-110-on-december-20,SOL,2025-12-20,1,0
solana-above-110-on-december-24,SOL,2025-12-24,1,0
solana-above-110-on-december-30,SOL,2025-12-30,1,0
solana-above-110-on-february-1,SOL,2026-02-01,1,1
solana-above-110-on-february-10,SOL,2026-02-10,1,0
solana-above-110-on-february-2,SOL,2026-02-02,1,1
solana-above-110-on-february-25,SOL,2026-02-25,1,0
solana-above-110-on-february-26,SOL,2026-02-26,1,0
solana-above-110-on-february-3,SOL,2026-02-03,1,4
solana-above-110-on-february-4,SOL,2026-02-04,1,5
solana-above-110-on-february-5,SOL,2026-02-05,1,3
solana-above-110-on-february-8,SOL,2026-02-08,1,0
solana-above-110-on-february-9,SOL,2026-02-09,1,1
solana-above-110-on-january-30,SOL,2026-01-30,1,0
solana-above-110-on-january-31,SOL,2026-01-31,1,0
solana-above-110-on-march-4,SOL,2026-03-04,1,0
solana-above-110-on-november-22,SOL,2025-11-22,1,0
solana-above-110-on-november-25,SOL,2025-11-25,1,0
solana-above-120-on-december-1,SOL,2025-12-01,1,0
solana-above-120-on-december-10,SOL,2025-12-10,1,0
solana-above-120-on-december-11,SOL,2025-12-11,1,0
solana-above-120-on-december-12,SOL,2025-12-12,1,0
solana-above-120-on-december-13,SOL,2025-12-13,1,0
solana-above-120-on-december-16,SOL,2025-12-16,1,1
solana-above-120-on-december-17,SOL,2025-12-17,1,1
solana-above-120-on-december-18,SOL,2025-12-18,1,4
solana-above-120-on-december-19,SOL,2025-12-19,1,3
solana-above-120-on-december-20,SOL,2025-12-20,1,3
solana-above-120-on-december-21,SOL,2025-12-21,1,0
solana-above-120-on-december-22,SOL,2025-12-22,1,1
solana-above-120-on-december-23,SOL,2025-12-23,1,2
solana-above-120-on-december-24,SOL,2025-12-24,1,0
solana-above-120-on-december-29,SOL,2025-12-29,1,0
solana-above-120-on-december-30,SOL,2025-12-30,1,4
solana-above-120-on-december-31,SOL,2025-12-31,1,0
solana-above-120-on-december-8,SOL,2025-12-08,1,0
solana-above-120-on-december-9,SOL,2025-12-09,1,0
solana-above-120-on-february-1,SOL,2026-02-01,1,1
solana-above-120-on-february-2,SOL,2026-02-02,1,1
solana-above-120-on-february-3,SOL,2026-02-03,1,1
solana-above-120-on-february-4,SOL,2026-02-04,1,0
solana-above-120-on-february-5,SOL,2026-02-05,1,1
solana-above-120-on-january-14,SOL,2026-01-14,1,0
solana-above-120-on-january-2,SOL,2026-01-02,1,3
solana-above-120-on-january-28,SOL,2026-01-28,1,0
solana-above-120-on-january-29,SOL,2026-01-29,1,2
solana-above-120-on-january-3,SOL,2026-01-03,1,0
solana-above-120-on-january-30,SOL,2026-01-30,1,1
solana-above-120-on-january-31,SOL,2026-01-31,1,2
solana-above-120-on-january-4,SOL,2026-01-04,1,0
solana-above-120-on-january-6,SOL,2026-01-06,1,0
solana-above-120-on-january-7,SOL,2026-01-07,1,2
solana-above-120-on-november-18,SOL,2025-11-18,1,0
solana-above-120-on-november-19,SOL,2025-11-19,1,1
solana-above-120-on-november-20,SOL,2025-11-20,1,1
solana-above-120-on-november-21,SOL,2025-11-21,1,0
solana-above-120-on-november-22,SOL,2025-11-22,1,0
solana-above-130-on-december-10,SOL,2025-12-10,1,1
solana-above-130-on-december-11,SOL,2025-12-11,1,3
solana-above-130-on-december-12,SOL,2025-12-12,1,3
solana-above-130-on-december-13,SOL,2025-12-13,1,2
solana-above-130-on-december-15,SOL,2025-12-15,1,4
solana-above-130-on-december-16,SOL,2025-12-16,1,2
solana-above-130-on-december-17,SOL,2025-12-17,1,4
solana-above-130-on-december-18,SOL,2025-12-18,1,3
solana-above-130-on-december-19,SOL,2025-12-19,1,2
solana-above-130-on-december-20,SOL,2025-12-20,1,3
solana-above-130-on-december-21,SOL,2025-12-21,1,4
solana-above-130-on-december-22,SOL,2025-12-22,1,2
solana-above-130-on-december-23,SOL,2025-12-23,1,3
solana-above-130-on-december-24,SOL,2025-12-24,1,1
solana-above-130-on-december-25,SOL,2025-12-25,1,0
solana-above-130-on-december-27,SOL,2025-12-27,1,0
solana-above-130-on-december-28,SOL,2025-12-28,1,0
solana-above-130-on-december-29,SOL,2025-12-29,1,0
solana-above-130-on-december-30,SOL,2025-12-30,1,1
solana-above-130-on-december-31,SOL,2025-12-31,1,2
solana-above-130-on-december-5,SOL,2025-12-05,1,0
solana-above-130-on-december-7,SOL,2025-12-07,1,0
solana-above-130-on-december-8,SOL,2025-12-08,1,1
solana-above-130-on-december-9,SOL,2025-12-09,1,1
solana-above-130-on-february-1,SOL,2026-02-01,1,1
solana-above-130-on-february-3,SOL,2026-02-03,1,0
solana-above-130-on-february-4,SOL,2026-02-04,1,0
solana-above-130-on-january-10,SOL,2026-01-10,1,0
solana-above-130-on-january-14,SOL,2026-01-14,1,1
solana-above-130-on-january-15,SOL,2026-01-15,1,1
solana-above-130-on-january-17,SOL,2026-01-17,1,0
solana-above-130-on-january-2,SOL,2026-01-02,1,2
solana-above-130-on-january-20,SOL,2026-01-20,1,1
solana-above-130-on-january-21,SOL,2026-01-21,1,2
solana-above-130-on-january-22,SOL,2026-01-22,1,0
solana-above-130-on-january-24,SOL,2026-01-24,1,2
solana-above-130-on-january-25,SOL,2026-01-25,1,0
solana-above-130-on-january-26,SOL,2026-01-26,1,0
solana-above-130-on-january-27,SOL,2026-01-27,1,0
solana-above-130-on-january-28,SOL,2026-01-28,1,0
solana-above-130-on-january-29,SOL,2026-01-29,1,0
solana-above-130-on-january-3,SOL,2026-01-03,1,1
solana-above-130-on-january-4,SOL,2026-01-04,1,1
solana-above-130-on-january-5,SOL,2026-01-05,1,3
solana-above-130-on-january-6,SOL,2026-01-06,1,5
solana-above-130-on-january-7,SOL,2026-01-07,1,2
solana-above-130-on-january-8,SOL,2026-01-08,1,3
solana-above-130-on-january-9,SOL,2026-01-09,1,2
solana-above-130-on-november-14,SOL,2025-11-14,1,0
solana-above-130-on-november-15,SOL,2025-11-15,1,0
solana-above-130-on-november-17,SOL,2025-11-17,1,4
solana-above-130-on-november-18,SOL,2025-11-18,1,3
solana-above-130-on-november-19,SOL,2025-11-19,1,2
solana-above-130-on-november-20,SOL,2025-11-20,1,3
solana-above-130-on-november-21,SOL,2025-11-21,1,1
solana-above-130-on-november-22,SOL,2025-11-22,1,1
solana-above-130-on-november-23,SOL,2025-11-23,1,0
solana-above-130-on-november-24,SOL,2025-11-24,1,1
solana-above-130-on-november-25,SOL,2025-11-25,1,0
solana-above-130-on-november-26,SOL,2025-11-26,1,0
solana-above-130-on-november-27,SOL,2025-11-27,1,0
solana-above-130-on-november-28,SOL,2025-11-28,1,0
solana-above-130-on-november-30,SOL,2025-11-30,1,0
solana-above-140-on-december-1,SOL,2025-12-01,1,0
solana-above-140-on-december-10,SOL,2025-12-10,1,2
solana-above-140-on-december-11,SOL,2025-12-11,1,4
solana-above-140-on-december-12,SOL,2025-12-12,1,0
solana-above-140-on-december-13,SOL,2025-12-13,1,2
solana-above-140-on-december-15,SOL,2025-12-15,1,2
solana-above-140-on-december-16,SOL,2025-12-16,1,0
solana-above-140-on-december-17,SOL,2025-12-17,1,0
solana-above-140-on-december-18,SOL,2025-12-18,1,0
solana-above-140-on-december-2,SOL,2025-12-02,1,0
solana-above-140-on-december-21,SOL,2025-12-21,1,0
solana-above-140-on-december-22,SOL,2025-12-22,1,0
solana-above-140-on-december-23,SOL,2025-12-23,1,0
solana-above-140-on-december-24,SOL,2025-12-24,1,0
solana-above-140-on-december-25,SOL,2025-12-25,1,0
solana-above-140-on-december-3,SOL,2025-12-03,1,0
solana-above-140-on-december-4,SOL,2025-12-04,1,0
solana-above-140-on-december-5,SOL,2025-12-05,1,0
solana-above-140-on-december-6,SOL,2025-12-06,1,0
solana-above-140-on-december-7,SOL,2025-12-07,1,0
solana-above-140-on-december-8,SOL,2025-12-08,1,0
solana-above-140-on-december-9,SOL,2025-12-09,1,2
solana-above-140-on-january-10,SOL,2026-01-10,1,0
solana-above-140-on-january-11,SOL,2026-01-11,1,2
solana-above-140-on-january-12,SOL,2026-01-12,1,7
solana-above-140-on-january-13,SOL,2026-01-13,1,4
solana-above-140-on-january-14,SOL,2026-01-14,1,3
solana-above-140-on-january-15,SOL,2026-01-15,1,5
solana-above-140-on-january-16,SOL,2026-01-16,1,2
solana-above-140-on-january-17,SOL,2026-01-17,1,1
solana-above-140-on-january-19,SOL,2026-01-19,1,0
solana-above-140-on-january-21,SOL,2026-01-21,1,0
solana-above-140-on-january-22,SOL,2026-01-22,1,0
solana-above-140-on-january-4,SOL,2026-01-04,1,1
solana-above-140-on-january-5,SOL,2026-01-05,1,1
solana-above-140-on-january-6,SOL,2026-01-06,1,3
solana-above-140-on-january-7,SOL,2026-01-07,1,8
solana-above-140-on-january-8,SOL,2026-01-08,1,6
solana-above-140-on-january-9,SOL,2026-01-09,1,2
solana-above-140-on-november-13,SOL,2025-11-13,1,0
solana-above-140-on-november-14,SOL,2025-11-14,1,2
solana-above-140-on-november-15,SOL,2025-11-15,1,1
solana-above-140-on-november-16,SOL,2025-11-16,1,3
solana-above-140-on-november-17,SOL,2025-11-17,1,3
solana-above-140-on-november-18,SOL,2025-11-18,1,1
solana-above-140-on-november-19,SOL,2025-11-19,1,1
solana-above-140-on-november-20,SOL,2025-11-20,1,3
solana-above-140-on-november-22,SOL,2025-11-22,1,3
solana-above-140-on-november-23,SOL,2025-11-23,1,0
solana-above-140-on-november-24,SOL,2025-11-24,1,1
solana-above-140-on-november-25,SOL,2025-11-25,1,0
solana-above-140-on-november-26,SOL,2025-11-26,1,0
solana-above-140-on-november-28,SOL,2025-11-28,1,1
solana-above-140-on-november-29,SOL,2025-11-29,1,0
solana-above-140-on-november-30,SOL,2025-11-30,1,0
solana-above-140-on-november-6,SOL,2025-11-06,1,1
solana-above-140-on-november-7,SOL,2025-11-07,1,1
solana-above-150-on-december-1,SOL,2025-12-01,1,0
solana-above-150-on-december-15,SOL,2025-12-15,1,1
solana-above-150-on-december-16,SOL,2025-12-16,1,1
solana-above-150-on-december-22,SOL,2025-12-22,1,0
solana-above-150-on-december-6,SOL,2025-12-06,1,0
solana-above-150-on-december-7,SOL,2025-12-07,1,0
solana-above-150-on-december-8,SOL,2025-12-08,1,0
solana-above-150-on-january-10,SOL,2026-01-10,1,1
solana-above-150-on-january-11,SOL,2026-01-11,1,0
solana-above-150-on-january-12,SOL,2026-01-12,1,0
solana-above-150-on-january-13,SOL,2026-01-13,1,1
solana-above-150-on-january-14,SOL,2026-01-14,1,2
solana-above-150-on-january-15,SOL,2026-01-15,1,4
solana-above-150-on-january-17,SOL,2026-01-17,1,1
solana-above-150-on-january-18,SOL,2026-01-18,1,0
solana-above-150-on-january-19,SOL,2026-01-19,1,0
solana-above-150-on-january-20,SOL,2026-01-20,1,1
solana-above-150-on-january-21,SOL,2026-01-21,1,1
solana-above-150-on-january-22,SOL,2026-01-22,1,0
solana-above-150-on-january-7,SOL,2026-01-07,1,0
solana-above-150-on-january-8,SOL,2026-01-08,1,0
solana-above-150-on-january-9,SOL,2026-01-09,1,0
solana-above-150-on-november-12,SOL,2025-11-12,1,0
solana-above-150-on-november-13,SOL,2025-11-13,1,2
solana-above-150-on-november-14,SOL,2025-11-14,1,2
solana-above-150-on-november-15,SOL,2025-11-15,1,3
solana-above-150-on-november-16,SOL,2025-11-16,1,2
solana-above-150-on-november-17,SOL,2025-11-17,1,1
solana-above-150-on-november-18,SOL,2025-11-18,1,1
solana-above-150-on-november-19,SOL,2025-11-19,1,2
solana-above-150-on-november-20,SOL,2025-11-20,1,1
solana-above-150-on-november-22,SOL,2025-11-22,1,2
solana-above-150-on-november-23,SOL,2025-11-23,1,2
solana-above-150-on-november-24,SOL,2025-11-24,1,1
solana-above-150-on-november-28,SOL,2025-11-28,1,1
solana-above-150-on-november-29,SOL,2025-11-29,1,0
solana-above-150-on-november-30,SOL,2025-11-30,1,0
solana-above-150-on-november-4,SOL,2025-11-04,1,0
solana-above-150-on-november-5,SOL,2025-11-05,1,3
solana-above-150-on-november-6,SOL,2025-11-06,1,4
solana-above-150-on-november-7,SOL,2025-11-07,1,2
solana-above-160-on-december-15,SOL,2025-12-15,1,0
solana-above-160-on-december-16,SOL,2025-12-16,1,0
solana-above-160-on-december-8,SOL,2025-12-08,1,0
solana-above-160-on-january-17,SOL,2026-01-17,1,0
solana-above-160-on-january-18,SOL,2026-01-18,1,1
solana-above-160-on-january-19,SOL,2026-01-19,1,1
solana-above-160-on-january-20,SOL,2026-01-20,1,0
solana-above-160-on-january-21,SOL,2026-01-21,1,0
solana-above-160-on-january-22,SOL,2026-01-22,1,0
solana-above-160-on-november-12,SOL,2025-11-12,1,0
solana-above-160-on-november-13,SOL,2025-11-13,1,2
solana-above-160-on-november-14,SOL,2025-11-14,1,2
solana-above-160-on-november-15,SOL,2025-11-15,1,0
solana-above-160-on-november-16,SOL,2025-11-16,1,1
solana-above-160-on-november-17,SOL,2025-11-17,1,1
solana-above-160-on-november-18,SOL,2025-11-18,1,0
solana-above-160-on-november-19,SOL,2025-11-19,1,0
solana-above-160-on-november-20,SOL,2025-11-20,1,1
solana-above-160-on-november-24,SOL,2025-11-24,1,0
solana-above-160-on-november-29,SOL,2025-11-29,1,0
solana-above-160-on-november-3,SOL,2025-11-03,1,0
solana-above-160-on-november-4,SOL,2025-11-04,1,2
solana-above-160-on-november-5,SOL,2025-11-05,1,4
solana-above-160-on-november-6,SOL,2025-11-06,1,3
solana-above-160-on-november-7,SOL,2025-11-07,1,2
solana-above-160-on-october-18,SOL,2025-10-18,1,0
solana-above-160-on-october-19,SOL,2025-10-19,1,0
solana-above-160-on-october-21,SOL,2025-10-21,1,0
solana-above-160-on-october-23,SOL,2025-10-23,1,0
solana-above-170-on-november-15,SOL,2025-11-15,1,1
solana-above-170-on-november-16,SOL,2025-11-16,1,0
solana-above-170-on-november-19,SOL,2025-11-19,1,0
solana-above-170-on-november-20,SOL,2025-11-20,1,0
solana-above-170-on-november-3,SOL,2025-11-03,1,0
solana-above-170-on-november-4,SOL,2025-11-04,1,1
solana-above-170-on-november-5,SOL,2025-11-05,1,0
solana-above-170-on-november-6,SOL,2025-11-06,1,0
solana-above-170-on-october-14,SOL,2025-10-14,1,0
solana-above-170-on-october-15,SOL,2025-10-15,1,0
solana-above-170-on-october-16,SOL,2025-10-16,1,1
solana-above-170-on-october-17,SOL,2025-10-17,1,0
solana-above-170-on-october-18,SOL,2025-10-18,1,1
solana-above-170-on-october-19,SOL,2025-10-19,1,0
solana-above-170-on-october-20,SOL,2025-10-20,1,0
solana-above-170-on-october-24,SOL,2025-10-24,1,0
solana-above-170-on-october-25,SOL,2025-10-25,1,0
solana-above-170-on-october-30,SOL,2025-10-30,1,0
solana-above-170-on-october-31,SOL,2025-10-31,1,0
solana-above-180-on-november-1,SOL,2025-11-01,1,1
solana-above-180-on-november-3,SOL,2025-11-03,1,0
solana-above-180-on-november-4,SOL,2025-11-04,1,0
solana-above-180-on-october-14,SOL,2025-10-14,1,1
solana-above-180-on-october-15,SOL,2025-10-15,1,0
solana-above-180-on-october-16,SOL,2025-10-16,1,0
solana-above-180-on-october-17,SOL,2025-10-17,1,1
solana-above-180-on-october-18,SOL,2025-10-18,1,1
solana-above-180-on-october-19,SOL,2025-10-19,1,1
solana-above-180-on-october-20,SOL,2025-10-20,1,0
solana-above-180-on-october-21,SOL,2025-10-21,1,2
solana-above-180-on-october-22,SOL,2025-10-22,1,1
solana-above-180-on-october-23,SOL,2025-10-23,1,3
solana-above-180-on-october-24,SOL,2025-10-24,1,2
solana-above-180-on-october-25,SOL,2025-10-25,1,0
solana-above-180-on-october-30,SOL,2025-10-30,1,0
solana-above-180-on-october-31,SOL,2025-10-31,1,1
solana-above-190-on-november-1,SOL,2025-11-01,1,0
solana-above-190-on-november-2,SOL,2025-11-02,1,0
solana-above-190-on-november-3,SOL,2025-11-03,1,0
solana-above-190-on-october-13,SOL,2025-10-13,1,2
solana-above-190-on-october-14,SOL,2025-10-14,1,0
solana-above-190-on-october-15,SOL,2025-10-15,1,2
solana-above-190-on-october-16,SOL,2025-10-16,1,0
solana-above-190-on-october-18,SOL,2025-10-18,1,1
solana-above-190-on-october-19,SOL,2025-10-19,1,1
solana-above-190-on-october-20,SOL,2025-10-20,1,2
solana-above-190-on-october-21,SOL,2025-10-21,1,2
solana-above-190-on-october-22,SOL,2025-10-22,1,1
solana-above-190-on-october-24,SOL,2025-10-24,1,5
solana-above-190-on-october-25,SOL,2025-10-25,1,2
solana-above-190-on-october-26,SOL,2025-10-26,1,0
solana-above-190-on-october-28,SOL,2025-10-28,1,0
solana-above-190-on-october-29,SOL,2025-10-29,1,0
solana-above-190-on-october-30,SOL,2025-10-30,1,0
solana-above-190-on-october-31,SOL,2025-10-31,1,0
solana-above-200-on-november-1,SOL,2025-11-01,1,1
solana-above-200-on-november-2,SOL,2025-11-02,1,0
solana-above-200-on-november-3,SOL,2025-11-03,1,0
solana-above-200-on-november-4,SOL,2025-11-04,1,0
solana-above-200-on-october-13,SOL,2025-10-13,1,0
solana-above-200-on-october-14,SOL,2025-10-14,1,2
solana-above-200-on-october-15,SOL,2025-10-15,1,1
solana-above-200-on-october-18,SOL,2025-10-18,1,0
solana-above-200-on-october-19,SOL,2025-10-19,1,2
solana-above-200-on-october-20,SOL,2025-10-20,1,0
solana-above-200-on-october-21,SOL,2025-10-21,1,1
solana-above-200-on-october-22,SOL,2025-10-22,1,0
solana-above-200-on-october-23,SOL,2025-10-23,1,0
solana-above-200-on-october-25,SOL,2025-10-25,1,2
solana-above-200-on-october-26,SOL,2025-10-26,1,1
solana-above-200-on-october-27,SOL,2025-10-27,1,4
solana-above-200-on-october-28,SOL,2025-10-28,1,3
solana-above-200-on-october-29,SOL,2025-10-29,1,3
solana-above-200-on-october-30,SOL,2025-10-30,1,1
solana-above-210-on-november-3,SOL,2025-11-03,1,0
solana-above-210-on-november-5,SOL,2025-11-05,1,0
solana-above-210-on-october-14,SOL,2025-10-14,1,0
solana-above-210-on-october-15,SOL,2025-10-15,1,0
solana-above-210-on-october-20,SOL,2025-10-20,1,0
solana-above-210-on-october-22,SOL,2025-10-22,1,0
solana-above-210-on-october-23,SOL,2025-10-23,1,0
solana-above-210-on-october-25,SOL,2025-10-25,1,0
solana-above-210-on-october-26,SOL,2025-10-26,1,0
solana-above-210-on-october-27,SOL,2025-10-27,1,0
solana-above-210-on-october-28,SOL,2025-10-28,1,0
solana-above-210-on-october-30,SOL,2025-10-30,1,1
solana-above-220-on-november-2,SOL,2025-11-02,1,0
solana-above-220-on-november-3,SOL,2025-11-03,1,0
solana-above-220-on-october-15,SOL,2025-10-15,1,0
solana-above-220-on-october-19,SOL,2025-10-19,1,0
solana-above-230-on-november-5,SOL,2025-11-05,1,0
solana-above-230-on-october-12,SOL,2025-10-12,1,0
solana-above-230-on-october-18,SOL,2025-10-18,1,0
solana-above-230-on-october-19,SOL,2025-10-19,1,0
solana-above-230-on-october-20,SOL,2025-10-20,1,0
solana-above-240-on-october-21,SOL,2025-10-21,1,0
solana-above-50-on-february-11,SOL,2026-02-11,1,0
solana-above-50-on-february-12,SOL,2026-02-12,1,0
solana-above-50-on-february-8,SOL,2026-02-08,1,0
solana-above-50-on-february-9,SOL,2026-02-09,1,0
solana-above-60-on-february-11,SOL,2026-02-11,1,0
solana-above-60-on-february-12,SOL,2026-02-12,1,0
solana-above-60-on-march-3,SOL,2026-03-03,1,0
solana-above-70-on-april-4,SOL,2026-04-04,1,0
solana-above-70-on-april-6,SOL,2026-04-06,1,0
solana-above-70-on-february-10,SOL,2026-02-10,1,2
solana-above-70-on-february-11,SOL,2026-02-11,1,1
solana-above-70-on-february-12,SOL,2026-02-12,1,1
solana-above-70-on-february-13,SOL,2026-02-13,1,0
solana-above-70-on-february-19,SOL,2026-02-19,1,0
solana-above-70-on-february-20,SOL,2026-02-20,1,1
solana-above-70-on-february-26,SOL,2026-02-26,1,0
solana-above-70-on-february-28,SOL,2026-02-28,1,0
solana-above-70-on-february-5,SOL,2026-02-05,1,0
solana-above-70-on-february-6,SOL,2026-02-06,1,0
solana-above-70-on-february-7,SOL,2026-02-07,1,0
solana-above-70-on-february-8,SOL,2026-02-08,1,0
solana-above-70-on-february-9,SOL,2026-02-09,1,0
solana-above-70-on-march-1,SOL,2026-03-01,1,0
solana-above-70-on-march-10,SOL,2026-03-10,1,1
solana-above-70-on-march-11,SOL,2026-03-11,1,1
solana-above-70-on-march-12,SOL,2026-03-12,1,1
solana-above-70-on-march-19,SOL,2026-03-19,1,0
solana-above-70-on-march-3,SOL,2026-03-03,1,1
solana-above-70-on-march-4,SOL,2026-03-04,1,0
solana-above-70-on-march-5,SOL,2026-03-05,1,1
solana-above-80-on-april-1,SOL,2026-04-01,1,1
solana-above-80-on-april-10,SOL,2026-04-10,1,1
solana-above-80-on-april-11,SOL,2026-04-11,1,0
solana-above-80-on-april-12,SOL,2026-04-12,1,0
solana-above-80-on-april-13,SOL,2026-04-13,1,0
solana-above-80-on-april-15,SOL,2026-04-15,1,0
solana-above-80-on-april-16,SOL,2026-04-16,1,2
solana-above-80-on-april-17,SOL,2026-04-17,1,2
solana-above-80-on-april-18,SOL,2026-04-18,1,1
solana-above-80-on-april-19,SOL,2026-04-19,1,1
solana-above-80-on-april-2,SOL,2026-04-02,1,3
solana-above-80-on-april-20,SOL,2026-04-20,1,2
solana-above-80-on-april-21,SOL,2026-04-21,1,3
solana-above-80-on-april-22,SOL,2026-04-22,1,0
solana-above-80-on-april-23,SOL,2026-04-23,1,0
solana-above-80-on-april-24,SOL,2026-04-24,1,0
solana-above-80-on-april-25,SOL,2026-04-25,1,0
solana-above-80-on-april-29,SOL,2026-04-29,1,0
solana-above-80-on-april-3,SOL,2026-04-03,1,8
solana-above-80-on-april-30,SOL,2026-04-30,1,0
solana-above-80-on-april-4,SOL,2026-04-04,1,4
solana-above-80-on-april-5,SOL,2026-04-05,1,1
solana-above-80-on-april-6,SOL,2026-04-06,1,2
solana-above-80-on-april-7,SOL,2026-04-07,1,2
solana-above-80-on-april-8,SOL,2026-04-08,1,3
solana-above-80-on-april-9,SOL,2026-04-09,1,4
solana-above-80-on-february-10,SOL,2026-02-10,1,3
solana-above-80-on-february-11,SOL,2026-02-11,1,7
solana-above-80-on-february-12,SOL,2026-02-12,1,3
solana-above-80-on-february-13,SOL,2026-02-13,1,3
solana-above-80-on-february-14,SOL,2026-02-14,1,1
solana-above-80-on-february-15,SOL,2026-02-15,1,1
solana-above-80-on-february-16,SOL,2026-02-16,1,2
solana-above-80-on-february-17,SOL,2026-02-17,1,5
solana-above-80-on-february-18,SOL,2026-02-18,1,4
solana-above-80-on-february-19,SOL,2026-02-19,1,4
solana-above-80-on-february-2,SOL,2026-02-02,1,0
solana-above-80-on-february-20,SOL,2026-02-20,1,2
solana-above-80-on-february-21,SOL,2026-02-21,1,0
solana-above-80-on-february-22,SOL,2026-02-22,1,1
solana-above-80-on-february-23,SOL,2026-02-23,1,1
solana-above-80-on-february-24,SOL,2026-02-24,1,0
solana-above-80-on-february-25,SOL,2026-02-25,1,2
solana-above-80-on-february-26,SOL,2026-02-26,1,2
solana-above-80-on-february-27,SOL,2026-02-27,1,0
solana-above-80-on-february-28,SOL,2026-02-28,1,0
solana-above-80-on-february-5,SOL,2026-02-05,1,2
solana-above-80-on-february-6,SOL,2026-02-06,1,1
solana-above-80-on-february-7,SOL,2026-02-07,1,2
solana-above-80-on-february-8,SOL,2026-02-08,1,0
solana-above-80-on-february-9,SOL,2026-02-09,1,1
solana-above-80-on-march-1,SOL,2026-03-01,1,1
solana-above-80-on-march-10,SOL,2026-03-10,1,3
solana-above-80-on-march-11,SOL,2026-03-11,1,1
solana-above-80-on-march-12,SOL,2026-03-12,1,1
solana-above-80-on-march-13,SOL,2026-03-13,1,0
solana-above-80-on-march-14,SOL,2026-03-14,1,0
solana-above-80-on-march-17,SOL,2026-03-17,1,0
solana-above-80-on-march-27,SOL,2026-03-27,1,0
solana-above-80-on-march-28,SOL,2026-03-28,1,0
solana-above-80-on-march-29,SOL,2026-03-29,1,0
solana-above-80-on-march-3,SOL,2026-03-03,1,4
solana-above-80-on-march-30,SOL,2026-03-30,1,1
solana-above-80-on-march-31,SOL,2026-03-31,1,1
solana-above-80-on-march-4,SOL,2026-03-04,1,4
solana-above-80-on-march-5,SOL,2026-03-05,1,3
solana-above-80-on-march-6,SOL,2026-03-06,1,1
solana-above-80-on-march-7,SOL,2026-03-07,1,3
solana-above-80-on-march-8,SOL,2026-03-08,1,1
solana-above-80-on-march-9,SOL,2026-03-09,1,1
solana-above-80-on-may-1,SOL,2026-05-01,1,0
solana-above-80-on-may-10,SOL,2026-05-10,1,0
solana-above-80-on-may-11,SOL,2026-05-11,1,0
solana-above-80-on-may-12,SOL,2026-05-12,1,1
solana-above-80-on-may-13,SOL,2026-05-13,1,0
solana-above-80-on-may-14,SOL,2026-05-14,1,0
solana-above-80-on-may-2,SOL,2026-05-02,1,0
solana-above-80-on-may-3,SOL,2026-05-03,1,0
solana-above-80-on-may-4,SOL,2026-05-04,1,0
solana-above-80-on-may-5,SOL,2026-05-05,1,0
solana-above-80-on-may-6,SOL,2026-05-06,1,0
solana-above-80-on-may-7,SOL,2026-05-07,1,0
solana-above-80-on-may-8,SOL,2026-05-08,1,0
solana-above-90-on-april-1,SOL,2026-04-01,1,1
solana-above-90-on-april-10,SOL,2026-04-10,1,0
solana-above-90-on-april-12,SOL,2026-04-12,1,1
solana-above-90-on-april-13,SOL,2026-04-13,1,1
solana-above-90-on-april-14,SOL,2026-04-14,1,1
solana-above-90-on-april-15,SOL,2026-04-15,1,0
solana-above-90-on-april-16,SOL,2026-04-16,1,0
solana-above-90-on-april-17,SOL,2026-04-17,1,1
solana-above-90-on-april-18,SOL,2026-04-18,1,8
solana-above-90-on-april-19,SOL,2026-04-19,1,5
solana-above-90-on-april-2,SOL,2026-04-02,1,0
solana-above-90-on-april-20,SOL,2026-04-20,1,1
solana-above-90-on-april-21,SOL,2026-04-21,1,1
solana-above-90-on-april-22,SOL,2026-04-22,1,2
solana-above-90-on-april-23,SOL,2026-04-23,1,0
solana-above-90-on-april-24,SOL,2026-04-24,1,0
solana-above-90-on-april-25,SOL,2026-04-25,1,0
solana-above-90-on-april-26,SOL,2026-04-26,1,0
solana-above-90-on-april-27,SOL,2026-04-27,1,0
solana-above-90-on-april-29,SOL,2026-04-29,1,0
solana-above-90-on-april-30,SOL,2026-04-30,1,0
solana-above-90-on-april-4,SOL,2026-04-04,1,0
solana-above-90-on-april-5,SOL,2026-04-05,1,0
solana-above-90-on-april-6,SOL,2026-04-06,1,0
solana-above-90-on-april-7,SOL,2026-04-07,1,2
solana-above-90-on-april-8,SOL,2026-04-08,1,0
solana-above-90-on-april-9,SOL,2026-04-09,1,0
solana-above-90-on-february-10,SOL,2026-02-10,1,3
solana-above-90-on-february-11,SOL,2026-02-11,1,3
solana-above-90-on-february-12,SOL,2026-02-12,1,1
solana-above-90-on-february-14,SOL,2026-02-14,1,1
solana-above-90-on-february-15,SOL,2026-02-15,1,1
solana-above-90-on-february-16,SOL,2026-02-16,1,1
solana-above-90-on-february-17,SOL,2026-02-17,1,6
solana-above-90-on-february-18,SOL,2026-02-18,1,3
solana-above-90-on-february-19,SOL,2026-02-19,1,2
solana-above-90-on-february-2,SOL,2026-02-02,1,0
solana-above-90-on-february-20,SOL,2026-02-20,1,0
solana-above-90-on-february-21,SOL,2026-02-21,1,0
solana-above-90-on-february-22,SOL,2026-02-22,1,0
solana-above-90-on-february-23,SOL,2026-02-23,1,2
solana-above-90-on-february-24,SOL,2026-02-24,1,1
solana-above-90-on-february-25,SOL,2026-02-25,1,2
solana-above-90-on-february-26,SOL,2026-02-26,1,6
solana-above-90-on-february-28,SOL,2026-02-28,1,1
solana-above-90-on-february-3,SOL,2026-02-03,1,1
solana-above-90-on-february-4,SOL,2026-02-04,1,2
solana-above-90-on-february-5,SOL,2026-02-05,1,5
solana-above-90-on-february-6,SOL,2026-02-06,1,2
solana-above-90-on-february-7,SOL,2026-02-07,1,5
solana-above-90-on-february-8,SOL,2026-02-08,1,4
solana-above-90-on-february-9,SOL,2026-02-09,1,3
solana-above-90-on-march-1,SOL,2026-03-01,1,1
solana-above-90-on-march-10,SOL,2026-03-10,1,2
solana-above-90-on-march-11,SOL,2026-03-11,1,2
solana-above-90-on-march-12,SOL,2026-03-12,1,0
solana-above-90-on-march-14,SOL,2026-03-14,1,1
solana-above-90-on-march-16,SOL,2026-03-16,1,3
solana-above-90-on-march-17,SOL,2026-03-17,1,1
solana-above-90-on-march-18,SOL,2026-03-18,1,1
solana-above-90-on-march-19,SOL,2026-03-19,1,0
solana-above-90-on-march-20,SOL,2026-03-20,1,1
solana-above-90-on-march-21,SOL,2026-03-21,1,2
solana-above-90-on-march-22,SOL,2026-03-22,1,0
solana-above-90-on-march-23,SOL,2026-03-23,1,1
solana-above-90-on-march-24,SOL,2026-03-24,1,1
solana-above-90-on-march-25,SOL,2026-03-25,1,2
solana-above-90-on-march-26,SOL,2026-03-26,1,2
solana-above-90-on-march-27,SOL,2026-03-27,1,1
solana-above-90-on-march-28,SOL,2026-03-28,1,0
solana-above-90-on-march-29,SOL,2026-03-29,1,0
solana-above-90-on-march-3,SOL,2026-03-03,1,0
solana-above-90-on-march-30,SOL,2026-03-30,1,0
solana-above-90-on-march-31,SOL,2026-03-31,1,0
solana-above-90-on-march-4,SOL,2026-03-04,1,4
solana-above-90-on-march-5,SOL,2026-03-05,1,5
solana-above-90-on-march-6,SOL,2026-03-06,1,2
solana-above-90-on-march-7,SOL,2026-03-07,1,2
solana-above-90-on-march-8,SOL,2026-03-08,1,2
solana-above-90-on-march-9,SOL,2026-03-09,1,1
solana-above-90-on-may-1,SOL,2026-05-01,1,0
solana-above-90-on-may-10,SOL,2026-05-10,1,1
solana-above-90-on-may-11,SOL,2026-05-11,1,0
solana-above-90-on-may-12,SOL,2026-05-12,1,0
solana-above-90-on-may-13,SOL,2026-05-13,1,0
solana-above-90-on-may-14,SOL,2026-05-14,1,3
solana-above-90-on-may-15,SOL,2026-05-15,1,2
solana-above-90-on-may-2,SOL,2026-05-02,1,0
solana-above-90-on-may-3,SOL,2026-05-03,1,1
solana-above-90-on-may-4,SOL,2026-05-04,1,0
solana-above-90-on-may-5,SOL,2026-05-05,1,0
solana-above-90-on-may-6,SOL,2026-05-06,1,1
solana-above-90-on-may-7,SOL,2026-05-07,1,5
solana-above-90-on-may-8,SOL,2026-05-08,1,0
solana-above-90-on-may-9,SOL,2026-05-09,1,0
xrp-above-0pt9-on-april-8,XRP,2026-04-08,1,0
xrp-above-0pt9-on-february-12,XRP,2026-02-12,1,0
xrp-above-1-on-february-12,XRP,2026-02-12,1,0
xrp-above-1-on-march-3,XRP,2026-03-03,1,0
xrp-above-1pt1-on-february-10,XRP,2026-02-10,1,0
xrp-above-1pt1-on-february-11,XRP,2026-02-11,1,0
xrp-above-1pt1-on-february-12,XRP,2026-02-12,1,0
xrp-above-1pt1-on-february-7,XRP,2026-02-07,1,0
xrp-above-1pt1-on-february-8,XRP,2026-02-08,1,0
xrp-above-1pt1-on-february-9,XRP,2026-02-09,1,0
xrp-above-1pt1-on-march-3,XRP,2026-03-03,1,0
xrp-above-1pt1-on-march-5,XRP,2026-03-05,1,0
xrp-above-1pt2-on-april-10,XRP,2026-04-10,1,0
xrp-above-1pt2-on-april-21,XRP,2026-04-21,1,0
xrp-above-1pt2-on-april-3,XRP,2026-04-03,1,0
xrp-above-1pt2-on-april-7,XRP,2026-04-07,1,0
xrp-above-1pt2-on-february-10,XRP,2026-02-10,1,0
xrp-above-1pt2-on-february-12,XRP,2026-02-12,1,0
xrp-above-1pt2-on-february-20,XRP,2026-02-20,1,0
xrp-above-1pt2-on-february-27,XRP,2026-02-27,1,0
xrp-above-1pt2-on-february-7,XRP,2026-02-07,1,1
xrp-above-1pt2-on-february-8,XRP,2026-02-08,1,0
xrp-above-1pt2-on-february-9,XRP,2026-02-09,1,1
xrp-above-1pt2-on-march-19,XRP,2026-03-19,1,0
xrp-above-1pt2-on-march-26,XRP,2026-03-26,1,0
xrp-above-1pt2-on-march-3,XRP,2026-03-03,1,0
xrp-above-1pt2-on-march-6,XRP,2026-03-06,1,0
xrp-above-1pt3-on-april-1,XRP,2026-04-01,1,0
xrp-above-1pt3-on-april-10,XRP,2026-04-10,1,1
xrp-above-1pt3-on-april-11,XRP,2026-04-11,1,0
xrp-above-1pt3-on-april-12,XRP,2026-04-12,1,0
xrp-above-1pt3-on-april-13,XRP,2026-04-13,1,0
xrp-above-1pt3-on-april-14,XRP,2026-04-14,1,1
xrp-above-1pt3-on-april-15,XRP,2026-04-15,1,0
xrp-above-1pt3-on-april-16,XRP,2026-04-16,1,1
xrp-above-1pt3-on-april-17,XRP,2026-04-17,1,0
xrp-above-1pt3-on-april-18,XRP,2026-04-18,1,0
xrp-above-1pt3-on-april-2,XRP,2026-04-02,1,1
xrp-above-1pt3-on-april-20,XRP,2026-04-20,1,0
xrp-above-1pt3-on-april-23,XRP,2026-04-23,1,0
xrp-above-1pt3-on-april-3,XRP,2026-04-03,1,0
xrp-above-1pt3-on-april-30,XRP,2026-04-30,1,0
xrp-above-1pt3-on-april-4,XRP,2026-04-04,1,0
xrp-above-1pt3-on-april-6,XRP,2026-04-06,1,0
xrp-above-1pt3-on-april-7,XRP,2026-04-07,1,0
xrp-above-1pt3-on-april-8,XRP,2026-04-08,1,1
xrp-above-1pt3-on-april-9,XRP,2026-04-09,1,1
xrp-above-1pt3-on-february-10,XRP,2026-02-10,1,1
xrp-above-1pt3-on-february-12,XRP,2026-02-12,1,0
xrp-above-1pt3-on-february-13,XRP,2026-02-13,1,0
xrp-above-1pt3-on-february-17,XRP,2026-02-17,1,0
xrp-above-1pt3-on-february-18,XRP,2026-02-18,1,0
xrp-above-1pt3-on-february-19,XRP,2026-02-19,1,0
xrp-above-1pt3-on-february-20,XRP,2026-02-20,1,0
xrp-above-1pt3-on-february-26,XRP,2026-02-26,1,0
xrp-above-1pt3-on-february-27,XRP,2026-02-27,1,1
xrp-above-1pt3-on-february-28,XRP,2026-02-28,1,1
xrp-above-1pt3-on-february-5,XRP,2026-02-05,1,0
xrp-above-1pt3-on-february-6,XRP,2026-02-06,1,0
xrp-above-1pt3-on-february-7,XRP,2026-02-07,1,0
xrp-above-1pt3-on-march-10,XRP,2026-03-10,1,0
xrp-above-1pt3-on-march-11,XRP,2026-03-11,1,0
xrp-above-1pt3-on-march-24,XRP,2026-03-24,1,0
xrp-above-1pt3-on-march-27,XRP,2026-03-27,1,0
xrp-above-1pt3-on-march-28,XRP,2026-03-28,1,0
xrp-above-1pt3-on-march-29,XRP,2026-03-29,1,0
xrp-above-1pt3-on-march-3,XRP,2026-03-03,1,0
xrp-above-1pt3-on-march-31,XRP,2026-03-31,1,0
xrp-above-1pt3-on-march-4,XRP,2026-03-04,1,0
xrp-above-1pt3-on-march-5,XRP,2026-03-05,1,0
xrp-above-1pt3-on-march-6,XRP,2026-03-06,1,0
xrp-above-1pt3-on-march-7,XRP,2026-03-07,1,0
xrp-above-1pt3-on-may-1,XRP,2026-05-01,1,0
xrp-above-1pt3-on-may-12,XRP,2026-05-12,1,0
xrp-above-1pt3-on-may-13,XRP,2026-05-13,1,0
xrp-above-1pt3-on-may-14,XRP,2026-05-14,1,0
xrp-above-1pt3-on-may-2,XRP,2026-05-02,1,0
xrp-above-1pt3-on-may-3,XRP,2026-05-03,1,0
xrp-above-1pt3-on-may-4,XRP,2026-05-04,1,0
xrp-above-1pt3-on-may-5,XRP,2026-05-05,1,0
xrp-above-1pt4-on-april-1,XRP,2026-04-01,1,0
xrp-above-1pt4-on-april-11,XRP,2026-04-11,1,1
xrp-above-1pt4-on-april-12,XRP,2026-04-12,1,0
xrp-above-1pt4-on-april-13,XRP,2026-04-13,1,0
xrp-above-1pt4-on-april-14,XRP,2026-04-14,1,0
xrp-above-1pt4-on-april-15,XRP,2026-04-15,1,0
xrp-above-1pt4-on-april-16,XRP,2026-04-16,1,1
xrp-above-1pt4-on-april-17,XRP,2026-04-17,1,1
xrp-above-1pt4-on-april-18,XRP,2026-04-18,1,0
xrp-above-1pt4-on-april-19,XRP,2026-04-19,1,0
xrp-above-1pt4-on-april-2,XRP,2026-04-02,1,1
xrp-above-1pt4-on-april-20,XRP,2026-04-20,1,2
xrp-above-1pt4-on-april-21,XRP,2026-04-21,1,0
xrp-above-1pt4-on-april-22,XRP,2026-04-22,1,1
xrp-above-1pt4-on-april-23,XRP,2026-04-23,1,0
xrp-above-1pt4-on-april-24,XRP,2026-04-24,1,0
xrp-above-1pt4-on-april-27,XRP,2026-04-27,1,0
xrp-above-1pt4-on-april-29,XRP,2026-04-29,1,0
xrp-above-1pt4-on-april-30,XRP,2026-04-30,1,0
xrp-above-1pt4-on-april-4,XRP,2026-04-04,1,0
xrp-above-1pt4-on-april-5,XRP,2026-04-05,1,0
xrp-above-1pt4-on-april-6,XRP,2026-04-06,1,0
xrp-above-1pt4-on-april-7,XRP,2026-04-07,1,1
xrp-above-1pt4-on-april-8,XRP,2026-04-08,1,1
xrp-above-1pt4-on-april-9,XRP,2026-04-09,1,2
xrp-above-1pt4-on-february-10,XRP,2026-02-10,1,4
xrp-above-1pt4-on-february-11,XRP,2026-02-11,1,1
xrp-above-1pt4-on-february-12,XRP,2026-02-12,1,0
xrp-above-1pt4-on-february-13,XRP,2026-02-13,1,0
xrp-above-1pt4-on-february-14,XRP,2026-02-14,1,0
xrp-above-1pt4-on-february-15,XRP,2026-02-15,1,0
xrp-above-1pt4-on-february-16,XRP,2026-02-16,1,0
xrp-above-1pt4-on-february-17,XRP,2026-02-17,1,2
xrp-above-1pt4-on-february-18,XRP,2026-02-18,1,0
xrp-above-1pt4-on-february-19,XRP,2026-02-19,1,0
xrp-above-1pt4-on-february-2,XRP,2026-02-02,1,0
xrp-above-1pt4-on-february-20,XRP,2026-02-20,1,0
xrp-above-1pt4-on-february-22,XRP,2026-02-22,1,0
xrp-above-1pt4-on-february-25,XRP,2026-02-25,1,1
xrp-above-1pt4-on-february-26,XRP,2026-02-26,1,3
xrp-above-1pt4-on-february-27,XRP,2026-02-27,1,1
xrp-above-1pt4-on-february-28,XRP,2026-02-28,1,2
xrp-above-1pt4-on-february-3,XRP,2026-02-03,1,0
xrp-above-1pt4-on-february-4,XRP,2026-02-04,1,1
xrp-above-1pt4-on-february-5,XRP,2026-02-05,1,3
xrp-above-1pt4-on-february-6,XRP,2026-02-06,1,4
xrp-above-1pt4-on-february-7,XRP,2026-02-07,1,3
xrp-above-1pt4-on-february-8,XRP,2026-02-08,1,0
xrp-above-1pt4-on-february-9,XRP,2026-02-09,1,1
xrp-above-1pt4-on-march-1,XRP,2026-03-01,1,0
xrp-above-1pt4-on-march-10,XRP,2026-03-10,1,1
xrp-above-1pt4-on-march-11,XRP,2026-03-11,1,0
xrp-above-1pt4-on-march-20,XRP,2026-03-20,1,0
xrp-above-1pt4-on-march-25,XRP,2026-03-25,1,2
xrp-above-1pt4-on-march-26,XRP,2026-03-26,1,0
xrp-above-1pt4-on-march-27,XRP,2026-03-27,1,1
xrp-above-1pt4-on-march-29,XRP,2026-03-29,1,0
xrp-above-1pt4-on-march-3,XRP,2026-03-03,1,0
xrp-above-1pt4-on-march-30,XRP,2026-03-30,1,0
xrp-above-1pt4-on-march-31,XRP,2026-03-31,1,0
xrp-above-1pt4-on-march-4,XRP,2026-03-04,1,2
xrp-above-1pt4-on-march-5,XRP,2026-03-05,1,1
xrp-above-1pt4-on-march-6,XRP,2026-03-06,1,1
xrp-above-1pt4-on-march-7,XRP,2026-03-07,1,0
xrp-above-1pt4-on-march-8,XRP,2026-03-08,1,0
xrp-above-1pt4-on-march-9,XRP,2026-03-09,1,0
xrp-above-1pt4-on-may-12,XRP,2026-05-12,1,0
xrp-above-1pt4-on-may-13,XRP,2026-05-13,1,0
xrp-above-1pt4-on-may-14,XRP,2026-05-14,1,0
xrp-above-1pt4-on-may-15,XRP,2026-05-15,1,0
xrp-above-1pt4-on-may-2,XRP,2026-05-02,1,1
xrp-above-1pt4-on-may-3,XRP,2026-05-03,1,0
xrp-above-1pt4-on-may-4,XRP,2026-05-04,1,0
xrp-above-1pt4-on-may-5,XRP,2026-05-05,1,0
xrp-above-1pt4-on-may-6,XRP,2026-05-06,1,0
xrp-above-1pt4-on-may-7,XRP,2026-05-07,1,0
xrp-above-1pt5-on-april-14,XRP,2026-04-14,1,0
xrp-above-1pt5-on-april-15,XRP,2026-04-15,1,0
xrp-above-1pt5-on-april-16,XRP,2026-04-16,1,0
xrp-above-1pt5-on-april-17,XRP,2026-04-17,1,0
xrp-above-1pt5-on-april-18,XRP,2026-04-18,1,4
xrp-above-1pt5-on-april-19,XRP,2026-04-19,1,0
xrp-above-1pt5-on-april-20,XRP,2026-04-20,1,0
xrp-above-1pt5-on-april-21,XRP,2026-04-21,1,0
xrp-above-1pt5-on-april-22,XRP,2026-04-22,1,0
xrp-above-1pt5-on-april-23,XRP,2026-04-23,1,0
xrp-above-1pt5-on-april-25,XRP,2026-04-25,1,0
xrp-above-1pt5-on-april-26,XRP,2026-04-26,1,0
xrp-above-1pt5-on-april-27,XRP,2026-04-27,1,0
xrp-above-1pt5-on-april-28,XRP,2026-04-28,1,0
xrp-above-1pt5-on-april-29,XRP,2026-04-29,1,0
xrp-above-1pt5-on-april-30,XRP,2026-04-30,1,0
xrp-above-1pt5-on-april-6,XRP,2026-04-06,1,0
xrp-above-1pt5-on-april-8,XRP,2026-04-08,1,0
xrp-above-1pt5-on-february-1,XRP,2026-02-01,1,0
xrp-above-1pt5-on-february-10,XRP,2026-02-10,1,1
xrp-above-1pt5-on-february-11,XRP,2026-02-11,1,2
xrp-above-1pt5-on-february-12,XRP,2026-02-12,1,0
xrp-above-1pt5-on-february-14,XRP,2026-02-14,1,0
xrp-above-1pt5-on-february-15,XRP,2026-02-15,1,0
xrp-above-1pt5-on-february-16,XRP,2026-02-16,1,1
xrp-above-1pt5-on-february-17,XRP,2026-02-17,1,0
xrp-above-1pt5-on-february-18,XRP,2026-02-18,1,0
xrp-above-1pt5-on-february-19,XRP,2026-02-19,1,0
xrp-above-1pt5-on-february-2,XRP,2026-02-02,1,0
xrp-above-1pt5-on-february-20,XRP,2026-02-20,1,0
xrp-above-1pt5-on-february-21,XRP,2026-02-21,1,0
xrp-above-1pt5-on-february-22,XRP,2026-02-22,1,0
xrp-above-1pt5-on-february-23,XRP,2026-02-23,1,0
xrp-above-1pt5-on-february-24,XRP,2026-02-24,1,0
xrp-above-1pt5-on-february-25,XRP,2026-02-25,1,0
xrp-above-1pt5-on-february-26,XRP,2026-02-26,1,0
xrp-above-1pt5-on-february-27,XRP,2026-02-27,1,0
xrp-above-1pt5-on-february-28,XRP,2026-02-28,1,0
xrp-above-1pt5-on-february-4,XRP,2026-02-04,1,1
xrp-above-1pt5-on-february-5,XRP,2026-02-05,1,5
xrp-above-1pt5-on-february-6,XRP,2026-02-06,1,0
xrp-above-1pt5-on-february-7,XRP,2026-02-07,1,0
xrp-above-1pt5-on-february-8,XRP,2026-02-08,1,0
xrp-above-1pt5-on-february-9,XRP,2026-02-09,1,0
xrp-above-1pt5-on-march-1,XRP,2026-03-01,1,0
xrp-above-1pt5-on-march-10,XRP,2026-03-10,1,0
xrp-above-1pt5-on-march-16,XRP,2026-03-16,1,1
xrp-above-1pt5-on-march-21,XRP,2026-03-21,1,0
xrp-above-1pt5-on-march-22,XRP,2026-03-22,1,0
xrp-above-1pt5-on-march-23,XRP,2026-03-23,1,0
xrp-above-1pt5-on-march-24,XRP,2026-03-24,1,0
xrp-above-1pt5-on-march-26,XRP,2026-03-26,1,0
xrp-above-1pt5-on-march-27,XRP,2026-03-27,1,0
xrp-above-1pt5-on-march-29,XRP,2026-03-29,1,0
xrp-above-1pt5-on-march-3,XRP,2026-03-03,1,0
xrp-above-1pt5-on-march-30,XRP,2026-03-30,1,0
xrp-above-1pt5-on-march-31,XRP,2026-03-31,1,0
xrp-above-1pt5-on-march-4,XRP,2026-03-04,1,0
xrp-above-1pt5-on-march-5,XRP,2026-03-05,1,0
xrp-above-1pt5-on-march-7,XRP,2026-03-07,1,0
xrp-above-1pt5-on-march-8,XRP,2026-03-08,1,0
xrp-above-1pt5-on-march-9,XRP,2026-03-09,1,0
xrp-above-1pt5-on-may-10,XRP,2026-05-10,1,0
xrp-above-1pt5-on-may-11,XRP,2026-05-11,1,0
xrp-above-1pt5-on-may-15,XRP,2026-05-15,1,0
xrp-above-1pt5-on-may-2,XRP,2026-05-02,1,0
xrp-above-1pt5-on-may-8,XRP,2026-05-08,1,0
xrp-above-1pt5-on-may-9,XRP,2026-05-09,1,0
xrp-above-1pt6-on-april-20,XRP,2026-04-20,1,0
xrp-above-1pt6-on-april-21,XRP,2026-04-21,1,0
xrp-above-1pt6-on-april-22,XRP,2026-04-22,1,0
xrp-above-1pt6-on-april-23,XRP,2026-04-23,1,0
xrp-above-1pt6-on-december-21,XRP,2025-12-21,1,0
xrp-above-1pt6-on-december-22,XRP,2025-12-22,1,0
xrp-above-1pt6-on-february-10,XRP,2026-02-10,1,0
xrp-above-1pt6-on-february-11,XRP,2026-02-11,1,0
xrp-above-1pt6-on-february-16,XRP,2026-02-16,1,0
xrp-above-1pt6-on-february-17,XRP,2026-02-17,1,0
xrp-above-1pt6-on-february-18,XRP,2026-02-18,1,0
xrp-above-1pt6-on-february-19,XRP,2026-02-19,1,0
xrp-above-1pt6-on-february-2,XRP,2026-02-02,1,1
xrp-above-1pt6-on-february-22,XRP,2026-02-22,1,0
xrp-above-1pt6-on-february-23,XRP,2026-02-23,1,0
xrp-above-1pt6-on-february-24,XRP,2026-02-24,1,0
xrp-above-1pt6-on-february-25,XRP,2026-02-25,1,0
xrp-above-1pt6-on-february-26,XRP,2026-02-26,1,0
xrp-above-1pt6-on-february-28,XRP,2026-02-28,1,0
xrp-above-1pt6-on-february-3,XRP,2026-02-03,1,2
xrp-above-1pt6-on-february-4,XRP,2026-02-04,1,1
xrp-above-1pt6-on-february-5,XRP,2026-02-05,1,7
xrp-above-1pt6-on-february-6,XRP,2026-02-06,1,1
xrp-above-1pt6-on-february-7,XRP,2026-02-07,1,1
xrp-above-1pt6-on-february-8,XRP,2026-02-08,1,0
xrp-above-1pt6-on-february-9,XRP,2026-02-09,1,0
xrp-above-1pt6-on-january-31,XRP,2026-01-31,1,0
xrp-above-1pt6-on-march-1,XRP,2026-03-01,1,0
xrp-above-1pt6-on-march-10,XRP,2026-03-10,1,0
xrp-above-1pt6-on-march-26,XRP,2026-03-26,1,0
xrp-above-1pt6-on-march-3,XRP,2026-03-03,1,1
xrp-above-1pt6-on-march-4,XRP,2026-03-04,1,0
xrp-above-1pt6-on-march-5,XRP,2026-03-05,1,0
xrp-above-1pt6-on-march-7,XRP,2026-03-07,1,0
xrp-above-1pt6-on-march-8,XRP,2026-03-08,1,0
xrp-above-1pt6-on-march-9,XRP,2026-03-09,1,0
xrp-above-1pt6-on-may-12,XRP,2026-05-12,1,0
xrp-above-1pt6-on-may-14,XRP,2026-05-14,1,0
xrp-above-1pt6-on-may-15,XRP,2026-05-15,1,0
xrp-above-1pt7-on-december-19,XRP,2025-12-19,1,0
xrp-above-1pt7-on-december-20,XRP,2025-12-20,1,0
xrp-above-1pt7-on-february-10,XRP,2026-02-10,1,0
xrp-above-1pt7-on-february-2,XRP,2026-02-02,1,0
xrp-above-1pt7-on-february-22,XRP,2026-02-22,1,0
xrp-above-1pt7-on-february-23,XRP,2026-02-23,1,0
xrp-above-1pt7-on-february-3,XRP,2026-02-03,1,2
xrp-above-1pt7-on-february-4,XRP,2026-02-04,1,1
xrp-above-1pt7-on-february-5,XRP,2026-02-05,1,2
xrp-above-1pt7-on-february-7,XRP,2026-02-07,1,0
xrp-above-1pt7-on-february-8,XRP,2026-02-08,1,0
xrp-above-1pt7-on-february-9,XRP,2026-02-09,1,0
xrp-above-1pt7-on-january-29,XRP,2026-01-29,1,0
xrp-above-1pt7-on-january-30,XRP,2026-01-30,1,0
xrp-above-1pt7-on-january-31,XRP,2026-01-31,1,0
xrp-above-1pt8-on-december-12,XRP,2025-12-12,1,0
xrp-above-1pt8-on-december-17,XRP,2025-12-17,1,1
xrp-above-1pt8-on-december-18,XRP,2025-12-18,1,1
xrp-above-1pt8-on-december-19,XRP,2025-12-19,1,0
xrp-above-1pt8-on-december-20,XRP,2025-12-20,1,0
xrp-above-1pt8-on-december-21,XRP,2025-12-21,1,1
xrp-above-1pt8-on-december-22,XRP,2025-12-22,1,0
xrp-above-1pt8-on-december-24,XRP,2025-12-24,1,0
xrp-above-1pt8-on-december-25,XRP,2025-12-25,1,0
xrp-above-1pt8-on-february-1,XRP,2026-02-01,1,0
xrp-above-1pt8-on-february-10,XRP,2026-02-10,1,0
xrp-above-1pt8-on-february-2,XRP,2026-02-02,1,0
xrp-above-1pt8-on-february-3,XRP,2026-02-03,1,0
xrp-above-1pt8-on-february-4,XRP,2026-02-04,1,0
xrp-above-1pt8-on-february-5,XRP,2026-02-05,1,0
xrp-above-1pt8-on-february-8,XRP,2026-02-08,1,0
xrp-above-1pt8-on-february-9,XRP,2026-02-09,1,0
xrp-above-1pt8-on-january-7,XRP,2026-01-07,1,0
xrp-above-1pt8-on-november-21,XRP,2025-11-21,1,0
xrp-above-1pt9-on-december-11,XRP,2025-12-11,1,0
xrp-above-1pt9-on-december-12,XRP,2025-12-12,1,0
xrp-above-1pt9-on-december-13,XRP,2025-12-13,1,0
xrp-above-1pt9-on-december-15,XRP,2025-12-15,1,0
xrp-above-1pt9-on-december-16,XRP,2025-12-16,1,1
xrp-above-1pt9-on-december-20,XRP,2025-12-20,1,1
xrp-above-1pt9-on-december-21,XRP,2025-12-21,1,0
xrp-above-1pt9-on-december-23,XRP,2025-12-23,1,0
xrp-above-1pt9-on-december-24,XRP,2025-12-24,1,0
xrp-above-1pt9-on-february-1,XRP,2026-02-01,1,0
xrp-above-1pt9-on-february-2,XRP,2026-02-02,1,0
xrp-above-1pt9-on-february-3,XRP,2026-02-03,1,0
xrp-above-1pt9-on-february-4,XRP,2026-02-04,1,0
xrp-above-1pt9-on-february-5,XRP,2026-02-05,1,0
xrp-above-1pt9-on-january-1,XRP,2026-01-01,1,0
xrp-above-1pt9-on-january-15,XRP,2026-01-15,1,0
xrp-above-1pt9-on-january-2,XRP,2026-01-02,1,1
xrp-above-1pt9-on-january-20,XRP,2026-01-20,1,0
xrp-above-1pt9-on-january-21,XRP,2026-01-21,1,0
xrp-above-1pt9-on-january-22,XRP,2026-01-22,1,0
xrp-above-1pt9-on-january-23,XRP,2026-01-23,1,0
xrp-above-1pt9-on-january-24,XRP,2026-01-24,1,0
xrp-above-1pt9-on-january-26,XRP,2026-01-26,1,0
xrp-above-1pt9-on-january-27,XRP,2026-01-27,1,0
xrp-above-1pt9-on-january-28,XRP,2026-01-28,1,0
xrp-above-1pt9-on-january-29,XRP,2026-01-29,1,0
xrp-above-1pt9-on-january-3,XRP,2026-01-03,1,2
xrp-above-1pt9-on-january-31,XRP,2026-01-31,1,0
xrp-above-1pt9-on-january-4,XRP,2026-01-04,1,0
xrp-above-1pt9-on-january-6,XRP,2026-01-06,1,0
xrp-above-1pt9-on-january-8,XRP,2026-01-08,1,0
xrp-above-1pt9-on-november-21,XRP,2025-11-21,1,2
xrp-above-1pt9-on-november-22,XRP,2025-11-22,1,0
xrp-above-2-on-december-10,XRP,2025-12-10,1,1
xrp-above-2-on-december-11,XRP,2025-12-11,1,1
xrp-above-2-on-december-12,XRP,2025-12-12,1,0
xrp-above-2-on-december-13,XRP,2025-12-13,1,1
xrp-above-2-on-december-15,XRP,2025-12-15,1,1
xrp-above-2-on-december-16,XRP,2025-12-16,1,0
xrp-above-2-on-december-17,XRP,2025-12-17,1,1
xrp-above-2-on-december-18,XRP,2025-12-18,1,0
xrp-above-2-on-december-20,XRP,2025-12-20,1,0
xrp-above-2-on-december-21,XRP,2025-12-21,1,0
xrp-above-2-on-december-22,XRP,2025-12-22,1,0
xrp-above-2-on-december-23,XRP,2025-12-23,1,1
xrp-above-2-on-december-9,XRP,2025-12-09,1,0
xrp-above-2-on-january-14,XRP,2026-01-14,1,0
xrp-above-2-on-january-15,XRP,2026-01-15,1,1
xrp-above-2-on-january-16,XRP,2026-01-16,1,0
xrp-above-2-on-january-17,XRP,2026-01-17,1,2
xrp-above-2-on-january-19,XRP,2026-01-19,1,1
xrp-above-2-on-january-20,XRP,2026-01-20,1,0
xrp-above-2-on-january-21,XRP,2026-01-21,1,0
xrp-above-2-on-january-22,XRP,2026-01-22,1,0
xrp-above-2-on-january-24,XRP,2026-01-24,1,0
xrp-above-2-on-january-25,XRP,2026-01-25,1,0
xrp-above-2-on-january-26,XRP,2026-01-26,1,0
xrp-above-2-on-january-27,XRP,2026-01-27,1,0
xrp-above-2-on-january-28,XRP,2026-01-28,1,0
xrp-above-2-on-january-29,XRP,2026-01-29,1,0
xrp-above-2-on-january-3,XRP,2026-01-03,1,2
xrp-above-2-on-january-4,XRP,2026-01-04,1,0
xrp-above-2-on-january-5,XRP,2026-01-05,1,1
xrp-above-2-on-january-6,XRP,2026-01-06,1,0
xrp-above-2-on-january-8,XRP,2026-01-08,1,2
xrp-above-2-on-january-9,XRP,2026-01-09,1,1
xrp-above-2-on-november-13,XRP,2025-11-13,1,0
xrp-above-2-on-november-17,XRP,2025-11-17,1,0
xrp-above-2-on-november-18,XRP,2025-11-18,1,0
xrp-above-2-on-november-19,XRP,2025-11-19,1,0
xrp-above-2-on-november-20,XRP,2025-11-20,1,2
xrp-above-2-on-november-21,XRP,2025-11-21,1,1
xrp-above-2-on-november-22,XRP,2025-11-22,1,1
xrp-above-2-on-november-23,XRP,2025-11-23,1,0
xrp-above-2-on-november-24,XRP,2025-11-24,1,0
xrp-above-2-on-november-25,XRP,2025-11-25,1,0
xrp-above-2-on-november-26,XRP,2025-11-26,1,0
xrp-above-2-on-november-6,XRP,2025-11-06,1,1
xrp-above-2-on-november-7,XRP,2025-11-07,1,0
xrp-above-2pt1-on-december-10,XRP,2025-12-10,1,1
xrp-above-2pt1-on-december-11,XRP,2025-12-11,1,0
xrp-above-2pt1-on-december-12,XRP,2025-12-12,1,0
xrp-above-2pt1-on-december-13,XRP,2025-12-13,1,1
xrp-above-2pt1-on-december-15,XRP,2025-12-15,1,0
xrp-above-2pt1-on-december-16,XRP,2025-12-16,1,0
xrp-above-2pt1-on-december-17,XRP,2025-12-17,1,1
xrp-above-2pt1-on-december-18,XRP,2025-12-18,1,0
xrp-above-2pt1-on-december-22,XRP,2025-12-22,1,0
xrp-above-2pt1-on-december-23,XRP,2025-12-23,1,0
xrp-above-2pt1-on-december-24,XRP,2025-12-24,1,0
xrp-above-2pt1-on-december-7,XRP,2025-12-07,1,0
xrp-above-2pt1-on-december-9,XRP,2025-12-09,1,0
xrp-above-2pt1-on-january-12,XRP,2026-01-12,1,2
xrp-above-2pt1-on-january-13,XRP,2026-01-13,1,1
xrp-above-2pt1-on-january-14,XRP,2026-01-14,1,3
xrp-above-2pt1-on-january-15,XRP,2026-01-15,1,2
xrp-above-2pt1-on-january-16,XRP,2026-01-16,1,0
xrp-above-2pt1-on-january-17,XRP,2026-01-17,1,1
xrp-above-2pt1-on-january-18,XRP,2026-01-18,1,0
xrp-above-2pt1-on-january-19,XRP,2026-01-19,1,0
xrp-above-2pt1-on-january-20,XRP,2026-01-20,1,1
xrp-above-2pt1-on-january-21,XRP,2026-01-21,1,1
xrp-above-2pt1-on-january-22,XRP,2026-01-22,1,1
xrp-above-2pt1-on-january-26,XRP,2026-01-26,1,0
xrp-above-2pt1-on-january-27,XRP,2026-01-27,1,0
xrp-above-2pt1-on-january-28,XRP,2026-01-28,1,0
xrp-above-2pt1-on-january-4,XRP,2026-01-04,1,0
xrp-above-2pt1-on-january-5,XRP,2026-01-05,1,1
xrp-above-2pt1-on-january-6,XRP,2026-01-06,1,1
xrp-above-2pt1-on-january-7,XRP,2026-01-07,1,0
xrp-above-2pt1-on-january-8,XRP,2026-01-08,1,3
xrp-above-2pt1-on-january-9,XRP,2026-01-09,1,2
xrp-above-2pt1-on-november-15,XRP,2025-11-15,1,0
xrp-above-2pt1-on-november-17,XRP,2025-11-17,1,0
xrp-above-2pt1-on-november-19,XRP,2025-11-19,1,1
xrp-above-2pt1-on-november-20,XRP,2025-11-20,1,1
xrp-above-2pt1-on-november-21,XRP,2025-11-21,1,1
xrp-above-2pt1-on-november-22,XRP,2025-11-22,1,1
xrp-above-2pt1-on-november-24,XRP,2025-11-24,1,0
xrp-above-2pt1-on-november-25,XRP,2025-11-25,1,0
xrp-above-2pt1-on-november-5,XRP,2025-11-05,1,0
xrp-above-2pt1-on-november-6,XRP,2025-11-06,1,1
xrp-above-2pt1-on-november-7,XRP,2025-11-07,1,0
xrp-above-2pt1-on-october-22,XRP,2025-10-22,1,0
xrp-above-2pt2-on-december-10,XRP,2025-12-10,1,0
xrp-above-2pt2-on-december-15,XRP,2025-12-15,1,0
xrp-above-2pt2-on-december-16,XRP,2025-12-16,1,0
xrp-above-2pt2-on-december-17,XRP,2025-12-17,1,0
xrp-above-2pt2-on-december-8,XRP,2025-12-08,1,0
xrp-above-2pt2-on-january-10,XRP,2026-01-10,1,1
xrp-above-2pt2-on-january-11,XRP,2026-01-11,1,0
xrp-above-2pt2-on-january-12,XRP,2026-01-12,1,0
xrp-above-2pt2-on-january-13,XRP,2026-01-13,1,0
xrp-above-2pt2-on-january-14,XRP,2026-01-14,1,0
xrp-above-2pt2-on-january-15,XRP,2026-01-15,1,1
xrp-above-2pt2-on-january-18,XRP,2026-01-18,1,1
xrp-above-2pt2-on-january-19,XRP,2026-01-19,1,0
xrp-above-2pt2-on-january-20,XRP,2026-01-20,1,1
xrp-above-2pt2-on-january-21,XRP,2026-01-21,1,0
xrp-above-2pt2-on-january-5,XRP,2026-01-05,1,0
xrp-above-2pt2-on-january-6,XRP,2026-01-06,1,2
xrp-above-2pt2-on-january-7,XRP,2026-01-07,1,4
xrp-above-2pt2-on-january-8,XRP,2026-01-08,1,3
xrp-above-2pt2-on-january-9,XRP,2026-01-09,1,2
xrp-above-2pt2-on-november-1,XRP,2025-11-01,1,0
xrp-above-2pt2-on-november-14,XRP,2025-11-14,1,0
xrp-above-2pt2-on-november-17,XRP,2025-11-17,1,0
xrp-above-2pt2-on-november-18,XRP,2025-11-18,1,2
xrp-above-2pt2-on-november-19,XRP,2025-11-19,1,1
xrp-above-2pt2-on-november-20,XRP,2025-11-20,1,1
xrp-above-2pt2-on-november-21,XRP,2025-11-21,1,1
xrp-above-2pt2-on-november-22,XRP,2025-11-22,1,1
xrp-above-2pt2-on-november-23,XRP,2025-11-23,1,1
xrp-above-2pt2-on-november-24,XRP,2025-11-24,1,0
xrp-above-2pt2-on-november-25,XRP,2025-11-25,1,0
xrp-above-2pt2-on-november-28,XRP,2025-11-28,1,0
xrp-above-2pt2-on-november-4,XRP,2025-11-04,1,0
xrp-above-2pt2-on-november-5,XRP,2025-11-05,1,1
xrp-above-2pt2-on-november-6,XRP,2025-11-06,1,2
xrp-above-2pt2-on-november-7,XRP,2025-11-07,1,1
xrp-above-2pt2-on-october-24,XRP,2025-10-24,1,0
xrp-above-2pt3-on-december-10,XRP,2025-12-10,1,0
xrp-above-2pt3-on-december-18,XRP,2025-12-18,1,0
xrp-above-2pt3-on-december-6,XRP,2025-12-06,1,0
xrp-above-2pt3-on-january-15,XRP,2026-01-15,1,1
xrp-above-2pt3-on-january-16,XRP,2026-01-16,1,1
xrp-above-2pt3-on-january-17,XRP,2026-01-17,1,1
xrp-above-2pt3-on-january-18,XRP,2026-01-18,1,0
xrp-above-2pt3-on-january-19,XRP,2026-01-19,1,0
xrp-above-2pt3-on-january-20,XRP,2026-01-20,1,0
xrp-above-2pt3-on-january-22,XRP,2026-01-22,1,0
xrp-above-2pt3-on-january-6,XRP,2026-01-06,1,3
xrp-above-2pt3-on-january-7,XRP,2026-01-07,1,1
xrp-above-2pt3-on-january-8,XRP,2026-01-08,1,2
xrp-above-2pt3-on-november-1,XRP,2025-11-01,1,0
xrp-above-2pt3-on-november-14,XRP,2025-11-14,1,1
xrp-above-2pt3-on-november-16,XRP,2025-11-16,1,0
xrp-above-2pt3-on-november-17,XRP,2025-11-17,1,0
xrp-above-2pt3-on-november-18,XRP,2025-11-18,1,1
xrp-above-2pt3-on-november-19,XRP,2025-11-19,1,1
xrp-above-2pt3-on-november-20,XRP,2025-11-20,1,1
xrp-above-2pt3-on-november-21,XRP,2025-11-21,1,0
xrp-above-2pt3-on-november-22,XRP,2025-11-22,1,0
xrp-above-2pt3-on-november-23,XRP,2025-11-23,1,0
xrp-above-2pt3-on-november-24,XRP,2025-11-24,1,0
xrp-above-2pt3-on-november-25,XRP,2025-11-25,1,0
xrp-above-2pt3-on-november-27,XRP,2025-11-27,1,0
xrp-above-2pt3-on-november-28,XRP,2025-11-28,1,0
xrp-above-2pt3-on-november-3,XRP,2025-11-03,1,0
xrp-above-2pt3-on-november-5,XRP,2025-11-05,1,0
xrp-above-2pt3-on-november-6,XRP,2025-11-06,1,0
xrp-above-2pt3-on-october-16,XRP,2025-10-16,1,0
xrp-above-2pt3-on-october-17,XRP,2025-10-17,1,0
xrp-above-2pt3-on-october-19,XRP,2025-10-19,1,0
xrp-above-2pt3-on-october-20,XRP,2025-10-20,1,0
xrp-above-2pt3-on-october-22,XRP,2025-10-22,1,0
xrp-above-2pt3-on-october-23,XRP,2025-10-23,1,1
xrp-above-2pt3-on-october-24,XRP,2025-10-24,1,0
xrp-above-2pt3-on-october-31,XRP,2025-10-31,1,0
xrp-above-2pt4-on-december-11,XRP,2025-12-11,1,0
xrp-above-2pt4-on-december-6,XRP,2025-12-06,1,0
xrp-above-2pt4-on-january-11,XRP,2026-01-11,1,0
xrp-above-2pt4-on-january-16,XRP,2026-01-16,1,0
xrp-above-2pt4-on-january-17,XRP,2026-01-17,1,0
xrp-above-2pt4-on-january-18,XRP,2026-01-18,1,0
xrp-above-2pt4-on-january-19,XRP,2026-01-19,1,1
xrp-above-2pt4-on-january-20,XRP,2026-01-20,1,0
xrp-above-2pt4-on-january-8,XRP,2026-01-08,1,0
xrp-above-2pt4-on-november-1,XRP,2025-11-01,1,0
xrp-above-2pt4-on-november-13,XRP,2025-11-13,1,2
xrp-above-2pt4-on-november-14,XRP,2025-11-14,1,0
xrp-above-2pt4-on-november-15,XRP,2025-11-15,1,1
xrp-above-2pt4-on-november-16,XRP,2025-11-16,1,0
xrp-above-2pt4-on-november-18,XRP,2025-11-18,1,2
xrp-above-2pt4-on-november-19,XRP,2025-11-19,1,0
xrp-above-2pt4-on-november-21,XRP,2025-11-21,1,0
xrp-above-2pt4-on-november-22,XRP,2025-11-22,1,0
xrp-above-2pt4-on-november-23,XRP,2025-11-23,1,0
xrp-above-2pt4-on-november-24,XRP,2025-11-24,1,1
xrp-above-2pt4-on-november-5,XRP,2025-11-05,1,0
xrp-above-2pt4-on-november-6,XRP,2025-11-06,1,0
xrp-above-2pt4-on-october-14,XRP,2025-10-14,1,2
xrp-above-2pt4-on-october-15,XRP,2025-10-15,1,1
xrp-above-2pt4-on-october-16,XRP,2025-10-16,1,0
xrp-above-2pt4-on-october-19,XRP,2025-10-19,1,0
xrp-above-2pt4-on-october-20,XRP,2025-10-20,1,0
xrp-above-2pt4-on-october-23,XRP,2025-10-23,1,1
xrp-above-2pt4-on-october-24,XRP,2025-10-24,1,1
xrp-above-2pt4-on-october-28,XRP,2025-10-28,1,0
xrp-above-2pt4-on-october-30,XRP,2025-10-30,1,0
xrp-above-2pt4-on-october-31,XRP,2025-10-31,1,1
xrp-above-2pt5-on-december-8,XRP,2025-12-08,1,0
xrp-above-2pt5-on-january-11,XRP,2026-01-11,1,0
xrp-above-2pt5-on-november-13,XRP,2025-11-13,1,0
xrp-above-2pt5-on-november-16,XRP,2025-11-16,1,0
xrp-above-2pt5-on-november-17,XRP,2025-11-17,1,0
xrp-above-2pt5-on-november-18,XRP,2025-11-18,1,0
xrp-above-2pt5-on-november-19,XRP,2025-11-19,1,1
xrp-above-2pt5-on-november-23,XRP,2025-11-23,1,0
xrp-above-2pt5-on-november-24,XRP,2025-11-24,1,0
xrp-above-2pt5-on-november-4,XRP,2025-11-04,1,0
xrp-above-2pt5-on-november-6,XRP,2025-11-06,1,0
xrp-above-2pt5-on-november-7,XRP,2025-11-07,1,0
xrp-above-2pt5-on-october-13,XRP,2025-10-13,1,1
xrp-above-2pt5-on-october-15,XRP,2025-10-15,1,0
xrp-above-2pt5-on-october-16,XRP,2025-10-16,1,1
xrp-above-2pt5-on-october-19,XRP,2025-10-19,1,0
xrp-above-2pt5-on-october-20,XRP,2025-10-20,1,1
xrp-above-2pt5-on-october-21,XRP,2025-10-21,1,0
xrp-above-2pt5-on-october-24,XRP,2025-10-24,1,1
xrp-above-2pt5-on-october-25,XRP,2025-10-25,1,0
xrp-above-2pt5-on-october-29,XRP,2025-10-29,1,0
xrp-above-2pt6-on-november-1,XRP,2025-11-01,1,0
xrp-above-2pt6-on-november-14,XRP,2025-11-14,1,0
xrp-above-2pt6-on-november-16,XRP,2025-11-16,1,0
xrp-above-2pt6-on-november-17,XRP,2025-11-17,1,0
xrp-above-2pt6-on-november-2,XRP,2025-11-02,1,0
xrp-above-2pt6-on-november-5,XRP,2025-11-05,1,0
xrp-above-2pt6-on-october-12,XRP,2025-10-12,1,0
xrp-above-2pt6-on-october-13,XRP,2025-10-13,1,0
xrp-above-2pt6-on-october-14,XRP,2025-10-14,1,1
xrp-above-2pt6-on-october-15,XRP,2025-10-15,1,2
xrp-above-2pt6-on-october-16,XRP,2025-10-16,1,1
xrp-above-2pt6-on-october-21,XRP,2025-10-21,1,0
xrp-above-2pt6-on-october-22,XRP,2025-10-22,1,0
xrp-above-2pt6-on-october-24,XRP,2025-10-24,1,0
xrp-above-2pt6-on-october-25,XRP,2025-10-25,1,1
xrp-above-2pt6-on-october-26,XRP,2025-10-26,1,0
xrp-above-2pt6-on-october-27,XRP,2025-10-27,1,0
xrp-above-2pt6-on-october-28,XRP,2025-10-28,1,0
xrp-above-2pt6-on-october-29,XRP,2025-10-29,1,2
xrp-above-2pt6-on-october-30,XRP,2025-10-30,1,1
xrp-above-2pt7-on-january-12,XRP,2026-01-12,1,0
xrp-above-2pt7-on-november-14,XRP,2025-11-14,1,0
xrp-above-2pt7-on-november-19,XRP,2025-11-19,1,0
xrp-above-2pt7-on-november-2,XRP,2025-11-02,1,0
xrp-above-2pt7-on-october-13,XRP,2025-10-13,1,0
xrp-above-2pt7-on-october-14,XRP,2025-10-14,1,0
xrp-above-2pt7-on-october-16,XRP,2025-10-16,1,0
xrp-above-2pt7-on-october-26,XRP,2025-10-26,1,1
xrp-above-2pt7-on-october-27,XRP,2025-10-27,1,3
xrp-above-2pt7-on-october-28,XRP,2025-10-28,1,1
xrp-above-2pt7-on-october-29,XRP,2025-10-29,1,0
xrp-above-2pt7-on-october-30,XRP,2025-10-30,1,0
xrp-above-2pt7-on-october-31,XRP,2025-10-31,1,1
xrp-above-2pt8-on-november-15,XRP,2025-11-15,1,0
xrp-above-2pt8-on-november-16,XRP,2025-11-16,1,0
xrp-above-2pt8-on-october-14,XRP,2025-10-14,1,0
xrp-above-2pt8-on-october-25,XRP,2025-10-25,1,0
xrp-above-2pt8-on-october-26,XRP,2025-10-26,1,0
xrp-above-2pt8-on-october-28,XRP,2025-10-28,1,0
xrp-above-2pt8-on-october-29,XRP,2025-10-29,1,0
xrp-above-2pt8-on-october-31,XRP,2025-10-31,1,0
xrp-above-2pt9-on-october-14,XRP,2025-10-14,1,0
xrp-above-2pt9-on-october-15,XRP,2025-10-15,1,0
