asset,event,ts,fside,overshoot,z,label,ev_raw,ev_hedged
BTC,2025-11-09,1762700400,yes,-0.06571803902768586,-2.3371389448192095,0,-0.09,-0.2870874513036651
BTC,2026-03-04,1772262000,yes,-0.03615483756487681,-4.522426694982919,1,0.11599999999999999,-0.31039858603403536
BTC,2026-04-02,1774826100,no,0.0382707156699158,3.3288606121271944,1,-0.062000000000000055,-0.036478848422521255
BTC,2026-02-12,1770449400,yes,-0.03988672175696484,-2.6260668420799984,1,0.10199999999999998,0.17211286134185588
BTC,2026-02-25,1771812000,yes,-0.04433195914370336,-2.036865306375512,1,0.138,-0.06357861386353025
BTC,2026-03-03,1772192700,yes,-0.03109401993698513,-2.117641370549219,1,0.05599999999999994,-0.014840973285853667
BTC,2026-03-05,1772261100,yes,-0.031712961933617057,-5.357234162611052,1,0.17600000000000005,-0.2264649276239295
BTC,2026-03-05,1772406900,no,0.03059876417149132,1.7587672402841008,1,-0.07100000000000006,0.13528172446856604
BTC,2026-02-12,1770327000,yes,-0.06257143284762823,-1.7026972003064706,1,0.41000000000000003,0.33412654845813944
BTC,2026-02-12,1770822900,yes,-0.039818870052903965,-3.661268099459544,1,0.08599999999999997,0.10674587355099169
BTC,2026-02-14,1770790500,yes,-0.03433801700795047,-1.7095933913264163,1,0.10799999999999998,-0.02664560348734521
BTC,2026-02-15,1770822000,yes,-0.04571748847073687,-4.852426685221893,1,0.124,-0.0030230412887067293
BTC,2026-02-16,1770790500,yes,-0.03285368682239209,-1.7095933913264163,1,0.15000000000000002,0.10225323292244085
BTC,2026-02-17,1770822000,yes,-0.035497492439303224,-4.852426685221893,1,0.17000000000000004,0.12201251699051831
BTC,2026-02-23,1771440300,yes,-0.03806202787058699,-2.227223122420735,1,0.12,0.17205649394856448
BTC,2026-02-24,1771810200,yes,-0.04257288082988098,-5.209638559474273,1,0.16000000000000003,0.22414597006659784
BTC,2026-02-24,1771902900,yes,-0.04292376731666603,-1.8044060739033645,1,0.17300000000000004,0.09335845029467217
BTC,2026-02-25,1771810200,yes,-0.08847934851539463,-5.209638559474273,1,0.20599999999999996,-0.031557461785383295
BTC,2026-02-26,1771810200,yes,-0.06954074173318636,-5.209638559474273,1,0.22999999999999998,0.10267978800880417
BTC,2026-02-28,1772261100,yes,-0.04730476194077271,-5.357234162611052,1,0.07999999999999996,-0.00524492558626774
BTC,2026-03-01,1772261100,yes,-0.0648250132820466,-5.357234162611052,1,0.17999999999999994,-0.060624928722251004
BTC,2026-03-03,1772192700,yes,-0.03251168120475434,-2.117641370549219,1,0.15000000000000002,0.0267099165416763
BTC,2026-03-03,1772405100,yes,-0.03129692961787367,-2.7187462396326874,1,0.14,-0.047021998437624585
BTC,2026-03-31,1774824300,yes,-0.04440532959442112,-4.1533353453894275,1,0.11299999999999999,0.04326591716054867
BTC,2026-03-05,1772406900,no,0.05238500705501559,1.7587672402841008,1,-0.16000000000000003,0.16658108810319328
BTC,2026-04-01,1774824300,yes,-0.05800104705259446,-4.1533353453894275,1,0.33999999999999997,0.016773691416170855
BTC,2026-04-02,1774824300,yes,-0.057068244663074696,-4.1533353453894275,1,0.36,0.25521141013621085
BTC,2026-02-11,1770294600,yes,-0.030309363053689697,-2.1538218691080173,1,0.17200000000000004,0.325401629015163
BTC,2026-02-11,1770448500,yes,-0.03288568185246643,-5.742634555501314,1,0.21199999999999997,0.3171722537160017
BTC,2026-02-11,1770633900,yes,-0.03628349793189212,-1.9061851114330535,1,0.14400000000000002,0.2787968889156349
BTC,2026-02-12,1770327000,yes,-0.126752426651079,-1.7026972003064706,1,0.51,0.42968994596563476
BTC,2026-02-12,1770790500,yes,-0.03833954591846778,-1.7095933913264163,1,0.18999999999999995,0.2903329084474227
BTC,2026-02-13,1770822000,yes,-0.03608681326815677,-4.852426685221893,1,0.24,0.04594050947090986
BTC,2026-02-13,1770912900,yes,-0.03206444720350876,-2.752111762828168,1,0.14,-0.07349368322237107
BTC,2026-02-15,1770819300,no,0.03337238003888521,3.480825284357806,1,-0.10999999999999999,-0.0788816073039722
BTC,2026-02-17,1770996600,no,0.0347037134598972,3.263089439649587,1,-0.07000000000000006,-0.13482570399630375
BTC,2026-02-18,1770996600,no,0.031645251290843834,3.263089439649587,1,-0.09999999999999998,-0.18857848918209313
BTC,2026-02-18,1771339500,yes,-0.035215965395458015,-3.7192753239690446,1,0.09299999999999997,0.0925269169442046
BTC,2026-02-19,1771339500,yes,-0.035855767317772846,-3.7192753239690446,1,0.15800000000000003,0.21736686842367195
BTC,2026-02-20,1771339500,yes,-0.036192050574133106,-3.7192753239690446,1,0.18999999999999995,0.14265552679245866
BTC,2026-02-21,1771431300,yes,-0.030412512161437255,-2.9134496592185255,1,0.15000000000000002,0.05339248475927541
BTC,2026-02-23,1771810200,yes,-0.06471534624160558,-5.209638559474273,1,0.33199999999999996,0.26897150264582775
BTC,2026-02-24,1771808400,yes,-0.032472706779096305,-3.0292988221732826,1,0.13,0.35415006667881965
BTC,2026-02-24,1771895700,yes,-0.04372075610640791,-2.8494464372272685,1,0.43999999999999995,0.45946925141044964
BTC,2026-02-25,1771808400,yes,-0.03771169380854955,-3.0292988221732826,1,0.17000000000000004,0.042224092522482104
BTC,2026-02-25,1771895700,yes,-0.04223975511609457,-2.8494464372272685,1,0.47,-0.10027292743296967
BTC,2026-02-25,1771983900,no,0.03972536694765172,1.7656864793955156,1,-0.08999999999999997,0.21837334677223036
BTC,2026-02-26,1771810200,yes,-0.041490063268104116,-5.209638559474273,1,0.41000000000000003,0.23492882068870083
BTC,2026-02-28,1771983900,no,0.03115114641721306,1.7656864793955156,1,-0.26,-0.332398792282129
BTC,2026-02-28,1772260200,yes,-0.0829075543355613,-3.557562490526864,1,0.29200000000000004,0.09277712558958787
BTC,2026-03-01,1771983000,no,0.041011747061603265,6.41313916606674,1,-0.26,-0.24062086634383467
BTC,2026-03-01,1772260200,yes,-0.05108484702070171,-3.557562490526864,1,0.36,-0.02030984162750815
BTC,2026-03-11,1772805600,yes,-0.0350081462640881,-3.1876528383307523,1,0.14,0.0920687174071643
BTC,2026-03-28,1774622700,yes,-0.030242113895648237,-1.920843412273228,1,0.17000000000000004,0.02992219286402295
BTC,2026-03-29,1774609200,yes,-0.034540654734220744,-5.100003027993546,1,0.17600000000000005,0.17449874659405673
BTC,2026-03-03,1772289000,yes,-0.033820840613201786,-2.0660531251382572,1,0.42000000000000004,0.09800900054208395
BTC,2026-03-30,1774824300,yes,-0.08861185166146812,-4.1533353453894275,1,0.245,-0.02207233258458119
BTC,2026-03-31,1774609200,yes,-0.03224319409769638,-5.100003027993546,1,0.26,0.23444951362599897
BTC,2026-03-31,1774824300,yes,-0.06575831709594093,-4.1533353453894275,1,0.30999999999999994,0.1761742888952714
BTC,2026-04-01,1774824300,yes,-0.06373984653612252,-4.1533353453894275,1,0.59,0.19475637474496688
BTC,2026-04-01,1774946700,yes,-0.032566559619341295,-2.425461793922749,1,0.35,0.002744593921069738
BTC,2026-04-02,1774824300,yes,-0.04790875605722228,-4.1533353453894275,1,0.5700000000000001,0.44777744445233236
BTC,2026-04-06,1775403000,no,0.034937933303797686,3.4652270180400193,1,-0.13,0.25428842211485686
BTC,2026-04-08,1775403000,no,0.03121669746439426,3.4652270180400193,1,-0.24,0.21224007005447304
BTC,2026-02-10,1770327000,yes,-0.03444988010614747,-1.7026972003064706,1,0.603,0.33043580737612094
BTC,2026-02-10,1770448500,yes,-0.045513065804442254,-5.742634555501314,1,0.352,0.23910774448806865
BTC,2026-02-11,1770306300,yes,-0.037578135444474414,-4.348357576963395,1,0.42999999999999994,0.5139991782724771
BTC,2026-02-11,1770594300,yes,-0.03183346551941357,-2.0756987400019504,1,0.14,0.3841547118103765
BTC,2026-02-11,1770694200,yes,-0.031234746172146388,-2.1328003764794046,1,0.13,0.36902889843480935
BTC,2026-02-11,1770822000,yes,-0.08055775685543387,-4.852426685221893,1,0.30999999999999994,0.5148109436546693
BTC,2026-02-12,1770327000,yes,-0.04877073185835862,-1.7026972003064706,0,-0.4,-0.4798844676285163
BTC,2026-02-12,1770822000,yes,-0.051250024022736484,-4.852426685221893,0,-0.58,-0.43839224091964296
BTC,2026-02-12,1770912900,yes,-0.03390615401094976,-2.752111762828168,0,-0.87,-0.5523646412899841
BTC,2026-02-13,1770737400,no,0.03325682104177341,2.630329078062317,1,-0.19000000000000006,-0.2153631099975252
BTC,2026-02-14,1770822000,yes,-0.0661138474904972,-4.852426685221893,1,0.45999999999999996,0.13601011181439643
BTC,2026-02-15,1770822000,yes,-0.049245689915786706,-4.852426685221893,1,0.45999999999999996,0.22045709054619192
BTC,2026-02-15,1770993900,no,0.0491505255555581,1.6157142846333736,1,-0.18000000000000005,0.06379135746466502
BTC,2026-02-16,1770993900,no,0.030994318950807065,1.6157142846333736,1,-0.26,-0.1908285409480177
BTC,2026-02-17,1770822000,yes,-0.0478080271155199,-4.852426685221893,1,0.47,0.3935223909695945
BTC,2026-02-17,1770993900,no,0.04828437672576613,1.6157142846333736,1,-0.26,-0.23952844537619375
BTC,2026-02-17,1771339500,yes,-0.11730391825523678,-3.7192753239690446,1,0.18699999999999994,0.13374612464274785
BTC,2026-02-18,1771339500,yes,-0.06955925980630073,-3.7192753239690446,1,0.32999999999999996,0.32884119189849265
BTC,2026-02-19,1771339500,yes,-0.032676053993683674,-3.7192753239690446,1,0.36,0.4639034206043502
BTC,2026-02-21,1771431300,yes,-0.030987238764938363,-2.9134496592185255,1,0.37,0.21631389846978913
BTC,2026-02-21,1771566300,no,0.04182548945104747,2.2599588744963706,1,-0.14,-0.08992614142570371
BTC,2026-02-22,1771566300,no,0.050268455852213956,2.2599588744963706,1,-0.18000000000000005,-0.21188881485377253
BTC,2026-02-23,1771508700,yes,-0.031603273416927924,-1.6504272848894928,0,-0.48,-0.41271085262493135
BTC,2026-02-23,1771808400,yes,-0.03411103169940233,-3.0292988221732826,0,-0.67,-0.3605081888662326
BTC,2026-02-25,1771983900,no,0.08660529919048876,1.7656864793955156,1,-0.52,0.17763833493976633
BTC,2026-02-26,1771983900,no,0.06712459507702362,1.7656864793955156,1,-0.51,-0.33193293005798613
BTC,2026-02-27,1771983900,no,0.04461240493038765,1.7656864793955156,0,0.49,0.45165626959982713
BTC,2026-02-27,1772117100,yes,-0.045977335012154286,-1.7538752688573183,0,-0.75,-0.45053891047114747
BTC,2026-02-28,1771983900,no,0.036191512354893096,1.7656864793955156,0,0.51,0.42241856962487456
BTC,2026-02-28,1772117100,yes,-0.040191468220244,-1.7538752688573183,0,-0.72,-0.3923303377052069
BTC,2026-02-28,1772287200,no,0.039729900730590906,4.66309036479799,0,0.13,0.12637431647177763
BTC,2026-03-01,1771983900,no,0.0403329098474795,1.7656864793955156,1,-0.49,-0.4530706232390596
BTC,2026-03-01,1772327700,yes,-0.0545288477140321,-1.7110412385963987,1,0.43999999999999995,0.4721841700517913
BTC,2026-03-24,1774137600,yes,-0.035931728468444724,-4.833749225115395,1,0.19599999999999995,0.12183202700023596
BTC,2026-03-27,1774608300,yes,-0.06253595152352442,-3.1007117531087385,1,0.238,0.4734565529469272
BTC,2026-03-28,1774608300,yes,-0.03423964222211784,-3.1007117531087385,1,0.31999999999999995,0.2984996036622611
BTC,2026-03-03,1772550000,yes,-0.03902933038015566,-2.4295993427901186,1,0.30000000000000004,-0.3079560598802158
BTC,2026-03-30,1774824300,yes,-0.06148125888989642,-4.1533353453894275,1,0.6499999999999999,0.22270228553651544
BTC,2026-03-31,1774824300,yes,-0.04855046740011415,-4.1533353453894275,1,0.6,0.42994738244965786
BTC,2026-03-31,1774917900,no,0.031025320658217725,1.9230521917066004,1,-0.20999999999999996,-0.23907396692992516
BTC,2026-03-04,1772330400,no,0.034772243529615166,4.493473969234612,1,-0.33999999999999997,0.16049467634822967
BTC,2026-03-04,1772465400,no,0.031135015846372904,5.284426832005631,1,-0.17000000000000004,0.23654178187250052
BTC,2026-03-04,1772595900,yes,-0.04113106865839078,-2.534144848663019,1,0.18999999999999995,-0.6468208680969335
BTC,2026-03-08,1772972100,yes,-0.04997674113213857,-2.1255607799252036,1,0.16500000000000004,0.13041242040827317
BTC,2026-03-09,1772805600,yes,-0.03291811789002108,-3.1876528383307523,1,0.20999999999999996,0.23553188488343316
BTC,2026-04-10,1775591100,no,0.042831778764703676,1.50607221550696,1,-0.37,0.12683059186761464
BTC,2026-04-02,1775092500,yes,-0.05691784034747327,-2.1826192381900964,0,-0.49,-0.16316036954601515
BTC,2026-04-04,1775092500,yes,-0.033646884690919476,-2.1826192381900964,0,-0.49,-0.38532409902676024
BTC,2026-04-05,1775403000,no,0.067923016740743,3.4652270180400193,0,0.06899999999999995,0.05670713237812584
BTC,2026-04-06,1775430900,no,0.040966246534340445,3.0332207181437094,1,-0.31000000000000005,0.032361859951715644
BTC,2026-04-08,1775403000,no,0.0330657331254392,3.4652270180400193,1,-0.54,-0.003486389201124318
BTC,2026-04-08,1775591100,no,0.0741291337517439,1.50607221550696,1,-0.30000000000000004,0.32799519585511683
BTC,2026-02-10,1770223500,yes,-0.042916564152961856,-2.894821328268158,1,0.17000000000000004,0.3442770900013109
BTC,2026-02-10,1770322500,yes,-0.03203557383675337,-4.430292557593646,1,0.69,0.458191882329372
BTC,2026-02-10,1770593400,yes,-0.03775600743487173,-2.3156966962866052,1,0.26,0.3535676094440108
BTC,2026-02-10,1770694200,yes,-0.05125052913406236,-2.1328003764794046,1,0.21999999999999997,0.23727507906732415
BTC,2026-02-11,1770327000,yes,-0.04890723673102576,-1.7026972003064706,0,-0.31,-0.40346687101765955
BTC,2026-02-11,1770449400,yes,-0.03476901948939359,-2.6260668420799984,0,-0.5,-0.3455484185330377
BTC,2026-02-11,1770655500,no,0.03656598407174394,2.7725623694092487,0,0.77,0.4052041348545866
BTC,2026-02-12,1770737400,no,0.036225215374384945,2.630329078062317,0,0.69,0.2955392094909879
BTC,2026-02-13,1770993900,no,0.17846081057684243,1.6157142846333736,1,-0.6000000000000001,-0.06148030147479033
BTC,2026-02-14,1770822000,yes,-0.03927107319142237,-4.852426685221893,1,0.6799999999999999,0.3564961452894245
BTC,2026-02-14,1770993900,no,0.09045652672204185,1.6157142846333736,1,-0.56,-0.06024518748853602
BTC,2026-02-15,1770822000,yes,-0.039205687235254916,-4.852426685221893,1,0.6699999999999999,0.4311817660781039
BTC,2026-02-15,1770993900,no,0.08116974854813463,1.6157142846333736,1,-0.54,-0.24402437343114286
BTC,2026-02-15,1771163100,yes,-0.0887059392581977,-1.708595427144545,1,0.19999999999999996,0.17522517184059208
BTC,2026-02-16,1770993900,no,0.0554250507546431,1.6157142846333736,0,0.47,0.5496488154542646
BTC,2026-02-17,1770993900,no,0.0315667158211666,1.6157142846333736,0,0.45999999999999996,0.48272391827464134
BTC,2026-02-19,1770993900,no,0.03092516811102408,1.6157142846333736,0,0.49,0.3989191625521556
BTC,2026-02-25,1771983000,no,0.03240374692821603,6.41313916606674,1,-0.911,-0.7050633894194704
BTC,2026-02-26,1771983900,no,0.03333822454930274,1.7656864793955156,0,0.16000000000000003,0.2690574207499536
BTC,2026-02-26,1772117100,yes,-0.12745217544508602,-1.7538752688573183,0,-0.24000000000000002,0.32607328279767267
BTC,2026-02-27,1771983900,no,0.03909856902864137,1.7656864793955156,0,0.21999999999999997,0.19150151023172163
BTC,2026-02-27,1772117100,yes,-0.05602886824059927,-1.7538752688573183,0,-0.39,0.039091546775593955
BTC,2026-02-28,1772185500,yes,-0.06174505007727932,-2.044980661711254,0,-0.34,0.24281459566347735
BTC,2026-02-08,1770223500,yes,-0.0664299447925577,-2.894821328268158,1,0.15000000000000002,0.27306205041625914
BTC,2026-02-08,1770327000,yes,-0.03686411989775168,-1.7026972003064706,1,0.752,0.42338121218322755
BTC,2026-02-08,1770448500,yes,-0.05499506061805726,-5.742634555501314,1,0.5229999999999999,0.11990526750227043
BTC,2026-02-09,1770223500,yes,-0.05349301702188314,-2.894821328268158,1,0.16300000000000003,0.29829627467802666
BTC,2026-02-09,1770327000,yes,-0.05559348809587422,-1.7026972003064706,1,0.717,0.4190813123376812
BTC,2026-02-09,1770448500,yes,-0.036945848990618146,-5.742634555501314,1,0.526,0.2689642117682906
BTC,2026-02-09,1770593400,yes,-0.07861596160519768,-2.3156966962866052,1,0.20799999999999996,0.23142600189658546
BTC,2026-03-01,1772185500,yes,-0.04576256478524343,-2.044980661711254,0,-0.36,-0.08815948225757891
BTC,2026-03-01,1772327700,yes,-0.031022285936812805,-1.7110412385963987,0,-0.14100000000000001,-0.12112548768277924
BTC,2026-03-10,1772611200,no,0.03405344114649711,2.812849453028729,1,-0.35,-0.2149833748615538
BTC,2026-03-11,1773179100,yes,-0.04509903883115074,-1.7476409352903697,1,0.18999999999999995,0.11982982020082746
BTC,2026-03-13,1773326700,yes,-0.037933253724571236,-2.88912404947594,1,0.25,-0.06869899794051226
BTC,2026-03-14,1773324900,no,0.03396231462665289,1.7880740092062186,1,-0.16000000000000003,-0.14081495493556634
BTC,2026-03-19,1773615600,no,0.04097857592355558,2.6628948283810474,1,-0.10999999999999999,-0.282998218874053
BTC,2026-03-20,1773928800,no,0.03382432095449506,2.788236246658204,1,-0.19100000000000006,-0.18999317837888172
BTC,2026-03-22,1773833400,yes,-0.03320673507614713,-2.3101472179506,1,0.07999999999999996,0.27691045650137086
BTC,2026-03-22,1774137600,yes,-0.06433172408477539,-4.833749225115395,1,0.28200000000000003,0.30057434630556684
BTC,2026-03-23,1774137600,yes,-0.04937159398098556,-4.833749225115395,1,0.38,0.19066399474205684
BTC,2026-03-23,1774251900,no,0.03611167903438872,1.9212286654495612,1,-0.38,0.1073683464471411
BTC,2026-03-24,1774242000,no,0.04249238522181886,1.586007799671438,1,-0.39,-0.2102611612739561
BTC,2026-03-25,1774267200,yes,-0.03767233053040919,-2.920095562278325,1,0.25,0.17956041759234337
BTC,2026-03-28,1774548900,yes,-0.030624727582520217,-2.0577269789722914,0,-0.56,-0.325550672158866
BTC,2026-03-03,1772550900,no,0.03664308084697916,1.571428163014338,1,-0.85,-0.6880787338764809
BTC,2026-03-30,1774824300,yes,-0.03349045654387284,-4.1533353453894275,0,-0.06999999999999999,-0.24955250450957145
BTC,2026-03-31,1774965600,no,0.06996335105955145,2.3222399652341084,0,0.21999999999999997,0.07670270732549536
BTC,2026-03-06,1772805600,yes,-0.08485176915437542,-3.1876528383307523,1,0.23399999999999999,0.3604907778695928
BTC,2026-03-07,1772611200,no,0.031684793646945986,2.812849453028729,0,0.69,0.5325576810974633
BTC,2026-03-07,1772805600,yes,-0.0345814126542785,-3.1876528383307523,0,-0.67,-0.4481934423898215
BTC,2026-03-08,1772805600,yes,-0.03697866783394699,-3.1876528383307523,0,-0.63,-0.3547560972129439
BTC,2026-03-08,1772972100,yes,-0.03198345113360668,-2.1255607799252036,0,-0.12,-0.15866620988304872
BTC,2026-03-09,1773051300,yes,-0.042192390040718064,-1.8353450720039723,1,0.53,0.21324791829888123
BTC,2026-04-10,1775591100,no,0.03379667779513007,1.50607221550696,1,-0.65,-0.19656031514421496
BTC,2026-04-11,1775603700,no,0.030191773871018124,2.6088617615755765,1,-0.31000000000000005,-0.1731804175075889
BTC,2026-04-11,1775750400,no,0.03506607486595614,4.077218979699833,1,-0.13,-0.048679222819348084
BTC,2026-04-12,1775747700,no,0.053625966173488915,2.2398700517513186,1,-0.24,-0.30669190468676477
BTC,2026-04-13,1775603700,no,0.0490248926561877,2.6088617615755765,1,-0.33999999999999997,-0.3048783089982202
BTC,2026-04-13,1775747700,no,0.0393477234555446,2.2398700517513186,1,-0.28,-0.2117377906175822
BTC,2026-04-13,1775958300,yes,-0.03815332496296231,-6.2056154391604,1,0.21999999999999997,0.19761622188187777
BTC,2026-04-14,1775747700,no,0.03232090540939758,2.2398700517513186,1,-0.30000000000000004,0.11946756424215726
BTC,2026-04-15,1775750400,no,0.03535727945726541,4.077218979699833,1,-0.22999999999999998,-0.08523127437242992
BTC,2026-04-16,1776031200,yes,-0.03317193017322351,-1.6250330366718364,1,0.35,-0.010943596013483992
BTC,2026-04-06,1775466900,no,0.05095119969372261,1.7670761993279531,0,0.356,0.49643087960544996
BTC,2026-04-08,1775591100,no,0.046770629118628976,1.50607221550696,1,-0.77,-0.3270014740694712
BTC,2026-04-09,1775591100,no,0.037055066107250345,1.50607221550696,1,-0.7,-0.18909473286367795
BTC,2026-02-10,1770227100,yes,-0.03951106880798938,-3.8018612757366483,0,-0.7,-0.49468570125062117
BTC,2026-02-10,1770593400,yes,-0.050934553603677934,-2.3156966962866052,0,-0.52,-0.3947017910904218
BTC,2026-02-10,1770694200,yes,-0.049664132794975,-2.1328003764794046,0,-0.33,-0.302243020549666
BTC,2026-02-11,1770593400,yes,-0.03573613017451427,-2.3156966962866052,0,-0.53,-0.09453264843383619
BTC,2026-02-11,1770819300,no,0.04449612421799485,3.480825284357806,0,0.08399999999999996,-0.0887227760191272
BTC,2026-02-12,1770327000,yes,-0.27475324293113923,-1.7026972003064706,0,-0.23,-0.29407697070007977
BTC,2026-02-12,1770449400,yes,-0.038001431935501984,-2.6260668420799984,0,-0.35000000000000003,-0.1866246785726998
BTC,2026-02-12,1770593400,yes,-0.03226859568100049,-2.3156966962866052,0,-0.53,-0.11970609938047666
BTC,2026-02-12,1770740100,no,0.030368015976114104,1.529945782957844,0,0.47,-0.036103722468082244
BTC,2026-02-13,1770995700,no,0.06072854586296039,2.1938270783341745,0,0.07799999999999996,0.08054669078888162
BTC,2026-02-16,1770993900,no,0.04716268630966006,1.6157142846333736,0,0.20999999999999996,0.2613272407044863
BTC,2026-02-16,1771245900,no,0.0359358388729831,1.5912120917570953,0,0.28,-0.36838452146834955
BTC,2026-02-17,1770993900,no,0.03130492879759869,1.6157142846333736,0,0.24,0.2568625223094836
BTC,2026-02-18,1770993900,no,0.03937826951404233,1.6157142846333736,0,0.29000000000000004,0.2717643147243467
BTC,2026-02-19,1770993900,no,0.03774265978569008,1.6157142846333736,0,0.31000000000000005,0.23307168285506819
BTC,2026-02-26,1772065800,no,0.03985297806269095,1.6101131093266297,0,0.18999999999999995,-0.018703578723697906
BTC,2026-02-28,1772065800,no,0.031176053134134907,1.6101131093266297,0,0.30000000000000004,-0.05880329744022583
BTC,2026-02-07,1770151500,no,0.035486458714346414,5.896728194430081,0,0.917,0.6220965950865178
BTC,2026-02-07,1770256800,yes,-0.03763033738944099,-2.086374153183563,0,-0.738,-0.45979315731776405
BTC,2026-02-07,1770389100,no,0.035200001906931455,4.048362959490362,0,0.32899999999999996,0.40109404367204227
BTC,2026-02-08,1770152400,no,0.030464972650897648,1.9071855212436264,1,-0.08099999999999996,-0.31149675673561356
BTC,2026-02-08,1770244200,no,0.05035963081846606,2.2725913504314916,1,-0.20199999999999996,-0.3943802201556892
BTC,2026-02-08,1770399000,no,0.06760971043894548,3.8689019019242816,1,-0.34299999999999997,-0.38327758261009603
BTC,2026-02-08,1770540300,no,0.03811575252910632,1.894376104750021,1,-0.38,-0.3339307128585333
BTC,2026-02-09,1770213600,yes,-0.032102048398908734,-3.562388229302968,1,0.16100000000000003,0.3915667647228288
BTC,2026-02-09,1770306300,yes,-0.04244420771341251,-4.348357576963395,1,0.667,0.49416366304572046
BTC,2026-02-09,1770449400,yes,-0.03120395225307332,-2.6260668420799984,1,0.708,0.4963749616414757
BTC,2026-02-09,1770593400,yes,-0.04845630928818068,-2.3156966962866052,1,0.44599999999999995,0.48681055424989866
BTC,2026-03-01,1772331300,no,0.03398050472638253,3.8195880393271735,0,0.13,-0.056833679672041254
BTC,2026-03-10,1772611200,no,0.030148467038300708,2.812849453028729,1,-0.51,-0.3678630323531
BTC,2026-03-11,1773164700,yes,-0.03692924045368473,-2.290239867043735,1,0.38,0.4667253195409715
BTC,2026-03-12,1773243000,yes,-0.04862824424576828,-2.079167707454976,1,0.51,0.4919097780759152
BTC,2026-03-13,1773243000,yes,-0.041628332729376716,-2.079167707454976,1,0.5,0.2653717029147262
BTC,2026-03-13,1773360900,no,0.04860309044277078,2.508877691667636,1,-0.19000000000000006,-0.03920708506101431
BTC,2026-03-14,1773243000,yes,-0.048957333681856396,-2.079167707454976,1,0.51,0.4657597337319047
BTC,2026-03-14,1773360900,no,0.04801484901439157,2.508877691667636,1,-0.26,-0.34238171536849427
BTC,2026-03-16,1773360900,no,0.03345956609521761,2.508877691667636,1,-0.32999999999999996,-0.09567290006107651
BTC,2026-03-17,1773360900,no,0.03302369124757232,2.508877691667636,1,-0.35,-0.08589356483093946
BTC,2026-03-19,1773928800,no,0.06254468265834001,2.788236246658204,0,0.5599999999999999,0.2780720483588941
BTC,2026-03-23,1774252800,no,0.03458945123344652,2.121610600685458,1,-0.85,-0.5928470520472053
BTC,2026-03-24,1774266300,yes,-0.0663128112232384,-1.5885002718327932,0,-0.6,-0.46867815083963626
BTC,2026-03-25,1774267200,yes,-0.03315416799985238,-2.920095562278325,1,0.49,0.39900063170499167
BTC,2026-03-25,1774441800,yes,-0.048289586118702155,-1.6257572434872816,1,0.13,0.1830207414510195
BTC,2026-03-26,1774267200,yes,-0.051302809165366,-2.920095562278325,0,-0.51,-0.39321592501379754
BTC,2026-03-03,1772203500,yes,-0.03564661133847642,-1.8076014813293104,0,-0.08,-0.20089298128407218
BTC,2026-03-04,1772611200,no,0.04249453177259596,2.812849453028729,1,-0.5900000000000001,0.3794772868849364
BTC,2026-03-05,1772611200,no,0.03832601044793876,2.812849453028729,1,-0.55,-0.2866697190102766
BTC,2026-03-05,1772724600,yes,-0.04688475952482962,-4.4130295574584935,1,0.08799999999999997,0.08697846694476226
BTC,2026-03-06,1772634600,no,0.04765463432276096,1.9823324499847539,0,0.74,0.3989318932669449
BTC,2026-03-07,1772611200,no,0.04648233454542161,2.812849453028729,0,0.49,0.3195081012399391
BTC,2026-03-08,1772611200,no,0.03756818768575165,2.812849453028729,0,0.49,0.2821287787260515
BTC,2026-03-09,1772611200,no,0.03702044098947743,2.812849453028729,0,0.49,0.43865211161844053
BTC,2026-04-10,1775750400,no,0.05206030555986957,4.077218979699833,1,-0.43000000000000005,-0.3421728051587032
BTC,2026-04-12,1775747700,no,0.056370824772682404,2.2398700517513186,0,0.42999999999999994,0.35277465872169733
BTC,2026-04-12,1775958300,yes,-0.04519034976328734,-6.2056154391604,0,-0.38,-0.09132392151485524
BTC,2026-04-13,1775603700,no,0.031088788204960527,2.6088617615755765,0,0.47,0.5079861933956432
BTC,2026-04-13,1775747700,no,0.042383390042477376,2.2398700517513186,0,0.42999999999999994,0.5061802198630379
BTC,2026-04-13,1776031200,yes,-0.08781632391272465,-1.6250330366718364,0,-0.25,-0.378909822731069
BTC,2026-04-14,1775747700,no,0.04725036945928035,2.2398700517513186,1,-0.55,-0.094493362949368
BTC,2026-04-14,1776031200,yes,-0.05622787511938376,-1.6250330366718364,1,0.6599999999999999,-0.015349152088684703
BTC,2026-04-15,1775747700,no,0.03302041392755917,2.2398700517513186,1,-0.55,-0.2996193960902467
BTC,2026-04-15,1776031200,yes,-0.03948592989661864,-1.6250330366718364,1,0.62,0.27909262723931433
BTC,2026-04-16,1776031200,yes,-0.03507067521317975,-1.6250330366718364,1,0.6,0.19964850454113092
BTC,2026-04-16,1776267000,yes,-0.03741543038837103,-1.7840963322117769,1,0.14,0.05573550380622512
BTC,2026-04-02,1774548900,yes,-0.266832673899674,-2.0577269789722914,0,-0.2,-0.09386485287340136
BTC,2026-04-20,1776636000,yes,-0.030662921011356814,-2.8399547054168135,1,0.08999999999999997,-0.013578856027483557
BTC,2026-04-21,1776636000,yes,-0.03519933810493847,-2.8399547054168135,1,0.17500000000000004,0.028205909651826983
BTC,2026-04-22,1776597300,no,0.0310183095714317,1.68360510700199,1,-0.10999999999999999,0.15844596897133034
BTC,2026-04-23,1776636000,yes,-0.04277100397759559,-2.8399547054168135,1,0.28,-0.06095489855834563
BTC,2026-04-09,1775747700,no,0.08118495242655015,2.2398700517513186,1,-0.91,-0.8545891471805313
BTC,2026-02-10,1770212700,yes,-0.032940586568672936,-2.6624194723749293,0,-0.75,-0.3780332998761385
BTC,2026-02-10,1770593400,yes,-0.0321276290654719,-2.3156966962866052,0,-0.3,-0.1801409958762938
BTC,2026-02-07,1770399000,no,0.04984415213441648,3.8689019019242816,0,0.352,0.07279139405282159
BTC,2026-02-08,1770151500,no,0.04144345424407114,5.896728194430081,0,0.85,0.5419209839666812
BTC,2026-02-08,1770401700,yes,-0.033891883634120545,-3.0829029593733104,0,-0.232,-0.28160618745545757
BTC,2026-02-09,1770212700,yes,-0.04758522523413078,-2.6624194723749293,0,-0.76,-0.43042779884065596
BTC,2026-03-10,1773130500,no,0.03231221414851679,1.8604364478152164,0,0.21499999999999997,0.32230310095216025
BTC,2026-03-13,1773360900,no,0.06113733716182068,2.508877691667636,0,0.36,0.5320876200756258
BTC,2026-03-14,1773360900,no,0.03743615833222097,2.508877691667636,0,0.38,0.29063862875929525
BTC,2026-03-16,1773631800,no,0.08411432793803697,2.3500118001384713,1,-0.20999999999999996,-0.12031941807228147
BTC,2026-03-17,1773631800,no,0.05728377208157753,2.3500118001384713,1,-0.32000000000000006,-0.15871234957618707
BTC,2026-03-18,1773833400,yes,-0.05530364082373429,-2.3101472179506,0,-0.89,-0.6875153659430959
BTC,2026-03-19,1773631800,no,0.03655140484177355,2.3500118001384713,0,0.64,0.30099316405182297
BTC,2026-03-19,1773833400,yes,-0.041392243230322645,-2.3101472179506,0,-0.72,-0.13240951889378416
BTC,2026-03-20,1773834300,yes,-0.03362597492694119,-3.036320621300287,0,-0.63,-0.2347257824163675
BTC,2026-03-22,1773833400,yes,-0.03417775056569772,-2.3101472179506,0,-0.63,-0.16436662334444196
BTC,2026-03-23,1774265400,no,0.17790649283126736,7.954145515200941,0,0.27,0.18293328629155375
BTC,2026-03-26,1774443600,no,0.03506713029359343,1.8232716867356602,0,0.45999999999999996,-0.06130478836054065
BTC,2026-03-04,1772634600,no,0.13570573326450264,1.9823324499847539,1,-0.47,0.25443886067508914
BTC,2026-03-05,1772634600,no,0.07238585655597901,1.9823324499847539,0,0.52,0.4470212229153301
BTC,2026-03-08,1772611200,no,0.03052253502353358,2.812849453028729,0,0.30000000000000004,0.12134036767625084
BTC,2026-04-10,1775750400,no,0.036458020014672916,4.077218979699833,0,0.128,0.1701653523126304
BTC,2026-04-12,1775750400,no,0.05305239322765243,4.077218979699833,0,0.20299999999999996,0.041897062276330194
BTC,2026-04-13,1775747700,no,0.034812624816229765,2.2398700517513186,0,0.18999999999999995,0.24090854045195226
BTC,2026-04-14,1775750400,no,0.052117741770484255,4.077218979699833,1,-0.69,-0.36227722224111886
BTC,2026-04-14,1776109500,no,0.03329121008578054,3.0168946266718137,1,-0.73,-0.22338143851836556
BTC,2026-04-15,1776261600,yes,-0.06435138562565818,-1.5340334415401062,0,-0.46,-0.23397512921961836
BTC,2026-04-16,1776031200,yes,-0.036455209224134255,-1.6250330366718364,1,0.83,0.5347675217111232
BTC,2026-04-16,1776267000,yes,-0.06420820572780667,-1.7840963322117769,1,0.55,0.37606512949539495
BTC,2026-04-17,1776267000,yes,-0.05349386040693893,-1.7840963322117769,1,0.55,-0.05677589798122662
BTC,2026-04-17,1776369600,no,0.03766209125612119,1.7937043744351686,1,-0.15000000000000002,0.2693874942697801
BTC,2026-04-18,1776261600,yes,-0.04470665137303842,-1.5340334415401062,1,0.5,0.22603356790975093
BTC,2026-04-18,1776354300,no,0.036491376143166554,1.5904952986494785,1,-0.37,-0.10223076116629587
BTC,2026-04-19,1776261600,yes,-0.04108225503003682,-1.5340334415401062,1,0.5,0.28536738397486255
BTC,2026-04-02,1774548900,yes,-0.3753616222717059,-2.0577269789722914,0,-0.09999999999999999,-0.02874139619008978
BTC,2026-04-20,1776636000,yes,-0.09873295136433158,-2.8399547054168135,1,0.47,0.18921020209781314
BTC,2026-04-21,1776261600,yes,-0.030641204255771437,-1.5340334415401062,1,0.51,0.32818026434743064
BTC,2026-04-21,1776636000,yes,-0.07282331604048942,-2.8399547054168135,1,0.49,0.2472277776819687
BTC,2026-04-23,1776636000,yes,-0.03787613251653088,-2.8399547054168135,1,0.49,0.0556593879674705
BTC,2026-04-30,1777486500,yes,-0.03927157660646874,-3.6917448634169485,1,0.272,0.043789393586789266
BTC,2026-04-08,1775654100,no,0.05945696965700887,2.89624292959063,0,0.08899999999999997,0.020465144918000375
BTC,2026-02-10,1770227100,yes,-0.03358555927425033,-3.8018612757366483,0,-0.41000000000000003,-0.17235833604578377
BTC,2026-02-06,1770150600,no,0.034971096912294164,3.18175150595941,0,0.688,0.18956891375620194
BTC,2026-03-13,1773409500,no,0.06280930044597362,2.1661765249655165,0,0.24,-0.20888613451869786
BTC,2026-03-16,1773631800,no,0.0639791235293268,2.3500118001384713,0,0.28,0.3613809567076146
BTC,2026-03-17,1773631800,no,0.04516190362827899,2.3500118001384713,0,0.37,0.5297770248128963
BTC,2026-03-17,1773719100,yes,-0.040854286081212554,-2.100233775683195,0,-0.58,-0.46526631729585405
BTC,2026-03-18,1773680400,no,0.03205676202967278,1.743597388223162,0,0.49,0.17670330395577322
BTC,2026-03-18,1773833400,yes,-0.10060213004464269,-2.3101472179506,0,-0.23,0.6585954873308902
BTC,2026-03-19,1773631800,no,0.03513648301464223,2.3500118001384713,0,0.42999999999999994,0.09098483741702579
BTC,2026-03-19,1773833400,yes,-0.049509386758881335,-2.3101472179506,0,-0.38,0.3916043496827878
BTC,2026-03-21,1773833400,yes,-0.04389470777533716,-2.3101472179506,0,-0.4,-0.04690369795659949
BTC,2026-03-22,1773833400,yes,-0.039953585405471226,-2.3101472179506,0,-0.41000000000000003,0.11100694981851056
BTC,2026-03-25,1774265400,no,0.03080528448615996,7.954145515200941,0,0.17999999999999994,0.19084035808765706
BTC,2026-03-04,1772638200,no,0.0463587774012426,2.69916744100869,0,0.12,0.16567897681797733
BTC,2026-03-05,1772634600,no,0.04530076658458565,1.9823324499847539,0,0.21899999999999997,0.17005884115126002
BTC,2026-03-07,1772640000,no,0.030249858926786777,1.66046427893687,0,0.44700000000000006,-0.164918483669228
BTC,2026-05-02,1777516200,yes,-0.034514262964768005,-2.0743608101346647,1,0.17999999999999994,-0.0800938398681485
BTC,2026-05-05,1777516200,yes,-0.04176386233613749,-2.0743608101346647,1,0.28,-0.2281246203791072
BTC,2026-04-14,1775601900,no,0.032822296206023255,2.401764105541303,0,0.139,0.3403389421521166
BTC,2026-04-14,1776174300,no,0.07906849349375111,2.8617218301877503,0,0.18100000000000005,0.22152609790269875
BTC,2026-04-16,1776281400,no,0.033635830021787855,1.6968756713636297,0,0.20699999999999996,0.21335356493579535
BTC,2026-04-18,1776434400,no,0.03748784364766866,3.9099743580576924,1,-0.19999999999999996,-0.42539774587611956
BTC,2026-04-19,1776354300,no,0.03154421944169403,1.5904952986494785,0,0.28,0.446201187090901
BTC,2026-04-02,1774548900,yes,-0.43843120035713956,-2.0577269789722914,0,-0.04,0.0025467772465842253
BTC,2026-04-20,1776261600,yes,-0.03345625356885079,-1.5340334415401062,0,-0.28,-0.4261140342771216
BTC,2026-04-20,1776636000,yes,-0.03111306428298466,-2.8399547054168135,0,-0.14,-0.31879930829152514
BTC,2026-04-21,1776636000,yes,-0.05262835372146746,-2.8399547054168135,0,-0.21000000000000002,-0.408256530557793
BTC,2026-04-22,1776597300,no,0.0387215126597239,1.68360510700199,1,-0.56,-0.06581667428241894
BTC,2026-04-22,1776815100,no,0.039351813496535326,1.912149144942576,1,-0.43000000000000005,0.503172636088208
BTC,2026-04-23,1776636000,yes,-0.033655219262839375,-2.8399547054168135,1,0.71,0.3142123440629065
BTC,2026-04-23,1776791700,yes,-0.033600826132228034,-2.261689569089142,1,0.59,0.14974612322534087
BTC,2026-04-24,1776815100,no,0.03458421559939945,1.912149144942576,1,-0.44999999999999996,-0.18530869262970484
BTC,2026-04-24,1776966300,yes,-0.04000353857086547,-2.676288036101912,1,0.26,0.11430941665024519
BTC,2026-04-29,1777428000,no,0.06370289160117248,1.8624121745073048,0,0.73,0.5175084974342571
BTC,2026-04-30,1777516200,yes,-0.1381994532317849,-2.0743608101346647,1,0.5700000000000001,0.45333640611851583
BTC,2026-02-05,1769879700,yes,-0.033966576557797556,-7.4183061220623845,0,-0.701,0.04076970657307277
BTC,2026-02-05,1769969700,no,0.03909415464157495,2.720353443005924,0,0.703,-0.08802643654890574
BTC,2026-02-05,1770150600,no,0.03364270173950368,3.18175150595941,0,0.511,-0.31613184002045347
BTC,2026-03-17,1773707400,no,0.08068780203637216,1.7314794116189778,0,0.31000000000000005,0.07172500328131154
BTC,2026-03-18,1773707400,no,0.04364483026850219,1.7314794116189778,0,0.38,-0.14263997149855412
BTC,2026-03-19,1773707400,no,0.033446864705327484,1.7314794116189778,0,0.4099999999999999,-0.23721642582508373
BTC,2026-03-21,1773833400,yes,-0.032244564580209883,-2.3101472179506,0,-0.2,0.0805866998357308
BTC,2026-05-01,1777516200,yes,-0.08850089196476751,-2.0743608101346647,1,0.54,0.03691765264257474
BTC,2026-05-02,1777516200,yes,-0.064686616398963,-2.0743608101346647,1,0.52,0.10377565803931249
BTC,2026-05-03,1777516200,yes,-0.05838859484391046,-2.0743608101346647,1,0.53,0.1223907768019667
BTC,2026-05-04,1777516200,yes,-0.049011941008076265,-2.0743608101346647,1,0.53,-0.005477877357249694
BTC,2026-04-17,1776431700,no,0.07475286965212372,3.7900765877602653,0,0.124,0.23985984922317344
BTC,2026-04-18,1776434400,no,0.04107996753961615,3.9099743580576924,0,0.33399999999999996,0.054985231150953606
BTC,2026-04-19,1776434400,no,0.050905502707017325,3.9099743580576924,0,0.38,0.09433179887967902
BTC,2026-04-21,1776261600,yes,-0.033825840489023734,-1.5340334415401062,0,-0.15000000000000002,-0.2621953896548171
BTC,2026-04-23,1776358800,yes,-0.030820170571491695,-1.6952144083504825,1,0.85,0.593436598842485
BTC,2026-04-23,1776815100,no,0.03720839372492998,1.912149144942576,1,-0.8,-0.5201477692619556
BTC,2026-04-26,1776954600,no,0.03513402638521829,1.5444461200509751,1,-0.53,-0.4837870794840962
BTC,2026-04-27,1777241700,no,0.04560976019913682,3.359392133837491,0,0.69,0.19994861996779206
BTC,2026-02-01,1769737500,yes,-0.03296883713419574,-9.11886228650309,0,-0.878,-0.5999999304284552
BTC,2026-02-01,1769878800,yes,-0.04500178775157504,-2.2403340512144996,0,-0.8190000000000001,-0.530871295176395
BTC,2026-02-02,1769737500,yes,-0.03445031048631231,-9.11886228650309,1,0.14700000000000002,0.35226352172445397
BTC,2026-02-02,1769879700,yes,-0.030154386928580634,-7.4183061220623845,1,0.403,0.42200034162853445
BTC,2026-02-02,1769991300,no,0.033224327757337524,1.8127321348308105,1,-0.5489999999999999,-0.37832145988244814
BTC,2026-02-03,1769991300,no,0.030918104695984827,1.8127321348308105,0,0.478,0.362995078217673
BTC,2026-02-05,1769736600,yes,-0.03306294933197074,-1.9164300028199641,0,-0.89,-0.16360155148149524
BTC,2026-02-05,1769991300,no,0.031173944942216703,1.8127321348308105,0,0.48,-0.3626129103850103
BTC,2026-03-17,1773707400,no,0.03183465592647003,1.7314794116189778,0,0.05600000000000005,0.0039638082956714935
BTC,2026-05-01,1777516200,yes,-0.03183935572608931,-2.0743608101346647,1,0.87,0.563959256747774
BTC,2026-05-01,1777606200,no,0.051534326723236434,2.9946839271518164,1,-0.76,-0.37700869972013706
BTC,2026-05-11,1778253300,yes,-0.032602578823776596,-1.627958939951154,1,0.17000000000000004,-0.019318905817402032
BTC,2026-05-15,1778853600,yes,-0.08553821628227953,-5.790163549812832,1,0.16900000000000004,0.0632076928492276
BTC,2026-05-02,1777510800,no,0.030295555902056653,1.8030502051829815,1,-0.78,-0.49009051959472183
BTC,2026-05-03,1777516200,yes,-0.044081671767469466,-2.0743608101346647,1,0.82,0.5120380266924465
BTC,2026-05-04,1777516200,yes,-0.03475784419122405,-2.0743608101346647,1,0.77,0.33306310709092046
BTC,2026-05-04,1777889700,yes,-0.07253236251852613,-5.396423661739642,1,0.21499999999999997,-0.20128377074694043
BTC,2026-05-05,1777510800,no,0.031316740679800614,1.8030502051829815,1,-0.7,-0.151548743382258
BTC,2026-05-05,1777908600,yes,-0.03659227384838348,-2.683710435802949,1,0.17000000000000004,-0.0864208731579888
BTC,2026-05-06,1777909500,yes,-0.03514605555341521,-1.7670516736211839,1,0.21999999999999997,0.002117635577463639
BTC,2025-11-27,1763694000,yes,-0.03103128990043602,-2.2989240999763516,1,0.12,-0.06799047907478059
BTC,2026-04-27,1777241700,no,0.03658626424774521,3.359392133837491,0,0.17999999999999994,-0.13350411307129828
BTC,2025-12-03,1764594900,no,0.03095936327422233,1.9830929007113443,1,-0.061000000000000054,0.16386468580911884
BTC,2026-02-01,1769737500,yes,-0.04763376514572348,-9.11886228650309,0,-0.751,-0.29045089347937314
BTC,2026-02-01,1769869800,yes,-0.04092563157206752,-5.243648229414447,0,-0.771,-0.17620394798956818
BTC,2026-02-02,1769797800,yes,-0.03201158882327915,-2.3223268596702424,0,-0.828,-0.46370070507881084
BTC,2026-02-02,1770043500,no,0.030513850943796786,2.0834942307648894,0,0.10799999999999998,0.12643183901603972
BTC,2026-02-05,1769960700,yes,-0.05698110815547497,-1.781441402641385,0,-0.28,0.4033271137103407
BTC,2026-01-30,1769737500,yes,-0.11158467342836031,-9.11886228650309,1,0.252,0.1391493981985519
BTC,2026-01-31,1769870700,yes,-0.08738685214027908,-5.240837862627426,1,0.15800000000000003,0.25613074456364
BTC,2026-05-01,1777456800,no,0.030208235584604115,2.369853296857071,0,0.16000000000000003,0.25047302589841003
BTC,2026-05-10,1778161500,yes,-0.030048860195906357,-1.82364825835017,1,0.39,0.23735709833244364
BTC,2026-05-11,1778445900,yes,-0.03511268449067895,-2.248115346103568,1,0.26,0.09637313907324074
BTC,2026-05-13,1778137200,no,0.04951114811057167,1.8407777625368569,0,0.6799999999999999,0.4376845894959277
BTC,2026-05-14,1778737500,no,0.057757631718919955,2.062156229484031,1,-0.5700000000000001,0.06047518709923083
BTC,2026-05-15,1778833800,yes,-0.038065493616037505,-1.7476100864476003,0,-0.71,-0.1813081071743563
BTC,2026-05-04,1777846500,no,0.040287896970169323,3.1716255948656933,1,-0.7,-0.4824509558449267
BTC,2026-05-05,1777846500,no,0.0446932651585821,3.1716255948656933,1,-0.62,-0.18285312618956595
BTC,2026-05-06,1777644000,no,0.04013270771761035,1.8908163001226435,1,-0.6699999999999999,-0.3039474555525671
BTC,2026-05-06,1777909500,yes,-0.04580407696455202,-1.7670516736211839,1,0.54,0.2164228005353505
BTC,2026-05-07,1777909500,yes,-0.0360336083476383,-1.7670516736211839,0,-0.46,-0.4519394914552475
BTC,2026-05-09,1778252400,no,0.050671622548422224,1.6547223175602368,1,-0.44999999999999996,-0.319726748655045
BTC,2025-11-26,1763718300,yes,-0.04862564678926584,-3.4013607155071934,1,0.31299999999999994,0.023544669903755977
BTC,2025-12-24,1766078100,yes,-0.03545400870022508,-6.113641814906416,1,0.18999999999999995,0.14047751292948923
BTC,2025-12-04,1764549900,yes,-0.03151340572128891,-3.924835432028259,1,0.11599999999999999,-0.07576071197173492
BTC,2026-02-01,1769701500,yes,-0.03370515941144181,-3.7193873835801554,0,-0.83,-0.16000861690856027
BTC,2026-02-01,1769796900,yes,-0.06369622577036727,-1.9311735351181345,0,-0.677,0.35035914114376254
BTC,2026-02-02,1769701500,yes,-0.041337581999420614,-3.7193873835801554,0,-0.796,-0.2618438165310336
BTC,2026-02-02,1769796900,yes,-0.045289124409129355,-1.9311735351181345,0,-0.628,-0.04249092190094528
BTC,2026-02-03,1769701500,yes,-0.03527041063500602,-3.7193873835801554,0,-0.767,-0.06838392317682263
BTC,2026-02-03,1769796900,yes,-0.04196280997200785,-1.9311735351181345,0,-0.612,0.12581044382581275
BTC,2026-02-05,1769796900,yes,-0.03950037559673725,-1.9311735351181345,0,-0.59,0.8772772233054208
BTC,2026-02-05,1770044400,yes,-0.037498868732376484,-2.5153035592355684,0,-0.15000000000000002,0.45588389035577637
BTC,2026-01-30,1769711400,yes,-0.03651239733905087,-2.644150487981306,1,0.20999999999999996,0.31938817191899493
BTC,2026-01-31,1769796900,yes,-0.07293290384590267,-1.9311735351181345,0,-0.741,-0.18104127367671674
BTC,2026-05-11,1778454000,no,0.04660292240890329,3.455580854453752,0,0.57,0.34994515727152575
BTC,2026-05-12,1778454000,no,0.046880549003882555,3.455580854453752,0,0.5599999999999999,0.1865727277356629
BTC,2026-05-13,1778517000,no,0.03500610402986498,2.122351695801177,0,0.45999999999999996,-0.12049187201428913
BTC,2026-05-05,1777994100,no,0.04135887753290855,1.5376041102563878,0,0.126,0.11101293878282906
BTC,2026-05-07,1777905900,no,0.03383720587193953,3.055271748468962,0,0.18999999999999995,0.22119715936785425
BTC,2025-11-27,1763950500,no,0.030750698988913472,3.733641938857389,1,-0.10999999999999999,0.03176219460973523
BTC,2025-12-01,1764603000,yes,-0.04888348238338147,-3.7631114614866146,1,0.136,0.2121142778817625
BTC,2025-12-19,1766078100,yes,-0.049500452104793924,-6.113641814906416,1,0.20699999999999996,0.051267728989274675
BTC,2025-12-02,1764619200,no,0.04028974935810514,1.7250866052542135,1,-0.277,0.5626755585865898
BTC,2025-12-03,1764549900,yes,-0.03467212501358541,-3.924835432028259,1,0.19699999999999995,-0.08868779741259403
BTC,2026-02-01,1769711400,yes,-0.03332467028770092,-2.644150487981306,0,-0.47200000000000003,0.43394150073296806
BTC,2026-02-01,1769800500,no,0.045045896854610246,4.007859895762665,0,0.566,-0.8179855681934466
BTC,2026-02-02,1769701500,yes,-0.03213763474362519,-3.7193873835801554,0,-0.6,0.14277512257589342
BTC,2026-02-02,1769796900,yes,-0.03810654787068385,-1.9311735351181345,0,-0.3,0.29154531877746753
BTC,2026-02-03,1769698800,yes,-0.030934289134855186,-4.260323995379939,0,-0.81,0.05741020569237376
BTC,2026-02-03,1769796900,yes,-0.04795897059170584,-1.9311735351181345,0,-0.33,0.42598030605955467
BTC,2026-02-05,1769796900,yes,-0.04233841613811545,-1.9311735351181345,0,-0.38,1.106447645437464
BTC,2026-01-26,1769370300,yes,-0.033275200448251274,-3.578051515431178,1,0.128,0.04467803156261588
BTC,2026-01-29,1769701500,yes,-0.07283399292265025,-3.7193873835801554,1,0.22999999999999998,-0.0611510197166063
BTC,2026-01-30,1769711400,yes,-0.047359162630351004,-2.644150487981306,0,-0.465,-0.2965788073982596
BTC,2026-01-31,1769701500,yes,-0.04172451511302011,-3.7193873835801554,0,-0.619,0.017100913262614315
BTC,2026-01-31,1769798700,no,0.0722888366425378,1.8734139075718361,0,0.274,-0.37361868244894436
BTC,2025-11-23,1763711100,yes,-0.07250776093234834,-4.213516323614103,1,0.489,0.28980482997482165
BTC,2025-11-23,1763820900,no,0.03326989418669346,1.9383041047351033,1,-0.362,0.03885315093484415
BTC,2025-11-24,1763655300,yes,-0.049194249866163386,-5.382437148826823,1,0.15000000000000002,0.2248504878525584
BTC,2025-11-24,1763745300,no,0.03954894446276419,5.5912391269910415,1,-0.37,-0.21030710434646793
BTC,2025-11-25,1763567100,yes,-0.05074007251199819,-4.901965256890538,1,0.12,0.2489910400602288
BTC,2025-11-25,1763714700,yes,-0.039427959507132404,-2.8840030977685585,1,0.51,0.27290685859509023
BTC,2025-11-27,1763712900,no,0.03741969260896083,1.678017502264685,1,-0.43000000000000005,-0.04343792332022506
BTC,2025-12-01,1764178200,no,0.05298342933426914,2.313024615494437,0,0.79,0.48375844620737746
BTC,2025-12-01,1764549000,yes,-0.04727239953086848,-6.242336883278382,0,-0.824,-0.433803755657523
BTC,2025-12-15,1765811700,yes,-0.07122511661027886,-5.8805934899838785,1,0.08999999999999997,0.1307319351428983
BTC,2025-12-17,1765987200,yes,-0.058324666703104766,-8.459115449883734,1,0.07899999999999996,0.08916331153209382
BTC,2025-12-02,1764549000,yes,-0.04778654903011881,-6.242336883278382,1,0.237,0.005129860333008607
BTC,2025-12-20,1766064600,no,0.053061113364171186,1.8185425260414732,1,-0.20999999999999996,-0.15228897304099287
BTC,2025-12-20,1766166300,yes,-0.0439306356518111,-3.5809740955239864,1,0.28,0.1040208170490435
BTC,2025-12-21,1766078100,yes,-0.034312525697302476,-6.113641814906416,1,0.47,0.23783785580583736
BTC,2025-12-21,1766166300,yes,-0.04398019072347903,-3.5809740955239864,1,0.32999999999999996,0.16267222666171288
BTC,2025-12-22,1766157300,no,0.042317776357853276,2.1317113083225845,1,-0.17000000000000004,-0.10886011721315267
BTC,2025-12-23,1766157300,no,0.03773776652952687,2.1317113083225845,1,-0.19999999999999996,-0.25639224895654356
BTC,2025-12-24,1766503800,no,0.03835888594438874,1.963561660446619,1,-0.21999999999999997,-0.21875183461178985
BTC,2025-12-25,1766503800,no,0.037917243507680665,1.963561660446619,1,-0.25,-0.148455439909151
BTC,2025-12-26,1766706300,yes,-0.030109364029929364,-2.195951986747083,1,0.24,0.271017468840387
BTC,2025-12-27,1766715300,no,0.0445826299758707,3.5303860568163126,1,-0.07999999999999996,-0.15714026098516864
BTC,2025-12-28,1766716200,no,0.030731879760262593,5.947095026652065,1,-0.07000000000000006,-0.16606401325910988
BTC,2025-12-29,1766715300,no,0.03496907882349665,3.5303860568163126,1,-0.17000000000000004,-0.22414473677374303
BTC,2025-12-29,1767010500,yes,-0.0392861832594229,-2.6241182501081433,1,0.18999999999999995,0.017513273595665124
BTC,2025-12-03,1764549000,yes,-0.035136748149611874,-6.242336883278382,1,0.28,-0.045112486745652436
BTC,2025-12-03,1764687600,no,0.030152864740069174,2.5417651874361677,1,-0.07999999999999996,0.13585625227974416
BTC,2025-12-30,1767001500,yes,-0.032976998595312,-5.2988142238521,1,0.15000000000000002,0.08487443708784309
BTC,2025-12-31,1766716200,no,0.031728963648773645,5.947095026652065,1,-0.18000000000000005,-0.28359173868919885
BTC,2025-12-04,1764687600,no,0.052058117879495325,2.5417651874361677,1,-0.10999999999999999,0.12182840114534182
BTC,2025-12-07,1764952200,yes,-0.048241170472752004,-3.714913327025541,1,0.126,0.06489219358110551
BTC,2025-12-08,1765121400,no,0.03218286786829083,1.797957132698228,1,-0.14,-0.03739095940717159
BTC,2026-02-01,1769698800,yes,-0.05229782684704287,-4.260323995379939,0,-0.65,0.7662803260578576
BTC,2026-02-02,1769698800,yes,-0.04766243167222661,-4.260323995379939,0,-0.62,0.4588463488864799
BTC,2026-02-03,1769698800,yes,-0.038433951037237346,-4.260323995379939,0,-0.63,0.5815569499034289
BTC,2026-02-04,1769698800,yes,-0.036219509138457506,-4.260323995379939,0,-0.599,0.7908621290396585
BTC,2026-01-26,1769370300,yes,-0.043787778734300065,-3.578051515431178,1,0.389,0.2273370214981618
BTC,2026-01-27,1769448600,yes,-0.039001221292950694,-1.611594486613681,1,0.22999999999999998,0.0470034738927268
BTC,2026-01-29,1769698800,yes,-0.08115926139587548,-4.260323995379939,0,-0.867,-0.6610755516343261
BTC,2026-01-30,1769698800,yes,-0.04916972238548367,-4.260323995379939,0,-0.68,0.07809796100980382
BTC,2026-01-31,1769698800,yes,-0.05396933268072868,-4.260323995379939,0,-0.66,0.38430507169907424
BTC,2025-11-22,1763587800,no,0.033414412577230435,1.5183525291986368,0,0.863,0.5398889540825506
BTC,2025-11-23,1763567100,yes,-0.03502017300918181,-4.901965256890538,1,0.17000000000000004,0.3783822157215484
BTC,2025-11-23,1763729100,no,0.04122823163001335,3.707734649905704,1,-0.69,-0.4446137828638105
BTC,2025-11-24,1764000000,no,0.03935891095477817,1.8969301103113607,1,-0.10999999999999999,0.14398536963115088
BTC,2025-11-25,1763656200,yes,-0.0529341686290169,-3.0220626405589965,1,0.27,0.3713806649515157
BTC,2025-11-26,1764159300,yes,-0.04747095664938583,-1.5714437675174866,1,0.31999999999999995,-0.1541810641149709
BTC,2025-12-11,1765465200,yes,-0.033249824648352244,-1.6259174456354832,1,0.09699999999999998,0.08984638302243385
BTC,2025-12-15,1765492200,yes,-0.03104225614118461,-2.3657819837010234,0,-0.88,-0.541576092158695
BTC,2025-12-15,1765810800,yes,-0.033137370422797074,-4.886298071195348,0,-0.43,0.6328597135262455
BTC,2025-12-16,1765881900,no,0.04117090808036433,2.6498878238846966,0,0.31000000000000005,0.42074920033591584
BTC,2025-12-17,1765986300,yes,-0.18155340949553256,-5.427992051767398,0,-0.685,-0.12955986860832713
BTC,2025-12-18,1765763100,no,0.03619484996792355,1.5040944648708754,0,0.63,0.5268753642901658
BTC,2025-12-19,1766127600,no,0.06561540768280921,2.021650149961836,0,0.41999999999999993,0.5287992342280483
BTC,2025-12-02,1764549000,yes,-0.03398896130095952,-6.242336883278382,1,0.44999999999999996,0.13510502932780155
BTC,2025-12-20,1766157300,no,0.07608136502226448,2.1317113083225845,1,-0.32999999999999996,-0.42488349849317597
BTC,2025-12-21,1766325600,yes,-0.09437825105399611,-1.5892732621304524,1,0.69,0.39368480135241063
BTC,2025-12-22,1766364300,yes,-0.03489702593837152,-1.5447723072012953,1,0.28,0.2106557038853593
BTC,2025-12-23,1766420100,no,0.0454780113119263,2.1427578311434883,1,-0.17000000000000004,-0.4013877210626342
BTC,2025-12-25,1766420100,no,0.03130421925899585,2.1427578311434883,1,-0.25,-0.41858008637525024
BTC,2025-12-25,1766544300,yes,-0.03936805599335613,-1.5031377407312776,1,0.69,0.5179269439479355
BTC,2025-12-26,1766715300,no,0.03608135243179683,3.5303860568163126,0,0.64,0.2675422197046974
BTC,2025-12-27,1766715300,no,0.061872423550027256,3.5303860568163126,0,0.62,0.48300866411336474
BTC,2025-12-28,1766761200,yes,-0.03249508594343098,-5.736854692157325,0,-0.34,-0.4141424789092316
BTC,2025-12-29,1766973600,no,0.10314349743905016,2.647904860813842,0,0.71,0.48336097487897123
BTC,2025-12-03,1764687600,no,0.048066730397372415,2.5417651874361677,1,-0.27,0.1336548135996708
BTC,2025-12-30,1766715300,no,0.03016670813090222,3.5303860568163126,1,-0.42000000000000004,-0.3467114717911636
BTC,2025-12-30,1767001500,yes,-0.07495673529738645,-5.2988142238521,1,0.5,0.3828090351244653
BTC,2025-12-31,1767082500,no,0.034844378947921306,1.929654401820163,0,0.52,0.4685482688958664
BTC,2025-12-04,1764687600,no,0.046793252169352595,2.5417651874361677,1,-0.30000000000000004,0.038201063357230114
BTC,2025-12-06,1764951300,yes,-0.041718077984633006,-4.505315852176135,1,0.24,0.18891764073576084
BTC,2025-12-09,1765207800,yes,-0.040723340151035514,-2.9434678649433423,1,0.22999999999999998,-0.2633691841292905
BTC,2026-02-01,1769698800,yes,-0.06225859154221819,-4.260323995379939,0,-0.32,1.138422677274159
BTC,2026-02-02,1769698800,yes,-0.033577365637278644,-4.260323995379939,0,-0.36,0.7453909540903493
BTC,2026-02-04,1769698800,yes,-0.030293559222611566,-4.260323995379939,0,-0.39,1.0225362789008101
BTC,2026-01-12,1767973500,no,0.03136783377335717,4.215273228043445,1,-0.07000000000000006,-0.002616872402601611
BTC,2026-01-02,1767288600,no,0.050995302930756214,1.7806803221492375,1,-0.36,0.29938609357537005
BTC,2026-01-21,1768996800,yes,-0.030331487244895428,-2.3103971917428794,0,-0.785,-0.4886774676188883
BTC,2026-01-23,1769005800,no,0.03432707948491964,4.816620940196141,1,-0.252,-0.19896576774400063
BTC,2026-01-23,1769179500,yes,-0.0930362422477824,-2.2715998184889905,1,0.14,-0.015549998146825866
BTC,2026-01-25,1769357700,yes,-0.15505838917506864,-3.4458945845935833,1,0.6890000000000001,0.5468323091068987
BTC,2026-01-26,1769195700,yes,-0.04628056927981006,-2.634786789612634,0,-0.8200000000000001,-0.5369274622040461
BTC,2026-01-27,1769448600,yes,-0.03985608387996947,-1.611594486613681,1,0.63,0.38499176231212207
BTC,2026-01-28,1769534100,yes,-0.03250529923987755,-3.2042652455508316,1,0.5,0.14460155638402455
BTC,2026-01-29,1769534100,yes,-0.03243585486589773,-3.2042652455508316,0,-0.5,-0.09935995231476596
BTC,2026-01-30,1769615100,no,0.03908748374112203,2.7443465157792017,0,0.76,-0.07340497177077054
BTC,2026-01-31,1769698800,yes,-0.0606425047898812,-4.260323995379939,0,-0.3,0.7826035520890469
BTC,2025-11-21,1763567100,yes,-0.04469186809886194,-4.901965256890538,0,-0.73,-0.2473741816932924
BTC,2025-11-22,1763567100,yes,-0.05058576013519722,-4.901965256890538,0,-0.74,-0.2797207813134622
BTC,2025-11-25,1764085500,no,0.03204597309126454,2.1752575867784927,0,0.14,0.14441731128017418
BTC,2025-11-26,1763658000,yes,-0.1261914769440008,-2.884761671126114,0,-0.5,-0.5001708786726089
BTC,2025-11-26,1764173700,no,0.1579979698032934,2.7780271665885037,0,0.29000000000000004,0.45474057743960317
BTC,2025-11-27,1764085500,no,0.03497124475418523,2.1752575867784927,1,-0.5700000000000001,-0.07581312659913891
BTC,2025-12-10,1765312200,yes,-0.03288559129683177,-1.9729338879981955,1,0.13,0.20466100281821464
BTC,2025-12-11,1765393200,no,0.050612588315046114,1.9295896519051692,0,0.85,0.5896425768674589
BTC,2025-12-12,1765393200,no,0.04333427647089183,1.9295896519051692,1,-0.18000000000000005,-0.3810565897173185
BTC,2025-12-13,1765393200,no,0.03423759707491225,1.9295896519051692,1,-0.20999999999999996,-0.4009790318992592
BTC,2025-12-13,1765553400,yes,-0.03188069591973408,-4.669123328995853,1,0.33999999999999997,0.49149517817450583
BTC,2025-12-15,1765492200,yes,-0.03116418516588948,-2.3657819837010234,0,-0.75,-0.21430638014212544
BTC,2025-12-18,1766064600,no,0.03479966744216985,1.8185425260414732,0,0.07699999999999996,0.08581992774403482
BTC,2025-12-02,1764687600,no,0.07330099340535956,2.5417651874361677,1,-0.7210000000000001,-0.18054699209192293
BTC,2025-12-20,1766157300,no,0.06535109368666114,2.1317113083225845,0,0.32000000000000006,0.23156973326690194
BTC,2025-12-21,1766064600,no,0.030865877134483077,1.8185425260414732,0,0.30000000000000004,0.3628076698046474
BTC,2025-12-26,1766715300,no,0.057914928528576576,3.5303860568163126,0,0.14800000000000002,-0.01023286164678483
BTC,2025-12-27,1766716200,no,0.03493136636757849,5.947095026652065,0,0.33999999999999997,0.07673381035312454
BTC,2025-12-28,1766715300,no,0.04110387577081126,3.5303860568163126,0,0.26,0.21181819049468129
BTC,2025-12-29,1766973600,no,0.04711819398381983,2.647904860813842,0,0.16000000000000003,0.04011085924961284
BTC,2025-12-03,1764771300,yes,-0.039603902578531525,-2.642503225495925,1,0.06799999999999995,0.05509716087451089
BTC,2025-12-30,1766973600,no,0.03796141714958021,2.647904860813842,0,0.27,0.32599319906117424
BTC,2025-12-04,1764687600,no,0.04381064063205009,2.5417651874361677,1,-0.54,-0.17867800612734064
BTC,2025-12-05,1764927900,yes,-0.05142165289419798,-2.3371522535615044,0,-0.76,-0.23653048076918382
BTC,2025-12-06,1764950400,yes,-0.034776742015998785,-2.6503400877051986,0,-0.62,-0.46044353596815335
BTC,2025-12-08,1765128600,no,0.05275136259662283,3.1426857924974483,0,0.69,0.563384793900833
BTC,2026-02-05,1769715000,no,0.03639438695753352,2.2999031748108894,0,0.12,-0.5082337622092981
BTC,2026-01-10,1767734100,no,0.040294902654490095,2.8781647793477716,1,-0.17000000000000004,-0.3352765089761302
BTC,2026-01-11,1767973500,no,0.04780999160435584,4.215273228043445,1,-0.19999999999999996,-0.22966616799859996
BTC,2026-01-12,1767973500,no,0.03354217173209617,4.215273228043445,1,-0.26,-0.13813348169382006
BTC,2026-01-02,1767288600,no,0.03371871639432615,1.7806803221492375,1,-0.86,-0.5761972500828857
BTC,2026-01-20,1768927500,yes,-0.08089081470724047,-3.4337679587575933,1,0.371,0.33939564538724176
BTC,2026-01-21,1768925700,no,0.0427061044863869,1.6982011281757778,0,0.69,0.1778064232105645
BTC,2026-01-22,1768780800,yes,-0.0577591260396314,-5.188654789703184,0,-0.83,-0.5187485618188246
BTC,2026-01-22,1769023800,no,0.030702171029877517,5.3013701176745345,0,0.47,0.3434440832896873
BTC,2026-01-23,1769023800,no,0.030623975072823884,5.3013701176745345,1,-0.53,-0.47065142529017256
BTC,2026-01-23,1769183100,no,0.033033054254450245,1.8067798334930527,1,-0.88,-0.7724597942720021
BTC,2026-01-24,1769090400,yes,-0.030969337072285996,-2.7937105737479855,0,-0.44,-0.3858878038651994
BTC,2026-01-24,1769195700,yes,-0.0948021373826079,-2.634786789612634,0,-0.58,-0.12835495672413
BTC,2026-01-25,1769090400,yes,-0.04412730569847817,-2.7937105737479855,0,-0.44,-0.20965241517891814
BTC,2026-01-25,1769196600,yes,-0.03017115065273901,-2.500042262345752,0,-0.45,0.08582395145974014
BTC,2026-01-26,1769195700,yes,-0.04608835631925923,-2.634786789612634,0,-0.52,-0.027541557786498028
BTC,2026-01-28,1769615100,no,0.05050948096459788,2.7443465157792017,0,0.24,0.3000902966021437
BTC,2026-01-03,1767366000,no,0.04604033745603467,3.1751471405494596,1,-0.54,-0.42341808878264786
BTC,2026-01-30,1769615100,no,0.04635389796366468,2.7443465157792017,0,0.43999999999999995,-0.5262835692029733
BTC,2026-01-04,1767366000,no,0.03856239181846671,3.1751471405494596,1,-0.52,-0.22320694686356612
BTC,2026-01-05,1767374100,no,0.05019983447896559,3.041830739206399,1,-0.36,0.04210446734778095
BTC,2026-01-06,1767374100,no,0.04457861671046026,3.041830739206399,1,-0.38,-0.163489664925435
BTC,2025-11-20,1763566200,yes,-0.04711613470974785,-2.575222599950027,0,-0.664,-0.22704615483514906
BTC,2025-11-20,1763652600,yes,-0.05191447100873614,-1.7724673429587572,0,-0.631,0.44034262537083646
BTC,2025-11-22,1763566200,yes,-0.03767791300163059,-2.575222599950027,0,-0.61,-0.010941550550108592
BTC,2025-11-24,1763567100,yes,-0.036639095657841514,-4.901965256890538,0,-0.56,-0.29219754721469704
BTC,2025-11-30,1764179100,no,0.04804655450658166,4.899508545220638,1,-0.53,-0.2851141406501443
BTC,2025-12-11,1765418400,yes,-0.0500166951278031,-2.036450045054624,0,-0.22,-0.06231131886753766
BTC,2025-12-12,1765492200,yes,-0.06498157321553355,-2.3657819837010234,0,-0.55,-0.07308739779512047
BTC,2025-12-13,1765393200,no,0.03353986179556978,1.9295896519051692,0,0.61,0.3768492513494913
BTC,2025-12-13,1765492200,yes,-0.053845937050317816,-2.3657819837010234,0,-0.54,-0.18785524994481922
BTC,2025-12-17,1765983600,no,0.051831344905735974,6.005978783737998,0,0.05800000000000005,0.05474641611101732
BTC,2025-12-18,1765983600,no,0.043860347363412586,6.005978783737998,0,0.18199999999999994,-0.0033580357841733743
BTC,2025-12-02,1764688500,no,0.08360720059069796,4.902265054244504,0,0.124,0.14769676351206645
BTC,2025-12-22,1766064600,no,0.03090534805322906,1.8185425260414732,0,0.17999999999999994,0.2823945747113906
BTC,2025-12-24,1766157300,no,0.03511115495752376,2.1317113083225845,0,0.25,0.14978665417253678
BTC,2025-12-03,1764772200,yes,-0.10460080797442828,-2.2322166023737156,1,0.399,0.48417159988104536
BTC,2025-12-04,1764772200,yes,-0.037944598987544764,-2.2322166023737156,1,0.44999999999999996,0.45486957142398043
BTC,2025-12-05,1764948600,no,0.04387478291629636,2.350879783735586,0,0.16900000000000004,-0.5176218469949165
BTC,2025-12-08,1765128600,no,0.03238050386303978,3.1426857924974483,0,0.33999999999999997,0.22422604856984327
BTC,2025-12-09,1765294200,no,0.04420477059142132,2.221790552892347,1,-0.86,-0.23069644735349415
BTC,2026-01-10,1767734100,no,0.05309389420903654,2.8781647793477716,0,0.65,0.4432989377089822
BTC,2026-01-10,1767973500,no,0.036229774638904366,4.215273228043445,0,0.33999999999999997,0.21042476564275464
BTC,2026-01-11,1767734100,no,0.05623801863019118,2.8781647793477716,0,0.65,0.49519132534919486
BTC,2026-01-11,1767973500,no,0.03634650152239505,4.215273228043445,0,0.38,0.34495426259361855
BTC,2026-01-12,1768186800,no,0.03182064112513672,1.7428808640942257,1,-0.41000000000000003,-0.4257755022291807
BTC,2026-01-14,1768314600,no,0.035237648215261985,1.9782655341213324,1,-0.38,0.5766733896966105
BTC,2026-01-19,1768780800,yes,-0.05162058965526162,-5.188654789703184,1,0.16900000000000004,0.22341364817919807
BTC,2026-01-20,1768781700,yes,-0.09557222010451971,-8.622066011292052,0,-0.55,-0.22291515812182
BTC,2026-01-20,1768885200,yes,-0.08748655349741319,-2.227962374832877,0,-0.47000000000000003,0.14792011806062128
BTC,2026-01-22,1769024700,no,0.04687906495269385,6.638323266132285,0,0.17999999999999994,0.05427543278049929
BTC,2026-01-24,1769190300,no,0.07955132221679348,2.9599334943753255,0,0.21399999999999997,-0.10949058737925615
BTC,2026-01-26,1769190300,no,0.042384594876122256,2.9599334943753255,0,0.36,-0.1502717125917996
BTC,2026-01-03,1767366000,no,0.041407268406480346,3.1751471405494596,0,0.121,0.17198801370807343
BTC,2026-01-04,1767486600,no,0.061813305105505284,1.6626105495094285,0,0.2749999999999999,0.3211829250393064
BTC,2026-01-07,1767722400,yes,-0.03054639808463927,-3.9949684134979373,0,-0.41000000000000003,-0.3496001802793357
BTC,2026-01-08,1767724200,no,0.03525183270279586,2.1179004596743627,0,0.51,0.3599210514476291
BTC,2026-01-09,1767734100,no,0.04817221064408084,2.8781647793477716,0,0.65,0.5106921316476355
BTC,2026-01-09,1767972600,no,0.0374652681657931,5.732099155690365,0,0.29000000000000004,0.22793361611428264
BTC,2025-11-19,1763566200,yes,-0.04464621786343548,-2.575222599950027,0,-0.125,0.24840340487433404
BTC,2025-11-21,1763566200,yes,-0.03628273561138906,-2.575222599950027,0,-0.39,0.31240236533156973
BTC,2025-11-29,1764338400,no,0.040945737223868406,2.5071412817384036,0,0.61,0.2850173250802126
BTC,2025-12-11,1765128600,no,0.03434878506846953,3.1426857924974483,0,0.29000000000000004,0.22941377089931508
BTC,2025-12-11,1765398600,no,0.05982936403384659,2.799798672663993,0,0.47,-0.1530302332677288
BTC,2025-12-12,1765393200,no,0.05787241689952438,1.9295896519051692,0,0.4099999999999999,0.16926115333933112
BTC,2025-12-13,1765492200,yes,-0.03717128683140952,-2.3657819837010234,0,-0.24000000000000002,0.049905870044023276
BTC,2025-12-08,1765128600,no,0.031049435061128235,3.1426857924974483,0,0.10799999999999998,0.050690467911337696
BTC,2025-12-09,1765296000,no,0.06257112107470711,5.290813171091646,1,-0.927,-0.9043143895638106
BTC,2026-01-10,1767734100,no,0.062314973985644284,2.8781647793477716,0,0.45999999999999996,0.2549459865401748
BTC,2026-01-11,1767734100,no,0.0555800053873049,2.8781647793477716,0,0.47,0.3160357882998772
BTC,2026-01-13,1767973500,no,0.04497540494080145,4.215273228043445,0,0.21999999999999997,0.4018015128552469
BTC,2026-01-13,1768315500,no,0.04209411495637062,2.610427499016439,0,0.07000000000000006,0.10183938232271164
BTC,2026-01-16,1768578300,yes,-0.050148183436546145,-3.527259376233866,1,0.15000000000000002,0.03757010970934668
BTC,2026-01-19,1768780800,yes,-0.19627458766877542,-5.188654789703184,0,-0.42,-0.3315824909120497
BTC,2026-01-21,1768781700,yes,-0.10144796395210087,-8.622066011292052,0,-0.31,0.20914709989415908
BTC,2026-01-06,1767708900,no,0.04366068802374318,1.8335088693183237,0,0.62,-0.20214415929319918
BTC,2026-01-07,1767714300,yes,-0.03127575405846528,-1.9907128088268218,0,-0.39,0.018805472744716
BTC,2026-01-08,1767714300,yes,-0.03521783931995576,-1.9907128088268218,0,-0.41000000000000003,-0.06284062347918024
BTC,2025-11-18,1763058600,yes,-0.030992479984722876,-2.099892007331284,0,-0.84,-0.568937230154479
BTC,2025-11-18,1763388000,yes,-0.0316981008546513,-2.3923076265232828,0,-0.521,-0.45837835968495144
BTC,2025-11-18,1763479800,no,0.037760251605108576,4.117900648473513,0,0.11099999999999999,0.2039647273099072
BTC,2025-11-21,1763647200,yes,-0.05162657739435844,-2.6353207624078183,0,-0.15000000000000002,0.52021041627563
BTC,2025-11-22,1763647200,yes,-0.0470217506761714,-2.6353207624078183,0,-0.22,0.41895926033458375
BTC,2025-11-23,1763647200,yes,-0.03948390999028184,-2.6353207624078183,0,-0.23,0.19108624080243694
BTC,2025-12-10,1765128600,no,0.03531705270164086,3.1426857924974483,0,0.14,0.20184965993821222
BTC,2025-12-10,1765296900,no,0.032001983523296265,4.292779762569093,0,0.19999999999999996,0.07371238335862376
BTC,2025-12-11,1765296000,no,0.035110308437270296,5.290813171091646,0,0.22999999999999998,0.01307612656131929
BTC,2025-12-12,1765393200,no,0.03641851441528776,1.9295896519051692,0,0.22999999999999998,0.0638239565424952
BTC,2026-01-11,1767734100,no,0.04515333906264321,2.8781647793477716,0,0.29000000000000004,0.16349122273029884
BTC,2026-01-12,1767734100,no,0.0419026247291944,2.8781647793477716,0,0.31000000000000005,0.26161009432206644
BTC,2026-01-15,1768401900,no,0.032345625833371694,1.6824939754805406,1,-0.51,-0.33020759327806826
BTC,2026-01-21,1768780800,yes,-0.11322384201032817,-5.188654789703184,0,-0.21000000000000002,0.3821067916144782
BTC,2026-01-22,1768782600,yes,-0.1848663812761629,-3.9797479384115553,0,-0.18000000000000002,0.07983067540543623
BTC,2026-01-08,1767734100,no,0.05642283663349271,2.8781647793477716,0,0.18500000000000005,0.0285596666939463
BTC,2026-01-14,1768403700,no,0.05197739637025656,3.630828818494682,0,0.12,0.17050652263165042
BTC,2026-01-16,1768347000,yes,-0.030694021900084467,-1.9709362176889575,0,-0.202,-0.15300584374176385
ETH,2026-02-12,1770333300,no,0.0718076557136893,1.8257356657309358,1,-0.07000000000000006,-0.06686168616897728
ETH,2026-02-25,1771945200,no,0.0352826858348243,1.6736224922551195,1,-0.06500000000000006,0.2635927356695292
ETH,2026-03-05,1772261100,yes,-0.033386074524735077,-4.178684665418641,1,0.15300000000000002,-0.12795598971981342
ETH,2026-04-01,1774826100,no,0.031612028577692075,3.0981526809307325,1,-0.08199999999999996,0.08796007386059124
ETH,2026-02-10,1770317100,yes,-0.032351535458826186,-3.1892118933156377,1,0.31999999999999995,0.18638211420609038
ETH,2026-02-10,1770448500,yes,-0.03212654800000725,-4.258867988512922,1,0.08499999999999996,0.07561940500091789
ETH,2026-02-11,1770389100,no,0.03988396897645463,3.579521919481522,1,-0.15000000000000002,-0.23735506022690397
ETH,2026-02-12,1770322500,yes,-0.03026401126277123,-2.2556015163563843,1,0.36,0.38082744455700385
ETH,2026-02-12,1770476400,yes,-0.05345983189957737,-1.6334321093175577,1,0.15000000000000002,0.27974331667012764
ETH,2026-02-13,1770821100,yes,-0.030136599852923163,-2.7181715538226303,1,0.12,-0.008368808285593748
ETH,2026-02-14,1770821100,yes,-0.03047331088316929,-2.7181715538226303,1,0.12,-0.048014283488447634
ETH,2026-02-19,1771339500,yes,-0.03155369042276768,-3.349191308886128,1,0.07599999999999996,0.1275338210744503
ETH,2026-02-23,1771810200,yes,-0.03244511105834891,-4.674464195718202,1,0.14400000000000002,0.1024047261778337
ETH,2026-02-24,1771810200,yes,-0.04940321992292074,-4.674464195718202,1,0.25,0.3008320681461348
ETH,2026-02-26,1771810200,yes,-0.04377270608251327,-4.674464195718202,1,0.32999999999999996,0.06043959769005475
ETH,2026-02-28,1772261100,yes,-0.04007994021366157,-4.178684665418641,1,0.08999999999999997,-0.00020492583397213604
ETH,2026-02-08,1770304500,yes,-0.04270181938072326,-5.603983159765994,1,0.16900000000000004,0.06438879610653335
ETH,2026-03-01,1772261100,yes,-0.04079029245618737,-4.178684665418641,1,0.18999999999999995,-0.14749656982037368
ETH,2026-03-03,1772261100,yes,-0.033261971363097276,-4.178684665418641,1,0.29900000000000004,0.007954229819196024
ETH,2026-03-03,1772403300,no,0.03083336525563729,1.8091829226984588,1,-0.09199999999999997,-0.03580479581479222
ETH,2026-03-04,1772304300,no,0.06613316596501828,2.203659025587166,1,-0.17500000000000004,0.1926730464065925
ETH,2026-04-01,1774824300,yes,-0.03373527912174812,-3.8254738851181616,1,0.31999999999999995,-0.11238937737169952
ETH,2026-04-02,1774826100,no,0.03983813627199917,3.0981526809307325,1,-0.26,-0.10566140140416802
ETH,2026-02-10,1770223500,yes,-0.04995947649672572,-2.157530776431119,1,0.17200000000000004,0.27543390424768255
ETH,2026-02-10,1770649200,no,0.03485003089080807,1.8509984416321932,1,-0.07999999999999996,-0.11271760152209664
ETH,2026-02-11,1770593400,yes,-0.03180153900431393,-1.609024748339328,1,0.13,0.3603681578918398
ETH,2026-02-11,1770785100,yes,-0.037368917935669765,-1.931507477989305,1,0.136,0.32370194751559256
ETH,2026-02-12,1770466500,no,0.030679029369941824,2.5627486143453218,1,-0.20999999999999996,-0.4166383182708764
ETH,2026-02-12,1770594300,yes,-0.03349586703762908,-1.6021093799646609,1,0.15000000000000002,0.39516156421075527
ETH,2026-02-12,1770822000,yes,-0.049455489135688646,-4.062602812509395,1,0.32999999999999996,0.48000003436548655
ETH,2026-02-13,1770822000,yes,-0.030143581445554624,-4.062602812509395,1,0.39,0.04999945394734168
ETH,2026-02-14,1770822000,yes,-0.0383309574986711,-4.062602812509395,1,0.39,0.015478640180929593
ETH,2026-02-16,1770822000,yes,-0.04264899894192187,-4.062602812509395,1,0.41000000000000003,0.33842015875316545
ETH,2026-02-16,1771177500,yes,-0.06721301899865761,-2.3372616471043854,1,0.17500000000000004,0.20995334140604835
ETH,2026-02-17,1770993900,no,0.030070505787747726,2.2188597311018388,1,-0.20999999999999996,-0.2221493135657071
ETH,2026-02-18,1771177500,yes,-0.04411889884497633,-2.3372616471043854,1,0.28,0.32115698250136804
ETH,2026-02-18,1771339500,yes,-0.07572391793949684,-3.349191308886128,1,0.24,0.20602120538349017
ETH,2026-02-19,1771177500,yes,-0.041909408210665355,-2.3372616471043854,1,0.30000000000000004,0.4488827836779069
ETH,2026-02-26,1771810200,yes,-0.04755648403088086,-4.674464195718202,1,0.59,0.271141103724437
ETH,2026-02-28,1772124300,yes,-0.03236859729651709,-2.6483541575615814,1,0.15600000000000003,0.394381619864303
ETH,2026-02-28,1772213400,yes,-0.03161754290704377,-1.5338422311880202,1,0.42999999999999994,0.4841985430064047
ETH,2026-02-08,1770223500,yes,-0.06941351856652178,-2.157530776431119,1,0.14600000000000002,0.1805147145305865
ETH,2026-02-08,1770449400,yes,-0.03585746319391636,-2.0302368659548815,1,0.119,0.0022142889016708994
ETH,2026-02-09,1770223500,yes,-0.07530639947736373,-2.157530776431119,1,0.17000000000000004,0.19155779435755013
ETH,2026-03-01,1772124300,yes,-0.05025841008303078,-2.6483541575615814,1,0.19999999999999996,0.28404564784262437
ETH,2026-03-25,1774215000,yes,-0.030011255186385588,-1.6518873987502516,1,0.15500000000000003,-0.04052312278694395
ETH,2026-03-29,1774609200,yes,-0.03232510036049785,-5.107805841664438,1,0.20699999999999996,0.20419752155108728
ETH,2026-03-03,1772527500,yes,-0.03319589464698547,-2.2751080137235475,1,0.15900000000000003,0.08718669162617569
ETH,2026-03-30,1774609200,yes,-0.03278398973710728,-5.107805841664438,1,0.248,0.05783276529297848
ETH,2026-03-30,1774824300,yes,-0.0770984269848165,-3.8254738851181616,1,0.22899999999999998,-0.14238624541390743
ETH,2026-03-31,1774824300,yes,-0.06518095063586304,-3.8254738851181616,1,0.29000000000000004,0.01179718123587753
ETH,2026-03-04,1772464500,no,0.03487367755363879,5.543122733930889,1,-0.12,0.08660389121136522
ETH,2026-04-01,1774968300,yes,-0.03618805395706881,-2.0588674208127147,1,0.18999999999999995,-0.03571844714232833
ETH,2026-04-02,1774968300,yes,-0.04546705414111196,-2.0588674208127147,1,0.27,0.30246104666580653
ETH,2026-04-08,1775431800,no,0.03572482005040056,2.7082043291192783,1,-0.14,0.08977729613437557
ETH,2026-04-09,1775591100,no,0.03514834151732382,1.992436532163076,1,-0.12,0.1973232097679597
ETH,2026-02-10,1770227100,yes,-0.03502482530590545,-2.784776073024122,1,0.29000000000000004,0.43121049567659175
ETH,2026-02-10,1770649200,no,0.04076087320673616,1.8509984416321932,1,-0.31000000000000005,-0.3785886982266985
ETH,2026-02-11,1770655500,no,0.030307207033819283,3.08989979501799,0,0.8099999999999999,0.3951079257767349
ETH,2026-02-12,1770655500,no,0.031232531289311805,3.08989979501799,0,0.77,0.38481246144151005
ETH,2026-02-12,1770822000,yes,-0.03898634303906229,-4.062602812509395,0,-0.22,-0.07897637755753628
ETH,2026-02-13,1770993900,no,0.14303447145552853,2.2188597311018388,1,-0.55,0.41287541312455034
ETH,2026-02-14,1770993900,no,0.05288439707129633,2.2188597311018388,1,-0.54,0.0030987827606895335
ETH,2026-02-15,1770993900,no,0.06837378269300454,2.2188597311018388,1,-0.5,-0.39557265045954076
ETH,2026-02-16,1771177500,yes,-0.0837255111495222,-2.3372616471043854,0,-0.35000000000000003,-0.27991032186053527
ETH,2026-02-17,1771177500,yes,-0.052659210894990316,-2.3372616471043854,0,-0.38,-0.3478136905391357
ETH,2026-02-17,1771344900,no,0.08012110639711933,2.457156295576374,0,0.28400000000000003,0.12818127647419622
ETH,2026-02-18,1771177500,yes,-0.042146926755931235,-2.3372616471043854,0,-0.4,-0.34769009907876414
ETH,2026-02-19,1771177500,yes,-0.05934013057086962,-2.3372616471043854,0,-0.41000000000000003,-0.23045126423024778
ETH,2026-02-25,1772024400,no,0.04390880275106973,1.7620504405208928,1,-0.881,-0.6119287133958431
ETH,2026-02-27,1772124300,yes,-0.07592330085259447,-2.6483541575615814,0,-0.46,-0.015986134822429887
ETH,2026-02-28,1772064900,no,0.03561369968274586,1.7484788578844805,0,0.72,0.2653226820832479
ETH,2026-02-28,1772185500,yes,-0.04212815211683563,-2.0242038889752596,0,-0.59,0.05987087394577806
ETH,2026-02-28,1772288100,no,0.03050027056859277,2.2122996092186487,0,0.050000000000000044,0.05000002152369374
ETH,2026-02-07,1770290100,yes,-0.030741970587061518,-2.630444950236108,1,0.29500000000000004,0.3705076855838826
ETH,2026-02-07,1770448500,yes,-0.03794154845383768,-4.258867988512922,1,0.43799999999999994,0.16038205854384507
ETH,2026-02-08,1770290100,yes,-0.037019378805564385,-2.630444950236108,1,0.30999999999999994,0.3139808540507263
ETH,2026-02-08,1770399000,no,0.048150304102611896,2.946901079508543,1,-0.25,-0.21012757872260857
ETH,2026-02-09,1770593400,yes,-0.032071370203671457,-1.609024748339328,1,0.17000000000000004,0.15716028013961028
ETH,2026-03-01,1772024400,no,0.03072809152666034,1.7620504405208928,0,0.35,0.41293474885720405
ETH,2026-03-01,1772124300,yes,-0.04662017051477918,-2.6483541575615814,0,-0.47000000000000003,-0.3306564177064941
ETH,2026-03-01,1772330400,no,0.06555421680163737,5.618961259865218,0,0.653,0.4072058863947522
ETH,2026-03-10,1773151200,yes,-0.03263918907661412,-1.6907772604171096,1,0.14,-0.10110336016869537
ETH,2026-03-12,1773243000,yes,-0.03418257729354224,-2.0414258081611014,1,0.27,0.17811405210330689
ETH,2026-03-13,1773243000,yes,-0.030805840936560913,-2.0414258081611014,1,0.33999999999999997,0.07022238999731734
ETH,2026-03-14,1773360900,no,0.041979327872884276,2.274116999523228,1,-0.09999999999999998,-0.14209194447006307
ETH,2026-03-22,1774137600,yes,-0.03381641084357223,-5.973279068140158,1,0.09199999999999997,0.10005966704735507
ETH,2026-03-23,1773846000,yes,-0.04334470713840333,-3.2339498077509194,1,0.17000000000000004,0.24643836418272355
ETH,2026-03-23,1774137600,yes,-0.06473786677877647,-5.973279068140158,1,0.22999999999999998,0.1015703336659246
ETH,2026-03-24,1774137600,yes,-0.034697164633887834,-5.973279068140158,1,0.26,0.13532408428134032
ETH,2026-03-27,1774518300,yes,-0.03509331544628047,-3.229071711053774,0,-0.8220000000000001,-0.5415327813040128
ETH,2026-03-27,1774608300,yes,-0.03894445103268829,-2.9590431360527294,0,-0.559,-0.30472613756343203
ETH,2026-03-03,1772024400,no,0.03398394482170042,1.7620504405208928,0,0.3999999999999999,0.4695488895229685
ETH,2026-03-03,1772465400,no,0.04357258889260801,4.771615555944917,0,0.66,0.44839437483684397
ETH,2026-03-30,1774830600,no,0.032318969990629554,2.349973347298081,1,-0.41000000000000003,-0.004380832361083553
ETH,2026-03-31,1774824300,yes,-0.03318104340145245,-3.8254738851181616,1,0.6799999999999999,0.33220506306566466
ETH,2026-03-31,1774917900,no,0.04218114831202702,1.5162228570939342,1,-0.24,-0.07233978211965256
ETH,2026-03-04,1772550000,yes,-0.03746009667714478,-2.2584253422925773,1,0.75,0.05414831519768115
ETH,2026-03-05,1772611200,no,0.049847957171032076,2.516846224086845,1,-0.41000000000000003,-0.11756165097992283
ETH,2026-03-06,1772805600,yes,-0.03461404779757504,-2.6261954490140025,0,-0.63,-0.11769577100206585
ETH,2026-04-01,1774968300,yes,-0.05347729765667247,-2.0588674208127147,1,0.72,0.3861240309934684
ETH,2026-04-11,1775747700,no,0.03135177252558985,1.9300128352119992,1,-0.10999999999999999,0.06847261794047982
ETH,2026-04-13,1776031200,yes,-0.0359022975177663,-1.5107732490101948,1,0.06999999999999995,0.07208127180338515
ETH,2026-04-16,1776031200,yes,-0.03449094629091054,-1.5107732490101948,1,0.25,0.0010515501043189268
ETH,2026-04-02,1774968300,yes,-0.0314175423333492,-2.0588674208127147,0,-0.34,-0.29993108193148554
ETH,2026-04-02,1775092500,yes,-0.0381644668899811,-1.716069131481054,0,-0.71,-0.2822794339418918
ETH,2026-04-06,1775430900,no,0.06401157608274055,3.6286804338270904,1,-0.43000000000000005,0.02596853241003677
ETH,2026-04-07,1775430900,no,0.03249583655654198,3.6286804338270904,0,0.55,0.4780862621639897
ETH,2026-04-07,1775558700,yes,-0.032712105789671986,-2.1827168883614707,0,-0.49,-0.24233499139773323
ETH,2026-04-08,1775591100,no,0.0697263663272934,1.992436532163076,1,-0.44999999999999996,0.2461323671978375
ETH,2026-04-09,1775591100,no,0.04937349685390263,1.992436532163076,1,-0.44000000000000006,0.07825111351901026
ETH,2026-02-10,1770655500,no,0.07869864971166518,3.08989979501799,0,0.49,0.24334335342989943
ETH,2026-02-11,1770655500,no,0.05595636484186789,3.08989979501799,0,0.5,-0.020339922336962357
ETH,2026-02-12,1770449400,yes,-0.03282721412982209,-2.0302368659548815,0,-0.34,-0.11718118660369739
ETH,2026-02-12,1770655500,no,0.037405846491575134,3.08989979501799,0,0.5,0.04532371841207061
ETH,2026-02-15,1771128900,no,0.034561873417772504,2.3818714403978842,0,0.37,-0.22992446998462324
ETH,2026-02-18,1770993900,no,0.03127523569711943,2.2188597311018388,0,0.24,0.21374504789592566
ETH,2026-02-26,1772056800,no,0.06757731584552384,3.322034366521393,0,0.568,-0.02584194837488296
ETH,2026-02-27,1772117100,yes,-0.05290679467092324,-1.5951467738892438,0,-0.261,0.30410471964896824
ETH,2026-02-07,1770151500,no,0.0397724267110785,8.118231081471796,0,0.88,0.5673481642852263
ETH,2026-02-07,1770248700,no,0.030330229265042252,1.7862674198121475,0,0.67,0.4439288092398624
ETH,2026-02-07,1770390900,yes,-0.03309353492933913,-2.2141019965497564,0,-0.09,-0.23426880918372592
ETH,2026-02-08,1770151500,no,0.033265705019553726,8.118231081471796,0,0.86,0.5996045967486971
ETH,2026-02-08,1770540300,no,0.07915226944151482,1.864665746449044,0,0.61,0.46956123922059606
ETH,2026-02-09,1770150600,no,0.044082657042287865,4.66414029708385,0,0.8099999999999999,0.602948116060875
ETH,2026-02-09,1770593400,yes,-0.035799825078939584,-1.609024748339328,0,-0.45,-0.4722874797238241
ETH,2026-03-01,1772373600,no,0.04176885323652268,3.1719341851005196,0,0.05800000000000005,0.051132330305696666
ETH,2026-03-10,1773154800,no,0.12553109969155615,4.322620279042101,0,0.17900000000000005,0.2096912155921059
ETH,2026-03-11,1773235800,no,0.05302084645947351,2.1706952318595376,0,0.08599999999999997,0.09183174606694931
ETH,2026-03-13,1773360900,no,0.12176720524125828,2.274116999523228,1,-0.44000000000000006,-0.16089556655785603
ETH,2026-03-14,1773423900,yes,-0.04152546745653829,-2.7405518704063185,0,-0.53,-0.3103206643812326
ETH,2026-03-19,1773935100,yes,-0.08413037188070793,-2.3289339329190537,1,0.39,-0.07213741638570625
ETH,2026-03-21,1773846000,yes,-0.0322542535901692,-3.2339498077509194,1,0.28,0.36295622268920685
ETH,2026-03-22,1773846000,yes,-0.03329611128936205,-3.2339498077509194,0,-0.71,-0.4824899089825482
ETH,2026-03-22,1774137600,yes,-0.09786931916316627,-5.973279068140158,0,-0.3,-0.2771079372504843
ETH,2026-03-24,1774218600,no,0.03512210985411307,2.1847359732961347,1,-0.63,-0.3919145999063806
ETH,2026-03-25,1774266300,yes,-0.03176642199927082,-2.433967894147773,1,0.33999999999999997,0.32436454953622545
ETH,2026-03-26,1774504800,yes,-0.032287706710278585,-2.092616497237956,0,-0.64,-0.2418166100964072
ETH,2026-03-03,1772124300,yes,-0.03199756814945187,-2.6483541575615814,0,-0.23,-0.16055152139512108
ETH,2026-03-31,1774966500,no,0.035045310133686086,1.6169160466620076,0,0.21399999999999997,-0.028242606166733575
ETH,2026-03-04,1772634600,no,0.09959745740014667,1.9521702535341996,1,-0.5700000000000001,0.054797247640109736
ETH,2026-03-05,1772634600,no,0.047606719251272245,1.9521702535341996,0,0.44999999999999996,0.4574252369282826
ETH,2026-04-10,1775658600,yes,-0.036036339604412104,-1.6371989042222934,1,0.42999999999999994,0.43260892421115976
ETH,2026-04-10,1775747700,no,0.044870051040966696,1.9300128352119992,1,-0.54,-0.2932927263932109
ETH,2026-04-11,1775658600,yes,-0.03136272865136147,-1.6371989042222934,1,0.43999999999999995,0.3657396208671572
ETH,2026-04-11,1775747700,no,0.05060329278305853,1.9300128352119992,1,-0.51,-0.22096523561943154
ETH,2026-04-12,1775747700,no,0.04996169722376126,1.9300128352119992,0,0.49,0.4885182370346537
ETH,2026-04-13,1775658600,yes,-0.0329894549400912,-1.6371989042222934,1,0.45999999999999996,0.49910266288361366
ETH,2026-04-13,1775747700,no,0.03917708663748065,1.9300128352119992,1,-0.51,-0.43129488215269
ETH,2026-04-13,1776031200,yes,-0.07375081573464082,-1.5107732490101948,1,0.5,0.5069372597039267
ETH,2026-04-14,1775747700,no,0.034346830054181765,1.9300128352119992,1,-0.51,-0.03507695359458812
ETH,2026-04-16,1776031200,yes,-0.04696862568777993,-1.5107732490101948,1,0.52,0.19350549627728586
ETH,2026-04-20,1776636000,yes,-0.05806403131769877,-2.8657295965342424,1,0.22599999999999998,0.11832518362698338
ETH,2026-04-21,1776636000,yes,-0.04942084792345591,-2.8657295965342424,1,0.29700000000000004,0.19420425754632997
ETH,2026-04-30,1777487400,yes,-0.03915612595226903,-6.461123823750921,1,0.33999999999999997,0.15090737275592594
ETH,2026-04-08,1775658600,yes,-0.04513494509165672,-1.6371989042222934,1,0.15200000000000002,0.22933072699721885
ETH,2026-04-09,1775658600,yes,-0.03785676992265874,-1.6371989042222934,1,0.4,0.41305239424041706
ETH,2026-04-09,1775747700,no,0.20881154539924882,1.9300128352119992,1,-0.6839999999999999,-0.1510688115906741
ETH,2026-02-10,1770655500,no,0.03368175139247044,3.08989979501799,0,0.13,0.019033343269124522
ETH,2026-02-11,1770655500,no,0.03264170442143882,3.08989979501799,0,0.20999999999999996,-0.1365763323841196
ETH,2026-02-06,1770137100,yes,-0.04037397218147121,-2.7825096924949038,0,-0.582,-0.06090429964054034
ETH,2026-03-16,1773614700,no,0.03898610923871612,4.272204667089838,1,-0.62,-0.11367220188687366
ETH,2026-03-18,1773833400,yes,-0.03461189403450271,-2.5904424194313895,0,-0.918,-0.8420586268087754
ETH,2026-03-19,1773833400,yes,-0.036322260922939886,-2.5904424194313895,0,-0.79,-0.32256269777632374
ETH,2026-03-22,1773846000,yes,-0.03294173011235518,-3.2339498077509194,0,-0.44,-0.17255698372723494
ETH,2026-03-23,1774265400,no,0.11776207046676324,10.541873499204685,0,0.34099999999999997,0.07618229853736791
ETH,2026-03-24,1774266300,yes,-0.05358927171057831,-2.433967894147773,0,-0.32,-0.24548868029458826
ETH,2026-03-25,1774384200,no,0.03159136899083716,2.200969122960338,0,0.18999999999999995,0.2676494636831665
ETH,2026-03-26,1774266300,yes,-0.04652101929007929,-2.433967894147773,0,-0.37,-0.15771487532554193
ETH,2026-03-04,1772638200,no,0.04788117778626527,2.844345629656266,0,0.07799999999999996,0.08006374866660396
ETH,2026-05-01,1777516200,yes,-0.0526731177857821,-2.4916335781279253,1,0.22999999999999998,0.05712807955986737
ETH,2026-05-02,1777516200,yes,-0.045221331199278736,-2.4916335781279253,1,0.27,0.11619400365308946
ETH,2026-05-05,1777516200,yes,-0.03097820125559836,-2.4916335781279253,1,0.35,0.04943519058458301
ETH,2026-04-14,1776118500,no,0.037037648341862184,4.128729823917477,1,-0.5,-0.06880953080077501
ETH,2026-04-16,1776348000,yes,-0.06464898006830777,-4.338994144751502,1,0.45999999999999996,-0.08167470634328655
ETH,2026-04-17,1776178800,yes,-0.03485782107372615,-5.2657741339354525,1,0.35,0.12184682979185674
ETH,2026-04-17,1776294900,yes,-0.0349692112678347,-1.9700187104113784,1,0.29000000000000004,0.018277506513284025
ETH,2026-04-20,1776636000,yes,-0.06895372997885746,-2.8657295965342424,1,0.71,0.5379947166491929
ETH,2026-04-21,1776636000,yes,-0.05289831339503642,-2.8657295965342424,1,0.6499999999999999,0.5207213623106894
ETH,2026-04-23,1776835800,no,0.03292372976678137,3.495904293447673,1,-0.12,-0.27361784425605684
ETH,2026-04-24,1776835800,no,0.03095205158116654,3.495904293447673,1,-0.19000000000000006,-0.35629977956099235
ETH,2026-04-27,1777266900,yes,-0.03999511066631356,-3.4696804380955206,0,-0.904,-0.5779543940955598
ETH,2026-04-28,1777266900,yes,-0.03504336285183163,-3.4696804380955206,0,-0.78,-0.46859342213262123
ETH,2026-04-29,1777266900,yes,-0.03635798299086712,-3.4696804380955206,0,-0.7,-0.4016937859882318
ETH,2026-04-29,1777465800,yes,-0.0336666372440676,-2.0788607231531238,0,-0.68,-0.051954675185532095
ETH,2026-04-30,1777266900,yes,-0.05006038177645444,-3.4696804380955206,0,-0.67,-0.3957211038124216
ETH,2026-04-30,1777516200,yes,-0.07059796531388396,-2.4916335781279253,0,-0.12,-0.13585287988167458
ETH,2026-04-08,1775602800,no,0.0342629878681643,6.201153429418257,0,0.18999999999999995,0.17810812589455738
ETH,2026-02-10,1770338700,no,0.04149091748807829,7.834915318567066,0,0.09999999999999998,0.16122933930168679
ETH,2026-02-10,1770540300,no,0.0344923363405648,1.864665746449044,0,0.123,0.016096431571060235
ETH,2026-02-05,1769869800,yes,-0.04768242989735816,-8.359315133258455,0,-0.865,-0.23560301107306136
ETH,2026-02-05,1769960700,yes,-0.052906098300240956,-3.380552982744324,0,-0.507,0.14095075010916114
ETH,2026-02-05,1770150600,no,0.043695359839943715,4.66414029708385,0,0.42999999999999994,-0.24831268684399177
ETH,2026-03-16,1773615600,no,0.03976706091984705,4.544015988803771,0,0.10199999999999998,0.2602045029282016
ETH,2026-03-17,1773671400,yes,-0.05833815120891339,-1.7320249481531167,1,0.6539999999999999,0.5051331512676787
ETH,2026-03-18,1773707400,no,0.04569110674019161,1.5571582254154144,0,0.7,0.18846641085773008
ETH,2026-03-18,1773830700,yes,-0.031623387513746715,-1.523882916199885,0,-0.6,0.5772312526192659
ETH,2026-03-19,1773631800,no,0.03260284726387269,4.314452578658002,0,0.30000000000000004,0.12593852365108357
ETH,2026-03-19,1773833400,yes,-0.05586436133709016,-2.5904424194313895,0,-0.42,0.32130363852539495
ETH,2026-03-20,1773837000,yes,-0.03161248001977818,-1.6862856977668688,0,-0.34,0.03736323799845981
ETH,2026-03-24,1773833400,yes,-0.03239456698987986,-2.5904424194313895,0,-0.45,-0.1430596597247617
ETH,2026-03-29,1774385100,no,0.036578824520609815,2.390206845594805,0,0.18999999999999995,-0.06448990808378152
ETH,2026-05-11,1778445900,yes,-0.040361252853796215,-2.749619235696176,1,0.27,0.2928730402688331
ETH,2026-05-12,1778445900,yes,-0.03145329589247836,-2.749619235696176,0,-0.68,-0.3354176329629155
ETH,2026-05-15,1778770800,no,0.03606046371759264,3.381567066182628,0,0.41999999999999993,-0.008594538271239516
ETH,2026-05-04,1777889700,yes,-0.0698842107092078,-5.20385404352072,1,0.239,0.0419586855204753
ETH,2026-05-05,1777516200,yes,-0.042287002904591364,-2.4916335781279253,1,0.6599999999999999,0.3353924421484803
ETH,2026-05-05,1777905900,no,0.030202256152186635,1.7690382592358744,1,-0.16000000000000003,-0.031851278458049165
ETH,2026-05-08,1778220000,yes,-0.06523563112428243,-1.6123546391372658,0,-0.2,-0.3639321615174343
ETH,2026-05-09,1778261400,no,0.07250032497528519,2.0828552146947286,1,-0.4,-0.23879268448654487
ETH,2026-04-13,1775934000,no,0.03326726311149397,4.246863714141807,0,0.18300000000000005,-0.06626130931108226
ETH,2026-04-14,1775603700,no,0.05624658994165939,4.6332541787459585,0,0.21199999999999997,0.389008790532262
ETH,2026-04-14,1776119400,no,0.044843090986361245,7.417886273851562,0,0.15100000000000002,0.27626610924489053
ETH,2026-04-15,1776177000,no,0.08072917406922903,1.595054143931623,0,0.527,0.2359866905887575
ETH,2026-04-16,1776177000,no,0.045124571942349645,1.595054143931623,0,0.492,0.3158354754100953
ETH,2026-04-16,1776294900,yes,-0.052787808739621134,-1.9700187104113784,0,-0.20500000000000002,-0.12077010643638102
ETH,2026-04-17,1776294900,yes,-0.04238542942093104,-1.9700187104113784,1,0.69,0.39916288084923235
ETH,2026-04-18,1776294900,yes,-0.04405749427796424,-1.9700187104113784,0,-0.32,-0.32383673927475504
ETH,2026-04-22,1776835800,no,0.11953199676179313,3.495904293447673,1,-0.51,-0.3666367946729971
ETH,2026-04-23,1776835800,no,0.05323828081926951,3.495904293447673,0,0.51,0.2654274358492626
ETH,2026-04-24,1776835800,no,0.04114062932515972,3.495904293447673,0,0.5,0.2812970655037156
ETH,2026-04-26,1776835800,no,0.04699236008063973,3.495904293447673,0,0.51,0.40892649715222096
ETH,2026-04-27,1777230900,no,0.04684231636199951,1.5611753973644462,0,0.33999999999999997,-0.1845622592845778
ETH,2026-02-01,1769870700,yes,-0.04988964181947708,-6.665070683402829,0,-0.86,-0.4138120033382738
ETH,2026-02-02,1769869800,yes,-0.05390274087856084,-8.359315133258455,0,-0.825,-0.5060991262311085
ETH,2026-02-02,1770025500,no,0.04752684408045534,4.340222791830282,0,0.14,0.25044544059374585
ETH,2026-02-08,1770150600,no,0.03346924750634944,4.66414029708385,0,0.28,0.03716423634703306
ETH,2026-03-17,1773707400,no,0.05179920414783298,1.5571582254154144,0,0.30000000000000004,0.13528837802303395
ETH,2026-03-19,1773631800,no,0.04013791912512142,4.314452578658002,0,0.14,0.039140910939373316
ETH,2026-05-11,1778453100,no,0.03186487072152086,3.4963314766627773,0,0.28,0.05712469370812695
ETH,2026-05-12,1778458500,yes,-0.03795417745133578,-2.9730211209388653,0,-0.25,0.23029879557453076
ETH,2026-05-06,1777861800,no,0.03801374881426528,2.1425370178481056,0,0.39,0.3691905155494869
ETH,2026-05-06,1778075100,yes,-0.06328002069519234,-1.933187012368348,0,-0.11,0.09227107425652055
ETH,2026-04-17,1776431700,no,0.03010349099644118,4.346584192338488,0,0.04700000000000004,0.05510778743094569
ETH,2026-04-19,1776432600,no,0.04382311694753821,3.0682872245379107,0,0.17999999999999994,-0.01770266855737715
ETH,2026-04-20,1776431700,no,0.035534445792091515,4.346584192338488,0,0.21999999999999997,-0.02258935425303657
ETH,2026-02-01,1769869800,yes,-0.03496484391618715,-8.359315133258455,0,-0.641,0.29337169457512746
ETH,2026-01-31,1769869800,yes,-0.08600183354389901,-8.359315133258455,0,-0.775,-0.46308224832825484
ETH,2026-04-20,1776431700,no,0.03263203474164814,4.346584192338488,0,0.06600000000000006,-0.03847636304862048
ETH,2026-04-23,1776432600,no,0.036512391807729236,3.0682872245379107,0,0.16999999999999993,0.07967017579111246
ETH,2026-02-01,1769796900,yes,-0.05771409089846524,-2.9165207946843847,0,-0.838,0.17723643117406318
ETH,2026-02-02,1769796900,yes,-0.0377990958156188,-2.9165207946843847,0,-0.79,0.019056598218220477
ETH,2026-02-03,1769796900,yes,-0.034121619954778026,-2.9165207946843847,0,-0.755,0.2756276793883251
ETH,2026-02-04,1769796900,yes,-0.031010186828378417,-2.9165207946843847,0,-0.736,0.4437148962241877
ETH,2026-01-30,1769754600,yes,-0.04457944252874724,-2.0415913392393343,1,0.10299999999999998,0.10755022725419083
ETH,2026-01-31,1769742000,no,0.03119090318204576,1.5597795256657003,0,0.9,0.4425165086174393
ETH,2025-11-24,1763711100,yes,-0.042774916741652014,-2.994290863691502,1,0.30299999999999994,0.11493769293353323
ETH,2025-12-02,1764549900,yes,-0.03321982243492949,-3.5093861767608603,1,0.16600000000000004,-0.035385984599913184
ETH,2025-12-20,1766078100,yes,-0.03241816653025309,-6.895513295305168,1,0.14,-0.04461608688502258
ETH,2025-12-03,1764549000,yes,-0.049111500072725245,-6.561284572326846,1,0.16000000000000003,-0.07856521301907535
ETH,2026-02-01,1769711400,yes,-0.050568398503776035,-3.9838354072927875,0,-0.77,0.4091674925984432
ETH,2026-02-02,1769711400,yes,-0.056549080623030656,-3.9838354072927875,0,-0.73,0.2340861553757485
ETH,2026-02-03,1769711400,yes,-0.04364192780674059,-3.9838354072927875,0,-0.711,0.462520604268574
ETH,2026-02-04,1769715000,no,0.038827430674692076,3.2256782542761377,0,0.74,-0.585966593015536
ETH,2026-01-30,1769715000,no,0.06987351224448424,3.2256782542761377,1,-0.133,-0.31058849361325114
ETH,2026-01-31,1769711400,yes,-0.05567010649064952,-3.9838354072927875,0,-0.767,-0.019601969011042164
ETH,2026-01-31,1769800500,no,0.043646795100922176,2.52420429708326,0,0.76,-0.40063334288142904
ETH,2025-11-21,1763713800,no,0.035390372104950996,1.6124288629544847,1,-0.32999999999999996,-0.24088229926083438
ETH,2025-11-22,1763744400,no,0.07564802618734479,2.7721529350913605,1,-0.281,-0.30402094487826
ETH,2025-12-01,1764549000,yes,-0.036897938268966146,-6.561284572326846,0,-0.811,-0.39321496782856674
ETH,2025-12-10,1765128600,no,0.030274403000823624,4.548847827731915,1,-0.07000000000000006,0.10389855590732155
ETH,2025-12-19,1765984500,no,0.03220572294745805,7.296688627000462,1,-0.07999999999999996,-0.13528044604683437
ETH,2025-12-02,1764548100,yes,-0.03812365779925597,-5.091245891054706,1,0.21999999999999997,0.04599253914529658
ETH,2025-12-20,1766078100,yes,-0.06593101176032024,-6.895513295305168,1,0.38,0.07742873585509163
ETH,2025-12-21,1765982700,yes,-0.03697670903470973,-2.080458367269934,1,0.27,0.17915358605068382
ETH,2025-12-21,1766079000,yes,-0.03979123358734582,-7.52141015049979,1,0.45999999999999996,0.0936718209621028
ETH,2025-12-03,1764549000,yes,-0.04917883978036841,-6.561284572326846,1,0.31999999999999995,-0.0584861040059208
ETH,2025-12-03,1764686700,no,0.043359241904279755,2.6960128598208857,1,-0.14,0.38154757540534856
ETH,2025-12-04,1764549000,yes,-0.03569568836841064,-6.561284572326846,1,0.35,-0.11498877887519349
ETH,2026-02-01,1769698800,yes,-0.032897446916602235,-4.395422970175844,0,-0.75,0.9216157289836042
ETH,2026-02-02,1769698800,yes,-0.033100162413377654,-4.395422970175844,0,-0.72,0.6392158240604604
ETH,2026-02-04,1769715000,no,0.0370371249786135,3.2256782542761377,0,0.52,-0.959830651085684
ETH,2026-01-22,1769015700,yes,-0.044137154218223174,-2.9475637966501296,1,0.20999999999999996,-0.0022361103753463507
ETH,2026-01-24,1769005800,no,0.03055172068314549,5.389397741090553,1,-0.10699999999999998,-0.1291604426312398
ETH,2026-01-25,1769005800,no,0.03692717232938503,5.389397741090553,1,-0.122,-0.2303245556599512
ETH,2026-01-26,1769370300,yes,-0.030597815356932845,-2.8989376488059233,1,0.399,0.09042540616930045
ETH,2026-01-27,1769357700,yes,-0.04414980178787309,-3.175597806384767,1,0.21999999999999997,0.04171683755844291
ETH,2026-01-28,1769357700,yes,-0.030468089374789842,-3.175597806384767,1,0.20999999999999996,0.02221204377994543
ETH,2026-01-30,1769698800,yes,-0.03695501658622924,-4.395422970175844,0,-0.794,-0.30243544181017235
ETH,2026-01-31,1769711400,yes,-0.0693723030025244,-3.9838354072927875,0,-0.444,0.701755657101431
ETH,2025-11-21,1763567100,yes,-0.03497544325169444,-5.318919751368407,0,-0.83,-0.5290375503108169
ETH,2025-11-21,1763729100,no,0.03446722649446657,3.610178776359381,0,0.25,0.3571859823650908
ETH,2025-11-22,1763567100,yes,-0.04909659805051858,-5.318919751368407,0,-0.8200000000000001,-0.5159097954489928
ETH,2025-12-17,1765811700,yes,-0.03289237006923529,-5.834117548320375,0,-0.78,-0.48198576806958404
ETH,2025-12-17,1765910700,no,0.03266872994932457,1.674453400206413,0,0.75,0.45786177591796584
ETH,2025-12-18,1765810800,yes,-0.03015299398468363,-6.085566953765185,1,0.24,0.4101035909326772
ETH,2025-12-18,1765984500,no,0.04916285280892296,7.296688627000462,1,-0.14,-0.3054606599441427
ETH,2025-12-19,1766078100,yes,-0.04363806347113658,-6.895513295305168,1,0.71,0.3514727698230086
ETH,2025-12-02,1764602100,yes,-0.03146916675799255,-2.1268929463977404,1,0.84,0.3596522243770738
ETH,2025-12-20,1765982700,yes,-0.04395678982212159,-2.080458367269934,1,0.45999999999999996,0.34593571357079267
ETH,2025-12-26,1766703600,yes,-0.049874420215912596,-1.5261682563762349,1,0.39,0.451464037997061
ETH,2025-12-27,1766760300,yes,-0.03464797425602517,-2.1901659472767463,1,0.22999999999999998,0.3751297142739679
ETH,2025-12-28,1766715300,no,0.032339318232355474,3.502798830583784,1,-0.25,-0.282839387506604
ETH,2025-12-29,1766972700,no,0.04021032856682216,1.8873342838440808,1,-0.09999999999999998,-0.22569175629694285
ETH,2025-12-03,1764602100,yes,-0.04010308228091097,-2.1268929463977404,1,0.8,0.20308948836551988
ETH,2025-12-03,1764690300,no,0.03172472612470123,3.0724675918668973,1,-0.17000000000000004,0.046559400549710334
ETH,2025-12-30,1767001500,yes,-0.034898338497823755,-3.910188468221836,1,0.26,0.21655883131471065
ETH,2025-12-06,1764961200,yes,-0.047956453749635086,-2.4189055728646394,1,0.125,0.02751756013845874
ETH,2025-12-07,1764961200,yes,-0.05627551007730769,-2.4189055728646394,1,0.21599999999999997,0.15281580319041418
ETH,2025-12-07,1765117800,yes,-0.061573901092557004,-5.656758741321479,1,0.21399999999999997,-0.3589020209994045
ETH,2026-02-01,1769711400,yes,-0.03717114059828494,-3.9838354072927875,0,-0.16,1.1239107998552897
ETH,2026-02-04,1769711400,yes,-0.03318122649463795,-3.9838354072927875,0,-0.26,1.1284429287672109
ETH,2026-02-05,1769715000,no,0.03318805346490444,3.2256782542761377,0,0.32000000000000006,-1.1914879012100212
ETH,2026-01-21,1768949100,yes,-0.03368636903191524,-4.448307842228484,1,0.273,0.44693308509758745
ETH,2026-01-22,1769005800,no,0.043153339537063906,5.389397741090553,1,-0.17100000000000004,-0.2674725669600364
ETH,2026-01-22,1769093100,yes,-0.037316958320355864,-2.118123990725118,1,0.09899999999999998,0.12176204846573635
ETH,2026-01-23,1769180400,yes,-0.035590714590030825,-2.0355454151738943,1,0.31999999999999995,-0.34131298687216494
ETH,2026-01-26,1769390100,no,0.030122146686397677,3.5235414039643,1,-0.62,-0.46537702050622604
ETH,2026-01-27,1769523300,no,0.0384492817504255,2.100316164014845,1,-0.15000000000000002,0.38005404257290687
ETH,2026-01-28,1769357700,yes,-0.03307746556944635,-3.175597806384767,1,0.49,0.24338887658712027
ETH,2026-01-28,1769523300,no,0.05778091062765556,2.100316164014845,1,-0.28,0.03384866007202442
ETH,2026-01-29,1769357700,yes,-0.0317119137068167,-3.175597806384767,0,-0.51,-0.36416095997506975
ETH,2026-01-29,1769654700,yes,-0.03060370023141168,-2.3997007477695136,0,-0.861,-0.38917283692809923
ETH,2026-01-30,1769698800,yes,-0.04382893474613264,-4.395422970175844,0,-0.37,0.3645814400049501
ETH,2026-01-31,1769698800,yes,-0.04347998092375299,-4.395422970175844,0,-0.39,1.147429821828501
ETH,2025-11-21,1763567100,yes,-0.039613669694512965,-5.318919751368407,0,-0.6900000000000001,-0.23655447713923106
ETH,2025-11-21,1763729100,no,0.051878548209360456,3.610178776359381,0,0.08899999999999997,0.10099989434115926
ETH,2025-11-22,1763566200,yes,-0.0305106667494911,-2.5713877971876533,0,-0.74,-0.3073981769255979
ETH,2025-11-28,1764111600,no,0.04158146592431189,2.1733894307850203,1,-0.31000000000000005,-0.2036819263002137
ETH,2025-12-15,1765810800,yes,-0.13497152193408057,-6.085566953765185,0,-0.79,-0.5588534210091386
ETH,2025-12-16,1765810800,yes,-0.06182308438264128,-6.085566953765185,0,-0.61,-0.24304755063061367
ETH,2025-12-17,1765910700,no,0.030628146059274275,1.674453400206413,0,0.33999999999999997,0.03894044232156357
ETH,2025-12-18,1765982700,yes,-0.03769191145148415,-2.080458367269934,0,-0.21000000000000002,-0.2447404749692708
ETH,2025-12-19,1765982700,yes,-0.031074645070779228,-2.080458367269934,0,-0.28,-0.3745458154753988
ETH,2025-12-19,1766115000,no,0.03270785417545534,4.894005878428338,0,0.18799999999999994,0.34116941921060934
ETH,2025-12-23,1766457900,yes,-0.0351189660283584,-2.023106897416883,0,-0.44,-0.2295708581826343
ETH,2025-12-27,1766715300,no,0.05725625826642622,3.502798830583784,0,0.38,0.2569286518563123
ETH,2025-12-29,1767001500,yes,-0.06908023910021588,-3.910188468221836,0,-0.19,0.05256034819236491
ETH,2025-12-03,1764686700,no,0.030707571957885926,2.6960128598208857,1,-0.8109999999999999,-0.3879694926625055
ETH,2025-12-30,1766972700,no,0.054631579288878795,1.8873342838440808,0,0.43999999999999995,0.4667582266693991
ETH,2025-12-30,1767082500,no,0.09114227810072983,3.4748966256899756,0,0.49,0.45771293016185854
ETH,2025-12-31,1766972700,no,0.03957456875581877,1.8873342838440808,0,0.44999999999999996,0.4401343152310505
ETH,2025-12-31,1767192300,yes,-0.042108768610119085,-1.7341459397105747,0,-0.4,0.020172157931758805
ETH,2025-12-06,1764951300,yes,-0.03833178800921144,-3.636363737681743,1,0.256,0.287280487741069
ETH,2025-12-08,1764961200,yes,-0.044676125398091404,-2.4189055728646394,1,0.49,0.2561152579691073
ETH,2025-12-08,1765128600,no,0.03475809151154574,4.548847827731915,1,-0.14,-0.14315535008162633
ETH,2026-01-01,1767192300,yes,-0.060358237990706276,-1.7341459397105747,0,-0.45,-0.35885513448197937
ETH,2026-01-20,1768922100,yes,-0.0383674285617015,-4.716502126507772,1,0.36,0.47498848441631863
ETH,2026-01-21,1768927500,yes,-0.0415087462667274,-3.2247646819534936,0,-0.504,-0.061130166496222105
ETH,2026-01-22,1769005800,no,0.03465072430106103,5.389397741090553,0,0.475,0.3457552466187507
ETH,2026-01-23,1769026500,yes,-0.05013783265566052,-1.7850025316188038,0,-0.573,-0.3649533908847249
ETH,2026-01-23,1769150700,yes,-0.03707623588566933,-1.7168174310709972,0,-0.151,-0.20367969793547047
ETH,2026-01-24,1769026500,yes,-0.03363026174155315,-1.7850025316188038,0,-0.59,-0.39694610757917814
ETH,2026-01-24,1769192100,yes,-0.055838600958138584,-1.5515387167019798,0,-0.42,-0.2098926672169988
ETH,2026-01-25,1769195700,yes,-0.05666029605556444,-1.9259875969327218,0,-0.32,0.09787652542730918
ETH,2026-01-27,1769523300,no,0.03056054166684536,2.100316164014845,0,0.06800000000000006,0.08542601164962299
ETH,2026-01-28,1769615100,no,0.08149388560073262,2.3052702802449825,0,0.75,0.559802976988772
ETH,2026-01-30,1769523300,no,0.03428415009327107,2.100316164014845,0,0.35,-0.1801653029591701
ETH,2025-11-17,1763328600,yes,-0.04320749033687843,-1.6158151156739875,1,0.30599999999999994,0.14440154897719978
ETH,2025-11-20,1763566200,yes,-0.05413809149380544,-2.5713877971876533,0,-0.61,-0.09378790972736017
ETH,2025-11-21,1763566200,yes,-0.047649148602190716,-2.5713877971876533,0,-0.55,0.05292053279833875
ETH,2025-11-29,1764328500,yes,-0.059177839935509624,-1.6794643639196885,1,0.39,0.5259917047246516
ETH,2025-12-11,1765420200,yes,-0.030570851325166792,-1.9143926622186294,1,0.14,0.22586415675389254
ETH,2025-12-12,1765554300,yes,-0.11136126718727801,-5.732917809769042,0,-0.506,0.07564198508662767
ETH,2025-12-16,1765881900,no,0.032509585907343194,2.004288857687145,0,0.06699999999999995,0.06159879117495343
ETH,2025-12-17,1765983600,no,0.03894911332557807,2.8235566193608745,0,0.06800000000000006,0.05927212735650698
ETH,2025-12-18,1765986300,yes,-0.03202269126327548,-4.836307424874255,0,-0.09,-0.06823079895103441
ETH,2025-12-29,1766980800,no,0.03233243893730814,2.3641992578009634,0,0.22199999999999998,-0.2289924479886991
ETH,2025-12-03,1764688500,no,0.034367311076654854,3.3736547010718376,0,0.132,0.3422751709212413
ETH,2025-12-04,1764860400,yes,-0.03322271327215742,-1.6882457572874214,1,0.17000000000000004,0.031384393472478234
ETH,2026-01-01,1767192300,yes,-0.03547359472527907,-1.7341459397105747,0,-0.08,-0.040661826676819716
ETH,2026-01-10,1767890700,no,0.030863052281616565,1.556063651305257,0,0.58,0.5334407986361196
ETH,2026-01-10,1767979800,yes,-0.041894950149228394,-1.9480256386092725,0,-0.5700000000000001,-0.476200389428165
ETH,2026-01-11,1767973500,no,0.04467065237068546,3.1800130643911095,1,-0.39,-0.31436631928722114
ETH,2026-01-12,1768207500,yes,-0.030664564309001996,-3.0796341719764477,1,0.43999999999999995,0.2559686586727726
ETH,2026-01-02,1767348900,no,0.03432708245270531,1.7478521573030028,1,-0.78,-0.3291947688180598
ETH,2026-01-20,1768885200,yes,-0.03871128083612074,-2.407367948143396,0,-0.858,-0.3346173320386244
ETH,2026-01-21,1768885200,yes,-0.030887573001231128,-2.407367948143396,0,-0.765,0.08913071879489942
ETH,2026-01-22,1769024700,no,0.03543233794061884,9.674004725748599,0,0.251,-0.07417733759785133
ETH,2026-01-03,1767366000,no,0.0417390507050234,3.8375817458025447,1,-0.55,-0.4237051659445017
ETH,2026-01-04,1767374100,no,0.04387133711554625,2.0657390689157973,1,-0.29000000000000004,-0.28583268460211
ETH,2026-01-05,1767374100,no,0.03600353367186737,2.0657390689157973,1,-0.33999999999999997,-0.20642603748076285
ETH,2026-01-08,1767853800,yes,-0.05079997633321287,-2.2737703191689773,1,0.36,0.3361009611213864
ETH,2025-11-21,1763566200,yes,-0.04270626526482563,-2.5713877971876533,0,-0.34,0.24655472428046393
ETH,2025-11-22,1763566200,yes,-0.03240788923878668,-2.5713877971876533,0,-0.37,0.1512727008399547
ETH,2025-11-23,1763570700,yes,-0.12120583750019548,-1.5754610013400745,0,-0.26,-0.04336778655500095
ETH,2025-11-28,1764337500,no,0.0442435569641926,1.6108354677680392,0,0.15000000000000002,0.005570144859776555
ETH,2025-12-11,1765296000,no,0.030058817123615245,6.323448349880529,0,0.63,0.48447011408138363
ETH,2025-12-11,1765414800,yes,-0.030991330347688417,-1.7488483886075687,0,-0.76,-0.45504704737467244
ETH,2025-12-05,1764877500,no,0.0356956634352848,1.567834283962283,0,0.252,0.01802399075789371
ETH,2025-12-08,1765128600,no,0.05933286785907069,4.548847827731915,0,0.2889999999999999,0.2856202158338964
ETH,2026-01-12,1768184100,no,0.04582761066026078,2.0972109467374427,0,0.22999999999999998,0.17967041546359108
ETH,2026-01-13,1768315500,no,0.035532502958207084,1.5003126925980335,0,0.10999999999999999,0.20412972136933955
ETH,2026-01-19,1768780800,yes,-0.08677553635939805,-3.7255340265256534,1,0.17000000000000004,0.34903713608463616
ETH,2026-01-20,1768780800,yes,-0.09909629544857834,-3.7255340265256534,0,-0.74,0.03351411214847344
ETH,2026-01-20,1768885200,yes,-0.07093176547089575,-2.407367948143396,0,-0.22,0.9120065232118533
ETH,2026-01-21,1768780800,yes,-0.10171452989595686,-3.7255340265256534,0,-0.7,0.2442468946947558
ETH,2026-01-03,1767374100,no,0.05526736365967683,2.0657390689157973,0,0.243,0.13111432014872426
ETH,2026-01-05,1767578400,no,0.04740257151782862,1.6640442159447666,0,0.52,0.44475344245768056
ETH,2026-01-09,1767714300,yes,-0.0339275914489191,-1.753676778578027,0,-0.65,-0.3512065030735583
ETH,2025-11-16,1763090100,yes,-0.03750371445476419,-1.505398684801719,0,-0.55,-0.19141757987197294
ETH,2025-12-10,1765296000,no,0.04578165076004631,6.323448349880529,1,-0.61,-0.32315261897493197
ETH,2025-12-11,1765296000,no,0.03883538430405539,6.323448349880529,0,0.43999999999999995,0.29566793002019764
ETH,2025-12-18,1765811700,yes,-0.03135756907945039,-5.834117548320375,0,-0.06999999999999999,0.009554088855577944
ETH,2025-12-09,1765296000,no,0.16448944725325432,6.323448349880529,1,-0.8109999999999999,-0.6864543245459557
ETH,2026-01-14,1768343400,no,0.03496969188513832,8.986880415600622,1,-0.391,-0.16996452383005287
ETH,2026-01-19,1768780800,yes,-0.11414583214649066,-3.7255340265256534,0,-0.32,0.015805094378221196
ETH,2026-01-20,1768782600,yes,-0.24035825939105493,-6.291969486426787,0,-0.18000000000000002,0.31721744615325287
ETH,2026-01-21,1768782600,yes,-0.18356058043213805,-6.291969486426787,0,-0.23,0.47813545542603875
ETH,2026-01-06,1767708900,no,0.09564262924970421,3.805197416969453,0,0.35,0.10326741583293098
ETH,2026-01-07,1767714300,yes,-0.04230514260939844,-1.753676778578027,0,-0.35000000000000003,0.09737791937748291
ETH,2025-12-12,1765296000,no,0.03413521250315149,6.323448349880529,0,0.28,0.02832160232979347
ETH,2025-12-09,1765298700,no,0.031487396313284705,2.529224478333319,0,0.052000000000000046,0.05209541906988335
ETH,2026-01-14,1768343400,no,0.03694450056213189,8.986880415600622,0,0.19999999999999996,0.3412200768458191
ETH,2026-01-15,1768343400,no,0.04101752415527021,8.986880415600622,0,0.29600000000000004,0.34437289537426596
ETH,2026-01-19,1768780800,yes,-0.16193459353542325,-3.7255340265256534,0,-0.03,0.07951083598511113
ETH,2026-01-20,1768780800,yes,-0.14898694316118835,-3.7255340265256534,0,-0.09999999999999999,0.5003668979700924
ETH,2026-01-22,1768780800,yes,-0.10592726317968246,-3.7255340265256534,0,-0.21000000000000002,0.45930232641742536
ETH,2025-11-14,1763004600,no,0.03841610897626513,1.7906187243948988,0,0.66,0.11871171740524933
ETH,2025-12-10,1765299600,no,0.037335321779195185,3.6541930883842086,0,0.21499999999999997,0.18103968066618886
ETH,2026-01-21,1768780800,yes,-0.07458012755401591,-3.7255340265256534,0,-0.04,0.34148627015241695
ETH,2025-11-13,1762943400,no,0.03224543904119248,1.7821769224128872,0,0.29000000000000004,-0.17375509069559458
SOL,2026-02-01,1769878800,yes,-0.042924184190281545,-3.4297873127617633,1,0.14800000000000002,0.32431614512815765
SOL,2026-02-11,1770306300,yes,-0.04075206812818197,-3.7224533326357916,0,-0.06999999999999999,0.037769820930590364
SOL,2026-02-02,1769878800,yes,-0.05091571019396279,-3.4297873127617633,1,0.18999999999999995,0.23916069149656377
SOL,2026-02-28,1772037900,no,0.03330552119464607,2.1590508921940263,0,0.07000000000000006,-0.02787383660063468
SOL,2026-02-03,1770129900,yes,-0.04777022179687784,-2.4113485473354,1,0.19199999999999995,0.32486794160966626
SOL,2026-02-05,1770150600,no,0.06312788117363866,2.8268968618048307,0,0.5559999999999999,-0.41870829354299777
SOL,2026-02-01,1769893200,no,0.04753960803063973,3.479415986019763,0,0.139,0.13447198202656638
SOL,2026-01-31,1769738400,yes,-0.04573817615282971,-3.609046821305409,0,-0.8210000000000001,-0.40877807285800405
SOL,2025-12-18,1765988100,yes,-0.03511087867667195,-3.4709248791354765,1,0.14100000000000001,0.13579668616527169
SOL,2025-12-19,1765986300,yes,-0.04193484903521649,-5.896925679306118,1,0.12,0.22310883172938933
SOL,2025-12-19,1766074500,yes,-0.03302268205158654,-1.8243971533961232,1,0.12,0.17311973234867412
SOL,2025-12-08,1765118700,yes,-0.030567877556530343,-3.2900963657487825,1,0.06999999999999995,-0.06274218106655091
SOL,2026-01-29,1769697900,yes,-0.03049121935202892,-2.862184894885801,0,-0.797,-0.34681565191726116
SOL,2026-01-31,1769698800,yes,-0.04347358805920265,-4.453391930194142,0,-0.51,0.7057372289653043
SOL,2025-11-20,1763400600,yes,-0.03611645195266655,-1.7223930456864691,1,0.09099999999999997,0.11347424765247605
SOL,2025-12-15,1765809900,yes,-0.0576609175611269,-2.140861836651485,0,-0.84,-0.4618458628585239
SOL,2025-12-16,1765764000,no,0.040671170525028444,1.6485172116060864,0,0.59,0.40036498244978486
SOL,2025-12-16,1765895400,no,0.05735321871812518,2.7212826412972673,0,0.35,0.3192957584560045
SOL,2025-12-29,1766972700,no,0.06442303995986437,4.271004324683124,0,0.3999999999999999,-0.18464250509911218
SOL,2026-01-02,1767366000,no,0.08744153072805326,2.216767132453033,1,-0.78,-0.3829021537953564
SOL,2026-01-23,1769184000,no,0.03179396101339677,2.127959874071745,0,0.06000000000000005,0.0633907527961518
SOL,2026-01-25,1769179500,yes,-0.03672722790906427,-2.7103046350708793,0,-0.15000000000000002,0.013342001843528573
SOL,2026-01-04,1767374100,no,0.06222847082280403,2.8029340207234905,1,-0.33999999999999997,-0.0659815564452873
SOL,2026-01-05,1767370500,no,0.05004837322109196,2.053788706154038,1,-0.48,-0.1312515329962718
SOL,2026-01-06,1767619800,yes,-0.04584490448865697,-1.5047946811525503,1,0.19999999999999996,-0.03419758165982506
SOL,2026-01-07,1767574800,no,0.03107047925563422,1.8769623350894367,1,-0.19000000000000006,-0.1867370053890761
SOL,2025-12-12,1765486800,no,0.05164082374484712,2.273697711858385,0,0.24,0.019574755197021815
SOL,2026-01-12,1768143600,no,0.03045578914089153,2.145104376521002,1,-0.55,-0.20188306085676566
SOL,2026-01-06,1767641400,no,0.03847084287761421,1.7658533082614307,0,0.359,0.39542690521455726
SOL,2026-01-09,1767885300,no,0.03878448226952069,3.5696221040799436,0,0.17999999999999994,0.4092366698076593
SOL,2026-02-12,1770335100,yes,-0.04015303856114094,-4.253113312333797,1,0.12,0.12869006846729608
SOL,2026-02-06,1770328800,yes,-0.056420653250703445,-1.8889660872083862,1,0.10899999999999999,-0.027564729317393427
SOL,2026-04-12,1775596500,no,0.0400692078422068,1.6796420426665593,1,-0.27,-0.34657821479659856
SOL,2026-04-03,1775093400,yes,-0.03532971916610472,-4.169749682661541,1,0.56,0.5114640557915936
SOL,2026-04-08,1775596500,no,0.0424374915565624,1.6796420426665593,1,-0.09999999999999998,-0.04262427701391349
SOL,2026-02-11,1770660000,no,0.04389456142753312,1.7479197642175603,0,0.89,0.5925185118652364
SOL,2026-02-12,1770912900,yes,-0.07489735024766186,-3.1510311644384537,0,-0.09999999999999999,0.11829297188236472
SOL,2026-02-14,1770996600,no,0.035962140788931785,3.749945133514518,1,-0.14,0.14812734944164913
SOL,2026-02-07,1770449400,yes,-0.0390153101474594,-1.5755575062159528,1,0.08999999999999997,0.03703257833193633
SOL,2026-02-08,1770306300,yes,-0.03516248833174973,-3.7224533326357916,1,0.32499999999999996,0.2857828314398265
SOL,2026-03-01,1772193600,yes,-0.0354122521816449,-1.780696879711544,1,0.25,0.22452610767713946
SOL,2026-03-04,1772463600,no,0.04403133707495399,3.8906587148935277,1,-0.15000000000000002,0.08851993578878958
SOL,2026-04-17,1776366000,no,0.0668662003857047,4.772417569297159,0,0.38,0.5207333010136478
SOL,2026-04-19,1776366000,no,0.05052343270691609,4.772417569297159,0,0.38,0.11727362424765853
SOL,2026-04-22,1776431700,no,0.08903688149929556,3.683181742076565,0,0.49,0.3778797049746874
SOL,2026-04-23,1776434400,no,0.03329087308564521,2.8417742255849356,0,0.51,0.2583188592601941
SOL,2026-02-26,1772037000,no,0.04482880417751042,1.9668241082152502,0,0.2909999999999999,0.10873664555239468
SOL,2026-02-28,1772187300,yes,-0.06691802858244714,-1.581457840691766,0,-0.09,0.14415267838198836
SOL,2026-02-04,1770213600,yes,-0.03860565806282257,-2.414437832028377,1,0.08499999999999996,0.10017959617911158
SOL,2026-02-05,1769880600,yes,-0.0336009307409072,-4.9963194525304,0,-0.89,-0.5752355687282553
SOL,2026-02-05,1770005700,no,0.03984725866694028,2.955768709764167,0,0.868,0.47404887431378306
SOL,2026-02-05,1770212700,yes,-0.0348691514558247,-2.354593076389504,0,-0.8130000000000001,-0.308987857534346
SOL,2026-02-06,1770203700,yes,-0.05101689919282937,-1.9903652272021228,0,-0.781,-0.38233587567982696
SOL,2026-03-01,1772186400,yes,-0.10835871828072557,-1.9415653551428271,0,-0.18100000000000002,-0.03958975828957653
SOL,2026-03-01,1772332200,no,0.05741594207624555,1.945996671261214,0,0.31800000000000006,-0.18354829165403308
SOL,2026-03-17,1773361800,no,0.03441879740766807,6.934969472340437,1,-0.48,-0.267896753571061
SOL,2026-03-03,1772465400,no,0.044310612577295294,3.944558322424039,0,0.33999999999999997,0.1336699353485127
XRP,2026-02-12,1770332400,no,0.07237358444231468,3.6451720819462117,1,-0.07200000000000006,0.003716807193391486
XRP,2026-02-10,1770320700,yes,-0.20465932231380607,-3.1375557070972206,1,0.716,0.31561212368635316
XRP,2026-02-11,1770315300,yes,-0.04095430253605481,-2.1721495948550533,1,0.63,0.4202308674093102
XRP,2026-02-05,1770289200,yes,-0.03134521877854435,-4.566009927701641,0,-0.888,-0.5885898824581143
XRP,2026-02-08,1770315300,yes,-0.03326681401378512,-2.1721495948550533,1,0.646,0.19313690943996276
XRP,2026-02-08,1770466500,no,0.030614263767317462,2.6689296539081333,1,-0.07499999999999996,-0.06144378135488351
XRP,2026-04-19,1776431700,no,0.14895168888776944,4.7251866397615805,1,-0.08999999999999997,-0.22752086805634805
XRP,2026-02-10,1770327000,yes,-0.07612657915708079,-1.813414983368167,1,0.94,0.7206134837031458
XRP,2026-02-17,1771258500,no,0.03768472065845985,1.7389575710278025,1,-0.07799999999999996,-0.11414823050091003
XRP,2026-02-18,1771258500,no,0.03220109005161309,1.7389575710278025,1,-0.15300000000000002,-0.2319777776892168
XRP,2026-02-26,1772063100,yes,-0.0997099505954745,-2.383789471274204,0,-0.67,-0.4482416848602316
XRP,2026-02-28,1772186400,yes,-0.04904649975277953,-1.772472601352874,0,-0.53,-0.03517461337906169
XRP,2026-02-06,1770246000,yes,-0.09029944026198433,-3.5808438370235827,1,0.17000000000000004,0.22812842409626416
XRP,2026-02-09,1770240600,yes,-0.04349648419744301,-1.6820931161987545,1,0.18999999999999995,0.3228171639349309
XRP,2026-05-08,1778249700,no,0.03670922693603816,1.554459311487124,0,0.18999999999999995,0.3514606351805485
XRP,2026-04-17,1776432600,no,0.03186957515538545,2.200150595723623,0,0.09699999999999998,0.1399390142463486
XRP,2026-02-26,1772040600,no,0.04122013853380058,2.3790984831452016,0,0.33099999999999996,-0.10809594016824842
XRP,2026-02-05,1770246900,yes,-0.03603504885738318,-1.670081188295316,0,-0.55,0.8416049562022749
XRP,2026-03-01,1772186400,yes,-0.21569764433717553,-1.772472601352874,0,-0.09,0.007890433040691841
XRP,2026-02-11,1770285600,yes,-0.030231770326371074,-2.1811660164119218,0,-0.11,-0.023000589203195976
XRP,2026-01-31,1769869800,yes,-0.0452392367779435,-5.301596708675966,1,0.08899999999999997,0.15826965434298906
XRP,2026-02-05,1770044400,yes,-0.04103378848708894,-1.6370538547103781,0,-0.27,0.7860542032540423
XRP,2025-12-18,1765998000,yes,-0.08231785514416601,-1.5525551595666878,1,0.23099999999999998,0.037798626786028106
XRP,2026-01-01,1767215700,no,0.030783019291355185,1.5899969022333111,1,-0.19000000000000006,0.015974644413157546
XRP,2026-01-30,1769706900,no,0.03151827726608725,2.640355056314006,0,0.71,0.3529493457234288
XRP,2025-12-20,1766104200,yes,-0.39706281423537315,-1.8773543083974222,1,0.89,0.5955234883200371
XRP,2026-01-03,1767366000,no,0.09047684129218514,2.986538674249974,1,-0.35,0.2809792761073763
XRP,2026-01-05,1767366000,no,0.06294684939394346,2.986538674249974,1,-0.41000000000000003,0.6260249091546642
XRP,2025-12-23,1766104200,yes,-0.05191923754154132,-1.8773543083974222,0,-0.08,-0.18811867258406828
XRP,2025-12-10,1765296000,no,0.031240877556074853,3.3100016840073736,0,0.6,0.42513357702162613
XRP,2025-12-11,1765400400,yes,-0.031160124208487627,-2.651235084340271,0,-0.28,0.06419668091116126
XRP,2025-12-09,1765296000,no,0.08876079327771375,3.3100016840073736,1,-0.14,0.5612579382977653
XRP,2026-01-15,1768401000,no,0.03636268174538404,2.824847738970202,0,0.71,0.5007516743470881
XRP,2025-11-21,1763567100,yes,-0.048276958390627844,-3.1102323998300605,0,-0.47000000000000003,-0.08731448156538091
XRP,2026-01-05,1767625200,no,0.035634765365246575,2.753946306427101,0,0.08199999999999996,0.17124724595359828
XRP,2026-01-08,1767638700,no,0.034189549613377335,2.6371798846286545,0,0.612,0.29962497837435825
XRP,2026-01-06,1767644100,no,0.0409138478936773,6.469338508580941,0,0.627,0.42888025342169467
