asset,event,ts,side,edge,tte_d,nfill,unwound,both,ev_hedged,label
BTC,2025-12-10,1764798300,long,0.07419990740755811,6.802777777777778,1,1,0,-0.008381880652360505,0.0
BTC,2025-12-10,1764819000,short,0.05074318209222284,6.563194444444445,0,0,0,0.0,0.0
BTC,2025-12-16,1765390500,short,0.05019734026756095,5.948611111111111,0,0,0,0.0,0.0
BTC,2025-12-07,1764797400,long,0.05357941162783986,3.813194444444444,1,1,0,-0.004306628532760821,0.0
BTC,2026-01-19,1768342500,long,0.06271295094007745,5.781944444444444,0,0,0,0.0,0.0
BTC,2026-01-21,1768413600,short,0.07214317728310005,6.959027777777777,1,1,0,-0.020947265394901493,0.0
BTC,2026-01-21,1768414500,long,0.052139210789726276,6.948611111111112,1,1,0,-0.023547656446769327,0.0
BTC,2025-11-17,1763049600,long,0.05297458103473063,4.042361111111111,0,0,0,0.0,0.0
BTC,2025-11-19,1763031600,short,0.0516878531291215,6.250694444444445,0,0,0,0.0,0.0
BTC,2025-11-19,1763031600,long,0.05831214687087849,6.250694444444445,0,0,0,0.0,0.0
BTC,2025-11-19,1763118000,short,0.05232928523545477,5.250694444444445,0,0,0,0.0,0.0
BTC,2025-11-20,1763127900,short,0.05941435970528819,6.136111111111111,0,0,0,0.0,0.0
BTC,2026-01-21,1768412700,short,0.058007256102751925,6.969444444444444,1,1,0,-0.036153624831848294,0.0
BTC,2026-01-21,1768418100,long,0.050338053187317655,6.906944444444445,0,0,0,0.0,0.0
BTC,2025-11-20,1763095500,short,0.055723774736351595,6.511111111111111,1,1,0,-0.01085463022108013,0.0
BTC,2026-01-21,1768412700,long,0.056243194179061984,6.969444444444444,1,1,0,-0.01877744513352443,0.0
BTC,2025-11-18,1762974000,short,0.05120394057010835,5.917361111111111,0,0,0,0.0,0.0
BTC,2026-03-03,1772280900,short,0.0702546160137486,3.198611111111111,1,1,0,0.0025232020566126334,0.0
BTC,2026-02-26,1771814700,short,0.06134294970295617,3.5944444444444446,1,1,0,-0.0003837933760869154,0.0
BTC,2026-03-03,1771976700,short,0.06456875700213605,6.719444444444444,2,0,1,0.02049560850143961,0.0
BTC,2026-03-03,1772266500,short,0.09168371105931317,3.3652777777777776,2,0,1,-0.015817442431758588,0.0
BTC,2026-03-03,1772263800,short,0.1234759887756206,3.3965277777777776,2,0,1,-0.0056630316703961125,0.0
BTC,2026-03-03,1772279100,short,0.050118154083926725,3.2194444444444446,2,0,1,0.3929237156582567,0.0
BTC,2026-03-05,1772196300,short,0.05211430442001108,6.177777777777778,1,1,0,-0.010042277131183342,0.0
BTC,2026-02-12,1770313500,short,0.05514180110923561,6.969444444444444,1,1,0,-0.08608814238095912,0.0
BTC,2026-02-12,1770336900,long,0.10241148485881779,6.698611111111111,1,1,0,0.0021850098796786233,0.0
BTC,2026-02-12,1770426000,short,0.05419713538068749,5.667361111111111,1,1,0,-0.0011857952240254318,0.0
BTC,2026-02-19,1770918300,short,0.062178921181141544,6.969444444444444,0,0,0,0.0,0.0
BTC,2026-02-26,1771522200,short,0.05328088616275839,6.979861111111111,0,0,0,0.0,0.0
BTC,2026-02-27,1771966800,short,0.0834574687501608,2.834027777777778,2,0,1,0.31911292678051606,0.0
BTC,2026-02-28,1772262000,short,0.11301872097212762,0.41736111111111107,2,0,1,-0.11226488547165892,0.0
BTC,2026-03-03,1771966800,short,0.07195538426480341,6.834027777777778,2,0,1,0.05530775481856302,0.0
BTC,2026-03-03,1772262000,short,0.0941050606185021,3.417361111111111,1,1,0,0.05765337827599807,0.0
BTC,2026-03-03,1772262900,short,0.0795772594449694,3.4069444444444446,2,0,1,0.041103138620901314,0.0
BTC,2026-03-04,1772040600,long,0.10333800882664812,6.979861111111111,1,1,0,-0.01506663031720708,0.0
BTC,2026-03-04,1772040600,short,0.05666199117335191,6.979861111111111,1,1,0,-0.020527104546509422,0.0
BTC,2026-03-04,1772274600,short,0.0652529980907175,4.271527777777778,2,0,1,-0.09791611397657646,0.0
BTC,2026-03-05,1772269200,short,0.05778414237777563,5.334027777777778,1,1,0,-0.006130686638314623,0.0
BTC,2026-04-02,1774548000,short,0.05531466616754943,6.91736111111111,2,0,1,-0.29704635010154584,1.0
BTC,2026-04-06,1775143800,short,0.053708699914111535,4.021527777777778,2,0,1,0.07115341514705142,0.0
BTC,2026-04-08,1775061000,long,0.08878914560337892,6.979861111111111,0,0,0,0.0,0.0
BTC,2026-02-12,1770314400,short,0.053415255737236156,6.959027777777777,1,1,0,-0.04596641428481091,0.0
BTC,2026-02-12,1770323400,long,0.05867843083011648,6.854861111111111,2,0,1,-0.02980519473350933,0.0
BTC,2026-02-12,1770455700,short,0.054641762733274146,5.323611111111111,1,1,0,0.004815381792009476,0.0
BTC,2026-02-12,1770383700,short,0.05291543356912509,6.156944444444444,1,1,0,0.00902672068194163,0.0
BTC,2026-02-12,1770322500,long,0.06998607706519944,6.865277777777778,1,1,0,-0.012082483089776441,1.0
BTC,2026-02-14,1770807600,short,0.050804907093159324,3.2506944444444446,1,1,0,-0.012590836554408048,0.0
BTC,2026-02-15,1770829200,short,0.053520094207292535,4.000694444444445,2,0,1,0.0155750883289551,0.0
BTC,2026-02-15,1770794100,short,0.05651592808579586,4.406944444444444,2,0,1,0.11735623622459425,0.0
BTC,2026-02-15,1770786000,short,0.059322955084285645,4.500694444444444,1,1,0,-0.02743633755776121,0.0
BTC,2026-02-15,1770808500,short,0.06427832471945782,4.240277777777778,2,0,1,0.41092328233701425,0.0
BTC,2026-02-17,1770758100,long,0.054419972674049744,6.823611111111111,1,1,0,-0.0009578795969550271,0.0
BTC,2026-02-17,1770828300,short,0.05382968010152733,6.011111111111112,1,1,0,0.00016402929943890032,0.0
BTC,2026-02-18,1770831000,short,0.07917237168301594,6.979861111111111,1,1,0,0.030392168185832756,0.0
BTC,2026-02-19,1770918300,short,0.0783782521407177,6.969444444444444,1,1,0,-0.0032564817806349355,0.0
BTC,2026-02-25,1771440300,short,0.05492462109491569,6.927777777777777,1,1,0,-0.004818873513012278,0.0
BTC,2026-02-25,1771812900,short,0.05250493253611377,2.615277777777778,2,0,1,0.01223627614153748,0.0
BTC,2026-03-01,1772261100,short,0.056291141222439056,1.4277777777777776,2,0,1,-0.03121073492750273,0.0
BTC,2026-03-19,1773333900,long,0.06443920137142145,6.969444444444444,0,0,0,0.0,1.0
BTC,2026-03-03,1772271000,short,0.05518692294058514,3.313194444444444,2,0,1,0.05849663416601658,0.0
BTC,2026-03-03,1772275500,long,0.07272703252560708,3.261111111111111,2,0,1,-0.6890818207069207,0.0
BTC,2026-03-03,1772280000,long,0.0981479959570768,3.2090277777777776,1,1,0,0.009029217422533112,1.0
BTC,2026-03-03,1772280900,long,0.08247329921756852,3.198611111111111,1,1,0,-0.01165106935383326,1.0
BTC,2026-03-04,1772271000,short,0.07706285877908892,4.313194444444445,2,0,1,-0.015161785375556625,0.0
BTC,2026-03-05,1772271000,short,0.06159355595872784,5.313194444444444,2,0,1,0.05218578068304747,0.0
BTC,2026-03-05,1772143200,long,0.06888314769018455,6.792361111111111,0,0,0,0.0,0.0
BTC,2026-04-14,1775592000,short,0.05951246213284134,6.834027777777778,1,1,0,0.07603507741212781,0.0
BTC,2026-04-07,1774990800,short,0.05399527868604359,6.792361111111111,0,0,0,0.0,0.0
BTC,2026-04-07,1774998000,short,0.06658936343223709,6.709027777777777,1,1,0,-0.023136611087615555,0.0
BTC,2026-04-08,1775066400,short,0.05360462248697062,6.91736111111111,1,1,0,-0.024006695353399252,0.0
BTC,2026-04-08,1775062800,short,0.07182259901687316,6.959027777777777,1,1,0,-0.022884074406453882,0.0
BTC,2026-04-09,1775154600,short,0.05732616590367623,6.896527777777778,1,1,0,-0.01707629862407254,0.0
BTC,2026-02-12,1770313500,short,0.05201029693690118,6.969444444444444,1,1,0,-0.018298886445364676,0.0
BTC,2026-02-12,1770316200,long,0.05314619781300256,6.938194444444445,2,0,1,-0.05088929115214583,0.0
BTC,2026-02-12,1770475500,long,0.05246148259145822,5.094444444444445,2,0,1,-0.06175013356618547,0.0
BTC,2026-02-13,1770742800,long,0.05169605472439964,3.000694444444444,1,1,0,-0.020201999727945945,0.0
BTC,2026-02-14,1770784200,short,0.0563133811085208,3.5215277777777776,2,0,1,0.04545225387065265,0.0
BTC,2026-02-15,1770851700,short,0.05317342912326406,3.740277777777778,1,1,0,-0.0059221853599263135,0.0
BTC,2026-02-16,1770812100,short,0.0636132134936841,5.198611111111111,2,0,1,0.09584466144178339,0.0
BTC,2026-02-16,1770941700,short,0.060058426147369004,3.698611111111111,2,0,1,0.09291378581963325,0.0
BTC,2026-02-16,1770839100,short,0.05767054099190472,4.886111111111111,2,0,1,0.23593550589163081,0.0
BTC,2026-02-17,1770759000,short,0.0712666660699488,6.813194444444444,1,1,0,-0.01595704179492398,0.0
BTC,2026-02-17,1770976800,short,0.053707666634587814,4.292361111111111,1,1,0,-0.009901997325705304,0.0
BTC,2026-02-19,1770917400,short,0.06382827077500774,6.979861111111111,1,1,0,-0.012550529516654127,0.0
BTC,2026-02-22,1771456500,short,0.05194404423838084,3.740277777777778,2,0,1,0.09978339249970666,0.0
BTC,2026-02-23,1771439400,short,0.05031824710622146,4.938194444444445,1,1,0,-0.032138193515086705,0.0
BTC,2026-02-24,1771456500,short,0.05345486009937139,5.740277777777777,1,1,0,-0.009239023312274115,0.0
BTC,2026-02-25,1771434900,short,0.0565492534520039,6.990277777777777,1,1,0,-0.028585179978633732,0.0
BTC,2026-02-25,1771812900,long,0.06868214589776245,2.615277777777778,2,0,1,-0.2841740173661914,0.0
BTC,2026-02-26,1771878600,long,0.06990700325750199,2.8548611111111115,1,1,0,-0.0024749801933393045,0.0
BTC,2026-02-26,1771917300,long,0.055357822907526666,2.4069444444444446,2,0,1,0.19531340662430444,1.0
BTC,2026-02-28,1771980300,short,0.05531039312166097,3.6777777777777776,1,1,0,-0.005952245669295031,0.0
BTC,2026-03-01,1772010900,short,0.05054810782116459,4.323611111111111,2,0,1,0.1563017884385009,0.0
BTC,2026-03-01,1772262000,long,0.15831714064663505,1.417361111111111,2,0,1,-0.1953743105871173,0.0
BTC,2026-03-01,1772010000,short,0.05436812748401332,4.334027777777778,2,0,1,0.38301590395450585,0.0
BTC,2026-03-01,1772269200,long,0.07632000882292256,1.3340277777777778,2,0,1,-0.7155227393493844,0.0
BTC,2026-03-12,1772737200,short,0.0710705625246627,6.875694444444445,2,0,1,0.11755994371424186,0.0
BTC,2026-03-12,1772785800,long,0.05419016757606654,6.313194444444445,0,0,0,0.0,0.0
BTC,2026-03-12,1772735400,long,0.20551044384505435,6.896527777777778,0,0,0,0.0,0.0
BTC,2026-03-12,1772743500,long,0.06083417221131682,6.802777777777778,0,0,0,0.0,0.0
BTC,2026-03-12,1772736300,long,0.18655350756950728,6.886111111111111,1,1,0,-0.010504091948535653,1.0
BTC,2026-03-19,1773335700,long,0.05338501058485845,6.948611111111112,1,1,0,-0.013363257043320363,0.0
BTC,2026-03-03,1772262000,long,0.06462672071010767,3.417361111111111,2,0,1,-0.1276511145065875,0.0
BTC,2026-03-03,1772271000,long,0.07002146879149462,3.313194444444444,2,0,1,-0.3702017777958522,0.0
BTC,2026-03-03,1772278200,long,0.06334065442645898,3.229861111111111,2,0,1,-0.6308701444066794,0.0
BTC,2026-03-31,1774382400,short,0.060690495298541425,6.834027777777778,0,0,0,0.0,0.0
BTC,2026-03-04,1772262000,long,0.0788379754089128,4.417361111111111,1,1,0,0.014650338735882146,0.0
BTC,2026-03-05,1772262000,long,0.07028385821144001,5.417361111111111,2,0,1,-0.08929839459687755,0.0
BTC,2026-03-05,1772406900,short,0.05071475840310202,3.740277777777778,2,0,1,0.03204295227468054,0.0
BTC,2026-03-05,1772263800,long,0.06335321121645165,5.396527777777777,1,1,0,-0.020521237746342978,0.0
BTC,2026-04-01,1774456200,short,0.050136890536619516,6.979861111111111,2,0,1,0.1388242941986889,0.0
BTC,2026-04-01,1774687500,short,0.05362933687446225,4.302777777777777,2,0,1,0.15756124222251863,0.0
BTC,2026-04-14,1775597400,short,0.0717436837237857,6.771527777777778,1,1,0,0.07399204247568378,0.0
BTC,2026-04-14,1775596500,short,0.05143426703180498,6.781944444444444,2,0,1,0.05879315634496721,0.0
BTC,2026-04-15,1775673900,long,0.05030675926427142,6.886111111111111,0,0,0,0.0,0.0
BTC,2026-04-07,1774987200,short,0.06445665911520482,6.834027777777778,1,1,0,-0.004392703017424296,0.0
BTC,2026-04-08,1775061900,short,0.07376619714837218,6.969444444444444,1,1,0,-0.003677066127485855,0.0
BTC,2026-04-08,1775073600,long,0.052207399800249465,6.834027777777778,0,0,0,0.0,0.0
BTC,2026-04-08,1775321100,short,0.0639342842384073,3.9694444444444446,2,0,1,-0.026713472448770675,0.0
BTC,2026-04-08,1775061000,short,0.17358641994044915,6.979861111111111,1,1,0,0.042880622273784724,0.0
BTC,2026-04-09,1775148300,short,0.08340004953363045,6.969444444444444,1,1,0,-0.012198481614666412,0.0
BTC,2026-02-11,1770261300,short,0.050460070707371796,6.573611111111111,1,1,0,0.0022177468705494897,0.0
BTC,2026-02-11,1770314400,long,0.05252598417988796,5.959027777777778,1,1,0,-0.04497224679495218,0.0
BTC,2026-02-11,1770469200,short,0.05381186770977109,4.167361111111111,2,0,1,0.13690846208223484,0.0
BTC,2026-02-11,1770477300,long,0.05096868217754125,4.073611111111111,1,1,0,-0.025211107622273236,0.0
BTC,2026-02-11,1770306300,long,0.07507709880107671,6.052777777777777,2,0,1,0.8072946887353515,1.0
BTC,2026-02-11,1770225300,short,0.054755993419649124,6.990277777777777,2,0,1,-0.10468353344069611,1.0
BTC,2026-02-12,1770313500,short,0.05128398698967496,6.969444444444444,1,1,0,0.019886319414636033,1.0
BTC,2026-02-12,1770315300,long,0.055481638884130824,6.948611111111112,1,1,0,0.020283763542700867,1.0
BTC,2026-02-12,1770446700,short,0.054550775893349,5.427777777777778,1,1,0,-0.024165230691553533,1.0
BTC,2026-02-12,1770652800,short,0.07220282986895743,3.042361111111111,2,0,1,-0.8432738378463768,1.0
BTC,2026-02-12,1770321600,long,0.05288856725574376,6.875694444444445,1,1,0,-0.024029840486292822,1.0
BTC,2026-02-12,1770453000,long,0.05809278749350555,5.354861111111111,1,1,0,0.01139604375648947,1.0
BTC,2026-02-12,1770790500,long,0.0564431842888824,1.448611111111111,2,0,1,0.47153426851530345,1.0
BTC,2026-02-12,1770810300,long,0.05128838303809946,1.2194444444444446,2,0,1,0.2795761545825077,1.0
BTC,2026-02-12,1770383700,long,0.0951200542484889,6.156944444444444,1,1,0,-0.03354918493429242,1.0
BTC,2026-02-13,1770913800,long,0.09301967079850781,1.0215277777777778,2,0,1,-0.5344964738045508,0.0
BTC,2026-02-14,1770754500,short,0.058673763085472896,3.8652777777777776,2,0,1,0.11788934716771188,0.0
BTC,2026-02-14,1770874200,short,0.05100036697678234,2.479861111111111,1,1,0,-0.01618726982818819,0.0
BTC,2026-02-15,1770753600,short,0.05427144404636519,4.875694444444444,2,0,1,0.11048411426797147,0.0
BTC,2026-02-15,1770828300,long,0.05018403177945885,4.011111111111111,2,0,1,-0.34704770010863845,0.0
BTC,2026-02-16,1770753600,short,0.05497368736152808,5.875694444444444,1,1,0,-0.01788678973413912,0.0
BTC,2026-02-16,1770922800,long,0.0505657385357865,3.9173611111111115,1,1,0,-0.012630464043940422,1.0
BTC,2026-02-16,1770912900,long,0.06671727179159892,4.031944444444444,1,1,0,-0.026083419014807638,1.0
BTC,2026-02-17,1770753600,short,0.07618512461324778,6.875694444444445,1,1,0,-0.009141670830723196,0.0
BTC,2026-02-19,1770917400,short,0.06865148778045671,6.979861111111111,1,1,0,-0.008784045237464802,0.0
BTC,2026-02-20,1771383600,short,0.06652019533287656,2.5840277777777776,1,1,0,-0.01750951199389536,1.0
BTC,2026-02-20,1771440300,long,0.06384700955183686,1.9277777777777778,2,0,1,0.5081167463541324,1.0
BTC,2026-02-21,1771434000,short,0.05205509249657625,3.000694444444444,2,0,1,0.18676366659880334,0.0
BTC,2026-02-22,1771461000,short,0.05120612858127083,3.6881944444444446,1,1,0,-0.041910662973958714,0.0
BTC,2026-02-24,1771809300,long,0.08790681741229878,1.6569444444444443,1,1,0,-0.18701652020388254,1.0
BTC,2026-02-24,1771857900,long,0.05260677006130687,1.0944444444444443,2,0,1,0.3805863224946439,1.0
BTC,2026-02-25,1771809300,long,0.05726769414210775,2.6569444444444446,1,1,0,-0.17448737838285241,0.0
BTC,2026-02-25,1771895700,long,0.06414981841292566,1.6569444444444443,2,0,1,-0.3542809143682558,0.0
BTC,2026-02-25,1771737300,short,0.0530543569648565,3.4902777777777776,1,1,0,-0.007747963953582912,0.0
BTC,2026-02-25,1771816500,long,0.054373110039586336,2.573611111111111,2,0,1,-0.5188242196243165,0.0
BTC,2026-02-25,1771744500,short,0.06952654527989299,3.4069444444444446,2,0,1,-0.35760744663389976,1.0
BTC,2026-02-26,1771522200,short,0.0584946247471444,6.979861111111111,1,1,0,-0.01514952857349677,0.0
BTC,2026-02-26,1771812000,long,0.0715517949442106,3.625694444444444,1,1,0,-0.0061748213416123535,0.0
BTC,2026-02-26,1771902000,long,0.051123748077591236,2.5840277777777776,1,1,0,-0.02470038751151743,0.0
BTC,2026-02-26,1771811100,long,0.08061920647907983,3.6361111111111115,2,0,1,0.5976042789739354,1.0
BTC,2026-02-26,1771966800,long,0.05300856045517688,1.8340277777777778,2,0,1,0.27823660330904487,1.0
BTC,2026-02-26,1771810200,long,0.08449215069934701,3.6465277777777776,2,0,1,0.3219695462458926,1.0
BTC,2026-02-27,1771937100,long,0.05481810438858936,3.1777777777777776,2,0,1,0.7694541365715069,1.0
BTC,2026-02-28,1772208000,short,0.05098055692940606,1.042361111111111,2,0,1,-0.4825221686798454,1.0
BTC,2026-03-01,1772197200,long,0.06872554992906732,2.167361111111111,2,0,1,-0.2364705563588135,0.0
BTC,2026-03-01,1772256600,short,0.05807117016043839,1.479861111111111,2,0,1,0.4724829626730692,0.0
BTC,2026-03-01,1772190900,long,0.06116010708507158,2.2402777777777776,2,0,1,0.37233034149352867,1.0
BTC,2026-03-10,1772577000,short,0.054465186217011796,6.729861111111111,1,1,0,-0.005183433844946144,0.0
BTC,2026-03-10,1772917200,long,0.05814117966345278,2.792361111111111,2,0,1,-0.5178638440322552,0.0
BTC,2026-03-12,1772763300,short,0.0714530160510839,6.573611111111111,0,0,0,0.0,0.0
BTC,2026-03-12,1772805600,long,0.08375855387478515,6.084027777777777,1,1,0,-0.03613076976040715,0.0
BTC,2026-03-12,1772902800,short,0.05916386806728924,4.959027777777778,1,1,0,0.0017180890129837936,0.0
BTC,2026-03-12,1772761500,short,0.08145443467366476,6.594444444444445,1,1,0,-0.01568186956820359,0.0
BTC,2026-03-12,1772737200,long,0.24584362590579123,6.875694444444445,1,1,0,0.01084426050599479,0.0
BTC,2026-03-17,1773173700,short,0.0608702230168936,6.823611111111111,1,1,0,-0.015143362612823643,0.0
BTC,2026-03-17,1773172800,short,0.05601335362766957,6.834027777777778,0,0,0,0.0,0.0
BTC,2026-03-19,1773335700,long,0.056106746085441195,6.948611111111112,2,0,1,-0.034662430603900854,0.0
BTC,2026-03-19,1773335700,short,0.05389325391455857,6.948611111111112,1,1,0,-0.027959048460355424,0.0
BTC,2026-03-24,1773781200,short,0.062446307196888706,6.792361111111111,0,0,0,0.0,0.0
BTC,2026-03-25,1773851400,short,0.05837931701753807,6.979861111111111,1,1,0,0.007914704094837193,0.0
BTC,2026-03-26,1773938700,short,0.05922714376289451,6.969444444444444,1,1,0,-0.29535897561698843,0.0
BTC,2026-03-26,1773938700,long,0.05077285623710548,6.969444444444444,1,1,0,-0.37075300996611654,0.0
BTC,2026-03-26,1773954000,short,0.07164500750599234,6.792361111111111,0,0,0,0.0,0.0
BTC,2026-03-03,1772260200,long,0.05079434158446938,3.4381944444444446,1,1,0,-0.024610029265438635,0.0
BTC,2026-03-03,1772262000,long,0.05526799510312852,3.417361111111111,1,1,0,-0.02969560903671235,0.0
BTC,2026-03-03,1772398800,long,0.06746016049771342,1.8340277777777778,2,0,1,-0.5353591191363862,0.0
BTC,2026-03-03,1772254800,long,0.055705384418288206,3.500694444444444,2,0,1,0.13926200162888108,1.0
BTC,2026-03-31,1774383300,short,0.05180142533341103,6.823611111111111,1,1,0,0.012858983291640681,0.0
BTC,2026-03-31,1774387800,long,0.05521399753260914,6.771527777777778,1,1,0,0.03156677831462541,0.0
BTC,2026-03-31,1774391400,short,0.0575344442019432,6.729861111111111,1,1,0,-0.0029121932051615496,1.0
BTC,2026-03-04,1772262000,long,0.050721046509975665,4.417361111111111,2,0,1,-0.41025763940480564,0.0
BTC,2026-03-04,1772199000,long,0.06192036484282104,5.146527777777778,1,1,0,0.0026132969012464535,0.0
BTC,2026-03-05,1772270100,long,0.058988826001529215,5.323611111111111,1,1,0,-0.029597795693981514,0.0
BTC,2026-03-05,1772298900,short,0.054772488802936725,4.990277777777778,2,0,1,0.4314695367727278,0.0
BTC,2026-03-05,1772269200,long,0.05711610157896119,5.334027777777778,1,1,0,-0.02990999530232198,0.0
BTC,2026-03-07,1772576100,short,0.05675445451257277,3.781944444444444,1,1,0,-0.0255422795227987,0.0
BTC,2026-03-08,1772576100,short,0.05300341808983211,4.740277777777778,1,1,0,-0.026539137945728278,0.0
BTC,2026-04-01,1774824300,long,0.06762608728987174,2.7194444444444446,2,0,1,-0.2855809640176698,0.0
BTC,2026-04-14,1775597400,short,0.06129776622550254,6.771527777777778,1,1,0,0.01185421150147592,0.0
BTC,2026-04-15,1775668500,long,0.05429699901265517,6.948611111111112,1,1,0,-0.0521838145971279,0.0
BTC,2026-04-15,1775682000,short,0.05102542893944639,6.792361111111111,1,1,0,-0.010422638585473785,1.0
BTC,2026-04-02,1774824300,long,0.055260692259168964,3.7194444444444446,2,0,1,0.7995855271993643,1.0
BTC,2026-04-02,1774689300,long,0.050249627603836,5.281944444444444,0,0,0,0.0,1.0
BTC,2026-04-06,1775256300,long,0.05315757645118957,2.7194444444444446,2,0,1,-0.18472542660179503,1.0
BTC,2026-04-06,1775146500,long,0.057238513093720966,3.9902777777777776,1,1,0,-0.025618600357084596,1.0
BTC,2026-04-07,1774988100,long,0.0501173913926527,6.823611111111111,2,0,1,-0.11957936008917516,0.0
BTC,2026-04-07,1774990800,short,0.05332522582318988,6.792361111111111,1,1,0,-0.01257038031955181,0.0
BTC,2026-04-07,1775352600,long,0.05345880218704413,2.604861111111111,2,0,1,0.30214199811001435,1.0
BTC,2026-04-08,1775061900,short,0.0789521084640602,6.969444444444444,1,1,0,-0.03512251088413551,0.0
BTC,2026-04-08,1775294100,long,0.06611381454611998,4.281944444444445,0,0,0,0.0,0.0
BTC,2026-04-09,1775169000,long,0.05123870336024949,6.729861111111111,1,1,0,-0.02258892204419293,0.0
BTC,2026-02-10,1770305400,long,0.05134178512934651,5.063194444444445,2,0,1,-0.08602861456708036,0.0
BTC,2026-02-10,1770364800,short,0.05360537657874953,4.375694444444444,2,0,1,0.22713728476720052,0.0
BTC,2026-02-10,1770456600,short,0.05446997698971956,3.313194444444444,2,0,1,0.1975915452219814,0.0
BTC,2026-02-10,1770241500,short,0.056631169566993766,5.802777777777778,2,0,1,-0.7023442145347649,1.0
BTC,2026-02-10,1770315300,long,0.05834458652985641,4.948611111111111,2,0,1,0.7609369830142115,1.0
BTC,2026-02-10,1770438600,short,0.06649229500036846,3.5215277777777776,2,0,1,-0.6255597102365382,1.0
BTC,2026-02-10,1770734700,long,0.11747766159093764,0.09444444444444444,2,0,1,0.13226446819603807,1.0
BTC,2026-02-10,1770303600,long,0.05982849608154739,5.084027777777777,1,1,0,-0.052504631698283344,1.0
BTC,2026-02-10,1770338700,short,0.05149021240245055,4.677777777777778,2,0,1,-0.41428319955042514,1.0
BTC,2026-02-10,1770382800,long,0.0576014878005926,4.167361111111111,1,1,0,-0.05867418605892907,1.0
BTC,2026-02-11,1770228000,short,0.09588660915199598,6.959027777777777,1,1,0,0.0037132142722879702,1.0
BTC,2026-02-11,1770304500,long,0.05173111675023545,6.073611111111111,2,0,1,0.8994829610099152,1.0
BTC,2026-02-11,1770466500,short,0.05373839164337846,4.198611111111111,2,0,1,-0.7766932177770549,1.0
BTC,2026-02-11,1770237900,short,0.05025078929582205,6.844444444444445,1,1,0,-0.009526439552082093,1.0
BTC,2026-02-11,1770315300,long,0.05829001958580626,5.948611111111111,2,0,1,0.8022176930024554,1.0
BTC,2026-02-11,1770635700,long,0.06580588969210743,2.2402777777777776,1,1,0,-0.02444203137631555,1.0
BTC,2026-02-11,1770633000,long,0.055323513523900525,2.2715277777777776,2,0,1,0.43854546864941524,1.0
BTC,2026-02-12,1770313500,long,0.05188710875811697,6.969444444444444,1,1,0,0.019886319414636033,0.0
BTC,2026-02-12,1770464700,long,0.05007169731421102,5.219444444444445,1,1,0,-0.02368605118781028,0.0
BTC,2026-02-12,1770542100,short,0.05804183502451998,4.323611111111111,2,0,1,0.22318213792381036,0.0
BTC,2026-02-12,1770792300,long,0.05301963323181824,1.4277777777777776,2,0,1,-0.2627908386591292,0.0
BTC,2026-02-12,1770330600,long,0.05941738330505819,6.771527777777778,1,1,0,-0.030398312424495283,0.0
BTC,2026-02-12,1770793200,long,0.06319831796356623,1.417361111111111,2,0,1,-0.42775906359784627,0.0
BTC,2026-02-12,1770325200,long,0.058927791970444066,6.834027777777778,1,1,0,-0.06299229202499353,0.0
BTC,2026-02-12,1770379200,long,0.0632499210280979,6.209027777777778,1,1,0,-0.010073063255289977,0.0
BTC,2026-02-13,1770740100,short,0.05517006503476751,3.031944444444444,2,0,1,0.19051611835261503,0.0
BTC,2026-02-13,1770804000,long,0.053816701774263676,2.292361111111111,2,0,1,-0.18764089089117983,0.0
BTC,2026-02-13,1770981300,long,0.09227937479970594,0.24027777777777778,2,0,1,-0.7547818534139196,0.0
BTC,2026-02-13,1770794100,long,0.05869956220832062,2.4069444444444446,2,0,1,0.5415596373054801,1.0
BTC,2026-02-13,1770813900,long,0.059834960121279535,2.1777777777777776,2,0,1,0.3356420032802503,1.0
BTC,2026-02-15,1770807600,long,0.053143265010354046,4.250694444444444,1,1,0,0.008977470038811395,0.0
BTC,2026-02-15,1770876000,long,0.058077723342142784,3.459027777777778,1,1,0,-0.01892066145869646,1.0
BTC,2026-02-15,1770968700,long,0.06189699366049273,2.386111111111111,1,1,0,-0.00010554382863368211,1.0
BTC,2026-02-16,1770822900,long,0.055083806509421684,5.073611111111111,0,0,0,0.0,1.0
BTC,2026-02-16,1770809400,long,0.05669184261003268,5.229861111111111,2,0,1,0.6713289531528082,1.0
BTC,2026-02-16,1771007400,short,0.055486770942069163,2.9381944444444446,2,0,1,-0.34577160606575164,1.0
BTC,2026-02-17,1770753600,short,0.05086397221359451,6.875694444444445,1,1,0,-0.019038193256066635,1.0
BTC,2026-02-17,1770822900,long,0.05588021977038138,6.073611111111111,1,1,0,-0.033309774185291074,1.0
BTC,2026-02-17,1770807600,long,0.0723475245459082,6.250694444444445,1,1,0,-0.014937431938613948,1.0
BTC,2026-02-17,1770984000,long,0.05078716215742696,4.209027777777778,1,1,0,-0.008941304841056277,1.0
BTC,2026-02-18,1770845400,short,0.055101248451183915,6.813194444444444,1,1,0,-0.01147942643695466,1.0
BTC,2026-02-18,1771340400,long,0.06837042484957134,1.0840277777777778,2,0,1,0.6491532335024776,1.0
BTC,2026-02-18,1770915600,long,0.05262454146081996,6.000694444444445,2,0,1,0.6767940601366728,1.0
BTC,2026-02-18,1771254900,long,0.05565779110453328,2.073611111111111,2,0,1,0.4392718578751757,1.0
BTC,2026-02-18,1771359300,long,0.050912431267199354,0.8652777777777777,2,0,1,0.2937218927666294,1.0
BTC,2026-02-18,1770913800,long,0.05180112486061739,6.021527777777777,2,0,1,0.47819091800153607,1.0
BTC,2026-02-19,1770923700,long,0.051649591074834245,6.906944444444445,0,0,0,0.0,1.0
BTC,2026-02-19,1771343100,long,0.058547652370465775,2.0527777777777776,1,1,0,-0.007574187020037232,1.0
BTC,2026-02-19,1771380900,short,0.05191870417843103,1.6152777777777778,1,1,0,-0.04378444172816186,1.0
BTC,2026-02-19,1771439400,long,0.06496699148554619,0.9381944444444443,2,0,1,0.5861051411071979,1.0
BTC,2026-02-19,1770917400,long,0.06723590370101018,6.979861111111111,1,1,0,-0.008784045237464802,1.0
BTC,2026-02-19,1771394400,short,0.06316412473649591,1.4590277777777778,2,0,1,-0.36223363822428506,1.0
BTC,2026-02-19,1770921900,long,0.07615917145725581,6.927777777777777,0,0,0,0.0,1.0
BTC,2026-02-20,1771340400,long,0.05369718062232298,3.0840277777777776,2,0,1,0.7894513739251474,1.0
BTC,2026-02-20,1771380900,short,0.05700495775798087,2.615277777777778,1,1,0,-0.02901736727671928,1.0
BTC,2026-02-20,1771594200,long,0.10369561204740596,0.14652777777777778,2,0,1,0.3622525364828379,1.0
BTC,2026-02-20,1771339500,long,0.07183890820942818,3.0944444444444446,2,0,1,0.5694528299375686,1.0
BTC,2026-02-21,1771431300,long,0.05095159937291882,3.031944444444444,2,0,1,-0.23092300180066647,0.0
BTC,2026-02-21,1771580700,short,0.050217778987511674,1.3027777777777776,2,0,1,0.35258464078078555,0.0
BTC,2026-02-22,1771508700,long,0.051795711395379085,3.1361111111111106,2,0,1,0.7082449694796747,1.0
BTC,2026-02-22,1771606800,short,0.06427554186514328,2.000694444444444,2,0,1,-0.5482747648280342,1.0
BTC,2026-02-22,1771433100,long,0.053257573136914704,4.011111111111111,1,1,0,-0.03396274455437388,1.0
BTC,2026-02-22,1771439400,long,0.05183440688745278,3.938194444444444,1,1,0,-0.014082302799345511,1.0
BTC,2026-02-23,1771508700,long,0.05051153786306983,4.136111111111111,2,0,1,-0.1997708957936809,0.0
BTC,2026-02-23,1771588800,long,0.05690116359576858,3.2090277777777776,2,0,1,-0.45208766789704197,0.0
BTC,2026-02-24,1771511400,long,0.050662794756462626,5.104861111111111,2,0,1,-0.15108972500657725,0.0
BTC,2026-02-24,1771809300,short,0.06091601881151987,1.6569444444444443,1,1,0,-0.15028092431673062,0.0
BTC,2026-02-24,1771848900,long,0.055169371823484026,1.198611111111111,2,0,1,-0.24079568885900873,0.0
BTC,2026-02-24,1771744500,short,0.051983445086368985,2.4069444444444446,2,0,1,0.5958253077402547,0.0
BTC,2026-02-25,1771729200,short,0.050180563674416034,3.584027777777778,1,1,0,0.004669133854045365,0.0
BTC,2026-02-25,1771985700,long,0.06691991101718608,0.6152777777777777,2,0,1,-0.7236069177559461,0.0
BTC,2026-02-26,1771523100,short,0.05511602802584126,6.969444444444444,1,1,0,-0.017310728054637625,1.0
BTC,2026-02-26,1771816500,long,0.06865724138739604,3.573611111111111,1,1,0,-0.029292248588113162,1.0
BTC,2026-02-26,1771852500,long,0.05373877227496826,3.156944444444444,1,1,0,-0.0288591464887043,1.0
BTC,2026-02-27,1772168400,long,0.07966347056932621,0.5006944444444444,2,0,1,-0.9344946913807012,0.0
BTC,2026-02-28,1772204400,short,0.06566666641893404,1.0840277777777778,2,0,1,0.35839132416629366,0.0
BTC,2026-03-01,1772010900,long,0.054434522139667374,4.323611111111111,2,0,1,0.7413128379922338,1.0
BTC,2026-03-01,1772187300,long,0.06812860146617639,2.2819444444444446,2,0,1,0.6649728416740923,1.0
BTC,2026-03-01,1772126100,long,0.05073946409622154,2.990277777777778,2,0,1,0.5524075885551529,1.0
BTC,2026-03-10,1772972100,long,0.05636786347893619,2.156944444444444,1,1,0,-0.02177792666567567,0.0
BTC,2026-03-11,1772645400,long,0.07000936256681234,6.938194444444445,0,0,0,0.0,0.0
BTC,2026-03-11,1772646300,short,0.05147633891826553,6.927777777777777,1,1,0,-2.6013103455790887e-05,0.0
BTC,2026-03-11,1772816400,short,0.07609688644731594,4.959027777777778,1,1,0,0.010952341194595344,0.0
BTC,2026-03-12,1772758800,long,0.055750498620908306,6.625694444444445,1,1,0,-0.020827624046250118,0.0
BTC,2026-03-12,1772785800,short,0.07195575505570184,6.313194444444445,1,1,0,-0.018751563529362775,0.0
BTC,2026-03-12,1772902800,long,0.05244933478308944,4.959027777777778,1,1,0,0.0017180890129837936,0.0
BTC,2026-03-12,1772805600,short,0.10460275738613048,6.084027777777777,1,1,0,-0.0029898131673058333,1.0
BTC,2026-03-18,1773250200,short,0.057713807252199434,6.938194444444445,1,1,0,-0.0037086335933730966,0.0
BTC,2026-03-18,1773245700,short,0.05839863373304954,6.990277777777777,1,1,0,-0.030629523174575755,0.0
BTC,2026-03-19,1773337500,short,0.08625746069032736,6.927777777777777,1,1,0,0.005208136253125659,0.0
BTC,2026-03-19,1773338400,long,0.05546623132722073,6.91736111111111,1,1,0,0.005245017072009047,0.0
BTC,2026-03-19,1773336600,short,0.0984042889340227,6.938194444444445,2,0,1,-0.46221190439477183,1.0
BTC,2026-03-24,1773781200,long,0.0949781889768252,6.792361111111111,0,0,0,0.0,0.0
BTC,2026-03-25,1773851400,long,0.050903611194789145,6.979861111111111,1,1,0,-0.006583998060325192,0.0
BTC,2026-03-25,1773852300,short,0.05029069072240688,6.969444444444444,1,1,0,0.003097234055906244,0.0
BTC,2026-03-25,1774264500,long,0.058894482816911786,2.198611111111111,2,0,1,-0.043596083968025064,0.0
BTC,2026-03-26,1773938700,short,0.06102429532542808,6.969444444444444,0,0,0,0.0,0.0
BTC,2026-03-29,1774388700,short,0.08971699973830449,4.761111111111111,1,1,0,-0.009422287289938401,1.0
BTC,2026-03-29,1774758600,short,0.0959314219974583,0.4798611111111111,2,0,1,-0.2808056771063284,1.0
BTC,2026-03-03,1772010900,long,0.05085894512885236,6.323611111111112,0,0,0,0.0,0.0
BTC,2026-03-03,1772188200,long,0.055811816109915924,4.271527777777778,1,1,0,-0.04301872246278636,0.0
BTC,2026-03-03,1772331300,short,0.0535564877777962,2.615277777777778,2,0,1,0.25674659340226513,0.0
BTC,2026-03-03,1772399700,long,0.05294351034107825,1.823611111111111,2,0,1,-0.30406445367558166,0.0
BTC,2026-03-03,1772550000,long,0.1939723596420837,0.08402777777777778,2,0,1,-1.0922345087683865,0.0
BTC,2026-03-03,1772192700,long,0.06703130720744888,4.219444444444444,2,0,1,0.5215350345345882,1.0
BTC,2026-03-03,1772022600,long,0.05069337870869739,6.188194444444444,0,0,0,0.0,1.0
BTC,2026-03-03,1772199000,long,0.06011835080051742,4.146527777777777,2,0,1,0.38433320089717965,1.0
BTC,2026-03-03,1772290800,long,0.09172792445962008,3.0840277777777776,1,1,0,-0.0001011063999308559,1.0
BTC,2026-03-03,1772305200,long,0.051643312785956796,2.917361111111111,2,0,1,0.31232455254082647,1.0
BTC,2026-03-30,1774609200,long,0.05318649693270716,3.2090277777777776,2,0,1,0.7698715893212746,1.0
BTC,2026-03-30,1774608300,long,0.06155837107146023,3.2194444444444446,2,0,1,0.5289806605410294,1.0
BTC,2026-03-31,1774382400,short,0.05011489893192078,6.834027777777778,1,1,0,0.0012557732182069403,1.0
BTC,2026-03-31,1774389600,short,0.053036564279660636,6.750694444444444,1,1,0,-0.003724171661957128,1.0
BTC,2026-03-31,1774611900,long,0.052099593473337036,4.177777777777778,1,1,0,-0.022338533191655442,1.0
BTC,2026-03-31,1774725300,long,0.055001893482669484,2.8652777777777776,2,0,1,0.522298957761323,1.0
BTC,2026-03-04,1772258400,long,0.06010699535188069,4.459027777777777,1,1,0,0.05629961583854723,0.0
BTC,2026-03-04,1772187300,long,0.05032198758735262,5.281944444444444,1,1,0,-0.03645325189101524,0.0
BTC,2026-03-04,1772289000,long,0.05083956600451711,4.104861111111111,2,0,1,-0.6760368084118935,0.0
BTC,2026-03-04,1772117100,long,0.050431203774025546,6.094444444444444,1,1,0,-0.004527428204275118,0.0
BTC,2026-03-04,1772294400,long,0.051804139783858005,4.042361111111111,1,1,0,-0.008271479570409024,0.0
BTC,2026-03-05,1772127900,long,0.07502452672975468,6.969444444444444,0,0,0,0.0,0.0
BTC,2026-03-05,1772136900,short,0.06010218100490006,6.865277777777778,1,1,0,-0.001788880265619578,0.0
BTC,2026-03-05,1772261100,long,0.06052357898972205,5.427777777777778,0,0,0,0.0,0.0
BTC,2026-03-05,1772298000,short,0.055025098712320863,5.000694444444444,2,0,1,0.27106009410908505,0.0
BTC,2026-03-07,1772581500,short,0.05027489771935423,3.7194444444444446,1,1,0,-0.024687068747525673,1.0
BTC,2026-03-09,1772976600,long,0.051657517075095694,1.104861111111111,2,0,1,-0.230246092741635,0.0
BTC,2026-03-09,1772866800,long,0.06818737995064161,2.3756944444444446,2,0,1,0.44872440281840253,1.0
BTC,2026-03-09,1772955900,long,0.05498725657866599,1.3444444444444446,2,0,1,0.3619644892578681,1.0
BTC,2026-04-01,1774682100,long,0.051753646956026245,4.365277777777778,1,1,0,-0.024283623460435187,1.0
BTC,2026-04-11,1775601900,short,0.05592348157709748,3.7194444444444446,1,1,0,-0.023751724076496027,0.0
BTC,2026-04-13,1775601900,short,0.0692937927622661,5.719444444444444,1,1,0,-0.020499441183252434,0.0
BTC,2026-04-14,1775597400,short,0.05014399206105913,6.771527777777778,1,1,0,-0.009223112285030033,0.0
BTC,2026-04-14,1775601000,short,0.0601024484540118,6.729861111111111,1,1,0,-0.032679842151871974,0.0
BTC,2026-04-15,1775668500,long,0.05303578292298683,6.948611111111112,2,0,1,-0.054068220197898885,0.0
BTC,2026-04-15,1775671200,short,0.0538315773371697,6.91736111111111,1,1,0,-0.058283185078103074,0.0
BTC,2026-04-15,1775979900,short,0.05983472731678774,3.344444444444444,2,0,1,0.30626700066043194,0.0
BTC,2026-04-16,1775767500,short,0.05267942334031783,6.802777777777778,2,0,1,0.11966890110815742,0.0
BTC,2026-04-16,1775757600,short,0.07442271366502079,6.91736111111111,1,1,0,-0.01850668055035869,0.0
BTC,2026-04-16,1775760300,short,0.05067726636431691,6.886111111111111,1,1,0,-0.024937836288755306,1.0
BTC,2026-04-22,1776300300,long,0.06210156000607325,6.636111111111112,0,0,0,0.0,0.0
BTC,2026-04-22,1776327300,short,0.07255066465119608,6.323611111111112,1,1,0,-0.0061518504769625965,0.0
BTC,2026-04-03,1775081700,long,0.052545015718426846,1.7402777777777776,2,0,1,-0.30482317567783834,0.0
BTC,2026-04-05,1775092500,long,0.05153034272334911,3.615277777777778,1,1,0,-0.006863222789623646,0.0
BTC,2026-04-07,1774994400,long,0.0518348291735351,6.750694444444444,1,1,0,-0.011599262779971569,1.0
BTC,2026-04-07,1775142900,long,0.05570151128702028,5.031944444444444,2,0,1,0.6134104655697634,1.0
BTC,2026-04-08,1775061900,short,0.06254948064770127,6.969444444444444,0,0,0,0.0,0.0
BTC,2026-04-08,1775064600,long,0.05014945413874283,6.938194444444445,1,1,0,-0.04069551076225164,0.0
BTC,2026-04-08,1775142900,long,0.05297734149460154,6.031944444444444,1,1,0,-0.018625009811167468,1.0
BTC,2026-04-08,1775076300,long,0.05118055592268789,6.802777777777778,1,1,0,0.009676272407086177,1.0
BTC,2026-04-09,1775344500,long,0.05746382977750297,4.698611111111111,0,0,0,0.0,0.0
BTC,2026-02-10,1770148800,short,0.074644097087737,6.875694444444445,1,1,0,-0.007541824633172552,1.0
BTC,2026-02-10,1770305400,long,0.06212866871289102,5.063194444444445,2,0,1,0.9031825395638392,1.0
BTC,2026-02-10,1770437700,short,0.05324437825743622,3.5319444444444446,1,1,0,-0.01551914594673759,1.0
BTC,2026-02-10,1770304500,long,0.08853944866671948,5.073611111111111,2,0,1,0.7583649687584659,1.0
BTC,2026-02-10,1770451200,long,0.0527795205966779,3.3756944444444446,2,0,1,0.6578209536706209,1.0
BTC,2026-02-10,1770177600,short,0.05464357666024389,6.542361111111111,2,0,1,-0.470530025649482,1.0
BTC,2026-02-10,1770367500,long,0.06135129328258526,4.344444444444444,2,0,1,0.5869690990407866,1.0
BTC,2026-02-10,1770641100,long,0.05708099881233575,1.1777777777777778,2,0,1,0.3855907735220356,1.0
BTC,2026-02-10,1770371100,long,0.06371027356836101,4.302777777777777,2,0,1,0.5076322817337403,1.0
BTC,2026-02-10,1770300900,long,0.07566280831935113,5.115277777777778,2,0,1,0.48345172528580677,1.0
BTC,2026-02-11,1770228000,short,0.057465678416331545,6.959027777777777,1,1,0,-0.03648697583708059,0.0
BTC,2026-02-11,1770303600,long,0.05375881368600943,6.084027777777777,1,1,0,-0.004244269134021206,0.0
BTC,2026-02-11,1770325200,short,0.05561237562915888,5.834027777777778,1,1,0,-0.0672515541840347,0.0
BTC,2026-02-11,1770435000,short,0.050984124688677745,4.563194444444444,1,1,0,-0.033130320984845335,0.0
BTC,2026-02-11,1770448500,long,0.0505715302310914,4.406944444444444,2,0,1,-0.12312556746400759,0.0
BTC,2026-02-11,1770537600,long,0.05805356062982803,3.3756944444444446,1,1,0,-0.03920192346091195,0.0
BTC,2026-02-11,1770647400,long,0.05003314063300923,2.104861111111111,2,0,1,-0.18599894383684754,0.0
BTC,2026-02-11,1770734700,long,0.0543715889046783,1.0944444444444443,2,0,1,-0.21492185829668864,0.0
BTC,2026-02-11,1770304500,long,0.06573742239620883,6.073611111111111,1,1,0,-0.05330049014206911,0.0
BTC,2026-02-11,1770679800,long,0.05861911600060021,1.7298611111111113,1,1,0,-0.017063452444554136,0.0
BTC,2026-02-11,1770701400,long,0.05035931162632035,1.479861111111111,2,0,1,-0.35494549220595106,0.0
BTC,2026-02-11,1770642000,long,0.062241117308852845,2.167361111111111,1,1,0,0.03285523124209319,0.0
BTC,2026-02-12,1770313500,long,0.06229421147947356,6.969444444444444,1,1,0,0.056559357753303355,0.0
BTC,2026-02-12,1770322500,short,0.056250559499002706,6.865277777777778,1,1,0,0.03266665845670638,0.0
BTC,2026-02-12,1770451200,long,0.07647674599537702,5.375694444444445,1,1,0,0.001616945425593097,0.0
BTC,2026-02-12,1770609600,short,0.05103294442337769,3.542361111111111,1,1,0,-0.027206449040256535,0.0
BTC,2026-02-12,1770386400,long,0.05138688436644023,6.125694444444444,2,0,1,-0.25953307461052577,0.0
BTC,2026-02-12,1770471000,long,0.05058732493340745,5.146527777777778,1,1,0,-0.03186870616809357,0.0
BTC,2026-02-13,1770748200,long,0.051013199371742646,2.9381944444444446,2,0,1,0.8099040269631661,1.0
BTC,2026-02-13,1770994800,short,0.0746323848646161,0.08402777777777778,2,0,1,0.11348623546901493,1.0
BTC,2026-02-13,1770997500,long,0.20508687274869186,0.05277777777777778,2,0,1,0.22665285234852645,1.0
BTC,2026-02-14,1770822000,long,0.053269504030488246,3.0840277777777776,2,0,1,0.7305625815110104,1.0
BTC,2026-02-14,1770839100,long,0.05824792926181965,2.886111111111111,1,1,0,-0.012453391785834461,1.0
BTC,2026-02-14,1770791400,long,0.05209987540538652,3.4381944444444446,2,0,1,0.43204488488033466,1.0
BTC,2026-02-15,1770813900,long,0.05290714936070007,4.177777777777778,2,0,1,0.8041365653775865,1.0
BTC,2026-02-15,1770964200,long,0.052719554490713305,2.4381944444444446,1,1,0,-0.002173589551285937,1.0
BTC,2026-02-15,1771002000,short,0.053453181764053115,2.000694444444444,2,0,1,-0.5403590754059487,1.0
BTC,2026-02-15,1771074000,long,0.05442974920419985,1.167361111111111,2,0,1,0.4737113554170817,1.0
BTC,2026-02-15,1770811200,long,0.053709383648427034,4.209027777777778,2,0,1,0.5750256920997835,1.0
BTC,2026-02-16,1770876000,long,0.05170748124260571,4.459027777777777,2,0,1,-0.19575147635952783,0.0
BTC,2026-02-16,1770822000,long,0.05808705573826667,5.084027777777777,2,0,1,-0.31434492962440047,0.0
BTC,2026-02-17,1771002000,long,0.05619953946366296,4.000694444444445,0,0,0,0.0,0.0
BTC,2026-02-17,1771181100,long,0.05696276141172363,1.9277777777777778,2,0,1,-0.26225791054676495,0.0
BTC,2026-02-17,1771282800,long,0.05615434179926382,0.7506944444444446,2,0,1,-0.37600239157625576,0.0
BTC,2026-02-17,1771005600,long,0.0537949362253336,3.9590277777777776,1,1,0,-0.01841218766461574,0.0
BTC,2026-02-18,1770831000,long,0.05999989273889872,6.979861111111111,1,1,0,-0.03321822828081354,0.0
BTC,2026-02-18,1771248600,long,0.059451418857306315,2.146527777777778,1,1,0,-0.05434690816897807,0.0
BTC,2026-02-18,1771351200,long,0.06076519071283015,0.9590277777777778,2,0,1,-0.22064108800786317,0.0
BTC,2026-02-18,1770841800,long,0.07215138608311888,6.854861111111111,2,0,1,-0.22727706292731456,0.0
BTC,2026-02-18,1771245000,long,0.05046244782961562,2.1881944444444446,2,0,1,-0.4774630558657644,0.0
BTC,2026-02-18,1770838200,long,0.07157576060326098,6.896527777777778,1,1,0,-0.015808381620796324,0.0
BTC,2026-02-19,1770923700,long,0.054085508194470444,6.906944444444445,0,0,0,0.0,0.0
BTC,2026-02-19,1771187400,long,0.050120402232307626,3.854861111111111,0,0,0,0.0,0.0
BTC,2026-02-20,1771385400,short,0.05180119220288382,2.5631944444444446,2,0,1,0.26435234639219807,0.0
BTC,2026-02-22,1771561800,long,0.0632453344508157,2.521527777777778,1,1,0,-0.018587775378039698,0.0
BTC,2026-02-23,1771509600,long,0.05874493237701661,4.125694444444445,1,1,0,-0.005865506583818174,0.0
BTC,2026-02-24,1771592400,long,0.06086593195161205,4.167361111111111,1,1,0,0.0012628395505775852,0.0
BTC,2026-02-25,1771628400,long,0.05609192518675621,4.750694444444445,0,0,0,0.0,1.0
BTC,2026-02-25,1771639200,long,0.05044202734626335,4.625694444444445,1,1,0,-0.027839759373199643,1.0
BTC,2026-02-26,1771770600,long,0.05630706466150115,4.104861111111111,1,1,0,-0.02677738741472954,0.0
BTC,2026-02-26,1772044200,long,0.05610384865326434,0.9381944444444443,2,0,1,-0.4431146246902007,0.0
BTC,2026-02-27,1772049600,long,0.05321791210344595,1.8756944444444446,2,0,1,-0.30864611365291833,0.0
BTC,2026-02-28,1772166600,long,0.053741023668550714,1.5215277777777778,2,0,1,-0.03637770561567,0.0
BTC,2026-02-28,1772064900,long,0.05757840507819312,2.698611111111111,1,1,0,-0.009496188526367133,0.0
BTC,2026-02-08,1770148800,short,0.07007851150592015,4.875694444444444,1,1,0,-0.017716608547821026,0.0
BTC,2026-02-08,1770235200,short,0.06320700270410118,3.8756944444444446,2,0,1,0.1513947146295496,0.0
BTC,2026-02-08,1770255000,long,0.0534469280431249,3.6465277777777776,1,1,0,-0.04952036159488048,0.0
BTC,2026-02-08,1770330600,short,0.05260137528888276,2.771527777777778,2,0,1,0.2366482379984423,0.0
BTC,2026-02-08,1770455700,short,0.06411938685257923,1.323611111111111,2,0,1,0.35784774842663697,0.0
BTC,2026-02-08,1770293700,long,0.05740068539998022,3.198611111111111,2,0,1,0.6767855661155422,1.0
BTC,2026-02-08,1770395400,short,0.0546800015093486,2.0215277777777776,2,0,1,-0.49725762282400304,1.0
BTC,2026-02-08,1770297300,long,0.07525947745347206,3.156944444444444,2,0,1,0.5135382869864739,1.0
BTC,2026-02-08,1770150600,short,0.0512076345831029,4.854861111111111,2,0,1,-0.20295097087537073,1.0
BTC,2026-02-09,1770222600,short,0.07200248141698462,5.021527777777778,1,1,0,0.013754934405970504,0.0
BTC,2026-02-09,1770304500,long,0.06065670545056667,4.073611111111111,2,0,1,-0.1310111175970182,0.0
BTC,2026-02-09,1770417000,short,0.05246853951121577,2.771527777777778,2,0,1,0.23592888165292247,0.0
BTC,2026-02-09,1770448500,long,0.06177087751866139,2.4069444444444446,2,0,1,-0.21937660045633067,0.0
BTC,2026-02-09,1770149700,short,0.08603798358936299,5.865277777777778,1,1,0,-0.022107337671720365,1.0
BTC,2026-02-09,1770294600,long,0.0570658515761,4.188194444444444,2,0,1,0.7166031460943943,1.0
BTC,2026-02-09,1770408000,short,0.07159850067406925,2.875694444444444,2,0,1,-0.5445520181456392,1.0
BTC,2026-02-09,1770386400,long,0.07333457980865976,3.1256944444444446,2,0,1,0.5158235402283264,1.0
BTC,2026-03-01,1772163900,long,0.0538521173899007,2.5527777777777776,1,1,0,-0.018279934784728405,0.0
BTC,2026-03-10,1772961300,long,0.05034662403846202,2.2819444444444446,2,0,1,-0.2696969978305309,0.0
BTC,2026-03-10,1772933400,long,0.05326364439657971,2.604861111111111,2,0,1,0.37201542835080526,1.0
BTC,2026-03-11,1772645400,short,0.08411790979334044,6.938194444444445,0,0,0,0.0,0.0
BTC,2026-03-11,1772816400,long,0.06375206594254523,4.959027777777778,1,1,0,0.010952341194595344,0.0
BTC,2026-03-11,1772972100,long,0.0689167218772444,3.156944444444444,1,1,0,-0.020241224993505384,0.0
BTC,2026-03-11,1773200700,long,0.05045876913688119,0.5111111111111111,2,0,1,-0.38035882467607013,0.0
BTC,2026-03-11,1772966700,long,0.0583158893433362,3.2194444444444446,2,0,1,0.6064212666734756,1.0
BTC,2026-03-11,1773168300,long,0.06674355951530475,0.8861111111111111,2,0,1,0.32125905780392605,1.0
BTC,2026-03-12,1772758800,long,0.06240889846971509,6.625694444444445,0,0,0,0.0,0.0
BTC,2026-03-12,1772761500,short,0.05965491993991068,6.594444444444445,1,1,0,0.02149317113082054,0.0
BTC,2026-03-12,1772972100,long,0.05066917231928292,4.156944444444445,1,1,0,-0.021397650048034907,0.0
BTC,2026-03-12,1772797500,long,0.064842687103573,6.177777777777778,1,1,0,-0.003604458878417441,1.0
BTC,2026-03-12,1772989200,long,0.0691087709785072,3.9590277777777776,1,1,0,-0.002263099234420963,1.0
BTC,2026-03-13,1773326700,long,0.07272828350758265,1.0527777777777778,2,0,1,0.27688940038110404,1.0
BTC,2026-03-16,1773441900,long,0.0507947840409535,2.7194444444444446,2,0,1,0.23893722095843067,1.0
BTC,2026-03-18,1773251100,short,0.050757500424478685,6.927777777777777,2,0,1,0.19282795305641948,0.0
BTC,2026-03-18,1773477000,long,0.05484541165179424,4.313194444444445,2,0,1,-0.13913201001759057,0.0
BTC,2026-03-19,1773344700,short,0.06767812976511489,6.844444444444445,2,0,1,-0.771878659189357,1.0
BTC,2026-03-19,1773337500,long,0.05684101919220286,6.927777777777777,1,1,0,-0.013516156287507849,1.0
BTC,2026-03-19,1773337500,short,0.06315898080779703,6.927777777777777,2,0,1,-0.6238604660047498,1.0
BTC,2026-03-19,1773608400,short,0.056195583363098045,3.7923611111111115,1,1,0,-0.004999013039783735,1.0
BTC,2026-03-21,1773972000,long,0.05374242847987687,1.5840277777777776,2,0,1,-0.19752023616433806,0.0
BTC,2026-03-22,1773833400,short,0.05084602291740625,4.188194444444444,1,1,0,-0.015033362568471875,1.0
BTC,2026-03-23,1773784800,short,0.05012462460935252,5.750694444444444,2,0,1,-0.6367714599346974,1.0
BTC,2026-03-23,1774187100,long,0.05099306048238006,1.0944444444444443,2,0,1,0.2778837970693088,1.0
BTC,2026-03-23,1774073700,long,0.05239321798845431,2.4069444444444446,2,0,1,0.24642060560186535,1.0
BTC,2026-03-24,1774264500,long,0.09996389266647054,1.198611111111111,2,0,1,0.8196546578947889,1.0
BTC,2026-03-24,1773785700,short,0.060377133303515795,6.740277777777778,1,1,0,-0.006076714932476735,1.0
BTC,2026-03-25,1773851400,short,0.0578146520135151,6.979861111111111,1,1,0,-0.006583998060325192,0.0
BTC,2026-03-25,1773852300,long,0.05106173708828399,6.969444444444444,2,0,1,-0.09552334334958906,0.0
BTC,2026-03-25,1773973800,long,0.06505645585611042,5.563194444444444,1,1,0,-0.03521835770862417,0.0
BTC,2026-03-25,1774264500,short,0.0534135941465409,2.198611111111111,2,0,1,-0.2899119147874589,1.0
BTC,2026-03-26,1773938700,short,0.052239019294298084,6.969444444444444,0,0,0,0.0,1.0
BTC,2026-03-26,1773954000,long,0.051655497676967865,6.792361111111111,1,1,0,-0.022637034957272678,1.0
BTC,2026-03-26,1773942300,long,0.060770194857740156,6.927777777777777,1,1,0,-0.0177862068380316,1.0
BTC,2026-03-29,1774388700,long,0.05280904269323683,4.761111111111111,1,1,0,-0.06237373296890217,0.0
BTC,2026-03-31,1774686600,long,0.053639631677095956,3.313194444444444,2,0,1,-0.18406949865653058,0.0
BTC,2026-03-31,1774870200,long,0.05013517115141908,1.1881944444444446,2,0,1,-0.21691952708809675,0.0
BTC,2026-03-04,1772279100,long,0.050948649949753566,4.219444444444444,2,0,1,-0.30639208606156293,0.0
BTC,2026-03-04,1772590500,long,0.05184885057047128,0.6152777777777777,2,0,1,-1.005535582425428,0.0
BTC,2026-03-04,1772185500,long,0.0659151182057236,5.302777777777778,1,1,0,0.015001479241580573,0.0
BTC,2026-03-04,1772310600,long,0.06331004453054367,3.854861111111111,2,0,1,-0.6072326369006007,0.0
BTC,2026-03-05,1772127900,long,0.07152752078028901,6.969444444444444,1,1,0,0.0004051248218848863,0.0
BTC,2026-03-05,1772270100,long,0.051313797307947384,5.323611111111111,0,0,0,0.0,0.0
BTC,2026-03-05,1772264700,long,0.06134820658631224,5.386111111111111,0,0,0,0.0,1.0
BTC,2026-03-06,1772811000,long,0.12928527575570503,0.06319444444444444,2,0,1,0.2726592640581104,1.0
BTC,2026-03-09,1772859600,long,0.05072841763505531,2.459027777777778,2,0,1,0.7087881956688277,1.0
BTC,2026-03-09,1772965800,long,0.05153941959604236,1.229861111111111,2,0,1,0.6981548936397678,1.0
BTC,2026-03-09,1772805600,long,0.05615602640646067,3.0840277777777776,2,0,1,0.5798905617091413,1.0
BTC,2026-03-09,1772919900,long,0.050041768167738976,1.761111111111111,2,0,1,0.46117747989770286,1.0
BTC,2026-05-05,1777411800,long,0.06745745456842989,6.771527777777778,0,0,0,0.0,0.0
BTC,2026-05-05,1777414500,long,0.07001615215575807,6.740277777777778,0,0,0,0.0,0.0
BTC,2026-04-01,1774460700,long,0.05335172030324853,6.927777777777777,1,1,0,-0.013363661793287964,0.0
BTC,2026-04-13,1775604600,short,0.058414761125950565,5.688194444444445,1,1,0,-0.00949377471323555,1.0
BTC,2026-04-14,1775593800,short,0.05417862738810397,6.813194444444444,1,1,0,0.029933603182610236,0.0
BTC,2026-04-14,1775597400,long,0.05375709258550154,6.771527777777778,1,1,0,-0.03247724997428644,0.0
BTC,2026-04-15,1775667600,short,0.05215024890576203,6.959027777777777,2,0,1,0.23377481611951995,0.0
BTC,2026-04-16,1775754900,short,0.0613792883827321,6.948611111111112,1,1,0,-0.04396830126137825,0.0
BTC,2026-04-16,1775755800,short,0.11493720585883882,6.938194444444445,0,0,0,0.0,0.0
BTC,2026-04-21,1776202200,short,0.058438746414046006,6.771527777777778,2,0,1,0.3249223236837789,0.0
BTC,2026-04-21,1776537900,long,0.06088567335275008,2.886111111111111,1,1,0,-0.013081975116040916,1.0
BTC,2026-04-22,1776300300,short,0.08515323175846179,6.636111111111112,1,1,0,-0.03251286963409321,0.0
BTC,2026-04-22,1776300300,long,0.05484676824153811,6.636111111111112,2,0,1,0.05279652261817762,0.0
BTC,2026-04-22,1776299400,long,0.057020671755759755,6.646527777777777,1,1,0,0.02800232639673286,0.0
BTC,2026-04-22,1776299400,short,0.05297932824424034,6.646527777777777,1,1,0,-0.05762732639673278,0.0
BTC,2026-04-22,1776418200,short,0.05148931889802455,5.271527777777778,2,0,1,0.06010691860581677,0.0
BTC,2026-04-22,1776310200,short,0.10837897947072106,6.521527777777778,0,0,0,0.0,0.0
BTC,2026-04-22,1776326400,short,0.10399474149923163,6.334027777777777,0,0,0,0.0,1.0
BTC,2026-04-23,1776361500,short,0.06153265168137367,6.927777777777777,1,1,0,0.0248715703295172,0.0
BTC,2026-04-28,1776805200,short,0.05070146741370074,6.792361111111111,1,1,0,0.042197813360657005,0.0
BTC,2026-04-28,1776801600,short,0.057010697182963255,6.834027777777778,1,1,0,0.03921233780598303,0.0
BTC,2026-04-07,1774989900,short,0.05027476594428992,6.802777777777778,1,1,0,-0.01648534079043526,0.0
BTC,2026-04-07,1774990800,long,0.07713431968131368,6.792361111111111,0,0,0,0.0,0.0
BTC,2026-04-08,1775061000,long,0.06605844835441155,6.979861111111111,2,0,1,0.8660280204925331,1.0
BTC,2026-04-08,1775063700,long,0.07724587436324781,6.948611111111112,0,0,0,0.0,1.0
BTC,2026-04-08,1775070000,long,0.0678122301656563,6.875694444444445,0,0,0,0.0,1.0
BTC,2026-02-10,1770183900,short,0.06160638607862989,6.469444444444444,1,1,0,-0.009976257897429053,0.0
BTC,2026-02-10,1770305400,long,0.07928278627219276,5.063194444444445,2,0,1,-0.09353168242582396,0.0
BTC,2026-02-10,1770411600,long,0.05678849678276965,3.8340277777777776,2,0,1,-0.13652339346214618,0.0
BTC,2026-02-10,1770593400,long,0.05366070426901959,1.7298611111111113,2,0,1,-0.194602633622933,0.0
BTC,2026-02-10,1770655500,short,0.05274013202743666,1.011111111111111,2,0,1,0.3450616241638215,0.0
BTC,2026-02-10,1770174900,short,0.05353138724859441,6.573611111111111,2,0,1,0.3923550547766361,0.0
BTC,2026-02-10,1770297300,long,0.06446124440935308,5.156944444444444,2,0,1,-0.2388637931487043,0.0
BTC,2026-02-10,1770442200,long,0.055182501758864966,3.4798611111111115,2,0,1,-0.3161201157091228,0.0
BTC,2026-02-10,1770639300,long,0.053686893023606075,1.198611111111111,2,0,1,-0.35399925504791774,0.0
BTC,2026-02-10,1770454800,long,0.06366450253361422,3.3340277777777776,2,0,1,-0.36676277839906235,0.0
BTC,2026-02-10,1770460200,long,0.06629132385167469,3.271527777777778,2,0,1,-0.40577337034535527,0.0
BTC,2026-02-11,1770228000,long,0.05136967164377371,6.959027777777777,1,1,0,-0.019344470905779877,0.0
BTC,2026-02-11,1770364800,long,0.05773948766898074,5.375694444444445,2,0,1,-0.04595536908472176,0.0
BTC,2026-02-11,1770453900,long,0.05115595288938923,4.344444444444444,1,1,0,-0.008135289208575917,0.0
BTC,2026-02-11,1770322500,long,0.05567790719904964,5.865277777777778,1,1,0,0.048519701155537,0.0
BTC,2026-02-11,1770411600,long,0.058455401560088216,4.834027777777778,2,0,1,-0.18690346015924203,0.0
BTC,2026-02-11,1770560100,long,0.055989722466723624,3.115277777777778,1,1,0,-0.03596375249980479,0.0
BTC,2026-02-11,1770685200,long,0.05341445899251762,1.667361111111111,2,0,1,-0.004877555228967323,0.0
BTC,2026-02-11,1770623100,long,0.051279755493827794,2.386111111111111,1,1,0,-0.029000538316515195,0.0
BTC,2026-02-12,1770315300,long,0.05192658339717915,6.948611111111112,2,0,1,-0.043874091671753705,0.0
BTC,2026-02-12,1770330600,short,0.06304968272419365,6.771527777777778,1,1,0,-0.04293692840173365,0.0
BTC,2026-02-12,1770448500,long,0.07023815598653504,5.406944444444444,2,0,1,-0.049504830577302886,0.0
BTC,2026-02-12,1770375600,long,0.050439103067277724,6.250694444444445,1,1,0,-0.035870113810772805,0.0
BTC,2026-02-12,1770476400,long,0.05333467127655478,5.084027777777777,1,1,0,-0.005827887252453562,0.0
BTC,2026-02-14,1770904800,long,0.05239378890397184,2.1256944444444446,2,0,1,-0.2507760690118865,0.0
BTC,2026-02-14,1770770700,long,0.050925630778221986,3.6777777777777776,2,0,1,-0.3467963914973656,0.0
BTC,2026-02-16,1771002000,long,0.051888158260368744,3.000694444444444,2,0,1,-0.12352191420531189,0.0
BTC,2026-02-17,1770755400,long,0.053351800250604375,6.854861111111111,1,1,0,-0.003619597518734235,0.0
BTC,2026-02-17,1771143300,long,0.05983992213616496,2.365277777777778,1,1,0,-0.04076705722864177,0.0
BTC,2026-02-17,1771246800,long,0.05063765489501537,1.167361111111111,2,0,1,-0.0683521733658346,0.0
BTC,2026-02-18,1770831000,long,0.05279636229137674,6.979861111111111,1,1,0,-0.0264211296556498,0.0
BTC,2026-02-18,1771071300,long,0.052710334156951255,4.198611111111111,1,1,0,-0.025640818073145832,0.0
BTC,2026-02-18,1771002000,long,0.05793343395256412,5.000694444444444,1,1,0,-0.0023037352012793963,0.0
BTC,2026-02-19,1770917400,long,0.09038580702446963,6.979861111111111,0,0,0,0.0,0.0
BTC,2026-02-26,1771522200,long,0.05208375233665019,6.979861111111111,1,1,0,0.011995592483629396,0.0
BTC,2026-02-07,1770293700,long,0.06053698121581452,2.198611111111111,2,0,1,-0.15480797122959952,0.0
BTC,2026-02-07,1770467400,short,0.1273996878934054,0.18819444444444447,2,0,1,0.20267730825758645,0.0
BTC,2026-02-07,1770295500,long,0.065400169476455,2.1777777777777776,2,0,1,-0.2727755494991278,0.0
BTC,2026-02-07,1770229800,long,0.05174522406468296,2.9381944444444446,2,0,1,-0.5287752813385994,0.0
BTC,2026-02-07,1770227100,long,0.08422645743462853,2.9694444444444446,2,0,1,-0.4780561281092254,0.0
BTC,2026-02-07,1770223500,long,0.0806394129239445,3.0111111111111115,2,0,1,-0.49451192075503675,0.0
BTC,2026-02-08,1770255000,short,0.09051374287207814,3.6465277777777776,1,1,0,-0.022157027053193806,1.0
BTC,2026-02-08,1770291000,long,0.051447550560302036,3.229861111111111,2,0,1,0.8359517573740912,1.0
BTC,2026-02-08,1770409800,short,0.05190026844119788,1.854861111111111,2,0,1,-0.6662762384376926,1.0
BTC,2026-02-08,1770473700,long,0.05451310687205746,1.1152777777777778,2,0,1,0.6471656960886407,1.0
BTC,2026-02-08,1770555600,short,0.08099816522359798,0.16736111111111113,2,0,1,-0.18692104180364513,1.0
BTC,2026-02-08,1770260400,long,0.07245296600138373,3.584027777777778,2,0,1,0.6643468780988638,1.0
BTC,2026-02-08,1770295500,long,0.07543179783196097,3.1777777777777776,2,0,1,0.5657137855076873,1.0
BTC,2026-02-09,1770184800,short,0.050409953754433134,5.459027777777778,1,1,0,-0.015186488522578498,1.0
BTC,2026-02-09,1770291000,long,0.06175458423445135,4.229861111111111,2,0,1,0.8681328093062327,1.0
BTC,2026-02-09,1770449400,long,0.05365353887936153,2.3965277777777776,2,0,1,0.7863459077112851,1.0
BTC,2026-02-09,1770387300,long,0.05950738730406124,3.115277777777778,1,1,0,0.01242848713198337,1.0
BTC,2026-02-09,1770478200,long,0.054181232097165744,2.0631944444444446,2,0,1,0.5845377319823594,1.0
BTC,2026-02-09,1770242400,long,0.07073527389595546,4.792361111111111,2,0,1,0.559884884050948,1.0
BTC,2026-03-01,1772045100,long,0.05342142906539471,3.927777777777778,2,0,1,-0.010505678739464286,0.0
BTC,2026-03-10,1772775900,long,0.051155263019043495,4.427777777777778,1,1,0,-0.002154259727368796,1.0
BTC,2026-03-11,1773169200,long,0.05405548303549601,0.8756944444444444,2,0,1,0.6353611628090687,1.0
BTC,2026-03-12,1772761500,short,0.05844353336420349,6.594444444444445,1,1,0,-0.024170046266300704,1.0
BTC,2026-03-12,1772761500,long,0.06155646663579639,6.594444444444445,2,0,1,0.8983123715180463,1.0
BTC,2026-03-12,1773258300,long,0.05445525179265909,0.8444444444444444,2,0,1,0.5967822148417214,1.0
BTC,2026-03-12,1772966700,long,0.05995742251051661,4.219444444444444,1,1,0,0.009680696550330548,1.0
BTC,2026-03-12,1772751600,long,0.0877560886090305,6.709027777777777,1,1,0,-0.05995120695802331,1.0
BTC,2026-03-12,1772754300,short,0.058742856167039004,6.677777777777777,0,0,0,0.0,1.0
BTC,2026-03-14,1773321300,long,0.05196316481139851,2.1152777777777776,2,0,1,0.5251259107500914,1.0
BTC,2026-03-16,1773294300,long,0.05473980633065323,4.427777777777778,1,1,0,-0.009264313072069305,0.0
BTC,2026-03-16,1773493200,long,0.05015043587355006,2.1256944444444446,2,0,1,0.2561718554095954,1.0
BTC,2026-03-17,1773174600,long,0.05565360013040688,6.813194444444444,2,0,1,-0.12269666080682076,0.0
BTC,2026-03-17,1773477000,long,0.0987118537061602,3.313194444444444,2,0,1,-0.28153013596798565,0.0
BTC,2026-03-17,1773308700,long,0.054034231637061,5.261111111111111,2,0,1,0.559704690783704,1.0
BTC,2026-03-18,1773259200,long,0.056033596232899496,6.834027777777778,1,1,0,-0.018265980040071093,1.0
BTC,2026-03-18,1773477000,long,0.18001633835404807,4.313194444444445,2,0,1,0.7759269888915369,1.0
BTC,2026-03-19,1773334800,short,0.059327262977320494,6.959027777777777,1,1,0,-0.022663217322116572,0.0
BTC,2026-03-19,1773344700,long,0.06715450503249554,6.844444444444445,2,0,1,-0.09766301339482752,0.0
BTC,2026-03-19,1773477000,long,0.06321792499145262,5.313194444444444,1,1,0,-0.03328017054323061,0.0
BTC,2026-03-19,1773913500,long,0.07153942072455921,0.2611111111111111,2,0,1,-0.3118535816012852,0.0
BTC,2026-03-20,1773785700,short,0.0510879325354765,2.7402777777777776,1,1,0,-0.013974963186987079,0.0
BTC,2026-03-22,1773918900,long,0.05054678097996934,3.198611111111111,2,0,1,-0.3127053691098258,0.0
BTC,2026-03-23,1774106100,long,0.05224598049125628,2.0319444444444446,2,0,1,0.6709593351835973,1.0
BTC,2026-03-23,1773984600,long,0.06096928532299328,3.4381944444444446,2,0,1,0.6000781925890801,1.0
BTC,2026-03-23,1774074600,long,0.0599436486674787,2.3965277777777776,2,0,1,0.5229036226600804,1.0
BTC,2026-03-24,1773779400,short,0.061204426372927556,6.813194444444444,2,0,1,0.24069279241446306,0.0
BTC,2026-03-24,1774264500,short,0.07677793131968325,1.198611111111111,2,0,1,0.41522690254087724,0.0
BTC,2026-03-24,1774340100,long,0.051862253079392406,0.3236111111111111,2,0,1,-0.5977478175278912,0.0
BTC,2026-03-24,1773975600,long,0.05351945326366003,4.542361111111111,0,0,0,0.0,0.0
BTC,2026-03-25,1773851400,long,0.05726304719017894,6.979861111111111,0,0,0,0.0,1.0
BTC,2026-03-25,1773853200,short,0.052309975315209645,6.959027777777777,1,1,0,-0.023679670395342682,1.0
BTC,2026-03-25,1774363500,long,0.052628046468845335,1.0527777777777778,2,0,1,0.6270214171441607,1.0
BTC,2026-03-25,1773973800,short,0.05991811042599804,5.563194444444444,1,1,0,-0.01726302121224381,1.0
BTC,2026-03-26,1773938700,long,0.07102036437703108,6.969444444444444,1,1,0,-0.11912864589679555,0.0
BTC,2026-03-26,1773961200,short,0.051207379363208405,6.709027777777777,0,0,0,0.0,0.0
BTC,2026-03-26,1773941400,long,0.09258434188198561,6.938194444444445,0,0,0,0.0,0.0
BTC,2026-03-27,1774409400,short,0.0503730468743131,2.521527777777778,1,1,0,-0.023232814062346813,0.0
BTC,2026-03-31,1774382400,long,0.06092062043544488,6.834027777777778,1,1,0,-0.027284959412275933,0.0
BTC,2026-03-04,1772047800,long,0.05074756757711363,6.896527777777778,2,0,1,-0.17982343927402508,0.0
BTC,2026-03-04,1772494200,long,0.05790455566703345,1.7298611111111113,2,0,1,-0.44645167836141963,0.0
BTC,2026-03-05,1772494200,long,0.06420711389295342,2.729861111111111,2,0,1,0.5364259274440564,1.0
BTC,2026-03-08,1772805600,long,0.05186519422691327,2.084027777777778,2,0,1,-0.07555850280866501,0.0
BTC,2026-03-09,1772687700,short,0.05055965206719526,4.448611111111111,1,1,0,-0.01743814953121049,0.0
BTC,2026-05-11,1778215500,long,0.07502495566315037,3.469444444444444,1,1,0,-0.02658128378113888,0.0
BTC,2026-04-14,1775595600,long,0.05662126651713573,6.792361111111111,1,1,0,-0.0413613986864476,0.0
BTC,2026-04-15,1775674800,long,0.050283807424659877,6.875694444444445,0,0,0,0.0,1.0
BTC,2026-04-15,1775683800,short,0.0533094968845399,6.771527777777778,2,0,1,-0.7203173950180218,1.0
BTC,2026-04-16,1775754900,short,0.06741736617195249,6.948611111111112,0,0,0,0.0,0.0
BTC,2026-04-18,1776216600,short,0.051796512561995245,3.6048611111111106,2,0,1,0.19199054202732108,0.0
BTC,2026-04-19,1776306600,short,0.050586637646013954,3.5631944444444446,2,0,1,-0.5026467136531254,1.0
BTC,2026-04-22,1776300300,short,0.07670551944360715,6.636111111111112,1,1,0,-0.03069213036590672,0.0
BTC,2026-04-22,1776300300,long,0.06329448055639286,6.636111111111112,1,1,0,-0.03251286963409321,0.0
BTC,2026-04-23,1776366900,short,0.054042197112261325,6.865277777777778,2,0,1,0.1633931113106179,0.0
BTC,2026-04-28,1776805200,short,0.06532297278544685,6.792361111111111,1,1,0,0.011525331209104449,0.0
BTC,2026-04-29,1776889800,long,0.051210343354972876,6.813194444444444,0,0,0,0.0,0.0
BTC,2026-04-30,1776963600,long,0.05070285479994063,6.959027777777777,0,0,0,0.0,0.0
BTC,2026-04-30,1776966300,short,0.05886942328130762,6.927777777777777,0,0,0,0.0,0.0
BTC,2026-04-30,1777486500,short,0.05379234379762032,0.9069444444444446,2,0,1,0.08796094240304969,0.0
BTC,2026-04-07,1774988100,long,0.059495688234896704,6.823611111111111,0,0,0,0.0,0.0
BTC,2026-04-07,1774992600,short,0.06077469850609163,6.771527777777778,0,0,0,0.0,0.0
BTC,2026-04-08,1775061000,long,0.08064978336928674,6.979861111111111,1,1,0,0.05656034649393276,0.0
BTC,2026-02-10,1770296400,long,0.05831150400745,5.167361111111111,2,0,1,-0.10807928702395313,0.0
BTC,2026-02-10,1770468300,long,0.050955457840968554,3.1777777777777776,2,0,1,-0.10810184057863503,0.0
BTC,2026-02-10,1770401700,long,0.06261846860865417,3.9486111111111115,2,0,1,-0.17796860929949512,0.0
BTC,2026-02-10,1770522300,long,0.05395226259125763,2.5527777777777776,1,1,0,-0.016690957772309212,0.0
BTC,2026-02-10,1770437700,long,0.05133168565857016,3.5319444444444446,1,1,0,0.04069439975992872,0.0
BTC,2026-02-11,1770228000,long,0.06660264804997373,6.959027777777777,1,1,0,0.0005586914133997138,0.0
BTC,2026-02-11,1770393600,long,0.06137164737407996,5.042361111111111,1,1,0,-0.013849624548869122,0.0
BTC,2026-02-11,1770480000,long,0.061586975410844236,4.042361111111111,2,0,1,-0.008330836186959928,0.0
BTC,2026-02-11,1770566400,long,0.050350019018843284,3.042361111111111,2,0,1,-0.06177251685322174,0.0
BTC,2026-02-11,1770325200,long,0.051037648681679926,5.834027777777778,1,1,0,-0.054837912009721414,0.0
BTC,2026-02-11,1770444000,long,0.06432993416526611,4.459027777777777,1,1,0,0.005020847304573972,0.0
BTC,2026-02-11,1770541200,long,0.05249569056005221,3.3340277777777776,2,0,1,-0.046069975455487994,0.0
BTC,2026-02-12,1770330600,short,0.07212407510357988,6.771527777777778,1,1,0,-0.026577636727715428,0.0
BTC,2026-02-12,1770394500,long,0.05419377714058915,6.031944444444444,2,0,1,-0.0332336397896993,0.0
BTC,2026-02-12,1770480900,long,0.05083845255548769,5.031944444444444,0,0,0,0.0,0.0
BTC,2026-02-12,1770569100,long,0.05150291666838913,4.011111111111111,2,0,1,-0.05325696972344714,0.0
BTC,2026-02-12,1770591600,long,0.05268593634122953,3.7506944444444446,2,0,1,-0.06699343844668182,0.0
BTC,2026-02-14,1770769800,long,0.053651961700256434,3.6881944444444446,1,1,0,0.033630474245791755,0.0
BTC,2026-02-15,1770765300,long,0.050135616064130195,4.740277777777778,0,0,0,0.0,0.0
BTC,2026-02-17,1770758100,long,0.056206233130106975,6.823611111111111,1,1,0,0.007696813193077967,0.0
BTC,2026-02-17,1770765300,long,0.05493433762091171,6.740277777777778,1,1,0,-0.009955276577363871,0.0
BTC,2026-02-17,1770754500,long,0.053967040982059844,6.865277777777778,1,1,0,-0.01827572431881571,0.0
BTC,2026-02-18,1770840900,long,0.05059637319262089,6.865277777777778,1,1,0,0.006963589610069961,0.0
BTC,2026-02-18,1771118100,long,0.059725378333750356,3.656944444444444,2,0,1,0.006825459902653264,0.0
BTC,2026-02-26,1771522200,long,0.05208391921544964,6.979861111111111,1,1,0,0.015194232953021154,0.0
BTC,2026-02-07,1770156900,short,0.051393839548910636,3.781944444444444,2,0,1,0.2918565066066581,0.0
BTC,2026-02-08,1770210900,short,0.05675592737824531,4.156944444444445,1,1,0,-0.07118416163349328,0.0
BTC,2026-02-08,1770257700,long,0.0654284803088685,3.615277777777778,2,0,1,-0.13971518653783707,0.0
BTC,2026-02-08,1770419700,long,0.05495296337941924,1.7402777777777776,1,1,0,-0.0316618559808027,0.0
BTC,2026-02-08,1770177600,short,0.05765316322075453,4.542361111111111,1,1,0,-0.021574291765195503,0.0
BTC,2026-02-08,1770288300,long,0.05673908210674106,3.261111111111111,2,0,1,-0.25984404512591996,0.0
BTC,2026-02-09,1770211800,short,0.052091260142770546,5.146527777777778,1,1,0,-0.02262814490453785,0.0
BTC,2026-02-09,1770260400,long,0.05695465745564077,4.584027777777778,2,0,1,-0.11822404691481186,0.0
BTC,2026-02-09,1770394500,long,0.05160294208039007,3.031944444444444,1,1,0,0.03166172820308527,0.0
BTC,2026-02-09,1770558300,long,0.05527742162503535,1.136111111111111,2,0,1,-0.16874684259576134,0.0
BTC,2026-02-09,1770227100,long,0.056733385250643975,4.969444444444444,2,0,1,-0.2452809605127036,0.0
BTC,2026-02-09,1770407100,long,0.05030432040069188,2.886111111111111,2,0,1,-0.2444547976619639,0.0
BTC,2026-02-09,1770279300,long,0.05063799136135683,4.365277777777778,2,0,1,-0.2892624397676638,0.0
BTC,2026-02-09,1770418800,long,0.06962018413947368,2.7506944444444446,1,1,0,-0.03414668120335361,0.0
BTC,2026-02-09,1770224400,long,0.07528706856622125,5.000694444444444,1,1,0,-0.0017182668277619688,0.0
BTC,2026-02-09,1770223500,long,0.05522905047755655,5.011111111111111,2,0,1,-0.36477905139033084,0.0
BTC,2026-03-12,1772758800,long,0.08233357653198348,6.625694444444445,0,0,0,0.0,0.0
BTC,2026-03-12,1772759700,short,0.05010309847561856,6.615277777777777,1,1,0,-0.021092820499706885,0.0
BTC,2026-03-12,1772785800,long,0.10396855570270702,6.313194444444445,0,0,0,0.0,0.0
BTC,2026-03-17,1773174600,long,0.05392224854318206,6.813194444444444,1,1,0,-0.010393640043460233,1.0
BTC,2026-03-17,1773477000,short,0.07800913779035656,3.313194444444444,2,0,1,-0.6443566589496321,1.0
BTC,2026-03-18,1773246600,long,0.06373863457144724,6.979861111111111,2,0,1,-0.09304983769384131,0.0
BTC,2026-03-18,1773477000,short,0.15734442767789114,4.313194444444445,2,0,1,0.21168151841821065,0.0
BTC,2026-03-18,1773533700,long,0.05171324583828474,3.656944444444444,1,1,0,-0.029977422631860543,0.0
BTC,2026-03-19,1773334800,short,0.05444719706845347,6.959027777777777,2,0,1,0.18781814330249477,0.0
BTC,2026-03-19,1773334800,long,0.07555280293154643,6.959027777777777,1,1,0,-0.022663217322116572,0.0
BTC,2026-03-19,1773477000,short,0.055042040921738145,5.313194444444444,1,1,0,-0.03556426567216203,0.0
BTC,2026-03-19,1773337500,long,0.08763368763398449,6.927777777777777,1,1,0,-0.008844843712492258,0.0
BTC,2026-03-23,1773973800,long,0.05003408588125491,3.5631944444444446,1,1,0,-0.0016885385061127939,0.0
BTC,2026-03-23,1773990000,long,0.0523138755051018,3.3756944444444446,1,1,0,-0.009454811179079231,0.0
BTC,2026-03-24,1773777600,short,0.05320821736627068,6.834027777777778,1,1,0,-0.02339463320453647,0.0
BTC,2026-03-24,1774013400,long,0.0515916143591828,4.104861111111111,1,1,0,-0.009148166645724487,0.0
BTC,2026-03-24,1773990000,long,0.05706532051289481,4.375694444444444,0,0,0,0.0,0.0
BTC,2026-03-25,1773851400,long,0.060150280340069084,6.979861111111111,0,0,0,0.0,0.0
BTC,2026-03-27,1774388700,long,0.05272697976493612,2.761111111111111,2,0,1,0.05229660967927641,0.0
BTC,2026-03-29,1774388700,short,0.060229855812907296,4.761111111111111,1,1,0,-0.03521342630416609,0.0
BTC,2026-03-31,1774382400,long,0.05714405126384858,6.834027777777778,1,1,0,-0.02358667157326539,0.0
BTC,2026-03-04,1772199000,long,0.06220290441904863,5.146527777777778,1,1,0,0.002425557319911696,1.0
BTC,2026-05-01,1777374900,long,0.05835293224769167,3.198611111111111,1,1,0,0.015072808038683685,0.0
BTC,2026-05-03,1777488300,long,0.050795302982881374,3.886111111111111,1,1,0,-0.019017320639287072,0.0
BTC,2026-05-03,1777579200,long,0.05084894224141712,2.834027777777778,2,0,1,0.017705026328314222,0.0
BTC,2026-05-05,1777463100,short,0.05182718354311,6.177777777777778,1,1,0,-0.03104123681587803,0.0
BTC,2026-05-06,1777482900,short,0.07043774867429975,6.948611111111112,1,1,0,-0.014819920089587258,0.0
BTC,2026-05-07,1777566600,short,0.06427589577773418,6.979861111111111,0,0,0,0.0,0.0
BTC,2026-04-14,1775601900,long,0.05334001805121624,6.719444444444444,1,1,0,-0.00787063359582153,1.0
BTC,2026-04-15,1775667600,long,0.05254802413767212,6.959027777777777,1,1,0,-0.012248485706158687,0.0
BTC,2026-04-15,1775954700,long,0.05496833462037953,3.6361111111111115,1,1,0,-0.0034239635045686945,0.0
BTC,2026-04-20,1776206700,short,0.053583819950665856,5.719444444444444,1,1,0,-0.029500429574594013,1.0
BTC,2026-04-21,1776488400,short,0.05009595339153017,3.459027777777778,2,0,1,-0.7100900766228966,1.0
BTC,2026-04-21,1776203100,short,0.0796180067213127,6.761111111111111,1,1,0,-0.04833425068363093,1.0
BTC,2026-04-21,1776202200,short,0.06645837427867562,6.771527777777778,2,0,1,-0.4740834484156299,1.0
BTC,2026-04-22,1776299400,long,0.08197912044905298,6.646527777777777,1,1,0,-0.02015891379030908,0.0
BTC,2026-04-22,1776299400,short,0.07802087955094683,6.646527777777777,0,0,0,0.0,0.0
BTC,2026-04-23,1776362400,long,0.05003371519064448,6.91736111111111,2,0,1,-0.17523990459785665,0.0
BTC,2026-04-23,1776379500,short,0.0505952143440882,6.719444444444444,1,1,0,0.019935780131121204,0.0
BTC,2026-04-23,1776375900,long,0.05875846852791966,6.761111111111111,1,1,0,-0.017664185652826334,0.0
BTC,2026-04-27,1776873600,long,0.06948561215851279,5.000694444444444,1,1,0,-0.041106950363785165,0.0
BTC,2026-04-28,1776805200,short,0.050611534116200785,6.792361111111111,0,0,0,0.0,0.0
BTC,2026-04-29,1776875400,short,0.0683038566068872,6.979861111111111,1,1,0,-0.022337760465050874,1.0
BTC,2026-04-29,1776889800,short,0.0728037284139691,6.813194444444444,0,0,0,0.0,1.0
BTC,2026-04-30,1776962700,short,0.07160719697826179,6.969444444444444,1,1,0,0.0032671078505621468,0.0
BTC,2026-04-30,1777486500,long,0.05039120988933976,0.9069444444444446,2,0,1,-0.38708284477749877,0.0
BTC,2026-04-07,1774991700,long,0.05151698624068901,6.781944444444444,1,1,0,-0.001673007909223827,0.0
BTC,2026-04-08,1775061900,long,0.05353733959687412,6.969444444444444,1,1,0,-0.017619663977048616,0.0
BTC,2026-02-10,1770305400,short,0.0528562637453428,5.063194444444445,2,0,1,0.13083130891511013,0.0
BTC,2026-02-10,1770399900,long,0.0718604803296754,3.9694444444444446,2,0,1,-0.03839029623277957,0.0
BTC,2026-02-10,1770557400,long,0.05587411390732222,2.146527777777778,2,0,1,-0.01734397454139136,0.0
BTC,2026-02-10,1770438600,long,0.05617083430967229,3.5215277777777776,1,1,0,0.07272549884126431,0.0
BTC,2026-02-11,1770228000,long,0.06958589081314415,6.959027777777777,2,0,1,-0.01961858394926349,0.0
BTC,2026-02-12,1770325200,short,0.06558263330600844,6.834027777777778,1,1,0,-0.031592739325567776,0.0
BTC,2026-02-12,1770467400,long,0.07178655931672018,5.188194444444444,1,1,0,-0.02281893503213641,0.0
BTC,2026-02-12,1770408000,long,0.053243391399389495,5.875694444444444,2,0,1,0.01652652878747282,0.0
BTC,2026-02-17,1770758100,long,0.053194909101962784,6.823611111111111,1,1,0,0.0012724288901549106,0.0
BTC,2026-02-06,1770144300,long,0.0665409245516344,2.9277777777777776,2,0,1,-0.13425557284112613,0.0
BTC,2026-02-06,1770246900,long,0.051772955898969464,1.7402777777777776,2,0,1,-0.05166551387312801,0.0
BTC,2026-02-06,1770142500,long,0.06826060853863547,2.948611111111111,2,0,1,-0.1703624031867798,0.0
BTC,2026-02-07,1770152400,short,0.052484965815404516,3.8340277777777776,2,0,1,0.2973509940090847,0.0
BTC,2026-02-07,1770213600,long,0.05273954023338545,3.1256944444444446,2,0,1,-0.18145588961728862,0.0
BTC,2026-02-07,1770220800,long,0.06419692715313108,3.042361111111111,2,0,1,-0.15944764970910016,0.0
BTC,2026-02-08,1770152400,short,0.05153429990599645,4.834027777777778,1,1,0,-0.03715669756034329,0.0
BTC,2026-02-08,1770213600,long,0.05294945498114578,4.125694444444445,2,0,1,-0.1641606120614692,0.0
BTC,2026-02-08,1770195600,short,0.052564681268393976,4.334027777777778,1,1,0,-0.011944037825379394,0.0
BTC,2026-02-08,1770212700,long,0.05823268328516096,4.136111111111111,2,0,1,-0.3178530208769312,0.0
BTC,2026-02-08,1770226200,long,0.0653266560061394,3.979861111111111,1,1,0,0.009632648163517823,0.0
BTC,2026-02-09,1770209100,short,0.05301158772097936,5.177777777777778,1,1,0,0.03187089608061755,0.0
BTC,2026-02-09,1770255000,long,0.056697128056074186,4.646527777777778,1,1,0,0.028744925952259637,0.0
BTC,2026-02-09,1770252300,long,0.052129234762918975,4.677777777777778,2,0,1,-0.16583803638920103,0.0
BTC,2026-03-11,1772661600,long,0.06044228319359335,6.750694444444444,1,1,0,-0.022403654216342064,0.0
BTC,2026-03-12,1772758800,short,0.06176264111012397,6.625694444444445,0,0,0,0.0,0.0
BTC,2026-03-12,1772758800,long,0.07823735888987615,6.625694444444445,1,1,0,-0.021246102503456054,0.0
BTC,2026-03-12,1772782200,long,0.054853943967843044,6.354861111111112,1,1,0,-0.020451100271949185,0.0
BTC,2026-03-17,1773176400,long,0.05280301126172704,6.792361111111111,1,1,0,-0.010229828906942177,0.0
BTC,2026-03-18,1773246600,long,0.05414224732439865,6.979861111111111,1,1,0,-0.0004364257562325029,0.0
BTC,2026-03-19,1773334800,short,0.060748754979340513,6.959027777777777,1,1,0,-0.008405671360932152,0.0
BTC,2026-03-19,1773334800,long,0.0792512450206595,6.959027777777777,1,1,0,-0.019936930116390656,0.0
BTC,2026-03-19,1773672300,long,0.051428479411053996,3.0527777777777776,1,1,0,-0.025410700227606484,0.0
BTC,2026-03-19,1773356400,long,0.06414302353065815,6.709027777777777,1,1,0,-0.025085047893123723,0.0
BTC,2026-03-19,1773691200,long,0.05159674665517722,2.834027777777778,2,0,1,-0.10377044892496218,0.0
BTC,2026-03-19,1773341100,long,0.05467189768276781,6.886111111111111,1,1,0,-0.020822301293853315,0.0
BTC,2026-03-24,1773777600,long,0.05293394494261716,6.834027777777778,0,0,0,0.0,0.0
BTC,2026-03-24,1773781200,short,0.05680601520602513,6.792361111111111,1,1,0,0.0014181535561812522,0.0
BTC,2026-03-29,1774388700,long,0.10872227728492323,4.761111111111111,0,0,0,0.0,0.0
BTC,2026-05-01,1777500900,short,0.052067160206265006,1.7402777777777776,1,1,0,-0.02768535301992909,0.0
BTC,2026-05-14,1778184900,long,0.0750289144943137,6.823611111111111,0,0,0,0.0,0.0
BTC,2026-05-03,1777595400,long,0.05199676705850953,2.6465277777777776,2,0,1,0.013832187265448326,0.0
BTC,2026-05-05,1777446900,long,0.053726842787715334,6.365277777777777,1,1,0,-0.03310667524944365,0.0
BTC,2026-05-05,1777414500,short,0.08117305333693947,6.740277777777778,1,1,0,-0.002886620776621657,0.0
BTC,2026-05-06,1777482900,short,0.05700136339375139,6.948611111111112,1,1,0,-0.034774705164362665,0.0
BTC,2026-05-06,1777482900,long,0.06299863660624871,6.948611111111112,1,1,0,-0.014819920089587258,0.0
BTC,2026-05-06,1777485600,long,0.05873921376071678,6.91736111111111,1,1,0,0.021070486387329453,0.0
BTC,2026-05-06,1777660200,short,0.05126318092545257,4.896527777777778,2,0,1,0.08252522330728351,0.0
BTC,2026-05-07,1777566600,long,0.054711628359426,6.979861111111111,0,0,0,0.0,0.0
BTC,2026-05-07,1777566600,short,0.0552883716405741,6.979861111111111,0,0,0,0.0,0.0
BTC,2026-04-15,1775671200,long,0.052347238383933625,6.91736111111111,1,1,0,-0.03458587002157684,0.0
BTC,2026-04-16,1775765700,long,0.05019038256477626,6.823611111111111,1,1,0,0.008752244015227298,0.0
BTC,2026-04-22,1776299400,short,0.06813213989179967,6.646527777777777,1,1,0,-0.02015891379030908,0.0
BTC,2026-04-22,1776299400,long,0.09186786010820014,6.646527777777777,1,1,0,-0.013343655342405315,0.0
BTC,2026-04-22,1776309300,short,0.07007558868112218,6.531944444444445,0,0,0,0.0,1.0
BTC,2026-04-23,1776361500,long,0.05336173325724358,6.927777777777777,0,0,0,0.0,0.0
BTC,2026-04-23,1776358800,long,0.052381367176763005,6.959027777777777,1,1,0,-0.0013770566811409368,1.0
BTC,2026-04-23,1776699000,long,0.07082056723132801,3.0215277777777776,1,1,0,-0.015091191657108559,1.0
BTC,2026-04-23,1776485700,long,0.05241669899057233,5.490277777777778,1,1,0,0.008177158892102,1.0
BTC,2026-04-28,1776812400,short,0.05225966486219602,6.709027777777777,1,1,0,-0.021935990081185713,1.0
BTC,2026-04-29,1776875400,long,0.0501723553441793,6.979861111111111,0,0,0,0.0,0.0
BTC,2026-04-29,1776875400,short,0.0698276446558207,6.979861111111111,1,1,0,-0.02558607675346214,0.0
BTC,2026-04-29,1777456800,long,0.08093730470125693,0.25069444444444444,2,0,1,-1.4261006100500648,0.0
BTC,2026-04-30,1776962700,long,0.05747669000573641,6.969444444444444,0,0,0,0.0,1.0
BTC,2026-04-30,1776962700,short,0.06252330999426348,6.969444444444444,1,1,0,-0.0175767470433591,1.0
BTC,2026-04-30,1777380300,long,0.05709126799826181,2.136111111111111,2,0,1,0.704899829414776,1.0
BTC,2026-04-30,1776983400,short,0.05649495076765254,6.729861111111111,1,1,0,0.004275009002991555,1.0
BTC,2026-02-11,1770228000,long,0.06278948182651978,6.959027777777777,2,0,1,0.03331166015716314,0.0
BTC,2026-02-11,1770325200,short,0.060646337906993475,5.834027777777778,1,1,0,-0.02978010913751172,0.0
BTC,2026-02-12,1770325200,long,0.14203178895260204,6.834027777777778,1,1,0,-0.031592739325567776,0.0
BTC,2026-02-17,1770758100,long,0.05840204156920081,6.823611111111111,0,0,0,0.0,0.0
BTC,2026-02-05,1769714100,short,0.08967055924031819,6.906944444444445,2,0,1,0.33628674260672475,0.0
BTC,2026-02-05,1769729400,long,0.05218788946598396,6.729861111111111,1,1,0,-0.053209755270400304,0.0
BTC,2026-02-05,1769874300,short,0.05167665879324268,5.052777777777778,2,0,1,0.36577459506071563,0.0
BTC,2026-02-05,1769885100,long,0.05168417928453373,4.927777777777777,2,0,1,-0.16252832225716562,0.0
BTC,2026-02-05,1769970600,short,0.05122528577481311,3.938194444444444,1,1,0,-0.04429745857099017,0.0
BTC,2026-02-05,1770014700,long,0.05175493445618495,3.427777777777778,2,0,1,-0.12109563771552477,0.0
BTC,2026-02-05,1769880600,long,0.06187053664472453,4.979861111111111,2,0,1,-0.4279076491585325,0.0
BTC,2026-02-06,1770138000,long,0.055958818189500104,3.000694444444444,2,0,1,-0.1367209104262239,0.0
BTC,2026-02-07,1770197400,long,0.05111603820271449,3.313194444444444,2,0,1,-0.11949005963527315,0.0
BTC,2026-02-07,1770204600,long,0.06335816427006291,3.229861111111111,2,0,1,-0.0009139824489359238,0.0
BTC,2026-02-08,1770214500,long,0.051068997803332294,4.115277777777778,2,0,1,-0.0867126760649051,0.0
BTC,2026-02-08,1770201000,long,0.05051440344854474,4.271527777777778,2,0,1,-0.15262319228932825,0.0
BTC,2026-02-09,1770235200,long,0.05261934632886045,4.875694444444444,1,1,0,-0.007557189647524151,0.0
BTC,2026-03-11,1772661600,short,0.05082247708261889,6.750694444444444,0,0,0,0.0,0.0
BTC,2026-03-12,1772758800,long,0.07565240683850627,6.625694444444445,0,0,0,0.0,0.0
BTC,2026-03-12,1772761500,short,0.05223917632383246,6.594444444444445,1,1,0,-0.027106671931095522,0.0
BTC,2026-03-12,1772808300,short,0.05785590499532389,6.052777777777777,0,0,0,0.0,0.0
BTC,2026-03-19,1773334800,short,0.051906040298358214,6.959027777777777,0,0,0,0.0,0.0
BTC,2026-03-19,1773345600,long,0.05425121753526452,6.834027777777778,0,0,0,0.0,0.0
BTC,2026-03-24,1773777600,long,0.0595116047549924,6.834027777777778,2,0,1,-0.03314679725142059,0.0
BTC,2026-03-24,1773781200,short,0.05919940922389799,6.792361111111111,1,1,0,0.00856892629861191,0.0
BTC,2026-03-26,1773938700,long,0.05234568051097277,6.969444444444444,0,0,0,0.0,0.0
BTC,2026-03-26,1773949500,short,0.05094399833920238,6.844444444444445,0,0,0,0.0,0.0
BTC,2026-03-04,1772180100,long,0.07561844496020542,5.365277777777778,1,1,0,0.02136674177434554,0.0
BTC,2026-05-01,1777516200,long,0.058592090938274666,1.5631944444444446,2,0,1,-0.5301470762990763,0.0
BTC,2026-05-10,1778134500,long,0.06532425048038326,3.4069444444444446,1,1,0,-0.040464980402790965,0.0
BTC,2026-05-12,1778211900,short,0.05057761120569937,4.511111111111111,2,0,1,0.4328740907023434,0.0
BTC,2026-05-14,1778171400,long,0.055124448399908044,6.979861111111111,1,1,0,-0.08804963933067567,0.0
BTC,2026-05-14,1778171400,short,0.07487555160009196,6.979861111111111,1,1,0,-0.02691438866284723,0.0
BTC,2026-05-14,1778193900,long,0.0893180047782065,6.719444444444444,0,0,0,0.0,0.0
BTC,2026-05-14,1778184000,short,0.09854551199037664,6.834027777777778,1,1,0,0.017114199155959648,1.0
BTC,2026-05-14,1778198400,short,0.058659645677998196,6.667361111111112,1,1,0,-0.020135028599299786,1.0
BTC,2026-05-14,1778188500,short,0.08467997499224214,6.781944444444444,0,0,0,0.0,1.0
BTC,2026-05-05,1777451400,long,0.05023032314516618,6.313194444444445,1,1,0,-0.028579892507406966,0.0
BTC,2026-05-05,1777683600,short,0.05156116320496951,3.625694444444444,2,0,1,0.07885993093627494,0.0
BTC,2026-05-06,1777482900,short,0.05329544834382616,6.948611111111112,1,1,0,-0.03157800602202287,0.0
BTC,2026-05-06,1777482900,long,0.06670455165617395,6.948611111111112,2,0,1,-0.23138081542676406,0.0
BTC,2026-05-07,1777566600,long,0.06158606380413523,6.979861111111111,0,0,0,0.0,0.0
BTC,2026-05-07,1777572900,short,0.05999985149889653,6.906944444444445,0,0,0,0.0,0.0
BTC,2026-04-21,1776491100,long,0.055084550281302436,3.427777777777778,1,1,0,-0.02205181882933689,0.0
BTC,2026-04-21,1776448800,long,0.05347469356539558,3.9173611111111115,1,1,0,-0.03190337858007256,0.0
BTC,2026-04-21,1776490200,long,0.07477031008425383,3.4381944444444446,1,1,0,-0.031987469151500775,0.0
BTC,2026-04-22,1776299400,long,0.07959473555389751,6.646527777777777,0,0,0,0.0,1.0
BTC,2026-04-22,1776307500,short,0.07361914545899106,6.552777777777778,0,0,0,0.0,1.0
BTC,2026-04-23,1776363300,long,0.0514645297710421,6.906944444444445,1,1,0,-0.014450745938722604,1.0
BTC,2026-04-23,1776379500,short,0.05661889942818932,6.719444444444444,1,1,0,-0.009660007113470414,1.0
BTC,2026-04-23,1776483900,long,0.05219867322633509,5.511111111111111,1,1,0,-0.019826806384083927,1.0
BTC,2026-04-28,1776811500,long,0.05830237693646789,6.719444444444444,1,1,0,-0.01212274324713948,0.0
BTC,2026-04-29,1776875400,long,0.0549219138714252,6.979861111111111,1,1,0,-0.03602646723787464,0.0
BTC,2026-04-29,1776875400,short,0.05507808612857468,6.979861111111111,1,1,0,0.04204146723787462,0.0
BTC,2026-04-30,1776962700,short,0.05811421399701122,6.969444444444444,0,0,0,0.0,0.0
BTC,2026-04-30,1776962700,long,0.061885786002988885,6.969444444444444,1,1,0,-0.0175767470433591,0.0
BTC,2025-12-22,1766019600,long,0.050381437753220015,4.667361111111111,0,0,0,0.0,0.0
BTC,2025-12-23,1766045700,short,0.050796757508784096,5.365277777777778,0,0,0,0.0,0.0
BTC,2025-12-24,1766020500,short,0.054118763578328455,6.656944444444444,1,1,0,0.0040937970698632226,0.0
BTC,2025-12-25,1766108700,short,0.050283998236985705,6.636111111111112,0,0,0,0.0,0.0
BTC,2025-12-03,1764594000,short,0.05441121738588617,2.167361111111111,1,1,0,-0.015901176599285256,0.0
BTC,2025-12-08,1764854100,long,0.06480804038548804,4.156944444444445,2,0,1,-0.20184772783841626,0.0
BTC,2026-02-01,1769885100,short,0.07108985218734443,0.9277777777777778,2,0,1,0.34068388916895004,0.0
BTC,2026-02-01,1769711400,short,0.05027961264775904,2.9381944444444446,2,0,1,0.7117627324366727,0.0
BTC,2026-02-01,1769878800,long,0.08091640345408924,1.0006944444444446,2,0,1,-0.6418420593358634,0.0
BTC,2026-02-01,1769879700,long,0.053025537701141046,0.9902777777777777,2,0,1,-0.43131442252113417,0.0
BTC,2026-02-11,1770228000,long,0.055805000268106086,6.959027777777777,2,0,1,0.06805956784277689,0.0
BTC,2026-02-02,1769714100,short,0.051691158009986804,3.9069444444444446,1,1,0,0.0009461910827502432,1.0
BTC,2026-02-02,1769879700,long,0.08919568155529123,1.9902777777777778,2,0,1,0.8263648974470437,1.0
BTC,2026-02-03,1769879700,long,0.09163958784883386,2.990277777777778,2,0,1,-0.14975394848551363,0.0
BTC,2026-02-03,1769875200,long,0.05504402555365551,3.042361111111111,2,0,1,-0.4945606936202146,0.0
BTC,2026-02-03,1769724000,short,0.061418616747705546,4.792361111111111,1,1,0,-0.041329953987766205,0.0
BTC,2026-02-05,1769720400,short,0.07033289053967151,6.834027777777778,0,0,0,0.0,0.0
BTC,2026-02-05,1769885100,long,0.07803294896918334,4.927777777777777,1,1,0,0.007747844916547293,0.0
BTC,2026-02-05,1770014700,long,0.05457695792634576,3.427777777777778,1,1,0,-0.03673676203591285,0.0
BTC,2026-02-05,1769715900,short,0.07134571371522991,6.886111111111111,1,1,0,-0.0713906451513906,0.0
BTC,2026-02-05,1769874300,long,0.05640091804235614,5.052777777777778,1,1,0,-0.04790134587103498,0.0
BTC,2026-02-06,1770179400,long,0.052260740122147986,2.521527777777778,2,0,1,0.23249718660741558,0.0
BTC,2026-02-07,1770183000,long,0.05068612243693238,3.4798611111111115,2,0,1,0.17275130427137586,0.0
BTC,2026-01-28,1769015700,long,0.12078040300020287,6.990277777777777,0,0,0,0.0,1.0
BTC,2026-01-04,1767133800,long,0.06950988905099131,4.771527777777777,0,0,0,0.0,0.0
BTC,2026-03-12,1772758800,short,0.05014838315050951,6.625694444444445,1,1,0,-0.00415594384920074,0.0
BTC,2026-03-19,1773334800,long,0.05651990453354938,6.959027777777777,0,0,0,0.0,0.0
BTC,2026-05-10,1778100300,short,0.05467643513528153,3.8027777777777776,2,0,1,0.20545133024909296,0.0
BTC,2026-05-10,1778057100,short,0.05096186420958548,4.302777777777777,1,1,0,0.006498633781216241,1.0
BTC,2026-05-10,1778049000,short,0.057655527962035824,4.396527777777778,1,1,0,0.004212135384147393,1.0
BTC,2026-05-11,1778248800,long,0.050787521712946315,3.0840277777777776,1,1,0,-0.01420999578314995,0.0
BTC,2026-05-12,1778060700,short,0.05166303851777132,6.261111111111111,2,0,1,-0.5262097797039142,1.0
BTC,2026-05-13,1778088600,short,0.05722904760672787,6.938194444444445,1,1,0,-0.097233234398905,1.0
BTC,2026-05-13,1778362200,long,0.058095611867394314,3.771527777777778,1,1,0,-0.014953304330910208,1.0
BTC,2026-05-13,1778100300,short,0.09409567144526176,6.802777777777778,1,1,0,-0.007641315279772295,1.0
BTC,2026-05-14,1778171400,short,0.07166290787963714,6.979861111111111,1,1,0,-0.08804963933067567,0.0
BTC,2026-05-14,1778171400,long,0.05833709212036298,6.979861111111111,1,1,0,-0.09337349070957994,0.0
BTC,2026-05-14,1778175900,long,0.05642205726111693,6.927777777777777,1,1,0,-0.10226303800824475,1.0
BTC,2026-05-04,1777644900,long,0.0608074254662434,3.073611111111111,1,1,0,0.004299913877157249,0.0
BTC,2026-05-04,1777664700,short,0.05599366626595548,2.844444444444444,1,1,0,-0.017305149424639423,0.0
BTC,2026-05-05,1777465800,long,0.05641437293973084,6.146527777777778,1,1,0,0.0016520107995299238,0.0
BTC,2026-05-05,1777891500,long,0.07454695913703313,1.2194444444444446,2,0,1,-0.43040096546021583,0.0
BTC,2026-05-06,1777482900,short,0.0571466042427935,6.948611111111112,2,0,1,0.4019751158341537,0.0
BTC,2026-05-06,1777482900,long,0.05285339575720638,6.948611111111112,1,1,0,-0.03157800602202287,0.0
BTC,2026-05-06,1777889700,long,0.06261929467399985,2.2402777777777776,2,0,1,-0.3744996955916539,0.0
BTC,2026-05-07,1777566600,long,0.05785837218821532,6.979861111111111,1,1,0,-0.017528265048649114,1.0
BTC,2026-05-07,1777566600,short,0.06214162781178456,6.979861111111111,0,0,0,0.0,1.0
BTC,2026-05-07,1777889700,long,0.0531411980284513,3.2402777777777776,2,0,1,0.7197432956831501,1.0
BTC,2025-11-27,1763660700,short,0.0675126913182793,6.969444444444444,0,0,0,0.0,0.0
BTC,2025-11-27,1763662500,long,0.05332908053140406,6.948611111111112,1,1,0,-0.010381806995657014,0.0
BTC,2025-11-27,1763807400,short,0.051271455453512416,5.271527777777778,0,0,0,0.0,0.0
BTC,2025-11-29,1764112500,long,0.058036790136772876,3.740277777777778,0,0,0,0.0,0.0
BTC,2026-04-22,1776327300,long,0.051431919273890125,6.323611111111112,0,0,0,0.0,0.0
BTC,2026-04-22,1776355200,short,0.05741027972523027,6.000694444444445,0,0,0,0.0,0.0
BTC,2026-04-30,1776962700,short,0.061193701138253065,6.969444444444444,1,1,0,-0.016712162386247332,0.0
BTC,2026-04-30,1776965400,long,0.05238978231443259,6.938194444444445,0,0,0,0.0,0.0
BTC,2026-04-30,1776978900,long,0.05865812633636991,6.781944444444444,1,1,0,-0.007103121135865845,0.0
BTC,2025-12-19,1766011500,long,0.05606677754574041,1.761111111111111,0,0,0,0.0,0.0
BTC,2025-12-02,1764563400,short,0.05518254428043512,1.5215277777777778,2,0,1,-0.06288542179877293,0.0
BTC,2025-12-20,1766010600,long,0.07126637242019662,2.771527777777778,0,0,0,0.0,0.0
BTC,2025-12-20,1766011500,short,0.05297524982852375,2.761111111111111,0,0,0,0.0,0.0
BTC,2025-12-22,1765961100,long,0.051265841838522785,5.344444444444444,0,0,0,0.0,0.0
BTC,2025-12-22,1766014200,short,0.05410142520743799,4.729861111111111,0,0,0,0.0,0.0
BTC,2025-12-22,1766102400,short,0.058266164497882245,3.7090277777777776,1,1,0,0.01882078114971899,0.0
BTC,2025-12-22,1766045700,long,0.07452155675070538,4.365277777777778,0,0,0,0.0,0.0
BTC,2025-12-23,1766005200,long,0.05745930598205473,5.834027777777778,0,0,0,0.0,0.0
BTC,2025-12-23,1766010600,short,0.08439180677486757,5.771527777777777,0,0,0,0.0,0.0
BTC,2025-12-24,1766019600,short,0.055787785879347906,6.667361111111112,1,1,0,0.006133551286999921,1.0
BTC,2025-12-03,1764564300,short,0.0672565112263005,2.511111111111111,2,0,1,-0.04426267288765662,0.0
BTC,2025-12-03,1764549900,short,0.05050683091887376,2.677777777777778,1,1,0,-0.0032788302653836837,0.0
BTC,2025-12-30,1766520000,short,0.05505080526233552,6.875694444444445,0,0,0,0.0,0.0
BTC,2025-12-09,1764753300,long,0.05458267121917626,6.323611111111112,0,0,0,0.0,0.0
BTC,2025-12-09,1764756900,long,0.05348261641033458,6.281944444444445,0,0,0,0.0,0.0
BTC,2025-12-09,1764845100,long,0.06155107204422561,5.261111111111111,0,0,0,0.0,0.0
BTC,2025-12-09,1764707400,long,0.05250413709727897,6.854861111111111,0,0,0,0.0,1.0
BTC,2025-12-09,1764713700,short,0.056707941219853786,6.781944444444444,0,0,0,0.0,1.0
BTC,2026-02-01,1769796900,short,0.054123749192826476,1.948611111111111,2,0,1,0.8461678162217904,0.0
BTC,2026-02-01,1769850000,long,0.06389207704785616,1.3340277777777778,2,0,1,-0.8243733750871475,0.0
BTC,2026-02-01,1769885100,short,0.054166706055781444,0.9277777777777778,2,0,1,0.18135131475121913,0.0
BTC,2026-02-01,1769746500,short,0.058395583249754246,2.531944444444444,2,0,1,0.7241188216471988,0.0
BTC,2026-02-01,1769870700,long,0.05305110721677031,1.0944444444444443,2,0,1,-0.2680734509980182,0.0
BTC,2026-02-01,1769727600,short,0.06094159261348292,2.7506944444444446,2,0,1,1.1022763727771305,0.0
BTC,2026-02-03,1769796900,short,0.050359229986713716,3.9486111111111115,2,0,1,0.428634074835979,0.0
BTC,2026-02-03,1769870700,long,0.058781319336218774,3.0944444444444446,2,0,1,-0.21574962114883037,0.0
BTC,2026-02-03,1769851800,long,0.056110734427257336,3.313194444444444,2,0,1,-0.7266846693985684,0.0
BTC,2026-02-03,1770046200,long,0.05828213194799048,1.0631944444444446,1,1,0,-0.05196645206185195,0.0
BTC,2026-02-04,1769879700,long,0.052621512565008244,3.9902777777777776,2,0,1,-0.05524573684524599,0.0
BTC,2026-02-04,1770038100,long,0.058329329674714936,2.156944444444444,2,0,1,0.03614959223037312,0.0
BTC,2026-02-04,1770035400,long,0.05504501357863578,2.1881944444444446,2,0,1,0.06527225509722706,0.0
BTC,2026-02-05,1769885100,short,0.05293646497717042,4.927777777777777,2,0,1,0.03571919634048007,0.0
BTC,2026-02-05,1770044400,long,0.0518844045790503,3.0840277777777776,1,1,0,0.010286295170917649,0.0
BTC,2026-02-08,1770180300,long,0.050774437922193716,4.511111111111111,1,1,0,0.011184334780852564,0.0
BTC,2026-01-01,1766762100,short,0.0502614064587652,6.073611111111111,0,0,0,0.0,0.0
BTC,2026-01-01,1766765700,long,0.05227197798603056,6.031944444444444,1,1,0,-0.007395322941400946,0.0
BTC,2026-01-29,1769102100,long,0.1079425937524765,6.990277777777777,0,0,0,0.0,1.0
BTC,2026-01-30,1769787000,short,0.06380176737737475,0.06319444444444444,2,0,1,0.056441920633335085,0.0
BTC,2026-01-31,1769737500,long,0.08910363899091411,1.636111111111111,2,0,1,0.7642334265142481,1.0
BTC,2026-01-31,1769849100,long,0.05170406078327772,0.34444444444444444,2,0,1,0.1977165525345731,1.0
BTC,2026-01-31,1769713200,long,0.05079613025627694,1.917361111111111,1,1,0,-0.03796514758745581,1.0
BTC,2026-01-06,1767164400,long,0.051907782497267796,6.417361111111111,1,1,0,-0.0168492085133137,0.0
BTC,2026-05-10,1778245200,short,0.0554763730246165,2.1256944444444446,2,0,1,-0.3661729140514838,1.0
BTC,2026-05-11,1778209200,long,0.054091245151827394,3.542361111111111,2,0,1,0.6140440671175295,1.0
BTC,2026-05-11,1778416200,long,0.05394232636754315,1.1465277777777778,2,0,1,0.4606480719138981,1.0
BTC,2026-05-12,1778067900,long,0.05071783185773637,6.177777777777778,1,1,0,-0.02160754378938526,1.0
BTC,2026-05-12,1778374800,long,0.05822445093102813,2.6256944444444446,2,0,1,0.6586841650056523,1.0
BTC,2026-05-12,1778083200,short,0.05868335669152358,6.000694444444445,0,0,0,0.0,1.0
BTC,2026-05-13,1778116500,long,0.053533493301067825,6.615277777777777,1,1,0,-0.014744975702358352,0.0
BTC,2026-05-13,1778379300,long,0.051092116596219705,3.573611111111111,1,1,0,-0.004446347578295158,0.0
BTC,2026-05-14,1778171400,long,0.07127841657782485,6.979861111111111,0,0,0,0.0,1.0
BTC,2026-05-14,1778171400,short,0.05872158342217526,6.979861111111111,1,1,0,-0.09337349070957994,1.0
BTC,2026-05-14,1778482800,long,0.05134545066809304,3.3756944444444446,2,0,1,0.4749563515025416,1.0
BTC,2026-05-06,1777482900,short,0.05229145626700804,6.948611111111112,1,1,0,0.009691469825946038,1.0
BTC,2026-05-08,1778061600,long,0.0500836378227556,2.2506944444444446,2,0,1,0.4093248550587601,1.0
BTC,2025-11-26,1763721000,long,0.05182933680950308,5.271527777777778,1,1,0,-0.014318678274575336,0.0
BTC,2025-11-27,1763660700,short,0.06161347602764755,6.969444444444444,0,0,0,0.0,0.0
BTC,2025-11-27,1763662500,long,0.05051565266659819,6.948611111111112,1,1,0,-0.004809313422562113,0.0
BTC,2025-11-27,1763795700,short,0.05188017714044291,5.406944444444444,0,0,0,0.0,0.0
BTC,2025-11-27,1763901900,short,0.050652904818481836,4.177777777777778,1,1,0,0.0017089911009540854,0.0
BTC,2026-04-30,1776965400,short,0.05802848688221385,6.938194444444445,0,0,0,0.0,0.0
BTC,2025-12-01,1764115200,short,0.053806547994019294,5.709027777777777,0,0,0,0.0,0.0
BTC,2025-12-01,1764603900,long,0.12706906344216917,0.05277777777777778,2,0,1,0.009961789715960956,0.0
BTC,2025-12-10,1765008900,long,0.054993562825450315,4.365277777777778,0,0,0,0.0,0.0
BTC,2025-12-10,1764892800,long,0.0871849616510254,5.709027777777777,0,0,0,0.0,0.0
BTC,2025-12-15,1765404000,long,0.05048827460233629,4.792361111111111,1,1,0,-0.016178233584088063,0.0
BTC,2025-12-17,1765421100,short,0.05113068755987904,6.594444444444445,1,1,0,0.0007679616617223602,0.0
BTC,2025-12-18,1766013300,long,0.051794226975387714,0.7402777777777778,2,0,1,0.10063139370741059,0.0
BTC,2025-12-18,1765998900,long,0.05247746783388596,0.9069444444444446,2,0,1,-0.20549230242832373,0.0
BTC,2025-12-19,1765958400,short,0.05442523755880324,2.3756944444444446,2,0,1,0.11230841843740706,0.0
BTC,2025-12-19,1766016000,long,0.05362272278128133,1.7090277777777778,1,1,0,-0.0028368775930438413,0.0
BTC,2025-12-19,1766078100,short,0.06636549717737883,0.9902777777777777,2,0,1,0.07721193655889079,0.0
BTC,2025-12-19,1766082600,long,0.05972153421181914,0.9381944444444443,2,0,1,-0.12889903648533954,0.0
BTC,2025-12-19,1766102400,long,0.0552296922149067,0.7090277777777778,2,0,1,0.2954230618840659,1.0
BTC,2025-12-02,1764612900,short,0.06000917069564227,0.9486111111111111,2,0,1,-0.10323352304696676,0.0
BTC,2025-12-20,1765967400,short,0.054068969040785286,3.271527777777778,2,0,1,0.09570315502829725,0.0
BTC,2025-12-20,1766009700,long,0.061556160503270174,2.7819444444444446,1,1,0,-0.001782538018797325,0.0
BTC,2025-12-20,1766079000,short,0.06158027443888303,1.979861111111111,2,0,1,0.11056074861525972,0.0
BTC,2025-12-20,1766010600,short,0.08816986697156648,2.771527777777778,0,0,0,0.0,0.0
BTC,2025-12-20,1766088000,long,0.06781783844755829,1.8756944444444446,2,0,1,-0.364964882834597,0.0
BTC,2025-12-20,1766012400,short,0.07869162107321581,2.7506944444444446,1,1,0,-0.018245107330844553,0.0
BTC,2025-12-21,1765960200,long,0.05026228558003387,4.354861111111111,1,1,0,0.00279792059200059,0.0
BTC,2025-12-21,1766009700,short,0.05825923047925363,3.781944444444444,0,0,0,0.0,0.0
BTC,2025-12-21,1766091600,long,0.05297041677141889,2.834027777777778,1,1,0,0.03400540229165376,0.0
BTC,2025-12-21,1766016000,short,0.10355837396305578,3.7090277777777776,0,0,0,0.0,0.0
BTC,2025-12-22,1766010600,short,0.0789213889911734,4.771527777777777,0,0,0,0.0,0.0
BTC,2025-12-22,1766036700,long,0.060904085945093334,4.469444444444445,0,0,0,0.0,0.0
BTC,2025-12-22,1766106000,short,0.05618996287956357,3.667361111111111,1,1,0,0.018692697227101415,0.0
BTC,2025-12-23,1765960200,long,0.05461167942682277,6.354861111111112,0,0,0,0.0,0.0
BTC,2025-12-23,1765961100,short,0.0546082813376455,6.344444444444444,0,0,0,0.0,0.0
BTC,2025-12-24,1766087100,long,0.05149516207517424,5.886111111111111,1,1,0,-0.032824630419104744,0.0
BTC,2025-12-25,1766105100,long,0.06098491848319387,6.677777777777777,1,1,0,-0.017914707404861396,0.0
BTC,2025-12-25,1766503800,long,0.05346521011568317,2.0631944444444446,1,1,0,-0.04234590181446098,0.0
BTC,2025-12-29,1766550600,short,0.06037370556965416,5.521527777777778,1,1,0,-0.026695602723349518,0.0
BTC,2025-12-30,1766522700,short,0.061939410615771906,6.844444444444445,0,0,0,0.0,0.0
BTC,2025-12-31,1766973600,long,0.06514576377194947,2.6256944444444446,1,1,0,0.06552645954618375,1.0
BTC,2025-12-04,1764601200,short,0.055696108593148,3.0840277777777776,1,1,0,0.006222793255009594,0.0
BTC,2025-12-07,1764728100,long,0.0789039923604331,4.615277777777777,1,1,0,0.017099341373212285,0.0
BTC,2025-12-08,1764804600,long,0.061971830269537564,4.729861111111111,1,1,0,-0.01828023937535741,0.0
BTC,2025-12-08,1764801900,long,0.06084615188251208,4.761111111111111,0,0,0,0.0,1.0
BTC,2025-12-09,1764954000,short,0.06418506056223983,4.000694444444445,1,1,0,-0.018354326187148256,0.0
BTC,2026-02-01,1769737500,long,0.05114489424019841,2.636111111111111,2,0,1,-0.13416428412708692,0.0
BTC,2026-02-01,1769784300,short,0.06121067844160444,2.0944444444444446,2,0,1,0.5564833081692344,0.0
BTC,2026-02-01,1769823900,long,0.06425730283574982,1.636111111111111,2,0,1,-1.531429388023841,0.0
BTC,2026-02-01,1769803200,short,0.05013984325006629,1.8756944444444446,2,0,1,0.9527095671575461,0.0
BTC,2026-02-02,1769740200,long,0.051846898169830125,3.6048611111111106,2,0,1,-0.12122828488809233,0.0
BTC,2026-02-02,1769885100,short,0.05460254188295399,1.9277777777777778,1,1,0,-0.014577309636828618,0.0
BTC,2026-02-03,1769555700,long,0.05728998937802965,6.740277777777778,0,0,0,0.0,0.0
BTC,2026-02-03,1769740200,long,0.052847296584564774,4.604861111111111,1,1,0,-0.0023563461794796903,0.0
BTC,2026-02-03,1769870700,long,0.0548351538647871,3.0944444444444446,2,0,1,-0.00929712000747196,0.0
BTC,2026-02-03,1769885100,short,0.06251939742216639,2.9277777777777776,2,0,1,0.11801588490801737,0.0
BTC,2026-02-03,1769701500,long,0.05399757504049596,5.052777777777778,2,0,1,-0.5373566982281868,0.0
BTC,2026-02-03,1769743800,long,0.05144853681240713,4.563194444444444,1,1,0,0.013143533002160444,0.0
BTC,2026-02-04,1769791500,short,0.0514781044559014,5.011111111111111,2,0,1,0.34006563104996146,0.0
BTC,2026-02-04,1769784300,short,0.05336656856539235,5.094444444444445,1,1,0,-0.03999144999667037,0.0
BTC,2026-02-05,1769713200,long,0.05411087996754649,6.91736111111111,1,1,0,-0.01061718204345817,0.0
BTC,2026-01-01,1766711700,short,0.06430270049823117,6.656944444444444,1,1,0,0.04077108230532183,0.0
BTC,2026-01-01,1766753100,long,0.06249790157739277,6.177777777777778,1,1,0,-0.022570586429049633,0.0
BTC,2026-01-01,1766801700,short,0.05274234876465178,5.615277777777778,1,1,0,-0.024613673048360596,0.0
BTC,2026-01-01,1766850300,long,0.05003517900445198,5.052777777777778,1,1,0,0.003380449325505445,0.0
BTC,2026-01-01,1766967300,long,0.054787088889274305,3.698611111111111,1,1,0,-0.03227268697691526,0.0
BTC,2026-01-01,1767012300,short,0.056862952333951555,3.1777777777777776,0,0,0,0.0,0.0
BTC,2026-01-01,1767010500,short,0.08142974791802193,3.198611111111111,0,0,0,0.0,0.0
BTC,2026-01-14,1767859200,long,0.0601009979625744,6.375694444444444,0,0,0,0.0,0.0
BTC,2026-01-27,1768951800,short,0.05156159545002592,6.729861111111111,1,1,0,0.02696794156481158,0.0
BTC,2026-01-27,1768949100,short,0.08263119861518942,6.761111111111111,0,0,0,0.0,0.0
BTC,2026-01-28,1769017500,short,0.06467687612758988,6.969444444444444,2,0,1,0.12148831436941639,0.0
BTC,2026-01-29,1769701500,short,0.09916821192207625,0.05277777777777778,2,0,1,-0.08348658766096717,0.0
BTC,2026-01-30,1769699700,long,0.0665229017890756,1.073611111111111,1,1,0,-0.06253864450701595,1.0
BTC,2026-01-31,1769737500,long,0.0941061001984238,1.636111111111111,2,0,1,-0.18385088513507036,0.0
BTC,2026-01-31,1769786100,short,0.056971985053346885,1.073611111111111,2,0,1,0.5282969165974726,0.0
BTC,2026-01-05,1767124800,short,0.05904903419573615,5.875694444444444,0,0,0,0.0,0.0
BTC,2026-01-06,1767199500,short,0.05256048160487803,6.011111111111112,0,0,0,0.0,0.0
BTC,2026-01-07,1767243600,short,0.05146580809774237,6.500694444444444,1,1,0,0.00365499670320587,0.0
BTC,2026-01-08,1767443400,long,0.054204753829992125,5.188194444444444,0,0,0,0.0,0.0
BTC,2026-05-10,1778140800,short,0.056387268640485266,3.3340277777777776,1,1,0,0.00019098946631092295,0.0
BTC,2026-05-11,1778150700,short,0.052045657979428395,4.219444444444444,1,1,0,8.620719410146194e-05,0.0
BTC,2026-05-13,1778149800,short,0.05210351992746842,6.229861111111111,2,0,1,0.16742677927747202,0.0
BTC,2026-05-13,1778134500,short,0.05043002852096967,6.406944444444444,1,1,0,-0.020519965760127337,0.0
BTC,2026-05-14,1778175000,short,0.05833361654374025,6.938194444444445,2,0,1,0.2559390979399931,0.0
BTC,2026-05-14,1778175000,long,0.051666383456259846,6.938194444444445,1,1,0,-0.10206281411484656,0.0
BTC,2026-05-14,1778176800,long,0.05101144901087351,6.91736111111111,1,1,0,-0.02936483250883657,0.0
BTC,2026-05-14,1778182200,short,0.0537204985310914,6.854861111111111,1,1,0,-0.0052908615875332235,0.0
BTC,2026-05-06,1777481100,long,0.06868905210450316,6.969444444444444,0,0,0,0.0,0.0
BTC,2025-11-27,1763660700,long,0.05575488759918268,6.969444444444444,0,0,0,0.0,0.0
BTC,2025-11-27,1763662500,short,0.08513203564736282,6.948611111111112,1,1,0,0.020041052219412735,0.0
BTC,2025-11-27,1763729100,long,0.06108218334535187,6.177777777777778,1,1,0,0.037194871029815224,0.0
BTC,2025-11-29,1764109800,short,0.05075208783553786,3.771527777777778,1,1,0,0.025276780809083594,0.0
BTC,2025-11-29,1764112500,short,0.0779008850547186,3.740277777777778,0,0,0,0.0,0.0
BTC,2025-11-30,1764150300,short,0.05498265925873547,4.302777777777777,2,0,1,-0.007191109721419314,0.0
BTC,2026-04-29,1776875400,long,0.059712769309810954,6.979861111111111,2,0,1,0.05236993939069238,0.0
BTC,2026-04-29,1776875400,short,0.06028723069018904,6.979861111111111,0,0,0,0.0,0.0
BTC,2025-12-01,1764169200,short,0.051233352666829934,5.084027777777777,1,1,0,0.08143838301098358,1.0
BTC,2025-12-01,1764549900,short,0.0654741527383409,0.6777777777777778,2,0,1,-0.5763496254592227,1.0
BTC,2025-12-01,1764591300,long,0.05379922059285258,0.1986111111111111,2,0,1,0.2225178395395086,1.0
BTC,2025-12-01,1764177300,short,0.06512575864284664,4.990277777777778,1,1,0,0.05758625788841046,1.0
BTC,2025-12-10,1764822600,long,0.06471083471621719,6.521527777777778,0,0,0,0.0,0.0
BTC,2025-12-10,1764866700,short,0.05015752831096765,6.011111111111112,0,0,0,0.0,0.0
BTC,2025-12-10,1765008900,short,0.07208782679714132,4.365277777777778,0,0,0,0.0,0.0
BTC,2025-12-10,1764814500,long,0.05080517544409413,6.615277777777777,0,0,0,0.0,0.0
BTC,2025-12-10,1764798300,short,0.0621511936840477,6.802777777777778,0,0,0,0.0,1.0
BTC,2025-12-16,1765379700,long,0.05273704750900787,6.073611111111111,1,1,0,-0.014141803020854361,0.0
BTC,2025-12-16,1765712700,short,0.05618032749961088,2.2194444444444446,1,1,0,-0.0025691675096558945,0.0
BTC,2025-12-16,1765847700,long,0.07173492495190237,0.6569444444444444,2,0,1,-0.12509946446245293,0.0
BTC,2025-12-16,1765893600,short,0.053163413923995595,0.12569444444444444,2,0,1,-0.1270427692203676,0.0
BTC,2025-12-16,1765370700,short,0.06495251045120543,6.177777777777778,0,0,0,0.0,1.0
BTC,2025-12-16,1765839600,long,0.06171015968475446,0.7506944444444446,2,0,1,0.37841636861340955,1.0
BTC,2025-12-16,1765312200,short,0.05531439865198351,6.854861111111111,1,1,0,-0.02551386237848486,1.0
BTC,2025-12-16,1765369800,long,0.056246366309706364,6.188194444444444,1,1,0,-0.03152576297844177,1.0
BTC,2025-12-17,1765401300,short,0.06724283388945451,6.823611111111111,0,0,0,0.0,0.0
BTC,2025-12-17,1765813500,long,0.0631067598541355,2.0527777777777776,1,1,0,-0.014211001149457086,1.0
BTC,2025-12-18,1765700100,short,0.05577804413302356,4.365277777777778,1,1,0,-0.03770495501895516,0.0
BTC,2025-12-18,1765960200,long,0.06727582167317525,1.3548611111111113,2,0,1,-0.10360932717362717,0.0
BTC,2025-12-18,1765482300,short,0.05231845959277315,6.886111111111111,0,0,0,0.0,1.0
BTC,2025-12-18,1765988100,long,0.06745190578925286,1.0319444444444446,2,0,1,0.5610128801297235,1.0
BTC,2025-12-18,1765488600,short,0.07519118425408,6.813194444444444,1,1,0,0.05365797928449751,1.0
BTC,2025-12-19,1765944900,long,0.05473157345633117,2.531944444444444,0,0,0,0.0,0.0
BTC,2025-12-19,1766013300,short,0.06561540205262106,1.7402777777777776,1,1,0,-0.008931284836314994,0.0
BTC,2025-12-19,1766079000,long,0.051165095492168966,0.9798611111111112,2,0,1,-0.1699132342492976,0.0
BTC,2025-12-19,1766012400,short,0.05245500640316969,1.7506944444444443,2,0,1,-0.466157618271877,1.0
BTC,2025-12-19,1766108700,long,0.05168047102033668,0.6361111111111112,2,0,1,0.12080763149637302,1.0
BTC,2025-12-02,1764209700,long,0.052911899329797896,5.615277777777778,0,0,0,0.0,0.0
BTC,2025-12-02,1764602100,long,0.08154696358829527,1.073611111111111,1,1,0,0.007449492297745358,0.0
BTC,2025-12-02,1764181800,short,0.06083345737240542,5.938194444444445,0,0,0,0.0,0.0
BTC,2025-12-02,1764609300,long,0.05891030403211861,0.9902777777777777,2,0,1,-0.9580006341894705,0.0
BTC,2025-12-02,1764569700,long,0.055450493187692906,1.448611111111111,2,0,1,-0.7563047467592127,0.0
BTC,2025-12-20,1765998900,long,0.053153763886182315,2.9069444444444446,1,1,0,-0.03571772118363541,0.0
BTC,2025-12-20,1766006100,short,0.0528698160672052,2.823611111111111,1,1,0,-0.01346638054209841,0.0
BTC,2025-12-20,1766105100,long,0.060753570961011194,1.6777777777777778,1,1,0,-0.035695538075172645,0.0
BTC,2025-12-20,1765989900,long,0.05360668423033199,3.0111111111111115,1,1,0,-0.018419001076662597,0.0
BTC,2025-12-21,1766004300,short,0.05413400302738103,3.8444444444444446,0,0,0,0.0,0.0
BTC,2025-12-22,1765986300,short,0.05113445923583926,5.052777777777778,2,0,1,0.15318427419583033,0.0
BTC,2025-12-23,1766009700,short,0.07970384027719613,5.781944444444444,1,1,0,0.007388902140688398,0.0
BTC,2025-12-23,1766016000,long,0.05295735654961442,5.709027777777777,1,1,0,-0.016553481082480562,0.0
BTC,2025-12-23,1766105100,long,0.05394682717657728,4.677777777777778,1,1,0,-0.009305163973413993,0.0
BTC,2025-12-24,1766071800,short,0.05284043296550012,6.063194444444444,1,1,0,-0.026868892664735494,0.0
BTC,2025-12-24,1766103300,long,0.05810754144016683,5.698611111111111,0,0,0,0.0,0.0
BTC,2025-12-24,1766217600,short,0.05469421035179478,4.375694444444444,1,1,0,-0.013203072961240138,0.0
BTC,2025-12-24,1766034000,short,0.058515129525443244,6.500694444444444,0,0,0,0.0,1.0
BTC,2025-12-24,1766035800,long,0.053261852841971935,6.479861111111111,0,0,0,0.0,1.0
BTC,2025-12-25,1766205000,long,0.05488347426644058,5.521527777777778,1,1,0,-0.01243791906135112,0.0
BTC,2025-12-25,1766217600,short,0.06740990042104478,5.375694444444445,1,1,0,-0.0072390586388817665,0.0
BTC,2025-12-25,1766522700,long,0.05805978677956358,1.8444444444444443,1,1,0,0.012573427170647446,0.0
BTC,2025-12-27,1766768400,long,0.05310134922000431,1.0006944444444446,2,0,1,-0.07639346141504223,0.0
BTC,2025-12-30,1766798100,short,0.050612654174675864,3.656944444444444,1,1,0,-0.019019719159597694,0.0
BTC,2025-12-30,1766521800,long,0.059366257135321954,6.854861111111111,0,0,0,0.0,0.0
BTC,2025-12-30,1766521800,short,0.06063374286467793,6.854861111111111,1,1,0,-0.003923863231603243,0.0
BTC,2025-12-30,1766520000,long,0.05698998848327741,6.875694444444445,1,1,0,-0.026991047358715554,1.0
BTC,2025-12-30,1766520000,short,0.06301001151672259,6.875694444444445,0,0,0,0.0,1.0
BTC,2025-12-31,1766809800,short,0.06371732479543735,4.521527777777778,1,1,0,-0.03397386348575436,0.0
BTC,2025-12-31,1766686500,short,0.0530404670211162,5.948611111111111,0,0,0,0.0,1.0
BTC,2025-12-04,1764594900,short,0.058261554056915354,3.156944444444444,1,1,0,-0.010075017358765592,0.0
BTC,2025-12-07,1764774900,long,0.05344779053539528,4.073611111111111,1,1,0,-0.0035320161756290415,0.0
BTC,2025-12-07,1764774000,long,0.06646198114389179,4.084027777777778,1,1,0,-0.036964549192621335,0.0
BTC,2025-12-08,1764792900,long,0.06852632067676345,4.865277777777778,1,1,0,-0.03510869086280373,0.0
BTC,2025-12-08,1764953100,long,0.07435257510767035,3.0111111111111115,1,1,0,-0.009824747326838773,1.0
BTC,2025-12-09,1764752400,short,0.05575398695929901,6.334027777777777,1,1,0,-0.009926767035294591,0.0
BTC,2025-12-09,1764803700,long,0.05942771977887884,5.740277777777777,0,0,0,0.0,0.0
BTC,2025-12-09,1764857700,short,0.05338414429520921,5.115277777777778,0,0,0,0.0,0.0
BTC,2025-12-09,1764774900,short,0.05368775483481236,6.073611111111111,0,0,0,0.0,0.0
BTC,2025-12-09,1764953100,long,0.07788222279803914,4.011111111111111,1,1,0,-0.01635546495342914,0.0
BTC,2026-02-01,1769807700,short,0.052139780132089975,1.823611111111111,2,0,1,-0.1533435211951586,0.0
BTC,2026-02-01,1769867100,long,0.06049577574491716,1.136111111111111,2,0,1,0.6444067822029451,0.0
BTC,2026-02-01,1769819400,short,0.05527560209742621,1.6881944444444443,1,1,0,-0.013431486469610268,0.0
BTC,2026-02-02,1769711400,long,0.05474883101374073,3.938194444444444,2,0,1,-0.09819941137250596,0.0
BTC,2026-02-03,1769549400,short,0.056715643411979655,6.813194444444444,1,1,0,-0.01034257733017071,0.0
BTC,2026-02-04,1769653800,long,0.2099691541305212,6.60486111111111,1,1,0,-0.0019992906865433265,0.0
BTC,2026-01-01,1766711700,short,0.0631871582655702,6.656944444444444,0,0,0,0.0,0.0
BTC,2026-01-01,1766711700,long,0.056812841734429576,6.656944444444444,1,1,0,-0.027513413285037702,0.0
BTC,2026-01-01,1766798100,short,0.07343822663920663,5.656944444444444,1,1,0,-0.0308060439408089,0.0
BTC,2026-01-01,1766802600,long,0.05632046350472164,5.604861111111111,0,0,0,0.0,0.0
BTC,2026-01-01,1766894400,short,0.06609513445405191,4.542361111111111,1,1,0,0.023049563064102708,0.0
BTC,2026-01-01,1766968200,long,0.053382241794949215,3.6881944444444446,2,0,1,-0.1009316524196291,0.0
BTC,2026-01-01,1767001500,short,0.06564699300956944,3.302777777777778,1,1,0,-0.02489294609325156,0.0
BTC,2026-01-01,1766962800,short,0.05238770843845297,3.7506944444444446,1,1,0,-0.016139413793266943,1.0
BTC,2026-01-01,1766973600,long,0.05228985061576674,3.625694444444444,1,1,0,0.03924548331743946,1.0
BTC,2026-01-01,1767006900,short,0.06826076024174094,3.2402777777777776,0,0,0,0.0,1.0
BTC,2026-01-01,1767008700,long,0.06119093745804616,3.2194444444444446,1,1,0,-0.01622201058842185,1.0
BTC,2026-01-13,1767859200,short,0.0665788224315923,5.375694444444445,1,1,0,-0.00869058477080414,0.0
BTC,2026-01-14,1767859200,short,0.08187452448223698,6.375694444444444,0,0,0,0.0,0.0
BTC,2026-01-02,1767131100,long,0.05003046916687515,2.8027777777777776,0,0,0,0.0,0.0
BTC,2026-01-23,1768987800,short,0.052239425924889726,2.3131944444444446,2,0,1,0.24383595445062345,0.0
BTC,2026-01-26,1768997700,short,0.07232966720151035,5.198611111111111,1,1,0,-0.004386136960388906,0.0
BTC,2026-01-26,1768967100,short,0.05876758115198233,5.552777777777777,1,1,0,-0.025145897996893214,1.0
BTC,2026-01-27,1768939200,short,0.06724848270747652,6.875694444444445,2,0,1,0.15880110144491094,0.0
BTC,2026-01-27,1768950000,short,0.09658448382750551,6.750694444444444,1,1,0,0.01044359142899932,0.0
BTC,2026-01-28,1769017500,short,0.0597032745677466,6.969444444444444,0,0,0,0.0,0.0
BTC,2026-01-28,1769030100,long,0.050860892044471306,6.823611111111111,1,1,0,-0.0027102480623280613,0.0
BTC,2026-01-28,1769277600,short,0.06301944171494667,3.9590277777777776,1,1,0,-0.006601820400511373,0.0
BTC,2026-01-29,1769103900,short,0.07086818411646134,6.969444444444444,1,1,0,-0.022358566677637293,1.0
BTC,2026-01-29,1769699700,long,0.3906479819301403,0.07361111111111111,2,0,1,0.5339389816088554,1.0
BTC,2026-01-29,1769346000,short,0.05285775057984465,4.167361111111111,1,1,0,-0.024612489235503646,1.0
BTC,2026-01-03,1767199500,short,0.053586264817657714,3.0111111111111115,1,1,0,-0.004471255037630064,0.0
BTC,2026-01-31,1769706900,short,0.05178634335518961,1.9902777777777778,2,0,1,0.4390003143272208,0.0
BTC,2026-01-31,1769737500,long,0.061668810127044615,1.636111111111111,2,0,1,-0.010644917347206254,0.0
BTC,2026-01-31,1769729400,short,0.05299881324140471,1.7298611111111113,2,0,1,0.254480123107519,0.0
BTC,2026-01-04,1767158100,short,0.05155754791651912,4.490277777777778,0,0,0,0.0,0.0
BTC,2026-01-05,1767124800,short,0.05748235245321387,5.875694444444444,2,0,1,0.0610404483110672,0.0
BTC,2026-01-05,1767125700,long,0.055442684093789385,5.865277777777778,0,0,0,0.0,0.0
BTC,2026-01-05,1767225600,short,0.0596327191965238,4.709027777777778,1,1,0,-0.012623850241065307,0.0
BTC,2026-01-06,1767144600,short,0.06477492778462912,6.646527777777777,1,1,0,-0.02555042950529592,0.0
BTC,2026-01-06,1767150900,long,0.050803774224361,6.573611111111111,0,0,0,0.0,0.0
BTC,2026-01-06,1767231000,short,0.05019271350332788,5.646527777777778,1,1,0,-0.012501329196966183,0.0
BTC,2026-01-06,1767168000,short,0.08109170167827473,6.375694444444444,1,1,0,-0.0036619381378773345,0.0
BTC,2026-01-07,1767241800,short,0.05876005960821351,6.521527777777778,0,0,0,0.0,0.0
BTC,2026-01-07,1767244500,long,0.0504295881427006,6.490277777777778,0,0,0,0.0,0.0
BTC,2026-01-07,1767343500,short,0.05327676225765021,5.344444444444444,1,1,0,0.006577799934391736,0.0
BTC,2026-05-13,1778085900,short,0.07020332182861544,6.969444444444444,1,1,0,0.0007029309179013496,0.0
BTC,2026-05-13,1778165100,long,0.05816418395744205,6.052777777777777,1,1,0,-0.017101420542590333,0.0
BTC,2026-05-13,1778100300,short,0.05531494417867877,6.802777777777778,1,1,0,0.0024763152797723335,0.0
BTC,2026-05-14,1778175000,short,0.05449803464929526,6.938194444444445,1,1,0,-0.10206281411484656,0.0
BTC,2025-11-23,1763531100,short,0.06181118900225113,4.469444444444445,1,1,0,-0.0066030923731745655,0.0
BTC,2025-11-23,1763712000,long,0.0507656474559115,2.3756944444444446,2,0,1,-0.15992275862909594,0.0
BTC,2025-11-23,1763748000,short,0.06317685238683357,1.9590277777777776,2,0,1,0.2858946962972485,0.0
BTC,2025-11-23,1763847900,short,0.053567475670730946,0.8027777777777778,2,0,1,0.5731815090660655,0.0
BTC,2025-11-23,1763872200,long,0.05495232888977908,0.5215277777777777,2,0,1,-0.2097638731103572,0.0
BTC,2025-11-24,1763525700,short,0.051439461904711825,5.531944444444445,0,0,0,0.0,0.0
BTC,2025-11-24,1763660700,long,0.05940999751287945,3.9694444444444446,2,0,1,-0.09276764385798152,0.0
BTC,2025-11-24,1763979300,long,0.06620951051005397,0.28194444444444444,2,0,1,0.21537623846528656,1.0
BTC,2025-11-25,1763658000,long,0.07195981368609639,5.000694444444444,1,1,0,-0.012596382533416398,0.0
BTC,2025-11-25,1763648100,short,0.05875844333238045,5.115277777777778,1,1,0,-0.04753789009094139,1.0
BTC,2025-11-25,1763673300,long,0.05571798686412821,4.823611111111111,0,0,0,0.0,1.0
BTC,2025-11-25,1763748900,long,0.06401762526509591,3.9486111111111115,0,0,0,0.0,1.0
BTC,2025-11-25,1764001800,short,0.05320707399150937,1.0215277777777778,2,0,1,-0.20952077187124268,1.0
BTC,2025-11-25,1763590500,short,0.05661698178349672,5.781944444444444,1,1,0,0.04473496980494122,1.0
BTC,2025-11-26,1763648100,short,0.05202491131272036,6.115277777777778,0,0,0,0.0,0.0
BTC,2025-11-26,1763711100,long,0.05230194222867768,5.386111111111111,1,1,0,0.0066317655002225,0.0
BTC,2025-11-26,1763838000,long,0.05891359202998325,3.9173611111111115,0,0,0,0.0,0.0
BTC,2025-11-26,1763852400,short,0.06500966496357585,3.7506944444444446,0,0,0,0.0,0.0
BTC,2025-11-26,1763962200,short,0.051947632460358495,2.479861111111111,0,0,0,0.0,1.0
BTC,2025-11-26,1763593200,short,0.051925136937846395,6.750694444444444,0,0,0,0.0,1.0
BTC,2025-11-27,1763660700,long,0.05035703429256122,6.969444444444444,0,0,0,0.0,0.0
BTC,2025-11-27,1763662500,short,0.07295868768074043,6.948611111111112,0,0,0,0.0,0.0
BTC,2025-11-27,1763961300,short,0.05946504279757303,3.4902777777777776,0,0,0,0.0,0.0
BTC,2025-11-29,1764180900,short,0.05283848563975546,2.948611111111111,0,0,0,0.0,0.0
BTC,2025-11-30,1764109800,short,0.05980491307173952,4.771527777777777,0,0,0,0.0,0.0
BTC,2025-11-30,1764208800,short,0.058945461168092295,3.625694444444444,0,0,0,0.0,0.0
BTC,2025-11-30,1764134100,short,0.05621685967810652,4.490277777777778,1,1,0,-0.032758851583044715,0.0
BTC,2025-12-01,1764558000,long,0.05486648220791457,0.5840277777777778,1,1,0,-0.022792293559013854,0.0
BTC,2025-12-01,1764133200,long,0.05222094034911784,5.500694444444444,0,0,0,0.0,0.0
BTC,2025-12-01,1764548100,long,0.055838843395836335,0.6986111111111111,1,1,0,-0.21097257471853847,0.0
BTC,2025-12-01,1764206100,long,0.05037945456615023,4.656944444444444,0,0,0,0.0,0.0
BTC,2025-12-10,1764819000,long,0.05044182936778463,6.563194444444445,0,0,0,0.0,0.0
BTC,2025-12-10,1764822600,short,0.06788820971335041,6.521527777777778,0,0,0,0.0,0.0
BTC,2025-12-13,1765567800,long,0.0774471448770162,0.8965277777777778,2,0,1,-0.3978298398774974,0.0
BTC,2025-12-16,1765379700,short,0.06916491396241531,6.073611111111111,0,0,0,0.0,1.0
BTC,2025-12-16,1765393200,long,0.058847693785904154,5.917361111111111,0,0,0,0.0,1.0
BTC,2025-12-16,1765861200,short,0.05367653846707565,0.5006944444444444,2,0,1,-0.3618644885163757,1.0
BTC,2025-12-16,1765880100,long,0.06581693948378042,0.28194444444444444,2,0,1,0.2954877045633339,1.0
BTC,2025-12-16,1765386900,short,0.059201094876174976,5.990277777777778,0,0,0,0.0,1.0
BTC,2025-12-16,1765791900,long,0.05297188898235561,1.3027777777777776,2,0,1,0.24201755347571963,1.0
BTC,2025-12-17,1765390500,long,0.061184134761420594,6.948611111111112,1,1,0,-0.009424276105418555,1.0
BTC,2025-12-17,1765390500,short,0.06881586523857952,6.948611111111112,1,1,0,-0.012672387652471851,1.0
BTC,2025-12-17,1765613700,short,0.05153052682570625,4.365277777777778,0,0,0,0.0,1.0
BTC,2025-12-17,1765964700,long,0.05203271238435225,0.30277777777777776,2,0,1,0.31177873905291176,1.0
BTC,2025-12-17,1765786500,long,0.0572500959719191,2.365277777777778,0,0,0,0.0,1.0
BTC,2025-12-18,1765494900,short,0.05433256092022887,6.740277777777778,0,0,0,0.0,1.0
BTC,2025-12-18,1765891800,long,0.058351394522818456,2.146527777777778,2,0,1,0.8052184281072073,1.0
BTC,2025-12-18,1765989000,long,0.0544851392361545,1.0215277777777778,2,0,1,0.6674623425139232,1.0
BTC,2025-12-18,1766020500,short,0.06233079248817874,0.6569444444444444,2,0,1,-0.3958782849502297,1.0
BTC,2025-12-19,1765987200,long,0.05022408773623144,2.042361111111111,1,1,0,-0.008324975023192016,1.0
BTC,2025-12-19,1766010600,short,0.06584537539125934,1.7715277777777778,2,0,1,-0.6396957342472732,1.0
BTC,2025-12-19,1766078100,long,0.053973461696824376,0.9902777777777777,2,0,1,0.6430350184728565,1.0
BTC,2025-12-19,1766155500,short,0.1577731676577192,0.09444444444444444,2,0,1,-0.35143808531856385,1.0
BTC,2025-12-19,1766064600,long,0.07201685257112733,1.1465277777777778,2,0,1,0.5038562261482399,1.0
BTC,2025-12-02,1764209700,short,0.11200179540109445,5.615277777777778,0,0,0,0.0,0.0
BTC,2025-12-02,1764550800,long,0.05007167693607362,1.667361111111111,2,0,1,-0.5031671504119145,0.0
BTC,2025-12-20,1766003400,short,0.05867300431839162,2.8548611111111115,1,1,0,-0.03200080979284117,0.0
BTC,2025-12-20,1766011500,long,0.07029244903297838,2.761111111111111,0,0,0,0.0,0.0
BTC,2025-12-20,1766155500,short,0.07495061267009417,1.0944444444444443,2,0,1,0.36183466806142367,0.0
BTC,2025-12-20,1766182500,long,0.06208577913767277,0.7819444444444444,2,0,1,-0.3398805113772544,0.0
BTC,2025-12-20,1766091600,short,0.08914853185005711,1.8340277777777778,2,0,1,-0.3134763504718471,1.0
BTC,2025-12-21,1766009700,short,0.07707101849383202,3.781944444444444,0,0,0,0.0,0.0
BTC,2025-12-21,1766012400,long,0.056903750321384505,3.7506944444444446,0,0,0,0.0,0.0
BTC,2025-12-21,1766155500,short,0.05176958640304552,2.0944444444444446,2,0,1,0.29722727922810444,0.0
BTC,2025-12-21,1766275200,long,0.061882153080450975,0.7090277777777778,2,0,1,-0.2890994670118771,0.0
BTC,2025-12-21,1766032200,long,0.0536812567673417,3.5215277777777776,0,0,0,0.0,1.0
BTC,2025-12-22,1766009700,short,0.07666996522612268,4.781944444444445,0,0,0,0.0,0.0
BTC,2025-12-22,1766012400,long,0.05617810810722279,4.750694444444445,0,0,0,0.0,0.0
BTC,2025-12-22,1766155500,short,0.050315574021721154,3.0944444444444446,2,0,1,0.23295228780367996,0.0
BTC,2025-12-22,1766370600,long,0.0566630756401727,0.6048611111111111,2,0,1,0.34735856420681677,1.0
BTC,2025-12-23,1766009700,long,0.058994777734752146,5.781944444444444,0,0,0,0.0,0.0
BTC,2025-12-23,1766009700,short,0.07100522226524797,5.781944444444444,1,1,0,-0.002891672811891767,0.0
BTC,2025-12-23,1766155500,short,0.0555742312374069,4.094444444444444,1,1,0,-0.03514476788401734,0.0
BTC,2025-12-23,1766205000,long,0.0574402623346717,3.5215277777777776,0,0,0,0.0,0.0
BTC,2025-12-23,1766250000,short,0.05209309035472198,3.000694444444444,1,1,0,0.0012918040614270116,0.0
BTC,2025-12-23,1766501100,long,0.12160917460997767,0.09444444444444444,2,0,1,-0.4766417716043989,0.0
BTC,2025-12-23,1766013300,short,0.05363039338368847,5.740277777777777,2,0,1,-0.5836265666400048,1.0
BTC,2025-12-23,1766013300,long,0.05636960661631152,5.740277777777777,1,1,0,-0.0145163247227366,1.0
BTC,2025-12-24,1766071800,short,0.0518835161265071,6.063194444444444,1,1,0,-0.004506021151059858,1.0
BTC,2025-12-24,1766105100,long,0.051554241989930416,5.677777777777778,0,0,0,0.0,1.0
BTC,2025-12-24,1766574900,long,0.06309419688494433,0.24027777777777778,2,0,1,0.28264465066293937,1.0
BTC,2025-12-25,1766198700,short,0.06808811575937856,5.594444444444444,0,0,0,0.0,0.0
BTC,2025-12-25,1766205000,long,0.06114722038106679,5.521527777777778,0,0,0,0.0,0.0
BTC,2025-12-25,1766361600,short,0.05693340111214884,3.7090277777777776,1,1,0,-0.0077569731342480176,0.0
BTC,2025-12-25,1766450700,short,0.05407635177903869,2.677777777777778,2,0,1,0.2943656668188391,0.0
BTC,2025-12-25,1766563200,short,0.05241543053383424,1.3756944444444446,2,0,1,0.4876446539358202,0.0
BTC,2025-12-26,1766610900,short,0.07300772343873774,1.823611111111111,1,1,0,-0.018272321081690177,1.0
BTC,2025-12-26,1766715300,long,0.054139324248078324,0.6152777777777777,2,0,1,0.44585944180017534,1.0
BTC,2025-12-27,1766543400,short,0.06088535030607645,3.6048611111111106,1,1,0,-0.03465826961824717,1.0
BTC,2025-12-27,1766643300,short,0.05376208415600647,2.448611111111111,2,0,1,-0.6189722888851024,1.0
BTC,2025-12-27,1766765700,short,0.05588075834498829,1.0319444444444446,2,0,1,-0.47358559762994695,1.0
BTC,2025-12-28,1766552400,short,0.05093047053395494,4.500694444444444,1,1,0,-0.03980795727385303,1.0
BTC,2025-12-28,1766682000,long,0.05392825771271359,3.000694444444444,0,0,0,0.0,1.0
BTC,2025-12-28,1766772900,short,0.06620459547414381,1.948611111111111,2,0,1,-0.5367628682965433,1.0
BTC,2025-12-28,1766860200,short,0.05676467299494936,0.9381944444444443,2,0,1,-0.38326567683917484,1.0
BTC,2025-12-29,1766945700,short,0.07004338762671924,0.9486111111111111,2,0,1,-0.5380573114612808,1.0
BTC,2025-12-30,1766798100,long,0.05819296783096761,3.656944444444444,0,0,0,0.0,0.0
BTC,2025-12-30,1766798100,short,0.06180703216903216,3.656944444444444,0,0,0,0.0,0.0
BTC,2025-12-30,1766809800,short,0.054382102873374416,3.5215277777777776,0,0,0,0.0,1.0
BTC,2025-12-31,1766808900,long,0.060419097532809385,4.531944444444444,1,1,0,-0.012436538979892484,1.0
BTC,2025-12-31,1766810700,short,0.05715009912306146,4.511111111111111,1,1,0,-0.011038093013069782,1.0
BTC,2025-12-31,1767001500,short,0.05596777810706144,2.302777777777778,2,0,1,-0.6422329982618239,1.0
BTC,2025-12-04,1764594900,long,0.06120786890463492,3.156944444444444,1,1,0,-0.010075017358765592,0.0
BTC,2025-12-06,1764828900,long,0.06890709693420094,2.448611111111111,0,0,0,0.0,1.0
BTC,2025-12-06,1764823500,long,0.06641167330084752,2.511111111111111,0,0,0,0.0,1.0
BTC,2025-12-07,1764723600,long,0.051377840420967935,4.667361111111111,1,1,0,0.024691414612223433,0.0
BTC,2025-12-07,1764953100,long,0.06708624047504941,2.011111111111111,1,1,0,-0.036215849854076554,0.0
BTC,2025-12-07,1765118700,long,0.09078713421585727,0.09444444444444444,2,0,1,0.44628835606421957,0.0
BTC,2025-12-08,1764710100,short,0.052066892831013734,5.823611111111111,0,0,0,0.0,0.0
BTC,2025-12-08,1765117800,long,0.0561965213758473,1.104861111111111,2,0,1,-0.16167258380921878,0.0
BTC,2025-12-08,1764952200,long,0.05573553499985184,3.0215277777777776,2,0,1,0.6363645310616309,1.0
BTC,2025-12-09,1764870300,short,0.05598301635901859,4.969444444444444,1,1,0,0.03326028196365315,0.0
BTC,2026-02-04,1769653800,short,0.2194858270962201,6.60486111111111,1,1,0,-0.018310621410704612,0.0
BTC,2026-02-05,1769713200,long,0.05135533001631276,6.91736111111111,1,1,0,0.003068137023585771,0.0
BTC,2026-02-05,1769726700,long,0.05274383799439475,6.761111111111111,0,0,0,0.0,0.0
BTC,2026-01-01,1766718900,short,0.0739191497835423,6.573611111111111,0,0,0,0.0,1.0
BTC,2026-01-01,1766719800,long,0.05134335090858411,6.563194444444445,0,0,0,0.0,1.0
BTC,2026-01-01,1766806200,short,0.059310045842226766,5.563194444444444,0,0,0,0.0,1.0
BTC,2026-01-01,1766806200,long,0.07068995415777302,5.563194444444444,0,0,0,0.0,1.0
BTC,2026-01-01,1766892600,short,0.06240717765819215,4.563194444444444,2,0,1,-0.7134922228578566,1.0
BTC,2026-01-01,1766906100,long,0.05448254742672942,4.406944444444444,1,1,0,-0.023468694484463013,1.0
BTC,2026-01-01,1766995200,short,0.051282520749546756,3.3756944444444446,1,1,0,-0.25482010675195854,1.0
BTC,2026-01-01,1767002400,long,0.0709852924226353,3.2923611111111106,1,1,0,-0.02442268312055311,1.0
BTC,2026-01-01,1767085200,short,0.053142896921335,2.3340277777777776,2,0,1,-0.6544841398482883,1.0
BTC,2026-01-01,1767213900,long,0.061702004353210604,0.8444444444444444,1,1,0,0.011122294570348565,1.0
BTC,2026-01-01,1767217500,short,0.06892977069815998,0.8027777777777778,2,0,1,-0.49324888132093797,1.0
BTC,2026-01-01,1766711700,long,0.07509662562964703,6.656944444444444,1,1,0,-0.06306286207862079,1.0
BTC,2026-01-01,1767046500,short,0.0569337746381503,2.7819444444444446,1,1,0,-0.02699362847156454,1.0
BTC,2026-01-01,1766736000,long,0.0723631633833206,6.375694444444444,2,0,1,0.5354082077951328,1.0
BTC,2026-01-10,1767859200,short,0.05534636055778319,2.3756944444444446,1,1,0,0.02025749657926077,0.0
BTC,2026-01-11,1767882600,short,0.051692450092569286,3.104861111111111,1,1,0,0.04827844271215687,0.0
BTC,2026-01-12,1767744000,short,0.06602790203907594,5.709027777777777,1,1,0,-0.009263334649910672,0.0
BTC,2026-01-14,1767902400,short,0.050904963884441434,5.875694444444444,1,1,0,-0.02788413925994488,0.0
BTC,2026-01-14,1768000500,short,0.051207540698574805,4.740277777777778,1,1,0,-0.010098055132910115,0.0
BTC,2026-01-14,1767859200,long,0.05129287265622384,6.375694444444444,0,0,0,0.0,0.0
BTC,2026-01-14,1767871800,short,0.06187854345665467,6.229861111111111,0,0,0,0.0,0.0
BTC,2026-01-14,1767976200,short,0.051017599082346654,5.021527777777778,1,1,0,-0.032116740120825576,0.0
BTC,2026-01-14,1768176000,short,0.058942304614997,2.7090277777777776,1,1,0,-0.003934562127649366,0.0
BTC,2026-01-15,1768234500,short,0.052974316309190805,3.031944444444444,0,0,0,0.0,0.0
BTC,2026-01-02,1767086100,short,0.05028671402805618,3.3236111111111115,1,1,0,0.00012937644761829535,0.0
BTC,2026-01-02,1767096900,long,0.05502339421176483,3.198611111111111,1,1,0,0.009621170387280387,0.0
BTC,2026-01-02,1767174300,short,0.050845858925675946,2.302777777777778,1,1,0,-0.005071561016616842,0.0
BTC,2026-01-02,1767202200,long,0.053784504441205305,1.979861111111111,1,1,0,-0.012989607853315908,0.0
BTC,2026-01-22,1769014800,long,0.07192944793527145,1.0006944444444446,2,0,1,-0.22074314414171725,0.0
BTC,2026-01-23,1769003100,short,0.0514831813487997,2.136111111111111,2,0,1,0.2071372335495805,0.0
BTC,2026-01-24,1769014800,long,0.05750498403984916,3.000694444444444,2,0,1,-0.16817866672024837,0.0
BTC,2026-01-24,1769120100,long,0.05700951316082836,1.7819444444444446,2,0,1,-0.1559905507291891,0.0
BTC,2026-01-25,1768957200,short,0.055242150365049314,4.667361111111111,1,1,0,-0.030587723127263475,0.0
BTC,2026-01-26,1768957200,short,0.05021714479619499,5.667361111111111,1,1,0,-0.025009601580535078,1.0
BTC,2026-01-26,1769190300,long,0.060492410799300345,2.9694444444444446,2,0,1,0.0036814141006940027,1.0
BTC,2026-01-27,1768941900,short,0.06674179258733326,6.844444444444445,1,1,0,-0.03844743312814403,0.0
BTC,2026-01-27,1768987800,long,0.05572695545573092,6.313194444444445,1,1,0,-0.028899926877294924,0.0
BTC,2026-01-27,1769127300,short,0.07369064806465053,4.698611111111111,1,1,0,-0.020009512417889043,0.0
BTC,2026-01-27,1769274900,short,0.05778429616618008,2.990277777777778,1,1,0,-0.021699254561494456,0.0
BTC,2026-01-28,1769020200,short,0.05218791683693724,6.938194444444445,1,1,0,-0.03319658977984913,0.0
BTC,2026-01-28,1769032800,long,0.05185126848951582,6.792361111111111,1,1,0,0.011668487727489135,0.0
BTC,2026-01-28,1769127300,short,0.0523964011430742,5.698611111111111,1,1,0,-0.013812774770518794,0.0
BTC,2026-01-28,1769155200,long,0.05340222409475004,5.375694444444445,1,1,0,0.0038297980814465497,0.0
BTC,2026-01-28,1769274900,short,0.05563977225901362,3.9902777777777776,1,1,0,-0.03339209108104099,0.0
BTC,2026-01-29,1769103900,short,0.06219252131678166,6.969444444444444,0,0,0,0.0,0.0
BTC,2026-01-29,1769275800,short,0.051654332132468395,4.979861111111111,1,1,0,-0.024571041021362837,0.0
BTC,2026-01-29,1769116500,short,0.07773195196347027,6.823611111111111,0,0,0,0.0,0.0
BTC,2026-01-03,1767124800,short,0.06454077894203403,3.8756944444444446,1,1,0,-0.03895594752372479,0.0
BTC,2026-01-03,1767128400,long,0.059744487778944366,3.8340277777777776,0,0,0,0.0,0.0
BTC,2026-01-03,1767288600,long,0.07179060961539929,1.979861111111111,1,1,0,-0.01669134352376802,0.0
BTC,2026-01-04,1767124800,short,0.07674460404551875,4.875694444444444,1,1,0,-0.030213150283119695,0.0
BTC,2026-01-04,1767168000,long,0.06831089870781182,4.375694444444444,0,0,0,0.0,0.0
BTC,2026-01-04,1767212100,short,0.06585865059412366,3.8652777777777776,1,1,0,-0.008727868862187921,0.0
BTC,2026-01-04,1767144600,short,0.07979422595951774,4.646527777777778,2,0,1,0.46386798593726264,0.0
BTC,2026-01-05,1767124800,short,0.06350222523878857,5.875694444444444,1,1,0,-0.028050208907809713,0.0
BTC,2026-01-05,1767126600,long,0.050356779701655974,5.854861111111111,0,0,0,0.0,0.0
BTC,2026-01-05,1767213900,short,0.06716780371114994,4.844444444444444,1,1,0,-0.032174768149756505,0.0
BTC,2026-01-05,1767225600,long,0.056950467789146586,4.709027777777778,1,1,0,-0.02448497994268061,0.0
BTC,2026-01-06,1767155400,short,0.05347545243435814,6.521527777777778,2,0,1,0.17923335269686458,0.0
BTC,2026-01-06,1767158100,long,0.053114316983924104,6.490277777777778,0,0,0,0.0,0.0
BTC,2026-01-06,1767242700,short,0.05762979285302805,5.511111111111111,1,1,0,-0.020093174930301272,0.0
BTC,2026-01-06,1767144600,short,0.05755455648891794,6.646527777777777,2,0,1,0.3780001915560688,0.0
BTC,2026-01-06,1767144600,long,0.05244544351108216,6.646527777777777,1,1,0,-0.02555042950529592,0.0
BTC,2026-01-07,1767308400,short,0.0507629237198286,5.750694444444444,2,0,1,0.19093384868220828,0.0
BTC,2026-01-07,1767243600,short,0.05513158105562921,6.500694444444444,0,0,0,0.0,0.0
BTC,2026-01-08,1767443400,short,0.0587129098387299,5.188194444444444,0,0,0,0.0,0.0
BTC,2026-05-13,1778094900,long,0.051182196170353134,6.865277777777778,0,0,0,0.0,0.0
BTC,2026-05-13,1778104800,short,0.05331678321504196,6.750694444444444,0,0,0,0.0,0.0
BTC,2025-11-22,1763536500,short,0.06101618942221765,3.4069444444444446,1,1,0,-0.02780382605446899,0.0
BTC,2025-11-22,1763658900,long,0.07039209631442644,1.9902777777777778,2,0,1,-0.17825073453940196,0.0
BTC,2025-11-22,1763761500,long,0.07683990446266864,0.8027777777777778,2,0,1,-0.15399781614487912,0.0
BTC,2025-11-22,1763783100,short,0.10683195543854684,0.5527777777777778,2,0,1,0.141148302098464,0.0
BTC,2025-11-23,1763658900,long,0.05229269191737074,2.990277777777778,1,1,0,-0.01843362635695181,1.0
BTC,2025-11-23,1763764200,long,0.059234860316633275,1.7715277777777778,2,0,1,0.5717061747570364,1.0
BTC,2025-11-23,1763536500,short,0.06372367948408542,4.406944444444444,0,0,0,0.0,1.0
BTC,2025-11-24,1763536500,short,0.05325755446583802,5.406944444444444,0,0,0,0.0,1.0
BTC,2025-11-24,1763658000,long,0.05800836046217839,4.000694444444445,1,1,0,-0.016562646523652094,1.0
BTC,2025-11-24,1763960400,long,0.055978436153286903,0.5006944444444444,1,1,0,0.04331348018630918,1.0
BTC,2025-11-24,1763867700,long,0.05003848427968727,1.5736111111111113,2,0,1,0.48350150416924553,1.0
BTC,2025-11-24,1763958600,long,0.05454175615789314,0.5215277777777777,2,0,1,0.34647791310033477,1.0
BTC,2025-11-25,1763660700,long,0.06817587843804507,4.969444444444444,0,0,0,0.0,1.0
BTC,2025-11-25,1764077400,long,0.08086342817071812,0.14652777777777778,2,0,1,0.32192940010887383,1.0
BTC,2025-11-25,1763811000,long,0.05426453169662726,3.229861111111111,0,0,0,0.0,1.0
BTC,2025-11-25,1763903700,long,0.05064984936162453,2.156944444444444,2,0,1,0.6028392289516045,1.0
BTC,2025-11-25,1763506800,short,0.06726764820573483,6.750694444444444,0,0,0,0.0,1.0
BTC,2025-11-25,1763804700,long,0.05590998468107067,3.302777777777778,1,1,0,-0.014608496516382661,1.0
BTC,2025-11-26,1763660700,long,0.05220084425595317,5.969444444444445,1,1,0,-0.013173874608719348,1.0
BTC,2025-11-26,1763729100,short,0.05320394607200285,5.177777777777778,1,1,0,0.027010707104808115,1.0
BTC,2025-11-26,1763804700,long,0.05221635287546467,4.302777777777777,0,0,0,0.0,1.0
BTC,2025-11-26,1764102600,long,0.05262213005351102,0.8548611111111112,2,0,1,0.6471518814394285,1.0
BTC,2025-11-26,1764064800,long,0.05073440253118644,1.292361111111111,2,0,1,0.4601599995546433,1.0
BTC,2025-11-26,1763853300,long,0.050017467067157595,3.740277777777778,0,0,0,0.0,1.0
BTC,2025-11-27,1763660700,long,0.059760544886523714,6.969444444444444,0,0,0,0.0,0.0
BTC,2025-11-27,1763662500,short,0.05589467650089519,6.948611111111112,0,0,0,0.0,0.0
BTC,2025-11-27,1763996400,short,0.05074004301226398,3.0840277777777776,2,0,1,0.25957342322021265,0.0
BTC,2025-11-27,1764106200,short,0.05280181894785907,1.8131944444444443,2,0,1,0.2928135197116842,0.0
BTC,2025-11-27,1764173700,short,0.07491102757036969,1.0319444444444446,2,0,1,0.9450263703268474,0.0
BTC,2025-11-28,1764082800,long,0.05734494142870661,3.0840277777777776,1,1,0,-0.0243849197840353,0.0
BTC,2025-11-28,1764196200,short,0.053140016385631594,1.7715277777777778,1,1,0,-0.007957174572029227,0.0
BTC,2025-11-29,1764106200,short,0.05280962930181399,3.813194444444444,1,1,0,-0.011896231678985701,0.0
BTC,2025-11-30,1764206100,long,0.06418851347812038,3.656944444444444,1,1,0,-0.007211951654480513,0.0
BTC,2025-11-30,1764180900,short,0.059669652062315004,3.9486111111111115,1,1,0,0.0004438994023358636,0.0
BTC,2025-11-30,1764126900,short,0.054145631980630826,4.573611111111111,2,0,1,-0.32491051207457083,1.0
BTC,2025-11-30,1764125100,short,0.050365936086016194,4.594444444444445,2,0,1,-0.18209942979325,1.0
BTC,2025-12-01,1764549000,long,0.07439930383877824,0.6881944444444444,2,0,1,-0.13581393186681678,0.0
BTC,2025-12-10,1764892800,short,0.07711752280071829,5.709027777777777,0,0,0,0.0,1.0
BTC,2025-12-10,1764808200,short,0.05737946847012676,6.688194444444444,0,0,0,0.0,0.0
BTC,2025-12-10,1764828900,long,0.05294109754877785,6.448611111111111,0,0,0,0.0,0.0
BTC,2025-12-10,1765258200,long,0.05273844427802232,1.479861111111111,1,1,0,0.006545478981161493,0.0
BTC,2025-12-11,1765393200,long,0.07047649625489316,0.9173611111111111,2,0,1,0.8261840482832798,1.0
BTC,2025-12-11,1765463400,short,0.07061041558516412,0.10486111111111111,2,0,1,-0.2916068354004425,1.0
BTC,2025-12-11,1765422900,long,0.056183919808307614,0.5736111111111111,2,0,1,0.3117588691152441,1.0
BTC,2025-12-12,1765469700,long,0.05091653166723287,1.0319444444444446,2,0,1,-0.2964891751885064,0.0
BTC,2025-12-12,1765476900,long,0.051015594900763794,0.9486111111111111,2,0,1,0.3323299177379062,1.0
BTC,2025-12-13,1765557000,short,0.05638323899165687,1.0215277777777778,2,0,1,0.41110512789478015,0.0
BTC,2025-12-13,1765558800,long,0.06557676798607726,1.0006944444444446,2,0,1,-0.30360462429567026,0.0
BTC,2025-12-13,1765431000,short,0.057853595740810504,2.479861111111111,2,0,1,-0.4673113291327514,1.0
BTC,2025-12-15,1765638000,long,0.0501014435386713,2.084027777777778,2,0,1,-0.5597472814981236,0.0
BTC,2025-12-15,1765646100,long,0.06406325266002222,1.9902777777777778,2,0,1,-0.6601502635217029,0.0
BTC,2025-12-15,1765713600,long,0.05554414609078284,1.2090277777777778,2,0,1,-0.34302148330482807,0.0
BTC,2025-12-16,1765377000,long,0.051379252623454885,6.104861111111111,1,1,0,-0.024028885643557894,0.0
BTC,2025-12-16,1765383300,short,0.054658052122938616,6.031944444444444,1,1,0,0.004144199734387954,0.0
BTC,2025-12-16,1765561500,long,0.058716768747113735,3.9694444444444446,1,1,0,-0.00043524572853483306,0.0
BTC,2025-12-16,1765712700,long,0.05277243823345623,2.2194444444444446,1,1,0,-0.006538806601803879,0.0
BTC,2025-12-16,1765799100,long,0.05449629769321551,1.2194444444444446,2,0,1,-0.41550852824549334,0.0
BTC,2025-12-17,1765389600,short,0.06807056352199325,6.959027777777777,2,0,1,0.23647168889245085,0.0
BTC,2025-12-17,1765389600,long,0.05192943647800652,6.959027777777777,2,0,1,-0.11647168889245095,0.0
BTC,2025-12-17,1765488600,long,0.05030528200225959,5.813194444444444,0,0,0,0.0,0.0
BTC,2025-12-17,1765935000,long,0.05842537360845612,0.6465277777777778,2,0,1,-0.1685203191173605,0.0
BTC,2025-12-17,1765813500,short,0.055961079020740545,2.0527777777777776,1,1,0,0.005901170436965511,0.0
BTC,2025-12-18,1765483200,long,0.05363002075989853,6.875694444444445,1,1,0,-0.034965150853379645,0.0
BTC,2025-12-18,1765486800,short,0.052777182186549476,6.834027777777778,0,0,0,0.0,0.0
BTC,2025-12-18,1765889100,long,0.054826704442157315,2.1777777777777776,2,0,1,-0.19229120580613995,0.0
BTC,2025-12-18,1765983600,long,0.06262997456040287,1.0840277777777778,2,0,1,-0.3510348628767894,0.0
BTC,2025-12-18,1766070000,long,0.13192666242526574,0.08402777777777778,2,0,1,-0.3425367958306449,0.0
BTC,2025-12-18,1765960200,short,0.06469489292967712,1.3548611111111113,2,0,1,0.4687308099327113,0.0
BTC,2025-12-18,1765485000,long,0.07598985994036567,6.854861111111111,1,1,0,-0.01648771639697414,0.0
BTC,2025-12-19,1765891800,long,0.05681479538315859,3.146527777777778,2,0,1,-0.15084038895265556,0.0
BTC,2025-12-19,1766010600,long,0.06026712886529406,1.7715277777777778,2,0,1,-0.18699474124806914,0.0
BTC,2025-12-19,1766139300,long,0.050893548960072366,0.28194444444444444,2,0,1,-0.3879267483377029,0.0
BTC,2025-12-02,1764210600,long,0.13680550034272287,5.604861111111111,0,0,0,0.0,0.0
BTC,2025-12-02,1764469800,long,0.052987706324812534,2.604861111111111,2,0,1,-0.18230722282279543,0.0
BTC,2025-12-02,1764684900,long,0.05966636273933612,0.11527777777777777,2,0,1,-1.5395544269457724,0.0
BTC,2025-12-02,1764215100,long,0.12351571650551518,5.552777777777777,1,1,0,-0.03193119713500256,1.0
BTC,2025-12-20,1766003400,short,0.05770869594767869,2.8548611111111115,1,1,0,-0.02247846381789769,1.0
BTC,2025-12-20,1766011500,long,0.06719085139099024,2.761111111111111,1,1,0,0.02393017228683259,1.0
BTC,2025-12-20,1766131200,short,0.0571012480818045,1.3756944444444446,1,1,0,-0.02342906441760729,1.0
BTC,2025-12-20,1766198700,long,0.05752914050250579,0.5944444444444444,2,0,1,0.4508497025634544,1.0
BTC,2025-12-20,1766064600,short,0.07789526723479312,2.146527777777778,2,0,1,-0.5117885221613809,1.0
BTC,2025-12-21,1766009700,long,0.06285675531357549,3.781944444444444,1,1,0,-0.014759354810678086,1.0
BTC,2025-12-21,1766012400,short,0.059944385913478726,3.7506944444444446,0,0,0,0.0,1.0
BTC,2025-12-21,1766143800,long,0.051814311751633646,2.229861111111111,2,0,1,0.7585775527282484,1.0
BTC,2025-12-21,1766181600,short,0.055510354713621646,1.792361111111111,2,0,1,-0.5699168271264341,1.0
BTC,2025-12-21,1766268900,short,0.0684116501360435,0.7819444444444444,2,0,1,-0.46065676280375883,1.0
BTC,2025-12-21,1765964700,long,0.050370840358746394,4.302777777777777,0,0,0,0.0,1.0
BTC,2025-12-22,1766003400,short,0.05008650173905271,4.854861111111111,1,1,0,-0.04339756554711601,1.0
BTC,2025-12-22,1766013300,long,0.05155318265450526,4.740277777777778,1,1,0,-0.023051023120931755,1.0
BTC,2025-12-22,1766202300,long,0.05000404146202575,2.5527777777777776,1,1,0,-0.0357329679328464,1.0
BTC,2025-12-22,1766205000,short,0.06221722751819503,2.521527777777778,0,0,0,0.0,1.0
BTC,2025-12-22,1766365200,long,0.05411760617622985,0.6673611111111111,2,0,1,0.5680360199351105,1.0
BTC,2025-12-23,1766009700,short,0.05559973876431279,5.781944444444444,1,1,0,-0.026070269296097404,1.0
BTC,2025-12-23,1766014200,long,0.0644983393528582,5.729861111111112,1,1,0,-0.03414201320306595,1.0
BTC,2025-12-23,1766205000,short,0.05604768447820485,3.5215277777777776,0,0,0,0.0,1.0
BTC,2025-12-23,1766208600,long,0.07046085849112949,3.4798611111111115,1,1,0,0.00085726578242349,1.0
BTC,2025-12-23,1766205900,long,0.06557984984567122,3.511111111111111,0,0,0,0.0,1.0
BTC,2025-12-24,1766019600,long,0.0505024225718107,6.667361111111112,0,0,0,0.0,0.0
BTC,2025-12-24,1766027700,short,0.05131969130251035,6.573611111111111,0,0,0,0.0,0.0
BTC,2025-12-24,1766163600,long,0.05140721812495519,5.000694444444444,0,0,0,0.0,0.0
BTC,2025-12-24,1766307600,long,0.05371261301498942,3.3340277777777776,1,1,0,-0.015907215030217123,0.0
BTC,2025-12-25,1766205000,short,0.07184110169765234,5.521527777777778,1,1,0,-0.006346196715168314,1.0
BTC,2025-12-25,1766205000,long,0.06815889830234756,5.521527777777778,0,0,0,0.0,1.0
BTC,2025-12-25,1766448900,long,0.0611784082517719,2.698611111111111,1,1,0,-0.004803450734942823,1.0
BTC,2025-12-25,1766454300,short,0.051778503394344644,2.636111111111111,2,0,1,-0.6852574490508117,1.0
BTC,2025-12-26,1766702700,long,0.054505201225106825,0.7611111111111111,2,0,1,-0.16410301162591864,0.0
BTC,2025-12-27,1766645100,long,0.0606431280455777,2.4277777777777776,2,0,1,-0.27996727087902756,0.0
BTC,2025-12-27,1766715300,short,0.05150349672945809,1.6152777777777778,1,1,0,0.05261747326301419,0.0
BTC,2025-12-28,1766782800,short,0.053553588378105754,1.8340277777777778,1,1,0,-0.014577096580562002,0.0
BTC,2025-12-29,1766974500,long,0.06438665231732443,0.6152777777777777,2,0,1,-0.6213827754037563,0.0
BTC,2025-12-03,1764405900,short,0.07026424408324461,4.344444444444444,0,0,0,0.0,0.0
BTC,2025-12-03,1764418500,long,0.050811356280930475,4.198611111111111,1,1,0,-0.004219768692995465,0.0
BTC,2025-12-03,1764613800,long,0.05021180439184003,1.9381944444444446,2,0,1,-0.357842523596962,0.0
BTC,2025-12-03,1764549000,long,0.05841417228316348,2.688194444444444,1,1,0,-0.002165268986492719,0.0
BTC,2025-12-30,1766521800,long,0.06587653341660094,6.854861111111111,1,1,0,-0.003923863231603243,1.0
BTC,2025-12-30,1766521800,short,0.05412346658339884,6.854861111111111,0,0,0,0.0,1.0
BTC,2025-12-30,1766610900,long,0.05219121085241141,5.823611111111111,0,0,0,0.0,1.0
BTC,2025-12-30,1766761200,long,0.058771173749285754,4.084027777777778,1,1,0,-0.0013725113088428002,1.0
BTC,2025-12-30,1767002400,long,0.055122245195731834,1.292361111111111,1,1,0,0.0025011458300401856,1.0
BTC,2025-12-30,1767106800,long,0.1357256011079293,0.08402777777777778,2,0,1,0.2003164680324505,1.0
BTC,2025-12-31,1766798100,short,0.05863271506412504,4.656944444444444,0,0,0,0.0,0.0
BTC,2025-12-31,1766808900,long,0.0773702778535088,4.531944444444444,0,0,0,0.0,0.0
BTC,2025-12-31,1767001500,long,0.07300289136479554,2.302777777777778,2,0,1,-0.21176434270385214,0.0
BTC,2025-12-31,1767169800,short,0.07390599843249657,0.3548611111111111,2,0,1,0.5535351022268069,0.0
BTC,2025-12-31,1767185100,long,0.0677582843778759,0.17777777777777776,2,0,1,-0.5776025860932954,0.0
BTC,2025-12-05,1764951300,long,0.11272455988265562,0.03194444444444444,2,0,1,0.018523260924871138,1.0
BTC,2025-12-06,1764718200,short,0.05950991896717184,3.729861111111111,1,1,0,-0.02077546276469118,1.0
BTC,2025-12-06,1764774000,long,0.05646742321626208,3.0840277777777776,2,0,1,0.8650463993406393,1.0
BTC,2025-12-06,1764979200,short,0.10182264987527423,0.7090277777777778,2,0,1,-0.29793218475959454,1.0
BTC,2025-12-06,1764949500,short,0.06077122686122205,1.0527777777777778,2,0,1,-0.17195432883658188,1.0
BTC,2025-12-07,1764707400,short,0.05864661342203792,4.854861111111111,0,0,0,0.0,1.0
BTC,2025-12-07,1764793800,short,0.06085782136744944,3.854861111111111,1,1,0,-0.0037095549162937573,1.0
BTC,2025-12-07,1764946800,long,0.05700861353155129,2.084027777777778,2,0,1,0.7659428549497986,1.0
BTC,2025-12-07,1765013400,short,0.050083642502605,1.3131944444444443,2,0,1,-0.5123628491637219,1.0
BTC,2025-12-07,1765099800,short,0.10416157812302884,0.31319444444444444,2,0,1,-0.37509736667739213,1.0
BTC,2025-12-07,1765120500,long,0.05320471722044795,0.07361111111111111,2,0,1,0.12341273259980573,1.0
BTC,2025-12-07,1764785700,short,0.058847740851533215,3.9486111111111115,1,1,0,-0.01476202527416292,1.0
BTC,2025-12-07,1765100700,short,0.07292096634330894,0.30277777777777776,2,0,1,-0.02786569827594715,1.0
BTC,2025-12-07,1764774000,short,0.0710566193557593,4.084027777777778,1,1,0,-0.036964549192621335,1.0
BTC,2025-12-08,1764718200,short,0.05604409471105287,5.729861111111112,0,0,0,0.0,1.0
BTC,2025-12-08,1764787500,long,0.05521209915466252,4.927777777777777,1,1,0,-0.01585756285378246,1.0
BTC,2025-12-08,1764807300,short,0.054441277313416525,4.698611111111111,1,1,0,-0.007650567261793535,1.0
BTC,2025-12-08,1765133100,long,0.06530325297571471,0.9277777777777778,2,0,1,0.7639849707270436,1.0
BTC,2025-12-08,1764715500,short,0.05783296734475807,5.761111111111111,0,0,0,0.0,1.0
BTC,2025-12-08,1765181700,long,0.07449851123244366,0.36527777777777776,1,1,0,0.013054432756284463,1.0
BTC,2025-12-08,1764775800,short,0.05126373613674451,5.063194444444445,1,1,0,-0.028228080616274513,1.0
BTC,2025-12-09,1764738900,short,0.06728702277759213,6.490277777777778,0,0,0,0.0,0.0
BTC,2025-12-09,1764825300,short,0.05680821086250287,5.490277777777778,0,0,0,0.0,0.0
BTC,2025-12-09,1764827100,long,0.057463194817401364,5.469444444444444,0,0,0,0.0,0.0
BTC,2025-12-09,1765215900,long,0.05055262223276635,0.9694444444444444,2,0,1,-0.03415357166540506,0.0
BTC,2025-12-09,1764740700,short,0.05927381911100349,6.469444444444444,1,1,0,-0.03474368979783319,0.0
BTC,2025-12-09,1765208700,long,0.0609064512726345,1.0527777777777778,2,0,1,-0.6668080851784024,0.0
BTC,2025-12-09,1764792900,short,0.06858580854851992,5.865277777777778,0,0,0,0.0,0.0
BTC,2026-01-01,1766718000,long,0.05542302327201454,6.584027777777778,0,0,0,0.0,0.0
BTC,2026-01-01,1766725200,short,0.0534222845383554,6.500694444444444,0,0,0,0.0,0.0
BTC,2026-01-01,1766804400,long,0.06532264937970167,5.584027777777778,0,0,0,0.0,0.0
BTC,2026-01-01,1766811600,short,0.0638170229437871,5.500694444444444,0,0,0,0.0,0.0
BTC,2026-01-01,1766892600,long,0.05333606374481015,4.563194444444444,2,0,1,-0.17513874225757703,0.0
BTC,2026-01-01,1766899800,short,0.05146190472821255,4.479861111111111,0,0,0,0.0,0.0
BTC,2026-01-01,1766979000,long,0.05577645001944109,3.5631944444444446,1,1,0,-0.03124999947525609,0.0
BTC,2026-01-01,1766987100,short,0.050042764128102046,3.469444444444444,1,1,0,0.019625566352377555,0.0
BTC,2026-01-01,1767071700,long,0.050314511899007375,2.4902777777777776,1,1,0,-0.024806809967208,0.0
BTC,2026-01-01,1767219300,long,0.06023918611061352,0.7819444444444444,2,0,1,-0.33879616574037874,0.0
BTC,2026-01-01,1766970000,short,0.06802897531295604,3.667361111111111,1,1,0,0.0018128524361925302,0.0
BTC,2026-01-01,1767019500,long,0.055865686640084844,3.0944444444444446,1,1,0,-0.023249603923948592,0.0
BTC,2026-01-01,1767169800,short,0.05405060210388729,1.3548611111111113,2,0,1,0.5442678226239365,0.0
BTC,2026-01-10,1767859200,long,0.06423666325668975,2.3756944444444446,1,1,0,0.02025749657926077,0.0
BTC,2026-01-10,1767859200,short,0.05576333674331013,2.3756944444444446,1,1,0,-0.022186815079556152,0.0
BTC,2026-01-11,1767859200,short,0.055395693815831426,3.3756944444444446,1,1,0,0.012732504264192271,0.0
BTC,2026-01-12,1767734100,long,0.061834328835361774,5.823611111111111,0,0,0,0.0,0.0
BTC,2026-01-12,1767871800,short,0.06723651452337875,4.229861111111111,0,0,0,0.0,0.0
BTC,2026-01-12,1767859200,short,0.07817029708666745,4.375694444444444,0,0,0,0.0,0.0
BTC,2026-01-13,1767830400,short,0.050207474637592786,5.709027777777777,1,1,0,-0.02581904672211799,0.0
BTC,2026-01-13,1768175100,short,0.05158261036799261,1.7194444444444446,1,1,0,0.0030140641133008933,0.0
BTC,2026-01-14,1768134600,short,0.05037888256375911,3.188194444444444,2,0,1,0.016840533052580542,0.0
BTC,2026-01-14,1768222800,short,0.05057428740346315,2.167361111111111,0,0,0,0.0,0.0
BTC,2026-01-15,1768234500,short,0.05404982241808154,3.031944444444444,0,0,0,0.0,0.0
BTC,2026-01-02,1767086100,long,0.05414205743904055,3.3236111111111115,0,0,0,0.0,0.0
BTC,2026-01-02,1767098700,short,0.058720152633750855,3.1777777777777776,2,0,1,0.38647651703418195,0.0
BTC,2026-01-02,1767173400,long,0.06933632654732591,2.3131944444444446,1,1,0,0.008053368348791041,0.0
BTC,2026-01-02,1767364200,long,0.11066525473276756,0.10486111111111111,2,0,1,-0.9146243725682874,0.0
BTC,2026-01-20,1768780800,short,0.05192103240627349,1.7090277777777778,1,1,0,-0.0015499566643633056,1.0
BTC,2026-01-21,1768414500,long,0.05136685726566259,6.948611111111112,1,1,0,-0.002521377410164286,0.0
BTC,2026-01-21,1768780800,long,0.07094369032028025,2.7090277777777776,1,1,0,0.022421883373402948,0.0
BTC,2026-01-22,1768954500,long,0.05079670009609605,1.698611111111111,1,1,0,-0.026935459127947217,1.0
BTC,2026-01-22,1768974300,short,0.05778704520132194,1.4694444444444446,1,1,0,-0.01833545349844508,1.0
BTC,2026-01-22,1769095800,long,0.0982719195403059,0.06319444444444444,2,0,1,0.09322220599374048,1.0
BTC,2026-01-22,1768987800,long,0.0665936707797794,1.3131944444444443,2,0,1,0.43270081810694927,1.0
BTC,2026-01-23,1768954500,long,0.06182383155206739,2.698611111111111,1,1,0,-0.024785223785875138,0.0
BTC,2026-01-23,1769183100,long,0.12599296905641988,0.05277777777777778,2,0,1,-0.7522115241798815,0.0
BTC,2026-01-23,1768985100,long,0.06342379729052916,2.3444444444444446,1,1,0,-0.0070350106509896645,1.0
BTC,2026-01-24,1768970700,short,0.05217535671506768,3.511111111111111,2,0,1,-0.7261171374522568,1.0
BTC,2026-01-24,1768997700,long,0.05857337216186709,3.198611111111111,1,1,0,-0.02690644827271199,1.0
BTC,2026-01-24,1769112900,short,0.05142625331548112,1.8652777777777778,1,1,0,-0.04474738772574834,1.0
BTC,2026-01-24,1769138100,short,0.05498230051556929,1.5736111111111113,2,0,1,-0.24223499271812174,1.0
BTC,2026-01-25,1768966200,short,0.055589573418374005,4.563194444444444,1,1,0,-0.04064952247691396,1.0
BTC,2026-01-25,1768997700,long,0.0554899380973326,4.198611111111111,1,1,0,-0.036917568377673265,1.0
BTC,2026-01-25,1769127300,short,0.05254816585109867,2.698611111111111,1,1,0,-0.031499477531118814,1.0
BTC,2026-01-25,1769179500,long,0.0693713823313431,2.0944444444444446,1,1,0,-0.14842054480435207,1.0
BTC,2026-01-25,1769213700,short,0.051488686464434996,1.698611111111111,2,0,1,-0.17972113243252524,1.0
BTC,2026-01-26,1768955400,long,0.05185987020537519,5.688194444444445,0,0,0,0.0,0.0
BTC,2026-01-26,1768976100,short,0.05093438798419947,5.448611111111111,1,1,0,-0.04620507183898094,0.0
BTC,2026-01-26,1769266800,long,0.053593999310457274,2.084027777777778,2,0,1,-0.4466668711672603,0.0
BTC,2026-01-26,1769291100,short,0.06010990460688648,1.8027777777777778,2,0,1,0.4553194699382408,0.0
BTC,2026-01-26,1769205600,long,0.052998556844943145,2.792361111111111,0,0,0,0.0,0.0
BTC,2026-01-27,1768941000,short,0.0656069792441003,6.854861111111111,0,0,0,0.0,1.0
BTC,2026-01-27,1768941000,long,0.0543930207558998,6.854861111111111,1,1,0,-0.03799510651745115,1.0
BTC,2026-01-27,1769041800,short,0.06124402261311579,5.688194444444445,0,0,0,0.0,1.0
BTC,2026-01-27,1769127300,long,0.0512552428152675,4.698611111111111,1,1,0,-0.029410953181569888,1.0
BTC,2026-01-27,1769139000,short,0.0514552126784088,4.563194444444444,1,1,0,-0.02039181220040759,1.0
BTC,2026-01-27,1769274900,long,0.06063773559271102,2.990277777777778,1,1,0,-0.02962368924794994,1.0
BTC,2026-01-27,1769444100,long,0.05255213321463459,1.0319444444444446,2,0,1,0.599916757694217,1.0
BTC,2026-01-27,1769370300,long,0.05263520472232752,1.8861111111111113,2,0,1,0.5646784628797221,1.0
BTC,2026-01-28,1769017500,long,0.05329869104211671,6.969444444444444,1,1,0,-0.043070207088802076,1.0
BTC,2026-01-28,1769022900,short,0.05445640955070563,6.906944444444445,1,1,0,-0.0445677894771917,1.0
BTC,2026-01-28,1769127300,long,0.06611198373752836,5.698611111111111,0,0,0,0.0,1.0
BTC,2026-01-28,1769274900,long,0.060592675101325266,3.9902777777777776,1,1,0,-0.02762794662455123,1.0
BTC,2026-01-29,1769103900,long,0.05039084180843667,6.969444444444444,1,1,0,-0.034607339624417914,0.0
BTC,2026-01-29,1769104800,short,0.06154263466271015,6.959027777777777,0,0,0,0.0,0.0
BTC,2026-01-29,1769274900,long,0.058773514889782774,4.990277777777778,1,1,0,-0.026117229913009327,0.0
BTC,2026-01-03,1767124800,short,0.06524566630555417,3.8756944444444446,1,1,0,-0.01664284882173095,0.0
BTC,2026-01-03,1767132900,long,0.05439327224115398,3.781944444444444,1,1,0,-0.054155215693690674,0.0
BTC,2026-01-03,1767288600,short,0.07783916586250483,1.979861111111111,1,1,0,-0.04350988736932262,0.0
BTC,2026-01-03,1767308400,long,0.05295871436423649,1.7506944444444443,2,0,1,-0.4262332480488437,0.0
BTC,2026-01-04,1767124800,short,0.06146266215375473,4.875694444444444,1,1,0,-0.015227638619110919,0.0
BTC,2026-01-04,1767132900,long,0.055776615947073394,4.781944444444445,0,0,0,0.0,0.0
BTC,2026-01-04,1767239100,short,0.0751249080630062,3.5527777777777776,1,1,0,0.012766958613746812,0.0
BTC,2026-01-04,1767374100,long,0.05404102376379871,1.9902777777777778,1,1,0,0.045507375018775574,0.0
BTC,2026-01-04,1767380400,short,0.05678607987604689,1.917361111111111,2,0,1,0.32922844038697463,0.0
BTC,2026-01-04,1767218400,short,0.05176591520320328,3.7923611111111115,0,0,0,0.0,1.0
BTC,2026-01-05,1767124800,short,0.06076676182229246,5.875694444444444,2,0,1,0.3004283826528635,0.0
BTC,2026-01-05,1767125700,long,0.059363258638253535,5.865277777777778,1,1,0,-0.03304148909823601,0.0
BTC,2026-01-05,1767220200,short,0.05426710509278565,4.771527777777777,1,1,0,-0.021595181504902278,0.0
BTC,2026-01-05,1767427200,long,0.05004795856537081,2.3756944444444446,1,1,0,-0.014507367529380824,0.0
BTC,2026-01-06,1767155400,short,0.051556347913529144,6.521527777777778,2,0,1,0.2592437794315698,0.0
BTC,2026-01-06,1767155400,long,0.05844365208647084,6.521527777777778,1,1,0,-0.03736543231107971,0.0
BTC,2026-01-06,1767243600,short,0.05110025504460447,5.500694444444444,0,0,0,0.0,0.0
BTC,2026-01-06,1767247200,long,0.050942208590716964,5.459027777777778,0,0,0,0.0,0.0
BTC,2026-01-06,1767392100,short,0.05518296948161838,3.781944444444444,2,0,1,0.2365428513125833,0.0
BTC,2026-01-07,1767308400,long,0.0611977753823445,5.750694444444444,2,0,1,-0.16090070862938455,0.0
BTC,2026-01-08,1767450600,long,0.057822888671172024,5.104861111111111,0,0,0,0.0,0.0
BTC,2026-01-09,1767871800,short,0.05310060606559097,1.229861111111111,2,0,1,0.24804136764659157,0.0
BTC,2026-01-09,1767949200,long,0.07916686437361964,0.33402777777777776,2,0,1,0.1480671776995492,1.0
BTC,2026-05-13,1778101200,long,0.05271073193653242,6.792361111111111,0,0,0,0.0,0.0
BTC,2025-11-22,1763661600,long,0.05250663825788293,1.9590277777777776,2,0,1,-0.09548913027792708,0.0
BTC,2025-11-22,1763711100,short,0.05230063938709506,1.386111111111111,2,0,1,0.15753519595056625,0.0
BTC,2025-11-23,1763648100,long,0.052523384277059604,3.115277777777778,2,0,1,-0.2282925783845467,0.0
BTC,2025-11-23,1763729100,short,0.07903453411026362,2.1777777777777776,2,0,1,0.2153463015423215,0.0
BTC,2025-11-24,1763504100,short,0.06261178598386896,5.781944444444444,1,1,0,0.015226270804362644,0.0
BTC,2025-11-24,1763655300,long,0.0518177235454329,4.031944444444444,1,1,0,-0.021572275288452764,0.0
BTC,2025-11-24,1763636400,long,0.05684110503330331,4.250694444444444,0,0,0,0.0,0.0
BTC,2025-11-25,1763660700,long,0.0642497407611653,4.969444444444444,0,0,0,0.0,0.0
BTC,2025-11-25,1763673300,short,0.060396357078009055,4.823611111111111,0,0,0,0.0,0.0
BTC,2025-11-25,1763780400,long,0.06296208728852304,3.584027777777778,1,1,0,-0.024487274353552784,0.0
BTC,2025-11-25,1763866800,long,0.05152722954766764,2.5840277777777776,1,1,0,-0.02535751026190201,0.0
BTC,2025-11-25,1763960400,long,0.05765625449371603,1.5006944444444446,1,1,0,0.0019281149229286206,0.0
BTC,2025-11-25,1763733600,long,0.051928665029639554,4.125694444444445,1,1,0,0.0024535738937765082,0.0
BTC,2025-11-25,1763885700,long,0.05257543623713157,2.365277777777778,0,0,0,0.0,0.0
BTC,2025-11-25,1763645400,short,0.05122737298773555,5.146527777777778,1,1,0,0.11739732338203882,0.0
BTC,2025-11-26,1763811900,long,0.05217765882178682,4.219444444444444,0,0,0,0.0,0.0
BTC,2025-11-26,1763899200,long,0.05135536563991416,3.2090277777777776,1,1,0,-0.026084317770893033,0.0
BTC,2025-11-27,1763660700,long,0.05944014728612723,6.969444444444444,0,0,0,0.0,0.0
BTC,2025-11-27,1763662500,short,0.05604790097468282,6.948611111111112,0,0,0,0.0,0.0
BTC,2025-11-27,1764100800,short,0.05033636305717404,1.8756944444444446,2,0,1,0.4732381719765148,0.0
BTC,2025-11-27,1763661600,long,0.061766348736748355,6.959027777777777,0,0,0,0.0,1.0
BTC,2025-11-27,1763729100,short,0.06793971640366969,6.177777777777778,1,1,0,0.037194871029815224,1.0
BTC,2025-11-28,1764181800,short,0.06252197264683379,1.9381944444444446,1,1,0,-0.032729234052121206,0.0
BTC,2025-11-28,1764111600,short,0.05058613745282747,2.7506944444444446,1,1,0,-0.031171363857913064,1.0
BTC,2025-11-29,1764180000,short,0.0520410945981139,2.959027777777778,2,0,1,0.27123075754949993,0.0
BTC,2025-11-29,1764346500,long,0.05043480401235678,1.0319444444444446,2,0,1,-0.12435445706497085,0.0
BTC,2025-11-30,1764202500,short,0.10155096873863545,3.698611111111111,1,1,0,0.008013204007990188,0.0
BTC,2025-11-30,1764462600,long,0.054590604639309426,0.6881944444444444,2,0,1,0.03277524742623056,0.0
BTC,2025-12-01,1764232200,long,0.065343736681438,4.354861111111111,0,0,0,0.0,0.0
BTC,2025-12-01,1764340200,short,0.057211330057717946,3.104861111111111,0,0,0,0.0,0.0
BTC,2025-12-01,1764493200,long,0.0501220069614805,1.3340277777777778,2,0,1,-0.006166525787008936,0.0
BTC,2025-12-10,1764835200,long,0.05381936637175144,6.375694444444444,1,1,0,-0.015365842752237308,0.0
BTC,2025-12-10,1765033200,long,0.05286819821950317,4.084027777777778,0,0,0,0.0,0.0
BTC,2025-12-11,1765392300,long,0.06560798514811639,0.9277777777777778,2,0,1,-0.2881348872590215,0.0
BTC,2025-12-11,1765389600,long,0.05009701407346556,0.9590277777777778,2,0,1,-0.5664094994641476,0.0
BTC,2025-12-12,1765479600,long,0.059394663479056975,0.9173611111111111,2,0,1,0.6469406830500198,1.0
BTC,2025-12-12,1765487700,long,0.05740530205269767,0.8236111111111112,2,0,1,0.17492050589825395,1.0
BTC,2025-12-13,1765504800,short,0.05163159181962629,1.6256944444444446,1,1,0,-0.03876974290127223,1.0
BTC,2025-12-13,1765553400,long,0.06403013662607071,1.0631944444444446,2,0,1,0.6135392870486518,1.0
BTC,2025-12-13,1765597500,short,0.08015493847913407,0.5527777777777778,2,0,1,-0.3896960770611586,1.0
BTC,2025-12-15,1765398600,long,0.05254990181455388,4.854861111111111,0,0,0,0.0,0.0
BTC,2025-12-15,1765393200,long,0.057566700906335644,4.917361111111111,1,1,0,-0.017800558456654826,0.0
BTC,2025-12-16,1765311300,short,0.05432910497563537,6.865277777777778,0,0,0,0.0,0.0
BTC,2025-12-16,1765319400,long,0.0521185095043577,6.771527777777778,1,1,0,-0.023730695194172563,0.0
BTC,2025-12-16,1765420200,long,0.06923658323092585,5.604861111111111,0,0,0,0.0,0.0
BTC,2025-12-16,1765645200,long,0.051784021482043086,3.000694444444444,0,0,0,0.0,0.0
BTC,2025-12-16,1765369800,long,0.08441110939700192,6.188194444444444,0,0,0,0.0,0.0
BTC,2025-12-16,1765369800,short,0.055588890602997654,6.188194444444444,1,1,0,-0.03152576297844177,0.0
BTC,2025-12-17,1765390500,long,0.05619378962306598,6.948611111111112,1,1,0,-0.029355532518133685,0.0
BTC,2025-12-17,1765390500,short,0.06380621037693379,6.948611111111112,1,1,0,-0.01598323691659194,0.0
BTC,2025-12-17,1765559700,long,0.05303409154198091,4.990277777777778,2,0,1,-0.12227636532855714,0.0
BTC,2025-12-17,1765985400,long,0.061030510430479135,0.06319444444444444,2,0,1,1.6714927595551337,0.0
BTC,2025-12-17,1765780200,short,0.05345228524891299,2.4381944444444446,2,0,1,0.20019657315917957,0.0
BTC,2025-12-18,1765486800,short,0.06506263499803966,6.834027777777778,1,1,0,0.006558189148787698,0.0
BTC,2025-12-18,1765489500,long,0.05655300024587806,6.802777777777778,0,0,0,0.0,0.0
BTC,2025-12-18,1765984500,long,0.050746148485201203,1.073611111111111,1,1,0,0.26272883228647226,0.0
BTC,2025-12-18,1766066400,short,0.052400526793945024,0.12569444444444444,2,0,1,-0.020962089454043903,0.0
BTC,2025-12-19,1766064600,short,0.07118280636812147,1.1465277777777778,2,0,1,0.21201890284889865,0.0
BTC,2025-12-02,1764210600,short,0.16939141480961128,5.604861111111111,0,0,0,0.0,1.0
BTC,2025-12-02,1764232200,long,0.06081884429785256,5.354861111111111,0,0,0,0.0,1.0
BTC,2025-12-02,1764688500,long,0.20699372534743166,0.07361111111111111,2,0,1,0.34530558744773604,1.0
BTC,2025-12-20,1766012400,long,0.07070726312827769,2.7506944444444446,0,0,0,0.0,0.0
BTC,2025-12-20,1766065500,short,0.05802574113120129,2.136111111111111,1,1,0,0.07017598954084286,0.0
BTC,2025-12-20,1766158200,long,0.05069109403886074,1.0631944444444446,2,0,1,-0.10095843679422029,0.0
BTC,2025-12-21,1765959300,short,0.0581277654956065,4.365277777777778,0,0,0,0.0,0.0
BTC,2025-12-21,1766013300,long,0.06594385846776674,3.740277777777778,0,0,0,0.0,0.0
BTC,2025-12-21,1766155500,long,0.05083712951846486,2.0944444444444446,2,0,1,-0.1355604042812212,0.0
BTC,2025-12-21,1766157300,short,0.06633104261010436,2.073611111111111,1,1,0,0.021346245609229972,0.0
BTC,2025-12-22,1766003400,long,0.05504520617931208,4.854861111111111,1,1,0,-0.04339756554711601,0.0
BTC,2025-12-22,1766017800,short,0.0622252593864725,4.688194444444444,0,0,0,0.0,0.0
BTC,2025-12-22,1766204100,short,0.05147451462899888,2.531944444444444,1,1,0,0.009925075716154008,0.0
BTC,2025-12-22,1766415600,long,0.12676201338818371,0.08402777777777778,2,0,1,-0.08866043231486403,0.0
BTC,2025-12-23,1766009700,long,0.06052447755182677,5.781944444444444,2,0,1,-0.07817423894410253,0.0
BTC,2025-12-23,1766014200,short,0.05449204559042198,5.729861111111112,1,1,0,-0.03414201320306595,0.0
BTC,2025-12-23,1766198700,long,0.054341956214879916,3.5944444444444446,0,0,0,0.0,0.0
BTC,2025-12-24,1766019600,long,0.057261609119266144,6.667361111111112,1,1,0,-0.03355594566074676,0.0
BTC,2025-12-25,1766198700,long,0.054285061153186875,5.594444444444444,0,0,0,0.0,0.0
BTC,2025-12-03,1764292500,long,0.059809777016499366,5.656944444444444,0,0,0,0.0,0.0
BTC,2025-12-03,1764405900,long,0.07487051596975114,4.344444444444444,0,0,0,0.0,0.0
BTC,2025-12-03,1764771300,long,0.12228191680770584,0.11527777777777777,2,0,1,-0.23332054478113085,0.0
BTC,2025-12-03,1764772200,short,0.09764925938192237,0.10486111111111111,2,0,1,0.4425020262916426,0.0
BTC,2025-12-03,1764374400,long,0.05754765370385262,4.709027777777778,0,0,0,0.0,1.0
BTC,2025-12-30,1766520000,short,0.05940669137281951,6.875694444444445,2,0,1,0.22290637281236927,0.0
BTC,2025-12-30,1766520000,long,0.060593308627180376,6.875694444444445,1,1,0,-0.026855531806316044,0.0
BTC,2025-12-31,1766798100,long,0.05041311845223362,4.656944444444444,1,1,0,-0.0030559764438103823,0.0
BTC,2025-12-31,1766995200,long,0.06093702612247909,2.3756944444444446,1,1,0,0.041240415488049964,0.0
BTC,2025-12-31,1767011400,short,0.05142833500021493,2.1881944444444446,1,1,0,0.026297292437605934,0.0
BTC,2025-12-04,1764719100,short,0.05000546228164093,1.7194444444444446,2,0,1,0.3018910198817928,0.0
BTC,2025-12-04,1764774000,long,0.06243262120476478,1.0840277777777778,2,0,1,0.3131441215372661,1.0
BTC,2025-12-05,1764771300,long,0.050206318482931334,2.1152777777777776,2,0,1,-0.23072547766259774,0.0
BTC,2025-12-05,1764918000,long,0.05297611097668797,0.41736111111111107,2,0,1,-1.344369169708012,0.0
BTC,2025-12-06,1764774000,long,0.05084465794239512,3.0840277777777776,1,1,0,0.012460297011519364,0.0
BTC,2025-12-06,1764774000,short,0.06915534205760498,3.0840277777777776,1,1,0,-0.01649565070599708,0.0
BTC,2025-12-06,1764864000,short,0.050088973001659376,2.042361111111111,1,1,0,-0.02091530021100918,0.0
BTC,2025-12-06,1764728100,short,0.08448982505728386,3.615277777777778,1,1,0,-0.02966138413950889,0.0
BTC,2025-12-06,1764834300,short,0.06385188804336639,2.386111111111111,1,1,0,0.02346776286039969,0.0
BTC,2025-12-06,1764774900,long,0.07616940778240977,3.073611111111111,1,1,0,-0.0006668495965524782,0.0
BTC,2025-12-06,1764775800,short,0.06779659452817977,3.0631944444444446,1,1,0,-0.012653558281840345,0.0
BTC,2025-12-07,1764707400,long,0.06027520292899391,4.854861111111111,0,0,0,0.0,0.0
BTC,2025-12-07,1764723600,short,0.056359973741957003,4.667361111111111,1,1,0,-0.01717082250292748,0.0
BTC,2025-12-07,1764802800,long,0.05057210135929324,3.7506944444444446,1,1,0,-0.0160047984669843,0.0
BTC,2025-12-07,1764819000,short,0.05404033097550254,3.5631944444444446,1,1,0,-0.004549368879624156,0.0
BTC,2025-12-07,1764928800,long,0.050435934438414876,2.292361111111111,2,0,1,-0.30458778716667134,0.0
BTC,2025-12-07,1765044000,long,0.058675368933214456,0.9590277777777778,2,0,1,-0.3257268816429373,0.0
BTC,2025-12-08,1764722700,long,0.05794180615193367,5.677777777777778,0,0,0,0.0,0.0
BTC,2025-12-08,1764740700,short,0.05343953027364756,5.469444444444444,0,0,0,0.0,0.0
BTC,2025-12-08,1764828000,short,0.05211040782583709,4.459027777777777,0,0,0,0.0,0.0
BTC,2025-12-08,1764829800,long,0.05314287832990661,4.438194444444445,0,0,0,0.0,0.0
BTC,2025-12-08,1765133100,short,0.05461058620728376,0.9277777777777778,2,0,1,0.4193587608083054,0.0
BTC,2025-12-08,1765192500,long,0.05529283791274686,0.24027777777777778,2,0,1,-1.015110253607997,0.0
BTC,2025-12-09,1764728100,short,0.05384105663414973,6.615277777777777,0,0,0,0.0,0.0
BTC,2025-12-09,1764797400,long,0.06269899501797283,5.813194444444444,1,1,0,0.0016152245503102134,0.0
BTC,2025-12-09,1764818100,short,0.05068538847274828,5.573611111111111,0,0,0,0.0,0.0
BTC,2025-12-09,1765206000,long,0.0646067586296526,1.0840277777777778,2,0,1,-0.31151503275353587,0.0
BTC,2025-12-09,1765292400,long,0.09314834545036144,0.08402777777777778,1,0,0,-0.8576546636890523,0.0
BTC,2025-12-09,1764774900,short,0.051505773311291914,6.073611111111111,1,1,0,0.005019454023995841,0.0
BTC,2025-12-09,1764760500,long,0.0622076645029368,6.240277777777778,1,1,0,-0.019125032169807286,1.0
BTC,2026-01-01,1766712600,long,0.05256405117608587,6.646527777777777,1,1,0,-0.03407598617826629,0.0
BTC,2026-01-01,1766715300,short,0.06281120742050583,6.615277777777777,1,1,0,0.00287055573346795,0.0
BTC,2026-01-01,1766808900,long,0.06346877925859262,5.531944444444445,0,0,0,0.0,0.0
BTC,2026-01-01,1766897100,short,0.06246728546806524,4.511111111111111,2,0,1,0.2080862778891328,0.0
BTC,2026-01-01,1766924100,long,0.0585648438187063,4.198611111111111,0,0,0,0.0,0.0
BTC,2026-01-01,1767012300,short,0.0664371146234164,3.1777777777777776,1,1,0,-0.018594272294995766,0.0
BTC,2026-01-10,1767744000,short,0.057757947479198934,3.7090277777777776,1,1,0,0.032441422318420836,1.0
BTC,2026-01-10,1767897900,short,0.051410561121060794,1.9277777777777778,2,0,1,-0.6287569163438779,1.0
BTC,2026-01-10,1767999600,long,0.15692158279831725,0.7506944444444446,1,1,0,0.015911123697895775,1.0
BTC,2026-01-10,1767764700,short,0.05000704094253261,3.469444444444444,1,1,0,-0.018475371147488068,1.0
BTC,2026-01-11,1767826800,short,0.05185082247070061,3.7506944444444446,1,1,0,-0.03238916392691722,1.0
BTC,2026-01-11,1767982500,short,0.06390823876218721,1.948611111111111,2,0,1,-0.4493523638361213,1.0
BTC,2026-01-12,1767871800,long,0.07988575585233293,4.229861111111111,0,0,0,0.0,0.0
BTC,2026-01-12,1768174200,long,0.05826714331326843,0.7298611111111111,1,1,0,-0.15278182525024786,0.0
BTC,2026-01-12,1767834900,short,0.053422427087185254,4.656944444444444,2,0,1,-0.5826826124075336,1.0
BTC,2026-01-13,1767859200,long,0.05521489940206248,5.375694444444445,1,1,0,-0.005771835281180096,0.0
BTC,2026-01-13,1768093200,long,0.051492940640507356,2.667361111111111,1,1,0,-0.014954502421679013,0.0
BTC,2026-01-13,1768179600,long,0.060159948198426516,1.667361111111111,2,0,1,-0.2541090637769885,0.0
BTC,2026-01-13,1768270500,long,0.05112513614244607,0.6152777777777777,2,0,1,-0.3676183338697417,0.0
BTC,2026-01-14,1767871800,long,0.06674174525083298,6.229861111111111,0,0,0,0.0,0.0
BTC,2026-01-14,1767874500,short,0.06543936982773535,6.198611111111111,0,0,0,0.0,0.0
BTC,2026-01-14,1768175100,long,0.06737536023393598,2.7194444444444446,1,1,0,-0.038495236775463904,0.0
BTC,2026-01-14,1768179600,short,0.053988193782197436,2.667361111111111,1,1,0,0.044678575349303126,0.0
BTC,2026-01-14,1768261500,long,0.12444772190265097,1.7194444444444446,1,1,0,-0.040780006061025546,0.0
BTC,2026-01-14,1768243500,long,0.13728553336098726,1.9277777777777778,0,0,0,0.0,0.0
BTC,2026-01-15,1768250700,long,0.10018252371996339,2.844444444444444,0,0,0,0.0,0.0
BTC,2026-01-15,1768343400,short,0.11964755743831068,1.7715277777777778,1,1,0,-0.011591749526344525,0.0
BTC,2026-01-16,1768342500,short,0.05208946082478405,2.7819444444444446,1,1,0,-0.024629936654074175,0.0
BTC,2026-01-18,1768342500,short,0.06135751661083877,4.781944444444445,1,1,0,-0.008201029425431614,0.0
BTC,2026-01-19,1768401000,short,0.05347920322955846,5.104861111111111,1,1,0,0.0613347001654143,0.0
BTC,2026-01-19,1768781700,long,0.05246057700533835,0.6986111111111111,2,0,1,0.3766219127532126,1.0
BTC,2026-01-02,1767087000,short,0.05107143475167031,3.313194444444444,0,0,0,0.0,1.0
BTC,2026-01-20,1768919400,long,0.13366904831257487,0.10486111111111111,2,0,1,0.3073989071615612,1.0
BTC,2026-01-21,1768414500,short,0.06058509632848452,6.948611111111112,0,0,0,0.0,0.0
BTC,2026-01-21,1768502700,long,0.05405854319730197,5.927777777777778,1,1,0,-0.004742679699192167,0.0
BTC,2026-01-21,1768779900,long,0.055004792369290234,2.7194444444444446,1,1,0,-0.05608858333000884,0.0
BTC,2026-01-21,1768780800,short,0.13221988960402398,2.7090277777777776,1,1,0,0.023453444867544845,0.0
BTC,2026-01-22,1768780800,long,0.17411178385068515,3.7090277777777776,1,1,0,-0.005064593208429308,0.0
BTC,2026-01-22,1768974300,long,0.05286447071555833,1.4694444444444446,2,0,1,-0.2336919555145116,0.0
BTC,2026-01-22,1768757400,short,0.050607829962040385,3.979861111111111,0,0,0,0.0,0.0
BTC,2026-01-23,1768987800,long,0.05788953867436808,2.3131944444444446,2,0,1,0.7717244407243835,1.0
BTC,2026-01-23,1769080500,short,0.05037225058782513,1.2402777777777778,2,0,1,-0.6150614090291344,1.0
BTC,2026-01-23,1768937400,long,0.05680820459641844,2.8965277777777776,2,0,1,0.6380015715203458,1.0
BTC,2026-01-24,1768954500,long,0.05199326954799477,3.698611111111111,1,1,0,-0.008456728340479322,0.0
BTC,2026-01-24,1769028300,short,0.05372500825845683,2.844444444444444,2,0,1,0.2943856089008361,0.0
BTC,2026-01-24,1769115600,short,0.08804182440807906,1.8340277777777778,1,1,0,-0.03406902051816131,0.0
BTC,2026-01-24,1769163300,long,0.05093063452359625,1.2819444444444443,2,0,1,-0.25470111926239836,0.0
BTC,2026-01-25,1768954500,long,0.05016374759581521,4.698611111111111,1,1,0,-0.020992990810020623,0.0
BTC,2026-01-25,1768973400,short,0.050990773550175894,4.479861111111111,1,1,0,-0.013555136544140842,0.0
BTC,2026-01-25,1769141700,short,0.06204186324092842,2.531944444444444,1,1,0,0.0059015590259073394,0.0
BTC,2026-01-25,1769200200,long,0.05129997332887237,1.854861111111111,2,0,1,0.04319525247123435,0.0
BTC,2026-01-26,1768968000,short,0.052575650155743836,5.542361111111111,1,1,0,-0.028440147560413437,0.0
BTC,2026-01-27,1768939200,short,0.051202511065351675,6.875694444444445,0,0,0,0.0,0.0
BTC,2026-01-27,1768940100,long,0.05634147816108448,6.865277777777778,1,1,0,-0.0022677012164972338,0.0
BTC,2026-01-27,1769127300,long,0.07807524865948756,4.698611111111111,0,0,0,0.0,0.0
BTC,2026-01-27,1769127300,short,0.05192475134051244,4.698611111111111,1,1,0,-0.029410953181569888,0.0
BTC,2026-01-27,1769259600,long,0.05096552050467906,3.1673611111111115,2,0,1,-0.18450559761974356,0.0
BTC,2026-01-28,1769127300,long,0.08503643996611898,5.698611111111111,0,0,0,0.0,0.0
BTC,2026-01-28,1769127300,short,0.06496356003388126,5.698611111111111,0,0,0,0.0,0.0
BTC,2026-01-28,1769274000,long,0.05020804000118306,4.000694444444445,1,1,0,-0.014496577906730607,0.0
BTC,2026-01-29,1769103900,long,0.05354547734076465,6.969444444444444,1,1,0,-0.03276357465862311,0.0
BTC,2026-01-29,1769104800,short,0.0507185231406686,6.959027777777777,1,1,0,-0.03268628072600327,0.0
BTC,2026-01-29,1769274900,long,0.0712189604714577,4.990277777777778,1,1,0,-0.020793776751120163,0.0
BTC,2026-01-29,1769277600,short,0.05582507755031285,4.959027777777778,0,0,0,0.0,0.0
BTC,2026-01-29,1769105700,long,0.07684442911536693,6.948611111111112,1,1,0,0.0004889511882004902,0.0
BTC,2026-01-03,1767125700,long,0.05487664091413036,3.8652777777777776,1,1,0,-0.021003376319376637,1.0
BTC,2026-01-03,1767128400,short,0.05511580193740662,3.8340277777777776,0,0,0,0.0,1.0
BTC,2026-01-03,1767366000,short,0.05284533311718387,1.0840277777777778,2,0,1,-0.5682072187145165,1.0
BTC,2026-01-04,1767139200,long,0.054321591426707005,4.709027777777778,1,1,0,-0.03036969416147485,1.0
BTC,2026-01-04,1767153600,short,0.05960779776517677,4.542361111111111,1,1,0,-0.028947714188699278,1.0
BTC,2026-01-04,1767239100,long,0.05362463795172223,3.5527777777777776,1,1,0,0.012766958613746812,1.0
BTC,2026-01-04,1767368700,short,0.05593396233209602,2.0527777777777776,2,0,1,-0.5214071452120557,1.0
BTC,2026-01-04,1767491100,short,0.05353614346545754,0.6361111111111112,2,0,1,-0.4170014847630132,1.0
BTC,2026-01-05,1767124800,short,0.06143759741757726,5.875694444444444,1,1,0,0.006273967400888954,0.0
BTC,2026-01-05,1767124800,long,0.058562402582422735,5.875694444444444,1,1,0,-0.01419077712225472,0.0
BTC,2026-01-05,1767231900,short,0.05085792695682334,4.636111111111111,1,1,0,0.00511263599312302,0.0
BTC,2026-01-05,1767546900,short,0.05662304864969192,0.9902777777777777,2,0,1,0.33356898219758413,0.0
BTC,2026-01-06,1767145500,short,0.054047635237659875,6.636111111111112,1,1,0,-0.01591016323077285,0.0
BTC,2026-01-06,1767145500,long,0.0659523647623399,6.636111111111112,2,0,1,-0.16709431331345256,0.0
BTC,2026-01-06,1767231900,short,0.060467673217503015,5.636111111111111,1,1,0,-0.015373711233362102,0.0
BTC,2026-01-06,1767236400,long,0.05085192108684744,5.584027777777778,2,0,1,-0.2286679891821759,0.0
BTC,2026-01-06,1767387600,short,0.06477154026535359,3.8340277777777776,0,0,0,0.0,0.0
BTC,2026-01-06,1767393900,long,0.07351940894960496,3.7611111111111106,1,1,0,0.01980792744201694,0.0
BTC,2026-01-07,1767242700,short,0.05099046161407539,6.511111111111111,0,0,0,0.0,1.0
BTC,2026-01-07,1767243600,long,0.05052660347508042,6.500694444444444,0,0,0,0.0,1.0
BTC,2026-01-08,1767450600,long,0.05357640941657449,5.104861111111111,0,0,0,0.0,1.0
BTC,2026-01-08,1767546900,short,0.05208105971769417,3.9902777777777776,1,1,0,-0.02582684864482571,1.0
BTC,2026-01-08,1767788100,short,0.05020231644703743,1.198611111111111,2,0,1,-0.6238321705949325,1.0
BTC,2026-01-08,1767787200,short,0.060643898599743784,1.2090277777777778,2,0,1,-0.35221032515960166,1.0
BTC,2026-01-09,1767788100,short,0.055538279076164154,2.198611111111111,1,1,0,-0.02793662702334377,1.0
BTC,2026-01-09,1767925800,long,0.05587354762858521,0.6048611111111111,1,1,0,0.012959577833048679,1.0
BTC,2025-11-20,1763076600,long,0.05499125132923166,6.729861111111111,0,0,0,0.0,0.0
BTC,2025-11-20,1763477100,short,0.0615035959492507,2.0944444444444446,1,1,0,0.06500467265143851,0.0
BTC,2025-11-22,1763510400,short,0.05610556722187354,3.7090277777777776,0,0,0,0.0,0.0
BTC,2025-11-24,1763504100,long,0.05957882253553204,5.781944444444444,1,1,0,0.015226270804362644,0.0
BTC,2025-11-25,1763673300,long,0.05817492619909137,4.823611111111111,0,0,0,0.0,0.0
BTC,2025-11-25,1763722800,short,0.05703267193096506,4.250694444444444,0,0,0,0.0,0.0
BTC,2025-11-26,1763597700,short,0.051498300609680914,6.698611111111111,0,0,0,0.0,0.0
BTC,2025-11-26,1764018000,long,0.05444553331603652,1.8340277777777778,1,1,0,0.013745893649733082,0.0
BTC,2025-11-27,1763662500,short,0.06356601405627049,6.948611111111112,0,0,0,0.0,1.0
BTC,2025-11-27,1763662500,long,0.07643398594372952,6.948611111111112,0,0,0,0.0,1.0
BTC,2025-11-27,1764201600,short,0.06613582608803048,0.7090277777777778,2,0,1,-0.3960243482330678,1.0
BTC,2025-11-28,1764192600,long,0.05543479354044223,1.8131944444444443,1,1,0,-0.0750803253913053,1.0
BTC,2025-11-28,1764329400,long,0.07730639253773375,0.2298611111111111,2,0,1,0.23670700687004126,1.0
BTC,2025-11-28,1764321300,long,0.05828125390969641,0.3236111111111111,2,0,1,0.17877087206266135,1.0
BTC,2025-11-29,1764340200,short,0.07507413087212678,1.104861111111111,2,0,1,-0.43338769110223485,1.0
BTC,2025-11-29,1764350100,long,0.07451400946977627,0.9902777777777777,2,0,1,0.5289675487953005,1.0
BTC,2025-11-29,1764203400,long,0.095553878200622,2.688194444444444,1,1,0,-0.037942471875223954,1.0
BTC,2025-11-30,1764202500,long,0.06535638906868813,3.698611111111111,1,1,0,-0.050293060450809904,1.0
BTC,2025-11-30,1764228600,short,0.05041731643156555,3.3965277777777776,2,0,1,-0.7032654840816601,1.0
BTC,2025-11-30,1764340200,short,0.05236545765199485,2.104861111111111,2,0,1,-0.6018258290901584,1.0
BTC,2025-11-30,1764462600,short,0.08722185412771477,0.6881944444444444,2,0,1,-0.26553136649457953,1.0
BTC,2025-12-01,1764255600,long,0.05369863830488297,4.084027777777778,1,1,0,-0.006695344427468067,0.0
BTC,2025-12-01,1764208800,short,0.06973981818057484,4.625694444444445,0,0,0,0.0,0.0
BTC,2025-12-10,1765369800,long,0.050990812301862976,0.18819444444444447,2,0,1,0.6154125382041392,1.0
BTC,2025-12-10,1765203300,long,0.05717133759580917,2.1152777777777776,1,1,0,-0.017585753700716883,1.0
BTC,2025-12-11,1764925200,short,0.055932462985115006,6.334027777777777,1,1,0,0.01659859856897105,0.0
BTC,2025-12-11,1765396800,short,0.05522601247982506,0.8756944444444444,2,0,1,0.36535916408166547,0.0
BTC,2025-12-12,1765488600,long,0.09191105895646867,0.8131944444444444,2,0,1,-0.45235423010744197,0.0
BTC,2025-12-13,1765324800,long,0.06409674621412043,3.7090277777777776,1,1,0,-0.0037614715330956637,0.0
BTC,2025-12-16,1765336500,short,0.05430520247824666,6.573611111111111,0,0,0,0.0,0.0
BTC,2025-12-16,1765339200,long,0.06512425378924869,6.542361111111111,0,0,0,0.0,0.0
BTC,2025-12-16,1765428300,long,0.053919630720849154,5.511111111111111,1,1,0,-0.020653649509919627,0.0
BTC,2025-12-16,1765440000,short,0.053429467352565485,5.375694444444445,0,0,0,0.0,0.0
BTC,2025-12-16,1765553400,long,0.052228619323444914,4.063194444444444,1,1,0,-0.01143979432455497,0.0
BTC,2025-12-16,1765310400,short,0.05180044807948436,6.875694444444445,0,0,0,0.0,0.0
BTC,2025-12-16,1765311300,long,0.05974174549899347,6.865277777777778,0,0,0,0.0,0.0
BTC,2025-12-17,1765397700,long,0.06934673815146564,6.865277777777778,0,0,0,0.0,0.0
BTC,2025-12-17,1765402200,short,0.0517302851507353,6.813194444444444,0,0,0,0.0,0.0
BTC,2025-12-17,1765403100,long,0.05850568551147073,6.802777777777778,0,0,0,0.0,0.0
BTC,2025-12-17,1765673100,long,0.06408778952662098,3.6777777777777776,1,1,0,-0.01409514525710628,0.0
BTC,2025-12-18,1765593000,long,0.056036708144586944,5.604861111111111,0,0,0,0.0,0.0
BTC,2025-12-18,1765487700,long,0.05241313881302201,6.823611111111111,0,0,0,0.0,0.0
BTC,2025-12-18,1765489500,short,0.05091373621676443,6.802777777777778,1,1,0,-0.002811199445025926,0.0
BTC,2025-12-02,1764166500,long,0.062234848412400456,6.115277777777778,1,1,0,-0.01508901950160002,0.0
BTC,2025-12-02,1764213300,short,0.1297160272871979,5.573611111111111,1,1,0,-0.026790497815918527,0.0
BTC,2025-12-21,1766011500,long,0.05960918354541733,3.7611111111111106,1,1,0,-0.021342595789139156,0.0
BTC,2025-12-23,1766011500,long,0.05831357068215515,5.761111111111111,0,0,0,0.0,0.0
BTC,2025-12-23,1766019600,short,0.051930243102712326,5.667361111111111,0,0,0,0.0,0.0
BTC,2025-12-24,1766020500,short,0.051952524629134245,6.656944444444444,0,0,0,0.0,0.0
BTC,2025-12-24,1766034000,long,0.053322873936712645,6.500694444444444,0,0,0,0.0,0.0
BTC,2025-12-25,1766217600,short,0.062283003906204004,5.375694444444445,1,1,0,-0.00428764821258036,0.0
BTC,2025-12-03,1764255600,long,0.058292873999168604,6.084027777777777,0,0,0,0.0,1.0
BTC,2025-12-03,1764292500,short,0.0526859159577131,5.656944444444444,1,1,0,-0.02447506591948554,1.0
BTC,2025-12-03,1764773100,long,0.10626093822042648,0.09444444444444444,1,0,0,0.2707123595363544,1.0
BTC,2025-12-03,1764729000,long,0.060749318327046886,0.6048611111111111,2,0,1,0.49205852930483274,1.0
BTC,2025-12-30,1766522700,short,0.0526329016523146,6.844444444444445,1,1,0,0.0006815473001440218,0.0
BTC,2025-12-30,1766529900,long,0.05232282294469992,6.761111111111111,0,0,0,0.0,0.0
BTC,2025-12-04,1764855900,long,0.14722872176918922,0.1361111111111111,2,0,1,0.4433023453942343,1.0
BTC,2025-12-04,1764803700,long,0.053634038295639286,0.7402777777777778,2,0,1,0.36789145721463623,1.0
BTC,2025-12-05,1764774000,long,0.05976313526799104,2.084027777777778,2,0,1,-0.13722444846343834,0.0
BTC,2025-12-06,1764711900,short,0.05176564036163034,3.8027777777777776,1,1,0,-0.03741422537526873,0.0
BTC,2025-12-06,1764798300,short,0.10269517918523685,2.8027777777777776,2,0,1,0.36752975209369626,0.0
BTC,2025-12-06,1764884700,short,0.05966482690525543,1.8027777777777778,2,0,1,0.29284381634902623,0.0
BTC,2025-12-06,1764774000,long,0.07134503995912689,3.0840277777777776,1,1,0,0.02366717888787838,0.0
BTC,2025-12-06,1764779400,short,0.050281599540919486,3.0215277777777776,1,1,0,-0.025644306640621478,0.0
BTC,2025-12-06,1764866700,short,0.0534604821774195,2.011111111111111,2,0,1,0.3507185215055172,0.0
BTC,2025-12-06,1764772200,long,0.08998376585376833,3.104861111111111,1,1,0,0.012695323317646338,0.0
BTC,2025-12-07,1764779400,short,0.055509169460818186,4.021527777777778,1,1,0,-0.03308038208713025,0.0
BTC,2025-12-07,1764797400,long,0.07024836667279155,3.813194444444444,1,1,0,0.000109862346114902,0.0
BTC,2025-12-07,1764865800,short,0.053162436441956507,3.0215277777777776,1,1,0,0.015186573536613651,0.0
BTC,2025-12-07,1764792900,short,0.05586143409197675,3.8652777777777776,1,1,0,-0.024764817592301938,0.0
BTC,2025-12-07,1764794700,long,0.05386518768001114,3.8444444444444446,1,1,0,-0.03924215005259158,0.0
BTC,2025-12-08,1764721800,short,0.05354210586551211,5.688194444444445,0,0,0,0.0,0.0
BTC,2025-12-08,1764728100,long,0.05214856619810626,5.615277777777778,1,1,0,-0.03833231078034672,0.0
BTC,2025-12-08,1764818100,short,0.05698188143558047,4.573611111111111,1,1,0,-0.029698479682519124,0.0
BTC,2025-12-08,1764830700,long,0.05146597804078268,4.427777777777778,0,0,0,0.0,0.0
BTC,2025-12-08,1765131300,long,0.050576368433104424,0.9486111111111111,2,0,1,-0.11259170805235565,0.0
BTC,2025-12-09,1764773100,short,0.051743006913187006,6.094444444444444,0,0,0,0.0,0.0
BTC,2025-12-09,1764788400,long,0.050282528576862884,5.917361111111111,1,1,0,-0.02909047344720743,0.0
BTC,2025-12-09,1764864900,short,0.055966705427869745,5.031944444444444,1,1,0,-0.011545141221809357,0.0
BTC,2025-12-09,1765217700,short,0.05013609050985113,0.9486111111111111,2,0,1,0.557056832035698,0.0
BTC,2025-12-09,1765296000,long,0.16472717937697,0.04236111111111111,2,0,1,-1.1635194150959673,0.0
BTC,2025-12-09,1764752400,long,0.05437696733367692,6.334027777777777,2,0,1,0.7567850154959345,1.0
BTC,2025-12-09,1764737100,long,0.06000240403923107,6.511111111111111,0,0,0,0.0,1.0
BTC,2026-01-01,1766715300,short,0.05387557076246541,6.615277777777777,1,1,0,-0.015058246195176601,0.0
BTC,2026-01-01,1766754900,long,0.06104918712285401,6.156944444444444,1,1,0,0.018529569393186965,0.0
BTC,2026-01-01,1766803500,short,0.05682623993649982,5.594444444444444,0,0,0,0.0,0.0
BTC,2026-01-01,1766986200,long,0.05305260658121114,3.4798611111111115,1,1,0,-0.001967805238253892,0.0
BTC,2026-01-01,1766718000,short,0.06437364147198954,6.584027777777778,1,1,0,-0.019201630003447406,0.0
BTC,2026-01-10,1767744000,long,0.060207805185654495,3.7090277777777776,1,1,0,0.032441422318420836,0.0
BTC,2026-01-11,1767740400,short,0.051305275230286385,4.750694444444445,1,1,0,-0.014791735441138095,0.0
BTC,2026-01-11,1767916800,long,0.05192818963246171,2.7090277777777776,1,1,0,-0.023142212151599374,0.0
BTC,2026-01-12,1767734100,short,0.08483608902155071,5.823611111111111,0,0,0,0.0,1.0
BTC,2026-01-12,1767828600,long,0.05574589340401093,4.729861111111111,0,0,0,0.0,1.0
BTC,2026-01-13,1767871800,long,0.052959157881290464,5.229861111111111,0,0,0,0.0,1.0
BTC,2026-01-13,1768231800,long,0.10172153393544692,1.0631944444444446,0,0,0,0.0,1.0
BTC,2026-01-14,1767859200,short,0.06100047729781288,6.375694444444444,1,1,0,-0.013622035110350893,0.0
BTC,2026-01-14,1767871800,long,0.051225749478156724,6.229861111111111,0,0,0,0.0,0.0
BTC,2026-01-14,1768179600,long,0.05034436826794275,2.667361111111111,0,0,0,0.0,0.0
BTC,2026-01-14,1768179600,short,0.07965563173205725,2.667361111111111,1,1,0,-0.01141893711137297,0.0
BTC,2026-01-15,1768172400,short,0.05170792630944254,3.7506944444444446,1,1,0,-0.028015709341117134,0.0
BTC,2026-01-15,1768342500,short,0.14388721923715864,1.7819444444444446,1,1,0,-0.06066038465563728,0.0
BTC,2026-01-15,1768392000,long,0.05831030688380334,1.2090277777777778,2,0,1,-0.024234704819944247,0.0
BTC,2026-01-15,1768374000,short,0.061891869748172956,1.417361111111111,1,1,0,-0.029486778600298157,0.0
BTC,2026-01-16,1768330800,long,0.050932603427996215,2.917361111111111,1,1,0,0.03220609884288822,0.0
BTC,2026-01-18,1768348800,short,0.09439306472761344,4.709027777777778,2,0,1,-0.26933463277435116,1.0
BTC,2026-01-18,1768583700,long,0.052925769068989936,1.9902777777777778,0,0,0,0.0,0.0
BTC,2026-01-19,1768377600,short,0.05138755394732497,5.375694444444445,0,0,0,0.0,1.0
BTC,2026-01-19,1768596300,short,0.05143281115096798,2.844444444444444,0,0,0,0.0,1.0
BTC,2026-01-19,1768784400,short,0.051245474557627346,0.6673611111111111,2,0,1,-0.46624747550100937,1.0
BTC,2026-01-02,1767121200,long,0.07683544649361851,2.917361111111111,1,1,0,-0.053573020225434476,0.0
BTC,2026-01-20,1768762800,short,0.05316226332038887,1.917361111111111,0,0,0,0.0,0.0
BTC,2026-01-20,1768861800,short,0.05175419480114152,0.7715277777777778,2,0,1,0.5351053975336603,0.0
BTC,2026-01-20,1768781700,long,0.06261336061266864,1.698611111111111,2,0,1,-0.24387722225374103,0.0
BTC,2026-01-21,1768412700,short,0.05278050052948002,6.969444444444444,1,1,0,-0.011009548102544477,0.0
BTC,2026-01-21,1768415400,long,0.060526388235526696,6.938194444444445,1,1,0,-0.012220373833172468,0.0
BTC,2026-01-21,1768502700,short,0.05159845594561263,5.927777777777778,0,0,0,0.0,0.0
BTC,2026-01-21,1768761900,short,0.060045023873763204,2.9277777777777776,0,0,0,0.0,0.0
BTC,2026-01-21,1768779000,long,0.05301212537888178,2.729861111111111,1,1,0,-0.13317720734250865,0.0
BTC,2026-01-22,1768780800,long,0.059753721952380934,3.7090277777777776,1,1,0,-0.1792625544237383,0.0
BTC,2026-01-22,1768781700,short,0.3006251558097844,3.698611111111111,1,1,0,-0.032541095469730164,0.0
BTC,2026-01-22,1768885200,long,0.06682494694534835,2.5006944444444446,2,0,1,-0.1259363800800716,0.0
BTC,2026-01-24,1768959000,long,0.05138520793850332,3.6465277777777776,0,0,0,0.0,0.0
BTC,2026-01-25,1769190300,short,0.05905538733345572,1.9694444444444443,1,1,0,0.04005484673970662,0.0
BTC,2026-01-26,1768978800,long,0.050888451408137136,5.417361111111111,1,1,0,-0.015652772615006756,0.0
BTC,2026-01-27,1768939200,long,0.058876691879411025,6.875694444444445,1,1,0,-0.0359422372369217,0.0
BTC,2026-01-27,1768943700,short,0.05137474344569681,6.823611111111111,1,1,0,-0.01572233565420947,0.0
BTC,2026-01-27,1769127300,short,0.05851975784130037,4.698611111111111,0,0,0,0.0,0.0
BTC,2026-01-28,1769127300,short,0.0776545153498217,5.698611111111111,0,0,0,0.0,0.0
BTC,2026-01-29,1769103900,long,0.060304414728886924,6.969444444444444,1,1,0,-0.01903013139935787,0.0
BTC,2026-01-29,1769110200,short,0.05068457868607201,6.896527777777778,0,0,0,0.0,0.0
BTC,2026-01-29,1769277600,long,0.059398398111796924,4.959027777777778,0,0,0,0.0,0.0
BTC,2026-01-03,1767140100,short,0.0626815355354392,3.698611111111111,1,1,0,-0.013005922609634492,0.0
BTC,2026-01-04,1767140100,short,0.05090597836780031,4.698611111111111,0,0,0,0.0,0.0
BTC,2026-01-04,1767157200,long,0.052661707721347595,4.500694444444444,0,0,0,0.0,0.0
BTC,2026-01-04,1767374100,short,0.0667714160634707,1.9902777777777778,1,1,0,-0.004952337064811366,0.0
BTC,2026-01-04,1767483000,long,0.0606407096862851,0.7298611111111111,1,1,0,0.011870897448235492,0.0
BTC,2026-01-05,1767131100,short,0.05097419917316426,5.802777777777778,1,1,0,-0.02303984531904476,1.0
BTC,2026-01-05,1767157200,long,0.05858142495224361,5.500694444444444,0,0,0,0.0,1.0
BTC,2026-01-05,1767624300,long,0.08963670798373502,0.09444444444444444,2,0,1,0.36050881015550695,1.0
BTC,2026-01-06,1767150000,long,0.05456443369078867,6.584027777777778,2,0,1,0.8628323803609204,1.0
BTC,2026-01-06,1767150000,short,0.055435566309211315,6.584027777777778,1,1,0,-0.035072232482695434,1.0
BTC,2026-01-06,1767312000,short,0.05071046221289377,4.709027777777778,0,0,0,0.0,1.0
BTC,2026-01-06,1767548700,short,0.05356136626159236,1.9694444444444443,1,1,0,-0.02057279163545956,1.0
BTC,2026-01-07,1767602700,long,0.054838070763879365,2.3444444444444446,2,0,1,-0.18522081677315663,0.0
BTC,2026-01-07,1767734100,long,0.19776217351110636,0.8236111111111112,1,1,0,0.09591671649819308,0.0
BTC,2026-01-08,1767654000,long,0.05481996911350118,2.7506944444444446,1,1,0,-0.015659352098954367,0.0
BTC,2026-01-08,1767789900,short,0.07325664653508934,1.1777777777777778,2,0,1,0.3064919060804017,0.0
BTC,2026-01-09,1767789000,short,0.060671902504005226,2.1881944444444446,2,0,1,0.27321451598120944,0.0
BTC,2025-11-19,1762990200,long,0.05268533843558343,6.729861111111111,0,0,0,0.0,0.0
BTC,2025-11-19,1763132400,short,0.05361416364616445,5.084027777777777,0,0,0,0.0,0.0
BTC,2025-11-20,1763075700,short,0.0673605483188151,6.740277777777778,1,1,0,0.006987782630204012,0.0
BTC,2025-11-23,1763550000,long,0.05250105185595855,4.250694444444444,0,0,0,0.0,0.0
BTC,2025-11-24,1763504100,short,0.0704024268177863,5.781944444444444,0,0,0,0.0,0.0
BTC,2025-11-28,1764180900,long,0.05151442825299113,1.948611111111111,1,1,0,0.00037421827787793155,0.0
BTC,2025-11-28,1764270000,long,0.05503731100010367,0.9173611111111111,2,0,1,-0.20820960833915078,0.0
BTC,2025-11-29,1764275400,long,0.051842470972098154,1.854861111111111,2,0,1,-0.2141459445274862,0.0
BTC,2025-11-30,1764352800,long,0.052131154422916604,1.9590277777777776,2,0,1,-0.34122021853099005,0.0
BTC,2025-12-01,1764213300,short,0.08621136633653148,4.573611111111111,1,1,0,-0.022633619474901952,0.0
BTC,2025-12-10,1764818100,long,0.050923701947296784,6.573611111111111,0,0,0,0.0,0.0
BTC,2025-12-10,1764819900,short,0.05072405656049428,6.552777777777778,0,0,0,0.0,0.0
BTC,2025-12-10,1764798300,long,0.071259620672115,6.802777777777778,0,0,0,0.0,0.0
BTC,2025-12-10,1764801000,short,0.051299864517169835,6.771527777777778,0,0,0,0.0,0.0
BTC,2025-12-11,1764925200,long,0.0542371207577339,6.334027777777777,1,1,0,0.01659859856897105,0.0
BTC,2025-12-11,1765393200,short,0.0515830080435542,0.9173611111111111,2,0,1,0.09957260028059103,0.0
BTC,2025-12-12,1765398600,long,0.05830044640288734,1.854861111111111,1,1,0,-0.030280987089369132,0.0
BTC,2025-12-13,1765393200,short,0.05594557711585113,2.917361111111111,2,0,1,0.17262941714368382,0.0
BTC,2025-12-13,1765398600,long,0.05118250761234355,2.8548611111111115,1,1,0,-0.04513680123270378,0.0
BTC,2025-12-16,1765332000,long,0.06247596460386817,6.625694444444445,0,0,0,0.0,0.0
BTC,2025-12-16,1765339200,short,0.05663717359001841,6.542361111111111,0,0,0,0.0,0.0
BTC,2025-12-16,1765418400,long,0.05256538002350308,5.625694444444444,0,0,0,0.0,0.0
BTC,2025-12-17,1765400400,long,0.05304586544363632,6.834027777777778,0,0,0,0.0,0.0
BTC,2025-12-17,1765403100,short,0.05600023172520796,6.802777777777778,0,0,0,0.0,0.0
BTC,2025-12-17,1765487700,long,0.06335917613612341,5.823611111111111,1,1,0,-0.01808815666164961,0.0
BTC,2025-12-18,1765593000,short,0.051299492669632074,5.604861111111111,1,1,0,-0.011190847676038113,0.0
BTC,2025-12-02,1764214200,long,0.12887997181245214,5.563194444444444,0,0,0,0.0,0.0
BTC,2025-12-02,1764340200,long,0.06630743736841604,4.104861111111111,1,1,0,0.04205799483270942,0.0
BTC,2025-12-02,1764211500,long,0.16277215546513313,5.594444444444444,0,0,0,0.0,0.0
BTC,2025-12-22,1766009700,long,0.057383089908649154,4.781944444444445,0,0,0,0.0,0.0
BTC,2025-12-24,1766032200,long,0.0501690004669626,6.521527777777778,1,1,0,0.020145686439373083,0.0
BTC,2025-12-30,1766530800,long,0.06015277076522585,6.750694444444444,0,0,0,0.0,0.0
BTC,2025-12-06,1764705600,long,0.05018076585979525,3.8756944444444446,1,1,0,-0.02821433333213097,0.0
BTC,2025-12-06,1764792000,long,0.08638395250536424,2.875694444444444,2,0,1,-0.02237513546145263,0.0
BTC,2025-12-06,1764891000,long,0.05090556421688297,1.7298611111111113,2,0,1,0.04034685033809535,0.0
BTC,2025-12-06,1764713700,long,0.0720578373278502,3.781944444444444,2,0,1,-0.07265568953596546,0.0
BTC,2025-12-06,1764859500,long,0.06610368579734183,2.0944444444444446,2,0,1,0.029097829293138866,0.0
BTC,2025-12-07,1764779400,long,0.05207617874707515,4.021527777777778,1,1,0,-0.01736046136338376,0.0
BTC,2025-12-07,1764797400,short,0.051690506525572055,3.813194444444444,1,1,0,0.000109862346114902,0.0
BTC,2025-12-09,1764774000,long,0.050090063866807366,6.084027777777777,0,0,0,0.0,1.0
BTC,2025-12-09,1764783000,short,0.056738000663066446,5.97986111111111,1,1,0,-0.004362912961801378,1.0
BTC,2025-12-09,1764827100,long,0.06168625303661823,5.469444444444444,0,0,0,0.0,1.0
BTC,2026-01-01,1766717100,short,0.051845670885747874,6.594444444444445,1,1,0,0.010010273553482144,0.0
BTC,2026-01-01,1766731500,long,0.05174653615562108,6.427777777777778,0,0,0,0.0,0.0
BTC,2026-01-01,1766986200,short,0.05638281282209512,3.4798611111111115,1,1,0,-0.0052740350396285884,0.0
BTC,2026-01-01,1766998800,long,0.060012191646803714,3.3340277777777776,1,1,0,0.038398087878882894,0.0
BTC,2026-01-12,1767734100,long,0.07047464283519389,5.823611111111111,1,1,0,0.011265532216940198,0.0
BTC,2026-01-12,1767859200,short,0.06475486281366605,4.375694444444444,1,1,0,0.030883972000806118,0.0
BTC,2026-01-12,1767908700,long,0.05136278703741848,3.8027777777777776,1,1,0,-0.009060555440384784,0.0
BTC,2026-01-12,1767739500,long,0.05113447600318288,5.761111111111111,0,0,0,0.0,0.0
BTC,2026-01-14,1767859200,short,0.07206207735066128,6.375694444444444,0,0,0,0.0,0.0
BTC,2026-01-14,1767859200,long,0.07793792264933885,6.375694444444444,0,0,0,0.0,0.0
BTC,2026-01-14,1768232700,long,0.051944872915670404,2.0527777777777776,0,0,0,0.0,0.0
BTC,2026-01-14,1768342500,long,0.05690827685256794,0.7819444444444444,2,0,1,0.2823318088845387,1.0
BTC,2026-01-15,1768350600,short,0.05051144992389811,1.6881944444444443,2,0,1,0.3169864028854361,0.0
BTC,2026-01-15,1768341600,short,0.058044399816495285,1.792361111111111,1,1,0,0.026170712234348054,1.0
BTC,2026-01-15,1768342500,long,0.16538234497301407,1.7819444444444446,0,0,0,0.0,1.0
BTC,2026-01-16,1768345200,short,0.06125782959019033,2.7506944444444446,1,1,0,0.008409998721876248,1.0
BTC,2026-01-16,1768461300,short,0.0565520036051298,1.4069444444444446,1,1,0,-0.018626715148393543,1.0
BTC,2026-01-16,1768568400,long,0.08349610281770348,0.16736111111111113,2,0,1,0.05942949979102491,1.0
BTC,2026-01-16,1768456800,short,0.050984516236831645,1.4590277777777778,2,0,1,-0.33796683913146336,1.0
BTC,2026-01-17,1768346100,long,0.05147485073448177,3.740277777777778,0,0,0,0.0,1.0
BTC,2026-01-17,1768353300,short,0.051009320173342476,3.656944444444444,2,0,1,-0.728669726865012,1.0
BTC,2026-01-17,1768574700,short,0.05005052553697048,1.0944444444444443,1,1,0,-0.18328798033852509,1.0
BTC,2026-01-17,1768499100,short,0.09539407768799946,1.9694444444444443,0,0,0,0.0,1.0
BTC,2026-01-17,1768504500,long,0.11396718141392426,1.9069444444444443,0,0,0,0.0,1.0
BTC,2026-01-18,1768381200,short,0.05852392646312765,4.334027777777778,0,0,0,0.0,1.0
BTC,2026-01-18,1768503600,short,0.054705030463216286,2.917361111111111,0,0,0,0.0,1.0
BTC,2026-01-18,1768590000,long,0.05197764517414871,1.917361111111111,0,0,0,0.0,1.0
BTC,2026-01-18,1768635900,short,0.056647887411168885,1.386111111111111,2,0,1,-0.28136199293023906,1.0
BTC,2026-01-18,1768380300,short,0.06207913633606077,4.344444444444444,0,0,0,0.0,1.0
BTC,2026-01-18,1768510800,short,0.055830802490592135,2.834027777777778,0,0,0,0.0,1.0
BTC,2026-01-19,1768552200,long,0.053456989782942,3.354861111111111,0,0,0,0.0,0.0
BTC,2026-01-19,1768581900,short,0.05307733925332503,3.0111111111111115,0,0,0,0.0,0.0
BTC,2026-01-19,1768689900,short,0.05015821492717365,1.761111111111111,2,0,1,0.46368796588349015,0.0
BTC,2026-01-20,1768669200,long,0.06130656457923811,3.000694444444444,1,1,0,-0.027021679760723998,0.0
BTC,2026-01-20,1768765500,long,0.08488777241423295,1.8861111111111113,0,0,0,0.0,0.0
BTC,2026-01-21,1768413600,long,0.050606703326132596,6.959027777777777,0,0,0,0.0,0.0
BTC,2026-01-21,1768414500,short,0.056445762988384995,6.948611111111112,1,1,0,-0.010257260998790929,0.0
BTC,2026-01-21,1768669200,long,0.05764204147538621,4.000694444444445,2,0,1,-0.31944874522137173,0.0
BTC,2026-01-21,1768761900,long,0.05224792527380928,2.9277777777777776,0,0,0,0.0,0.0
BTC,2026-01-21,1768780800,short,0.23771472956588346,2.7090277777777776,1,1,0,-0.006266469924994009,0.0
BTC,2026-01-22,1768762800,long,0.057362868627028885,3.9173611111111115,0,0,0,0.0,0.0
BTC,2026-01-26,1768982400,short,0.05624078718269554,5.375694444444445,1,1,0,0.00046724392578729144,0.0
BTC,2026-01-27,1768939200,long,0.0519835515762197,6.875694444444445,1,1,0,-0.010234762763078387,0.0
BTC,2026-01-27,1768949100,short,0.05087247480170809,6.761111111111111,1,1,0,-0.006544560128187573,0.0
BTC,2026-01-28,1769019300,long,0.05371602941494946,6.948611111111112,0,0,0,0.0,0.0
BTC,2026-01-28,1769023800,short,0.05539013317320007,6.896527777777778,0,0,0,0.0,0.0
BTC,2026-01-29,1769104800,short,0.0556998311623329,6.959027777777777,2,0,1,0.05433790889449562,0.0
BTC,2026-01-29,1769109300,long,0.050775173022596265,6.906944444444445,0,0,0,0.0,0.0
BTC,2026-01-06,1767167100,long,0.05171561190666307,6.386111111111111,0,0,0,0.0,0.0
BTC,2026-01-06,1767168900,short,0.0566335281171787,6.365277777777777,0,0,0,0.0,0.0
BTC,2026-01-07,1767576600,long,0.06388012636641349,2.6465277777777776,0,0,0,0.0,0.0
BTC,2026-01-08,1767654000,short,0.05143337786397595,2.7506944444444446,1,1,0,-0.028672329385595302,0.0
BTC,2026-01-08,1767741300,short,0.056060863585706056,1.7402777777777776,2,0,1,0.19180360666381358,0.0
BTC,2025-11-11,1762447500,short,0.050275518918067585,5.011111111111111,1,1,0,-0.023572740599164047,0.0
BTC,2025-11-19,1762974000,short,0.06811436754535971,6.91736111111111,0,0,0,0.0,0.0
BTC,2025-11-19,1763095500,long,0.05389280847046862,5.511111111111111,1,1,0,-0.02747541850808496,0.0
BTC,2025-11-19,1763217900,short,0.05620427209964396,4.094444444444444,0,0,0,0.0,0.0
BTC,2025-11-24,1763645400,short,0.05271038271088491,4.146527777777777,0,0,0,0.0,0.0
BTC,2025-11-24,1763613000,short,0.05211034249123303,4.521527777777778,0,0,0,0.0,0.0
BTC,2025-11-26,1763609400,short,0.05214646711515947,6.563194444444445,0,0,0,0.0,0.0
BTC,2025-12-01,1764209700,long,0.07063659516411258,4.615277777777777,1,1,0,-0.005324542026727255,0.0
BTC,2025-12-10,1764819000,short,0.050027223467815185,6.563194444444445,0,0,0,0.0,0.0
BTC,2025-12-10,1764828900,long,0.05064036508164893,6.448611111111111,1,1,0,-0.028321615251447246,0.0
BTC,2025-12-11,1765393200,short,0.061321449566870245,0.9173611111111111,2,0,1,0.030194421303779834,0.0
BTC,2025-12-12,1765393200,short,0.06723273597370782,1.917361111111111,2,0,1,0.08654940165488965,0.0
BTC,2025-12-16,1765310400,long,0.06439305076067536,6.875694444444445,1,1,0,-0.023332210939820085,0.0
BTC,2025-12-16,1765311300,long,0.0601130689766749,6.865277777777778,0,0,0,0.0,0.0
BTC,2025-12-16,1765313100,short,0.05784351584095149,6.844444444444445,0,0,0,0.0,0.0
BTC,2025-12-16,1765414800,long,0.0522251019092379,5.667361111111111,1,1,0,0.015975620469003166,0.0
BTC,2025-12-17,1765399500,long,0.061249987041229303,6.844444444444445,0,0,0,0.0,0.0
BTC,2025-12-17,1765407600,short,0.05552371115920618,6.750694444444444,0,0,0,0.0,0.0
BTC,2025-12-18,1765489500,long,0.06122096169405311,6.802777777777778,2,0,1,0.01937477655834248,0.0
BTC,2025-12-18,1765490400,short,0.055275773943327056,6.792361111111111,1,1,0,0.0013820162887719992,0.0
BTC,2025-12-06,1764758700,short,0.052501577630633234,3.261111111111111,1,1,0,-0.03341445061097177,0.0
BTC,2025-12-06,1764722700,long,0.05608925513823215,3.6777777777777776,1,1,0,-0.022117817983784968,0.0
BTC,2025-12-06,1764809100,long,0.05881165138598621,2.677777777777778,1,1,0,-0.005837703274286324,0.0
BTC,2025-12-07,1764839700,short,0.054417301868222245,3.3236111111111115,0,0,0,0.0,0.0
BTC,2025-12-07,1764774000,short,0.0532431956385907,4.084027777777778,1,1,0,-0.028538345090358602,0.0
BTC,2025-12-07,1764774900,long,0.052915371186608606,4.073611111111111,0,0,0,0.0,0.0
BTC,2025-12-09,1764744300,long,0.058813216347564534,6.427777777777778,0,0,0,0.0,0.0
BTC,2026-01-14,1767859200,short,0.0743928696968249,6.375694444444444,0,0,0,0.0,1.0
BTC,2026-01-14,1767859200,long,0.06560713030317489,6.375694444444444,0,0,0,0.0,1.0
BTC,2026-01-15,1768378500,long,0.10163799165537313,1.3652777777777778,0,0,0,0.0,1.0
BTC,2026-01-16,1768342500,long,0.051296387905413576,2.7819444444444446,1,1,0,-0.004411340444836124,0.0
BTC,2026-01-17,1768347000,short,0.08428087139256668,3.729861111111111,1,1,0,-0.0411238992847933,0.0
BTC,2026-01-17,1768500900,long,0.052267582638259036,1.948611111111111,0,0,0,0.0,0.0
BTC,2026-01-18,1768499100,short,0.08321210672454549,2.9694444444444446,1,1,0,0.031446906383198525,0.0
BTC,2026-01-18,1768500900,long,0.05841720803566375,2.948611111111111,0,0,0,0.0,0.0
BTC,2026-01-19,1768503600,long,0.05510349022576033,3.9173611111111115,0,0,0,0.0,0.0
BTC,2026-01-20,1768392000,short,0.06030213715370458,6.209027777777778,0,0,0,0.0,0.0
BTC,2026-01-20,1768619700,long,0.05749086128417691,3.573611111111111,1,1,0,-0.017414736208944865,0.0
BTC,2026-01-21,1768412700,long,0.06543936427236718,6.969444444444444,0,0,0,0.0,0.0
BTC,2026-01-21,1768413600,short,0.053995146246120895,6.959027777777777,0,0,0,0.0,0.0
BTC,2026-01-21,1768505400,long,0.06088527607763483,5.896527777777778,0,0,0,0.0,0.0
BTC,2026-01-21,1768618800,long,0.053598506844273475,4.584027777777778,0,0,0,0.0,0.0
BTC,2026-01-21,1768761000,long,0.051751853686076155,2.9381944444444446,0,0,0,0.0,0.0
BTC,2026-01-22,1768669200,long,0.06001051687465386,5.000694444444444,0,0,0,0.0,0.0
BTC,2026-01-22,1768780800,short,0.18639637388947172,3.7090277777777776,1,1,0,-0.017251264687398446,0.0
BTC,2026-01-28,1769023800,long,0.05986498138616425,6.896527777777778,0,0,0,0.0,0.0
BTC,2025-11-11,1762292700,long,0.05880425305158177,6.802777777777778,1,1,0,-0.030035554355688193,1.0
BTC,2025-11-19,1762982100,short,0.057067664968133536,6.823611111111111,1,1,0,-0.01371322141006578,0.0
BTC,2025-11-20,1763075700,short,0.055287230638835116,6.740277777777778,0,0,0,0.0,0.0
BTC,2025-11-20,1763075700,long,0.05471276936116487,6.740277777777778,0,0,0,0.0,0.0
BTC,2025-11-24,1763504100,long,0.06606247510369823,5.781944444444444,1,1,0,0.007731852383417337,0.0
BTC,2025-11-25,1763645400,long,0.05993917905929447,5.146527777777778,1,1,0,0.11739732338203882,0.0
BTC,2025-12-10,1764798300,long,0.05674961773780751,6.802777777777778,1,1,0,-0.022217075068684356,0.0
BTC,2025-12-10,1764798300,short,0.06325038226219248,6.802777777777778,0,0,0,0.0,0.0
BTC,2025-12-10,1764925200,long,0.05667072614671387,5.334027777777778,1,1,0,0.000647910693046122,0.0
BTC,2025-12-15,1765393200,short,0.05998211342386106,4.917361111111111,1,1,0,-0.026205291136852375,0.0
BTC,2025-12-16,1765312200,long,0.051594728780582466,6.854861111111111,1,1,0,-0.016714355262823603,0.0
BTC,2025-12-16,1765316700,short,0.055139526780998316,6.802777777777778,1,1,0,-0.0006514858347878849,0.0
BTC,2025-12-17,1765399500,short,0.07106631580880429,6.844444444444445,0,0,0,0.0,0.0
BTC,2025-12-17,1765403100,long,0.05179921492034123,6.802777777777778,0,0,0,0.0,0.0
BTC,2025-12-17,1765488600,short,0.05107172679033756,5.813194444444444,0,0,0,0.0,0.0
BTC,2025-12-18,1765489500,long,0.0500785881603516,6.802777777777778,1,1,0,-0.002016079344370786,0.0
BTC,2025-12-06,1764757800,short,0.08245620066053949,3.271527777777778,0,0,0,0.0,0.0
BTC,2025-12-07,1764774900,short,0.0560909922376458,4.073611111111111,0,0,0,0.0,0.0
BTC,2025-12-07,1764774900,long,0.0739090077623542,4.073611111111111,0,0,0,0.0,0.0
BTC,2025-12-07,1764796500,long,0.05159603803891044,3.823611111111111,0,0,0,0.0,0.0
BTC,2025-12-09,1764705600,short,0.053802625513323155,6.875694444444445,0,0,0,0.0,0.0
BTC,2025-12-09,1764712800,long,0.061838113240632486,6.792361111111111,0,0,0,0.0,0.0
BTC,2025-12-09,1764819000,long,0.05592593860062389,5.563194444444444,0,0,0,0.0,0.0
BTC,2025-12-09,1764835200,short,0.05147321675413774,5.375694444444445,0,0,0,0.0,0.0
BTC,2026-01-17,1768503600,short,0.05056780879913625,1.917361111111111,0,0,0,0.0,0.0
BTC,2026-01-18,1768347000,short,0.07429721737063733,4.729861111111111,1,1,0,-0.035213210210800795,0.0
BTC,2026-01-18,1768499100,long,0.06215735539841516,2.9694444444444446,1,1,0,0.031446906383198525,0.0
BTC,2026-01-18,1768500900,short,0.06858133619161011,2.948611111111111,0,0,0,0.0,0.0
BTC,2026-01-19,1768342500,short,0.06988165849054329,5.781944444444444,1,1,0,-0.03290113141107753,0.0
BTC,2026-01-19,1768460400,short,0.05234016923036677,4.417361111111111,0,0,0,0.0,0.0
BTC,2026-01-20,1768611600,short,0.051746096850961876,3.667361111111111,0,0,0,0.0,0.0
BTC,2026-01-20,1768489200,short,0.05383944108504912,5.084027777777777,0,0,0,0.0,0.0
BTC,2026-01-21,1768412700,short,0.06715470680556224,6.969444444444444,0,0,0,0.0,0.0
BTC,2026-01-21,1768412700,long,0.05284529319443765,6.969444444444444,1,1,0,-0.04462005544425674,0.0
BTC,2026-01-21,1768506300,short,0.06066525643793341,5.886111111111111,0,0,0,0.0,0.0
BTC,2026-01-21,1768618800,short,0.05688895860027121,4.584027777777778,0,0,0,0.0,0.0
BTC,2025-11-17,1762983000,short,0.05249117008520743,4.813194444444444,0,0,0,0.0,0.0
BTC,2025-11-17,1763049600,long,0.05237364421160828,4.042361111111111,0,0,0,0.0,0.0
BTC,2025-11-17,1762982100,short,0.06479939336821017,4.823611111111111,0,0,0,0.0,0.0
BTC,2025-11-20,1763118000,long,0.05429111241691942,6.250694444444445,0,0,0,0.0,0.0
BTC,2025-11-20,1763142300,short,0.0618142424919228,5.969444444444445,0,0,0,0.0,0.0
BTC,2025-11-20,1763141400,short,0.055659224922636086,5.97986111111111,1,1,0,0.011728703809758573,0.0
BTC,2025-11-20,1763075700,long,0.0738476593860169,6.740277777777778,0,0,0,0.0,0.0
BTC,2025-11-20,1763076600,short,0.05306865174069453,6.729861111111111,0,0,0,0.0,0.0
ETH,2026-02-12,1770313500,short,0.056099523658842965,6.969444444444444,1,1,0,-0.059028045271324506,0.0
ETH,2026-02-12,1770336000,short,0.062359667440749056,6.709027777777777,2,0,1,0.20268154267638946,0.0
ETH,2026-02-26,1771827300,long,0.05933357704717668,3.4486111111111106,0,0,0,0.0,0.0
ETH,2026-03-04,1772183700,long,0.06090152614799038,5.323611111111111,0,0,0,0.0,0.0
ETH,2026-03-05,1772261100,short,0.051147798926787336,5.427777777777778,2,0,1,-0.08735490653942352,0.0
ETH,2026-02-11,1770270300,long,0.05206775395150243,6.469444444444444,1,1,0,0.0029003721042438818,0.0
ETH,2026-02-11,1770305400,short,0.07885797063554978,6.063194444444444,1,1,0,-0.04509877895447459,0.0
ETH,2026-02-11,1770364800,long,0.05483325630861646,5.375694444444445,1,1,0,-0.016918347389887095,0.0
ETH,2026-02-11,1770304500,short,0.06175741435114013,6.073611111111111,1,1,0,-0.0223274422862526,0.0
ETH,2026-02-11,1770281100,long,0.0767436416929459,6.344444444444444,0,0,0,0.0,0.0
ETH,2026-02-12,1770313500,short,0.07912987007540151,6.969444444444444,0,0,0,0.0,0.0
ETH,2026-02-12,1770325200,long,0.05541403013310453,6.834027777777778,1,1,0,0.01187753225554242,0.0
ETH,2026-02-12,1770417900,long,0.05476423623262594,5.761111111111111,0,0,0,0.0,0.0
ETH,2026-02-12,1770447600,short,0.05124490094980705,5.417361111111111,1,1,0,-0.024644697341054754,0.0
ETH,2026-02-12,1770473700,long,0.0720348927279586,5.115277777777778,1,1,0,0.00764739766302382,0.0
ETH,2026-02-25,1771435800,long,0.05954263246148628,6.979861111111111,0,0,0,0.0,0.0
ETH,2026-02-26,1771812000,short,0.07203112527923372,3.625694444444444,0,0,0,0.0,0.0
ETH,2026-02-26,1771906500,short,0.051406892032787255,2.531944444444444,1,1,0,-0.006196750774864087,0.0
ETH,2026-03-10,1772570700,long,0.054758084228906156,6.802777777777778,1,1,0,0.002764200386305153,0.0
ETH,2026-03-12,1772784900,short,0.055105048895737974,6.323611111111112,0,0,0,0.0,0.0
ETH,2026-03-03,1772262000,short,0.07319173666851941,3.417361111111111,2,0,1,-0.008684385326478,0.0
ETH,2026-03-03,1772267400,short,0.07431127573696306,3.354861111111111,2,0,1,0.08398771918114212,0.0
ETH,2026-03-04,1772275500,short,0.05790978739891828,4.261111111111111,1,1,0,0.007699300953483007,0.0
ETH,2026-04-02,1774550700,short,0.055204277944869595,6.886111111111111,0,0,0,0.0,0.0
ETH,2026-02-10,1770277500,long,0.06131887209856979,5.386111111111111,1,1,0,0.009382502805902517,0.0
ETH,2026-02-10,1770303600,short,0.05761752211361848,5.084027777777777,1,1,0,-0.052056323953490316,0.0
ETH,2026-02-10,1770389100,long,0.06567150177277403,4.094444444444444,2,0,1,-0.021493309218868783,0.0
ETH,2026-02-10,1770282900,long,0.06354251329433702,5.323611111111111,2,0,1,-0.16289302097987057,0.0
ETH,2026-02-10,1770291900,short,0.05362913975101613,5.219444444444445,1,1,0,-0.0707513942703012,0.0
ETH,2026-02-10,1770451200,short,0.05430525115683815,3.3756944444444446,2,0,1,0.19898809357139657,0.0
ETH,2026-02-11,1770299100,short,0.054368730803767695,6.136111111111111,1,1,0,-0.00947167796433869,0.0
ETH,2026-02-11,1770323400,long,0.05093104609142962,5.854861111111111,2,0,1,-0.07010047927142408,0.0
ETH,2026-02-11,1770448500,short,0.055507468148918715,4.406944444444444,0,0,0,0.0,0.0
ETH,2026-02-11,1770270300,short,0.06302957797023379,6.469444444444444,1,1,0,0.007853649268110274,0.0
ETH,2026-02-11,1770337800,long,0.05151847148796396,5.688194444444445,2,0,1,-0.26977478987812437,0.0
ETH,2026-02-11,1770397200,short,0.05924989405847292,5.000694444444444,1,1,0,-0.007436687861112831,0.0
ETH,2026-02-11,1770272100,short,0.0797352895841531,6.448611111111111,1,1,0,-0.012659026485671646,1.0
ETH,2026-02-11,1770305400,long,0.06432326940951061,6.063194444444444,2,0,1,0.6204205814081969,1.0
ETH,2026-02-11,1770331500,long,0.054292765130977694,5.761111111111111,1,1,0,0.02168386764693215,1.0
ETH,2026-02-12,1770313500,short,0.058611721259404836,6.969444444444444,1,1,0,-0.03112564357453912,0.0
ETH,2026-02-12,1770325200,long,0.057437386746304275,6.834027777777778,2,0,1,-0.0631683607643152,0.0
ETH,2026-02-12,1770417000,short,0.05235807318257335,5.771527777777777,1,1,0,-0.011247124366660416,0.0
ETH,2026-02-12,1770390900,short,0.05150258794552187,6.073611111111111,1,1,0,0.018164029627881502,0.0
ETH,2026-02-12,1770650100,long,0.05218703749338882,3.073611111111111,1,1,0,0.009170253528741248,0.0
ETH,2026-02-14,1770791400,short,0.05452375769046347,3.4381944444444446,2,0,1,0.00361433096546758,0.0
ETH,2026-02-14,1770761700,long,0.06158085606012653,3.781944444444444,1,1,0,-0.009555973882830325,0.0
ETH,2026-02-15,1770791400,short,0.06354781338960369,4.438194444444445,0,0,0,0.0,0.0
ETH,2026-02-15,1770832800,long,0.05171847251634487,3.9590277777777776,2,0,1,-0.012319851147328406,0.0
ETH,2026-02-16,1770849000,short,0.0522234960340624,4.771527777777777,0,0,0,0.0,0.0
ETH,2026-02-16,1770915600,short,0.061136603815965196,4.000694444444445,2,0,1,0.2906580024938368,0.0
ETH,2026-02-17,1770791400,short,0.06998004176954342,6.438194444444444,0,0,0,0.0,0.0
ETH,2026-02-17,1770913800,short,0.07011228832210648,5.021527777777778,1,1,0,-0.010086326038029194,0.0
ETH,2026-02-23,1771811100,short,0.07813662328008586,0.6361111111111112,2,0,1,0.14774070041915063,0.0
ETH,2026-02-24,1771810200,short,0.05982883500607494,1.6465277777777778,2,0,1,0.23894960913087746,0.0
ETH,2026-02-25,1771434900,short,0.05022854787341802,6.990277777777777,0,0,0,0.0,0.0
ETH,2026-02-25,1771811100,short,0.06262771666679046,2.636111111111111,2,0,1,-0.006406813717163312,0.0
ETH,2026-02-26,1771810200,short,0.0502913509547217,3.6465277777777776,1,1,0,-0.012325229096402922,0.0
ETH,2026-02-26,1771896600,short,0.058162366261474974,2.6465277777777776,1,1,0,-0.04274062261664524,0.0
ETH,2026-02-27,1771946100,short,0.05769867259704453,3.073611111111111,1,1,0,-0.04263460787845829,0.0
ETH,2026-02-28,1771966800,short,0.056859629213345975,3.8340277777777776,1,1,0,-0.028642875863357183,0.0
ETH,2026-03-01,1771978500,short,0.06410213663201003,4.698611111111111,1,1,0,0.021254533024863506,0.0
ETH,2026-03-10,1772568900,short,0.06627514257225087,6.823611111111111,0,0,0,0.0,0.0
ETH,2026-03-12,1772807400,long,0.0745774564751851,6.063194444444444,0,0,0,0.0,0.0
ETH,2026-03-12,1772997300,short,0.05049493962495688,3.8652777777777776,2,0,1,0.06655757148982408,0.0
ETH,2026-03-12,1772999100,short,0.050291853352752436,3.8444444444444446,1,1,0,-0.026637919859354466,0.0
ETH,2026-03-19,1773342900,short,0.052293454673717044,6.865277777777778,0,0,0,0.0,0.0
ETH,2026-03-19,1773350100,long,0.050458365895807766,6.781944444444444,1,1,0,0.028335147438527553,0.0
ETH,2026-03-26,1774062000,long,0.057398500496212757,5.542361111111111,1,1,0,-0.018572470938867925,0.0
ETH,2026-03-03,1771965000,short,0.05091271690542509,6.854861111111111,2,0,1,0.14962443590098254,0.0
ETH,2026-03-03,1772203500,short,0.05133650589081129,4.094444444444444,1,1,0,-0.009355387805573767,0.0
ETH,2026-03-03,1772289900,short,0.059436355534588814,3.0944444444444446,1,1,0,0.014840723475558433,0.0
ETH,2026-03-04,1772046900,long,0.07308951841584455,6.906944444444445,0,0,0,0.0,0.0
ETH,2026-03-04,1772265600,short,0.05331981765179572,4.375694444444444,1,1,0,-0.03083288137764398,0.0
ETH,2026-03-04,1772213400,short,0.05697319683304347,4.979861111111111,1,1,0,-0.008480759289662982,0.0
ETH,2026-03-04,1772303400,short,0.07085804764690418,3.938194444444444,1,1,0,0.035647601333706175,0.0
ETH,2026-03-04,1772262000,long,0.08319390682256866,4.417361111111111,2,0,1,-0.7191462234753137,0.0
ETH,2026-03-05,1772136000,short,0.05646329702025621,6.875694444444445,0,0,0,0.0,0.0
ETH,2026-03-05,1772143200,long,0.0863502197224294,6.792361111111111,0,0,0,0.0,0.0
ETH,2026-03-05,1772235000,short,0.05449527246019714,5.729861111111112,2,0,1,0.006581942219661255,0.0
ETH,2026-03-05,1772144100,short,0.05284472363918491,6.781944444444444,1,1,0,0.008248542145529853,0.0
ETH,2026-04-01,1774561500,short,0.053278791962010574,5.761111111111111,0,0,0,0.0,0.0
ETH,2026-04-01,1774562400,short,0.054646814349040396,5.750694444444444,0,0,0,0.0,0.0
ETH,2026-04-01,1774801800,short,0.05110989793350085,2.9798611111111106,1,1,0,-0.013967352782609691,0.0
ETH,2026-04-11,1775599200,long,0.07554124808242424,3.7506944444444446,1,1,0,0.060729336890873384,0.0
ETH,2026-04-02,1774551600,short,0.05074663712386773,6.875694444444445,1,1,0,-0.013842612798416594,0.0
ETH,2026-04-02,1774795500,short,0.058654366556698645,4.052777777777778,0,0,0,0.0,0.0
ETH,2026-04-22,1776355200,long,0.09323105027839784,6.000694444444445,0,0,0,0.0,0.0
ETH,2026-04-07,1774994400,short,0.062213639418874256,6.750694444444444,0,0,0,0.0,0.0
ETH,2026-04-08,1775063700,short,0.05887626099041032,6.948611111111112,0,0,0,0.0,0.0
ETH,2026-04-09,1775151000,short,0.06596438533326843,6.938194444444445,0,0,0,0.0,0.0
ETH,2026-04-09,1775170800,short,0.10799144014911011,6.709027777777777,0,0,0,0.0,0.0
ETH,2026-02-10,1770223500,short,0.05305224790992413,6.011111111111112,2,0,1,0.13523861337773552,0.0
ETH,2026-02-10,1770305400,long,0.08363052921172986,5.063194444444445,1,1,0,-0.04037781402027718,0.0
ETH,2026-02-10,1770315300,short,0.07790471937075605,4.948611111111111,1,1,0,-0.0141062589397207,0.0
ETH,2026-02-10,1770448500,short,0.05500470295895288,3.4069444444444446,1,1,0,-0.004217113674184037,0.0
ETH,2026-02-10,1770308100,long,0.06738061507799809,5.031944444444444,2,0,1,-0.23923574304569534,0.0
ETH,2026-02-11,1770228000,short,0.05060549953459681,6.959027777777777,0,0,0,0.0,0.0
ETH,2026-02-11,1770303600,long,0.057458328308128026,6.084027777777777,1,1,0,-0.008674392264113276,0.0
ETH,2026-02-11,1770330600,short,0.050258255937305485,5.771527777777777,2,0,1,0.19660334693444304,0.0
ETH,2026-02-11,1770456600,long,0.0522364153755821,4.313194444444445,1,1,0,0.012121411939794782,0.0
ETH,2026-02-11,1770464700,short,0.050694458636812656,4.219444444444444,1,1,0,-0.01404286134931737,0.0
ETH,2026-02-11,1770815700,short,0.06640023484170465,0.15694444444444444,2,0,1,0.3095198428459946,0.0
ETH,2026-02-11,1770374700,short,0.06855040232169363,5.261111111111111,2,0,1,-0.5773054081169912,1.0
ETH,2026-02-11,1770817500,long,0.10189857567620031,0.1361111111111111,2,0,1,-0.0003059809038566119,1.0
ETH,2026-02-11,1770480900,long,0.07746245750283798,4.031944444444444,1,1,0,0.013428241944151466,1.0
ETH,2026-02-12,1770313500,short,0.06493276325085584,6.969444444444444,1,1,0,-0.008233419795571378,0.0
ETH,2026-02-12,1770318000,long,0.051659546596523054,6.91736111111111,2,0,1,-0.08763298561665328,0.0
ETH,2026-02-12,1770422400,long,0.051582558218701946,5.709027777777777,1,1,0,-0.012503132257199049,0.0
ETH,2026-02-12,1770473700,short,0.06852040741318854,5.115277777777778,2,0,1,0.20788434144837217,0.0
ETH,2026-02-12,1770655500,long,0.050848907935521215,3.0111111111111115,2,0,1,-0.15623369354577055,0.0
ETH,2026-02-12,1770480900,long,0.10646554452099632,5.031944444444444,1,1,0,0.02653545383491799,1.0
ETH,2026-02-13,1770734700,short,0.052846014126085805,3.0944444444444446,1,1,0,-0.018956409887735545,0.0
ETH,2026-02-13,1770742800,long,0.050091380683063846,3.000694444444444,1,1,0,-0.013583663538488586,0.0
ETH,2026-02-13,1770829200,long,0.06546596720988229,2.000694444444444,2,0,1,-0.48796014773227875,0.0
ETH,2026-02-13,1770817500,long,0.0653560921672347,2.136111111111111,2,0,1,0.2667896244468289,1.0
ETH,2026-02-14,1770787800,short,0.05533696322889703,3.4798611111111115,1,1,0,-0.024157379203363964,0.0
ETH,2026-02-14,1770924600,short,0.05044386374826981,1.8965277777777776,2,0,1,0.020531860246963518,0.0
ETH,2026-02-14,1770850800,short,0.0569747375118968,2.7506944444444446,2,0,1,0.3862898335794225,0.0
ETH,2026-02-15,1770783300,short,0.05505362413004511,4.531944444444444,1,1,0,-0.04083623276097777,0.0
ETH,2026-02-15,1770838200,short,0.08099281290608035,3.896527777777778,1,1,0,-0.038289621162971486,0.0
ETH,2026-02-16,1770784200,short,0.05687710628414189,5.521527777777778,1,1,0,-0.03188952082212489,0.0
ETH,2026-02-16,1770890400,short,0.05898483491100015,4.292361111111111,0,0,0,0.0,0.0
ETH,2026-02-16,1770831900,short,0.06267527126609562,4.969444444444444,1,1,0,-0.007008579711221458,1.0
ETH,2026-02-16,1771164900,long,0.054781418165422924,1.1152777777777778,2,0,1,0.4350394953166376,1.0
ETH,2026-02-17,1770758100,short,0.062481168242263574,6.823611111111111,0,0,0,0.0,0.0
ETH,2026-02-17,1770890400,short,0.05072462848533821,5.292361111111111,1,1,0,-0.014687665269194794,0.0
ETH,2026-02-17,1770995700,long,0.05549745190148325,4.073611111111111,1,1,0,0.008364523282637634,0.0
ETH,2026-02-17,1771177500,short,0.060358495311825355,1.9694444444444443,1,1,0,0.019554294976031394,0.0
ETH,2026-02-18,1770891300,short,0.0510404791062774,6.281944444444445,0,0,0,0.0,0.0
ETH,2026-02-19,1771177500,short,0.05664374299207209,3.9694444444444446,1,1,0,0.0045890451539737365,0.0
ETH,2026-02-19,1770945300,short,0.05371294353513423,6.656944444444444,1,1,0,-0.033195985139167106,1.0
ETH,2026-02-20,1771444800,long,0.0698390881105726,1.8756944444444446,2,0,1,0.4049361504542465,1.0
ETH,2026-02-24,1771616700,short,0.05088749137892146,3.886111111111111,1,1,0,-0.009513695977078084,1.0
ETH,2026-02-24,1771810200,long,0.06325721755495994,1.6465277777777778,2,0,1,0.6214128111402615,1.0
ETH,2026-02-24,1771898400,long,0.059268797795940964,0.6256944444444444,2,0,1,0.40118979417522116,1.0
ETH,2026-02-25,1771435800,long,0.05026691785494064,6.979861111111111,0,0,0,0.0,0.0
ETH,2026-02-25,1771666200,short,0.05048241409113663,4.313194444444445,1,1,0,-0.007493580380191395,0.0
ETH,2026-02-25,1771809300,long,0.0921432752782878,2.6569444444444446,1,1,0,-0.16212757312921544,0.0
ETH,2026-02-25,1771902900,long,0.055467415472795434,1.5736111111111113,2,0,1,-0.5082550286403453,0.0
ETH,2026-02-25,1771671600,short,0.051310732210304466,4.250694444444444,1,1,0,-0.004174142511341957,0.0
ETH,2026-02-26,1771636500,short,0.05276864747566379,5.656944444444444,2,0,1,0.1868668814738103,0.0
ETH,2026-02-26,1771791300,short,0.05256720413666838,3.8652777777777776,1,1,0,-0.015756185241448513,0.0
ETH,2026-02-26,1771812900,long,0.050908317025613936,3.615277777777778,1,1,0,-0.01088720945131371,0.0
ETH,2026-02-26,1771906500,long,0.05315153941092676,2.531944444444444,2,0,1,-0.3959930787558291,0.0
ETH,2026-02-26,1771982100,short,0.062289605033276296,1.6569444444444443,1,1,0,-0.018829909900773323,0.0
ETH,2026-02-26,1771654500,short,0.05013663931820944,5.448611111111111,1,1,0,-0.01676781054589089,1.0
ETH,2026-02-26,1771907400,long,0.057898912641059175,2.521527777777778,1,1,0,-0.01851641493825073,1.0
ETH,2026-02-26,1771810200,long,0.0733404815711034,3.6465277777777776,1,1,0,-0.012325229096402922,1.0
ETH,2026-02-27,1771978500,long,0.06311483556131359,2.698611111111111,1,1,0,-0.04001149446094049,0.0
ETH,2026-02-28,1771968600,short,0.05072130180146528,3.813194444444444,1,1,0,-0.012536969744576854,0.0
ETH,2026-02-28,1771977600,long,0.05276381901150562,3.7090277777777776,1,1,0,-0.035820967329632164,0.0
ETH,2026-02-28,1772260200,long,0.07169846949884873,0.43819444444444444,2,0,1,-0.43200050880818663,0.0
ETH,2026-02-28,1771979400,short,0.09460488320944949,3.6881944444444446,1,1,0,-0.01874795322552722,1.0
ETH,2026-02-08,1770148800,long,0.06268054939091716,4.875694444444444,1,1,0,-0.0015077472248633747,0.0
ETH,2026-02-08,1770241500,short,0.05454558823802669,3.8027777777777776,1,1,0,0.0009727164617224053,0.0
ETH,2026-02-08,1770282000,long,0.056222305411128604,3.3340277777777776,2,0,1,-0.053231249669707804,0.0
ETH,2026-02-08,1770340500,short,0.06975589085911782,2.6569444444444446,1,1,0,-0.012833538409895193,0.0
ETH,2026-02-08,1770218100,short,0.05012918753978712,4.073611111111111,1,1,0,-0.019063776695946777,0.0
ETH,2026-02-08,1770325200,short,0.052274025115758516,2.834027777777778,2,0,1,0.47852204119561736,0.0
ETH,2026-02-08,1770421500,long,0.05615123560926816,1.7194444444444446,2,0,1,-0.12123337092611652,0.0
ETH,2026-02-08,1770217200,short,0.0641753129019863,4.084027777777778,1,1,0,0.014188789029338525,1.0
ETH,2026-03-01,1771979400,short,0.05324956773310441,4.688194444444444,1,1,0,-0.03301145682628803,0.0
ETH,2026-03-01,1772262000,long,0.11545751358023204,1.417361111111111,2,0,1,-0.5356875656112304,0.0
ETH,2026-03-01,1772287200,short,0.06964088933295798,1.1256944444444443,1,1,0,-0.039095051562564785,0.0
ETH,2026-03-10,1772568000,short,0.06231345660898435,6.834027777777778,1,1,0,0.0043505043062648865,0.0
ETH,2026-03-10,1772966700,short,0.05658813398725826,2.2194444444444446,2,0,1,0.08710326384027753,0.0
ETH,2026-03-10,1772580600,short,0.05207108959862239,6.688194444444444,0,0,0,0.0,0.0
ETH,2026-03-11,1772703000,short,0.051441725610666955,6.271527777777778,0,0,0,0.0,0.0
ETH,2026-03-11,1772872200,short,0.05374380873635609,4.313194444444445,0,0,0,0.0,0.0
ETH,2026-03-11,1773007200,short,0.05079150896468032,2.7506944444444446,0,0,0,0.0,0.0
ETH,2026-03-12,1772755200,long,0.06920026267298351,6.667361111111112,1,1,0,-0.08415530976767041,0.0
ETH,2026-03-12,1772977500,short,0.05381677587462552,4.094444444444444,0,0,0,0.0,0.0
ETH,2026-03-12,1772972100,short,0.06315368712461,4.156944444444445,0,0,0,0.0,0.0
ETH,2026-03-17,1773173700,short,0.05865925761520785,6.823611111111111,1,1,0,-0.00953970943310192,0.0
ETH,2026-03-19,1773334800,short,0.05631778148407496,6.959027777777777,1,1,0,-0.05470903287367154,0.0
ETH,2026-03-19,1773335700,long,0.05316596914574401,6.948611111111112,0,0,0,0.0,0.0
ETH,2026-03-19,1773339300,short,0.08687468136274068,6.906944444444445,0,0,0,0.0,0.0
ETH,2026-03-25,1774064700,long,0.058144181070802325,4.511111111111111,1,1,0,-0.0202463555282106,0.0
ETH,2026-03-26,1774220400,short,0.051234366821947375,3.7090277777777776,2,0,1,0.10272988129242722,0.0
ETH,2026-03-03,1771973100,short,0.05356206941408814,6.761111111111111,0,0,0,0.0,0.0
ETH,2026-03-03,1772265600,long,0.054563389902176684,3.3756944444444446,2,0,1,-0.21393340083371581,0.0
ETH,2026-03-03,1772304300,short,0.055758847794929234,2.9277777777777776,1,1,0,0.014819387017079133,0.0
ETH,2026-03-03,1772267400,long,0.09775115826148251,3.354861111111111,2,0,1,0.3865151179267712,1.0
ETH,2026-03-03,1772284500,long,0.05436433483472802,3.156944444444444,1,1,0,-0.014009439480347347,1.0
ETH,2026-03-03,1772297100,long,0.053163159185633635,3.0111111111111115,2,0,1,0.1073156516389728,1.0
ETH,2026-03-30,1774610100,long,0.08560386708597756,3.198611111111111,0,0,0,0.0,1.0
ETH,2026-03-04,1772214300,short,0.05942733384965726,4.969444444444444,2,0,1,0.12331075415222842,0.0
ETH,2026-03-04,1772289000,long,0.054101643246389663,4.104861111111111,2,0,1,-0.05629451029361196,0.0
ETH,2026-03-04,1772304300,short,0.0755337020082898,3.927777777777778,2,0,1,0.07606863254184099,0.0
ETH,2026-03-04,1772390700,short,0.06013355560707312,2.9277777777777776,2,0,1,0.03303986653700358,0.0
ETH,2026-03-04,1772389800,short,0.05094592285173627,2.9381944444444446,2,0,1,0.254494861732338,0.0
ETH,2026-03-04,1772046900,long,0.05771796809134,6.906944444444445,0,0,0,0.0,1.0
ETH,2026-03-05,1772127900,short,0.07276060834627995,6.969444444444444,1,1,0,-0.009811399693057957,0.0
ETH,2026-03-05,1772264700,long,0.0564453370827529,5.386111111111111,1,1,0,-0.004071921620189919,0.0
ETH,2026-03-05,1772411400,short,0.053303920641862734,3.6881944444444446,1,1,0,0.0036857675589454103,0.0
ETH,2026-03-07,1772568000,short,0.06097258165937969,3.8756944444444446,1,1,0,-0.012557853122129068,0.0
ETH,2026-03-08,1772598600,short,0.05250786025830023,4.479861111111111,1,1,0,0.01840189888326227,0.0
ETH,2026-03-08,1772611200,long,0.059685679256433755,4.334027777777778,1,1,0,0.032823907355821344,0.0
ETH,2026-03-09,1772597700,short,0.05213684384642969,5.490277777777778,0,0,0,0.0,0.0
ETH,2026-03-09,1772611200,long,0.06017510343389154,5.334027777777778,0,0,0,0.0,0.0
ETH,2026-03-09,1772972100,short,0.05417546152023833,1.1569444444444443,1,1,0,-0.025102744330381347,0.0
ETH,2026-04-01,1774838700,short,0.051244715381582706,2.5527777777777776,1,1,0,0.029785819809985847,0.0
ETH,2026-04-14,1775592900,short,0.058815815134292126,6.823611111111111,1,1,0,0.08030064187753785,0.0
ETH,2026-04-14,1775599200,long,0.05175443738776475,6.750694444444444,0,0,0,0.0,0.0
ETH,2026-04-15,1775754000,long,0.06998519823956939,5.959027777777778,0,0,0,0.0,0.0
ETH,2026-04-15,1775704500,long,0.11618116563804604,6.531944444444445,1,1,0,0.0031725924261909633,0.0
ETH,2026-04-15,1775697300,long,0.12373861214052928,6.615277777777777,0,0,0,0.0,0.0
ETH,2026-04-15,1775700900,long,0.13753180875414728,6.573611111111111,0,0,0,0.0,1.0
ETH,2026-04-02,1774627200,long,0.0588259155733033,6.000694444444445,0,0,0,0.0,0.0
ETH,2026-04-03,1774949400,short,0.05058508729407063,3.271527777777778,1,1,0,0.03274353298207155,0.0
ETH,2026-04-03,1774949400,long,0.05941491270592936,3.271527777777778,2,0,1,-0.16248563206955863,0.0
ETH,2026-04-06,1775175300,short,0.05907648887267736,3.656944444444444,0,0,0,0.0,0.0
ETH,2026-04-07,1774989000,short,0.06427922745612658,6.813194444444444,1,1,0,0.04039717830148696,0.0
ETH,2026-04-07,1775118600,short,0.05259915425587702,5.313194444444444,1,1,0,-0.026124582666891383,0.0
ETH,2026-04-07,1775030400,long,0.05278361276692545,6.334027777777777,0,0,0,0.0,1.0
ETH,2026-04-07,1775059200,short,0.06261770660988264,6.000694444444445,0,0,0,0.0,1.0
ETH,2026-04-08,1775061900,short,0.07478986955542177,6.969444444444444,0,0,0,0.0,0.0
ETH,2026-04-08,1775412000,short,0.05559009279231708,2.917361111111111,1,1,0,-0.002159981680281451,0.0
ETH,2026-04-08,1775077200,short,0.07843070571794522,6.792361111111111,0,0,0,0.0,1.0
ETH,2026-04-09,1775389500,short,0.05049379360939277,4.177777777777778,0,0,0,0.0,0.0
ETH,2026-02-10,1770148800,short,0.06536167725358744,6.875694444444445,1,1,0,-0.013815796094427738,0.0
ETH,2026-02-10,1770282900,short,0.05077342578932176,5.323611111111111,2,0,1,0.17170069720849188,0.0
ETH,2026-02-10,1770306300,long,0.06378508358826629,5.052777777777778,2,0,1,-0.1095497742149202,0.0
ETH,2026-02-10,1770395400,short,0.06618644636168214,4.021527777777778,2,0,1,0.24187083543768947,0.0
ETH,2026-02-10,1770448500,long,0.05724029845431167,3.4069444444444446,2,0,1,-0.17565858976916143,0.0
ETH,2026-02-10,1770707700,short,0.06617455387360849,0.40694444444444444,1,1,0,-0.03785543736383946,0.0
ETH,2026-02-10,1770151500,short,0.056538631824260666,6.844444444444445,1,1,0,-0.020908301202696045,1.0
ETH,2026-02-10,1770244200,short,0.05706348377097792,5.771527777777777,1,1,0,-0.02395787189892147,1.0
ETH,2026-02-10,1770336900,long,0.07714743662192003,4.698611111111111,2,0,1,0.6411108371742313,1.0
ETH,2026-02-10,1770409800,short,0.08001595821176921,3.854861111111111,2,0,1,-0.496517435949279,1.0
ETH,2026-02-10,1770295500,long,0.0865956912583663,5.177777777777778,2,0,1,0.5251789608596494,1.0
ETH,2026-02-10,1770383700,long,0.050878885036603316,4.156944444444445,1,1,0,-0.03193610400299976,1.0
ETH,2026-02-10,1770328800,long,0.05271253535682119,4.792361111111111,2,0,1,0.44304563110666006,1.0
ETH,2026-02-11,1770228000,short,0.08513011179246566,6.959027777777777,0,0,0,0.0,1.0
ETH,2026-02-11,1770330600,long,0.0537643207364622,5.771527777777777,2,0,1,0.8961539830185589,1.0
ETH,2026-02-11,1770453900,short,0.06351598839508787,4.344444444444444,1,1,0,-0.008990032311161932,1.0
ETH,2026-02-11,1770542100,short,0.05477442734321447,3.3236111111111115,1,1,0,-0.014290251865586977,1.0
ETH,2026-02-11,1770785100,long,0.07844117945870965,0.5111111111111111,2,0,1,0.2900472036161343,1.0
ETH,2026-02-11,1770306300,long,0.062407383837060015,6.052777777777777,2,0,1,0.7344893459135078,1.0
ETH,2026-02-11,1770727500,long,0.05812250006172692,1.1777777777777778,2,0,1,0.28825575268012726,1.0
ETH,2026-02-11,1770383700,long,0.05563242292503645,5.156944444444444,1,1,0,-0.03804219714491708,1.0
ETH,2026-02-12,1770314400,long,0.07262065039733434,6.959027777777777,1,1,0,0.018854723009316177,1.0
ETH,2026-02-12,1770318000,short,0.05174549862062805,6.91736111111111,2,0,1,-0.7989611773243659,1.0
ETH,2026-02-12,1770404400,short,0.053616463516828805,5.917361111111111,1,1,0,0.0012465469286090936,1.0
ETH,2026-02-12,1770448500,long,0.05097330905167219,5.406944444444444,1,1,0,-0.033612102992763,1.0
ETH,2026-02-12,1770540300,short,0.07324347083296867,4.344444444444444,0,0,0,0.0,1.0
ETH,2026-02-12,1770652800,short,0.057630141388787526,3.042361111111111,1,1,0,0.013557118378316205,1.0
ETH,2026-02-12,1770737400,long,0.056004748087066014,2.0631944444444446,2,0,1,0.6334057725453548,1.0
ETH,2026-02-12,1770852600,long,0.055407302144799164,0.7298611111111111,2,0,1,0.4809416498688008,1.0
ETH,2026-02-12,1770336900,long,0.06173873192208523,6.698611111111111,1,1,0,0.008857921540257566,1.0
ETH,2026-02-12,1770651900,short,0.07178345690238963,3.0527777777777776,1,1,0,0.021287632326548095,1.0
ETH,2026-02-13,1770734700,long,0.05475696019298493,3.0944444444444446,1,1,0,-0.03323476086749913,0.0
ETH,2026-02-13,1770822900,long,0.053346118148926536,2.073611111111111,1,1,0,-0.013653982844347934,0.0
ETH,2026-02-13,1770911100,long,0.07182795567376488,1.0527777777777778,1,1,0,-0.025481053108451654,0.0
ETH,2026-02-13,1770908400,long,0.05875563539122863,1.0840277777777778,1,1,0,-0.06006816218927133,1.0
ETH,2026-02-14,1770758100,short,0.05004579478534987,3.823611111111111,2,0,1,0.22734807471583687,0.0
ETH,2026-02-14,1770822900,long,0.06517528741034262,3.073611111111111,0,0,0,0.0,0.0
ETH,2026-02-14,1770860700,short,0.05483510402503622,2.636111111111111,1,1,0,-0.02998382093948314,0.0
ETH,2026-02-14,1770912900,long,0.05270241130118625,2.0319444444444446,1,1,0,-0.037248477554363994,0.0
ETH,2026-02-14,1770953400,short,0.05597606468661942,1.5631944444444446,2,0,1,0.4762492902050251,0.0
ETH,2026-02-15,1770761700,short,0.05178926371865922,4.781944444444445,1,1,0,-0.022164466442618866,0.0
ETH,2026-02-15,1770822900,long,0.06819246400208456,4.073611111111111,1,1,0,-0.032655350248003576,0.0
ETH,2026-02-15,1770872400,short,0.05459230683422822,3.500694444444444,1,1,0,-0.04722853675611384,0.0
ETH,2026-02-15,1770912900,long,0.056797126421411104,3.031944444444444,2,0,1,-0.3812875057149408,0.0
ETH,2026-02-15,1770972300,short,0.05185088233401269,2.3444444444444446,1,1,0,-0.007311943846689442,0.0
ETH,2026-02-15,1770758100,short,0.05321471318045601,4.823611111111111,2,0,1,-0.4888478041475522,1.0
ETH,2026-02-16,1770764400,short,0.05779950822188018,5.750694444444444,1,1,0,-0.03277442581891548,1.0
ETH,2026-02-16,1770790500,long,0.06190991480513097,5.448611111111111,1,1,0,-0.03303459260330088,1.0
ETH,2026-02-16,1770872400,short,0.05185425080067019,4.500694444444444,1,1,0,-0.022371984151810714,1.0
ETH,2026-02-16,1770913800,long,0.06131755900246705,4.021527777777778,2,0,1,0.6984419531800471,1.0
ETH,2026-02-16,1771182000,long,0.06544100040295353,0.9173611111111111,2,0,1,0.5394659237954744,1.0
ETH,2026-02-16,1770763500,short,0.059114211727964494,5.761111111111111,2,0,1,-0.520462112345761,1.0
ETH,2026-02-16,1771177500,long,0.06933513509855316,0.9694444444444444,2,0,1,0.2470427239143535,1.0
ETH,2026-02-17,1770753600,short,0.05942279289771779,6.875694444444445,0,0,0,0.0,1.0
ETH,2026-02-17,1770822000,long,0.05800380373493552,6.084027777777777,1,1,0,0.022924351993732637,1.0
ETH,2026-02-17,1770998400,short,0.05485987844666196,4.042361111111111,1,1,0,0.003906982157084356,1.0
ETH,2026-02-17,1771160400,long,0.06910810259741829,2.167361111111111,1,1,0,-0.019688394299528088,1.0
ETH,2026-02-17,1771252200,long,0.0542389232588405,1.104861111111111,2,0,1,0.5369626503826039,1.0
ETH,2026-02-17,1771339500,long,0.16182166463251524,0.09444444444444444,1,0,0,0.15835919923253727,1.0
ETH,2026-02-18,1770904800,short,0.05602394907194341,6.125694444444444,1,1,0,-0.003013899677073273,1.0
ETH,2026-02-18,1770913800,long,0.05108519133161793,6.021527777777777,0,0,0,0.0,1.0
ETH,2026-02-18,1771002000,short,0.053788503758173234,5.000694444444444,0,0,0,0.0,1.0
ETH,2026-02-18,1771250400,long,0.050835587232526125,2.1256944444444446,2,0,1,0.6619925444778471,1.0
ETH,2026-02-18,1771339500,long,0.05082130966619536,1.0944444444444443,2,0,1,0.5293520612186994,1.0
ETH,2026-02-19,1771046100,short,0.05280289425301099,5.490277777777778,1,1,0,0.0029247609021802803,1.0
ETH,2026-02-19,1771290900,short,0.06603895051831621,2.6569444444444446,1,1,0,-0.021840804685223786,1.0
ETH,2026-02-19,1771444800,long,0.05227909955396948,0.8756944444444444,2,0,1,0.4398896444788321,1.0
ETH,2026-02-20,1771382700,short,0.051324085819798304,2.5944444444444446,0,0,0,0.0,1.0
ETH,2026-02-20,1771441200,long,0.050222088856809455,1.917361111111111,2,0,1,0.5814014952802066,1.0
ETH,2026-02-20,1771529400,long,0.05279599355027442,0.8965277777777778,2,0,1,0.39737238724997814,1.0
ETH,2026-02-20,1771451100,long,0.050538704907542975,1.8027777777777778,2,0,1,0.31519281854668507,1.0
ETH,2026-02-21,1771375500,short,0.05940815575003344,3.6777777777777776,0,0,0,0.0,1.0
ETH,2026-02-21,1771508700,long,0.05982421779211489,2.136111111111111,2,0,1,0.5380779719220022,1.0
ETH,2026-02-21,1771557300,short,0.058204631997840206,1.5736111111111113,2,0,1,-0.4500817904526261,1.0
ETH,2026-02-22,1771368300,short,0.050027393433086154,4.761111111111111,0,0,0,0.0,1.0
ETH,2026-02-22,1771463700,short,0.06421405860070017,3.656944444444444,0,0,0,0.0,1.0
ETH,2026-02-22,1771603200,short,0.06188167605620076,2.042361111111111,2,0,1,-0.42765017569501884,1.0
ETH,2026-02-22,1771717500,short,0.05019381723153715,0.7194444444444444,2,0,1,-0.15114350477360378,1.0
ETH,2026-02-23,1771382700,short,0.05405231812061717,5.594444444444444,0,0,0,0.0,0.0
ETH,2026-02-23,1771434000,long,0.07061523872347042,5.000694444444444,2,0,1,-0.25671012021811074,0.0
ETH,2026-02-23,1771596900,long,0.06644366648723032,3.115277777777778,1,1,0,-0.012908376997143506,0.0
ETH,2026-02-23,1771767900,long,0.05821161316024148,1.136111111111111,2,0,1,-0.5481045476717654,0.0
ETH,2026-02-23,1771659000,long,0.05228818451593331,2.3965277777777776,1,1,0,-0.005109480050804017,0.0
ETH,2026-02-24,1771434000,long,0.05042203941900847,6.000694444444445,2,0,1,-0.2450083718971614,0.0
ETH,2026-02-24,1771596900,long,0.051835373970369636,4.115277777777778,1,1,0,-0.03570733290467411,0.0
ETH,2026-02-24,1771811100,long,0.07996679108242222,1.636111111111111,2,0,1,-0.2018330523821964,0.0
ETH,2026-02-24,1771659000,long,0.058747483880214446,3.3965277777777776,0,0,0,0.0,0.0
ETH,2026-02-25,1771434900,short,0.0534099796115749,6.990277777777777,2,0,1,0.28625139792830206,0.0
ETH,2026-02-25,1771809300,short,0.08291373710843464,2.6569444444444446,1,1,0,-0.12182268402345602,0.0
ETH,2026-02-25,1771810200,long,0.053271859198879445,2.6465277777777776,2,0,1,-0.4956004667452692,0.0
ETH,2026-02-25,1771902000,long,0.052588057357143336,1.5840277777777776,2,0,1,-0.7130655573057294,0.0
ETH,2026-02-25,1772025300,long,0.12050518896437601,0.15694444444444444,2,0,1,-0.6383640905311395,0.0
ETH,2026-02-25,1771702200,long,0.05280505625263987,3.896527777777778,1,1,0,-0.017065760393537223,1.0
ETH,2026-02-26,1771655400,short,0.050371923079221115,5.438194444444444,0,0,0,0.0,1.0
ETH,2026-02-26,1771811100,long,0.07477409676385993,3.6361111111111115,2,0,1,0.6713199589252359,1.0
ETH,2026-02-27,1771996500,long,0.050564805339135876,2.4902777777777776,1,1,0,-0.016026356183619146,1.0
ETH,2026-02-27,1772124300,short,0.06848468632736293,1.011111111111111,2,0,1,-0.2778424855783313,1.0
ETH,2026-02-27,1772125200,long,0.09002605085547355,1.0006944444444446,2,0,1,0.49135825221736296,1.0
ETH,2026-02-27,1772035200,long,0.06494122808691971,2.042361111111111,1,1,0,-0.058283564836534824,1.0
ETH,2026-02-27,1772132400,long,0.05185090281794036,0.9173611111111111,1,1,0,0.001814735330779721,1.0
ETH,2026-02-28,1771966800,long,0.059355122042894726,3.8340277777777776,1,1,0,-0.020176249153416967,1.0
ETH,2026-02-28,1772124300,short,0.064677778285679,2.011111111111111,2,0,1,-0.3877562936808913,1.0
ETH,2026-02-28,1772238600,long,0.05177995310191719,0.6881944444444444,2,0,1,0.4396943725455224,1.0
ETH,2026-02-08,1770148800,short,0.08042311601507224,4.875694444444444,1,1,0,-0.0015077472248633747,0.0
ETH,2026-02-08,1770239700,short,0.0611580027744254,3.823611111111111,1,1,0,0.004149859959479832,0.0
ETH,2026-02-08,1770305400,long,0.10148120270571526,3.0631944444444446,2,0,1,-0.12646979603387462,0.0
ETH,2026-02-08,1770336900,short,0.07759974611311293,2.698611111111111,2,0,1,0.4317102209181338,0.0
ETH,2026-02-08,1770214500,short,0.07999592332708483,4.115277777777778,1,1,0,-0.0255685878667182,1.0
ETH,2026-02-08,1770291900,long,0.05441842517089035,3.2194444444444446,2,0,1,0.6797910720352673,1.0
ETH,2026-02-08,1770396300,short,0.06877557306633253,2.011111111111111,2,0,1,-0.446759663653357,1.0
ETH,2026-02-09,1770216300,short,0.05009847332419648,5.094444444444445,1,1,0,-0.03174137415446121,0.0
ETH,2026-02-09,1770305400,long,0.0845356533096171,4.063194444444444,2,0,1,-0.107749032696487,0.0
ETH,2026-02-09,1770345900,short,0.0569140275361435,3.5944444444444446,2,0,1,0.24460620153184878,0.0
ETH,2026-02-09,1770448500,long,0.05432903241351483,2.4069444444444446,1,1,0,-0.04713345179147053,0.0
ETH,2026-02-09,1770480900,short,0.07462213581660126,2.0319444444444446,1,1,0,0.0041282277978693105,0.0
ETH,2026-02-09,1770215400,short,0.06947389992544983,5.104861111111111,1,1,0,-0.045362552692709,1.0
ETH,2026-02-09,1770303600,long,0.1288183855613747,4.084027777777778,1,1,0,-0.04061541879763783,1.0
ETH,2026-02-09,1770325200,long,0.0703772642988969,3.8340277777777776,1,1,0,-0.06074641616725184,1.0
ETH,2026-03-01,1772116200,short,0.054435909891497936,3.104861111111111,1,1,0,-0.04492442222925386,1.0
ETH,2026-03-01,1772192700,long,0.053932751009858615,2.2194444444444446,1,1,0,-0.013680639748534541,1.0
ETH,2026-03-01,1772284500,long,0.05614023401069956,1.1569444444444443,2,0,1,0.37594370632175206,1.0
ETH,2026-03-01,1772329500,short,0.050551825947272255,0.6361111111111112,1,1,0,0.11300210740738822,1.0
ETH,2026-03-01,1772190900,long,0.05490654524733474,2.2402777777777776,1,1,0,-0.018253141748022478,1.0
ETH,2026-03-01,1772296200,long,0.06071835879303111,1.0215277777777778,2,0,1,0.1541568919213563,1.0
ETH,2026-03-10,1772582400,short,0.056828049683928405,6.667361111111112,0,0,0,0.0,0.0
ETH,2026-03-10,1772966700,long,0.05406276064833326,2.2194444444444446,1,1,0,-0.015473128144529405,0.0
ETH,2026-03-11,1772655300,short,0.05374906621949216,6.823611111111111,1,1,0,-0.0024833193764088185,0.0
ETH,2026-03-11,1772926200,long,0.05182873864465787,3.6881944444444446,1,1,0,-0.025804054562135165,1.0
ETH,2026-03-12,1772744400,short,0.05118118462780863,6.792361111111111,0,0,0,0.0,0.0
ETH,2026-03-12,1772977500,long,0.05521498794692903,4.094444444444444,0,0,0,0.0,0.0
ETH,2026-03-12,1773051300,short,0.05247293103378281,3.2402777777777776,1,1,0,-0.0255797781967063,0.0
ETH,2026-03-13,1773147600,long,0.058450068166418845,3.1256944444444446,1,1,0,-0.043906854536109284,0.0
ETH,2026-03-14,1773191700,short,0.06009028697849417,3.615277777777778,1,1,0,0.010262392651287868,0.0
ETH,2026-03-14,1773333900,short,0.05780223604180856,1.9694444444444443,2,0,1,0.21205752694033314,0.0
ETH,2026-03-16,1773308700,short,0.05071365624650892,4.261111111111111,1,1,0,-0.013995959232392743,0.0
ETH,2026-03-16,1773440100,short,0.07714161467827985,2.7402777777777776,0,0,0,0.0,0.0
ETH,2026-03-17,1773423900,short,0.0582999211273294,3.927777777777778,2,0,1,-0.048918547621259245,0.0
ETH,2026-03-18,1773246600,long,0.0550029278046984,6.979861111111111,0,0,0,0.0,0.0
ETH,2026-03-18,1773329400,short,0.0500772228707409,6.021527777777777,0,0,0,0.0,0.0
ETH,2026-03-18,1773522000,short,0.05128574811254605,3.7923611111111115,1,1,0,-0.01170822871702275,0.0
ETH,2026-03-19,1773334800,short,0.08320012456531434,6.959027777777777,0,0,0,0.0,0.0
ETH,2026-03-19,1773341100,long,0.050604558484955264,6.886111111111111,1,1,0,-0.04975037137911538,0.0
ETH,2026-03-19,1773538200,short,0.056091164092575974,4.604861111111111,1,1,0,-0.004356307952827453,0.0
ETH,2026-03-25,1773852300,short,0.05051051900772241,6.969444444444444,1,1,0,-0.02416127536419565,0.0
ETH,2026-03-25,1773993600,short,0.051447316489235506,5.334027777777778,0,0,0,0.0,0.0
ETH,2026-03-25,1774179000,short,0.05534142917628082,3.188194444444444,0,0,0,0.0,0.0
ETH,2026-03-27,1774548000,long,0.05162828635646566,0.9173611111111111,2,0,1,0.6456292744499539,1.0
ETH,2026-03-28,1774548000,long,0.0694646081095851,1.917361111111111,1,1,0,0.0043644967138410234,1.0
ETH,2026-03-28,1774584000,short,0.0566442671454096,1.5006944444444446,1,1,0,-0.011297400163245952,1.0
ETH,2026-03-29,1774388700,short,0.05061985270922631,4.761111111111111,0,0,0,0.0,1.0
ETH,2026-03-29,1774548000,long,0.05707728329660022,2.917361111111111,2,0,1,0.7261681465310585,1.0
ETH,2026-03-29,1774584000,long,0.05784058864688468,2.5006944444444446,1,1,0,0.009541967054628894,1.0
ETH,2026-03-03,1771968600,long,0.0718105451347697,6.813194444444444,1,1,0,-0.02513524456848458,1.0
ETH,2026-03-03,1772052300,short,0.0590988442466579,5.844444444444444,1,1,0,0.002846074825377659,1.0
ETH,2026-03-03,1772143200,long,0.05274332716278929,4.792361111111111,1,1,0,-0.026701609988915034,1.0
ETH,2026-03-03,1772146800,short,0.052790265014257876,4.750694444444445,1,1,0,-0.02032112024045829,1.0
ETH,2026-03-03,1772235900,long,0.06079950776813203,3.7194444444444446,1,1,0,-0.005987274719920478,1.0
ETH,2026-03-03,1772541000,long,0.06273388989384232,0.18819444444444447,2,0,1,0.38453319542113623,1.0
ETH,2026-03-03,1772116200,short,0.057835073294771,5.104861111111111,1,1,0,-0.004086307999652039,1.0
ETH,2026-03-03,1772304300,long,0.055471518698784195,2.9277777777777776,1,1,0,-0.022602243748212285,1.0
ETH,2026-03-03,1772301600,long,0.054395418563060405,2.959027777777778,1,1,0,-0.0118349322053781,1.0
ETH,2026-03-30,1774384200,short,0.05196697854549892,5.813194444444444,1,1,0,-0.014991627730033036,0.0
ETH,2026-03-30,1774824300,long,0.05258948924219142,0.7194444444444444,2,0,1,-0.30250143315586264,0.0
ETH,2026-03-30,1774689300,long,0.054403069925141434,2.2819444444444446,1,1,0,-0.016546436110790284,1.0
ETH,2026-03-04,1772121600,long,0.05204624036311589,6.042361111111112,1,1,0,-0.007875912962088179,0.0
ETH,2026-03-04,1772213400,long,0.0558499556647325,4.979861111111111,1,1,0,-0.025018912328560627,0.0
ETH,2026-03-04,1772300700,long,0.054486600794627194,3.9694444444444446,1,1,0,-0.01634441303832998,0.0
ETH,2026-03-04,1772424000,short,0.052521521311928,2.542361111111111,2,0,1,0.27012196269772853,0.0
ETH,2026-03-04,1772611200,long,0.08743665269904444,0.3756944444444445,2,0,1,0.5305713826049601,0.0
ETH,2026-03-04,1772214300,long,0.059673389498754226,4.969444444444444,1,1,0,0.0012865907044453846,0.0
ETH,2026-03-05,1772127900,long,0.057922124106819295,6.969444444444444,2,0,1,-0.14529096319874987,0.0
ETH,2026-03-05,1772127900,short,0.06207787589318081,6.969444444444444,0,0,0,0.0,0.0
ETH,2026-03-05,1772261100,long,0.05033037652908012,5.427777777777778,2,0,1,-0.35273770822329376,0.0
ETH,2026-03-05,1772464500,short,0.059111548148328086,3.073611111111111,1,1,0,-0.009233140835403334,0.0
ETH,2026-03-05,1772611200,long,0.06376137514790248,1.3756944444444446,2,0,1,-0.14023257044173942,0.0
ETH,2026-03-06,1772611200,long,0.06246118886798557,2.3756944444444446,1,1,0,0.015428629576912711,1.0
ETH,2026-03-08,1772957700,short,0.06315672444211248,0.3236111111111111,2,0,1,-0.1844907710703251,1.0
ETH,2026-03-08,1772807400,long,0.058996755758167874,2.0631944444444446,1,1,0,0.031029680241731056,1.0
ETH,2026-03-09,1772809200,long,0.052828486087673765,3.042361111111111,2,0,1,-0.23515368242961082,0.0
ETH,2026-03-09,1772972100,long,0.07500687321622168,1.1569444444444443,1,1,0,-0.013971204781825251,0.0
ETH,2026-03-09,1772805600,long,0.0551347791289043,3.0840277777777776,1,1,0,-0.00268019957168375,1.0
ETH,2026-03-09,1772988300,long,0.05836577395489817,0.9694444444444444,2,0,1,0.08444850821513722,1.0
ETH,2026-04-01,1774713600,long,0.07474716630694744,4.000694444444445,0,0,0,0.0,0.0
ETH,2026-04-01,1774824300,long,0.06629675425373294,2.7194444444444446,1,1,0,-0.04638858528258798,0.0
ETH,2026-04-01,1774886400,short,0.05640740409307399,2.000694444444444,1,1,0,-0.013629240813056165,0.0
ETH,2026-04-01,1774976400,long,0.06938158519642035,0.9590277777777778,1,1,0,-0.0011794048313593236,0.0
ETH,2026-04-01,1774738800,long,0.05410977589268917,3.7090277777777776,2,0,1,0.37597414199780194,1.0
ETH,2026-04-10,1775574900,long,0.05207474032004944,3.031944444444444,1,1,0,-0.011265435091432477,0.0
ETH,2026-04-10,1775592000,long,0.056357687886039454,2.834027777777778,2,0,1,-0.5106569356912484,0.0
ETH,2026-04-11,1775704500,short,0.06130504552140925,2.531944444444444,2,0,1,0.07396325621653232,0.0
ETH,2026-04-12,1775704500,short,0.05043489899128639,3.5319444444444446,1,1,0,0.00935799641368229,0.0
ETH,2026-04-13,1775687400,short,0.06049456118670227,4.729861111111111,0,0,0,0.0,0.0
ETH,2026-04-13,1775698200,short,0.05019481279663798,4.604861111111111,1,1,0,-0.010405053150354126,1.0
ETH,2026-04-14,1775592900,short,0.05357911313823538,6.823611111111111,0,0,0,0.0,0.0
ETH,2026-04-14,1775687400,short,0.06700859824093197,5.729861111111112,0,0,0,0.0,0.0
ETH,2026-04-15,1775734200,long,0.05092210916580675,6.188194444444444,1,1,0,-0.026956460110139385,0.0
ETH,2026-04-15,1775754000,short,0.07155600968557563,5.959027777777778,0,0,0,0.0,0.0
ETH,2026-04-16,1775758500,short,0.07438063965152097,6.906944444444445,0,0,0,0.0,0.0
ETH,2026-04-16,1775760300,long,0.05108566442605755,6.886111111111111,0,0,0,0.0,0.0
ETH,2026-04-16,1775991600,short,0.05194490189429535,4.209027777777778,0,0,0,0.0,0.0
ETH,2026-04-02,1774627200,short,0.06563639244413899,6.000694444444445,0,0,0,0.0,1.0
ETH,2026-04-02,1774998900,short,0.050799589161826475,1.698611111111111,1,1,0,-0.015945254067061907,1.0
ETH,2026-04-22,1776332700,long,0.05108640671390585,6.261111111111111,0,0,0,0.0,0.0
ETH,2026-04-03,1774972800,short,0.05254176389876608,3.000694444444444,2,0,1,-0.6094218609131857,1.0
ETH,2026-04-03,1775030400,long,0.061262877427971096,2.3340277777777776,0,0,0,0.0,1.0
ETH,2026-04-03,1775116800,short,0.06923048479037675,1.3340277777777778,1,1,0,-0.0007273009620439308,1.0
ETH,2026-04-05,1775059200,short,0.07991285533720227,4.000694444444445,0,0,0,0.0,1.0
ETH,2026-04-05,1775224800,long,0.0552317823771975,2.084027777777778,1,1,0,-0.0007511480937116323,1.0
ETH,2026-04-05,1775275200,short,0.24353228697820228,1.5006944444444446,2,0,1,-0.26058823921077967,1.0
ETH,2026-04-06,1775077200,long,0.051617997588245146,4.792361111111111,0,0,0,0.0,0.0
ETH,2026-04-06,1775253600,long,0.05484634530923471,2.7506944444444446,2,0,1,-0.39153233236143725,0.0
ETH,2026-04-06,1775275200,short,0.12275963039991034,2.5006944444444446,2,0,1,0.5055757815750515,0.0
ETH,2026-04-06,1775369700,long,0.07500890779150926,1.4069444444444446,1,1,0,-0.014234715866681812,0.0
ETH,2026-04-07,1774990800,long,0.05918580876603041,6.792361111111111,0,0,0,0.0,1.0
ETH,2026-04-07,1774991700,short,0.06568413170792642,6.781944444444444,0,0,0,0.0,1.0
ETH,2026-04-07,1775275200,short,0.06457903337198984,3.500694444444444,0,0,0,0.0,1.0
ETH,2026-04-07,1775368800,long,0.053304111675178456,2.417361111111111,0,0,0,0.0,1.0
ETH,2026-04-08,1775061900,short,0.057569653776374574,6.969444444444444,0,0,0,0.0,0.0
ETH,2026-04-08,1775063700,long,0.05026340052290834,6.948611111111112,0,0,0,0.0,0.0
ETH,2026-04-09,1775479500,long,0.08770891389279467,3.1361111111111106,1,1,0,-0.013209888978438672,0.0
ETH,2026-04-09,1775516400,short,0.05336659032081148,2.7090277777777776,2,0,1,0.1881746618808821,0.0
ETH,2026-04-09,1775591100,long,0.07074312704727248,1.8444444444444443,1,1,0,0.27747131574245815,0.0
ETH,2026-02-10,1770197400,short,0.0621032122116979,6.313194444444445,0,0,0,0.0,1.0
ETH,2026-02-10,1770300000,long,0.05623870930854591,5.125694444444444,1,1,0,-0.019410580276110645,1.0
ETH,2026-02-10,1770408900,short,0.054560245238880256,3.8652777777777776,2,0,1,-0.7068712180847359,1.0
ETH,2026-02-10,1770448500,long,0.06349488058733632,3.4069444444444446,2,0,1,0.7769476334570093,1.0
ETH,2026-02-10,1770501600,short,0.05120820056356279,2.792361111111111,1,1,0,-0.03495973522163282,1.0
ETH,2026-02-10,1770555600,long,0.0515785455582205,2.167361111111111,1,1,0,-0.012685369296729296,1.0
ETH,2026-02-10,1770600600,short,0.06415072964758695,1.6465277777777778,2,0,1,-0.5978298306459268,1.0
ETH,2026-02-10,1770695100,long,0.05187947477211852,0.5527777777777778,2,0,1,0.44437544495503245,1.0
ETH,2026-02-10,1770303600,long,0.06039739953106871,5.084027777777777,1,1,0,-0.013068152068586775,1.0
ETH,2026-02-11,1770305400,long,0.0700569414122707,6.063194444444444,2,0,1,-0.08550075154317688,0.0
ETH,2026-02-11,1770397200,short,0.05494874306571995,5.000694444444444,1,1,0,-0.025294484506874958,0.0
ETH,2026-02-11,1770486300,short,0.056104406672828566,3.9694444444444446,2,0,1,0.3103448546425032,0.0
ETH,2026-02-11,1770624000,long,0.056005503344016105,2.3756944444444446,1,1,0,-0.03352636631311745,0.0
ETH,2026-02-11,1770668100,short,0.06058684133380732,1.8652777777777778,2,0,1,0.5749144837488982,0.0
ETH,2026-02-11,1770711300,long,0.05834009604944779,1.3652777777777778,1,1,0,0.03051804401812562,0.0
ETH,2026-02-11,1770304500,long,0.05390286564573099,6.073611111111111,2,0,1,-0.23364140270144582,0.0
ETH,2026-02-11,1770393600,long,0.07170142300335147,5.042361111111111,1,1,0,-0.0011731518555105347,0.0
ETH,2026-02-12,1770314400,long,0.0779560914662003,6.959027777777777,1,1,0,0.025356572784597645,0.0
ETH,2026-02-12,1770442200,long,0.05237827166785092,5.479861111111111,2,0,1,-0.2036038037312927,0.0
ETH,2026-02-12,1770480900,short,0.08491763234181948,5.031944444444444,2,0,1,0.3102074719339492,0.0
ETH,2026-02-12,1770707700,long,0.05948399913543634,2.4069444444444446,0,0,0,0.0,0.0
ETH,2026-02-12,1770816600,long,0.05712977844916667,1.1465277777777778,2,0,1,-0.07675033570949585,0.0
ETH,2026-02-12,1770417900,short,0.05178296769423729,5.761111111111111,0,0,0,0.0,0.0
ETH,2026-02-12,1770737400,short,0.05904148532432357,2.0631944444444446,2,0,1,0.330329093991743,0.0
ETH,2026-02-13,1770734700,long,0.05583402428885775,3.0944444444444446,1,1,0,0.007702633823917081,1.0
ETH,2026-02-13,1770839100,long,0.057854846998802945,1.8861111111111113,2,0,1,0.5962300615481398,1.0
ETH,2026-02-13,1770995700,long,0.09238274016832992,0.07361111111111111,2,0,1,-0.16428058218253827,1.0
ETH,2026-02-14,1770881400,long,0.05020317612006964,2.3965277777777776,2,0,1,0.5472970242827265,1.0
ETH,2026-02-15,1770816600,long,0.05118786469330483,4.146527777777777,2,0,1,0.7646220300535179,1.0
ETH,2026-02-15,1770907500,long,0.05569330146992191,3.0944444444444446,1,1,0,0.011915732612915036,1.0
ETH,2026-02-15,1770993900,short,0.061954060079552065,2.0944444444444446,2,0,1,-0.5247378652208853,1.0
ETH,2026-02-15,1771056900,long,0.09235051913511816,1.3652777777777778,2,0,1,0.24086403054547248,1.0
ETH,2026-02-16,1770820200,long,0.05272398945747381,5.104861111111111,1,1,0,-0.031327470388985784,0.0
ETH,2026-02-16,1771058700,long,0.0650321648309038,2.3444444444444446,2,0,1,-0.5416438027140081,0.0
ETH,2026-02-16,1771246800,long,0.08282565762108396,0.16736111111111113,2,0,1,-0.04082346218167349,0.0
ETH,2026-02-17,1770816600,short,0.05078313651359556,6.146527777777778,1,1,0,-0.01310341860219609,0.0
ETH,2026-02-17,1770900300,long,0.05081242764873961,5.177777777777778,1,1,0,-0.020381106039152802,0.0
ETH,2026-02-17,1770994800,long,0.05024771288567398,4.084027777777778,0,0,0,0.0,0.0
ETH,2026-02-17,1771054200,short,0.05134997251684015,3.3965277777777776,1,1,0,0.037448563399296336,0.0
ETH,2026-02-17,1771101000,long,0.05108179719465289,2.8548611111111115,1,1,0,0.005657431148170141,0.0
ETH,2026-02-17,1771245000,long,0.052416744811334626,1.1881944444444446,2,0,1,-0.3033109966317206,0.0
ETH,2026-02-18,1771051500,short,0.05809770445317497,4.427777777777778,1,1,0,-0.01140136552598009,0.0
ETH,2026-02-18,1771068600,long,0.05396057624702899,4.229861111111111,0,0,0,0.0,0.0
ETH,2026-02-18,1771245000,long,0.0685193100392727,2.1881944444444446,2,0,1,-0.23662676734223798,0.0
ETH,2026-02-19,1771052400,short,0.05259730317614553,5.417361111111111,2,0,1,0.317833552056715,0.0
ETH,2026-02-19,1771246800,long,0.058065362220449446,3.1673611111111115,1,1,0,-0.02787299473154195,0.0
ETH,2026-02-19,1771339500,long,0.05975231669323544,2.0944444444444446,2,0,1,-0.11865358730713439,0.0
ETH,2026-02-20,1771338600,long,0.05271638506563314,3.104861111111111,2,0,1,-0.2239626278411988,0.0
ETH,2026-02-20,1771429500,long,0.054529065455797276,2.0527777777777776,1,1,0,0.0004042471054782615,0.0
ETH,2026-02-21,1771434000,long,0.05639248556191245,3.000694444444444,1,1,0,-0.016866470533821995,0.0
ETH,2026-02-22,1771480800,long,0.05255975394440604,3.459027777777778,0,0,0,0.0,0.0
ETH,2026-02-22,1771606800,long,0.05237723250295545,2.000694444444444,1,1,0,-0.04560498722417703,0.0
ETH,2026-02-23,1771434000,short,0.06284609156538878,5.000694444444444,2,0,1,0.2336784563910009,0.0
ETH,2026-02-23,1771707600,long,0.05716750284493832,1.8340277777777778,1,1,0,-0.018845111921768482,0.0
ETH,2026-02-24,1771434000,long,0.05840789072695274,6.000694444444445,1,1,0,-0.03193801556438382,0.0
ETH,2026-02-24,1771434000,short,0.06159210927304737,6.000694444444445,2,0,1,0.21288438820103667,0.0
ETH,2026-02-24,1771606800,long,0.07007615738311257,4.000694444444445,0,0,0,0.0,0.0
ETH,2026-02-24,1771736400,long,0.07713466236639088,2.5006944444444446,2,0,1,0.023527061407903116,0.0
ETH,2026-02-25,1771606800,long,0.0701669735463537,5.000694444444444,1,1,0,-0.017826220512785745,1.0
ETH,2026-02-25,1771736400,long,0.052875347973012854,3.500694444444444,1,1,0,-0.019726212255347562,1.0
ETH,2026-02-25,1771809300,short,0.07493257969978484,2.6569444444444446,1,1,0,-0.028545834594428263,1.0
ETH,2026-02-26,1771809300,short,0.06824902745274886,3.656944444444444,1,1,0,-0.04423957887522367,0.0
ETH,2026-02-26,1772038800,long,0.059130132232543264,1.0006944444444446,2,0,1,-0.4551889896895006,0.0
ETH,2026-02-27,1772038800,long,0.08335947314348191,2.000694444444444,1,1,0,-0.01886572084828564,0.0
ETH,2026-02-27,1772145000,long,0.05586341589698374,0.7715277777777778,2,0,1,-0.2888300890846936,0.0
ETH,2026-02-28,1772124300,long,0.07147668809082797,2.011111111111111,2,0,1,-0.1689313113488461,0.0
ETH,2026-02-28,1772056800,long,0.058600637553745116,2.792361111111111,1,1,0,-0.03553999756648185,0.0
ETH,2026-02-07,1770201000,short,0.053871260830972933,3.271527777777778,2,0,1,-0.7648027225397591,1.0
ETH,2026-02-07,1770291000,long,0.05775096815593228,2.229861111111111,2,0,1,0.8006558588546201,1.0
ETH,2026-02-07,1770406200,short,0.061156269909665384,0.8965277777777778,2,0,1,-0.5017472422059067,1.0
ETH,2026-02-07,1770424200,long,0.05081272783637214,0.6881944444444444,2,0,1,0.4458360554814652,1.0
ETH,2026-02-07,1770216300,short,0.05712901343086696,3.0944444444444446,0,0,0,0.0,1.0
ETH,2026-02-07,1770304500,long,0.05529203352545409,2.073611111111111,1,1,0,-0.04874567525220813,1.0
ETH,2026-02-08,1770196500,long,0.05604010694349504,4.323611111111111,1,1,0,-0.002989883617755453,1.0
ETH,2026-02-08,1770198300,short,0.06117038232736871,4.302777777777777,1,1,0,-0.04519269515779442,1.0
ETH,2026-02-08,1770291000,long,0.06598273475135397,3.229861111111111,2,0,1,0.8244894981775115,1.0
ETH,2026-02-08,1770394500,short,0.053747688217870904,2.0319444444444446,2,0,1,-0.5934519992011948,1.0
ETH,2026-02-08,1770448500,long,0.05188302155415858,1.4069444444444446,2,0,1,0.5271005591341636,1.0
ETH,2026-02-08,1770485400,short,0.06445394829987816,0.9798611111111112,1,1,0,0.015827601418972326,1.0
ETH,2026-02-08,1770540300,long,0.06563400720307766,0.34444444444444444,2,0,1,0.579957334921118,1.0
ETH,2026-02-08,1770315300,long,0.057873202178064576,2.948611111111111,1,1,0,0.005254066263615936,1.0
ETH,2026-02-09,1770151500,short,0.05077377851140952,5.844444444444444,2,0,1,-0.8123720713761611,1.0
ETH,2026-02-09,1770282900,short,0.054192136283478076,4.323611111111111,1,1,0,-0.005327125301644309,1.0
ETH,2026-02-09,1770290100,long,0.06634178404984725,4.240277777777778,1,1,0,-0.04655858926467768,1.0
ETH,2026-02-09,1770381000,long,0.05302938858699746,3.188194444444444,1,1,0,-0.04850498502404346,1.0
ETH,2026-02-09,1770395400,short,0.05670630202883875,3.0215277777777776,1,1,0,-0.03780733857548329,1.0
ETH,2026-02-09,1770485400,short,0.05875681507770081,1.979861111111111,1,1,0,-0.0021837808656367252,1.0
ETH,2026-02-09,1770507000,long,0.051684731569908715,1.7298611111111113,2,0,1,0.7305497792978849,1.0
ETH,2026-02-09,1770632100,long,0.06347224358272441,0.28194444444444444,2,0,1,0.2834097963292359,1.0
ETH,2026-02-09,1770228900,long,0.05928021826671892,4.948611111111111,2,0,1,0.6600955971046685,1.0
ETH,2026-02-09,1770390900,long,0.06742668847899225,3.073611111111111,1,1,0,-0.014144141663578302,1.0
ETH,2026-03-01,1772120700,long,0.05246411848394206,3.0527777777777776,2,0,1,-0.28200296406270886,0.0
ETH,2026-03-01,1772343000,short,0.05703130226517411,0.4798611111111111,1,1,0,0.05292885637839341,0.0
ETH,2026-03-01,1772352000,long,0.053664051346246744,0.3756944444444445,2,0,1,-0.2594663362349918,0.0
ETH,2026-03-10,1772715600,long,0.0557800321731734,5.125694444444444,1,1,0,-0.02263862469098675,1.0
ETH,2026-03-10,1772925300,long,0.0509681065153782,2.698611111111111,2,0,1,0.609672928532308,1.0
ETH,2026-03-10,1773022500,long,0.05561477164106754,1.5736111111111113,1,1,0,-0.023236822925428682,1.0
ETH,2026-03-10,1773130500,long,0.0613511100262043,0.3236111111111111,2,0,1,0.33375879411111964,1.0
ETH,2026-03-10,1772967600,long,0.05175945347435995,2.209027777777778,1,1,0,-0.012883234614759459,1.0
ETH,2026-03-11,1772930700,long,0.05037574698846248,3.6361111111111115,1,1,0,-0.02576560403822086,1.0
ETH,2026-03-11,1773151200,long,0.051114403406606224,1.0840277777777778,2,0,1,0.519915697992425,1.0
ETH,2026-03-12,1772928000,long,0.09283043248704281,4.667361111111111,0,0,0,0.0,1.0
ETH,2026-03-12,1773016200,long,0.05239473022915675,3.6465277777777776,0,0,0,0.0,1.0
ETH,2026-03-12,1773120600,long,0.06057951332591882,2.4381944444444446,1,1,0,-0.0010780938920265798,1.0
ETH,2026-03-12,1773222300,long,0.050677793788158176,1.261111111111111,1,1,0,-0.05343499632127932,1.0
ETH,2026-03-12,1772958600,long,0.0628154748234444,4.313194444444445,0,0,0,0.0,1.0
ETH,2026-03-13,1773227700,long,0.05835231051877221,2.198611111111111,1,1,0,-0.028472263058619614,0.0
ETH,2026-03-13,1773315900,long,0.05104397244375258,1.1777777777777778,2,0,1,-0.3548831812673089,0.0
ETH,2026-03-14,1773245700,short,0.05183818111084393,2.990277777777778,2,0,1,-0.6022604729219267,1.0
ETH,2026-03-14,1773324900,long,0.05305967520660859,2.073611111111111,1,1,0,-0.039991058415788316,1.0
ETH,2026-03-14,1773351000,short,0.06499899242651641,1.7715277777777778,1,1,0,0.07019388069545529,1.0
ETH,2026-03-16,1773305100,long,0.05236881949508909,4.302777777777777,1,1,0,-0.018463778276616057,0.0
ETH,2026-03-16,1773335700,short,0.05334906472754397,3.9486111111111115,2,0,1,0.2570055588340536,0.0
ETH,2026-03-16,1773440100,long,0.06611338796137334,2.7402777777777776,1,1,0,-0.029339008198201275,0.0
ETH,2026-03-16,1773448200,long,0.05677649962137732,2.6465277777777776,2,0,1,-0.7108394177850628,0.0
ETH,2026-03-17,1773244800,short,0.05512771936471306,6.000694444444445,0,0,0,0.0,0.0
ETH,2026-03-17,1773321300,long,0.05540591361489655,5.115277777777778,1,1,0,-0.039297736004481776,0.0
ETH,2026-03-17,1773475200,long,0.05693539383333324,3.3340277777777776,0,0,0,0.0,0.0
ETH,2026-03-17,1773590400,short,0.0505429247289112,2.000694444444444,1,1,0,-0.004034504167822708,0.0
ETH,2026-03-17,1773631800,long,0.06142004856711014,1.5215277777777778,1,1,0,0.09077275198469137,0.0
ETH,2026-03-17,1773441000,long,0.06131820684128564,3.729861111111111,1,1,0,-0.0150164363448082,0.0
ETH,2026-03-18,1773504000,short,0.05926943300299603,4.000694444444445,1,1,0,-0.02689546535266107,0.0
ETH,2026-03-18,1773590400,short,0.050209377328249816,3.000694444444444,1,1,0,-0.0199453481957965,0.0
ETH,2026-03-19,1773631800,long,0.07177330085857081,3.5215277777777776,0,0,0,0.0,0.0
ETH,2026-03-20,1773837000,short,0.05101127378792525,2.146527777777778,1,1,0,-0.0270635691969906,1.0
ETH,2026-03-21,1773973800,long,0.06967937868711305,1.5631944444444446,0,0,0,0.0,1.0
ETH,2026-03-22,1773859500,short,0.05115175988053644,3.886111111111111,0,0,0,0.0,1.0
ETH,2026-03-22,1774138500,long,0.057726343076930586,0.6569444444444444,2,0,1,0.4986572814950441,1.0
ETH,2026-03-23,1774138500,long,0.05882011506511131,1.6569444444444443,1,1,0,-0.00010548684325448199,0.0
ETH,2026-03-23,1774263600,long,0.0506960518470827,0.20902777777777776,2,0,1,-0.8018239109801031,0.0
ETH,2026-03-23,1774049400,long,0.05021968448157921,2.688194444444444,1,1,0,-0.025883866889666696,1.0
ETH,2026-03-23,1774137600,long,0.0773543032154631,1.667361111111111,2,0,1,0.2922432098341938,1.0
ETH,2026-03-23,1773969300,long,0.05468456665594568,3.615277777777778,2,0,1,0.32906696054388507,1.0
ETH,2026-03-24,1773780300,long,0.05575874093328004,6.802777777777778,1,1,0,0.0036636783575373904,0.0
ETH,2026-03-24,1773780300,short,0.05424125906671995,6.802777777777778,1,1,0,-0.0014576783575373769,0.0
ETH,2026-03-24,1773993600,short,0.054277235902777776,4.334027777777778,0,0,0,0.0,0.0
ETH,2026-03-24,1773849600,short,0.05569726724495094,6.000694444444445,1,1,0,-0.01860454758826971,1.0
ETH,2026-03-25,1773854100,long,0.05223716312455151,6.948611111111112,0,0,0,0.0,0.0
ETH,2026-03-25,1773865800,short,0.05568690679729438,6.813194444444444,1,1,0,-0.014400457381698255,0.0
ETH,2026-03-25,1773993600,short,0.05424946034222844,5.334027777777778,0,0,0,0.0,0.0
ETH,2026-03-25,1774212300,long,0.05226175038159164,2.8027777777777776,1,1,0,-0.009185880286698846,1.0
ETH,2026-03-26,1773939600,short,0.05641365395114051,6.959027777777777,0,0,0,0.0,1.0
ETH,2026-03-26,1773948600,long,0.05302166989237178,6.854861111111111,0,0,0,0.0,1.0
ETH,2026-03-26,1773972000,short,0.09540463762949558,6.584027777777778,0,0,0,0.0,1.0
ETH,2026-03-27,1774548000,long,0.07326739805839266,0.9173611111111111,2,0,1,-0.5145603391740257,0.0
ETH,2026-03-29,1774608300,long,0.08170247530522023,2.2194444444444446,1,1,0,-0.007662138637531707,0.0
ETH,2026-03-03,1771968600,long,0.05155553574292804,6.813194444444444,1,1,0,0.0017821087660703921,0.0
ETH,2026-03-03,1772124300,long,0.053508991887123214,5.011111111111111,1,1,0,0.02771349501733282,0.0
ETH,2026-03-03,1772287200,short,0.064850969017204,3.1256944444444446,1,1,0,0.01050581105201251,0.0
ETH,2026-03-03,1772336700,long,0.051317814674882944,2.5527777777777776,1,1,0,-0.049331963523675096,0.0
ETH,2026-03-03,1772463600,long,0.05763721681963374,1.0840277777777778,1,1,0,-0.02983326270985749,0.0
ETH,2026-03-30,1774608300,long,0.06630819228645946,3.2194444444444446,1,1,0,-0.023805101369302556,1.0
ETH,2026-03-30,1774694700,long,0.05089459054151124,2.2194444444444446,1,1,0,-0.03900298207374921,1.0
ETH,2026-03-30,1774870200,long,0.06651627591944087,0.18819444444444447,1,1,0,0.15979285884642716,1.0
ETH,2026-03-30,1774515600,short,0.05729908343102119,4.292361111111111,1,1,0,0.0012729735420648064,1.0
ETH,2026-03-31,1774608300,long,0.061910233594383524,4.219444444444444,1,1,0,-0.012680404841049944,1.0
ETH,2026-03-31,1774768500,long,0.053861841295516744,2.365277777777778,1,1,0,-0.03674505447476193,1.0
ETH,2026-03-31,1774899900,long,0.05237953522467631,0.8444444444444444,1,1,0,0.010091588821528167,1.0
ETH,2026-03-04,1772117100,short,0.05231208812450261,6.094444444444444,0,0,0,0.0,0.0
ETH,2026-03-04,1772125200,long,0.05483389843041753,6.000694444444445,1,1,0,-0.02436250406717408,0.0
ETH,2026-03-04,1772290800,long,0.050239732729219666,4.084027777777778,0,0,0,0.0,0.0
ETH,2026-03-04,1772420400,long,0.06167587748028791,2.5840277777777776,2,0,1,-0.4302664190455655,0.0
ETH,2026-03-04,1772616600,long,0.08803756678729568,0.31319444444444444,2,0,1,-0.24767026888151256,0.0
ETH,2026-03-05,1772127900,long,0.08137518531014476,6.969444444444444,0,0,0,0.0,1.0
ETH,2026-03-05,1772142300,short,0.05349250018413676,6.802777777777778,0,0,0,0.0,1.0
ETH,2026-03-05,1772265600,long,0.058356296624720194,5.375694444444445,1,1,0,0.001651261408250497,1.0
ETH,2026-03-05,1772373600,long,0.05473352936878384,4.125694444444445,1,1,0,-0.043091170710379045,1.0
ETH,2026-03-05,1772464500,long,0.05371567680580602,3.073611111111111,1,1,0,-0.025653674933319236,1.0
ETH,2026-03-05,1772724600,long,0.0773715724189501,0.06319444444444444,2,0,1,0.2691184469457697,1.0
ETH,2026-03-05,1772614800,long,0.05034088798720471,1.3340277777777778,2,0,1,0.3641526235293291,1.0
ETH,2026-03-06,1772733600,long,0.05289788227063563,0.9590277777777778,2,0,1,-0.45949436014608697,0.0
ETH,2026-03-06,1772612100,long,0.057425448396974055,2.365277777777778,1,1,0,-0.02880812158266044,0.0
ETH,2026-03-06,1772704800,long,0.05501106523223065,1.292361111111111,2,0,1,-0.8238476101261007,0.0
ETH,2026-03-08,1772706600,long,0.05938413942780851,3.229861111111111,1,1,0,-0.021268425879862884,0.0
ETH,2026-03-08,1772801100,long,0.05317789070073031,2.136111111111111,1,1,0,-0.06142024021072437,0.0
ETH,2026-03-08,1772708400,long,0.06228080442902595,3.2090277777777776,1,1,0,-0.006732196311477916,0.0
ETH,2026-03-09,1772706600,long,0.052547247278255105,4.229861111111111,1,1,0,-0.012819314511762908,1.0
ETH,2026-03-09,1772806500,long,0.055630027292153494,3.073611111111111,2,0,1,0.7279084568058161,1.0
ETH,2026-03-09,1772972100,long,0.055882758941795396,1.1569444444444443,1,1,0,-0.00916664360850316,1.0
ETH,2026-05-13,1778092200,long,0.09888845126799062,6.896527777777778,0,0,0,0.0,0.0
ETH,2026-05-13,1778091300,long,0.10734605452985813,6.906944444444445,0,0,0,0.0,1.0
ETH,2026-05-06,1777487400,short,0.058073199896607974,6.896527777777778,0,0,0,0.0,0.0
ETH,2026-05-06,1777610700,long,0.05855514645115645,5.469444444444444,0,0,0,0.0,0.0
ETH,2026-05-06,1777486500,short,0.05987566225374685,6.906944444444445,0,0,0,0.0,0.0
ETH,2026-04-01,1774713600,short,0.05925752703832843,4.000694444444445,1,1,0,-0.028139399068061812,1.0
ETH,2026-04-01,1774713600,long,0.08074247296167147,4.000694444444445,1,1,0,-0.04094685925933632,1.0
ETH,2026-04-01,1774975500,short,0.07181705627373292,0.9694444444444444,2,0,1,-0.3706069342571533,1.0
ETH,2026-04-01,1774977300,long,0.05622923290720383,0.9486111111111111,2,0,1,0.4888109323632908,1.0
ETH,2026-04-10,1775722500,long,0.05621095006956134,1.323611111111111,1,1,0,-0.014328003506542857,0.0
ETH,2026-04-10,1775809800,long,0.06166675679976308,0.31319444444444444,2,0,1,-0.21422019349326044,0.0
ETH,2026-04-11,1775700900,long,0.05235729734117922,2.573611111111111,2,0,1,-0.2672018661087196,0.0
ETH,2026-04-11,1775615400,short,0.05079687396122384,3.5631944444444446,0,0,0,0.0,1.0
ETH,2026-04-11,1775689200,long,0.05102625236269409,2.7090277777777776,1,1,0,0.022544578906773208,1.0
ETH,2026-04-12,1775682000,short,0.05301771315066661,3.7923611111111115,1,1,0,0.0035320306228715515,1.0
ETH,2026-04-12,1775772900,long,0.055538270633229914,2.7402777777777776,2,0,1,0.6242553185524481,1.0
ETH,2026-04-14,1775593800,long,0.06200923122531954,6.813194444444444,1,1,0,-0.04137058073912048,0.0
ETH,2026-04-14,1775596500,short,0.05860691277520491,6.781944444444444,0,0,0,0.0,0.0
ETH,2026-04-14,1775690100,short,0.06814188242440333,5.698611111111111,1,1,0,-0.005073895546475131,0.0
ETH,2026-04-15,1775836800,short,0.05793171864205937,5.000694444444444,0,0,0,0.0,0.0
ETH,2026-04-15,1775747700,short,0.07387659821805126,6.031944444444444,1,1,0,-0.029344739317818565,0.0
ETH,2026-04-15,1775704500,short,0.07249651881521527,6.531944444444445,1,1,0,-0.012039231600211552,1.0
ETH,2026-04-16,1775758500,short,0.05110198135073862,6.906944444444445,0,0,0,0.0,0.0
ETH,2026-04-16,1775758500,long,0.05889801864926136,6.906944444444445,0,0,0,0.0,0.0
ETH,2026-04-16,1776119400,long,0.06618960977732824,2.729861111111111,2,0,1,-0.02307472378729931,0.0
ETH,2026-04-18,1776268800,long,0.06575485782644286,3.000694444444444,0,0,0,0.0,0.0
ETH,2026-04-02,1774627200,short,0.05473769255523586,6.000694444444445,1,1,0,-0.012895488749504977,0.0
ETH,2026-04-02,1774946700,long,0.0529975267528624,2.302777777777778,1,1,0,-0.00589705429133355,0.0
ETH,2026-04-02,1775048400,long,0.052652437540330776,1.1256944444444443,2,0,1,-0.35373866045928704,0.0
ETH,2026-04-22,1776699000,short,0.06681169080198335,2.0215277777777776,1,1,0,-0.023465747532278723,0.0
ETH,2026-04-23,1776358800,short,0.06706894602623492,6.959027777777777,1,1,0,-0.015163681626746438,0.0
ETH,2026-04-23,1776358800,long,0.052931053973765296,6.959027777777777,1,1,0,-0.003662124777031567,0.0
ETH,2026-04-23,1776614400,long,0.05917015043445373,4.000694444444445,0,0,0,0.0,0.0
ETH,2026-04-23,1776639600,short,0.05489345814103819,3.7090277777777776,0,0,0,0.0,0.0
ETH,2026-04-28,1776802500,short,0.05130183630345475,6.823611111111111,1,1,0,0.002569353643980492,0.0
ETH,2026-04-03,1775030400,short,0.050789645811694206,2.3340277777777776,0,0,0,0.0,0.0
ETH,2026-04-03,1775093400,long,0.05107806824643957,1.604861111111111,1,1,0,0.0035177449329296673,0.0
ETH,2026-04-30,1776962700,short,0.07361866295018682,6.969444444444444,0,0,0,0.0,0.0
ETH,2026-04-05,1775196900,long,0.06888626840082357,2.4069444444444446,1,1,0,0.016075818152598634,0.0
ETH,2026-04-06,1775116800,short,0.07789925510874818,4.334027777777778,0,0,0,0.0,1.0
ETH,2026-04-06,1775275200,long,0.05222202347596716,2.5006944444444446,1,1,0,-0.049455253480898645,1.0
ETH,2026-04-06,1775468700,long,0.0639268328410254,0.2611111111111111,2,0,1,0.18597665747684095,1.0
ETH,2026-04-07,1774987200,long,0.0597796908080237,6.834027777777778,0,0,0,0.0,0.0
ETH,2026-04-07,1774989000,short,0.05801200028054376,6.813194444444444,0,0,0,0.0,0.0
ETH,2026-04-08,1775066400,short,0.05237439361743479,6.91736111111111,0,0,0,0.0,0.0
ETH,2026-04-08,1775079900,long,0.06856776247213014,6.761111111111111,1,1,0,-0.0055955340681878435,0.0
ETH,2026-04-08,1775232000,short,0.0726170690939778,5.000694444444444,1,1,0,-0.011902137156454062,0.0
ETH,2026-04-08,1775359800,long,0.05146840332889191,3.5215277777777776,1,1,0,-0.02086137744677416,0.0
ETH,2026-04-08,1775478600,short,0.07339717802276358,2.146527777777778,1,1,0,-0.01843611112297351,0.0
ETH,2026-04-09,1775155500,short,0.05439147898252006,6.886111111111111,1,1,0,-0.015352192016282674,0.0
ETH,2026-04-09,1775163600,long,0.05284810232130699,6.792361111111111,0,0,0,0.0,0.0
ETH,2026-04-09,1775430000,long,0.05090837031794182,3.7090277777777776,0,0,0,0.0,0.0
ETH,2026-04-09,1775479500,short,0.07589760827425385,3.1361111111111106,0,0,0,0.0,0.0
ETH,2026-04-09,1775591100,short,0.05911602591203835,1.8444444444444443,1,1,0,0.27747131574245815,0.0
ETH,2026-02-10,1770151500,long,0.05599703640056952,6.844444444444445,1,1,0,-0.020908301202696045,0.0
ETH,2026-02-10,1770300000,long,0.054598515249202784,5.125694444444444,1,1,0,0.0021734535267596278,0.0
ETH,2026-02-10,1770393600,long,0.05578783181477465,4.042361111111111,1,1,0,-0.03486595066546852,0.0
ETH,2026-02-10,1770481800,long,0.05855676478387939,3.0215277777777776,2,0,1,-0.15461395505732117,0.0
ETH,2026-02-10,1770570000,long,0.07141173945704482,2.000694444444444,1,1,0,0.012116094560761098,0.0
ETH,2026-02-10,1770669000,long,0.05033801208033806,0.8548611111111112,2,0,1,-0.257618597922948,0.0
ETH,2026-02-10,1770305400,long,0.06225598299326074,5.063194444444445,2,0,1,-0.20887194644721413,0.0
ETH,2026-02-10,1770501600,long,0.057382298996004666,2.792361111111111,2,0,1,-0.2748059984941405,0.0
ETH,2026-02-10,1770598800,long,0.05238508448817902,1.667361111111111,2,0,1,-0.23027494019169162,0.0
ETH,2026-02-11,1770228000,long,0.054449638937625666,6.959027777777777,2,0,1,-0.1137620296631522,0.0
ETH,2026-02-11,1770322500,long,0.051367038423700384,5.865277777777778,1,1,0,0.019328176568929295,0.0
ETH,2026-02-11,1770448500,long,0.057243121363137695,4.406944444444444,0,0,0,0.0,0.0
ETH,2026-02-11,1770593400,long,0.05551190157346819,2.729861111111111,2,0,1,-0.10737278103857811,0.0
ETH,2026-02-11,1770480900,long,0.06551144121828067,4.031944444444444,1,1,0,0.0016067580558484645,0.0
ETH,2026-02-11,1770480900,short,0.06548855878171933,4.031944444444444,1,1,0,0.013428241944151466,0.0
ETH,2026-02-12,1770313500,long,0.05691269338796601,6.969444444444444,1,1,0,0.03391155739178339,0.0
ETH,2026-02-12,1770337800,short,0.05115326044723845,6.688194444444444,1,1,0,0.05279402101036396,0.0
ETH,2026-02-12,1770435000,short,0.05414327579711842,5.563194444444444,2,0,1,0.19802754173201878,0.0
ETH,2026-02-12,1770473700,long,0.05149190355620137,5.115277777777778,2,0,1,-0.07801073177802714,0.0
ETH,2026-02-12,1770632100,long,0.0521808112594766,3.2819444444444446,1,1,0,-0.014994718572228616,0.0
ETH,2026-02-12,1770736500,short,0.05059596320338322,2.073611111111111,2,0,1,0.04632972902230781,0.0
ETH,2026-02-12,1770325200,short,0.06853819958504359,6.834027777777778,2,0,1,0.2289574455548274,0.0
ETH,2026-02-12,1770480900,short,0.0709405400857448,5.031944444444444,1,1,0,0.015367539050770575,0.0
ETH,2026-02-12,1770480900,long,0.06505945991425532,5.031944444444444,1,1,0,-0.0003325390507706444,0.0
ETH,2026-02-13,1770742800,long,0.05060978501201285,3.000694444444444,1,1,0,-0.02140783585961605,0.0
ETH,2026-02-14,1771067700,long,0.06452507504678118,0.24027777777777778,2,0,1,-0.12235409577904882,0.0
ETH,2026-02-15,1771056900,short,0.07324967083016953,1.3652777777777778,2,0,1,-0.044155703639838284,0.0
ETH,2026-02-16,1771058700,short,0.0555866269627896,2.3444444444444446,2,0,1,0.05822586476111302,0.0
ETH,2026-02-17,1771056900,short,0.05226819635751179,3.3652777777777776,1,1,0,-0.02092957400303365,0.0
ETH,2026-02-17,1771070400,long,0.06255683294111791,3.2090277777777776,2,0,1,-0.10767506059454446,0.0
ETH,2026-02-17,1771088400,long,0.06551891542733679,3.000694444444444,0,0,0,0.0,0.0
ETH,2026-02-18,1771074900,long,0.07714374637472532,4.156944444444445,0,0,0,0.0,0.0
ETH,2026-02-19,1771133400,long,0.05243309963304288,4.479861111111111,0,0,0,0.0,0.0
ETH,2026-02-24,1771434000,short,0.07505617913276075,6.000694444444445,0,0,0,0.0,0.0
ETH,2026-02-25,1771434900,short,0.05129807317450874,6.990277777777777,0,0,0,0.0,0.0
ETH,2026-02-26,1771816500,long,0.057811176883294624,3.573611111111111,0,0,0,0.0,0.0
ETH,2026-02-26,1772055900,long,0.0701470969955511,0.8027777777777778,2,0,1,-0.07891124211871248,0.0
ETH,2026-02-27,1772055900,long,0.05038553094554965,1.8027777777777778,2,0,1,-0.10843397325798054,0.0
ETH,2026-02-07,1770148800,short,0.05387282865892706,3.8756944444444446,1,1,0,0.007675525953373966,0.0
ETH,2026-02-07,1770223500,long,0.06903986679713192,3.0111111111111115,2,0,1,-0.16908233345627938,0.0
ETH,2026-02-07,1770310800,long,0.06008755366366003,2.000694444444444,1,1,0,0.03382564307365324,0.0
ETH,2026-02-07,1770338700,short,0.06754375776534294,1.6777777777777778,1,1,0,-0.057632490353017145,0.0
ETH,2026-02-07,1770438600,long,0.06995953807111266,0.5215277777777777,2,0,1,-0.11068460055718188,0.0
ETH,2026-02-07,1770220800,long,0.07789985677015343,3.042361111111111,2,0,1,-0.33826401807878503,0.0
ETH,2026-02-08,1770196500,short,0.07748099871581682,4.323611111111111,1,1,0,-0.026020291765662527,0.0
ETH,2026-02-08,1770219000,long,0.05214789293117783,4.063194444444444,1,1,0,-0.019465342722119777,0.0
ETH,2026-02-08,1770305400,long,0.052282144875654524,3.0631944444444446,1,1,0,-0.03606418481539741,0.0
ETH,2026-02-08,1770325200,short,0.07157247448188742,2.834027777777778,1,1,0,0.00109402968720268,0.0
ETH,2026-02-08,1770393600,long,0.062322981667881194,2.042361111111111,1,1,0,0.0010653274941344743,0.0
ETH,2026-02-08,1770480900,long,0.07494974355238515,1.0319444444444446,2,0,1,-0.28104100933007903,0.0
ETH,2026-02-08,1770352200,long,0.05160128150309484,2.521527777777778,1,1,0,0.006707067846987887,0.0
ETH,2026-02-08,1770257700,long,0.06788594754341548,3.615277777777778,1,1,0,-0.01982513685279781,0.0
ETH,2026-02-09,1770151500,short,0.07120124077518541,5.844444444444444,2,0,1,0.2686766769306956,0.0
ETH,2026-02-09,1770151500,long,0.05879875922481448,5.844444444444444,1,1,0,0.00138632889953106,0.0
ETH,2026-02-09,1770278400,long,0.05593350780343753,4.375694444444444,1,1,0,-0.022134584633516377,0.0
ETH,2026-02-09,1770303600,short,0.1013867567827218,4.084027777777778,1,1,0,0.08687516340944047,0.0
ETH,2026-02-09,1770393600,long,0.077128281463547,3.042361111111111,2,0,1,-0.19680317541433573,0.0
ETH,2026-02-09,1770480900,long,0.08927008168281558,2.0319444444444446,1,1,0,-0.009041994996600543,0.0
ETH,2026-02-09,1770470100,long,0.08481453782366288,2.156944444444444,0,0,0,0.0,0.0
ETH,2026-03-01,1772053200,long,0.05179487074187894,3.8340277777777776,2,0,1,-0.11020914270368788,0.0
ETH,2026-03-01,1772185500,long,0.05673072521785416,2.302777777777778,1,1,0,0.10846936040882443,0.0
ETH,2026-03-10,1772707500,long,0.05206056337441334,5.219444444444445,1,1,0,-0.017143179703190722,0.0
ETH,2026-03-11,1772653500,long,0.05358711300223962,6.844444444444445,1,1,0,-0.03167231447227788,0.0
ETH,2026-03-12,1772962200,long,0.05944430747703122,4.271527777777778,0,0,0,0.0,0.0
ETH,2026-03-12,1773067500,long,0.05434785075455184,3.0527777777777776,1,1,0,-0.0298980945603277,0.0
ETH,2026-03-12,1773237600,short,0.06634447262151544,1.0840277777777778,2,0,1,0.3417791201577763,0.0
ETH,2026-03-13,1773147600,short,0.05243914951975859,3.1256944444444446,1,1,0,-0.036145948819151424,1.0
ETH,2026-03-13,1773155700,long,0.05020336051637564,3.031944444444444,0,0,0,0.0,1.0
ETH,2026-03-13,1773361800,long,0.05933398614086127,0.6465277777777778,2,0,1,0.4505336330965874,1.0
ETH,2026-03-14,1773237600,short,0.057444574945845206,3.0840277777777776,1,1,0,0.0289813367645062,0.0
ETH,2026-03-16,1773289800,long,0.05579541315220804,4.479861111111111,0,0,0,0.0,0.0
ETH,2026-03-16,1773397800,long,0.0525709696667227,3.229861111111111,2,0,1,-0.38753038068116247,0.0
ETH,2026-03-16,1773495000,long,0.052852652601348415,2.104861111111111,1,1,0,-0.02144125367779425,0.0
ETH,2026-03-16,1773414000,long,0.05210942362439508,3.042361111111111,1,1,0,-0.04266642885334829,1.0
ETH,2026-03-16,1773631800,long,0.08732603411689155,0.5215277777777777,2,0,1,0.1716965594217367,1.0
ETH,2026-03-17,1773172800,long,0.05286354462650489,6.834027777777778,0,0,0,0.0,0.0
ETH,2026-03-17,1773173700,short,0.05512676059478183,6.823611111111111,0,0,0,0.0,0.0
ETH,2026-03-17,1773295200,long,0.05173815284904837,5.417361111111111,0,0,0,0.0,0.0
ETH,2026-03-17,1773402300,long,0.05928400533340139,4.177777777777778,1,1,0,-0.024517694572105703,0.0
ETH,2026-03-17,1773590400,long,0.06266940251438013,2.000694444444444,1,1,0,-0.011085072706007983,0.0
ETH,2026-03-17,1773244800,long,0.053339260831137825,6.000694444444445,0,0,0,0.0,0.0
ETH,2026-03-18,1773504000,long,0.08062723323071364,4.000694444444445,0,0,0,0.0,1.0
ETH,2026-03-18,1773631800,long,0.07126604234215583,2.521527777777778,2,0,1,0.7784240967593522,1.0
ETH,2026-03-19,1773631800,long,0.08889197448621111,3.5215277777777776,1,1,0,0.06549865259741294,1.0
ETH,2026-03-19,1773905400,long,0.06727204525772779,0.3548611111111111,2,0,1,0.3763491904125557,1.0
ETH,2026-03-20,1773922500,long,0.05223789977589344,1.1569444444444443,1,1,0,-0.0358033612985299,1.0
ETH,2026-03-20,1774008900,long,0.13178146972312277,0.15694444444444444,2,0,1,0.25823374960826073,1.0
ETH,2026-03-21,1773833400,short,0.06897946167251268,3.188194444444444,0,0,0,0.0,1.0
ETH,2026-03-21,1773971100,long,0.05250053106353625,1.5944444444444443,0,0,0,0.0,1.0
ETH,2026-03-21,1773979200,short,0.06792953898434728,1.5006944444444446,1,1,0,-0.0461484670853088,1.0
ETH,2026-03-22,1773990000,long,0.05537307264786673,2.3756944444444446,2,0,1,-0.3049206760180322,0.0
ETH,2026-03-22,1774080000,short,0.050426600334410765,1.3340277777777778,2,0,1,0.7440704636812824,0.0
ETH,2026-03-23,1773886500,short,0.05486645510973853,4.573611111111111,0,0,0,0.0,1.0
ETH,2026-03-23,1773979200,long,0.06596763944871542,3.500694444444444,1,1,0,-0.02182432141295708,1.0
ETH,2026-03-23,1774084500,long,0.05207985567359619,2.2819444444444446,1,1,0,-0.012667785853711786,1.0
ETH,2026-03-23,1774264500,long,0.30218043455834964,0.1986111111111111,1,1,0,0.13401474779729003,1.0
ETH,2026-03-23,1773833400,short,0.087133202580441,5.188194444444444,0,0,0,0.0,1.0
ETH,2026-03-23,1773981900,long,0.05193428994277993,3.469444444444444,2,0,1,0.5417101590250323,1.0
ETH,2026-03-23,1774265400,long,0.11685733729594783,0.18819444444444447,1,1,0,0.15081390995066918,1.0
ETH,2026-03-24,1773777600,short,0.050182379136250344,6.834027777777778,1,1,0,-0.020290473424861306,1.0
ETH,2026-03-24,1774159200,long,0.05236820122648833,2.417361111111111,2,0,1,0.7171826847079916,1.0
ETH,2026-03-24,1774264500,long,0.07498681949503916,1.198611111111111,2,0,1,0.6515617844955344,1.0
ETH,2026-03-24,1774357200,long,0.10845347896807533,0.12569444444444444,2,0,1,0.07891649905801179,1.0
ETH,2026-03-24,1774120500,long,0.053071466469167605,2.8652777777777776,1,1,0,-0.01635515488077972,1.0
ETH,2026-03-25,1773865800,long,0.060490005451164564,6.813194444444444,0,0,0,0.0,1.0
ETH,2026-03-25,1773874800,short,0.06365275627036593,6.709027777777777,1,1,0,-0.01917524784911241,1.0
ETH,2026-03-25,1773972000,long,0.0513190333223803,5.584027777777778,0,0,0,0.0,1.0
ETH,2026-03-25,1774072800,short,0.05060083026698936,4.417361111111111,1,1,0,-0.024192560859633484,1.0
ETH,2026-03-26,1774065600,short,0.05249933986199129,5.500694444444444,1,1,0,-0.022810700886769057,0.0
ETH,2026-03-26,1774264500,long,0.07089625280947143,3.198611111111111,1,1,0,-0.005347909564286725,0.0
ETH,2026-03-26,1774479600,long,0.05201716016637126,0.7090277777777778,2,0,1,-0.9068946938738617,0.0
ETH,2026-03-26,1773940500,long,0.07856414535872647,6.948611111111112,0,0,0,0.0,0.0
ETH,2026-03-27,1774388700,long,0.05490538688370017,2.761111111111111,1,1,0,-0.018666638550875247,0.0
ETH,2026-03-28,1774548000,short,0.055737219400773697,1.917361111111111,1,1,0,0.0043644967138410234,0.0
ETH,2026-03-28,1774584000,long,0.06133839738645319,1.5006944444444446,2,0,1,-0.11255106685245193,0.0
ETH,2026-03-29,1774579500,long,0.06365792306759865,2.5527777777777776,1,1,0,-0.012154481446767756,0.0
ETH,2026-03-03,1772380800,long,0.050237727485302086,2.042361111111111,1,1,0,0.020433098157724303,0.0
ETH,2026-03-04,1772056800,long,0.05797481749352773,6.792361111111111,0,0,0,0.0,1.0
ETH,2026-03-04,1772202600,short,0.051500533957270944,5.104861111111111,1,1,0,-0.011848822077823697,1.0
ETH,2026-03-04,1772638200,long,0.23609967663376574,0.06319444444444444,2,0,1,0.2879827947982131,1.0
ETH,2026-03-05,1772380800,short,0.05279266877889133,4.042361111111111,1,1,0,0.00010668783687735328,0.0
ETH,2026-03-05,1772707500,long,0.08895961750219428,0.2611111111111111,2,0,1,-0.6832425381339698,0.0
ETH,2026-03-06,1772685900,long,0.05147384436590574,1.511111111111111,1,1,0,-0.04218450074240515,0.0
ETH,2026-03-06,1772642700,long,0.05398860963672769,2.011111111111111,2,0,1,-0.2558669042790526,0.0
ETH,2026-03-09,1772699400,short,0.051753417191603424,4.313194444444445,0,0,0,0.0,0.0
ETH,2026-03-09,1772701200,long,0.05727218018471669,4.292361111111111,1,1,0,-0.020085133182521454,0.0
ETH,2026-05-01,1777492800,long,0.05188712567667264,1.8340277777777778,1,1,0,0.005424901830291748,0.0
ETH,2026-05-04,1777478400,short,0.054457441489596636,5.000694444444444,1,1,0,-0.051682443180323986,0.0
ETH,2026-05-04,1777564800,long,0.06288641045602872,4.000694444444445,0,0,0,0.0,0.0
ETH,2026-05-06,1777482900,short,0.06365277803537994,6.948611111111112,1,1,0,-0.09856045508531788,0.0
ETH,2026-05-06,1777610700,short,0.07435102960065121,5.469444444444444,0,0,0,0.0,0.0
ETH,2026-05-06,1777737600,short,0.0557053962405788,4.000694444444445,0,0,0,0.0,0.0
ETH,2026-04-01,1774713600,short,0.08881834009455558,4.000694444444445,0,0,0,0.0,0.0
ETH,2026-04-10,1775821500,long,0.07722442327369317,0.17777777777777776,2,0,1,0.23449998306315317,1.0
ETH,2026-04-10,1775602800,long,0.055753046774313475,2.7090277777777776,1,1,0,-0.0017726988250414619,1.0
ETH,2026-04-11,1775754000,short,0.050250787370788697,1.9590277777777776,1,1,0,-0.018611259672267323,1.0
ETH,2026-04-11,1775599200,short,0.05039198703612746,3.7506944444444446,1,1,0,-0.03319630381631128,1.0
ETH,2026-04-12,1775830500,short,0.06139818122171048,2.073611111111111,2,0,1,0.5234312245832876,0.0
ETH,2026-04-13,1775664000,short,0.05121217782350862,5.000694444444444,1,1,0,-0.0012524814754767731,1.0
ETH,2026-04-13,1775664000,long,0.06878782217649126,5.000694444444444,0,0,0,0.0,1.0
ETH,2026-04-13,1775893500,long,0.05021761870915653,2.3444444444444446,2,0,1,0.6290775676959937,1.0
ETH,2026-04-14,1775593800,short,0.061944133384858935,6.813194444444444,1,1,0,-0.04137058073912048,0.0
ETH,2026-04-14,1775595600,long,0.05665240914402059,6.792361111111111,1,1,0,-0.058365627555014815,0.0
ETH,2026-04-14,1775690100,long,0.06284629515973639,5.698611111111111,1,1,0,-0.005073895546475131,0.0
ETH,2026-04-14,1775934900,long,0.0570484497311019,2.8652777777777776,1,1,0,-0.03055034304165391,1.0
ETH,2026-04-15,1776094200,long,0.05179930877491845,2.0215277777777776,2,0,1,-0.46409011018799634,0.0
ETH,2026-04-15,1775697300,long,0.07867099058187144,6.615277777777777,0,0,0,0.0,1.0
ETH,2026-04-15,1775697300,short,0.07132900941812859,6.615277777777777,1,1,0,-0.012584556402155741,1.0
ETH,2026-04-16,1775758500,long,0.06250410797736472,6.906944444444445,0,0,0,0.0,0.0
ETH,2026-04-16,1775761200,short,0.05728790927337468,6.875694444444445,0,0,0,0.0,0.0
ETH,2026-04-17,1776182400,long,0.09983954784929572,3.000694444444444,1,1,0,-0.00574800736401912,0.0
ETH,2026-04-18,1776268800,short,0.07746293920460434,3.000694444444444,0,0,0,0.0,0.0
ETH,2026-04-18,1776294900,short,0.05956539753114137,2.698611111111111,2,0,1,-0.40195744965142377,1.0
ETH,2026-04-20,1776636000,long,0.09247438054715307,0.7506944444444446,2,0,1,0.2318392298741083,1.0
ETH,2026-04-21,1776699000,short,0.08967567589185899,1.0215277777777778,1,1,0,-0.07433157019064482,0.0
ETH,2026-04-22,1776699000,short,0.06393548465145016,2.0215277777777776,1,1,0,-0.07550490490585754,0.0
ETH,2026-04-22,1776500100,short,0.06150099242397711,4.323611111111111,1,1,0,-0.005487324233542923,0.0
ETH,2026-04-23,1776614400,short,0.06062323782635526,4.000694444444445,0,0,0,0.0,0.0
ETH,2026-04-23,1776700800,short,0.05504902300970116,3.000694444444444,1,1,0,-0.061651798373313,0.0
ETH,2026-04-25,1776814200,short,0.05255229900757552,3.6881944444444446,1,1,0,-0.007089589553808021,0.0
ETH,2026-04-25,1776873600,long,0.051695950725726414,3.000694444444444,1,1,0,-0.01157607916702469,0.0
ETH,2026-04-25,1776910500,short,0.052803298659195086,2.573611111111111,0,0,0,0.0,0.0
ETH,2026-04-25,1776815100,short,0.055547641660040004,3.6777777777777776,1,1,0,-0.008846720865654023,1.0
ETH,2026-04-26,1776937500,short,0.05130029305770023,3.261111111111111,0,0,0,0.0,0.0
ETH,2026-04-27,1776870000,short,0.056066095057716536,5.042361111111111,0,0,0,0.0,1.0
ETH,2026-04-27,1776997800,short,0.050907911161655495,3.5631944444444446,0,0,0,0.0,1.0
ETH,2026-04-27,1777001400,short,0.0524743312433012,3.5215277777777776,0,0,0,0.0,1.0
ETH,2026-04-28,1777382100,long,0.06986704987773096,0.11527777777777777,2,0,1,0.17222470643517568,1.0
ETH,2026-04-29,1776875400,short,0.07410854745043682,6.979861111111111,0,0,0,0.0,1.0
ETH,2026-04-30,1777461300,long,0.06528090110385598,1.198611111111111,1,1,0,-0.013759513818976686,1.0
ETH,2026-04-30,1777480200,long,0.05112673712259941,0.9798611111111112,1,1,0,-0.004184810382781942,1.0
ETH,2026-04-04,1775091600,long,0.06620103037512659,2.6256944444444446,1,1,0,0.1123892949294005,0.0
ETH,2026-04-06,1775116800,long,0.09775144191689211,4.334027777777778,0,0,0,0.0,0.0
ETH,2026-04-07,1774988100,short,0.051813033271569164,6.823611111111111,1,1,0,0.0325588964471835,0.0
ETH,2026-04-07,1774992600,long,0.05534982712256631,6.771527777777778,1,1,0,-0.008764158247855197,0.0
ETH,2026-04-08,1775061900,long,0.051659224328599596,6.969444444444444,0,0,0,0.0,1.0
ETH,2026-04-08,1775478600,long,0.08447498716629753,2.146527777777778,1,1,0,0.014813072905112004,1.0
ETH,2026-04-08,1775602800,long,0.05492624313274508,0.7090277777777778,2,0,1,0.5821875235084047,1.0
ETH,2026-04-09,1775166300,long,0.05364133029482021,6.761111111111111,0,0,0,0.0,1.0
ETH,2026-04-09,1775196900,short,0.05179014331986587,6.406944444444444,0,0,0,0.0,1.0
ETH,2026-04-09,1775430900,short,0.05068433444882281,3.698611111111111,0,0,0,0.0,1.0
ETH,2026-04-09,1775491200,long,0.06256411280136986,3.000694444444444,1,1,0,0.011471671478693227,1.0
ETH,2026-04-09,1775612700,short,0.05024970682011676,1.5944444444444443,1,1,0,-0.01827743499928906,1.0
ETH,2026-02-10,1770151500,short,0.0667431327174195,6.844444444444445,1,1,0,-0.003321270216174635,0.0
ETH,2026-02-10,1770257700,long,0.05235816039606456,5.615277777777778,1,1,0,-0.038652673174216716,0.0
ETH,2026-02-10,1770325200,short,0.06464780184869534,4.834027777777778,2,0,1,0.15406085963065552,0.0
ETH,2026-02-10,1770303600,long,0.050634426102514896,5.084027777777777,1,1,0,0.049331673796398176,0.0
ETH,2026-02-10,1770338700,short,0.06843510603139114,4.677777777777778,1,1,0,0.09424337371892275,0.0
ETH,2026-02-10,1770217200,long,0.05163155922996854,6.084027777777777,1,1,0,-0.01936496692882724,0.0
ETH,2026-02-11,1770228000,long,0.07498548604801458,6.959027777777777,0,0,0,0.0,0.0
ETH,2026-02-11,1770338700,short,0.05436904135992471,5.677777777777778,0,0,0,0.0,0.0
ETH,2026-02-11,1770305400,short,0.0544910738653589,6.063194444444444,1,1,0,-0.007992934119343688,0.0
ETH,2026-02-11,1770308100,short,0.056443960892353706,6.031944444444444,1,1,0,-0.017572569472075906,0.0
ETH,2026-02-12,1770313500,long,0.051089743551345546,6.969444444444444,1,1,0,0.039599831052988727,0.0
ETH,2026-02-12,1770419700,long,0.054390524499116966,5.740277777777777,1,1,0,-0.019999653073396368,0.0
ETH,2026-02-12,1770668100,long,0.05268087594035942,2.8652777777777776,0,0,0,0.0,0.0
ETH,2026-02-17,1771146900,short,0.05394848474703995,2.323611111111111,0,0,0,0.0,0.0
ETH,2026-02-18,1771074900,short,0.06333267967580203,4.156944444444445,0,0,0,0.0,0.0
ETH,2026-02-19,1771047000,long,0.05138118767444588,5.479861111111111,1,1,0,0.0001558006140708959,0.0
ETH,2026-02-28,1772056800,short,0.06286906341610954,2.792361111111111,0,0,0,0.0,0.0
ETH,2026-02-06,1770148800,long,0.06507412675424651,2.875694444444444,2,0,1,-0.13184206865914844,0.0
ETH,2026-02-06,1770153300,short,0.05292108757657843,2.823611111111111,1,1,0,-0.04448094196220449,0.0
ETH,2026-02-06,1770136200,long,0.05919301798957366,3.0215277777777776,1,1,0,0.0008370169693785803,0.0
ETH,2026-02-07,1770149700,long,0.05098480729818333,3.8652777777777776,0,0,0,0.0,0.0
ETH,2026-02-07,1770151500,short,0.062412259515480684,3.8444444444444446,1,1,0,-0.03458567164761964,0.0
ETH,2026-02-07,1770237900,long,0.050197297613463254,2.844444444444444,1,1,0,-0.03154775565997681,0.0
ETH,2026-02-07,1770242400,long,0.05849582245313201,2.792361111111111,1,1,0,0.006911381850820791,0.0
ETH,2026-02-07,1770233400,long,0.05149673033155744,2.8965277777777776,2,0,1,-0.15961650567630253,0.0
ETH,2026-02-08,1770152400,short,0.05085056812734301,4.834027777777778,2,0,1,0.2763696870593402,0.0
ETH,2026-02-08,1770220800,long,0.05337928133557046,4.042361111111111,2,0,1,-0.1250732075456379,0.0
ETH,2026-02-08,1770305400,short,0.06374581026616766,3.0631944444444446,1,1,0,-0.004964119707850654,0.0
ETH,2026-02-08,1770480900,short,0.05902191058648265,1.0319444444444446,2,0,1,0.12615387944310041,0.0
ETH,2026-02-09,1770148800,long,0.05280674567054655,5.875694444444444,0,0,0,0.0,0.0
ETH,2026-02-09,1770151500,short,0.0773119635503492,5.844444444444444,1,1,0,-0.028033140069069998,0.0
ETH,2026-02-09,1770249600,long,0.0523270267985132,4.709027777777778,0,0,0,0.0,0.0
ETH,2026-02-09,1770305400,short,0.06255054594722242,4.063194444444444,0,0,0,0.0,0.0
ETH,2026-02-09,1770440400,long,0.05034747120383898,2.5006944444444446,2,0,1,-0.10993249048923759,0.0
ETH,2026-02-09,1770242400,long,0.05252773106648245,4.792361111111111,1,1,0,0.003145140854608601,0.0
ETH,2026-03-16,1773360900,short,0.05077694319553716,3.656944444444444,0,0,0,0.0,1.0
ETH,2026-03-16,1773633600,long,0.06398453931004489,0.5006944444444444,2,0,1,0.39016210535968965,1.0
ETH,2026-03-17,1773173700,long,0.06297624024032156,6.823611111111111,0,0,0,0.0,0.0
ETH,2026-03-17,1773175500,short,0.06479936753863791,6.802777777777778,0,0,0,0.0,0.0
ETH,2026-03-17,1773361800,short,0.05369524356589794,4.646527777777778,0,0,0,0.0,0.0
ETH,2026-03-17,1773411300,long,0.0517405906322288,4.073611111111111,1,1,0,-0.012715985091721005,0.0
ETH,2026-03-18,1773631800,short,0.05320582994671852,2.521527777777778,1,1,0,0.06532302717816818,0.0
ETH,2026-03-18,1773833400,short,0.08335581291318855,0.18819444444444447,2,0,1,1.6375728474746958,0.0
ETH,2026-03-18,1773836100,long,0.1125992543180514,0.15694444444444444,2,0,1,-0.8899186667702794,0.0
ETH,2026-03-19,1773631800,short,0.06056919683952244,3.5215277777777776,1,1,0,0.06549865259741294,0.0
ETH,2026-03-20,1773849600,long,0.06462833047768979,2.000694444444444,1,1,0,0.03982798184601283,0.0
ETH,2026-03-21,1773849600,long,0.06926836017729454,3.000694444444444,0,0,0,0.0,0.0
ETH,2026-03-21,1773808200,short,0.050371384687545095,3.4798611111111115,1,1,0,-0.025070706298788704,0.0
ETH,2026-03-22,1773825300,short,0.07135609295654255,4.281944444444445,1,1,0,-0.04759668620973781,0.0
ETH,2026-03-22,1773948600,long,0.05040263093054209,2.8548611111111115,0,0,0,0.0,0.0
ETH,2026-03-22,1773822600,short,0.05104042044432222,4.313194444444445,0,0,0,0.0,0.0
ETH,2026-03-23,1773881100,long,0.05317846383518443,4.636111111111111,1,1,0,-0.013012322992612435,0.0
ETH,2026-03-23,1774080000,long,0.05331404247990501,2.3340277777777776,1,1,0,-0.034759909047598146,0.0
ETH,2026-03-23,1774264500,short,0.1481807971024396,0.1986111111111111,1,1,0,-0.039809883789688395,0.0
ETH,2026-03-24,1774264500,long,0.07721697486875523,1.198611111111111,1,1,0,-0.08257923093203283,0.0
ETH,2026-03-25,1773874800,long,0.07336821494481471,6.709027777777777,0,0,0,0.0,0.0
ETH,2026-03-25,1774022400,short,0.05411623190802517,5.000694444444444,1,1,0,-0.008713781472767296,0.0
ETH,2026-03-25,1774276200,long,0.05256854389910437,2.0631944444444446,1,1,0,-0.030086618751772265,0.0
ETH,2026-03-26,1774264500,short,0.06122605387275748,3.198611111111111,0,0,0,0.0,0.0
ETH,2026-03-30,1774513800,long,0.053728032137030146,4.313194444444445,1,1,0,-0.00420007936990148,0.0
ETH,2026-03-31,1774514700,long,0.06090800988989309,5.302777777777778,1,1,0,-8.956936031993823e-05,0.0
ETH,2026-05-01,1777474800,long,0.059589208443663555,2.042361111111111,1,1,0,-0.06452424484423744,0.0
ETH,2026-05-01,1777570200,long,0.06101464359662945,0.9381944444444443,2,0,1,-0.6091343708657956,0.0
ETH,2026-05-10,1778116500,long,0.061146027820708326,3.615277777777778,1,1,0,-0.014273200140349336,0.0
ETH,2026-05-10,1778130000,short,0.050709595259546436,3.459027777777778,0,0,0,0.0,0.0
ETH,2026-05-10,1778253300,short,0.05372112792157685,2.0319444444444446,1,1,0,0.04351851131390315,0.0
ETH,2026-05-10,1778181300,short,0.05074529511618092,2.8652777777777776,1,1,0,-0.0030671398776829905,1.0
ETH,2026-05-11,1778090400,long,0.05238635995657015,4.917361111111111,0,0,0,0.0,0.0
ETH,2026-05-11,1778148000,short,0.055068088150647565,4.250694444444444,1,1,0,-0.02431206702970169,0.0
ETH,2026-05-12,1778064300,long,0.052832706800980844,6.219444444444445,1,1,0,-0.008384601555120517,1.0
ETH,2026-05-12,1778085000,short,0.05576271133386401,5.97986111111111,0,0,0,0.0,1.0
ETH,2026-05-12,1778229000,long,0.05202212106603277,4.313194444444445,0,0,0,0.0,1.0
ETH,2026-05-15,1778774400,long,0.058663882817655555,1.0006944444444446,2,0,1,0.19900398631429267,1.0
ETH,2026-05-02,1777590900,short,0.053758508380714665,1.698611111111111,1,1,0,0.0050077969930614405,0.0
ETH,2026-05-02,1777606200,long,0.06321340495608019,1.5215277777777778,0,0,0,0.0,0.0
ETH,2026-05-03,1777594500,long,0.0543142436112809,2.6569444444444446,2,0,1,-0.4332555116388912,0.0
ETH,2026-05-03,1777601700,short,0.05860503650632759,2.573611111111111,1,1,0,0.009543324777665174,0.0
ETH,2026-05-04,1777594500,long,0.05471834635224515,3.656944444444444,0,0,0,0.0,0.0
ETH,2026-05-05,1777635000,long,0.0500649048617523,4.188194444444444,1,1,0,-0.017903281072966848,0.0
ETH,2026-05-05,1777670100,short,0.05225196379991914,3.781944444444444,1,1,0,-0.01506062313918986,0.0
ETH,2026-05-05,1777855500,long,0.05394417538858498,1.636111111111111,1,1,0,0.15030538125076887,0.0
ETH,2026-05-05,1777644000,long,0.057651660288368545,4.084027777777778,1,1,0,0.019030674260011322,1.0
ETH,2026-05-05,1777904100,long,0.05936755120506576,1.073611111111111,2,0,1,0.34827543590250826,1.0
ETH,2026-05-06,1777482900,long,0.06079802190695571,6.948611111111112,1,1,0,-0.09856045508531788,0.0
ETH,2026-05-06,1777484700,short,0.05274456887109513,6.927777777777777,1,1,0,-0.026314472880455415,0.0
ETH,2026-05-06,1777762800,short,0.0839271279198196,3.7090277777777776,0,0,0,0.0,0.0
ETH,2026-05-06,1777858200,long,0.0521196447083907,2.604861111111111,2,0,1,-0.16859372800770983,0.0
ETH,2026-05-06,1777639500,long,0.05760311702596743,5.136111111111111,1,1,0,-0.012352283997066393,1.0
ETH,2026-05-06,1777737600,long,0.08800390576473416,4.000694444444445,0,0,0,0.0,1.0
ETH,2026-05-07,1777853700,long,0.057278216001859006,3.656944444444444,0,0,0,0.0,1.0
ETH,2026-05-07,1777737600,long,0.05301435000219645,5.000694444444444,0,0,0,0.0,1.0
ETH,2026-05-07,1777865400,long,0.05863132984382813,3.5215277777777776,2,0,1,0.3281291069350216,1.0
ETH,2026-05-08,1778076000,short,0.06403951335569913,2.084027777777778,1,1,0,-0.01797309320971219,1.0
ETH,2026-05-08,1778077800,long,0.07181230982831299,2.0631944444444446,1,1,0,0.003564370932042756,1.0
ETH,2026-05-08,1778179500,long,0.05962150302285818,0.8861111111111111,1,1,0,-0.005045584801984696,1.0
ETH,2026-05-09,1778089500,long,0.06417144970032562,2.9277777777777776,0,0,0,0.0,0.0
ETH,2026-05-09,1778173200,short,0.05010911919812139,1.9590277777777776,2,0,1,0.44182994430852246,0.0
ETH,2026-05-09,1778178600,long,0.050286059409854644,1.8965277777777776,1,1,0,0.00426877482390008,0.0
ETH,2026-04-10,1775604600,long,0.05352242876944402,2.688194444444444,1,1,0,-0.0405776698806663,0.0
ETH,2026-04-11,1775635200,short,0.051060848998274455,3.3340277777777776,1,1,0,0.008680495511935954,0.0
ETH,2026-04-13,1775664000,short,0.052493974349366423,5.000694444444444,1,1,0,-0.024268374573373813,0.0
ETH,2026-04-13,1775934900,long,0.050165872622056185,1.8652777777777778,2,0,1,-0.20252758905316032,0.0
ETH,2026-04-14,1775595600,short,0.05178778753576585,6.792361111111111,1,1,0,-0.058365627555014815,1.0
ETH,2026-04-14,1775602800,long,0.06475443760526423,6.709027777777777,1,1,0,-0.0040158891157128715,1.0
ETH,2026-04-14,1776123000,long,0.05734520024800749,0.6881944444444444,1,1,0,0.05551144611728517,1.0
ETH,2026-04-15,1775733300,short,0.050881489539480795,6.198611111111111,0,0,0,0.0,1.0
ETH,2026-04-15,1776177000,long,0.05624375641375878,1.0631944444444446,2,0,1,0.5004223284443226,1.0
ETH,2026-04-16,1775758500,short,0.05399687451565949,6.906944444444445,1,1,0,-0.026355803334828096,1.0
ETH,2026-04-16,1775758500,long,0.0560031254843405,6.906944444444445,0,0,0,0.0,1.0
ETH,2026-04-17,1776182400,short,0.09371086886361135,3.000694444444444,1,1,0,-0.03131433363350475,0.0
ETH,2026-04-17,1776418200,long,0.056012066074419,0.27152777777777776,2,0,1,-0.24621940957745825,0.0
ETH,2026-04-19,1776429900,long,0.06015756007003592,2.136111111111111,1,1,0,-0.022600261944036026,1.0
ETH,2026-04-19,1776537000,short,0.09331938535939155,0.8965277777777778,2,0,1,-0.29390072632480774,1.0
ETH,2026-04-20,1776431700,long,0.05398705189941411,3.115277777777778,1,1,0,-0.02735085937356614,1.0
ETH,2026-04-20,1776520800,long,0.05781426610614737,2.084027777777778,1,1,0,-0.015547023696845502,1.0
ETH,2026-04-21,1776636000,long,0.06024744968715745,1.7506944444444443,2,0,1,0.7125306316178934,1.0
ETH,2026-04-21,1776441600,long,0.06985276229784554,4.000694444444445,1,1,0,0.007087096249460755,1.0
ETH,2026-04-22,1776699000,long,0.06938254103709407,2.0215277777777776,1,1,0,-0.04625977958547501,0.0
ETH,2026-04-22,1776791700,long,0.050613984021580016,0.9486111111111111,2,0,1,-0.725353728305195,0.0
ETH,2026-04-22,1776636000,long,0.06186098798485329,2.7506944444444446,0,0,0,0.0,1.0
ETH,2026-04-23,1776699000,long,0.05212987627812349,3.0215277777777776,1,1,0,-0.07123310403372199,1.0
ETH,2026-04-23,1776923100,short,0.056147461529807874,0.4277777777777778,0,0,0,0.0,1.0
ETH,2026-04-23,1776636000,long,0.06511559705636083,3.7506944444444446,0,0,0,0.0,1.0
ETH,2026-04-25,1776909600,short,0.05251138091202645,2.5840277777777776,0,0,0,0.0,1.0
ETH,2026-04-26,1776897900,short,0.051585980782656526,3.7194444444444446,0,0,0,0.0,1.0
ETH,2026-04-26,1777039200,long,0.061943820578683084,2.084027777777778,1,1,0,0.026659108073309797,1.0
ETH,2026-04-27,1777029300,long,0.055746162236870234,3.198611111111111,2,0,1,-0.32176694200256173,0.0
ETH,2026-04-27,1777117500,long,0.06757451162032346,2.1777777777777776,0,0,0,0.0,0.0
ETH,2026-04-28,1776948300,short,0.09242259398540154,5.136111111111111,1,1,0,-0.031076550739155086,0.0
ETH,2026-04-28,1777187700,long,0.05212353363517486,2.365277777777778,0,0,0,0.0,0.0
ETH,2026-04-29,1777092300,long,0.05300914721730243,4.469444444444445,0,0,0,0.0,0.0
ETH,2026-04-29,1777182300,long,0.0518658113659165,3.427777777777778,0,0,0,0.0,0.0
ETH,2026-04-29,1777381200,long,0.0503765205243385,1.1256944444444443,2,0,1,-0.2415426409594521,0.0
ETH,2026-04-30,1777185900,long,0.05832057129220569,4.386111111111111,0,0,0,0.0,0.0
ETH,2026-04-30,1777274100,long,0.053010326026358356,3.3652777777777776,1,1,0,-0.0179264948318415,0.0
ETH,2026-04-30,1777460400,long,0.050340900708891745,1.2090277777777778,1,1,0,-0.04103284694295328,0.0
ETH,2026-04-04,1775030400,long,0.0919146021038324,3.3340277777777776,0,0,0,0.0,0.0
ETH,2026-04-05,1775030400,long,0.0798093497144039,4.334027777777778,1,1,0,-0.051211070085296045,0.0
ETH,2026-04-07,1774989900,long,0.054724161955197914,6.802777777777778,1,1,0,0.015013766368258685,0.0
ETH,2026-04-08,1775061900,long,0.05177235755094256,6.969444444444444,0,0,0,0.0,0.0
ETH,2026-04-08,1775065500,short,0.05685121761560463,6.927777777777777,1,1,0,-0.01801902579087436,0.0
ETH,2026-04-09,1775158200,long,0.05410046403860158,6.854861111111111,1,1,0,0.011112830109934718,0.0
ETH,2026-02-10,1770480900,long,0.06564298458105844,3.031944444444444,0,0,0,0.0,0.0
ETH,2026-02-11,1770228000,long,0.06032141976414773,6.959027777777777,2,0,1,0.028630047691472718,0.0
ETH,2026-02-11,1770492600,long,0.05144989575327985,3.896527777777778,0,0,0,0.0,0.0
ETH,2026-02-12,1770313500,long,0.056169753533284794,6.969444444444444,1,1,0,0.039160625884661814,0.0
ETH,2026-02-12,1770314400,short,0.05074350485562107,6.959027777777777,1,1,0,0.03330705854219488,0.0
ETH,2026-02-12,1770336900,short,0.05922608824812259,6.698611111111111,0,0,0,0.0,0.0
ETH,2026-02-05,1769872500,short,0.061334105211309,5.073611111111111,1,1,0,-0.06489203808793179,0.0
ETH,2026-02-05,1769879700,long,0.06165475738307924,4.990277777777778,1,1,0,-0.009552317058372093,0.0
ETH,2026-02-05,1769987700,long,0.056417714428540267,3.740277777777778,2,0,1,-0.05025541405183767,0.0
ETH,2026-02-05,1770110100,long,0.05292074422231585,2.323611111111111,2,0,1,0.0037321893519111082,0.0
ETH,2026-02-05,1770002100,long,0.05967698660355758,3.573611111111111,1,1,0,-0.023195626224923185,0.0
ETH,2026-02-06,1770137100,long,0.053643824366639725,3.0111111111111115,2,0,1,-0.0007198494203574379,0.0
ETH,2026-02-06,1770149700,long,0.06478706381502852,2.8652777777777776,1,1,0,0.0002308404567781669,0.0
ETH,2026-02-06,1770189300,long,0.05585882554917809,2.4069444444444446,1,1,0,-0.016504097562981213,0.0
ETH,2026-02-07,1770201900,long,0.06284360660655319,3.261111111111111,1,1,0,0.013019817087918162,0.0
ETH,2026-02-08,1770149700,long,0.05738774173363659,4.865277777777778,1,1,0,0.0022712481040126423,0.0
ETH,2026-02-08,1770244200,long,0.05654448858980676,3.771527777777778,1,1,0,-0.015737881078039737,0.0
ETH,2026-02-08,1770159600,long,0.05379085864864708,4.750694444444445,0,0,0,0.0,0.0
ETH,2026-02-09,1770156900,long,0.05436617187956161,5.781944444444444,1,1,0,-0.011920757127752514,0.0
ETH,2026-02-09,1770305400,short,0.06316250643493726,4.063194444444444,0,0,0,0.0,0.0
ETH,2026-03-17,1773409500,short,0.05457286640266268,4.094444444444444,1,1,0,0.03190503876177614,1.0
ETH,2026-03-17,1773681300,long,0.055584650270306346,0.9486111111111111,2,0,1,0.6238030169297203,1.0
ETH,2026-03-18,1773631800,short,0.07301384212172035,2.521527777777778,1,1,0,0.017587554003283434,0.0
ETH,2026-03-20,1773833400,long,0.056559738580666874,2.1881944444444446,1,1,0,0.05365702403030065,0.0
ETH,2026-03-21,1773833400,long,0.06670528655428232,3.188194444444444,0,0,0,0.0,0.0
ETH,2026-03-22,1773824400,short,0.050705742434886236,4.292361111111111,0,0,0,0.0,0.0
ETH,2026-03-23,1773833400,long,0.05983615892687899,5.188194444444444,0,0,0,0.0,0.0
ETH,2026-03-23,1774264500,short,0.06416944838508554,0.1986111111111111,1,1,0,-0.021071001469718798,0.0
ETH,2026-03-24,1774264500,short,0.0902556807242737,1.198611111111111,1,1,0,-0.019952717452284663,0.0
ETH,2026-03-25,1774022400,long,0.053045930940713415,5.000694444444444,1,1,0,-0.008713781472767296,0.0
ETH,2026-03-26,1773978300,short,0.05387360874339331,6.511111111111111,0,0,0,0.0,0.0
ETH,2026-03-26,1774264500,long,0.05045046000714892,3.198611111111111,1,1,0,0.01176468755083207,0.0
ETH,2026-05-01,1777468500,long,0.05106741438334916,2.1152777777777776,1,1,0,-0.016967016310534377,1.0
ETH,2026-05-10,1778022000,short,0.05273126480766943,4.709027777777778,0,0,0,0.0,1.0
ETH,2026-05-10,1778109300,short,0.06671982494744144,3.698611111111111,1,1,0,-0.007112956835974502,1.0
ETH,2026-05-10,1778166900,long,0.06697309088341341,3.031944444444444,0,0,0,0.0,1.0
ETH,2026-05-10,1778273100,short,0.059336773245400654,1.8027777777777778,1,1,0,-0.006819084123958659,1.0
ETH,2026-05-10,1778156100,long,0.05988932365968602,3.156944444444444,1,1,0,-0.05451804511129063,1.0
ETH,2026-05-11,1778022000,short,0.05368509093158125,5.709027777777777,0,0,0,0.0,1.0
ETH,2026-05-11,1778109300,short,0.05103792815510333,4.698611111111111,0,0,0,0.0,1.0
ETH,2026-05-11,1778148000,long,0.0538595187101496,4.250694444444444,0,0,0,0.0,1.0
ETH,2026-05-11,1778250600,long,0.05832985474402652,3.0631944444444446,1,1,0,-0.012629852091411223,1.0
ETH,2026-05-11,1778445900,long,0.05088337600690673,0.8027777777777778,2,0,1,0.39925282345369684,1.0
ETH,2026-05-11,1778090400,short,0.06612505052578121,4.917361111111111,1,1,0,-0.06930164266953953,1.0
ETH,2026-05-12,1778018400,short,0.05091997172576879,6.750694444444444,0,0,0,0.0,0.0
ETH,2026-05-12,1778100300,long,0.06293748044604452,5.802777777777778,0,0,0,0.0,0.0
ETH,2026-05-12,1778166000,short,0.054843097392285656,5.042361111111111,0,0,0,0.0,0.0
ETH,2026-05-12,1778378400,long,0.050406241443127,2.5840277777777776,1,1,0,-0.016335694540984227,0.0
ETH,2026-05-12,1778077800,short,0.05953366098986723,6.063194444444444,1,1,0,-0.017843930614801037,0.0
ETH,2026-05-12,1778156100,long,0.054979420629760245,5.156944444444444,1,1,0,-0.02233449312179503,0.0
ETH,2026-05-13,1778153400,short,0.06377991075472628,6.188194444444444,0,0,0,0.0,0.0
ETH,2026-05-14,1778283900,long,0.11488632862020531,5.677777777777778,0,0,0,0.0,1.0
ETH,2026-05-14,1778589000,long,0.05515748876998838,2.146527777777778,1,1,0,-0.0037071629658036176,1.0
ETH,2026-05-02,1777516200,long,0.06873648787608877,2.5631944444444446,0,0,0,0.0,1.0
ETH,2026-05-02,1777644000,short,0.07805977920660867,1.0840277777777778,1,1,0,-0.006824873481051073,1.0
ETH,2026-05-02,1777653000,long,0.05629594381019065,0.9798611111111112,1,1,0,-0.021095944067906228,1.0
ETH,2026-05-03,1777516200,long,0.053737036509528435,3.5631944444444446,0,0,0,0.0,1.0
ETH,2026-05-03,1777570200,short,0.053841976935638414,2.9381944444444446,1,1,0,0.021256883351664244,1.0
ETH,2026-05-03,1777602600,long,0.0683126175325095,2.5631944444444446,0,0,0,0.0,1.0
ETH,2026-05-03,1777758300,short,0.05491442201229116,0.7611111111111111,1,1,0,0.04842186115056895,1.0
ETH,2026-05-04,1777465800,long,0.053014959756818136,5.146527777777778,0,0,0,0.0,1.0
ETH,2026-05-04,1777618800,short,0.054848135935123166,3.3756944444444446,1,1,0,-0.024276851574710483,1.0
ETH,2026-05-04,1777643100,long,0.05294271491560343,3.0944444444444446,1,1,0,0.00821181811440684,1.0
ETH,2026-05-04,1777860000,long,0.0673865248121388,0.5840277777777778,2,0,1,0.30723439696736865,1.0
ETH,2026-05-05,1777451400,short,0.05249794840648325,6.313194444444445,0,0,0,0.0,1.0
ETH,2026-05-05,1777453200,long,0.051175877690785354,6.29236111111111,0,0,0,0.0,1.0
ETH,2026-05-05,1777610700,short,0.06235222087322945,4.469444444444445,0,0,0,0.0,1.0
ETH,2026-05-05,1777638600,long,0.050138476139294674,4.146527777777777,0,0,0,0.0,1.0
ETH,2026-05-05,1777777200,long,0.06677966187721429,2.542361111111111,2,0,1,0.3707682828637262,1.0
ETH,2026-05-05,1777868100,long,0.06169737201243897,1.4902777777777778,2,0,1,0.5784748677976008,1.0
ETH,2026-05-06,1777698000,long,0.051351044977549165,4.459027777777777,0,0,0,0.0,1.0
ETH,2026-05-06,1777794300,long,0.05515632925905045,3.344444444444444,1,1,0,-0.010663245568520663,1.0
ETH,2026-05-06,1777889700,long,0.05901973158602969,2.2402777777777776,2,0,1,0.5636229715380567,1.0
ETH,2026-05-06,1777983300,long,0.055949959808666794,1.1569444444444443,2,0,1,0.4049599123615371,1.0
ETH,2026-05-07,1777639500,long,0.05120462442854801,6.136111111111111,2,0,1,-0.24156236034218176,0.0
ETH,2026-05-07,1777860000,short,0.07136829604953032,3.584027777777778,0,0,0,0.0,0.0
ETH,2026-05-07,1777889700,long,0.05954217947157758,3.2402777777777776,2,0,1,-0.30379181535679123,0.0
ETH,2026-05-07,1777983300,long,0.051317474760670834,2.156944444444444,0,0,0,0.0,0.0
ETH,2026-05-07,1778072400,short,0.07234433148898578,1.1256944444444443,1,1,0,-0.010779901946928683,0.0
ETH,2026-05-08,1778046300,long,0.05187045096291665,2.4277777777777776,1,1,0,-0.04296937890270813,0.0
ETH,2026-05-08,1778077800,short,0.06871023540547433,2.0631944444444446,1,1,0,-0.041357755469765375,0.0
ETH,2026-05-08,1778142600,long,0.059932283949413634,1.3131944444444443,1,1,0,0.02494920227033659,0.0
ETH,2026-05-08,1778076000,long,0.05201354305684047,2.084027777777778,0,0,0,0.0,0.0
ETH,2026-05-09,1778074200,short,0.07374122671948857,3.104861111111111,0,0,0,0.0,1.0
ETH,2026-05-09,1778101200,long,0.056400368789325084,2.792361111111111,0,0,0,0.0,1.0
ETH,2026-05-09,1778174100,short,0.05593764179364513,1.948611111111111,1,1,0,0.006377328394792067,1.0
ETH,2026-05-09,1778089500,short,0.06727100753970466,2.9277777777777776,0,0,0,0.0,1.0
ETH,2026-04-14,1775602800,short,0.07083538515705468,6.709027777777777,1,1,0,-0.0040158891157128715,0.0
ETH,2026-04-17,1776431700,long,0.08724488734312352,0.11527777777777777,2,0,1,0.04654812822171095,1.0
ETH,2026-04-18,1776449700,short,0.05708005662601856,0.9069444444444446,2,0,1,0.3861752828317154,0.0
ETH,2026-04-20,1776516300,short,0.056318075459649064,2.136111111111111,1,1,0,-0.009399154891829492,0.0
ETH,2026-04-21,1776434400,long,0.054965789085611005,4.084027777777778,1,1,0,-0.021098454385978745,0.0
ETH,2026-04-22,1776614400,short,0.06242228589408039,3.000694444444444,0,0,0,0.0,1.0
ETH,2026-04-22,1776699000,long,0.06390905057259788,2.0215277777777776,0,0,0,0.0,1.0
ETH,2026-04-22,1776500100,long,0.05111113199809436,4.323611111111111,1,1,0,-0.005487324233542923,1.0
ETH,2026-04-23,1776358800,long,0.06376685567355067,6.959027777777777,0,0,0,0.0,0.0
ETH,2026-04-23,1776358800,short,0.06623314432644911,6.959027777777777,1,1,0,-0.023681429894876725,0.0
ETH,2026-04-23,1776781800,short,0.050135840658846464,2.0631944444444446,1,1,0,0.016801880509070354,0.0
ETH,2026-04-23,1776699000,long,0.05663060702570499,3.0215277777777776,2,0,1,-0.1979875615185463,0.0
ETH,2026-04-24,1776870000,long,0.05243278988454381,2.042361111111111,1,1,0,-0.02039997787625926,0.0
ETH,2026-04-25,1776912300,long,0.05629436512431196,2.5527777777777776,0,0,0,0.0,0.0
ETH,2026-04-25,1776911400,long,0.060294224225793114,2.5631944444444446,0,0,0,0.0,0.0
ETH,2026-04-26,1776931200,short,0.061365270677022576,3.3340277777777776,0,0,0,0.0,0.0
ETH,2026-04-27,1776931200,short,0.05349599964860097,4.334027777777778,0,0,0,0.0,0.0
ETH,2026-04-27,1777000500,long,0.05186151302376496,3.5319444444444446,0,0,0,0.0,0.0
ETH,2026-04-27,1777087800,short,0.05255980717400399,2.521527777777778,0,0,0,0.0,0.0
ETH,2026-04-28,1776948300,long,0.1064883593600654,5.136111111111111,0,0,0,0.0,0.0
ETH,2026-04-28,1777191300,short,0.052046504221619494,2.323611111111111,0,0,0,0.0,0.0
ETH,2026-04-29,1777189500,short,0.05085210678453911,3.344444444444444,0,0,0,0.0,0.0
ETH,2026-02-01,1769871600,short,0.05018009743922569,1.0840277777777778,2,0,1,0.5893039200067354,0.0
ETH,2026-02-01,1769881500,long,0.07270660888227232,0.9694444444444444,2,0,1,-0.2024079251711483,0.0
ETH,2026-02-01,1769873400,short,0.0761136267195574,1.0631944444444446,2,0,1,0.9884356262157707,0.0
ETH,2026-02-01,1769879700,long,0.05689703525702261,0.9902777777777777,2,0,1,-0.20754257625938577,0.0
ETH,2026-02-11,1770228000,long,0.05192021848183748,6.959027777777777,0,0,0,0.0,0.0
ETH,2026-02-12,1770313500,long,0.051580605806846425,6.969444444444444,2,0,1,0.03258172856299888,0.0
ETH,2026-02-02,1769880600,long,0.06545795532515575,1.979861111111111,2,0,1,-0.19213520158950506,0.0
ETH,2026-02-02,1769914800,short,0.0531592268591462,1.5840277777777776,1,1,0,-0.032016738759656854,0.0
ETH,2026-02-02,1769870700,long,0.12046877773591635,2.0944444444444446,2,0,1,-0.5553777426140589,0.0
ETH,2026-02-05,1769879700,long,0.06476198054282523,4.990277777777778,2,0,1,-0.08752867135052192,0.0
ETH,2026-02-05,1769727600,short,0.05458077017493901,6.750694444444444,1,1,0,-0.009659763161715823,0.0
ETH,2026-02-05,1769959800,long,0.05129363018334154,4.063194444444444,2,0,1,0.13207394622981228,0.0
ETH,2026-02-06,1770153300,long,0.05622901895185217,2.823611111111111,1,1,0,-0.03635938475474251,0.0
ETH,2026-02-06,1770151500,long,0.0555464599678257,2.844444444444444,2,0,1,0.16431751362694552,0.0
ETH,2026-02-07,1770148800,long,0.05060723714679405,3.8756944444444446,1,1,0,0.0004976453159287186,0.0
ETH,2026-02-08,1770148800,long,0.05323684094294179,4.875694444444444,1,1,0,-0.009656692717678217,0.0
ETH,2026-02-09,1770148800,long,0.05396246994583498,5.875694444444444,1,1,0,0.02179319788618684,0.0
ETH,2026-03-26,1773978300,long,0.05271870784645305,6.511111111111111,0,0,0,0.0,0.0
ETH,2026-05-10,1778100300,long,0.06193910923916324,3.8027777777777776,0,0,0,0.0,0.0
ETH,2026-05-10,1778166900,short,0.06550659804365777,3.031944444444444,0,0,0,0.0,0.0
ETH,2026-05-11,1778100300,short,0.06703761106435091,4.802777777777778,0,0,0,0.0,0.0
ETH,2026-05-11,1778107500,long,0.05707912946565341,4.719444444444444,0,0,0,0.0,0.0
ETH,2026-05-11,1778058900,short,0.05134692845871902,5.281944444444444,0,0,0,0.0,0.0
ETH,2026-05-12,1778146200,short,0.06251587043941143,5.271527777777778,0,0,0,0.0,0.0
ETH,2026-05-12,1778152500,long,0.08403384905581968,5.198611111111111,1,1,0,0.02487700813014731,0.0
ETH,2026-05-12,1778018400,long,0.05158772716018767,6.750694444444444,0,0,0,0.0,0.0
ETH,2026-05-14,1778370300,short,0.05099603312977363,4.677777777777778,1,1,0,-0.022135895245535567,0.0
ETH,2026-05-04,1777651200,long,0.06304608358315855,3.000694444444444,1,1,0,0.0008157555280188019,0.0
ETH,2026-05-06,1777824000,short,0.09862884039677611,3.000694444444444,0,0,0,0.0,0.0
ETH,2026-05-06,1777959000,short,0.07172118350137047,1.4381944444444443,1,1,0,0.0155387518203778,0.0
ETH,2026-05-07,1777865400,short,0.08684750216837955,3.5215277777777776,1,1,0,-0.008085223655257157,0.0
ETH,2026-05-07,1777959000,short,0.059277294630873834,2.4381944444444446,1,1,0,-0.010088161438167178,0.0
ETH,2026-05-07,1778069700,short,0.05137389739426523,1.1569444444444443,1,1,0,0.020231875917499115,0.0
ETH,2026-05-08,1778072400,long,0.06626672587563043,2.1256944444444446,1,1,0,-0.008101485342394743,0.0
ETH,2026-05-08,1778100300,short,0.05052486016003055,1.8027777777777778,1,1,0,-0.00988490755442128,0.0
ETH,2026-05-09,1778076000,long,0.056483898631353835,3.0840277777777776,1,1,0,0.0020384045011861973,0.0
ETH,2026-05-09,1778087700,short,0.05670282587215214,2.948611111111111,0,0,0,0.0,0.0
ETH,2025-11-26,1763829000,short,0.052743074419832614,4.021527777777778,0,0,0,0.0,0.0
ETH,2025-11-26,1763764200,short,0.05486367150335125,4.771527777777777,0,0,0,0.0,0.0
ETH,2025-11-27,1763722800,long,0.05459265157299331,6.250694444444445,0,0,0,0.0,0.0
ETH,2025-11-27,1763802900,short,0.05417779862715566,5.323611111111111,1,1,0,-0.01373897598719846,0.0
ETH,2025-11-27,1763712000,long,0.05706748738626377,6.375694444444444,1,1,0,-0.006780387828313507,0.0
ETH,2026-04-17,1776182400,short,0.05427646249330942,3.000694444444444,1,1,0,0.03346442584151629,0.0
ETH,2025-12-02,1764603900,short,0.05683778491474456,1.0527777777777778,1,1,0,-0.015703458229158383,0.0
ETH,2025-12-21,1766091600,long,0.05550894582677213,2.834027777777778,1,1,0,0.027218181120187188,0.0
ETH,2025-12-23,1766025900,long,0.05115360440725425,5.594444444444444,0,0,0,0.0,0.0
ETH,2025-12-24,1766019600,short,0.05210375065463335,6.667361111111112,0,0,0,0.0,0.0
ETH,2025-12-24,1766036700,long,0.05092519141483143,6.469444444444444,0,0,0,0.0,0.0
ETH,2025-12-25,1766104200,short,0.05041442404881413,6.688194444444444,0,0,0,0.0,1.0
ETH,2025-12-03,1764563400,short,0.06076015857027195,2.521527777777778,0,0,0,0.0,0.0
ETH,2025-12-03,1764559800,short,0.05582962907880973,2.5631944444444446,0,0,0,0.0,0.0
ETH,2025-12-04,1764558900,short,0.05154627031686232,3.573611111111111,1,1,0,-0.019144180614777805,0.0
ETH,2026-02-01,1769797800,short,0.051231821811511424,1.9381944444444446,2,0,1,0.7782123413853194,0.0
ETH,2026-02-01,1769869800,long,0.10153334291050364,1.104861111111111,2,0,1,-0.23400129480233478,0.0
ETH,2026-02-01,1769903100,long,0.05201748134651041,0.7194444444444444,2,0,1,0.19305543586921287,0.0
ETH,2026-02-10,1770148800,long,0.05329101823650628,6.875694444444445,0,0,0,0.0,0.0
ETH,2026-02-02,1769869800,long,0.07320419096734976,2.104861111111111,2,0,1,-0.24849159978149693,0.0
ETH,2026-02-03,1769870700,long,0.05074245695399737,3.0944444444444446,2,0,1,-0.17106472719735843,0.0
ETH,2026-02-03,1769823900,short,0.058751729141262476,3.6361111111111115,1,1,0,-0.031736336429602205,0.0
ETH,2026-02-03,1769715000,long,0.0525705108364225,4.896527777777778,0,0,0,0.0,0.0
ETH,2026-02-04,1769737500,long,0.05005547656957354,5.636111111111111,0,0,0,0.0,0.0
ETH,2026-02-04,1769850900,short,0.06157723599895226,4.323611111111111,1,1,0,-0.03397714419800363,0.0
ETH,2026-02-04,1769921100,long,0.05906433360696983,3.511111111111111,1,1,0,-0.03223681990299325,0.0
ETH,2026-02-05,1769880600,long,0.07438500596832487,4.979861111111111,1,1,0,-0.024457120918597242,0.0
ETH,2026-02-08,1770153300,long,0.05691293573286793,4.823611111111111,1,1,0,-0.01627773766539159,0.0
ETH,2026-01-31,1769737500,short,0.08095027589155213,1.636111111111111,2,0,1,0.3658197539883324,0.0
ETH,2026-01-31,1769869800,long,0.13078293040863498,0.10486111111111111,1,0,0,-0.46579821167477814,0.0
ETH,2026-03-24,1773833400,long,0.06725795302597093,6.188194444444444,0,0,0,0.0,0.0
ETH,2026-05-10,1778058000,short,0.050192187362247176,4.292361111111111,1,1,0,-0.030774206950531312,0.0
ETH,2026-05-13,1778088600,long,0.09533327327335983,6.938194444444445,1,1,0,-0.08860249163013845,0.0
ETH,2026-05-07,1778014800,long,0.06688312369602245,1.792361111111111,1,1,0,-0.008331844142193852,0.0
ETH,2025-11-26,1763799300,short,0.07432338610863976,4.365277777777778,1,1,0,-0.008356062815312773,0.0
ETH,2025-11-26,1763901000,short,0.054854628064424205,3.188194444444444,2,0,1,0.051579222776602436,0.0
ETH,2025-11-26,1763781300,long,0.057181447331942525,4.573611111111111,1,1,0,-0.018931042501392603,0.0
ETH,2025-11-26,1763654400,short,0.05299605311776967,6.042361111111112,1,1,0,-0.02464763333645817,0.0
ETH,2025-11-26,1763783100,long,0.05517915530560691,4.552777777777778,1,1,0,-0.02799984513037743,0.0
ETH,2026-04-21,1776437100,short,0.05606347092745201,4.052777777777778,0,0,0,0.0,0.0
ETH,2025-12-01,1764133200,short,0.05212443845986592,5.500694444444444,0,0,0,0.0,0.0
ETH,2025-12-19,1766078100,short,0.059922641290236944,0.9902777777777777,2,0,1,0.023846446323067108,0.0
ETH,2025-12-19,1766091600,long,0.051439418864687614,0.8340277777777777,2,0,1,0.2474493975266856,0.0
ETH,2025-12-02,1764549000,short,0.05214254695213161,1.6881944444444443,1,1,0,-0.019713388842053634,0.0
ETH,2025-12-20,1766019600,short,0.06591327167388406,2.667361111111111,0,0,0,0.0,0.0
ETH,2025-12-20,1766091600,long,0.05661441417126034,1.8340277777777778,1,1,0,0.039237328689057646,0.0
ETH,2025-12-20,1766010600,short,0.05072782919605394,2.771527777777778,0,0,0,0.0,1.0
ETH,2025-12-21,1765929600,long,0.05116727614057748,4.709027777777778,0,0,0,0.0,0.0
ETH,2025-12-21,1766019600,short,0.0931525452260733,3.667361111111111,0,0,0,0.0,0.0
ETH,2025-12-22,1766019600,short,0.09631248305265483,4.667361111111111,0,0,0,0.0,0.0
ETH,2025-12-22,1766044800,short,0.05391618161010961,4.375694444444444,0,0,0,0.0,1.0
ETH,2025-12-23,1766025900,short,0.07149240434143478,5.594444444444444,0,0,0,0.0,0.0
ETH,2025-12-24,1766034000,short,0.08297529050257113,6.500694444444444,0,0,0,0.0,0.0
ETH,2025-12-24,1766034000,long,0.05702470949742855,6.500694444444444,1,1,0,-0.023696862588044865,0.0
ETH,2025-12-24,1766019600,short,0.05678654732111088,6.667361111111112,0,0,0,0.0,1.0
ETH,2025-12-03,1764549000,short,0.057253077840240585,2.688194444444444,1,1,0,0.0017779577629186971,0.0
ETH,2025-12-03,1764603900,long,0.08075992508196572,2.0527777777777776,1,1,0,0.017197120180501707,0.0
ETH,2025-12-04,1764548100,short,0.05751593837900204,3.698611111111111,1,1,0,-0.01356333417351556,0.0
ETH,2025-12-04,1764685800,short,0.05152763874463251,2.104861111111111,1,1,0,0.07988208221391349,0.0
ETH,2025-12-08,1764712800,short,0.05027434257723651,5.792361111111111,0,0,0,0.0,0.0
ETH,2025-12-08,1764726300,long,0.05115151685535313,5.636111111111111,0,0,0,0.0,0.0
ETH,2026-02-01,1769792400,short,0.056821843530480254,2.000694444444444,2,0,1,1.1388875323651066,0.0
ETH,2026-02-01,1769849100,long,0.051777102428947286,1.3444444444444446,1,1,0,-0.013498450599447466,0.0
ETH,2026-02-02,1769792400,short,0.06200235369658447,3.000694444444444,2,0,1,0.7153175057308463,0.0
ETH,2026-02-02,1769789700,short,0.054532035493911946,3.031944444444444,2,0,1,0.9801981394561169,0.0
ETH,2026-02-03,1769761800,short,0.05490122483131965,4.354861111111111,1,1,0,-0.03511776902801493,0.0
ETH,2026-02-04,1769870700,long,0.05011071453428961,4.094444444444444,2,0,1,0.07098443392579268,0.0
ETH,2026-02-04,1769793300,short,0.0531968528964738,4.990277777777778,2,0,1,0.6795383732935671,0.0
ETH,2026-02-05,1769880600,long,0.05811870157451282,4.979861111111111,1,1,0,-0.032422001516530546,0.0
ETH,2026-01-01,1766738700,long,0.05474237073245247,6.344444444444444,0,0,0,0.0,0.0
ETH,2026-01-02,1767089700,long,0.05322449862046019,3.2819444444444446,0,0,0,0.0,0.0
ETH,2026-01-27,1769368500,short,0.05984978981095246,1.9069444444444443,1,1,0,-0.015427407623109998,0.0
ETH,2026-01-27,1768953600,short,0.06703476150938448,6.709027777777777,1,1,0,0.01681952723609472,0.0
ETH,2026-01-28,1769017500,short,0.06725220914642638,6.969444444444444,1,1,0,0.08914424873280581,0.0
ETH,2026-01-28,1769379300,short,0.05129975743515591,2.7819444444444446,1,1,0,-0.03512503215199335,0.0
ETH,2026-01-30,1769711400,short,0.07430959645742663,0.9381944444444443,2,0,1,0.2953757749626791,0.0
ETH,2026-01-30,1769755500,long,0.09480194899979133,0.4277777777777778,1,1,0,-0.04703812867947717,0.0
ETH,2026-01-30,1769737500,long,0.14151081095538443,0.6361111111111112,1,1,0,0.01718064331575994,1.0
ETH,2026-01-31,1769711400,short,0.06451233118557442,1.9381944444444446,2,0,1,0.5509472052002967,0.0
ETH,2026-01-31,1769737500,long,0.060236741003923955,1.636111111111111,2,0,1,-0.5526312327712128,0.0
ETH,2026-01-31,1769850900,long,0.05966727814003203,0.3236111111111111,2,0,1,-0.4992212440291981,0.0
ETH,2026-01-31,1769748300,short,0.07077232692540475,1.511111111111111,1,1,0,-0.045878107911840396,0.0
ETH,2025-11-23,1763740800,short,0.06207014654648291,2.042361111111111,0,0,0,0.0,0.0
ETH,2025-11-23,1763598600,long,0.06436905785297165,3.6881944444444446,0,0,0,0.0,0.0
ETH,2025-11-24,1763506800,long,0.06187569200258625,5.750694444444444,0,0,0,0.0,0.0
ETH,2025-11-24,1763694000,long,0.053420018151531634,3.584027777777778,1,1,0,-0.024255165337227772,0.0
ETH,2025-11-24,1763733600,short,0.05038007124385824,3.1256944444444446,1,1,0,-0.04724249775044252,1.0
ETH,2025-11-26,1763711100,long,0.05045990206299411,5.386111111111111,0,0,0,0.0,0.0
ETH,2025-11-26,1763811900,short,0.05477900411638714,4.219444444444444,0,0,0,0.0,0.0
ETH,2025-11-27,1763722800,long,0.054053581252008875,6.250694444444445,0,0,0,0.0,0.0
ETH,2025-11-27,1763766900,short,0.05261609730124417,5.740277777777777,1,1,0,-0.031355049471982116,0.0
ETH,2025-11-27,1763749800,long,0.057230415435062465,5.938194444444445,0,0,0,0.0,0.0
ETH,2025-11-27,1763782200,short,0.06347116921341323,5.563194444444444,0,0,0,0.0,1.0
ETH,2025-12-01,1764549900,short,0.055066709626850785,0.6777777777777778,2,0,1,-0.5319923030325187,1.0
ETH,2025-12-01,1764567900,long,0.05777013725148539,0.4694444444444444,2,0,1,0.49863043125726,1.0
ETH,2025-12-01,1764315900,long,0.05705585186175188,3.386111111111111,1,1,0,-0.0076155132604926665,1.0
ETH,2025-12-01,1764594900,long,0.13176244913211166,0.15694444444444444,2,0,1,0.015401719709941641,1.0
ETH,2025-12-10,1764828000,long,0.05937593382253348,6.459027777777778,0,0,0,0.0,0.0
ETH,2025-12-11,1765117800,short,0.05107479659824721,4.104861111111111,1,1,0,0.12566927241195852,0.0
ETH,2025-12-18,1765592100,long,0.05135013330556948,5.615277777777778,0,0,0,0.0,0.0
ETH,2025-12-18,1765810800,short,0.05079594326765413,3.0840277777777776,0,0,0,0.0,0.0
ETH,2025-12-18,1766019600,short,0.06027555574377086,0.6673611111111111,2,0,1,0.012320945867786814,0.0
ETH,2025-12-18,1766031300,long,0.054118888163182,0.5319444444444444,2,0,1,0.16804859537680072,0.0
ETH,2025-12-18,1765558800,long,0.05019485172531346,6.000694444444445,0,0,0,0.0,0.0
ETH,2025-12-18,1765558800,short,0.08580514827468644,6.000694444444445,0,0,0,0.0,0.0
ETH,2025-12-18,1765998900,long,0.06243559106097418,0.9069444444444446,1,1,0,0.017988535690423788,0.0
ETH,2025-12-18,1765559700,short,0.10925478817834004,5.990277777777778,0,0,0,0.0,1.0
ETH,2025-12-19,1765886400,short,0.051721712369463324,3.2090277777777776,2,0,1,0.13457213390505232,0.0
ETH,2025-12-19,1766029500,long,0.051463897675875225,1.5527777777777778,1,1,0,0.0026430296585901215,0.0
ETH,2025-12-19,1766078100,short,0.0655530016202992,0.9902777777777777,2,0,1,0.09693623154496242,0.0
ETH,2025-12-02,1764133200,long,0.05054060094623747,6.500694444444444,0,0,0,0.0,0.0
ETH,2025-12-02,1764206100,short,0.05026203945939178,5.656944444444444,0,0,0,0.0,0.0
ETH,2025-12-02,1764603900,long,0.06882923483067471,1.0527777777777778,1,1,0,0.023949071640946763,0.0
ETH,2025-12-02,1764638100,short,0.051695132737051286,0.6569444444444444,2,0,1,-0.12286724401056348,0.0
ETH,2025-12-02,1764620100,long,0.050552083585742924,0.8652777777777777,2,0,1,-1.052160012793985,0.0
ETH,2025-12-20,1766024100,short,0.05250837897859684,2.615277777777778,0,0,0,0.0,0.0
ETH,2025-12-21,1765929600,short,0.07002474976633577,4.709027777777778,0,0,0,0.0,0.0
ETH,2025-12-21,1766019600,short,0.06973905487568222,3.667361111111111,0,0,0,0.0,0.0
ETH,2025-12-21,1766031300,long,0.05256317372426578,3.5319444444444446,0,0,0,0.0,0.0
ETH,2025-12-21,1766122200,short,0.055403489296793396,2.479861111111111,0,0,0,0.0,0.0
ETH,2025-12-22,1766019600,long,0.05395796918572637,4.667361111111111,1,1,0,-0.03394374336564132,0.0
ETH,2025-12-22,1766024100,short,0.05599150103960249,4.615277777777777,0,0,0,0.0,0.0
ETH,2025-12-23,1765992600,short,0.057758715176879694,5.97986111111111,0,0,0,0.0,0.0
ETH,2025-12-23,1766019600,long,0.05078760360081325,5.667361111111111,0,0,0,0.0,0.0
ETH,2025-12-23,1766207700,short,0.05027590773930035,3.4902777777777776,1,1,0,-0.014567466129523997,0.0
ETH,2025-12-24,1766205900,short,0.052356397320944326,4.511111111111111,0,0,0,0.0,0.0
ETH,2025-12-25,1766215800,short,0.053858538883559515,5.396527777777777,0,0,0,0.0,0.0
ETH,2025-12-29,1766650500,short,0.060587081349549265,4.365277777777778,0,0,0,0.0,0.0
ETH,2025-12-03,1764492300,short,0.05338478176514028,3.344444444444444,0,0,0,0.0,0.0
ETH,2025-12-03,1764551700,long,0.10058868280780864,2.6569444444444446,2,0,1,-0.5360879871943094,0.0
ETH,2025-12-30,1766523600,short,0.05671224241728856,6.834027777777778,0,0,0,0.0,0.0
ETH,2025-12-30,1766610900,short,0.08257057647206667,5.823611111111111,0,0,0,0.0,0.0
ETH,2025-12-30,1766761200,short,0.05750831089812014,4.084027777777778,0,0,0,0.0,0.0
ETH,2025-12-30,1766813400,long,0.053083955599781296,3.4798611111111115,1,1,0,0.01139398116283001,0.0
ETH,2025-12-08,1764860400,long,0.0581526433863333,4.084027777777778,0,0,0,0.0,0.0
ETH,2025-12-08,1764737100,short,0.07744950390642658,5.511111111111111,0,0,0,0.0,0.0
ETH,2025-12-08,1765129500,long,0.06165858900039045,0.9694444444444444,1,1,0,-0.0765849762604595,0.0
ETH,2025-12-09,1765117800,short,0.05971629964124625,2.104861111111111,2,0,1,-0.15675213087610673,0.0
ETH,2026-02-01,1769733000,short,0.05562216467234504,2.688194444444444,1,1,0,0.014984264758847149,0.0
ETH,2026-02-01,1769796900,long,0.08224624465100039,1.948611111111111,2,0,1,0.4475168635489177,0.0
ETH,2026-02-02,1769711400,short,0.055205844874550714,3.938194444444444,2,0,1,0.5759163116943499,0.0
ETH,2026-02-02,1769797800,long,0.06033220644810977,2.9381944444444446,1,1,0,-0.005311833678135085,0.0
ETH,2026-02-03,1769544000,short,0.059057963328114194,6.875694444444445,1,1,0,-0.016294954827417017,0.0
ETH,2026-02-03,1769857200,long,0.05263579889190728,3.2506944444444446,1,1,0,0.1153233460878838,0.0
ETH,2026-02-03,1769827500,long,0.05170503747250477,3.5944444444444446,1,1,0,-0.026770599287739394,0.0
ETH,2026-02-04,1769711400,short,0.05176984143954333,5.938194444444445,1,1,0,-0.05617179600726338,0.0
ETH,2026-02-04,1769781600,long,0.057756726735414654,5.125694444444444,1,1,0,-0.047360762573300914,0.0
ETH,2026-02-05,1769871600,short,0.061067054559050815,5.084027777777777,2,0,1,-0.1212229968044789,0.0
ETH,2026-01-01,1766795400,short,0.06237643279822069,5.688194444444445,0,0,0,0.0,0.0
ETH,2026-01-01,1767083400,long,0.058030512930752565,2.354861111111111,0,0,0,0.0,0.0
ETH,2026-01-01,1766968200,short,0.07380412479117304,3.6881944444444446,1,1,0,0.0467075485453588,0.0
ETH,2026-01-01,1766748600,short,0.07719766634856484,6.229861111111111,0,0,0,0.0,1.0
ETH,2026-01-01,1766996100,long,0.06758580799427372,3.3652777777777776,0,0,0,0.0,1.0
ETH,2026-01-01,1766746800,short,0.051095841935513225,6.250694444444445,0,0,0,0.0,1.0
ETH,2026-01-01,1766995200,long,0.05592107199225138,3.3756944444444446,0,0,0,0.0,1.0
ETH,2026-01-01,1766724300,short,0.059387001258278144,6.511111111111111,0,0,0,0.0,1.0
ETH,2026-01-26,1768961700,short,0.05111733141543684,5.615277777777778,1,1,0,-0.024078284986774112,0.0
ETH,2026-01-26,1769096700,long,0.052509521260492686,4.052777777777778,0,0,0,0.0,0.0
ETH,2026-01-26,1769371200,long,0.07579266192659828,0.8756944444444444,2,0,1,-0.6082967213511086,0.0
ETH,2026-01-27,1768939200,short,0.05447249119304809,6.875694444444445,1,1,0,-0.04255243894836992,0.0
ETH,2026-01-27,1768982400,long,0.06337588003375094,6.375694444444444,0,0,0,0.0,1.0
ETH,2026-01-28,1769017500,short,0.0608398555411902,6.969444444444444,1,1,0,0.06756652667194767,0.0
ETH,2026-01-28,1769132700,long,0.05324957555772669,5.636111111111111,0,0,0,0.0,0.0
ETH,2026-01-28,1769279400,short,0.054883679716222544,3.938194444444444,0,0,0,0.0,0.0
ETH,2026-01-28,1769357700,short,0.05608908493670672,3.031944444444444,2,0,1,0.27322470234465435,0.0
ETH,2026-01-29,1769274900,short,0.0530641122252099,4.990277777777778,0,0,0,0.0,0.0
ETH,2026-01-29,1769333400,short,0.05212895200728074,4.313194444444445,1,1,0,-0.017724747216128673,1.0
ETH,2026-01-29,1769127300,short,0.10298417718751365,6.698611111111111,1,1,0,-0.0035635232986861234,1.0
ETH,2026-01-30,1769699700,long,0.06677954246740558,1.073611111111111,2,0,1,0.5316263512490647,1.0
ETH,2026-01-30,1769711400,short,0.054007493778275184,0.9381944444444443,2,0,1,-0.394092652181921,1.0
ETH,2026-01-30,1769735700,long,0.06579074623920889,0.6569444444444444,1,1,0,-0.03194979806778808,1.0
ETH,2026-01-31,1769699700,long,0.06377509141000748,2.073611111111111,2,0,1,-0.7225698588232565,0.0
ETH,2026-01-31,1769708700,short,0.05473773309752494,1.9694444444444443,1,1,0,-0.01436119813146923,0.0
ETH,2026-01-31,1769797800,long,0.06120236066658302,0.9381944444444443,2,0,1,0.4566337988912109,0.0
ETH,2026-01-04,1767144600,long,0.05355486480141192,4.646527777777778,0,0,0,0.0,0.0
ETH,2026-01-06,1767183300,long,0.057391157152170136,6.198611111111111,0,0,0,0.0,0.0
ETH,2026-05-13,1778088600,long,0.05436732155358204,6.938194444444445,1,1,0,-0.009739543304520868,0.0
ETH,2026-05-13,1778088600,short,0.06563267844641785,6.938194444444445,1,1,0,-0.010617823720347806,0.0
ETH,2025-11-21,1763655300,short,0.05104776123793109,1.0319444444444446,2,0,1,-0.6464490311503165,1.0
ETH,2025-11-21,1763658900,long,0.056723005077703226,0.9902777777777777,2,0,1,0.7419157235909714,1.0
ETH,2025-11-21,1763706600,long,0.055331914275994265,0.43819444444444444,2,0,1,0.34147024617794386,1.0
ETH,2025-11-22,1763593200,short,0.0576227237525877,2.7506944444444446,1,1,0,0.03272561242548093,1.0
ETH,2025-11-22,1763711100,long,0.0655250528326452,1.386111111111111,2,0,1,0.8004137557825781,1.0
ETH,2025-11-22,1763737200,short,0.06672234986339587,1.0840277777777778,2,0,1,-0.6691288118445753,1.0
ETH,2025-11-22,1763822700,long,0.0646259630806123,0.09444444444444444,2,0,1,0.06909052842439717,1.0
ETH,2025-11-22,1763587800,short,0.054105684455959424,2.8131944444444446,1,1,0,0.026655785736561972,1.0
ETH,2025-11-23,1763522100,long,0.0512086412863022,4.573611111111111,0,0,0,0.0,0.0
ETH,2025-11-23,1763694000,long,0.05134766995519091,2.5840277777777776,0,0,0,0.0,0.0
ETH,2025-11-23,1763698500,short,0.05770646957069925,2.531944444444444,1,1,0,-0.008092227619000511,0.0
ETH,2025-11-23,1763847000,short,0.05638331374731287,0.8131944444444444,1,1,0,-0.009620493264856367,0.0
ETH,2025-11-23,1763658900,long,0.0894896512673915,2.990277777777778,2,0,1,0.655235089119843,1.0
ETH,2025-11-23,1763744400,short,0.05623091541186387,2.000694444444444,2,0,1,-0.48796927094698295,1.0
ETH,2025-11-23,1763869500,short,0.07472117850498006,0.5527777777777778,2,0,1,-0.12823920178904238,1.0
ETH,2025-11-24,1763625600,long,0.16475346992671513,4.375694444444444,0,0,0,0.0,0.0
ETH,2025-11-24,1763722800,long,0.05683011426558271,3.2506944444444446,1,1,0,0.030726342655317332,0.0
ETH,2025-11-24,1763994600,long,0.13356585606283966,0.10486111111111111,2,0,1,0.24839137728047278,0.0
ETH,2025-11-25,1763794800,short,0.06248798620714402,3.417361111111111,1,1,0,0.013280455105602856,0.0
ETH,2025-11-25,1763650800,short,0.05098440109100588,5.084027777777777,1,1,0,-0.03934445232420214,0.0
ETH,2025-11-26,1763740800,long,0.050610888670042486,5.042361111111111,1,1,0,-0.017692271356568964,0.0
ETH,2025-11-26,1763852400,short,0.051832919080715634,3.7506944444444446,0,0,0,0.0,0.0
ETH,2025-11-27,1763708400,short,0.055526128863927826,6.417361111111111,0,0,0,0.0,0.0
ETH,2025-11-27,1763712000,long,0.05363495885603986,6.375694444444444,0,0,0,0.0,0.0
ETH,2025-11-27,1763813700,short,0.057126672084367724,5.198611111111111,0,0,0,0.0,0.0
ETH,2025-11-27,1764076500,short,0.053336661687796494,2.156944444444444,2,0,1,0.25630906673732723,0.0
ETH,2025-11-27,1764081000,short,0.05046258901505629,2.104861111111111,2,0,1,0.5642191281685467,0.0
ETH,2025-11-28,1764098100,short,0.0719443882773767,2.9069444444444446,1,1,0,0.03566952646608921,0.0
ETH,2025-12-01,1764208800,long,0.0548432400522012,4.625694444444445,1,1,0,-0.02163554026176319,0.0
ETH,2025-12-01,1764549900,long,0.08561825711316962,0.6777777777777778,2,0,1,-0.4103397764872026,0.0
ETH,2025-12-10,1764815400,long,0.05148498527203604,6.60486111111111,0,0,0,0.0,0.0
ETH,2025-12-10,1764828000,short,0.07291466404220759,6.459027777777778,0,0,0,0.0,0.0
ETH,2025-12-10,1764796500,short,0.053230028550695696,6.823611111111111,0,0,0,0.0,1.0
ETH,2025-12-11,1765008900,short,0.05073139954309924,5.365277777777778,0,0,0,0.0,0.0
ETH,2025-12-11,1765119600,short,0.051816832835521964,4.084027777777778,1,1,0,0.055875654242308004,0.0
ETH,2025-12-18,1765879200,long,0.05009910573316345,2.292361111111111,1,1,0,-0.020103401298556842,0.0
ETH,2025-12-18,1765891800,short,0.05091851825631222,2.146527777777778,1,1,0,0.011737631723887407,0.0
ETH,2025-12-18,1765989900,long,0.05502859637580926,1.011111111111111,2,0,1,-0.3072517757363239,0.0
ETH,2025-12-18,1766033100,short,0.050896628281153156,0.5111111111111111,2,0,1,0.627577812426569,0.0
ETH,2025-12-18,1765876500,short,0.05426910080809233,2.323611111111111,2,0,1,-0.4822031077989848,1.0
ETH,2025-12-18,1766060100,long,0.051445154141766425,0.1986111111111111,2,0,1,-0.1700181200307651,1.0
ETH,2025-12-19,1765879200,long,0.05158409129449937,3.2923611111111106,0,0,0,0.0,0.0
ETH,2025-12-19,1765982700,short,0.05217700235228939,2.0944444444444446,2,0,1,0.2498534424576172,0.0
ETH,2025-12-19,1765988100,long,0.07417352580925729,2.0319444444444446,1,1,0,-0.01519560365241554,0.0
ETH,2025-12-19,1766078100,long,0.07664167064711247,0.9902777777777777,2,0,1,-0.2638123875225244,0.0
ETH,2025-12-19,1766154600,short,0.05474682303872047,0.10486111111111111,2,0,1,0.09162424989373122,0.0
ETH,2025-12-02,1764172800,short,0.061863380932490886,6.042361111111112,0,0,0,0.0,0.0
ETH,2025-12-02,1764209700,long,0.0661011565893237,5.615277777777778,1,1,0,-0.026622240343591248,0.0
ETH,2025-12-02,1764340200,short,0.053298406811602694,4.104861111111111,1,1,0,-0.022085913883309664,0.0
ETH,2025-12-02,1764466200,long,0.05218589751538616,2.6465277777777776,0,0,0,0.0,0.0
ETH,2025-12-02,1764557100,long,0.0595905587136385,1.5944444444444443,1,1,0,-0.012233998431919753,0.0
ETH,2025-12-02,1764647100,long,0.051451564514917614,0.5527777777777778,2,0,1,-0.9576858274219773,0.0
ETH,2025-12-02,1764648000,short,0.05011164764128395,0.5423611111111111,2,0,1,1.1091099784850325,0.0
ETH,2025-12-02,1764602100,long,0.06992708593207175,1.073611111111111,1,1,0,0.029131229679998705,0.0
ETH,2025-12-02,1764250200,long,0.05445995538892179,5.146527777777778,0,0,0,0.0,1.0
ETH,2025-12-20,1766034000,short,0.05394532171363542,2.5006944444444446,0,0,0,0.0,0.0
ETH,2025-12-20,1766087100,long,0.050328002632867186,1.8861111111111113,1,1,0,-0.023235881183575946,0.0
ETH,2025-12-21,1766019600,short,0.05195755202890451,3.667361111111111,0,0,0,0.0,0.0
ETH,2025-12-21,1766122200,long,0.05746551966489255,2.479861111111111,0,0,0,0.0,0.0
ETH,2025-12-21,1766122200,short,0.052534480335107436,2.479861111111111,1,1,0,-0.003935997470231614,0.0
ETH,2025-12-22,1766025900,short,0.052935900507097955,4.594444444444445,0,0,0,0.0,0.0
ETH,2025-12-22,1766198700,short,0.051450895023981924,2.5944444444444446,0,0,0,0.0,0.0
ETH,2025-12-22,1766210400,long,0.05007534711967132,2.459027777777778,0,0,0,0.0,0.0
ETH,2025-12-23,1766198700,short,0.055433368609761335,3.5944444444444446,1,1,0,-0.020989880157815832,0.0
ETH,2025-12-23,1766502900,long,0.07142513601047207,0.07361111111111111,1,0,0,0.3135369241915221,0.0
ETH,2025-12-23,1766201400,short,0.06678562365722496,3.5631944444444446,0,0,0,0.0,1.0
ETH,2025-12-23,1766497500,long,0.09093335843475936,0.1361111111111111,2,0,1,0.19667210102753593,1.0
ETH,2025-12-24,1766200500,short,0.07528940981845311,4.573611111111111,1,1,0,-0.04972970854354376,0.0
ETH,2025-12-24,1766034000,short,0.06256350799398624,6.500694444444444,1,1,0,-0.023696862588044865,1.0
ETH,2025-12-25,1766155500,short,0.05377925963890673,6.094444444444444,1,1,0,-0.03586152134875742,0.0
ETH,2025-12-25,1766452500,short,0.051605498075317224,2.6569444444444446,0,0,0,0.0,1.0
ETH,2025-12-26,1766715300,long,0.06650850096425565,0.6152777777777777,2,0,1,-0.2534650234227858,0.0
ETH,2025-12-26,1766672100,long,0.060775503446871104,1.1152777777777778,1,1,0,-0.02052975579455099,1.0
ETH,2025-12-27,1766534400,short,0.05823379983494603,3.7090277777777776,1,1,0,-0.0059612533431465595,0.0
ETH,2025-12-27,1766715300,long,0.05624564940369048,1.6152777777777778,1,1,0,0.06495767620351084,0.0
ETH,2025-12-27,1766761200,short,0.11364806015851903,1.0840277777777778,1,1,0,-0.03589753981213837,0.0
ETH,2025-12-28,1766544300,short,0.05067088819433885,4.594444444444445,0,0,0,0.0,0.0
ETH,2025-12-28,1766651400,short,0.05606427900900168,3.354861111111111,1,1,0,-0.02764253461557384,0.0
ETH,2025-12-28,1766761200,short,0.06648084072348792,2.084027777777778,1,1,0,-0.06639310983460131,0.0
ETH,2025-12-29,1766694600,short,0.05217555203029112,3.854861111111111,1,1,0,-0.0411313044775464,0.0
ETH,2025-12-03,1764489600,long,0.052757681058228645,3.3756944444444446,0,0,0,0.0,0.0
ETH,2025-12-03,1764601200,long,0.0613454678588532,2.084027777777778,1,1,0,-0.02992170556441448,0.0
ETH,2025-12-30,1766522700,short,0.07635545192125759,6.844444444444445,1,1,0,0.0040399749340470515,0.0
ETH,2025-12-30,1766525400,long,0.059028799683211286,6.813194444444444,0,0,0,0.0,0.0
ETH,2025-12-04,1764340200,short,0.06278049668125141,6.104861111111111,1,1,0,-0.013009129020698736,0.0
ETH,2025-12-04,1764340200,long,0.05721950331874859,6.104861111111111,1,1,0,0.016209129020698747,0.0
ETH,2025-12-04,1764548100,long,0.05177680566197962,3.698611111111111,1,1,0,-0.01390535495825776,0.0
ETH,2025-12-04,1764550800,long,0.05981420711930596,3.667361111111111,0,0,0,0.0,0.0
ETH,2025-12-04,1764320400,long,0.06737367914423653,6.334027777777777,0,0,0,0.0,0.0
ETH,2025-12-04,1764320400,short,0.07262632085576337,6.334027777777777,0,0,0,0.0,0.0
ETH,2025-12-06,1764760500,short,0.05221561009285136,3.2402777777777776,1,1,0,-0.020638183092255256,0.0
ETH,2025-12-08,1764828000,long,0.0576432164780456,4.459027777777777,0,0,0,0.0,0.0
ETH,2025-12-08,1765143900,long,0.05530306071574431,0.8027777777777778,2,0,1,-0.09583041614154318,0.0
ETH,2025-12-09,1764773100,short,0.058314267397817754,6.094444444444444,0,0,0,0.0,0.0
ETH,2025-12-09,1764774900,long,0.05739792321193793,6.073611111111111,0,0,0,0.0,0.0
ETH,2025-12-09,1765065600,short,0.05654681116696758,2.7090277777777776,0,0,0,0.0,0.0
ETH,2025-12-09,1765094400,long,0.051168521344382434,2.3756944444444446,2,0,1,0.14485380894817762,0.0
ETH,2026-02-01,1769666400,short,0.05556674260584987,3.459027777777778,1,1,0,-0.03117009693010986,0.0
ETH,2026-02-02,1769711400,long,0.06934046817497919,3.938194444444444,1,1,0,0.05393721391385182,0.0
ETH,2026-02-03,1769551200,short,0.05044703587382826,6.792361111111111,0,0,0,0.0,0.0
ETH,2026-02-03,1769711400,long,0.057064187255997156,4.938194444444445,0,0,0,0.0,0.0
ETH,2026-02-04,1769699700,long,0.061516777856907456,6.073611111111111,1,1,0,-0.06192476915882025,0.0
ETH,2026-02-04,1769761800,long,0.050329564356026646,5.354861111111111,1,1,0,-0.007015360568241603,0.0
ETH,2026-01-01,1766805300,short,0.05657984260003035,5.573611111111111,1,1,0,-0.0329330709519592,0.0
ETH,2026-01-01,1766823300,long,0.06688949716220849,5.365277777777778,0,0,0,0.0,0.0
ETH,2026-01-01,1766985300,short,0.050482331014702675,3.4902777777777776,0,0,0,0.0,0.0
ETH,2026-01-01,1767005100,long,0.050651040754405185,3.261111111111111,0,0,0,0.0,0.0
ETH,2026-01-01,1767071700,short,0.05594426484469184,2.4902777777777776,0,0,0,0.0,0.0
ETH,2026-01-01,1766882700,long,0.060948501083653905,4.677777777777778,0,0,0,0.0,1.0
ETH,2026-01-01,1766979000,short,0.051736538272368904,3.5631944444444446,1,1,0,0.002318870468931966,1.0
ETH,2026-01-01,1767014100,long,0.05385361106134301,3.156944444444444,0,0,0,0.0,1.0
ETH,2026-01-12,1767859200,long,0.0751266532697834,4.375694444444444,0,0,0,0.0,1.0
ETH,2026-01-02,1767147300,long,0.05436098543205592,2.615277777777778,0,0,0,0.0,0.0
ETH,2026-01-02,1767110400,long,0.05120779262187858,3.042361111111111,1,1,0,0.01784246158037248,0.0
ETH,2026-01-22,1768964400,short,0.05025314814106985,1.5840277777777776,1,1,0,0.004339442174311554,0.0
ETH,2026-01-22,1769013900,long,0.08654682158293214,1.011111111111111,2,0,1,-0.21591849488535816,0.0
ETH,2026-01-23,1768980600,short,0.05075511425500534,2.3965277777777776,1,1,0,-0.021331830353228002,0.0
ETH,2026-01-23,1769005800,long,0.05951435315080511,2.104861111111111,2,0,1,-0.11975658453842129,0.0
ETH,2026-01-23,1769096700,long,0.06198798401381378,1.0527777777777778,2,0,1,-0.11381531634852377,0.0
ETH,2026-01-23,1769088600,long,0.07160806765209116,1.1465277777777778,1,1,0,0.012664064973636042,1.0
ETH,2026-01-24,1768971600,short,0.05706501174417644,3.500694444444444,0,0,0,0.0,0.0
ETH,2026-01-24,1769131800,long,0.05813271753251836,1.6465277777777778,1,1,0,-0.0196443424222525,0.0
ETH,2026-01-25,1768959000,short,0.052600380527135115,4.646527777777778,0,0,0,0.0,1.0
ETH,2026-01-25,1768999500,long,0.051088358583057936,4.177777777777778,1,1,0,-0.026918558372688084,1.0
ETH,2026-01-25,1769127300,short,0.05837058425211772,2.698611111111111,2,0,1,-0.6741480279614828,1.0
ETH,2026-01-26,1768954500,short,0.05679239541032477,5.698611111111111,1,1,0,-0.012781598592400627,0.0
ETH,2026-01-26,1769131800,short,0.06020194720739436,3.6465277777777776,2,0,1,0.2542699792419794,0.0
ETH,2026-01-26,1769155200,long,0.05145439438614097,3.3756944444444446,1,1,0,0.02932656107453216,0.0
ETH,2026-01-26,1769357700,short,0.05797724493840373,1.0319444444444446,2,0,1,0.38632837962972694,0.0
ETH,2026-01-26,1769365800,long,0.0541342768396873,0.9381944444444443,1,1,0,-0.06860753585919521,0.0
ETH,2026-01-26,1769137200,short,0.058018854033539735,3.584027777777778,1,1,0,-0.01887439050055409,1.0
ETH,2026-01-26,1769128200,short,0.050562196874966436,3.6881944444444446,0,0,0,0.0,1.0
ETH,2026-01-27,1769126400,short,0.05138374459309536,4.709027777777778,0,0,0,0.0,0.0
ETH,2026-01-27,1769155200,long,0.05178405346878945,4.375694444444444,1,1,0,0.0068413752587220406,0.0
ETH,2026-01-27,1769241600,long,0.05859126460378694,3.3756944444444446,1,1,0,-0.021117520807214768,0.0
ETH,2026-01-27,1769263200,short,0.06527458785384177,3.1256944444444446,1,1,0,0.018974467784019493,0.0
ETH,2026-01-27,1769405400,short,0.059631751798480015,1.479861111111111,1,1,0,-0.04144457727725022,0.0
ETH,2026-01-27,1769308200,short,0.05007578414831787,2.604861111111111,1,1,0,-0.01922314336248894,1.0
ETH,2026-01-28,1769127300,short,0.05794997938757107,5.698611111111111,0,0,0,0.0,0.0
ETH,2026-01-28,1769241600,long,0.05174787954798177,4.375694444444444,0,0,0,0.0,0.0
ETH,2026-01-28,1769275800,short,0.05034375059670737,3.979861111111111,0,0,0,0.0,0.0
ETH,2026-01-28,1769523300,long,0.05716817696780563,1.1152777777777778,2,0,1,-0.03141006630198995,0.0
ETH,2026-01-28,1769123700,short,0.053315173765740465,5.740277777777777,0,0,0,0.0,1.0
ETH,2026-01-28,1769407200,short,0.052635746980627895,2.459027777777778,1,1,0,-0.022675506583854373,1.0
ETH,2026-01-28,1769189400,long,0.05959333737226791,4.979861111111111,0,0,0,0.0,1.0
ETH,2026-01-29,1769700600,long,0.1121542431087248,0.06319444444444444,2,0,1,0.17308795848518876,1.0
ETH,2026-01-03,1767128400,short,0.05065695598058895,3.8340277777777776,0,0,0,0.0,0.0
ETH,2026-01-03,1767141000,long,0.05146111247644347,3.6881944444444446,0,0,0,0.0,0.0
ETH,2026-01-03,1767249000,long,0.05068008343895203,2.4381944444444446,1,1,0,-0.04756130599428131,0.0
ETH,2026-01-03,1767192300,short,0.05753313065396354,3.0944444444444446,1,1,0,-0.012133223291842979,0.0
ETH,2026-01-03,1767158100,short,0.09601754871406767,3.4902777777777776,0,0,0,0.0,1.0
ETH,2026-01-30,1769711400,long,0.09261219698310863,0.9381944444444443,2,0,1,-0.13940206759737342,0.0
ETH,2026-01-30,1769715000,short,0.05699290525241407,0.8965277777777778,2,0,1,0.2562632254217472,0.0
ETH,2026-01-30,1769655600,long,0.05787470106165493,1.5840277777777776,1,1,0,0.011460045541986413,0.0
ETH,2026-01-31,1769715000,short,0.057231360366822526,1.8965277777777776,2,0,1,-0.01878228279647015,0.0
ETH,2026-01-31,1769737500,long,0.05250612636091967,1.636111111111111,1,1,0,0.007551994189748831,0.0
ETH,2026-01-31,1769711400,long,0.08659655645168685,1.9381944444444446,2,0,1,0.39437702558865767,0.0
ETH,2026-01-04,1767171600,long,0.05759241518562597,4.334027777777778,0,0,0,0.0,0.0
ETH,2026-01-04,1767225600,short,0.057723588941161696,3.7090277777777776,0,0,0,0.0,0.0
ETH,2026-01-04,1767204900,short,0.05290064414559087,3.9486111111111115,1,1,0,-0.012988726843685613,0.0
ETH,2026-01-05,1767141900,short,0.05262935590049367,5.677777777777778,1,1,0,-0.034411411951211175,0.0
ETH,2026-01-05,1767229200,short,0.050365279595680934,4.667361111111111,0,0,0,0.0,0.0
ETH,2026-01-05,1767288600,long,0.06734044267381223,3.979861111111111,1,1,0,-0.0231789300176206,0.0
ETH,2026-01-06,1767185100,long,0.055765022629509,6.177777777777778,1,1,0,-0.010498350519924399,0.0
ETH,2026-01-06,1767185100,short,0.06423497737049078,6.177777777777778,0,0,0,0.0,0.0
ETH,2026-01-06,1767356100,long,0.056105908480313715,4.198611111111111,1,1,0,0.02406858978388704,0.0
ETH,2026-01-06,1767312000,short,0.06870331988490153,4.709027777777778,1,1,0,0.00868455289994535,0.0
ETH,2026-01-07,1767247200,long,0.05714940059702278,6.459027777777778,0,0,0,0.0,0.0
ETH,2025-11-21,1763655300,long,0.0604684918080205,1.0319444444444446,1,1,0,-0.046000201580360334,0.0
ETH,2025-11-21,1763703000,short,0.06864858460677548,0.4798611111111111,1,1,0,0.1315566948804859,0.0
ETH,2025-11-21,1763658000,long,0.06340180468260237,1.0006944444444446,2,0,1,-0.418584483103827,0.0
ETH,2025-11-22,1763584200,short,0.06642465572538381,2.8548611111111115,1,1,0,0.028269484471887818,0.0
ETH,2025-11-22,1763658900,long,0.06547626931893813,1.9902777777777778,2,0,1,-0.17598139415265857,0.0
ETH,2025-11-23,1763499600,short,0.05358898401708012,4.834027777777778,0,0,0,0.0,1.0
ETH,2025-11-23,1763665200,long,0.05753246686883262,2.917361111111111,1,1,0,-0.028214188868713963,1.0
ETH,2025-11-23,1763735400,short,0.05122295680323852,2.104861111111111,1,1,0,0.03681050959554333,1.0
ETH,2025-11-23,1763847900,long,0.0725657484495068,0.8027777777777778,1,1,0,-0.03560312426599162,1.0
ETH,2025-11-23,1763865900,short,0.0503615625692454,0.5944444444444444,2,0,1,-0.4977836527488571,1.0
ETH,2025-11-23,1763515800,short,0.06657787959359263,4.646527777777778,1,1,0,-0.011777160143150403,1.0
ETH,2025-11-23,1763602200,short,0.05035828007535714,3.6465277777777776,1,1,0,-0.017309537499419627,1.0
ETH,2025-11-23,1763756100,long,0.06388611154984525,1.8652777777777778,1,1,0,-0.035895061406573184,1.0
ETH,2025-11-23,1763604900,short,0.06587267526908458,3.615277777777778,1,1,0,-0.020101560180031914,1.0
ETH,2025-11-23,1763603100,short,0.0644471504769969,3.6361111111111115,0,0,0,0.0,1.0
ETH,2025-11-24,1763524800,short,0.05639958652478283,5.542361111111111,0,0,0,0.0,1.0
ETH,2025-11-24,1763525700,long,0.05013457255086262,5.531944444444445,0,0,0,0.0,1.0
ETH,2025-11-24,1763658000,long,0.050794051913816585,4.000694444444445,0,0,0,0.0,1.0
ETH,2025-11-24,1763941500,long,0.05304583256701534,0.7194444444444444,2,0,1,0.6315095657158639,1.0
ETH,2025-11-24,1763962200,short,0.05443698989106316,0.4798611111111111,1,1,0,0.04956027075099112,1.0
ETH,2025-11-24,1763515800,short,0.05904487280068049,5.646527777777778,0,0,0,0.0,1.0
ETH,2025-11-25,1763568000,short,0.05039723475289681,6.042361111111112,0,0,0,0.0,0.0
ETH,2025-11-25,1763794800,long,0.060578942591608564,3.417361111111111,1,1,0,0.013280455105602856,0.0
ETH,2025-11-25,1763729100,long,0.06652166591412101,4.177777777777778,0,0,0,0.0,1.0
ETH,2025-11-26,1763711100,long,0.05409257742321705,5.386111111111111,0,0,0,0.0,0.0
ETH,2025-11-26,1764151200,long,0.052777659608221894,0.2923611111111111,2,0,1,-0.11195938900712737,0.0
ETH,2025-11-26,1763658900,long,0.05651098575733071,5.990277777777778,1,1,0,-0.009917310126029727,1.0
ETH,2025-11-26,1763645400,short,0.06958001069922082,6.146527777777778,0,0,0,0.0,1.0
ETH,2025-11-26,1763645400,long,0.060419989300779076,6.146527777777778,1,1,0,-0.08635026671840632,1.0
ETH,2025-11-26,1763780400,short,0.06471671136600843,4.584027777777778,1,1,0,-0.028859597136150012,1.0
ETH,2025-11-27,1764108000,short,0.05511897409276367,1.792361111111111,1,1,0,-0.014601437480252416,0.0
ETH,2025-11-27,1763711100,long,0.050383709861697934,6.386111111111111,0,0,0,0.0,0.0
ETH,2025-11-27,1763786700,short,0.05025709477492535,5.511111111111111,2,0,1,0.4345012695125554,0.0
ETH,2025-11-27,1764110700,short,0.05116330867309565,1.761111111111111,1,1,0,-0.028047723535423213,0.0
ETH,2025-11-28,1764099000,long,0.05914118914888844,2.8965277777777776,1,1,0,-0.05439511737364344,0.0
ETH,2025-11-28,1764208800,long,0.050944774929187364,1.6256944444444446,0,0,0,0.0,0.0
ETH,2025-11-29,1764115200,short,0.05952044486102148,3.7090277777777776,0,0,0,0.0,0.0
ETH,2025-11-29,1764202500,long,0.05638315418724593,2.698611111111111,0,0,0,0.0,1.0
ETH,2025-11-30,1764209700,long,0.06132895701216001,3.615277777777778,1,1,0,-0.026981496295712774,0.0
ETH,2025-11-30,1764180900,short,0.06821515347623791,3.9486111111111115,0,0,0,0.0,1.0
ETH,2025-12-01,1764180000,short,0.0536045701299569,4.959027777777778,0,0,0,0.0,0.0
ETH,2025-12-01,1764301500,long,0.05188736788765547,3.5527777777777776,0,0,0,0.0,0.0
ETH,2025-12-01,1764320400,short,0.1771582939380344,3.3340277777777776,0,0,0,0.0,0.0
ETH,2025-12-01,1764546300,long,0.06118910739624095,0.7194444444444444,2,0,1,-1.0663875284090305,0.0
ETH,2025-12-01,1764559800,short,0.050783168318849325,0.5631944444444444,2,0,1,0.004049817663220878,0.0
ETH,2025-12-10,1764801900,short,0.05999760450987812,6.761111111111111,0,0,0,0.0,0.0
ETH,2025-12-10,1764806400,long,0.05461094115822185,6.709027777777777,0,0,0,0.0,0.0
ETH,2025-12-11,1765117800,long,0.059841358290876334,4.104861111111111,1,1,0,-0.005294303421632729,0.0
ETH,2025-12-11,1765123200,short,0.06087720176718048,4.042361111111111,0,0,0,0.0,0.0
ETH,2025-12-15,1765813500,long,0.14367943441722075,0.05277777777777778,2,0,1,0.5267202916551109,1.0
ETH,2025-12-15,1765611000,long,0.06215560536104148,2.3965277777777776,2,0,1,0.34577699223782044,1.0
ETH,2025-12-15,1765811700,long,0.16020919627359542,0.07361111111111111,1,0,0,0.05417396040831948,1.0
ETH,2025-12-16,1765416600,long,0.05797424829371578,5.646527777777778,1,1,0,-0.01677885685942513,1.0
ETH,2025-12-16,1765422000,short,0.06896921844098958,5.584027777777778,0,0,0,0.0,1.0
ETH,2025-12-16,1765559700,short,0.05694679027999405,3.9902777777777776,2,0,1,-0.7215105715276423,1.0
ETH,2025-12-16,1765683000,long,0.05024155660474605,2.5631944444444446,0,0,0,0.0,1.0
ETH,2025-12-16,1765824300,long,0.05212566492074577,0.9277777777777778,1,1,0,0.006445675767257443,1.0
ETH,2025-12-16,1765696500,long,0.05542711884470797,2.4069444444444446,0,0,0,0.0,1.0
ETH,2025-12-16,1765821600,long,0.05161660293858117,0.9590277777777778,2,0,1,0.4624178056428631,1.0
ETH,2025-12-17,1765422900,short,0.06321713891291081,6.573611111111111,0,0,0,0.0,0.0
ETH,2025-12-17,1765424700,long,0.05580053045251665,6.552777777777778,0,0,0,0.0,0.0
ETH,2025-12-17,1765559700,short,0.07244292083663662,4.990277777777778,0,0,0,0.0,0.0
ETH,2025-12-17,1765891800,long,0.056895102089167704,1.1465277777777778,1,1,0,0.04059454571718008,0.0
ETH,2025-12-17,1765891800,short,0.05310489791083206,1.1465277777777778,1,1,0,-0.004677498643214276,0.0
ETH,2025-12-17,1765979100,long,0.053029032317451374,0.1361111111111111,2,0,1,-0.40946734723057204,0.0
ETH,2025-12-18,1765554300,long,0.05821988543255441,6.052777777777777,1,1,0,0.014691115236223157,1.0
ETH,2025-12-18,1765558800,short,0.09400400457169267,6.000694444444445,0,0,0,0.0,1.0
ETH,2025-12-18,1765879200,long,0.055437824907484945,2.292361111111111,1,1,0,-0.025103194811577564,1.0
ETH,2025-12-18,1765891800,short,0.05445723697051885,2.146527777777778,1,1,0,0.009017965513149304,1.0
ETH,2025-12-18,1765982700,long,0.058110787573451006,1.0944444444444443,2,0,1,0.6828493588128879,1.0
ETH,2025-12-18,1766064600,short,0.11677457140394937,0.14652777777777778,2,0,1,-0.08918187606078909,1.0
ETH,2025-12-18,1766069100,long,0.14457613828066607,0.09444444444444444,2,0,1,0.3494060992626946,1.0
ETH,2025-12-18,1766066400,long,0.12135005651487307,0.12569444444444444,2,0,1,0.2757750985327052,1.0
ETH,2025-12-19,1765875600,short,0.05007457435177898,3.3340277777777776,1,1,0,0.0007693923615210985,1.0
ETH,2025-12-19,1765887300,long,0.05294847627642363,3.198611111111111,1,1,0,-0.02028940298298949,1.0
ETH,2025-12-19,1765982700,long,0.053445851731754646,2.0944444444444446,2,0,1,0.7712241645087211,1.0
ETH,2025-12-19,1766078100,long,0.07998644929115417,0.9902777777777777,2,0,1,0.6446309536532762,1.0
ETH,2025-12-19,1766118600,long,0.052764194909081796,0.5215277777777777,2,0,1,0.26915703913237093,1.0
ETH,2025-12-02,1764172800,long,0.06780921759533043,6.042361111111112,0,0,0,0.0,0.0
ETH,2025-12-02,1764466200,short,0.05359312091993751,2.6465277777777776,0,0,0,0.0,0.0
ETH,2025-12-02,1764548100,long,0.06332554418636827,1.698611111111111,2,0,1,-0.29097133174692696,0.0
ETH,2025-12-02,1764686700,short,0.1489849623351588,0.09444444444444444,2,0,1,1.8815502910088107,0.0
ETH,2025-12-02,1764688500,long,0.251967654358374,0.07361111111111111,2,0,1,-0.5578530179502357,0.0
ETH,2025-12-02,1764340200,short,0.050975056155566856,4.104861111111111,1,1,0,0.002128596652942377,1.0
ETH,2025-12-20,1765988100,long,0.05688204052772594,3.031944444444444,2,0,1,0.7941132334529738,1.0
ETH,2025-12-20,1766091600,short,0.051898421956848684,1.8340277777777778,1,1,0,0.023088257838573392,1.0
ETH,2025-12-21,1766025900,long,0.06182563160062293,3.5944444444444446,0,0,0,0.0,1.0
ETH,2025-12-21,1766091600,short,0.053731842015959486,2.834027777777778,1,1,0,0.017860403378852488,1.0
ETH,2025-12-21,1766236500,long,0.053995413860124186,1.1569444444444443,2,0,1,0.555032460800657,1.0
ETH,2025-12-21,1766265300,short,0.05344471574941678,0.8236111111111112,2,0,1,-0.46272873362241895,1.0
ETH,2025-12-22,1766019600,long,0.05295823991764226,4.667361111111111,1,1,0,-0.037952051742438736,0.0
ETH,2025-12-22,1766036700,short,0.05239287363952272,4.469444444444445,0,0,0,0.0,0.0
ETH,2025-12-22,1766198700,long,0.06819736445228441,2.5944444444444446,1,1,0,-0.02910443047417692,0.0
ETH,2025-12-22,1766211300,short,0.05244982037727619,2.448611111111111,0,0,0,0.0,0.0
ETH,2025-12-23,1766165400,short,0.0502414052275294,3.979861111111111,1,1,0,-0.003615028164709072,1.0
ETH,2025-12-23,1766499300,long,0.10308952949561245,0.11527777777777777,2,0,1,0.203195761577968,1.0
ETH,2025-12-24,1766200500,short,0.05017224307970325,4.573611111111111,1,1,0,-0.059433446934927345,1.0
ETH,2025-12-24,1766210400,long,0.053231655183063165,4.459027777777777,0,0,0,0.0,1.0
ETH,2025-12-25,1766290500,short,0.054300141552631076,4.531944444444444,1,1,0,-0.029625495987000178,1.0
ETH,2025-12-25,1766450700,short,0.06986955242982162,2.677777777777778,0,0,0,0.0,1.0
ETH,2025-12-25,1766592900,short,0.07338341881726784,1.0319444444444446,2,0,1,-0.4189060286518295,1.0
ETH,2025-12-26,1766691000,long,0.052045939001773345,0.8965277777777778,2,0,1,0.44320647070300273,1.0
ETH,2025-12-27,1766610900,long,0.0923567935442462,2.823611111111111,0,0,0,0.0,1.0
ETH,2025-12-27,1766706300,long,0.05475712682659384,1.7194444444444446,1,1,0,-0.09781430333117802,1.0
ETH,2025-12-27,1766765700,short,0.07720179709347219,1.0319444444444446,2,0,1,-0.4332763212364889,1.0
ETH,2025-12-28,1766610900,short,0.05273090684572468,3.823611111111111,1,1,0,-0.008889499803762793,1.0
ETH,2025-12-28,1766677500,long,0.07295434054930161,3.0527777777777776,0,0,0,0.0,1.0
ETH,2025-12-28,1766751300,short,0.059398308045913506,2.198611111111111,1,1,0,0.019711362461031195,1.0
ETH,2025-12-28,1766839500,short,0.06975726397400561,1.1777777777777778,1,1,0,-0.014804965355013223,1.0
ETH,2025-12-29,1766610900,long,0.06647523968684133,4.823611111111111,0,0,0,0.0,1.0
ETH,2025-12-29,1766703600,long,0.05135048516972707,3.7506944444444446,0,0,0,0.0,1.0
ETH,2025-12-29,1766880000,long,0.050355061821072855,1.7090277777777778,1,1,0,-0.00020082172250895577,1.0
ETH,2025-12-29,1766968200,long,0.0565893835276976,0.6881944444444444,2,0,1,0.4632127745931431,1.0
ETH,2025-12-29,1766979900,long,0.0826153193105974,0.5527777777777778,2,0,1,-0.044690152710394615,1.0
ETH,2025-12-03,1764466200,short,0.05361132917087841,3.6465277777777776,0,0,0,0.0,0.0
ETH,2025-12-03,1764548100,long,0.05032195549369556,2.698611111111111,1,1,0,0.019899785507934503,0.0
ETH,2025-12-03,1764688500,long,0.059699151691760655,1.073611111111111,1,1,0,-0.03940551667669384,0.0
ETH,2025-12-03,1764306900,long,0.050025632427653566,5.490277777777778,0,0,0,0.0,1.0
ETH,2025-12-30,1767048300,long,0.06121648911982058,0.7611111111111111,2,0,1,0.4199037839369342,1.0
ETH,2025-12-31,1766752200,short,0.05195818810035535,5.188194444444444,0,0,0,0.0,1.0
ETH,2025-12-31,1766813400,long,0.0523911817937297,4.479861111111111,2,0,1,0.75899046644773,1.0
ETH,2025-12-31,1767095100,long,0.06324426008609052,1.2194444444444446,2,0,1,0.602394580983666,1.0
ETH,2025-12-04,1764340200,short,0.06802259918883691,6.104861111111111,0,0,0,0.0,0.0
ETH,2025-12-04,1764340200,long,0.05197740081116309,6.104861111111111,0,0,0,0.0,0.0
ETH,2025-12-04,1764549000,long,0.05064074265867613,3.6881944444444446,1,1,0,0.0006238179127884824,0.0
ETH,2025-12-05,1764688500,long,0.05334723124634988,3.073611111111111,1,1,0,-0.022849894793776804,0.0
ETH,2025-12-06,1764891000,long,0.05162399796977768,1.7298611111111113,1,1,0,-0.01722787085166365,0.0
ETH,2025-12-07,1764705600,short,0.0601812052251216,4.875694444444444,0,0,0,0.0,0.0
ETH,2025-12-07,1764708300,long,0.05110327209515786,4.844444444444444,1,1,0,-0.0035051151090947433,0.0
ETH,2025-12-07,1764792900,short,0.05505261080273127,3.8652777777777776,1,1,0,0.015937601496348486,0.0
ETH,2025-12-07,1764851400,long,0.05071887357981164,3.188194444444444,0,0,0,0.0,0.0
ETH,2025-12-07,1765008900,long,0.057781970274584316,1.3652777777777778,1,1,0,-0.049160374124315225,0.0
ETH,2025-12-07,1765117800,long,0.21716143105968744,0.10486111111111111,2,0,1,-0.9028109566874647,0.0
ETH,2025-12-07,1765123200,short,0.11645876571950453,0.04236111111111111,2,0,1,0.19098608877076229,0.0
ETH,2025-12-07,1764713700,short,0.06690193315638093,4.781944444444445,0,0,0,0.0,1.0
ETH,2025-12-07,1764801000,short,0.05434476439666447,3.771527777777778,1,1,0,0.01074985681330444,1.0
ETH,2025-12-07,1764835200,short,0.07047962290927923,3.3756944444444446,2,0,1,-0.06946313007341598,1.0
ETH,2025-12-08,1764823500,long,0.05545429220028275,4.511111111111111,0,0,0,0.0,0.0
ETH,2025-12-08,1765006200,long,0.05432265889902821,2.3965277777777776,1,1,0,-0.005114299794740922,0.0
ETH,2025-12-08,1765093500,long,0.06087410752980871,1.386111111111111,2,0,1,-0.12857812489331222,0.0
ETH,2025-12-09,1764763200,short,0.0666730506833324,6.209027777777778,1,1,0,-0.010274248910531351,0.0
ETH,2025-12-09,1764763200,long,0.06332694931666749,6.209027777777778,1,1,0,-0.010734440430614233,0.0
ETH,2025-12-09,1765065600,long,0.05958505350029464,2.7090277777777776,0,0,0,0.0,0.0
ETH,2025-12-09,1764751500,short,0.05384748009278628,6.344444444444444,1,1,0,-0.01561444450413775,0.0
ETH,2025-12-09,1764752400,long,0.05959628214200663,6.334027777777777,0,0,0,0.0,0.0
ETH,2026-02-01,1769572800,short,0.05082829347223128,4.542361111111111,1,1,0,-0.02116439584730714,0.0
ETH,2026-02-01,1769668200,short,0.054320733120222675,3.4381944444444446,0,0,0,0.0,0.0
ETH,2026-02-01,1769697000,long,0.05089279421513804,3.104861111111111,1,1,0,0.02896847285028792,0.0
ETH,2026-02-01,1769590800,short,0.05115662869840498,4.334027777777778,1,1,0,-0.020991388479974976,0.0
ETH,2026-02-02,1769647500,short,0.05107353334701625,4.677777777777778,1,1,0,-0.03889549104299882,0.0
ETH,2026-02-02,1769711400,long,0.05237431345531807,3.938194444444444,0,0,0,0.0,0.0
ETH,2026-02-02,1769708700,long,0.050807305036148165,3.9694444444444446,0,0,0,0.0,0.0
ETH,2026-02-04,1769699700,short,0.0710384818608023,6.073611111111111,1,1,0,0.0001945093322734369,0.0
ETH,2026-01-01,1766968200,short,0.052276712878939424,3.6881944444444446,1,1,0,8.363674186079306e-06,1.0
ETH,2026-01-01,1767000600,long,0.05057846902591412,3.313194444444444,1,1,0,-0.056998240503202985,1.0
ETH,2026-01-01,1767069000,short,0.058083922568267,2.521527777777778,0,0,0,0.0,1.0
ETH,2026-01-01,1767087000,long,0.05943829170049275,2.3131944444444446,0,0,0,0.0,1.0
ETH,2026-01-01,1767179700,long,0.06077162076398723,1.2402777777777778,1,1,0,-0.017951060543313642,1.0
ETH,2026-01-01,1767038400,short,0.05623691069593356,2.875694444444444,0,0,0,0.0,1.0
ETH,2026-01-01,1767068100,long,0.054209362885129675,2.531944444444444,0,0,0,0.0,1.0
ETH,2026-01-01,1766981700,long,0.20314602086671218,3.5319444444444446,0,0,0,0.0,1.0
ETH,2026-01-12,1767825000,long,0.055628263315423476,4.771527777777777,0,0,0,0.0,0.0
ETH,2026-01-13,1767903300,long,0.050128701710856705,4.865277777777778,0,0,0,0.0,0.0
ETH,2026-01-13,1767992400,long,0.13664321950787972,3.8340277777777776,0,0,0,0.0,0.0
ETH,2026-01-13,1768215600,long,0.053628621117098874,1.2506944444444443,0,0,0,0.0,0.0
ETH,2026-01-13,1768176000,short,0.0687430592492595,1.7090277777777778,1,1,0,0.005019558994771866,0.0
ETH,2026-01-13,1767830400,short,0.06517875597094192,5.709027777777777,2,0,1,-0.3094263243590549,1.0
ETH,2026-01-14,1767972600,short,0.0556406070183042,5.063194444444445,1,1,0,-0.015354160187262336,0.0
ETH,2026-01-14,1768120200,short,0.050120397959606655,3.354861111111111,0,0,0,0.0,0.0
ETH,2026-01-14,1768228200,long,0.08334931895786846,2.104861111111111,0,0,0,0.0,0.0
ETH,2026-01-15,1768143600,long,0.05024903879401643,4.084027777777778,1,1,0,-0.001046709978444197,0.0
ETH,2026-01-02,1767144600,long,0.052506841026020545,2.6465277777777776,0,0,0,0.0,0.0
ETH,2026-01-02,1767147300,short,0.05405655779738061,2.615277777777778,0,0,0,0.0,0.0
ETH,2026-01-02,1767266100,long,0.06374789310534168,1.2402777777777778,2,0,1,0.04615105317532886,0.0
ETH,2026-01-20,1768922100,short,0.09357783377067663,0.07361111111111111,2,0,1,0.4506573848638237,0.0
ETH,2026-01-21,1768949100,long,0.06551692918646346,0.7611111111111111,2,0,1,0.5505162513885794,1.0
ETH,2026-01-22,1768922100,long,0.059637491905369266,2.073611111111111,2,0,1,0.7185690639900104,1.0
ETH,2026-01-22,1769004900,short,0.05416210418405065,1.1152777777777778,2,0,1,-0.5513873723992118,1.0
ETH,2026-01-22,1769023800,long,0.07126641063741967,0.8965277777777778,1,1,0,0.0017018776074907982,1.0
ETH,2026-01-22,1768955400,long,0.05300806733008101,1.6881944444444443,1,1,0,-0.012327160889959332,1.0
ETH,2026-01-23,1768954500,long,0.06066945047201466,2.698611111111111,1,1,0,-0.01929143330850132,1.0
ETH,2026-01-23,1769096700,long,0.0535056354872494,1.0527777777777778,1,1,0,-0.04967656638549621,1.0
ETH,2026-01-23,1768920300,long,0.057554357530082534,3.0944444444444446,1,1,0,0.019210622276907494,1.0
ETH,2026-01-23,1769013900,short,0.05747211857337087,2.011111111111111,2,0,1,-0.3270314039491363,1.0
ETH,2026-01-24,1768962600,short,0.056509658140700414,3.6048611111111106,0,0,0,0.0,1.0
ETH,2026-01-24,1768997700,long,0.06446480081586814,3.198611111111111,1,1,0,-0.05138896649402372,1.0
ETH,2026-01-24,1769059800,short,0.052671428455836056,2.479861111111111,0,0,0,0.0,1.0
ETH,2026-01-24,1769149800,short,0.05545838220849286,1.4381944444444443,2,0,1,-0.46125471585410494,1.0
ETH,2026-01-25,1768956300,short,0.0664913462278719,4.677777777777778,0,0,0,0.0,0.0
ETH,2026-01-25,1768998600,long,0.05657589202806834,4.188194444444444,1,1,0,-0.03115799632831144,0.0
ETH,2026-01-25,1769062500,short,0.05149745849513665,3.4486111111111106,0,0,0,0.0,0.0
ETH,2026-01-25,1769127300,long,0.06883534366365485,2.698611111111111,2,0,1,-0.32106581120797323,0.0
ETH,2026-01-25,1769155200,short,0.056994361906642976,2.3756944444444446,1,1,0,-0.03687485038540388,0.0
ETH,2026-01-25,1769263200,short,0.0717941400148707,1.1256944444444443,1,1,0,0.014447990402353596,0.0
ETH,2026-01-25,1769189400,short,0.06325331689324182,1.979861111111111,2,0,1,0.85057640983748,0.0
ETH,2026-01-26,1768964400,short,0.05255694415670764,5.584027777777778,1,1,0,-0.03455512631261585,1.0
ETH,2026-01-26,1768986900,long,0.052875786106671985,5.323611111111111,1,1,0,-0.022816418638379292,1.0
ETH,2026-01-26,1769051700,short,0.05129212516363879,4.573611111111111,0,0,0,0.0,1.0
ETH,2026-01-26,1769144400,long,0.06147084048717533,3.500694444444444,1,1,0,-0.04252555240644215,1.0
ETH,2026-01-26,1769195700,short,0.06638158355811963,2.9069444444444446,0,0,0,0.0,1.0
ETH,2026-01-26,1769282100,long,0.053709159260479034,1.9069444444444443,1,1,0,-0.03949114695696362,1.0
ETH,2026-01-26,1769310000,short,0.06093335706523628,1.5840277777777776,1,1,0,-0.01514354839301904,1.0
ETH,2026-01-26,1769438700,long,0.06744902687895515,0.09444444444444444,2,0,1,0.5034593216859756,1.0
ETH,2026-01-27,1769128200,long,0.059390671089301295,4.688194444444444,1,1,0,-0.010198187738163805,1.0
ETH,2026-01-27,1769195700,short,0.05858084851147172,3.9069444444444446,0,0,0,0.0,1.0
ETH,2026-01-27,1769276700,long,0.05103479907856778,2.9694444444444446,0,0,0,0.0,1.0
ETH,2026-01-27,1769310000,short,0.051809167839496406,2.5840277777777776,0,0,0,0.0,1.0
ETH,2026-01-27,1769368500,long,0.05132052231800088,1.9069444444444443,1,1,0,-0.005125127422714093,1.0
ETH,2026-01-27,1769189400,short,0.062424427365680824,3.979861111111111,1,1,0,-0.005192019159837399,1.0
ETH,2026-01-28,1769122800,short,0.050714157311270935,5.750694444444444,0,0,0,0.0,1.0
ETH,2026-01-28,1769127300,long,0.07160991472498912,5.698611111111111,0,0,0,0.0,1.0
ETH,2026-01-28,1769517000,long,0.0514784652034499,1.1881944444444446,2,0,1,0.49512890824534195,1.0
ETH,2026-01-28,1769128200,long,0.08761587469727283,5.688194444444445,0,0,0,0.0,1.0
ETH,2026-01-29,1769192100,long,0.05270193335293061,5.948611111111111,1,1,0,0.0009118258695680059,0.0
ETH,2026-01-29,1769277600,short,0.0561833760999263,4.959027777777778,1,1,0,-0.018695301047597482,0.0
ETH,2026-01-29,1769278500,long,0.05667473734005113,4.948611111111111,0,0,0,0.0,0.0
ETH,2026-01-29,1769558400,short,0.06422565108675704,1.7090277777777778,2,0,1,0.6302033654819951,0.0
ETH,2026-01-29,1769655600,long,0.07203499585463646,0.5840277777777778,2,0,1,-0.7121830778590978,0.0
ETH,2026-01-29,1769669100,short,0.050237963188658474,0.4277777777777778,2,0,1,0.8099521071172282,0.0
ETH,2026-01-03,1767126600,short,0.07686871373316373,3.854861111111111,1,1,0,-0.023632711882700493,0.0
ETH,2026-01-03,1767133800,long,0.05673362051825026,3.771527777777778,0,0,0,0.0,0.0
ETH,2026-01-03,1767222000,short,0.07115486991354547,2.7506944444444446,1,1,0,-0.015787597592811044,0.0
ETH,2026-01-03,1767240900,long,0.05070375332433441,2.531944444444444,0,0,0,0.0,0.0
ETH,2026-01-30,1769621400,short,0.05259859792541932,1.979861111111111,1,1,0,-0.03468372660034023,0.0
ETH,2026-01-30,1769686200,long,0.05083087177425405,1.229861111111111,2,0,1,-0.149011147113861,0.0
ETH,2026-01-30,1769687100,long,0.053704174705946794,1.2194444444444446,1,1,0,0.0599234678909048,0.0
ETH,2026-01-31,1769587200,short,0.06240902464121589,3.3756944444444446,1,1,0,0.004847848425124299,0.0
ETH,2026-01-31,1769699700,short,0.05178172182433549,2.073611111111111,2,0,1,-0.36208008233301275,0.0
ETH,2026-01-04,1767140100,short,0.07402238127832861,4.698611111111111,0,0,0,0.0,0.0
ETH,2026-01-04,1767173400,long,0.05312426030255324,4.313194444444445,1,1,0,-0.02941649894745254,0.0
ETH,2026-01-04,1767227400,short,0.05964514119094233,3.6881944444444446,1,1,0,-0.034929093274089315,0.0
ETH,2026-01-04,1767308400,long,0.055280241028739185,2.7506944444444446,2,0,1,-0.07832759221477065,0.0
ETH,2026-01-05,1767183300,long,0.09551357649803016,5.198611111111111,0,0,0,0.0,0.0
ETH,2026-01-05,1767148200,long,0.0560635690834812,5.604861111111111,0,0,0,0.0,1.0
ETH,2026-01-06,1767288600,short,0.06655389317755256,4.979861111111111,0,0,0,0.0,0.0
ETH,2026-01-06,1767185100,long,0.053346721552663734,6.177777777777778,0,0,0,0.0,1.0
ETH,2026-01-06,1767219300,short,0.051617672605387244,5.781944444444444,0,0,0,0.0,1.0
ETH,2026-01-07,1767340800,long,0.051879075545858466,5.375694444444445,0,0,0,0.0,0.0
ETH,2026-01-07,1767550500,long,0.0675414175655451,2.948611111111111,0,0,0,0.0,0.0
ETH,2026-01-08,1767549600,long,0.0584013637600993,3.9590277777777776,1,1,0,-0.0012152351370626618,0.0
ETH,2025-11-19,1763120700,short,0.0517361694025269,5.219444444444445,1,1,0,-0.011208273492239892,1.0
ETH,2025-11-21,1763478000,long,0.05398659340965706,3.0840277777777776,1,1,0,0.00944366823203982,0.0
ETH,2025-11-21,1763655300,long,0.07614423561105821,1.0319444444444446,2,0,1,-0.110230511530062,0.0
ETH,2025-11-22,1763522100,short,0.050694603356035595,3.573611111111111,0,0,0,0.0,0.0
ETH,2025-11-22,1763523900,long,0.050536269393983035,3.5527777777777776,0,0,0,0.0,0.0
ETH,2025-11-22,1763610300,short,0.05668772353821855,2.5527777777777776,1,1,0,-0.03899482845094573,0.0
ETH,2025-11-23,1763523900,long,0.057761092755777454,4.552777777777778,0,0,0,0.0,0.0
ETH,2025-11-24,1763655300,long,0.051534086361721076,4.031944444444444,0,0,0,0.0,0.0
ETH,2025-11-24,1763711100,short,0.059715115287016673,3.386111111111111,1,1,0,0.020315310044100726,0.0
ETH,2025-11-24,1763962200,long,0.07212785467393412,0.4798611111111111,1,1,0,0.04956027075099112,0.0
ETH,2025-11-25,1763523900,long,0.056851136925323065,6.552777777777778,0,0,0,0.0,1.0
ETH,2025-11-25,1763655300,long,0.05829010529348522,5.031944444444444,1,1,0,-0.00813796577557406,1.0
ETH,2025-11-25,1763523000,long,0.0619007147368682,6.563194444444445,0,0,0,0.0,1.0
ETH,2025-11-25,1763753400,long,0.056328233310925624,3.896527777777778,1,1,0,-0.028836943245020695,1.0
ETH,2025-11-25,1763522100,short,0.053260387916421514,6.573611111111111,0,0,0,0.0,1.0
ETH,2025-11-26,1764166500,long,0.1190202090760093,0.11527777777777777,2,0,1,0.2179778422819068,1.0
ETH,2025-11-27,1764057600,short,0.050619264181150814,2.3756944444444446,0,0,0,0.0,0.0
ETH,2025-11-28,1764098100,long,0.05338519532542141,2.9069444444444446,1,1,0,-0.038881594134562214,0.0
ETH,2025-11-28,1764201600,long,0.0648650290367867,1.7090277777777778,1,1,0,-0.02269981372113844,0.0
ETH,2025-11-28,1764289800,long,0.06467723341065046,0.6881944444444444,2,0,1,-0.30307740977068254,0.0
ETH,2025-11-28,1764144900,short,0.052836434038844526,2.365277777777778,1,1,0,0.002689332016843897,1.0
ETH,2025-11-28,1764254700,long,0.055784799693991305,1.0944444444444443,2,0,1,0.3201254149583218,1.0
ETH,2025-11-29,1764328500,short,0.05086374402121174,1.2402777777777778,2,0,1,0.4185236424219928,0.0
ETH,2025-11-30,1764287100,short,0.05778541666181558,2.7194444444444446,0,0,0,0.0,0.0
ETH,2025-11-30,1764425700,long,0.05318896074862245,1.1152777777777778,2,0,1,-0.27111306561453036,0.0
ETH,2025-11-30,1764446400,short,0.0749032373400933,0.8756944444444444,2,0,1,0.33103304913946185,0.0
ETH,2025-11-30,1764209700,short,0.09097822473352418,3.615277777777778,1,1,0,-0.026981496295712774,1.0
ETH,2025-12-01,1764239400,long,0.0728828116428355,4.271527777777778,1,1,0,0.008212066194908524,0.0
ETH,2025-12-01,1764315900,short,0.050131513750528045,3.386111111111111,1,1,0,-0.019651395465825415,0.0
ETH,2025-12-01,1764374400,long,0.05027913996206168,2.7090277777777776,0,0,0,0.0,0.0
ETH,2025-12-01,1764516600,long,0.05005580287940381,1.0631944444444446,1,1,0,-0.007277658436536567,0.0
ETH,2025-12-01,1764547200,short,0.05298121057437688,0.7090277777777778,2,0,1,-0.3698583544819264,0.0
ETH,2025-12-01,1764210600,long,0.06601396344580257,4.604861111111111,1,1,0,-0.05339084407798461,0.0
ETH,2025-12-10,1764833400,long,0.0656589363645732,6.396527777777777,0,0,0,0.0,0.0
ETH,2025-12-10,1764816300,short,0.053731742122190895,6.594444444444445,0,0,0,0.0,1.0
ETH,2025-12-10,1764816300,long,0.05626825787780909,6.594444444444445,2,0,1,0.5310909552459283,1.0
ETH,2025-12-11,1765008900,long,0.05115121924639854,5.365277777777778,0,0,0,0.0,0.0
ETH,2025-12-11,1765445400,long,0.06867277617863454,0.31319444444444444,1,1,0,-0.009015696008167748,1.0
ETH,2025-12-12,1765554300,short,0.11825936431349648,0.05277777777777778,2,0,1,0.045086564474049684,1.0
ETH,2025-12-12,1765555200,long,0.23193041041851092,0.04236111111111111,2,0,1,0.33183280997150644,1.0
ETH,2025-12-13,1765440000,long,0.050374500278380197,2.3756944444444446,0,0,0,0.0,0.0
ETH,2025-12-13,1765570500,long,0.06211762700275458,0.8652777777777777,1,1,0,0.008613983460812283,0.0
ETH,2025-12-13,1765632600,short,0.07632846601565269,0.14652777777777778,1,0,0,-0.03083310077983865,0.0
ETH,2025-12-15,1765404000,long,0.06329979692068721,4.792361111111111,1,1,0,-0.007894521252808664,0.0
ETH,2025-12-15,1765629000,long,0.05016976351849811,2.1881944444444446,1,1,0,0.006635727239439507,0.0
ETH,2025-12-15,1765766700,long,0.0745812569167803,0.5944444444444444,2,0,1,-0.6584272606671184,0.0
ETH,2025-12-15,1765813500,short,0.06445060225384583,0.05277777777777778,2,0,1,0.44864977876810486,0.0
ETH,2025-12-16,1765603800,short,0.050364797626782254,3.4798611111111115,1,1,0,-0.02064354649868902,0.0
ETH,2025-12-16,1765688400,long,0.05797456680633695,2.5006944444444446,0,0,0,0.0,0.0
ETH,2025-12-16,1765810800,long,0.06978796219251127,1.0840277777777778,2,0,1,-0.3053700288046671,0.0
ETH,2025-12-16,1765892700,short,0.07718469586272825,0.1361111111111111,2,0,1,0.13619444080824455,0.0
ETH,2025-12-16,1765559700,long,0.05779587731218028,3.9902777777777776,1,1,0,0.009945448815258634,0.0
ETH,2025-12-16,1765421100,long,0.06017475758654944,5.594444444444444,0,0,0,0.0,0.0
ETH,2025-12-16,1765416600,short,0.05915642364329643,5.646527777777778,1,1,0,-0.00213999007496362,0.0
ETH,2025-12-17,1765559700,short,0.06416726903840064,4.990277777777778,0,0,0,0.0,0.0
ETH,2025-12-17,1765645200,long,0.0518561950775851,4.000694444444445,0,0,0,0.0,0.0
ETH,2025-12-17,1765646100,short,0.058319412275516735,3.9902777777777776,0,0,0,0.0,0.0
ETH,2025-12-17,1765983600,long,0.1568316495488291,0.08402777777777778,2,0,1,1.3267370543953203,0.0
ETH,2025-12-17,1765416600,short,0.05177891272678431,6.646527777777777,0,0,0,0.0,0.0
ETH,2025-12-17,1765418400,long,0.050532672979717974,6.625694444444445,0,0,0,0.0,0.0
ETH,2025-12-18,1765554300,short,0.05082475611914716,6.052777777777777,0,0,0,0.0,0.0
ETH,2025-12-18,1765558800,long,0.06064169342962478,6.000694444444445,1,1,0,-0.009815025888645565,0.0
ETH,2025-12-18,1765873800,short,0.055984879663127485,2.354861111111111,1,1,0,-0.019049037555033774,0.0
ETH,2025-12-18,1766065500,short,0.06831573617801523,0.1361111111111111,2,0,1,0.15840683847179332,0.0
ETH,2025-12-18,1765983600,long,0.054994415175466216,1.0840277777777778,2,0,1,-0.23920594502572978,0.0
ETH,2025-12-19,1765875600,long,0.06303513954470152,3.3340277777777776,1,1,0,0.0007693923615210985,0.0
ETH,2025-12-19,1766115900,short,0.06305325532499317,0.5527777777777778,2,0,1,0.2890021560897112,0.0
ETH,2025-12-19,1766155500,long,0.07371844864094013,0.09444444444444444,2,0,1,-0.08819542815521969,0.0
ETH,2025-12-19,1765877400,long,0.06355561139848853,3.313194444444444,2,0,1,-0.2616041510055626,0.0
ETH,2025-12-02,1764692100,long,0.1269367526741898,0.03194444444444444,2,0,1,0.49080825349282303,1.0
ETH,2025-12-20,1765988100,short,0.05149797176215554,3.031944444444444,1,1,0,0.0011596203791615217,0.0
ETH,2025-12-20,1766036700,long,0.05000709080110477,2.4694444444444446,0,0,0,0.0,0.0
ETH,2025-12-20,1766131200,long,0.05317980367725439,1.3756944444444446,0,0,0,0.0,0.0
ETH,2025-12-20,1766155500,long,0.08103107910209206,1.0944444444444443,2,0,1,-0.3292060439198448,0.0
ETH,2025-12-21,1766026800,long,0.053416980114042945,3.584027777777778,1,1,0,-0.023268191667101024,0.0
ETH,2025-12-21,1766064600,short,0.05689144432963711,3.146527777777778,2,0,1,0.2734347695147502,0.0
ETH,2025-12-21,1766155500,long,0.051512754114572123,2.0944444444444446,0,0,0,0.0,0.0
ETH,2025-12-21,1766038500,long,0.05033053575870006,3.4486111111111106,0,0,0,0.0,0.0
ETH,2025-12-22,1765982700,long,0.05211248047746797,5.094444444444445,2,0,1,0.8460968590578389,1.0
ETH,2025-12-22,1766019600,short,0.06147128472614438,4.667361111111111,0,0,0,0.0,1.0
ETH,2025-12-22,1766131200,long,0.05866574009008074,3.3756944444444446,0,0,0,0.0,1.0
ETH,2025-12-22,1766363400,long,0.05339504582878196,0.6881944444444444,2,0,1,0.6195895190942678,1.0
ETH,2025-12-23,1766019600,short,0.05800553140012965,5.667361111111111,0,0,0,0.0,0.0
ETH,2025-12-23,1766025900,long,0.050220356824567824,5.594444444444444,0,0,0,0.0,0.0
ETH,2025-12-23,1766205000,long,0.05634339948886158,3.5215277777777776,0,0,0,0.0,0.0
ETH,2025-12-23,1766449800,long,0.05096490411776222,0.6881944444444444,2,0,1,-0.3018223468253214,0.0
ETH,2025-12-24,1766198700,long,0.055979933000615656,4.594444444444445,0,0,0,0.0,0.0
ETH,2025-12-24,1766449800,long,0.051579425862395833,1.6881944444444443,0,0,0,0.0,0.0
ETH,2025-12-24,1766023200,long,0.05398307153147042,6.625694444444445,0,0,0,0.0,0.0
ETH,2025-12-25,1766202300,short,0.05571021154584299,5.552777777777777,1,1,0,-0.025535264433139106,0.0
ETH,2025-12-25,1766449800,long,0.05611786711642064,2.688194444444444,0,0,0,0.0,0.0
ETH,2025-12-25,1766449800,short,0.05388213288357946,2.688194444444444,0,0,0,0.0,0.0
ETH,2025-12-26,1766715300,short,0.0752590709866846,0.6152777777777777,2,0,1,0.10872269485319072,0.0
ETH,2025-12-27,1766610900,short,0.05700245069513832,2.823611111111111,0,0,0,0.0,0.0
ETH,2025-12-27,1766715300,short,0.057073179987984,1.6152777777777778,2,0,1,0.22253520609036445,0.0
ETH,2025-12-28,1766610900,short,0.0748680099899971,3.823611111111111,0,0,0,0.0,0.0
ETH,2025-12-28,1766715300,short,0.05837459248031818,2.615277777777778,1,1,0,-0.046707705669441935,0.0
ETH,2025-12-29,1766708100,short,0.05198386938099653,3.698611111111111,0,0,0,0.0,0.0
ETH,2025-12-29,1766980800,long,0.059038318286112945,0.5423611111111111,2,0,1,-0.4359958380901585,0.0
ETH,2025-12-03,1764478800,long,0.0553330939453347,3.500694444444444,1,1,0,-0.020064628045150117,1.0
ETH,2025-12-03,1764551700,short,0.06295356042056599,2.6569444444444446,2,0,1,-0.6499159898153807,1.0
ETH,2025-12-03,1764686700,short,0.06300384494640598,1.0944444444444443,1,1,0,-0.1505643124913052,1.0
ETH,2025-12-03,1764713700,long,0.0656809059108161,0.7819444444444444,2,0,1,0.5250055467949247,1.0
ETH,2025-12-30,1766856600,short,0.05372418961956038,2.9798611111111106,1,1,0,-0.019399071839941145,0.0
ETH,2025-12-30,1766969100,short,0.05268625926513848,1.6777777777777778,2,0,1,0.31954989237690457,0.0
ETH,2025-12-30,1767001500,long,0.051326246495736694,1.3027777777777776,2,0,1,-0.2610196080416552,0.0
ETH,2025-12-30,1766715300,short,0.05435219139900116,4.615277777777777,0,0,0,0.0,0.0
ETH,2025-12-31,1766813400,long,0.06058140934566114,4.479861111111111,1,1,0,-0.0036710105523868903,0.0
ETH,2025-12-31,1766859300,short,0.05740547093068482,3.9486111111111115,1,1,0,-0.02917652273976841,0.0
ETH,2025-12-31,1766968200,short,0.05454268061401413,2.688194444444444,1,1,0,-0.028635299127396513,0.0
ETH,2025-12-31,1767190500,long,0.07511466967820724,0.11527777777777777,1,0,0,-0.147830403614855,0.0
ETH,2025-12-04,1764340200,short,0.06442610908700097,6.104861111111111,0,0,0,0.0,0.0
ETH,2025-12-04,1764340200,long,0.0555738909129988,6.104861111111111,0,0,0,0.0,0.0
ETH,2025-12-04,1764792000,long,0.0679984676763612,0.8756944444444444,2,0,1,-0.12947159215590265,0.0
ETH,2025-12-04,1764860400,short,0.06213591293655518,0.08402777777777778,2,0,1,0.006909209784209114,0.0
ETH,2025-12-05,1764937800,long,0.06729085010062708,0.18819444444444447,2,0,1,-0.05652950182401412,1.0
ETH,2025-12-06,1764706500,long,0.0748314882493033,3.8652777777777776,0,0,0,0.0,1.0
ETH,2025-12-06,1764853200,long,0.0500257021465742,2.167361111111111,0,0,0,0.0,1.0
ETH,2025-12-06,1764889200,short,0.05035820588287654,1.7506944444444443,2,0,1,-0.6213048956977888,1.0
ETH,2025-12-06,1764953100,long,0.05208354961442341,1.011111111111111,2,0,1,0.5939227337555089,1.0
ETH,2025-12-06,1764976500,short,0.06563198632847062,0.7402777777777778,2,0,1,-0.2848233885021191,1.0
ETH,2025-12-06,1764728100,short,0.073302231529355,3.615277777777778,0,0,0,0.0,1.0
ETH,2025-12-06,1764854100,long,0.06799571022037831,2.156944444444444,1,1,0,0.024871282814263353,1.0
ETH,2025-12-07,1764707400,long,0.05139395436701477,4.854861111111111,0,0,0,0.0,1.0
ETH,2025-12-07,1764729900,short,0.05267137199649108,4.594444444444445,0,0,0,0.0,1.0
ETH,2025-12-07,1764851400,long,0.06102516252857937,3.188194444444444,0,0,0,0.0,1.0
ETH,2025-12-07,1764852300,short,0.053612703480859114,3.1777777777777776,0,0,0,0.0,1.0
ETH,2025-12-07,1764958500,short,0.06755442951176982,1.948611111111111,1,1,0,-0.035070848629847426,1.0
ETH,2025-12-07,1765058400,short,0.08320247862893476,0.7923611111111111,2,0,1,-0.4128475317823627,1.0
ETH,2025-12-07,1765123200,long,0.23996839887046528,0.04236111111111111,1,0,0,0.21296974757373316,1.0
ETH,2025-12-07,1764795600,short,0.06015711703893967,3.8340277777777776,0,0,0,0.0,1.0
ETH,2025-12-08,1764828000,short,0.05312983327900522,4.459027777777777,0,0,0,0.0,0.0
ETH,2025-12-08,1765089900,short,0.05656436604844384,1.4277777777777776,1,1,0,-0.02814749573508871,0.0
ETH,2025-12-08,1765123200,long,0.05156753786634205,1.042361111111111,2,0,1,-0.29640512114014367,0.0
ETH,2025-12-08,1765205100,short,0.05115076450375966,0.09444444444444444,2,0,1,0.1775486595642471,0.0
ETH,2025-12-08,1765209600,long,0.07189017980450596,0.04236111111111111,2,0,1,-0.375865291937725,0.0
ETH,2025-12-08,1764807300,long,0.05140595360297162,4.698611111111111,0,0,0,0.0,1.0
ETH,2025-12-08,1765206900,long,0.08667082320362329,0.07361111111111111,2,0,1,0.08721842486565097,1.0
ETH,2025-12-09,1765092600,short,0.058002231934129345,2.3965277777777776,1,1,0,-0.0174993538897153,0.0
ETH,2025-12-09,1765123200,long,0.05461622989455028,2.042361111111111,1,1,0,-0.06926057823796697,0.0
ETH,2025-12-09,1765227600,short,0.057395871523945985,0.8340277777777777,2,0,1,-0.22382828504100594,0.0
ETH,2025-12-09,1764773100,long,0.0834480733534404,6.094444444444444,0,0,0,0.0,0.0
ETH,2025-12-09,1764773100,short,0.0565519266465595,6.094444444444444,0,0,0,0.0,0.0
ETH,2025-12-09,1764763200,long,0.07080644236811584,6.209027777777778,0,0,0,0.0,0.0
ETH,2025-12-09,1764763200,short,0.059193557631884275,6.209027777777778,1,1,0,-0.010734440430614233,0.0
ETH,2026-02-05,1769722200,long,0.057566156072056396,6.813194444444444,1,1,0,-0.007840024796922713,0.0
ETH,2026-01-01,1766971800,long,0.05126467588735384,3.6465277777777776,0,0,0,0.0,0.0
ETH,2026-01-01,1767005100,short,0.062799516868976,3.261111111111111,1,1,0,-0.0034513626493148236,0.0
ETH,2026-01-01,1767090600,long,0.053144599795925895,2.2715277777777776,1,1,0,-0.005596190845025523,0.0
ETH,2026-01-01,1767096000,short,0.05399592934227071,2.209027777777778,2,0,1,0.34343249778400803,0.0
ETH,2026-01-01,1767183300,short,0.05801395154719535,1.198611111111111,2,0,1,0.37906519165814745,0.0
ETH,2026-01-01,1766761200,long,0.07132535878394308,6.084027777777777,0,0,0,0.0,0.0
ETH,2026-01-01,1766765700,short,0.05074075341628481,6.031944444444444,1,1,0,-0.009538750785408098,0.0
ETH,2026-01-01,1767096900,short,0.07346630334152071,2.198611111111111,2,0,1,0.4595813729627781,0.0
ETH,2026-01-01,1766755800,long,0.05504550468742653,6.146527777777778,0,0,0,0.0,0.0
ETH,2026-01-10,1767898800,short,0.052457947594366505,1.917361111111111,1,1,0,-0.018510779824820092,1.0
ETH,2026-01-10,1767832200,short,0.05223394195648723,2.688194444444444,0,0,0,0.0,1.0
ETH,2026-01-10,1767859200,long,0.06960126346231865,2.3756944444444446,1,1,0,-0.0037353999005908037,1.0
ETH,2026-01-11,1767798000,short,0.0631168143989409,4.084027777777778,1,1,0,0.009112191401905043,0.0
ETH,2026-01-11,1767824100,long,0.056123532568635115,3.781944444444444,2,0,1,-0.21048222064605623,0.0
ETH,2026-01-11,1767965400,short,0.05610197008807816,2.146527777777778,2,0,1,0.349563490440292,0.0
ETH,2026-01-11,1767848400,short,0.05024742121431269,3.500694444444444,0,0,0,0.0,1.0
ETH,2026-01-11,1767960900,short,0.05515741640986016,2.198611111111111,2,0,1,-0.22059484900748058,1.0
ETH,2026-01-11,1767861000,short,0.05203775762442098,3.354861111111111,1,1,0,-0.025168950750091117,1.0
ETH,2026-01-12,1767825900,long,0.05081059287066836,4.761111111111111,1,1,0,-0.03206536029287681,0.0
ETH,2026-01-12,1767910500,short,0.054813439225536165,3.781944444444444,2,0,1,0.2867210832046112,0.0
ETH,2026-01-12,1767992400,long,0.06058248673686295,2.834027777777778,0,0,0,0.0,0.0
ETH,2026-01-12,1768083300,long,0.062382738537751115,1.7819444444444446,0,0,0,0.0,0.0
ETH,2026-01-12,1768173300,short,0.09537457796060522,0.7402777777777778,1,1,0,0.05518029646247842,0.0
ETH,2026-01-13,1768093200,short,0.054492133125716435,2.667361111111111,1,1,0,-0.0037727375648707474,0.0
ETH,2026-01-13,1768207500,short,0.07760972755154738,1.3444444444444446,0,0,0,0.0,0.0
ETH,2026-01-13,1768228200,long,0.09033332573108344,1.104861111111111,0,0,0,0.0,0.0
ETH,2026-01-13,1767971700,short,0.057795447923264465,4.073611111111111,1,1,0,-0.14026220962719257,1.0
ETH,2026-01-14,1768228200,long,0.05806870432154487,2.104861111111111,0,0,0,0.0,0.0
ETH,2026-01-14,1768232700,short,0.060038558781989715,2.0527777777777776,0,0,0,0.0,0.0
ETH,2026-01-14,1768300200,long,0.050631290302191045,1.2715277777777778,2,0,1,-0.21507985916411482,0.0
ETH,2026-01-15,1768280400,short,0.07620654380920933,2.5006944444444446,0,0,0,0.0,0.0
ETH,2026-01-19,1768348800,short,0.05565171545030778,5.709027777777777,0,0,0,0.0,0.0
ETH,2026-01-02,1767190500,long,0.06840500650138881,2.1152777777777776,1,1,0,-0.03261961455443543,0.0
ETH,2026-01-02,1767206700,short,0.058347836577804735,1.9277777777777778,1,1,0,-0.00892233808538747,0.0
ETH,2026-01-02,1767310200,long,0.11530052080465869,0.7298611111111111,1,1,0,0.005309646849167378,0.0
ETH,2026-01-20,1768919400,long,0.1165339158065275,0.10486111111111111,2,0,1,-0.13934203454080812,1.0
ETH,2026-01-21,1768781700,long,0.15222928800724678,2.698611111111111,0,0,0,0.0,0.0
ETH,2026-01-21,1768782600,short,0.050780582760989845,2.688194444444444,1,1,0,-0.031191282770163108,0.0
ETH,2026-01-21,1768916700,long,0.05833572789619357,1.136111111111111,1,1,0,-0.10449365002264988,0.0
ETH,2026-01-22,1768917600,long,0.06910020072758316,2.1256944444444446,1,1,0,-0.030834810346951985,0.0
ETH,2026-01-22,1768973400,short,0.05530361221015001,1.479861111111111,1,1,0,-0.021435102729306058,0.0
ETH,2026-01-22,1769026500,long,0.05040974853633795,0.8652777777777777,2,0,1,-0.3180050117602006,0.0
ETH,2026-01-22,1769089500,short,0.07349467115303276,0.1361111111111111,2,0,1,0.010255899970073978,0.0
ETH,2026-01-23,1769040900,long,0.05419085179369554,1.698611111111111,1,1,0,-0.001322560734792963,0.0
ETH,2026-01-23,1769096700,short,0.07458685849877655,1.0527777777777778,1,1,0,-0.0279262451340441,0.0
ETH,2026-01-24,1768954500,long,0.05460984471384589,3.698611111111111,0,0,0,0.0,0.0
ETH,2026-01-24,1769014800,short,0.05084202843900598,3.000694444444444,1,1,0,-0.06729826413022366,0.0
ETH,2026-01-24,1769081400,long,0.05022504338639533,2.229861111111111,2,0,1,-0.23678592618626393,0.0
ETH,2026-01-24,1769190300,short,0.06411097743092281,0.9694444444444444,1,1,0,0.04533614883883486,0.0
ETH,2026-01-25,1768955400,long,0.05198097620763331,4.688194444444444,1,1,0,-0.022539267852594712,0.0
ETH,2026-01-25,1768973400,short,0.0538539405228835,4.479861111111111,0,0,0,0.0,0.0
ETH,2026-01-25,1769131800,long,0.06029106346009283,2.6465277777777776,0,0,0,0.0,0.0
ETH,2026-01-26,1768997700,long,0.0504492047090197,5.198611111111111,1,1,0,-0.025724804172546356,0.0
ETH,2026-01-26,1769131800,long,0.06601617263182558,3.6465277777777776,1,1,0,-0.0022618149874959192,0.0
ETH,2026-01-26,1769235300,long,0.05519225529174965,2.448611111111111,0,0,0,0.0,0.0
ETH,2026-01-27,1769127300,long,0.05755628659427958,4.698611111111111,0,0,0,0.0,0.0
ETH,2026-01-27,1769232600,long,0.0515249375759399,3.4798611111111115,0,0,0,0.0,0.0
ETH,2026-01-27,1769329800,long,0.05357544432723249,2.354861111111111,2,0,1,-0.28517431370787116,0.0
ETH,2026-01-27,1769336100,long,0.05487414968387694,2.2819444444444446,1,1,0,-0.02487977027690311,0.0
ETH,2026-01-28,1769127300,short,0.07325115705919405,5.698611111111111,0,0,0,0.0,0.0
ETH,2026-01-28,1769127300,long,0.07674884294080586,5.698611111111111,0,0,0,0.0,0.0
ETH,2026-01-28,1769346000,long,0.051123710293251134,3.1673611111111115,1,1,0,-0.02002547564850754,0.0
ETH,2026-01-28,1769523300,short,0.0627074707958496,1.1152777777777778,2,0,1,0.4191623315016986,0.0
ETH,2026-01-28,1769543100,long,0.05005184981711608,0.8861111111111111,2,0,1,-0.37037408126719057,0.0
ETH,2026-01-29,1769276700,long,0.05222391486574374,4.969444444444444,0,0,0,0.0,0.0
ETH,2026-01-29,1769492700,long,0.054794763293591675,2.4694444444444446,1,1,0,-0.014815493669100385,0.0
ETH,2026-01-29,1769613300,long,0.052142424759467065,1.073611111111111,1,1,0,0.026815073600138097,0.0
ETH,2026-01-29,1769274900,long,0.06767094113551031,4.990277777777778,0,0,0,0.0,0.0
ETH,2026-01-03,1767124800,short,0.060967626672343345,3.8756944444444446,0,0,0,0.0,0.0
ETH,2026-01-03,1767127500,long,0.05030265355091923,3.8444444444444446,0,0,0,0.0,0.0
ETH,2026-01-03,1767214800,short,0.054078191095154104,2.834027777777778,0,0,0,0.0,0.0
ETH,2026-01-03,1767225600,long,0.06478123687707016,2.7090277777777776,0,0,0,0.0,0.0
ETH,2026-01-03,1767308400,short,0.07057889070998402,1.7506944444444443,1,1,0,-0.027383629648113285,0.0
ETH,2026-01-03,1767374100,long,0.05516008286500229,0.9902777777777777,1,1,0,0.01839803042076087,0.0
ETH,2026-01-03,1767181500,short,0.06275438036185821,3.2194444444444446,1,1,0,-0.019356830914495242,1.0
ETH,2026-01-30,1769671800,long,0.05119133284734856,1.3965277777777778,1,1,0,-0.013666288706374957,0.0
ETH,2026-01-31,1769587200,long,0.0785169644421404,3.3756944444444446,0,0,0,0.0,0.0
ETH,2026-01-04,1767189600,short,0.05703831573485696,4.125694444444445,1,1,0,-0.027560490591527174,0.0
ETH,2026-01-04,1767308400,short,0.06671123933783962,2.7506944444444446,1,1,0,0.000755387133147583,0.0
ETH,2026-01-04,1767370500,long,0.05140090140118314,2.0319444444444446,2,0,1,-0.2593384751582475,0.0
ETH,2026-01-04,1767140100,short,0.05240633860975796,4.698611111111111,0,0,0,0.0,1.0
ETH,2026-01-04,1767169800,long,0.06050812366484726,4.354861111111111,0,0,0,0.0,1.0
ETH,2026-01-05,1767240900,long,0.05423935919725609,4.531944444444444,0,0,0,0.0,0.0
ETH,2026-01-05,1767288600,short,0.05772889413086579,3.979861111111111,0,0,0,0.0,0.0
ETH,2026-01-05,1767340800,long,0.054392039541270254,3.3756944444444446,1,1,0,-0.031212807332002324,0.0
ETH,2026-01-05,1767389400,short,0.05961208433022014,2.8131944444444446,1,1,0,-0.01691086571423166,0.0
ETH,2026-01-07,1767312000,short,0.07372382891365015,5.709027777777777,1,1,0,-0.022899488277210604,0.0
ETH,2026-01-07,1767450600,long,0.05648891834398162,4.104861111111111,0,0,0,0.0,0.0
ETH,2026-01-08,1767546900,short,0.05110268635111326,3.9902777777777776,0,0,0,0.0,0.0
ETH,2026-01-08,1767546900,long,0.05889731364888662,3.9902777777777776,0,0,0,0.0,0.0
ETH,2026-01-08,1767883500,long,0.17400916217249707,0.09444444444444444,1,0,0,-0.565825172683674,0.0
ETH,2026-01-09,1767882600,long,0.06838615331123399,1.104861111111111,2,0,1,-0.2777090003488814,0.0
ETH,2026-01-09,1767922200,short,0.08203048491611287,0.6465277777777778,2,0,1,0.3500022036857465,0.0
ETH,2026-01-09,1767830400,long,0.06161456334152482,1.7090277777777778,1,1,0,-0.009722636433672015,1.0
ETH,2025-11-19,1763127000,short,0.053472254762786386,5.146527777777778,0,0,0,0.0,0.0
ETH,2025-11-20,1763121600,short,0.05158804556429608,6.209027777777778,0,0,0,0.0,0.0
ETH,2025-11-20,1763124300,long,0.10718165476069585,6.177777777777778,0,0,0,0.0,0.0
ETH,2025-11-20,1763308800,long,0.06808196987711512,4.042361111111111,1,1,0,-0.015751883839014255,0.0
ETH,2025-11-20,1763317800,short,0.05622380642388525,3.938194444444444,0,0,0,0.0,0.0
ETH,2025-11-20,1763477100,long,0.07300254327036204,2.0944444444444446,1,1,0,0.017772562702959793,0.0
ETH,2025-11-21,1763477100,short,0.06244960265406807,3.0944444444444446,1,1,0,0.022634422510788565,0.0
ETH,2025-11-21,1763574300,long,0.05451078890498384,1.9694444444444443,2,0,1,-0.027859757057395185,0.0
ETH,2025-11-23,1763523900,long,0.05053317121689016,4.552777777777778,0,0,0,0.0,0.0
ETH,2025-11-23,1763515800,long,0.05222564757057335,4.646527777777778,2,0,1,-0.32904589215694635,0.0
ETH,2025-11-24,1763736300,long,0.05674163699857737,3.0944444444444446,1,1,0,-0.007784831386054557,0.0
ETH,2025-11-25,1763532900,short,0.05364141927779331,6.448611111111111,0,0,0,0.0,0.0
ETH,2025-11-26,1763813700,short,0.054813265552010715,4.198611111111111,0,0,0,0.0,0.0
ETH,2025-11-26,1764116100,short,0.05516860665219436,0.6986111111111111,2,0,1,0.24815944952688987,0.0
ETH,2025-11-27,1763785800,short,0.05169489903011293,5.521527777777778,2,0,1,-0.8126508248638633,1.0
ETH,2025-11-27,1764146700,short,0.057201346301196776,1.3444444444444446,1,1,0,-0.006081646175870158,1.0
ETH,2025-11-27,1764192600,long,0.05733426754422344,0.8131944444444444,1,1,0,-0.03701778973824442,1.0
ETH,2025-11-27,1764235800,short,0.0512530208106432,0.31319444444444444,2,0,1,-0.3481628405843566,1.0
ETH,2025-11-28,1764192600,long,0.05548282689281425,1.8131944444444443,0,0,0,0.0,1.0
ETH,2025-11-28,1764279000,long,0.050051907301069454,0.8131944444444444,1,1,0,-0.04700172073430681,1.0
ETH,2025-11-28,1764322200,long,0.0692915201694464,0.31319444444444444,2,0,1,0.30790379531699674,1.0
ETH,2025-11-29,1764208800,short,0.06567774139254978,2.6256944444444446,0,0,0,0.0,1.0
ETH,2025-11-29,1764233100,long,0.05018954707213186,2.3444444444444446,0,0,0,0.0,1.0
ETH,2025-11-29,1764368100,long,0.05868496185055294,0.7819444444444444,2,0,1,0.4919727496938213,1.0
ETH,2025-11-29,1764392400,short,0.06862156868893726,0.5006944444444444,1,1,0,0.06064666956279531,1.0
ETH,2025-11-30,1764246600,long,0.06898053836569118,3.188194444444444,1,1,0,-0.024109247932568446,1.0
ETH,2025-11-30,1764292500,short,0.062242873831381385,2.6569444444444446,0,0,0,0.0,1.0
ETH,2025-11-30,1764425700,short,0.054863087533268184,1.1152777777777778,2,0,1,-0.41715648571864056,1.0
ETH,2025-11-30,1764446400,long,0.051568906124033864,0.8756944444444444,2,0,1,0.3609115360415141,1.0
ETH,2025-12-01,1764313200,short,0.05065195144741563,3.417361111111111,1,1,0,-0.007228481987705676,0.0
ETH,2025-12-01,1764340200,long,0.05194966217663821,3.104861111111111,2,0,1,0.0392814175830552,0.0
ETH,2025-12-10,1765206000,long,0.052413334489029184,2.084027777777778,1,1,0,-0.022982048829532434,0.0
ETH,2025-12-11,1765008900,long,0.059242409614871594,5.365277777777778,0,0,0,0.0,1.0
ETH,2025-12-11,1765452600,long,0.06263688965817438,0.2298611111111111,2,0,1,0.41646796753116866,1.0
ETH,2025-12-12,1765487700,long,0.05356057732166497,0.8236111111111112,2,0,1,-0.6080627220889165,0.0
ETH,2025-12-12,1765549800,short,0.08759435780830738,0.10486111111111111,2,0,1,1.7185891111939247,0.0
ETH,2025-12-13,1765554300,long,0.05907764539921523,1.0527777777777778,2,0,1,0.675901002332225,1.0
ETH,2025-12-13,1765606500,short,0.055008856432810393,0.4486111111111111,2,0,1,-0.48259909937197804,1.0
ETH,2025-12-15,1765404000,short,0.06400838018158261,4.792361111111111,0,0,0,0.0,0.0
ETH,2025-12-15,1765618200,long,0.050175594518043765,2.3131944444444446,2,0,1,-0.19831634994381026,0.0
ETH,2025-12-15,1765683900,short,0.06087952703060717,1.5527777777777778,2,0,1,0.2741551018630266,0.0
ETH,2025-12-15,1765804500,long,0.061985622575423616,0.15694444444444444,1,0,0,0.03302206889885251,0.0
ETH,2025-12-15,1765324800,short,0.05485706789144551,5.709027777777777,0,0,0,0.0,0.0
ETH,2025-12-16,1765645200,long,0.05451887557628021,3.000694444444444,0,0,0,0.0,0.0
ETH,2025-12-16,1765731600,long,0.050385445533717155,2.000694444444444,1,1,0,-0.010258319255187956,0.0
ETH,2025-12-16,1765686600,short,0.060131689114608755,2.521527777777778,0,0,0,0.0,0.0
ETH,2025-12-17,1765559700,long,0.05779742796515941,4.990277777777778,0,0,0,0.0,0.0
ETH,2025-12-17,1765646100,long,0.058704076161136376,3.9902777777777776,0,0,0,0.0,0.0
ETH,2025-12-17,1765810800,long,0.07087592961350264,2.084027777777778,1,1,0,-0.07300482199390138,0.0
ETH,2025-12-18,1765810800,long,0.06099441681111384,3.0840277777777776,1,1,0,0.0483930851922621,0.0
ETH,2025-12-18,1765554300,long,0.059902068831245714,6.052777777777777,0,0,0,0.0,0.0
ETH,2025-12-18,1765558800,long,0.06742540559310028,6.000694444444445,1,1,0,-0.009222457147686883,0.0
ETH,2025-12-18,1765558800,short,0.0525745944068996,6.000694444444445,1,1,0,-0.009815025888645565,0.0
ETH,2025-12-19,1765895400,short,0.05512172446756858,3.104861111111111,0,0,0,0.0,0.0
ETH,2025-12-22,1766217600,long,0.09161017937830129,2.3756944444444446,0,0,0,0.0,0.0
ETH,2025-12-23,1766019600,long,0.052337322742292525,5.667361111111111,0,0,0,0.0,0.0
ETH,2025-12-23,1766026800,short,0.058376060398148355,5.584027777777778,0,0,0,0.0,0.0
ETH,2025-12-23,1766201400,long,0.061781831719371016,3.5631944444444446,0,0,0,0.0,0.0
ETH,2025-12-23,1766210400,short,0.050288111034888505,3.459027777777778,0,0,0,0.0,0.0
ETH,2025-12-24,1766205000,long,0.05775671971174501,4.521527777777778,0,0,0,0.0,0.0
ETH,2025-12-25,1766201400,long,0.0621555069332036,5.563194444444444,0,0,0,0.0,0.0
ETH,2025-12-29,1766715300,short,0.058911362628373265,3.615277777777778,0,0,0,0.0,0.0
ETH,2025-12-03,1764690300,short,0.056530906902769074,1.0527777777777778,2,0,1,0.3283717369578877,0.0
ETH,2025-12-03,1764773100,long,0.31535413690234826,0.09444444444444444,1,0,0,-0.3610924828485469,0.0
ETH,2025-12-31,1766750400,short,0.05209895096151784,5.209027777777778,0,0,0,0.0,0.0
ETH,2025-12-31,1766974500,short,0.05636223169879462,2.615277777777778,1,1,0,-0.017280528040727355,0.0
ETH,2025-12-04,1764773100,long,0.05890790623488473,1.0944444444444443,2,0,1,0.691706408028666,1.0
ETH,2025-12-04,1764859500,long,0.1383998392457617,0.09444444444444444,2,0,1,0.3720659601853727,1.0
ETH,2025-12-05,1764728100,long,0.05195395887794296,2.615277777777778,0,0,0,0.0,0.0
ETH,2025-12-05,1764907200,long,0.09174008188558558,0.5423611111111111,2,0,1,-0.7309035389286048,0.0
ETH,2025-12-05,1764904500,long,0.05534081888655118,0.5736111111111111,1,1,0,0.020602214434393397,0.0
ETH,2025-12-06,1764711000,short,0.05354063693836697,3.813194444444444,0,0,0,0.0,0.0
ETH,2025-12-06,1764742500,long,0.05140138612584488,3.4486111111111106,0,0,0,0.0,0.0
ETH,2025-12-06,1764797400,short,0.0552328207240913,2.8131944444444446,1,1,0,-0.023380542402443666,0.0
ETH,2025-12-06,1764866700,long,0.05232395187572414,2.011111111111111,1,1,0,-0.03443552996336287,0.0
ETH,2025-12-06,1764900900,short,0.053605399989142155,1.6152777777777778,2,0,1,0.42009631146777465,0.0
ETH,2025-12-06,1764741600,short,0.05194774705299299,3.459027777777778,0,0,0,0.0,0.0
ETH,2025-12-06,1764817200,long,0.05804569869154852,2.5840277777777776,1,1,0,-0.001192326061372026,0.0
ETH,2025-12-06,1764746100,short,0.05493417872901751,3.4069444444444446,0,0,0,0.0,0.0
ETH,2025-12-07,1764708300,short,0.052643732277975364,4.844444444444444,0,0,0,0.0,0.0
ETH,2025-12-07,1764729900,long,0.05380680994078557,4.594444444444445,1,1,0,0.02749782202606086,0.0
ETH,2025-12-07,1764794700,short,0.06486463912741647,3.8444444444444446,1,1,0,-0.02611708908810667,0.0
ETH,2025-12-07,1764949500,short,0.0524031211272834,2.0527777777777776,1,1,0,0.088813887349212,0.0
ETH,2025-12-07,1764743400,short,0.05597266208133378,4.438194444444445,0,0,0,0.0,0.0
ETH,2025-12-07,1764742500,short,0.05023306905002356,4.448611111111111,0,0,0,0.0,0.0
ETH,2025-12-08,1764820800,short,0.0722880786182235,4.542361111111111,0,0,0,0.0,1.0
ETH,2025-12-08,1764820800,long,0.0577119213817765,4.542361111111111,1,1,0,-0.47352410092052954,1.0
ETH,2025-12-08,1765090800,short,0.05406377759596659,1.417361111111111,1,1,0,-0.01689221857681223,1.0
ETH,2025-12-08,1765131300,long,0.059182086156984504,0.9486111111111111,2,0,1,0.7535686628992729,1.0
ETH,2025-12-08,1765208700,short,0.11628597979478117,0.05277777777777778,2,0,1,-0.34448703346766846,1.0
ETH,2025-12-09,1765094400,short,0.05488927868111171,2.3756944444444446,1,1,0,-0.01954360086931223,0.0
ETH,2025-12-09,1765123200,long,0.06163497093905579,2.042361111111111,1,1,0,-0.05386986761694895,0.0
ETH,2025-12-09,1765278900,long,0.052367178076684784,0.24027777777777778,2,0,1,-2.387278549340403,0.0
ETH,2025-12-09,1765295100,short,0.11222346121001447,0.05277777777777778,2,0,1,-1.7896662572704125,0.0
ETH,2026-02-04,1769654700,long,0.06111393589420944,6.594444444444445,1,1,0,-0.031468295689394306,0.0
ETH,2026-02-04,1769658300,short,0.08454756247315987,6.552777777777778,0,0,0,0.0,0.0
ETH,2026-01-01,1766972700,short,0.05808830420089217,3.6361111111111115,0,0,0,0.0,0.0
ETH,2026-01-01,1767082500,short,0.06166594503595013,2.365277777777778,1,1,0,-0.007980672967784545,0.0
ETH,2026-01-01,1767121200,long,0.06156433327857225,1.917361111111111,0,0,0,0.0,0.0
ETH,2026-01-01,1766988900,short,0.05347810720550272,3.4486111111111106,0,0,0,0.0,0.0
ETH,2026-01-10,1767798000,short,0.05534343223426674,3.0840277777777776,0,0,0,0.0,0.0
ETH,2026-01-10,1767916800,short,0.06265676939998488,1.7090277777777778,2,0,1,0.41629369476439654,0.0
ETH,2026-01-10,1767744000,long,0.10218461679640001,3.7090277777777776,0,0,0,0.0,0.0
ETH,2026-01-10,1767765600,short,0.05528953510497048,3.459027777777778,1,1,0,-0.018882148852551524,0.0
ETH,2026-01-11,1767982500,long,0.05667891386903978,1.948611111111111,1,1,0,-0.005023779095275238,1.0
ETH,2026-01-11,1768009500,short,0.06956591432460324,1.636111111111111,1,1,0,-0.010794495568279674,1.0
ETH,2026-01-11,1767859200,long,0.07432981837996766,3.3756944444444446,1,1,0,0.05427335253992592,1.0
ETH,2026-01-12,1768001400,long,0.05270915824394118,2.729861111111111,0,0,0,0.0,1.0
ETH,2026-01-12,1768009500,short,0.06813835268255275,2.636111111111111,0,0,0,0.0,1.0
ETH,2026-01-12,1768172400,long,0.051506345321364,0.7506944444444446,2,0,1,0.49877516442650144,1.0
ETH,2026-01-13,1768091400,long,0.05023115564904068,2.688194444444444,0,0,0,0.0,1.0
ETH,2026-01-13,1768177800,long,0.12245973414815414,1.6881944444444443,2,0,1,0.7124472843794646,1.0
ETH,2026-01-13,1768228200,short,0.09743177772392764,1.104861111111111,0,0,0,0.0,1.0
ETH,2026-01-13,1768282200,long,0.05295948814280127,0.4798611111111111,1,1,0,0.034960494972694434,1.0
ETH,2026-01-14,1768123800,short,0.05565349818821563,3.313194444444444,0,0,0,0.0,0.0
ETH,2026-01-14,1768228200,short,0.0589632981649294,2.104861111111111,0,0,0,0.0,0.0
ETH,2026-01-14,1768234500,long,0.050380365576176755,2.0319444444444446,0,0,0,0.0,0.0
ETH,2026-01-15,1768342500,long,0.115060540645616,1.7819444444444446,1,1,0,-0.02487710679315947,0.0
ETH,2026-01-17,1768389300,long,0.0649845922300547,3.2402777777777776,0,0,0,0.0,0.0
ETH,2026-01-18,1768392000,short,0.0541642541255527,4.209027777777778,0,0,0,0.0,0.0
ETH,2026-01-19,1768781700,long,0.0548362994727527,0.6986111111111111,2,0,1,-0.27491325590540255,0.0
ETH,2026-01-02,1767190500,short,0.07220741924769147,2.1152777777777776,1,1,0,0.007500903390508115,1.0
ETH,2026-01-20,1768389300,long,0.05725149657891482,6.240277777777778,0,0,0,0.0,0.0
ETH,2026-01-20,1768410000,short,0.06672175447054896,6.000694444444445,0,0,0,0.0,0.0
ETH,2026-01-20,1768500900,long,0.06421248424954307,4.948611111111111,0,0,0,0.0,0.0
ETH,2026-01-20,1768860900,long,0.07131396579275084,0.7819444444444444,2,0,1,-1.2221087680463227,0.0
ETH,2026-01-20,1768878000,short,0.05828796605341979,0.5840277777777778,2,0,1,1.337295187038973,0.0
ETH,2026-01-21,1768501800,long,0.06681287285676785,5.938194444444445,0,0,0,0.0,0.0
ETH,2026-01-22,1768670100,short,0.08119037073007929,4.990277777777778,0,0,0,0.0,0.0
ETH,2026-01-22,1768853700,short,0.05188087421859511,2.8652777777777776,1,1,0,-0.024003982633008653,0.0
ETH,2026-01-24,1768967100,long,0.061405131362505694,3.5527777777777776,0,0,0,0.0,0.0
ETH,2026-01-24,1769005800,short,0.05094930539497322,3.104861111111111,1,1,0,0.009104204016777986,0.0
ETH,2026-01-25,1768972500,long,0.0626973808183211,4.490277777777778,0,0,0,0.0,0.0
ETH,2026-01-25,1768980600,short,0.050676135319015714,4.396527777777778,0,0,0,0.0,0.0
ETH,2026-01-28,1769017500,short,0.05094730469322495,6.969444444444444,1,1,0,-0.06798032081496763,0.0
ETH,2026-01-28,1769018400,long,0.05003944145956285,6.959027777777777,1,1,0,-0.058993760370629256,0.0
ETH,2026-01-28,1769127300,short,0.05023978599481871,5.698611111111111,0,0,0,0.0,0.0
ETH,2026-01-28,1769127300,long,0.0797602140051814,5.698611111111111,0,0,0,0.0,0.0
ETH,2026-01-28,1769277600,short,0.053977192361727155,3.9590277777777776,0,0,0,0.0,0.0
ETH,2026-01-29,1769277600,long,0.06038536299954611,4.959027777777778,0,0,0,0.0,0.0
ETH,2026-01-03,1767133800,short,0.06061341990337965,3.771527777777778,0,0,0,0.0,1.0
ETH,2026-01-03,1767157200,long,0.05570195262291189,3.500694444444444,0,0,0,0.0,1.0
ETH,2026-01-03,1767366000,short,0.05438262390734716,1.0840277777777778,2,0,1,-0.5463406445552678,1.0
ETH,2026-01-03,1767375000,long,0.051868944375789594,0.9798611111111112,2,0,1,0.5757327798268591,1.0
ETH,2026-01-04,1767186900,short,0.050057079459227216,4.156944444444445,1,1,0,-0.0007410547714365619,1.0
ETH,2026-01-04,1767203100,long,0.05428430541698859,3.9694444444444446,0,0,0,0.0,1.0
ETH,2026-01-04,1767370500,short,0.07755182775873082,2.0319444444444446,1,1,0,0.022796679998935795,1.0
ETH,2026-01-04,1767485700,short,0.061693094325967146,0.6986111111111111,2,0,1,-0.34555916761721855,1.0
ETH,2026-01-05,1767239100,short,0.05208203339735051,4.552777777777778,1,1,0,-0.01108076337369253,1.0
ETH,2026-01-05,1767336300,short,0.05517706602052419,3.427777777777778,2,0,1,-0.594174537086201,1.0
ETH,2026-01-05,1767389400,long,0.06223236780699315,2.8131944444444446,1,1,0,-0.0038773617368773956,1.0
ETH,2026-01-05,1767561300,long,0.05100085245763508,0.8236111111111112,2,0,1,0.5444795814437405,1.0
ETH,2026-01-05,1767183300,short,0.06474832055026358,5.198611111111111,0,0,0,0.0,1.0
ETH,2026-01-06,1767546900,long,0.08277914780733919,1.9902777777777778,1,1,0,-0.02319999837125025,0.0
ETH,2026-01-07,1767312000,long,0.07093251784749044,5.709027777777777,0,0,0,0.0,1.0
ETH,2026-01-07,1767450600,short,0.05907460341789894,4.104861111111111,0,0,0,0.0,1.0
ETH,2026-01-07,1767653100,short,0.052636915244427596,1.761111111111111,1,1,0,0.003304923678145208,1.0
ETH,2026-01-08,1767829500,long,0.054558377047590145,0.7194444444444444,2,0,1,0.4471392709597095,1.0
ETH,2026-01-09,1767827700,long,0.05563438139320276,1.7402777777777776,1,1,0,0.008603333843523246,1.0
ETH,2026-01-09,1767922200,long,0.11617784364932926,0.6465277777777778,1,1,0,0.06316272891684291,1.0
ETH,2025-11-20,1763118000,short,0.052989943326689826,6.250694444444445,0,0,0,0.0,0.0
ETH,2025-11-20,1763204400,long,0.0582110821560935,5.250694444444445,0,0,0,0.0,0.0
ETH,2025-11-20,1763218800,short,0.0503293620258175,5.084027777777777,1,1,0,-0.027122342370361735,0.0
ETH,2025-11-21,1763460900,long,0.053226385390318764,3.2819444444444446,1,1,0,-0.00045177745549239076,0.0
ETH,2025-11-24,1763564400,long,0.050558098736204427,5.084027777777777,0,0,0,0.0,0.0
ETH,2025-11-25,1763645400,long,0.053541587836070104,5.146527777777778,0,0,0,0.0,0.0
ETH,2025-11-25,1763523000,short,0.05054878750166214,6.563194444444445,0,0,0,0.0,0.0
ETH,2025-11-25,1763524800,long,0.05139273110362752,6.542361111111111,1,1,0,-0.021151612191378517,0.0
ETH,2025-11-25,1763643600,long,0.050883690367972134,5.167361111111111,0,0,0,0.0,0.0
ETH,2025-11-25,1763528400,short,0.058077424845013104,6.500694444444444,0,0,0,0.0,0.0
ETH,2025-11-26,1763645400,short,0.057535786180352266,6.146527777777778,0,0,0,0.0,0.0
ETH,2025-11-26,1763645400,long,0.06246421381964784,6.146527777777778,0,0,0,0.0,0.0
ETH,2025-11-27,1764180900,long,0.055553782140685515,0.9486111111111111,1,1,0,-0.029920517485216958,0.0
ETH,2025-11-29,1764208800,long,0.07799527954837693,2.6256944444444446,0,0,0,0.0,0.0
ETH,2025-11-29,1764231300,short,0.05767004140974685,2.365277777777778,1,1,0,-0.01758451507294789,0.0
ETH,2025-11-29,1764340200,long,0.06843516371511527,1.104861111111111,1,1,0,-0.009675132188332963,0.0
ETH,2025-11-30,1764213300,long,0.06730880771171965,3.573611111111111,0,0,0,0.0,0.0
ETH,2025-11-30,1764249300,short,0.10121003541290419,3.156944444444444,0,0,0,0.0,0.0
ETH,2025-11-30,1764340200,long,0.05837611066797299,2.104861111111111,2,0,1,-0.18225278341752021,0.0
ETH,2025-11-30,1764246600,short,0.06204744738407941,3.188194444444444,0,0,0,0.0,0.0
ETH,2025-12-10,1764819900,short,0.06615431607477018,6.552777777777778,0,0,0,0.0,0.0
ETH,2025-12-10,1764819900,long,0.07384568392522972,6.552777777777778,0,0,0,0.0,0.0
ETH,2025-12-10,1765295100,long,0.050376077982926315,1.0527777777777778,1,1,0,-0.0980753564749316,0.0
ETH,2025-12-10,1764839700,long,0.06468457636737468,6.323611111111112,0,0,0,0.0,1.0
ETH,2025-12-10,1764839700,short,0.07531542363262522,6.323611111111112,0,0,0,0.0,1.0
ETH,2025-12-11,1765123200,long,0.07771348423259017,4.042361111111111,1,1,0,-0.02755316922339998,0.0
ETH,2025-12-11,1765393200,long,0.08415802104932313,0.9173611111111111,2,0,1,-0.2949900185290013,0.0
ETH,2025-12-11,1765467900,short,0.13359885657285653,0.05277777777777778,2,0,1,0.30308550032746684,0.0
ETH,2025-12-12,1765393200,long,0.07406240115339191,1.917361111111111,2,0,1,-0.26817663572772266,0.0
ETH,2025-12-12,1765480500,long,0.053568073412134654,0.9069444444444446,1,1,0,-0.0342157677699195,0.0
ETH,2025-12-13,1765393200,long,0.0816415109005797,2.917361111111111,2,0,1,-0.18724884135116757,0.0
ETH,2025-12-13,1765431000,short,0.0514837834441384,2.479861111111111,0,0,0,0.0,0.0
ETH,2025-12-15,1765396800,short,0.050355467095859474,4.875694444444444,1,1,0,-0.024099305652154804,0.0
ETH,2025-12-16,1765554300,long,0.05107489322807468,4.052777777777778,0,0,0,0.0,0.0
ETH,2025-12-17,1765559700,long,0.06153511281673674,4.990277777777778,0,0,0,0.0,0.0
ETH,2025-12-02,1764319500,short,0.05050319893973698,4.344444444444444,2,0,1,0.10995871416317865,0.0
ETH,2025-12-23,1766036700,long,0.05339441829782576,5.469444444444444,0,0,0,0.0,0.0
ETH,2025-12-03,1764773100,short,0.13505591225917302,0.09444444444444444,1,0,0,-0.02892557754956388,0.0
ETH,2025-12-04,1764808200,short,0.053106154883101775,0.6881944444444444,2,0,1,0.3416221572737596,0.0
ETH,2025-12-04,1764809100,long,0.05468595230320461,0.6777777777777778,1,1,0,0.032609255895263756,0.0
ETH,2025-12-06,1764728100,long,0.05564218995228698,3.615277777777778,0,0,0,0.0,0.0
ETH,2025-12-06,1764742500,short,0.05649824252901736,3.4486111111111106,0,0,0,0.0,0.0
ETH,2025-12-06,1764816300,long,0.05892939327996416,2.5944444444444446,2,0,1,-0.13263439778570085,0.0
ETH,2025-12-06,1764785700,short,0.053739970043089946,2.948611111111111,0,0,0,0.0,0.0
ETH,2025-12-06,1764797400,long,0.05882099481558911,2.8131944444444446,0,0,0,0.0,0.0
ETH,2025-12-07,1764761400,long,0.09168988948398082,4.229861111111111,1,1,0,0.00043393429139852377,0.0
ETH,2025-12-07,1764829800,short,0.05098062946653714,3.4381944444444446,0,0,0,0.0,0.0
ETH,2025-12-07,1764871200,long,0.05126073891407845,2.959027777777778,1,1,0,-0.031116583990302427,0.0
ETH,2025-12-09,1764773100,long,0.06821914957327757,6.094444444444444,0,0,0,0.0,0.0
ETH,2025-12-09,1764776700,short,0.058441530433905875,6.052777777777777,0,0,0,0.0,0.0
ETH,2025-12-09,1765295100,long,0.20798233857826087,0.05277777777777778,2,0,1,-2.6878314680679853,0.0
ETH,2026-02-04,1769658300,long,0.0909294467435342,6.552777777777778,0,0,0,0.0,0.0
ETH,2026-01-10,1767828600,long,0.053477988910132,2.729861111111111,0,0,0,0.0,0.0
ETH,2026-01-10,1767823200,short,0.05138880763852394,2.792361111111111,0,0,0,0.0,0.0
ETH,2026-01-12,1768187700,long,0.050509856404211906,0.5736111111111111,2,0,1,-0.055105559686339234,0.0
ETH,2026-01-13,1768228200,short,0.0889281855382471,1.104861111111111,0,0,0,0.0,0.0
ETH,2026-01-13,1768235400,long,0.054904745500624186,1.0215277777777778,0,0,0,0.0,0.0
ETH,2026-01-14,1768059900,short,0.05341474567041049,4.052777777777778,1,1,0,0.0005791926924943944,0.0
ETH,2026-01-14,1768228200,short,0.10000125969711215,2.104861111111111,0,0,0,0.0,0.0
ETH,2026-01-14,1768235400,long,0.08365697575405995,2.0215277777777776,0,0,0,0.0,0.0
ETH,2026-01-14,1768320000,short,0.05691415041061754,1.042361111111111,2,0,1,0.9535084600377717,0.0
ETH,2026-01-14,1768401000,long,0.050317036547906646,0.10486111111111111,2,0,1,0.35134664925561687,0.0
ETH,2026-01-15,1768342500,short,0.3441577153378496,1.7819444444444446,1,1,0,-0.02487710679315947,0.0
ETH,2026-01-15,1768389300,long,0.10488637159317116,1.2402777777777778,2,0,1,-0.20031201500304283,0.0
ETH,2026-01-15,1768386600,long,0.08453465573729968,1.2715277777777778,1,1,0,-0.01780500327457688,1.0
ETH,2026-01-16,1768491900,long,0.05098556405488708,1.0527777777777778,2,0,1,0.6112354073347234,1.0
ETH,2026-01-16,1768491000,long,0.05147986833512075,1.0631944444444446,1,1,0,-0.003916772830896739,1.0
ETH,2026-01-17,1768347900,long,0.05304534158026586,3.7194444444444446,0,0,0,0.0,1.0
ETH,2026-01-17,1768351500,short,0.05209931961324088,3.6777777777777776,0,0,0,0.0,1.0
ETH,2026-01-17,1768497300,short,0.06383565054805113,1.9902777777777778,1,1,0,-1.8885314921501806e-05,1.0
ETH,2026-01-17,1768529700,long,0.056081567477003214,1.6152777777777778,0,0,0,0.0,1.0
ETH,2026-01-17,1768393800,short,0.09504371200602074,3.188194444444444,1,1,0,-0.0004985750324343896,1.0
ETH,2026-01-18,1768389300,long,0.053949884844060714,4.240277777777778,0,0,0,0.0,0.0
ETH,2026-01-18,1768492800,short,0.0500844052651771,3.042361111111111,0,0,0,0.0,0.0
ETH,2026-01-19,1768689000,short,0.06390228998056646,1.7715277777777778,2,0,1,-0.31422253180237836,1.0
ETH,2026-01-19,1768780800,short,0.051982413584609366,0.7090277777777778,2,0,1,-0.3107194552084688,1.0
ETH,2026-01-19,1768781700,long,0.0645864822566089,0.6986111111111111,1,1,0,0.024190582120228257,1.0
ETH,2026-01-20,1768616100,long,0.05262573480118049,3.615277777777778,0,0,0,0.0,0.0
ETH,2026-01-20,1768746600,short,0.057780693219078194,2.104861111111111,0,0,0,0.0,0.0
ETH,2026-01-20,1768761900,long,0.07356106354360592,1.9277777777777778,0,0,0,0.0,0.0
ETH,2026-01-21,1768413600,long,0.0603849947108408,6.959027777777777,1,1,0,-0.02068828961632612,0.0
ETH,2026-01-21,1768414500,short,0.06850856579303832,6.948611111111112,1,1,0,-0.0207486997103032,0.0
ETH,2026-01-21,1768500900,short,0.07373678465488653,5.948611111111111,0,0,0,0.0,0.0
ETH,2026-01-21,1768885200,long,0.0672023329195075,1.5006944444444446,2,0,1,0.3906300821904605,0.0
ETH,2026-01-25,1768959000,long,0.05334144584921785,4.646527777777778,0,0,0,0.0,0.0
ETH,2026-01-28,1769018400,long,0.05603908510168365,6.959027777777777,0,0,0,0.0,0.0
ETH,2026-01-28,1769030100,short,0.050804092349425845,6.823611111111111,0,0,0,0.0,0.0
ETH,2026-01-29,1769116500,short,0.05008624370541437,6.823611111111111,0,0,0,0.0,0.0
ETH,2026-01-29,1769126400,long,0.05459602478826131,6.709027777777777,0,0,0,0.0,0.0
ETH,2026-01-04,1767374100,short,0.07377857319199532,1.9902777777777778,1,1,0,-0.02103422142787612,0.0
ETH,2026-01-05,1767206700,short,0.05049831138857397,4.927777777777777,0,0,0,0.0,0.0
ETH,2026-01-06,1767546900,short,0.08489652417499283,1.9902777777777778,0,0,0,0.0,1.0
ETH,2026-01-06,1767645900,long,0.06587789196984506,0.8444444444444444,2,0,1,0.5929548804210871,1.0
ETH,2026-01-06,1767709800,short,0.05116301300325288,0.10486111111111111,2,0,1,0.18523155151601156,1.0
ETH,2026-01-06,1767549600,short,0.060420532462051924,1.9590277777777776,1,1,0,-0.014254542158884916,1.0
ETH,2026-01-06,1767645000,long,0.09705416907306086,0.8548611111111112,2,0,1,0.42267390183889825,1.0
ETH,2026-01-07,1767653100,long,0.0583768032511669,1.761111111111111,1,1,0,0.003304923678145208,0.0
ETH,2026-01-07,1767792600,long,0.07283665066949818,0.14652777777777778,2,0,1,-0.11582990379998215,0.0
ETH,2026-01-08,1767744000,long,0.0508268831808909,1.7090277777777778,1,1,0,0.02748325167020657,0.0
ETH,2026-01-08,1767829500,short,0.05629353039881024,0.7194444444444444,2,0,1,0.13392784461824045,0.0
ETH,2026-01-09,1767772800,short,0.05744713533793788,2.3756944444444446,1,1,0,-0.022509680536810003,0.0
ETH,2025-11-19,1763392500,long,0.054967254648153885,2.073611111111111,0,0,0,0.0,0.0
ETH,2025-11-20,1763204400,short,0.0660565592301956,5.250694444444445,0,0,0,0.0,0.0
ETH,2025-11-20,1763075700,short,0.060783128039211154,6.740277777777778,0,0,0,0.0,0.0
ETH,2025-11-20,1763075700,long,0.059216871960789064,6.740277777777778,0,0,0,0.0,0.0
ETH,2025-11-21,1763477100,short,0.059055502041303165,3.0944444444444446,1,1,0,0.009875946919932627,0.0
ETH,2025-11-21,1763504100,long,0.05055189695583007,2.7819444444444446,2,0,1,0.03622619267054358,0.0
ETH,2025-11-23,1763525700,short,0.0679118588349783,4.531944444444444,0,0,0,0.0,0.0
ETH,2025-11-24,1763535600,short,0.06108370632019755,5.417361111111111,0,0,0,0.0,0.0
ETH,2025-11-24,1763625600,short,0.05240439652117801,4.375694444444444,0,0,0,0.0,0.0
ETH,2025-11-24,1763580600,short,0.05100333902495813,4.896527777777778,0,0,0,0.0,0.0
ETH,2025-11-26,1763645400,long,0.050258300392855615,6.146527777777778,0,0,0,0.0,0.0
ETH,2025-11-26,1763645400,short,0.05974169960714448,6.146527777777778,0,0,0,0.0,0.0
ETH,2025-12-10,1764819900,short,0.06938865708458686,6.552777777777778,0,0,0,0.0,1.0
ETH,2025-12-10,1764819900,long,0.07061134291541316,6.552777777777778,0,0,0,0.0,1.0
ETH,2025-12-10,1765296900,long,0.0519917030156245,1.0319444444444446,2,0,1,0.7214183009314565,1.0
ETH,2025-12-10,1765311300,long,0.051665548081774704,0.8652777777777777,1,1,0,-0.008824157720002848,1.0
ETH,2025-12-11,1765123200,long,0.05012783995226022,4.042361111111111,1,1,0,-0.029102146808615767,0.0
ETH,2025-12-11,1765320300,short,0.05114206283382983,1.761111111111111,1,1,0,-0.0326494636066301,0.0
ETH,2025-12-11,1765393200,long,0.07976884140710494,0.9173611111111111,2,0,1,-0.28137307570425,0.0
ETH,2025-12-12,1765325700,short,0.05543773890904946,2.698611111111111,0,0,0,0.0,0.0
ETH,2025-12-12,1765393200,long,0.07052376421353967,1.917361111111111,1,1,0,-0.026605994570575664,0.0
ETH,2025-12-12,1765521000,short,0.05767911322451891,0.43819444444444444,2,0,1,-0.38087988325417316,0.0
ETH,2025-12-13,1765393200,long,0.06381909348995274,2.917361111111111,1,1,0,-0.053053808579221484,0.0
ETH,2025-12-13,1765393200,short,0.056180906510047146,2.917361111111111,2,0,1,0.29003406362081646,0.0
ETH,2025-12-15,1765398600,short,0.051889863185784146,4.854861111111111,1,1,0,-0.036639022274059935,0.0
ETH,2025-12-15,1765404000,long,0.05005766579590154,4.792361111111111,1,1,0,-0.029523749624335793,0.0
ETH,2025-12-17,1765559700,short,0.05525331518390941,4.990277777777778,0,0,0,0.0,0.0
ETH,2025-12-04,1764803700,short,0.05534006789452861,0.7402777777777778,2,0,1,0.11823622554737057,0.0
ETH,2025-12-06,1764799200,short,0.07101009407152692,2.792361111111111,1,1,0,-0.03505150131640358,0.0
ETH,2025-12-07,1764761400,short,0.07170190944405797,4.229861111111111,1,1,0,-0.007528153677093373,0.0
ETH,2025-12-07,1764852300,long,0.07609184344368902,3.1777777777777776,0,0,0,0.0,0.0
ETH,2025-12-07,1764872100,short,0.06215027328513767,2.948611111111111,1,1,0,-0.001569936158683817,0.0
ETH,2025-12-07,1764762300,long,0.05262105990427157,4.219444444444444,0,0,0,0.0,0.0
ETH,2025-12-07,1764799200,short,0.06460741373938517,3.7923611111111115,0,0,0,0.0,0.0
ETH,2025-12-09,1764907200,short,0.053421084333078905,4.542361111111111,1,1,0,-0.027370430883066392,1.0
ETH,2025-12-09,1765298700,long,0.10258312992769403,0.01111111111111111,2,0,1,0.10067039027141098,1.0
ETH,2025-12-09,1764752400,short,0.053171085252289974,6.334027777777777,0,0,0,0.0,1.0
ETH,2026-01-10,1767859200,short,0.07459582272883347,2.3756944444444446,0,0,0,0.0,0.0
ETH,2026-01-10,1767744000,short,0.05453077794513306,3.7090277777777776,0,0,0,0.0,0.0
ETH,2026-01-12,1767875400,long,0.0889263387812056,4.188194444444444,0,0,0,0.0,0.0
ETH,2026-01-14,1768402800,long,0.1699569122332416,0.08402777777777778,2,0,1,0.23035577365512874,1.0
ETH,2026-01-15,1768342500,long,0.3840627957807321,1.7819444444444446,1,1,0,-0.037309357055283,1.0
ETH,2026-01-15,1768454100,short,0.06117180342720463,0.4902777777777778,2,0,1,-0.39331093799242245,1.0
ETH,2026-01-15,1768488300,long,0.12470687490918841,0.09444444444444444,2,0,1,0.23238405627903774,1.0
ETH,2026-01-16,1768386600,short,0.062321690264374174,2.2715277777777776,1,1,0,-0.029522858231564537,0.0
ETH,2026-01-16,1768390200,short,0.08470437774516376,2.229861111111111,1,1,0,0.07047096611449966,0.0
ETH,2026-01-18,1768466700,short,0.05619953867047711,3.344444444444444,1,1,0,-0.0372056287343112,1.0
ETH,2026-01-18,1768614300,short,0.07030176396802434,1.636111111111111,1,1,0,-0.03469410504917197,1.0
ETH,2026-01-19,1768691700,short,0.05998449970387054,1.7402777777777776,1,1,0,-0.012282400901952747,0.0
ETH,2026-01-19,1768715100,long,0.06498076679244225,1.4694444444444446,2,0,1,-0.19213094562434832,0.0
ETH,2026-01-20,1768670100,long,0.06015909449156309,2.990277777777778,0,0,0,0.0,0.0
ETH,2026-01-20,1768756500,long,0.06665046224037163,1.9902777777777778,0,0,0,0.0,0.0
ETH,2026-01-20,1768761900,short,0.11146577073078667,1.9277777777777778,0,0,0,0.0,0.0
ETH,2026-01-21,1768413600,long,0.05631168481358961,6.959027777777777,1,1,0,-0.023417012536368298,0.0
ETH,2026-01-21,1768418100,short,0.05488338974744711,6.906944444444445,1,1,0,-0.00592992617205081,0.0
ETH,2026-01-21,1768670100,long,0.08105025899276974,3.9902777777777776,0,0,0,0.0,0.0
ETH,2026-01-22,1768780800,short,0.19138177949778234,3.7090277777777776,1,1,0,0.021133098659053773,0.0
ETH,2026-01-22,1768782600,short,0.2082894430311102,3.6881944444444446,1,1,0,-0.16175732690135833,0.0
ETH,2026-01-27,1768964400,long,0.05069909322753963,6.584027777777778,0,0,0,0.0,0.0
ETH,2026-01-28,1769041800,long,0.052995888778180844,6.688194444444444,1,1,0,-0.006584083617427311,0.0
ETH,2026-01-06,1767709800,long,0.11421092041397585,0.10486111111111111,2,0,1,0.24051823899821956,0.0
ETH,2026-01-07,1767709800,long,0.05033305341480787,1.104861111111111,2,0,1,-0.09390117543610071,0.0
ETH,2026-01-08,1767741300,short,0.05026092315873465,1.7402777777777776,1,1,0,-0.006964251152922686,0.0
ETH,2026-01-08,1767687300,short,0.05232443821308641,2.365277777777778,0,0,0,0.0,0.0
ETH,2025-11-18,1763268300,long,0.058604844593953764,2.511111111111111,0,0,0,0.0,0.0
ETH,2025-11-20,1763308800,short,0.053026819940639625,4.042361111111111,0,0,0,0.0,0.0
ETH,2025-11-20,1763095500,short,0.05714207551397854,6.511111111111111,0,0,0,0.0,0.0
ETH,2025-11-25,1763523900,short,0.058505315244424705,6.552777777777778,0,0,0,0.0,0.0
ETH,2025-11-25,1763639100,short,0.0543006346250402,5.219444444444445,0,0,0,0.0,0.0
ETH,2025-11-25,1763517600,short,0.07282361124802639,6.625694444444445,1,1,0,-0.01811963113542539,0.0
ETH,2025-11-26,1763645400,short,0.06635921219406848,6.146527777777778,0,0,0,0.0,0.0
ETH,2025-12-10,1765296000,short,0.08258705487603657,1.042361111111111,1,1,0,-0.05912236437791479,0.0
ETH,2025-12-11,1765296000,short,0.053363933072782976,2.042361111111111,1,1,0,-0.02124281880908549,0.0
ETH,2025-12-11,1765325700,long,0.05257594238768659,1.698611111111111,1,1,0,-0.0193513461520927,0.0
ETH,2025-12-12,1765325700,long,0.051388413430058844,2.698611111111111,0,0,0,0.0,0.0
ETH,2025-12-12,1765393200,short,0.05070892575065333,1.917361111111111,1,1,0,-0.08875005386196533,0.0
ETH,2025-12-13,1765393200,long,0.057572094109577865,2.917361111111111,1,1,0,-0.09799631528496734,0.0
ETH,2025-12-15,1765324800,long,0.05070614320536215,5.709027777777777,0,0,0,0.0,0.0
ETH,2025-12-15,1765403100,short,0.05528020715176429,4.802777777777778,1,1,0,0.014361219491490926,0.0
ETH,2025-12-17,1765559700,long,0.05180948562539789,4.990277777777778,1,1,0,0.006568843915443588,0.0
ETH,2025-12-18,1765558800,long,0.052104791381482496,6.000694444444445,1,1,0,0.011744579173885172,0.0
ETH,2025-12-07,1764811800,short,0.05103169699419219,3.6465277777777776,1,1,0,-0.007860988023929026,0.0
ETH,2025-12-07,1764829800,long,0.056044890969947136,3.4381944444444446,1,1,0,-0.015194988611146413,0.0
ETH,2026-01-14,1768342500,short,0.0715678494520583,0.7819444444444444,2,0,1,0.2685433330894506,0.0
ETH,2026-01-15,1768347000,short,0.07229891196270521,1.7298611111111113,1,1,0,-0.04392881546524413,0.0
ETH,2026-01-15,1768419000,long,0.08147525823458812,0.8965277777777778,2,0,1,-0.14036864851087952,0.0
ETH,2026-01-17,1768497300,long,0.05322586770698079,1.9902777777777778,1,1,0,-1.8885314921501806e-05,0.0
ETH,2026-01-19,1768759200,long,0.07452725028351082,0.9590277777777778,0,0,0,0.0,0.0
ETH,2026-01-20,1768670100,short,0.06618865022398057,2.990277777777778,1,1,0,-0.006899688812462555,0.0
ETH,2026-01-20,1768761000,long,0.0727868397768161,1.9381944444444446,0,0,0,0.0,0.0
ETH,2026-01-20,1768763700,short,0.06117992285176732,1.9069444444444443,0,0,0,0.0,0.0
ETH,2026-01-21,1768412700,long,0.05203758366354516,6.969444444444444,1,1,0,-0.03978325762779304,0.0
ETH,2026-01-21,1768417200,short,0.053459233737008005,6.91736111111111,1,1,0,-0.03469808787021586,0.0
ETH,2026-01-21,1768616100,short,0.05139237059909785,4.615277777777777,0,0,0,0.0,0.0
ETH,2025-11-24,1763523000,short,0.053450646337968144,5.563194444444444,0,0,0,0.0,0.0
ETH,2025-12-11,1765393200,short,0.08183181999419298,0.9173611111111111,1,1,0,-0.07547643838386639,0.0
ETH,2025-12-13,1765393200,short,0.05987584002464552,2.917361111111111,1,1,0,-0.07884902904475903,0.0
ETH,2025-12-17,1765417500,long,0.054585461148260794,6.636111111111112,0,0,0,0.0,0.0
ETH,2026-01-11,1767735900,long,0.05340042989948901,4.802777777777778,0,0,0,0.0,0.0
ETH,2026-01-17,1768391100,short,0.05158553295419921,3.2194444444444446,1,1,0,0.015313213684953218,0.0
ETH,2026-01-19,1768392900,short,0.060125908646886383,5.198611111111111,1,1,0,0.009218480011646255,0.0
ETH,2026-01-20,1768389300,short,0.05600905104392029,6.240277777777778,0,0,0,0.0,0.0
ETH,2026-01-20,1768410000,long,0.10362037107838207,6.000694444444445,1,1,0,-0.0073586919656085555,0.0
ETH,2026-01-20,1768559400,long,0.05724636012616369,4.271527777777778,1,1,0,-0.014044871077597672,0.0
ETH,2026-01-22,1768781700,short,0.13247897026386923,3.698611111111111,0,0,0,0.0,0.0
ETH,2025-11-18,1763095500,short,0.06502041235068767,4.511111111111111,1,1,0,0.020428633560554833,0.0
ETH,2025-11-18,1763004600,short,0.055574056266725624,5.563194444444444,0,0,0,0.0,0.0
ETH,2025-12-11,1765393200,short,0.05016500729635942,0.9173611111111111,1,1,0,-0.023433296442337836,0.0
ETH,2025-11-17,1762960500,short,0.05031490348123813,5.073611111111111,0,0,0,0.0,0.0
SOL,2025-12-16,1765422900,long,0.06281517118636137,5.573611111111111,0,0,0,0.0,0.0
SOL,2025-12-18,1765584900,long,0.06943156020863817,5.698611111111111,0,0,0,0.0,0.0
SOL,2025-12-20,1766090700,long,0.06819996816565976,1.8444444444444443,1,1,0,-0.037227058698913365,0.0
SOL,2025-12-21,1766001600,long,0.07653763289749516,3.8756944444444446,0,0,0,0.0,0.0
SOL,2025-12-21,1766007000,short,0.05608711117520193,3.813194444444444,0,0,0,0.0,0.0
SOL,2025-12-22,1766001600,long,0.07744071277677622,4.875694444444444,0,0,0,0.0,0.0
SOL,2025-12-22,1766007000,short,0.058572303798720804,4.813194444444444,0,0,0,0.0,0.0
SOL,2025-12-22,1766129400,long,0.05207173054359737,3.3965277777777776,0,0,0,0.0,0.0
SOL,2025-12-24,1766134800,long,0.0609066679386312,5.334027777777778,0,0,0,0.0,0.0
SOL,2025-12-25,1766095200,short,0.05303808659154918,6.792361111111111,0,0,0,0.0,0.0
SOL,2026-02-01,1769873400,short,0.11574053067391882,1.0631944444444446,2,0,1,0.13049993625587514,1.0
SOL,2026-02-01,1769877900,long,0.057555027331334996,1.011111111111111,2,0,1,0.10279121111047607,1.0
SOL,2026-02-10,1770149700,long,0.06190606334763671,6.865277777777778,1,1,0,-0.02177413289078265,0.0
SOL,2026-02-10,1770168600,short,0.052585683357316726,6.646527777777777,0,0,0,0.0,0.0
SOL,2026-02-10,1770250500,long,0.05180842271488317,5.698611111111111,0,0,0,0.0,0.0
SOL,2026-02-10,1770452100,long,0.0527027084000834,3.3652777777777776,0,0,0,0.0,0.0
SOL,2026-02-11,1770239700,short,0.07267624559255292,6.823611111111111,2,0,1,-0.000984995270727318,0.0
SOL,2026-02-11,1770239700,long,0.07732375440744699,6.823611111111111,1,1,0,-0.024887609044448547,0.0
SOL,2026-02-11,1770343200,short,0.06806910107763275,5.625694444444444,0,0,0,0.0,0.0
SOL,2026-02-11,1770286500,long,0.07737245298152073,6.281944444444445,1,1,0,0.022133998339640276,0.0
SOL,2026-02-12,1770322500,short,0.056430716581950424,6.865277777777778,0,0,0,0.0,0.0
SOL,2026-02-12,1770330600,long,0.07313216308583348,6.771527777777778,1,1,0,0.04178488415109109,0.0
SOL,2026-02-02,1769737500,long,0.05105777187192917,3.6361111111111115,0,0,0,0.0,1.0
SOL,2026-02-02,1769870700,short,0.061037785636127107,2.0944444444444446,2,0,1,-0.3449747600835496,1.0
SOL,2026-02-02,1769871600,long,0.054517192423712446,2.084027777777778,2,0,1,0.4484067815882794,1.0
SOL,2026-02-02,1770003000,short,0.05864253333145897,0.5631944444444444,2,0,1,-0.15673165588339977,1.0
SOL,2026-02-02,1770004800,long,0.19961390620547204,0.5423611111111111,2,0,1,0.19518932410477047,1.0
SOL,2026-02-23,1771358400,long,0.056205788761226505,5.875694444444444,0,0,0,0.0,0.0
SOL,2026-02-03,1769737500,long,0.10013934319507145,4.636111111111111,0,0,0,0.0,1.0
SOL,2026-02-03,1769834700,long,0.07525230064951849,3.511111111111111,0,0,0,0.0,1.0
SOL,2026-02-03,1769869800,short,0.059257004981325134,3.104861111111111,1,1,0,0.03619419187920064,1.0
SOL,2026-02-03,1770007500,long,0.07441610196284576,1.511111111111111,1,1,0,0.01850628768659679,1.0
SOL,2026-02-03,1770102900,long,0.05213127136766005,0.40694444444444444,2,0,1,0.24520349385814166,1.0
SOL,2026-02-04,1769737500,long,0.090558058222447,5.636111111111111,0,0,0,0.0,0.0
SOL,2026-02-04,1769740200,short,0.050490550887549945,5.604861111111111,1,1,0,0.030505400537004637,0.0
SOL,2026-02-04,1769871600,short,0.05417627398112934,4.084027777777778,1,1,0,0.03770320068161115,0.0
SOL,2026-02-04,1769871600,long,0.06082372601887087,4.084027777777778,1,1,0,-0.09372886511746478,0.0
SOL,2026-02-04,1770004800,long,0.07303754995818945,2.542361111111111,0,0,0,0.0,0.0
SOL,2026-02-04,1770042600,short,0.07923934846649394,2.104861111111111,1,1,0,-0.001790222816057549,0.0
SOL,2026-02-04,1770105600,long,0.08738973014300644,1.3756944444444446,1,1,0,0.01654078639731399,0.0
SOL,2026-02-04,1769870700,long,0.08771614907346681,4.094444444444444,1,1,0,-0.25802268478551454,0.0
SOL,2026-02-05,1769871600,short,0.06390050318979668,5.084027777777777,1,1,0,0.026381956813701257,0.0
SOL,2026-02-05,1769877000,long,0.07467003622272772,5.021527777777778,1,1,0,-0.08979962692290253,0.0
SOL,2026-02-05,1770004800,long,0.07360541239499829,3.542361111111111,0,0,0,0.0,0.0
SOL,2026-02-05,1770042600,short,0.07691670836976638,3.104861111111111,0,0,0,0.0,0.0
SOL,2026-02-05,1770109200,long,0.051046543553538104,2.3340277777777776,0,0,0,0.0,0.0
SOL,2026-02-05,1769737500,long,0.055152165477822646,6.636111111111112,1,1,0,-0.017735847746196673,0.0
SOL,2026-02-05,1769884200,long,0.08942883350236697,4.938194444444445,2,0,1,-0.0029044461057444737,0.0
SOL,2026-02-05,1770114600,long,0.06407301831455525,2.2715277777777776,1,1,0,-0.008352184800441262,0.0
SOL,2026-02-06,1770148800,long,0.06066959463371213,2.875694444444444,2,0,1,0.07711117719259925,0.0
SOL,2026-02-06,1770185700,short,0.05602177263118946,2.448611111111111,1,1,0,-0.0061277756618163945,0.0
SOL,2026-02-07,1770148800,long,0.0627124378974584,3.8756944444444446,0,0,0,0.0,0.0
SOL,2026-02-07,1770217200,short,0.057499902779984624,3.0840277777777776,1,1,0,-0.007623074079475595,0.0
SOL,2026-02-08,1770152400,short,0.058564229370981824,4.834027777777778,0,0,0,0.0,0.0
SOL,2026-02-08,1770246000,short,0.0507792621335742,3.7506944444444446,0,0,0,0.0,0.0
SOL,2026-02-08,1770252300,long,0.05003888951716884,3.6777777777777776,1,1,0,-0.02415943887108891,0.0
SOL,2026-02-09,1770166800,long,0.05078842512356441,5.667361111111111,0,0,0,0.0,0.0
SOL,2026-02-09,1770180300,short,0.06163884192919755,5.511111111111111,0,0,0,0.0,0.0
SOL,2026-01-27,1769190300,long,0.07439654905296345,3.9694444444444446,0,0,0,0.0,0.0
SOL,2026-03-10,1772643600,short,0.05789240284262409,5.959027777777778,2,0,1,0.1343178806756698,0.0
SOL,2026-03-10,1772643600,long,0.07510759715737603,5.959027777777778,0,0,0,0.0,0.0
SOL,2026-03-19,1773570600,long,0.05039332030767496,4.229861111111111,0,0,0,0.0,0.0
SOL,2026-03-03,1772028900,long,0.05002856149086321,6.115277777777778,1,1,0,-0.03521217911009731,0.0
SOL,2026-03-03,1772037000,short,0.0633831109947437,6.021527777777777,2,0,1,0.0925280397805835,0.0
SOL,2026-03-03,1772211600,short,0.06292874554569361,4.000694444444445,0,0,0,0.0,0.0
SOL,2026-03-06,1772643600,long,0.06755390638654268,2.000694444444444,1,1,0,-0.0025828328383377328,0.0
SOL,2026-03-09,1772643600,long,0.06261529047128267,4.959027777777778,0,0,0,0.0,0.0
SOL,2025-12-13,1765404000,long,0.05305076435237621,2.792361111111111,0,0,0,0.0,0.0
SOL,2025-12-13,1765477800,long,0.07172707028757186,1.9381944444444446,1,1,0,0.0019005896818503065,0.0
SOL,2025-12-13,1765413900,long,0.05902774690474266,2.677777777777778,0,0,0,0.0,1.0
SOL,2025-12-15,1765440000,long,0.08886917944581407,4.375694444444444,0,0,0,0.0,0.0
SOL,2025-12-16,1765477800,long,0.06499074903217883,4.938194444444445,0,0,0,0.0,0.0
SOL,2025-12-17,1765422900,short,0.06478091589814483,6.573611111111111,0,0,0,0.0,0.0
SOL,2025-12-17,1765434600,long,0.05565431481456562,6.438194444444444,0,0,0,0.0,0.0
SOL,2025-12-17,1765834200,long,0.05602261256188812,1.8131944444444443,0,0,0,0.0,0.0
SOL,2025-12-17,1765786500,long,0.053544343362222024,2.365277777777778,0,0,0,0.0,1.0
SOL,2025-12-18,1765757700,long,0.06426678778730577,3.698611111111111,0,0,0,0.0,0.0
SOL,2025-12-18,1765812600,short,0.056955552951748145,3.0631944444444446,1,1,0,-0.004842348596365564,0.0
SOL,2025-12-18,1765857600,long,0.05475226738081318,2.542361111111111,0,0,0,0.0,0.0
SOL,2025-12-18,1766031300,long,0.062427637819939985,0.5319444444444444,0,0,0,0.0,0.0
SOL,2025-12-19,1765919700,long,0.05388680310481653,2.823611111111111,0,0,0,0.0,0.0
SOL,2025-12-19,1765988100,short,0.05204303632544249,2.0319444444444446,1,1,0,-0.06455626840676457,0.0
SOL,2025-12-19,1766019600,long,0.053786435900911034,1.667361111111111,0,0,0,0.0,0.0
SOL,2025-12-19,1766079000,short,0.0707701046110556,0.9798611111111112,2,0,1,0.19723378882010487,0.0
SOL,2025-12-19,1766106000,long,0.11499760964410788,0.6673611111111111,2,0,1,0.05773958026125292,0.0
SOL,2025-12-19,1765961100,long,0.07768498919217648,2.3444444444444446,0,0,0,0.0,1.0
SOL,2025-12-19,1766049300,long,0.08966252097103511,1.323611111111111,1,1,0,-0.016551436824762115,1.0
SOL,2025-12-20,1765990800,short,0.06828483025384202,3.000694444444444,0,0,0,0.0,0.0
SOL,2025-12-20,1766005200,long,0.05375174670982252,2.834027777777778,0,0,0,0.0,0.0
SOL,2025-12-20,1766078100,short,0.08243066768972895,1.9902777777777778,1,1,0,-0.05084924943220387,0.0
SOL,2025-12-20,1766091600,long,0.06025417884021689,1.8340277777777778,1,1,0,0.022749047729369018,0.0
SOL,2025-12-20,1766087100,short,0.08258882567914852,1.8861111111111113,1,1,0,0.01624347700269319,1.0
SOL,2025-12-21,1765991700,short,0.054773477145123706,3.9902777777777776,0,0,0,0.0,0.0
SOL,2025-12-21,1766001600,long,0.05676744469719952,3.8756944444444446,0,0,0,0.0,0.0
SOL,2025-12-21,1766078100,short,0.07685631387656144,2.990277777777778,0,0,0,0.0,0.0
SOL,2025-12-21,1766088000,long,0.05098899851197092,2.875694444444444,0,0,0,0.0,0.0
SOL,2025-12-21,1766044800,short,0.05050464455802442,3.3756944444444446,0,0,0,0.0,1.0
SOL,2025-12-22,1765929600,long,0.05669307119835798,5.709027777777777,0,0,0,0.0,0.0
SOL,2025-12-22,1765988100,short,0.0666432688402071,5.031944444444444,0,0,0,0.0,0.0
SOL,2025-12-22,1766078100,short,0.07552050068821314,3.9902777777777776,0,0,0,0.0,0.0
SOL,2025-12-22,1766110500,long,0.07383740761962243,3.615277777777778,1,1,0,-0.03217643768865769,0.0
SOL,2025-12-22,1766009700,long,0.08197826682678011,4.781944444444445,0,0,0,0.0,1.0
SOL,2025-12-23,1765980000,long,0.06221268491988341,6.125694444444444,1,1,0,0.025789612588435817,0.0
SOL,2025-12-23,1765989000,short,0.0585395045246484,6.021527777777777,0,0,0,0.0,0.0
SOL,2025-12-23,1766102400,long,0.054371120233510206,4.709027777777778,0,0,0,0.0,0.0
SOL,2025-12-24,1766120400,short,0.05756209121906475,5.500694444444444,1,1,0,-0.013456926892921592,0.0
SOL,2025-12-25,1766189700,long,0.05267044372850127,5.698611111111111,0,0,0,0.0,0.0
SOL,2025-12-25,1766201400,short,0.05404591002204839,5.563194444444444,0,0,0,0.0,0.0
SOL,2025-12-25,1766370600,long,0.05018545401821228,3.6048611111111106,0,0,0,0.0,0.0
SOL,2025-12-30,1766807100,long,0.05367953043992868,3.5527777777777776,0,0,0,0.0,0.0
SOL,2025-12-30,1766811600,long,0.09189860333708033,3.500694444444444,0,0,0,0.0,1.0
SOL,2025-12-08,1764811800,long,0.07117796858373238,4.646527777777778,0,0,0,0.0,0.0
SOL,2026-02-01,1769667300,long,0.0679792106643502,3.4486111111111106,1,1,0,-0.006318479515039253,0.0
SOL,2026-02-01,1769700600,short,0.05100024023373495,3.0631944444444446,1,1,0,-0.0069072394321432196,0.0
SOL,2026-02-01,1769829300,short,0.06773511355260126,1.5736111111111113,1,1,0,-0.032893312307486405,0.0
SOL,2026-02-01,1769873400,long,0.13848455512802227,1.0631944444444446,2,0,1,0.3035499197102655,0.0
SOL,2026-02-10,1770171300,long,0.05082949769582079,6.615277777777777,1,1,0,-0.01707198301582757,0.0
SOL,2026-02-11,1770233400,short,0.05394110866832569,6.896527777777778,0,0,0,0.0,0.0
SOL,2026-02-11,1770233400,long,0.05705889133167419,6.896527777777778,2,0,1,0.14573436733379522,0.0
SOL,2026-02-02,1769667300,long,0.07508360898545607,4.448611111111111,0,0,0,0.0,0.0
SOL,2026-02-02,1769712300,short,0.05414459340100969,3.927777777777778,0,0,0,0.0,0.0
SOL,2026-02-02,1769829300,short,0.06666134742861096,2.573611111111111,2,0,1,1.1102284974563537,0.0
SOL,2026-02-02,1769846400,long,0.053237322062641645,2.3756944444444446,1,1,0,0.037938906306277505,0.0
SOL,2026-02-02,1769670900,long,0.07727040820231701,4.406944444444444,0,0,0,0.0,0.0
SOL,2026-02-03,1769671800,long,0.05072149864641706,5.396527777777777,0,0,0,0.0,0.0
SOL,2026-02-03,1769712300,short,0.05248121701755398,4.927777777777777,0,0,0,0.0,0.0
SOL,2026-02-03,1769829300,short,0.07118678181055271,3.573611111111111,0,0,0,0.0,0.0
SOL,2026-02-03,1769846400,long,0.07477419005505315,3.3756944444444446,0,0,0,0.0,0.0
SOL,2026-02-04,1769675400,long,0.0706496375821768,6.354861111111112,0,0,0,0.0,0.0
SOL,2026-02-04,1769726700,short,0.0633595465336978,5.761111111111111,0,0,0,0.0,0.0
SOL,2026-02-04,1769841000,short,0.05021793089183069,4.438194444444445,0,0,0,0.0,0.0
SOL,2026-02-04,1769846400,long,0.06063667245285087,4.375694444444444,1,1,0,0.014496929551322056,0.0
SOL,2026-02-04,1769872500,long,0.06950875614689944,4.073611111111111,1,1,0,0.035059482941014686,0.0
SOL,2026-02-04,1769663700,long,0.05907750512200027,6.490277777777778,2,0,1,-0.6570474510198385,0.0
SOL,2026-02-05,1769742000,long,0.06632842745048628,6.584027777777778,0,0,0,0.0,0.0
SOL,2026-02-05,1769830200,short,0.055174412228673475,5.563194444444444,0,0,0,0.0,0.0
SOL,2026-02-05,1769846400,long,0.05792010611645759,5.375694444444445,1,1,0,0.012445488320963843,0.0
SOL,2026-02-05,1770102900,long,0.06766185497950739,2.4069444444444446,1,1,0,-0.019310111047693708,0.0
SOL,2026-02-09,1770151500,long,0.05112456528257847,5.844444444444444,1,1,0,0.004448009754490979,0.0
SOL,2026-01-13,1767797100,long,0.08125989964338354,6.094444444444444,0,0,0,0.0,0.0
SOL,2026-01-02,1767137400,short,0.05070248895003726,2.729861111111111,0,0,0,0.0,0.0
SOL,2026-01-02,1767145500,long,0.05078608109005467,2.636111111111111,0,0,0,0.0,1.0
SOL,2026-01-29,1769147100,long,0.0562932201758608,6.469444444444444,0,0,0,0.0,1.0
SOL,2026-01-03,1767168900,long,0.07744347509804905,3.3652777777777776,0,0,0,0.0,0.0
SOL,2026-01-30,1769703300,long,0.05273185683796955,1.0319444444444446,2,0,1,0.34587855758851377,1.0
SOL,2026-01-30,1769725800,short,0.05160424390586116,0.7715277777777778,2,0,1,-0.22020792926854715,1.0
SOL,2026-01-31,1769699700,long,0.07925298952517634,2.073611111111111,2,0,1,-1.072337206565523,0.0
SOL,2026-01-31,1769716800,short,0.05440674946570667,1.8756944444444446,1,1,0,-0.013287299292827626,0.0
SOL,2026-01-05,1767319200,long,0.05413782350057095,3.625694444444444,1,1,0,-0.01263021447313243,0.0
SOL,2026-01-06,1767323700,long,0.050737789006392475,4.573611111111111,1,1,0,-0.016947173319551097,0.0
SOL,2026-01-06,1767373200,long,0.06450735118376993,4.000694444444445,1,1,0,-0.019466367401785818,0.0
SOL,2026-01-07,1767329100,long,0.05153848317862586,5.511111111111111,0,0,0,0.0,0.0
SOL,2026-01-08,1767356100,long,0.05081617015274986,6.198611111111111,0,0,0,0.0,0.0
SOL,2025-11-20,1763102700,long,0.05305580808868959,6.427777777777778,0,0,0,0.0,0.0
SOL,2025-11-20,1763124300,short,0.059161847915909394,6.177777777777778,0,0,0,0.0,0.0
SOL,2025-11-21,1763584200,short,0.052287590569370934,1.854861111111111,1,1,0,0.01964568186898703,0.0
SOL,2025-11-21,1763594100,long,0.0511362030051572,1.7402777777777776,0,0,0,0.0,0.0
SOL,2025-11-21,1763521200,long,0.0682634527886834,2.5840277777777776,0,0,0,0.0,1.0
SOL,2025-11-21,1763574300,short,0.06537793265268765,1.9694444444444443,1,1,0,0.007651007939996429,1.0
SOL,2025-11-21,1763608500,long,0.05630371704106962,1.5736111111111113,0,0,0,0.0,1.0
SOL,2025-11-21,1763559900,long,0.06874374849540499,2.136111111111111,0,0,0,0.0,1.0
SOL,2025-11-22,1763565300,long,0.054025549487942026,3.073611111111111,0,0,0,0.0,0.0
SOL,2025-11-26,1763655300,short,0.06902068896005198,6.031944444444444,0,0,0,0.0,1.0
SOL,2025-11-29,1764216000,short,0.05369370407772056,2.542361111111111,0,0,0,0.0,0.0
SOL,2025-11-29,1764236700,long,0.05205625574230899,2.302777777777778,0,0,0,0.0,0.0
SOL,2025-11-29,1764269100,long,0.0516740597471288,1.9277777777777778,0,0,0,0.0,1.0
SOL,2025-12-10,1765268100,long,0.07104340580050339,1.3652777777777778,0,0,0,0.0,0.0
SOL,2025-12-11,1765238400,short,0.05588671984001625,2.7090277777777776,0,0,0,0.0,0.0
SOL,2025-12-11,1765267200,long,0.06844560990137305,2.3756944444444446,0,0,0,0.0,0.0
SOL,2025-12-12,1765325700,long,0.06918657446016141,2.698611111111111,0,0,0,0.0,0.0
SOL,2025-12-12,1765386000,short,0.05805669091804033,2.000694444444444,0,0,0,0.0,0.0
SOL,2025-12-12,1765438200,long,0.09185858006344416,1.3965277777777778,0,0,0,0.0,0.0
SOL,2025-12-13,1765325700,long,0.07750368896509974,3.698611111111111,0,0,0,0.0,0.0
SOL,2025-12-13,1765384200,short,0.05551826588338882,3.0215277777777776,1,1,0,0.01892655064461533,0.0
SOL,2025-12-13,1765438200,long,0.06292821135163695,2.3965277777777776,0,0,0,0.0,0.0
SOL,2025-12-13,1765470600,short,0.051935867275753056,2.0215277777777776,1,1,0,0.03375640189562605,0.0
SOL,2025-12-13,1765395000,long,0.050794846309939023,2.8965277777777776,0,0,0,0.0,1.0
SOL,2025-12-13,1765507500,long,0.055449319593520396,1.5944444444444443,1,1,0,-0.04528441588271061,1.0
SOL,2025-12-13,1765393200,long,0.15202970518954229,2.917361111111111,0,0,0,0.0,1.0
SOL,2025-12-15,1765568700,short,0.06168852035566741,2.886111111111111,1,1,0,-0.005776264220596933,1.0
SOL,2025-12-15,1765580400,long,0.08067741262453243,2.7506944444444446,0,0,0,0.0,1.0
SOL,2025-12-15,1765747800,short,0.05781795302258241,0.8131944444444444,2,0,1,-0.23589660290615833,1.0
SOL,2025-12-15,1765753200,long,0.08254924577682199,0.7506944444444446,1,1,0,-0.029507561989890282,1.0
SOL,2025-12-16,1765401300,short,0.08270265746419658,5.823611111111111,0,0,0,0.0,1.0
SOL,2025-12-16,1765585800,long,0.06150960111257908,3.6881944444444446,0,0,0,0.0,1.0
SOL,2025-12-16,1765733400,short,0.06427067787818397,1.979861111111111,1,1,0,-0.017659981201537573,1.0
SOL,2025-12-16,1765772100,long,0.0716358605855214,1.5319444444444443,0,0,0,0.0,1.0
SOL,2025-12-16,1765836000,short,0.05321940224048427,0.7923611111111111,2,0,1,-0.29214669067092536,1.0
SOL,2025-12-16,1765858500,long,0.08356683979463275,0.5319444444444444,2,0,1,0.34699763682699014,1.0
SOL,2025-12-17,1765401300,short,0.093080792585295,6.823611111111111,0,0,0,0.0,1.0
SOL,2025-12-17,1765422900,long,0.06066289188207907,6.573611111111111,0,0,0,0.0,1.0
SOL,2025-12-17,1765717200,short,0.05115031391079117,3.1673611111111115,0,0,0,0.0,1.0
SOL,2025-12-17,1765814400,short,0.050127761320755915,2.042361111111111,2,0,1,-0.42093129775615273,1.0
SOL,2025-12-17,1765821600,long,0.06901641249314272,1.9590277777777776,1,1,0,-0.018262089323302554,1.0
SOL,2025-12-17,1765901700,short,0.058707590892215555,1.0319444444444446,2,0,1,-0.23252108982353137,1.0
SOL,2025-12-17,1765394100,short,0.09502482542955759,6.906944444444445,1,1,0,-0.009406397375767811,1.0
SOL,2025-12-17,1765772100,long,0.06038669406121788,2.531944444444444,0,0,0,0.0,1.0
SOL,2025-12-18,1765810800,short,0.05825360201204943,3.0840277777777776,1,1,0,0.01899245319602899,1.0
SOL,2025-12-18,1765812600,long,0.060532505418568805,3.0631944444444446,2,0,1,0.6007127620887933,1.0
SOL,2025-12-18,1765899900,long,0.05810402844172802,2.0527777777777776,0,0,0,0.0,1.0
SOL,2025-12-18,1765901700,short,0.05272309343521275,2.0319444444444446,0,0,0,0.0,1.0
SOL,2025-12-18,1765987200,long,0.08305858313254255,1.042361111111111,1,1,0,-0.07357973575174637,1.0
SOL,2025-12-18,1766007000,short,0.05233615242209838,0.8131944444444444,2,0,1,-0.08641011331977094,1.0
SOL,2025-12-18,1765785600,short,0.059179055347612725,3.3756944444444446,0,0,0,0.0,1.0
SOL,2025-12-19,1765917900,short,0.0594778004425367,2.844444444444444,0,0,0,0.0,1.0
SOL,2025-12-19,1765925100,long,0.050644839404802244,2.761111111111111,1,1,0,-0.02687130666924217,1.0
SOL,2025-12-19,1766019600,short,0.05267611973106456,1.667361111111111,0,0,0,0.0,1.0
SOL,2025-12-19,1766019600,long,0.07732388026893533,1.667361111111111,1,1,0,-0.011938533733205659,1.0
SOL,2025-12-19,1766110500,short,0.11289398833744935,0.6152777777777777,2,0,1,-0.16700013816270343,1.0
SOL,2025-12-19,1766115900,long,0.05704714417651746,0.5527777777777778,2,0,1,0.12930916600355852,1.0
SOL,2025-12-20,1765915200,short,0.05263073145692965,3.8756944444444446,0,0,0,0.0,1.0
SOL,2025-12-20,1765990800,long,0.08337914860625761,3.000694444444444,0,0,0,0.0,1.0
SOL,2025-12-20,1766019600,short,0.07100870974599605,2.667361111111111,0,0,0,0.0,1.0
SOL,2025-12-20,1766078100,long,0.05595195759525318,1.9902777777777778,1,1,0,-0.05084924943220387,1.0
SOL,2025-12-20,1766110500,short,0.07975093671291678,1.6152777777777778,2,0,1,-0.2743968669370427,1.0
SOL,2025-12-20,1766178000,long,0.06014597150362988,0.8340277777777777,1,1,0,0.018485759748397182,1.0
SOL,2025-12-21,1765916100,short,0.05693449983888277,4.865277777777778,0,0,0,0.0,1.0
SOL,2025-12-21,1766001600,long,0.0776371015261268,3.8756944444444446,0,0,0,0.0,1.0
SOL,2025-12-21,1766019600,short,0.09333421544317672,3.667361111111111,0,0,0,0.0,1.0
SOL,2025-12-21,1766110500,short,0.05951995873622962,2.615277777777778,1,1,0,-0.04257213772542426,1.0
SOL,2025-12-21,1766196900,short,0.15113412686553163,1.6152777777777778,1,0,0,-0.08044058603321563,1.0
SOL,2025-12-22,1766019600,short,0.08151897769145511,4.667361111111111,0,0,0,0.0,1.0
SOL,2025-12-22,1766110500,short,0.05521642760041412,3.615277777777778,1,1,0,-0.03217643768865769,1.0
SOL,2025-12-22,1766196900,short,0.1039827373279526,2.615277777777778,0,0,0,0.0,1.0
SOL,2025-12-22,1766378700,long,0.053520844100846565,0.5111111111111111,1,1,0,0.011061968094094005,1.0
SOL,2025-12-22,1765967400,short,0.0504075471468014,5.271527777777778,0,0,0,0.0,1.0
SOL,2025-12-23,1765963800,short,0.05462951593470167,6.313194444444445,0,0,0,0.0,1.0
SOL,2025-12-23,1765993500,long,0.05640689984428171,5.969444444444445,0,0,0,0.0,1.0
SOL,2025-12-23,1766368800,short,0.06209171108914213,1.6256944444444446,1,1,0,-0.01864585205925119,1.0
SOL,2025-12-23,1766413800,long,0.05042684827053723,1.104861111111111,1,1,0,0.029377298037726998,1.0
SOL,2025-12-23,1766042100,long,0.07858279844487437,5.406944444444444,0,0,0,0.0,1.0
SOL,2025-12-23,1766196900,short,0.06582308153215058,3.615277777777778,0,0,0,0.0,1.0
SOL,2025-12-24,1766091600,short,0.050342497085893556,5.834027777777778,1,1,0,0.001289865497416269,1.0
SOL,2025-12-24,1766103300,long,0.06598293064640726,5.698611111111111,0,0,0,0.0,1.0
SOL,2025-12-24,1766366100,short,0.06463487143338581,2.6569444444444446,1,1,0,-0.0276323851689387,1.0
SOL,2025-12-24,1766454300,long,0.050174052359802435,1.636111111111111,1,1,0,0.0034380158849146372,1.0
SOL,2025-12-24,1766492100,short,0.060107253002084526,1.198611111111111,1,1,0,-0.03603470153622163,1.0
SOL,2025-12-24,1766367000,short,0.0696217700897204,2.6465277777777776,0,0,0,0.0,1.0
SOL,2025-12-25,1766192400,short,0.05554404913953759,5.667361111111111,1,1,0,-0.047042682372200176,1.0
SOL,2025-12-25,1766193300,long,0.05437311063936079,5.656944444444444,0,0,0,0.0,1.0
SOL,2025-12-25,1766366100,short,0.07089545235756733,3.656944444444444,0,0,0,0.0,1.0
SOL,2025-12-25,1766429100,long,0.05071687322679885,2.9277777777777776,0,0,0,0.0,1.0
SOL,2025-12-25,1766460600,short,0.0569801572529115,2.5631944444444446,1,1,0,-0.03404327512050159,1.0
SOL,2025-12-28,1766807100,short,0.13460147837795636,1.5527777777777778,1,1,0,-0.010127387238132694,1.0
SOL,2025-12-28,1766848500,long,0.05221539284844079,1.073611111111111,0,0,0,0.0,1.0
SOL,2025-12-29,1766814300,short,0.06166069514879746,2.4694444444444446,1,1,0,-0.023898378008748982,1.0
SOL,2025-12-29,1766971800,long,0.0594656991394813,0.6465277777777778,1,1,0,-0.053753385977844084,1.0
SOL,2025-12-30,1766826900,short,0.07098380795941306,3.3236111111111115,0,0,0,0.0,1.0
SOL,2025-12-30,1766970900,long,0.0720435935878081,1.6569444444444443,1,1,0,-0.014199074279912696,1.0
SOL,2025-12-30,1767012300,short,0.06369880973445291,1.1777777777777778,2,0,1,-0.21102657432589383,1.0
SOL,2025-12-31,1766813400,long,0.052123545799668713,4.479861111111111,1,1,0,-0.01645189289633167,1.0
SOL,2025-12-31,1766826900,short,0.07198230823416607,4.323611111111111,0,0,0,0.0,1.0
SOL,2025-12-31,1767081600,long,0.050164935800087296,1.3756944444444446,0,0,0,0.0,1.0
SOL,2025-12-31,1767106800,short,0.05604938154475464,1.0840277777777778,2,0,1,-0.13886081362664798,1.0
SOL,2025-12-06,1764814500,long,0.05417169242022335,2.615277777777778,0,0,0,0.0,0.0
SOL,2025-12-07,1764902700,long,0.06223166887386555,2.5944444444444446,0,0,0,0.0,0.0
SOL,2025-12-08,1764898200,long,0.050764467936083024,3.6465277777777776,0,0,0,0.0,0.0
SOL,2025-12-08,1765098900,long,0.07334186326863112,1.323611111111111,1,1,0,-0.02629705650558283,0.0
SOL,2025-12-09,1765109700,long,0.05077657283347525,2.198611111111111,1,1,0,-0.002418889719579067,0.0
SOL,2025-12-09,1765122300,short,0.05239905270727274,2.0527777777777776,0,0,0,0.0,0.0
SOL,2026-02-01,1769667300,long,0.057723424410987656,3.4486111111111106,0,0,0,0.0,0.0
SOL,2026-02-01,1769667300,short,0.06227657558901234,3.4486111111111106,1,1,0,-0.006318479515039253,0.0
SOL,2026-02-01,1769829300,long,0.08149076980828829,1.5736111111111113,0,0,0,0.0,0.0
SOL,2026-02-02,1769667300,short,0.05566230202945688,4.448611111111111,0,0,0,0.0,0.0
SOL,2026-02-02,1769667300,long,0.054337697970543,4.448611111111111,0,0,0,0.0,0.0
SOL,2026-02-03,1769667300,short,0.05679341117811426,5.448611111111111,1,1,0,-0.027813278455340745,0.0
SOL,2026-02-03,1769855400,long,0.0526493479994361,3.271527777777778,2,0,1,0.39295204941849127,0.0
SOL,2026-02-03,1769670900,long,0.05433393954891419,5.406944444444444,0,0,0,0.0,0.0
SOL,2026-02-03,1769671800,short,0.06185116319060735,5.396527777777777,0,0,0,0.0,0.0
SOL,2026-02-04,1769675400,short,0.07588548510036347,6.354861111111112,0,0,0,0.0,0.0
SOL,2026-02-04,1769731200,long,0.06382906535597366,5.709027777777777,0,0,0,0.0,0.0
SOL,2026-02-04,1769846400,long,0.0595291354116787,4.375694444444444,0,0,0,0.0,0.0
SOL,2026-02-05,1769855400,long,0.05357766185453383,5.271527777777778,0,0,0,0.0,0.0
SOL,2026-01-13,1767801600,long,0.06086986145832629,6.042361111111112,0,0,0,0.0,0.0
SOL,2026-01-14,1767889800,long,0.05294713848101984,6.021527777777777,0,0,0,0.0,0.0
SOL,2026-01-15,1768142700,long,0.07387245292011668,4.094444444444444,1,1,0,0.014921391889333599,0.0
SOL,2026-01-15,1768143600,long,0.08234379558982607,4.084027777777778,0,0,0,0.0,0.0
SOL,2026-01-02,1767124800,long,0.07672096568961084,2.875694444444444,0,0,0,0.0,0.0
SOL,2026-01-02,1767182400,short,0.0935789456289875,2.209027777777778,1,1,0,-0.022205192665480322,0.0
SOL,2026-01-02,1767216600,long,0.05540305536053536,1.8131944444444443,1,1,0,-0.013942210740806468,0.0
SOL,2026-01-02,1767158100,long,0.10508328292089786,2.4902777777777776,1,1,0,-0.00970185405938725,1.0
SOL,2026-01-21,1768781700,short,0.0817814594576678,2.698611111111111,1,1,0,-0.02834191411377626,1.0
SOL,2026-01-21,1768828500,long,0.055628844119542276,2.156944444444444,1,1,0,-0.026426406301474574,1.0
SOL,2026-01-24,1769157000,short,0.05775753044160792,1.3548611111111113,1,1,0,-0.04774452248503302,1.0
SOL,2026-01-25,1769157000,short,0.06977861350872189,2.354861111111111,1,1,0,-0.04065553442084356,1.0
SOL,2026-01-26,1769152500,short,0.05051979536562756,3.4069444444444446,0,0,0,0.0,1.0
SOL,2026-01-26,1769155200,long,0.07508978826846469,3.3756944444444446,1,1,0,0.034676739098844396,1.0
SOL,2026-01-27,1769146200,short,0.05254071232268309,4.479861111111111,1,1,0,-0.035211544013940846,1.0
SOL,2026-01-27,1769155200,long,0.06844007925398654,4.375694444444444,0,0,0,0.0,1.0
SOL,2026-01-03,1767320100,short,0.08587263475218643,1.6152777777777778,1,1,0,0.0032804430773464358,0.0
SOL,2026-01-30,1769661900,long,0.0655556889529989,1.511111111111111,1,1,0,-0.011197554396036636,0.0
SOL,2026-01-31,1769675400,short,0.05095997249203621,2.354861111111111,0,0,0,0.0,0.0
SOL,2026-01-31,1769685300,long,0.0541128684770682,2.2402777777777776,0,0,0,0.0,0.0
SOL,2026-01-04,1767145500,long,0.05897280357858925,4.636111111111111,0,0,0,0.0,0.0
SOL,2026-01-04,1767148200,short,0.06185436358234697,4.604861111111111,0,0,0,0.0,0.0
SOL,2026-01-04,1767321000,short,0.09267194181744237,2.604861111111111,1,1,0,0.0030690094104340107,0.0
SOL,2026-01-04,1767366000,long,0.05084186202935159,2.084027777777778,1,1,0,-0.0444904517322012,0.0
SOL,2026-01-05,1767314700,short,0.06701450561625111,3.6777777777777776,1,1,0,-0.01402504041558757,0.0
SOL,2026-01-05,1767356100,long,0.055547022643644306,3.198611111111111,1,1,0,-0.014720377995294465,0.0
SOL,2026-01-05,1767442500,long,0.06796071341167753,2.198611111111111,1,1,0,-0.024465275764275388,0.0
SOL,2026-01-06,1767321900,short,0.06047318233031429,4.594444444444445,1,1,0,-0.006828522188238012,0.0
SOL,2026-01-06,1767339000,long,0.061085460013312165,4.396527777777778,1,1,0,-0.009211727096154379,0.0
SOL,2026-01-06,1767427200,long,0.07333915127036894,3.3756944444444446,1,1,0,-0.013461946649483462,0.0
SOL,2026-01-06,1767483000,short,0.055109305454388635,2.729861111111111,0,0,0,0.0,0.0
SOL,2026-01-06,1767530700,long,0.0503932754287435,2.1777777777777776,1,1,0,-0.044257042500431686,0.0
SOL,2026-01-06,1767415500,short,0.054439231915164754,3.511111111111111,1,1,0,-0.009469208694430659,1.0
SOL,2026-01-06,1767447900,long,0.06272177072526408,3.1361111111111106,1,1,0,0.017582161418684232,1.0
SOL,2026-01-07,1767316500,short,0.051372623076701096,5.656944444444444,2,0,1,0.41522230181142883,0.0
SOL,2026-01-07,1767339000,long,0.0694091481879675,5.396527777777777,1,1,0,-0.004344360253090707,0.0
SOL,2026-01-07,1767578400,long,0.05151819199687946,2.6256944444444446,1,1,0,-0.0024104719675138997,0.0
SOL,2026-01-08,1767350700,long,0.057308263559121775,6.261111111111111,0,0,0,0.0,0.0
SOL,2026-01-08,1767357000,short,0.05460395363884474,6.188194444444444,1,1,0,-0.016174638734391247,0.0
SOL,2026-01-08,1767363300,short,0.050170013984556006,6.115277777777778,1,1,0,-0.02132917906357419,1.0
SOL,2025-11-19,1763260200,long,0.059114802153307,3.6048611111111106,0,0,0,0.0,0.0
SOL,2025-11-19,1763310600,short,0.050365959934288496,3.0215277777777776,1,1,0,-0.0016712922329438096,0.0
SOL,2025-11-20,1763261100,long,0.06200615854457814,4.594444444444445,0,0,0,0.0,0.0
SOL,2025-11-20,1763310600,short,0.07455745927367352,4.021527777777778,0,0,0,0.0,0.0
SOL,2025-11-20,1763347500,long,0.05600025789020191,3.5944444444444446,0,0,0,0.0,0.0
SOL,2025-11-20,1763429400,short,0.05756999137471086,2.6465277777777776,1,1,0,0.036658454755419,0.0
SOL,2025-11-20,1763442000,long,0.05090482912305205,2.5006944444444446,0,0,0,0.0,0.0
SOL,2025-11-20,1763576100,short,0.05815803447005252,0.9486111111111111,2,0,1,0.3394341597949802,0.0
SOL,2025-11-20,1763580600,long,0.052945091198461025,0.8965277777777778,1,1,0,-0.05230836358535984,1.0
SOL,2025-11-21,1763496000,long,0.07165169145676731,2.875694444444444,1,1,0,-0.025834819253872557,1.0
SOL,2025-11-21,1763561700,short,0.07391575200715617,2.1152777777777776,1,1,0,-0.06027075127620923,1.0
SOL,2025-11-21,1763603100,long,0.06702687977322563,1.636111111111111,0,0,0,0.0,1.0
SOL,2025-11-21,1763656200,short,0.06725730007414121,1.0215277777777778,2,0,1,-0.49399394777699757,1.0
SOL,2025-11-21,1763552700,long,0.05778315223181907,2.2194444444444446,1,1,0,-0.04115972709187149,1.0
SOL,2025-11-23,1763521200,long,0.05985290175360092,4.584027777777778,0,0,0,0.0,0.0
SOL,2025-11-23,1763561700,short,0.0545506958483335,4.115277777777778,0,0,0,0.0,0.0
SOL,2025-11-23,1763650800,long,0.06022500895834826,3.0840277777777776,0,0,0,0.0,0.0
SOL,2025-11-23,1763655300,short,0.07867202977168553,3.031944444444444,0,0,0,0.0,0.0
SOL,2025-11-25,1763523900,long,0.05322838962356746,6.552777777777778,0,0,0,0.0,0.0
SOL,2025-11-25,1763531100,short,0.05360768403873761,6.469444444444444,0,0,0,0.0,0.0
SOL,2025-11-25,1763522100,long,0.06479918599298373,6.573611111111111,0,0,0,0.0,1.0
SOL,2025-11-27,1763661600,short,0.05818001643712434,6.959027777777777,0,0,0,0.0,0.0
SOL,2025-11-27,1763674200,long,0.08010710264516496,6.813194444444444,1,1,0,-0.24817834379627432,0.0
SOL,2025-11-27,1763676900,short,0.07322174894237365,6.781944444444444,0,0,0,0.0,0.0
SOL,2025-12-01,1764255600,short,0.05308353907271024,4.084027777777778,0,0,0,0.0,0.0
SOL,2025-12-10,1765111500,short,0.05503955245762859,3.1777777777777776,0,0,0,0.0,1.0
SOL,2025-12-10,1765119600,long,0.06898322669215529,3.0840277777777776,0,0,0,0.0,1.0
SOL,2025-12-10,1765206000,long,0.05638766472215795,2.084027777777778,1,1,0,-0.030578593344783925,1.0
SOL,2025-12-10,1765224900,short,0.055051296129460525,1.8652777777777778,0,0,0,0.0,1.0
SOL,2025-12-10,1765313100,long,0.06302536197389785,0.8444444444444444,2,0,1,0.31022994394477543,1.0
SOL,2025-12-10,1765318500,short,0.08819069255790618,0.7819444444444444,1,1,0,-0.016449662977089406,1.0
SOL,2025-12-10,1765324800,long,0.052858369003499384,0.7090277777777778,0,0,0,0.0,1.0
SOL,2025-12-11,1765266300,short,0.050855285815244566,2.386111111111111,0,0,0,0.0,1.0
SOL,2025-12-11,1765313100,long,0.05297494578529194,1.8444444444444443,1,1,0,-0.03193475294347911,1.0
SOL,2025-12-11,1765357200,short,0.05098658413938073,1.3340277777777778,1,1,0,-0.013833652363237366,1.0
SOL,2025-12-11,1765413900,long,0.05614924269906596,0.6777777777777778,1,1,0,-0.09705929197590607,1.0
SOL,2025-12-12,1765438200,short,0.050999494744619955,1.3965277777777778,1,1,0,-0.0404861542177834,1.0
SOL,2025-12-12,1765496700,long,0.05144397530528111,0.7194444444444444,1,1,0,-0.004490095790058497,1.0
SOL,2025-12-13,1765321200,long,0.051564857253709295,3.7506944444444446,0,0,0,0.0,1.0
SOL,2025-12-13,1765399500,short,0.06632792038157831,2.844444444444444,0,0,0,0.0,1.0
SOL,2025-12-13,1765410300,long,0.05375880823404611,2.7194444444444446,1,1,0,-0.10004624009651886,1.0
SOL,2025-12-13,1765495800,short,0.05525519228656994,1.7298611111111113,1,1,0,-0.012133018594401829,1.0
SOL,2025-12-13,1765523700,long,0.05424562606247596,1.4069444444444446,1,1,0,0.02974662475934272,1.0
SOL,2025-12-13,1765317600,long,0.05377262706082586,3.7923611111111115,0,0,0,0.0,1.0
SOL,2025-12-15,1765552500,short,0.05157554958670246,3.073611111111111,1,1,0,0.0023910603848432133,0.0
SOL,2025-12-15,1765732500,long,0.08248634025781199,0.9902777777777777,1,1,0,-0.002402571623700724,0.0
SOL,2025-12-16,1765716300,long,0.05413712870319021,2.1777777777777776,0,0,0,0.0,0.0
SOL,2025-12-16,1765802700,long,0.05499875520302422,1.1777777777777778,2,0,1,-0.4233098678323007,0.0
SOL,2025-12-17,1765716300,long,0.06816348069483769,3.1777777777777776,1,1,0,-0.01637570897987824,0.0
SOL,2025-12-17,1765836900,short,0.050355013289377415,1.7819444444444446,2,0,1,0.23837661359363427,0.0
SOL,2025-12-17,1765880100,long,0.06653508233993888,1.2819444444444443,0,0,0,0.0,0.0
SOL,2025-12-17,1765983600,long,0.18241006876921606,0.08402777777777778,1,0,0,-0.2849855909471696,0.0
SOL,2025-12-17,1765738800,long,0.05003601158272408,2.917361111111111,0,0,0,0.0,0.0
SOL,2025-12-18,1765900800,long,0.05388209061616034,2.042361111111111,0,0,0,0.0,0.0
SOL,2025-12-19,1765942200,long,0.05559635981499644,2.5631944444444446,1,1,0,-0.030123000482588418,0.0
SOL,2025-12-19,1765966500,short,0.050105741315647934,2.2819444444444446,1,1,0,-0.011314442031671541,0.0
SOL,2025-12-19,1766071800,long,0.06355655942223182,1.0631944444444446,2,0,1,-0.13810857254326495,0.0
SOL,2025-12-20,1765944000,long,0.053218723460183304,3.542361111111111,0,0,0,0.0,0.0
SOL,2025-12-20,1766001600,short,0.0528174383228589,2.875694444444444,0,0,0,0.0,0.0
SOL,2025-12-20,1766071800,long,0.06173672109409045,2.0631944444444446,1,1,0,0.06007595152380263,0.0
SOL,2025-12-20,1765943100,long,0.050853414459421264,3.5527777777777776,0,0,0,0.0,0.0
SOL,2025-12-21,1765983600,short,0.05671295969471224,4.084027777777778,1,1,0,0.14531656874541493,0.0
SOL,2025-12-21,1766023200,long,0.05503463970641387,3.625694444444444,0,0,0,0.0,0.0
SOL,2025-12-22,1766019600,long,0.05905284243796616,4.667361111111111,0,0,0,0.0,0.0
SOL,2025-12-22,1766064600,short,0.0677026220188437,4.146527777777777,1,1,0,0.004924646337211749,0.0
SOL,2025-12-22,1766155500,long,0.05593280061835326,3.0944444444444446,0,0,0,0.0,0.0
SOL,2025-12-22,1766179800,short,0.059959753245789504,2.8131944444444446,1,1,0,-0.016274364937972456,0.0
SOL,2025-12-24,1766126700,short,0.05650620069572976,5.427777777777778,0,0,0,0.0,0.0
SOL,2025-12-24,1766131200,long,0.05365671196989452,5.375694444444445,0,0,0,0.0,0.0
SOL,2025-12-24,1766393100,short,0.05352120313654207,2.3444444444444446,0,0,0,0.0,0.0
SOL,2025-12-24,1766425500,long,0.05520806054639449,1.9694444444444443,1,1,0,-0.027467698951366692,0.0
SOL,2025-12-25,1766494800,long,0.053843421471370556,2.167361111111111,0,0,0,0.0,0.0
SOL,2025-12-30,1766972700,short,0.12873242527717055,1.636111111111111,1,1,0,-0.007597763701009924,0.0
SOL,2025-12-31,1766970000,short,0.08693527142949864,2.667361111111111,1,1,0,-0.03276134274132163,0.0
SOL,2025-12-05,1764827100,long,0.050457025342118156,1.4694444444444446,1,1,0,-0.053503354741427686,1.0
SOL,2025-12-05,1764858600,short,0.05683323807925844,1.104861111111111,2,0,1,-0.16311883750458622,1.0
SOL,2025-12-06,1764903600,short,0.05038605746076863,1.5840277777777776,0,0,0,0.0,1.0
SOL,2025-12-06,1764837000,long,0.07273849137739363,2.354861111111111,0,0,0,0.0,1.0
SOL,2025-12-07,1764813600,short,0.050347814688980974,3.625694444444444,0,0,0,0.0,1.0
SOL,2025-12-07,1764829800,long,0.0503150701707058,3.4381944444444446,0,0,0,0.0,1.0
SOL,2025-12-07,1764900000,short,0.06619337064795017,2.6256944444444446,2,0,1,-0.41210091963188755,1.0
SOL,2025-12-07,1765082700,short,0.058151633295369126,0.5111111111111111,2,0,1,-0.196434192824883,1.0
SOL,2025-12-07,1764887400,short,0.05398707128740041,2.771527777777778,2,0,1,-0.2320587596370666,1.0
SOL,2025-12-08,1764897300,short,0.06012819972501282,3.656944444444444,1,1,0,-0.1315039134163256,1.0
SOL,2025-12-08,1765098900,short,0.07946807975710929,1.323611111111111,1,1,0,-0.02629705650558283,1.0
SOL,2025-12-08,1765123200,long,0.09795914870234679,1.042361111111111,2,0,1,0.37847587230812285,1.0
SOL,2025-12-08,1764834300,short,0.10109732184460507,4.386111111111111,0,0,0,0.0,1.0
SOL,2025-12-09,1765108800,short,0.058566818244115026,2.209027777777778,1,1,0,-0.006224826816846177,0.0
SOL,2025-12-09,1765116000,long,0.05828536786296801,2.1256944444444446,2,0,1,-0.7691398828348802,0.0
SOL,2025-12-09,1765202400,long,0.05570252796722652,1.1256944444444443,1,1,0,-0.009605007669987148,0.0
SOL,2025-12-09,1765224900,short,0.05055575545284596,0.8652777777777777,2,0,1,0.8945928727185581,0.0
SOL,2026-02-03,1769668200,long,0.05072713066148471,5.438194444444444,1,1,0,-0.019986300619233347,0.0
SOL,2026-02-04,1769675400,long,0.05310174429154113,6.354861111111112,0,0,0,0.0,0.0
SOL,2026-01-10,1767846600,long,0.07584602731277723,2.521527777777778,0,0,0,0.0,1.0
SOL,2026-01-10,1767874500,short,0.08547920432364575,2.198611111111111,1,1,0,-0.027898928522158625,1.0
SOL,2026-01-12,1767907800,short,0.050803466081048576,3.813194444444444,0,0,0,0.0,0.0
SOL,2026-01-12,1768137300,long,0.05403273087679761,1.1569444444444443,1,1,0,-0.03291837595916142,0.0
SOL,2026-01-12,1767895200,short,0.0610151245601844,3.9590277777777776,1,1,0,-0.019511548765828144,1.0
SOL,2026-01-13,1767799800,short,0.0678253222513776,6.063194444444444,0,0,0,0.0,0.0
SOL,2026-01-13,1767799800,long,0.05217467774862228,6.063194444444444,0,0,0,0.0,0.0
SOL,2026-01-13,1768131900,long,0.0653872202964243,2.2194444444444446,0,0,0,0.0,0.0
SOL,2026-01-13,1768144500,short,0.07022130180033609,2.073611111111111,1,1,0,0.015363551694151361,0.0
SOL,2026-01-13,1768218300,long,0.07095128565321973,1.2194444444444446,0,0,0,0.0,0.0
SOL,2026-01-13,1768230900,short,0.07248042414935346,1.073611111111111,0,0,0,0.0,0.0
SOL,2026-01-13,1768208400,long,0.07660131377223078,1.3340277777777778,0,0,0,0.0,1.0
SOL,2026-01-13,1767785400,short,0.05286079663693513,6.229861111111111,1,1,0,-0.004645229532639694,1.0
SOL,2026-01-14,1768131900,long,0.06966631806638546,3.2194444444444446,1,1,0,-0.028832032026280312,0.0
SOL,2026-01-14,1768131900,short,0.05033368193361465,3.2194444444444446,1,1,0,-0.0008135653328770476,0.0
SOL,2026-01-14,1768263300,long,0.06004749732510373,1.698611111111111,2,0,1,-0.13330412536140535,0.0
SOL,2026-01-14,1768275900,short,0.052027540764354896,1.5527777777777778,1,1,0,0.0184820657329883,0.0
SOL,2026-01-15,1768131900,long,0.07566606737261239,4.219444444444444,1,1,0,-0.035304325328713713,0.0
SOL,2026-01-15,1768142700,short,0.0506179513942594,4.094444444444444,1,1,0,0.014921391889333599,0.0
SOL,2026-01-15,1768228200,long,0.07069794709108779,3.104861111111111,0,0,0,0.0,0.0
SOL,2026-01-15,1768229100,short,0.0995746209375522,3.0944444444444446,0,0,0,0.0,0.0
SOL,2026-01-16,1768337100,long,0.07651675334063368,2.844444444444444,0,0,0,0.0,0.0
SOL,2026-01-19,1768782600,long,0.15662847166226523,0.6881944444444444,1,1,0,0.03985315318683612,1.0
SOL,2026-01-02,1767154500,long,0.05196985025203715,2.531944444444444,1,1,0,-0.012819973092446256,1.0
SOL,2026-01-20,1768781700,long,0.15793097728357886,1.698611111111111,1,1,0,0.011711828344307942,0.0
SOL,2026-01-20,1768857300,short,0.06202635270360196,0.8236111111111112,1,1,0,-0.00646308501233854,0.0
SOL,2026-01-20,1768788000,long,0.1341563876185563,1.6256944444444446,0,0,0,0.0,0.0
SOL,2026-01-21,1768781700,long,0.16507922960264665,2.698611111111111,2,0,1,-0.33665328660644556,0.0
SOL,2026-01-21,1768803300,short,0.05260381321340424,2.448611111111111,0,0,0,0.0,0.0
SOL,2026-01-21,1768868100,long,0.057928143914078634,1.698611111111111,0,0,0,0.0,0.0
SOL,2026-01-22,1768781700,long,0.21044633429430903,3.698611111111111,1,1,0,-0.021684030168195378,0.0
SOL,2026-01-22,1768797900,short,0.062266594017740484,3.511111111111111,0,0,0,0.0,0.0
SOL,2026-01-25,1769169600,long,0.0591688938629944,2.209027777777778,1,1,0,-0.0397409955304276,0.0
SOL,2026-01-26,1769155200,short,0.06129276609806922,3.3756944444444446,0,0,0,0.0,0.0
SOL,2026-01-26,1769160600,long,0.05004554682933482,3.313194444444444,0,0,0,0.0,0.0
SOL,2026-01-27,1769155200,short,0.057301734983472574,4.375694444444444,0,0,0,0.0,0.0
SOL,2026-01-27,1769187600,long,0.050394498276140176,4.000694444444445,0,0,0,0.0,0.0
SOL,2026-01-04,1767368700,long,0.14876422342913775,2.0527777777777776,1,1,0,-0.006718037195826854,1.0
SOL,2026-01-04,1767375900,short,0.05888659779903033,1.9694444444444443,2,0,1,-0.17829602340811143,1.0
SOL,2026-01-04,1767487500,short,0.07626602118972128,0.6777777777777778,2,0,1,-0.05548038955095571,1.0
SOL,2026-01-04,1767488400,long,0.08375408013467456,0.6673611111111111,0,0,0,0.0,1.0
SOL,2026-01-05,1767339900,short,0.056014971319486295,3.386111111111111,1,1,0,-0.018815668140989013,1.0
SOL,2026-01-05,1767430800,short,0.05152342529835413,2.3340277777777776,2,0,1,-0.2770647481349178,1.0
SOL,2026-01-05,1767485700,long,0.06936209206094279,1.698611111111111,0,0,0,0.0,1.0
SOL,2026-01-05,1767573000,long,0.064458849561422,0.6881944444444444,2,0,1,0.21754004790683695,1.0
SOL,2026-01-06,1767339000,short,0.058132772045271563,4.396527777777778,1,1,0,-0.009211727096154379,1.0
SOL,2026-01-06,1767392100,long,0.08638876312826183,3.781944444444444,1,1,0,-0.03477756316555697,1.0
SOL,2026-01-06,1767427200,short,0.05770326425896721,3.3756944444444446,1,1,0,-0.013461946649483462,1.0
SOL,2026-01-06,1767480300,long,0.05735720533023869,2.761111111111111,1,1,0,-0.016400833538370747,1.0
SOL,2026-01-06,1767524400,short,0.05961292032616283,2.2506944444444446,0,0,0,0.0,1.0
SOL,2026-01-06,1767573000,long,0.07009238275204499,1.6881944444444443,1,1,0,-0.015265086423040981,1.0
SOL,2026-01-06,1767618000,short,0.06272195716236828,1.167361111111111,2,0,1,-0.2655441419176873,1.0
SOL,2026-01-07,1767339000,short,0.07703955021146369,5.396527777777777,1,1,0,-0.004344360253090707,1.0
SOL,2026-01-07,1767425400,short,0.054587079572534836,4.396527777777778,0,0,0,0.0,1.0
SOL,2026-01-07,1767427200,long,0.05291492843541046,4.375694444444444,0,0,0,0.0,1.0
SOL,2026-01-07,1767532500,short,0.051464095106290964,3.156944444444444,1,1,0,-0.0224289513254683,1.0
SOL,2026-01-07,1767532500,long,0.05853590489370908,3.156944444444444,1,1,0,-0.004156828092404696,1.0
SOL,2026-01-07,1767618900,long,0.05431203963539333,2.156944444444444,1,1,0,0.008829512216936557,1.0
SOL,2026-01-07,1767628800,short,0.0538526111395079,2.042361111111111,1,1,0,0.0029323153130869223,1.0
SOL,2026-01-07,1767720600,long,0.0709247284089567,0.9798611111111112,2,0,1,0.29676652557757577,1.0
SOL,2026-01-07,1767488400,long,0.11338349175619067,3.667361111111111,0,0,0,0.0,1.0
SOL,2026-01-08,1767364200,short,0.059743896020392984,6.104861111111111,1,1,0,-0.044743253936206207,1.0
SOL,2026-01-08,1767542400,short,0.056108250567664775,4.042361111111111,0,0,0,0.0,1.0
SOL,2026-01-08,1767563100,long,0.05576846732170315,3.8027777777777776,1,1,0,-0.0329758842833319,1.0
SOL,2026-01-08,1767639600,short,0.05260474689186462,2.917361111111111,1,1,0,0.0017598754685212367,1.0
SOL,2026-01-08,1767655800,long,0.0680915420097814,2.729861111111111,0,0,0,0.0,1.0
SOL,2026-01-08,1767744900,long,0.053930610965415626,1.698611111111111,1,1,0,0.029239324164834966,1.0
SOL,2026-01-08,1767784500,short,0.05354860872741668,1.2402777777777778,2,0,1,-0.42115685127988417,1.0
SOL,2026-01-08,1767859200,long,0.05782038422514324,0.3756944444444445,1,1,0,0.0368428772743936,1.0
SOL,2026-01-08,1767660300,long,0.05753681637331276,2.677777777777778,0,0,0,0.0,1.0
SOL,2026-01-09,1767731400,long,0.054246546875329704,2.8548611111111115,0,0,0,0.0,1.0
SOL,2026-01-09,1767817800,short,0.07007497454440109,1.854861111111111,1,1,0,-0.005486055071360227,1.0
SOL,2026-01-09,1767831300,long,0.06498561672101144,1.698611111111111,0,0,0,0.0,1.0
SOL,2025-11-20,1763262000,short,0.05217135330288747,4.584027777777778,0,0,0,0.0,1.0
SOL,2025-11-20,1763277300,long,0.05341582452471538,4.406944444444444,0,0,0,0.0,1.0
SOL,2025-11-20,1763348400,short,0.0509143284270579,3.584027777777778,0,0,0,0.0,1.0
SOL,2025-11-20,1763366400,long,0.05775214120398986,3.3756944444444446,0,0,0,0.0,1.0
SOL,2025-11-20,1763452800,long,0.08405143501438794,2.3756944444444446,1,1,0,-0.018045040174210276,1.0
SOL,2025-11-20,1763479800,short,0.0674504402996291,2.0631944444444446,1,1,0,-0.009523430957922227,1.0
SOL,2025-11-20,1763544600,long,0.056147287803191226,1.3131944444444443,1,1,0,-0.017059889281699357,1.0
SOL,2025-11-21,1763497800,short,0.05398867491393311,2.8548611111111115,1,1,0,-0.02694862556924388,0.0
SOL,2025-11-21,1763525700,long,0.05718171464313393,2.531944444444444,0,0,0,0.0,0.0
SOL,2025-11-21,1763609400,short,0.055025270893027445,1.5631944444444446,0,0,0,0.0,0.0
SOL,2025-11-21,1763616600,long,0.05475749998627988,1.479861111111111,0,0,0,0.0,0.0
SOL,2025-11-21,1763588700,long,0.06245736727932538,1.8027777777777778,0,0,0,0.0,0.0
SOL,2025-11-21,1763684100,long,0.056250239890063725,0.6986111111111111,2,0,1,-0.462931229651588,0.0
SOL,2025-11-23,1763604000,short,0.05308466946715612,3.625694444444444,1,1,0,-0.014455769696625403,1.0
SOL,2025-11-23,1763603100,short,0.05752663029244626,3.6361111111111115,1,1,0,-0.01726322065745768,1.0
SOL,2025-11-24,1763496000,short,0.058687058240619705,5.875694444444444,0,0,0,0.0,1.0
SOL,2025-11-24,1763567100,long,0.05593218424377566,5.052777777777778,0,0,0,0.0,1.0
SOL,2025-11-24,1763508600,short,0.05242399538076847,5.729861111111112,0,0,0,0.0,1.0
SOL,2025-11-25,1763578800,long,0.05709772676493352,5.917361111111111,0,0,0,0.0,1.0
SOL,2025-11-25,1763523900,long,0.06378211631591535,6.552777777777778,0,0,0,0.0,1.0
SOL,2025-11-25,1763526600,short,0.1062325225563363,6.521527777777778,0,0,0,0.0,1.0
SOL,2025-11-26,1763577900,long,0.08025792760592654,6.927777777777777,0,0,0,0.0,1.0
SOL,2025-11-27,1763668800,long,0.059881953308405844,6.875694444444445,1,1,0,-0.2546464115056018,0.0
SOL,2025-11-28,1764216000,long,0.10687499375061793,1.542361111111111,0,0,0,0.0,1.0
SOL,2025-11-28,1764232200,short,0.060148658604298855,1.3548611111111113,2,0,1,-0.49264736415128907,1.0
SOL,2025-11-29,1764232200,short,0.06310406343950525,2.354861111111111,1,1,0,-0.012853910612980642,1.0
SOL,2025-11-29,1764286200,long,0.05987470964384434,1.7298611111111113,1,0,0,0.10424689006629878,1.0
SOL,2025-11-29,1764216000,long,0.06416393693980416,2.542361111111111,0,0,0,0.0,1.0
SOL,2025-11-29,1764225900,short,0.054616916913580504,2.4277777777777776,0,0,0,0.0,1.0
SOL,2025-11-30,1764280800,short,0.05819411336509661,2.792361111111111,2,0,1,-0.19135152786570536,1.0
SOL,2025-12-01,1764247500,long,0.05422450050913019,4.177777777777778,1,1,0,-0.014946313212800443,0.0
SOL,2025-12-01,1764279000,short,0.07390955558468004,3.813194444444444,1,0,0,0.31668453333666263,0.0
SOL,2025-12-10,1765165500,long,0.053005078343917544,2.5527777777777776,0,0,0,0.0,0.0
SOL,2025-12-10,1765188900,short,0.07110728285083967,2.2819444444444446,0,0,0,0.0,0.0
SOL,2025-12-10,1765296900,long,0.06221150735179104,1.0319444444444446,1,1,0,-0.014842650601319118,0.0
SOL,2025-12-11,1765175400,short,0.05417296350661982,3.4381944444444446,0,0,0,0.0,0.0
SOL,2025-12-11,1765206900,long,0.051329263423082416,3.073611111111111,2,0,1,-0.10927438765815117,0.0
SOL,2025-12-11,1765268100,short,0.051844031279790426,2.365277777777778,0,0,0,0.0,0.0
SOL,2025-12-11,1765298700,long,0.07100452998996287,2.011111111111111,1,1,0,-0.030359359004210967,0.0
SOL,2025-12-11,1765365300,short,0.0546942399720588,1.2402777777777778,0,0,0,0.0,0.0
SOL,2025-12-11,1765397700,long,0.06606629204006476,0.8652777777777777,2,0,1,-0.10717284372904567,0.0
SOL,2025-12-12,1765490400,short,0.05348338794776242,0.7923611111111111,1,1,0,-0.012312547985801418,0.0
SOL,2025-12-13,1765310400,long,0.06562408884367854,3.8756944444444446,1,1,0,-0.03899752624503494,0.0
SOL,2025-12-13,1765396800,long,0.0884776236449325,2.875694444444444,1,1,0,0.012447682816667131,0.0
SOL,2025-12-13,1765412100,short,0.05217097919544467,2.698611111111111,0,0,0,0.0,0.0
SOL,2025-12-13,1765483200,long,0.10018839761427545,1.8756944444444446,1,1,0,0.002135296701845639,0.0
SOL,2025-12-13,1765521000,short,0.05313322455507319,1.4381944444444443,0,0,0,0.0,0.0
SOL,2025-12-13,1765368900,short,0.05219354215492045,3.198611111111111,0,0,0,0.0,0.0
SOL,2025-12-15,1765443600,long,0.06406856540499306,4.334027777777778,1,1,0,0.004019249856509833,0.0
SOL,2025-12-15,1765477800,short,0.05043901650171689,3.938194444444444,0,0,0,0.0,0.0
SOL,2025-12-15,1765563300,long,0.0550895515721479,2.948611111111111,1,1,0,-0.036941643686949625,0.0
SOL,2025-12-16,1765526400,short,0.059956313328571764,4.375694444444444,0,0,0,0.0,0.0
SOL,2025-12-17,1765585800,long,0.06286031951299309,4.688194444444444,0,0,0,0.0,0.0
SOL,2025-12-02,1764273600,short,0.050441883250626485,4.875694444444444,0,0,0,0.0,0.0
SOL,2025-12-02,1764280800,long,0.06602115282133991,4.792361111111111,1,0,0,-0.47975444750503937,0.0
SOL,2025-12-25,1766153700,long,0.05175340653773808,6.115277777777778,0,0,0,0.0,0.0
SOL,2025-12-03,1764266400,long,0.0627788048771214,5.959027777777778,1,1,0,-0.017400106498850248,1.0
SOL,2025-12-03,1764274500,short,0.05007425240031449,5.865277777777778,0,0,0,0.0,1.0
SOL,2025-12-04,1764810900,long,0.09311774808971118,0.6569444444444444,2,0,1,0.2315739165782387,1.0
SOL,2025-12-04,1764831600,short,0.058079850285262774,0.41736111111111107,2,0,1,-0.1772406790816683,1.0
SOL,2025-12-05,1764810900,long,0.0502577122390917,1.6569444444444443,0,0,0,0.0,0.0
SOL,2025-12-06,1764903600,short,0.054812214543773274,1.5840277777777776,1,0,0,0.09574276166634707,0.0
SOL,2025-12-07,1764810900,short,0.07524389755436112,3.656944444444444,0,0,0,0.0,0.0
SOL,2025-12-07,1764820800,long,0.05493691861353667,3.542361111111111,0,0,0,0.0,0.0
SOL,2025-12-07,1764902700,short,0.051134841218776206,2.5944444444444446,0,0,0,0.0,0.0
SOL,2025-12-08,1764902700,short,0.05152124438723982,3.5944444444444446,1,1,0,0.06993904545263122,0.0
SOL,2025-12-09,1765195200,short,0.0508048565070256,1.2090277777777778,0,0,0,0.0,1.0
SOL,2026-01-10,1767922200,long,0.05162283101519982,1.6465277777777778,1,0,0,-0.008292524068719664,0.0
SOL,2026-01-11,1767871800,long,0.06335262342005876,3.229861111111111,2,0,1,0.6906601878306484,1.0
SOL,2026-01-12,1767860100,long,0.05096793002150135,4.365277777777778,1,1,0,-0.022760031132770822,1.0
SOL,2026-01-12,1767903300,short,0.05685321320660641,3.8652777777777776,1,1,0,-0.02961284522950748,1.0
SOL,2026-01-12,1768151700,long,0.08016241316734707,0.9902777777777777,1,1,0,0.062390608351667654,1.0
SOL,2026-01-13,1768143600,long,0.061326587001629074,2.084027777777778,1,1,0,0.02508645757681044,1.0
SOL,2026-01-13,1768149000,short,0.07333249842768369,2.0215277777777776,0,0,0,0.0,1.0
SOL,2026-01-13,1768230000,long,0.11257393441506314,1.0840277777777778,0,0,0,0.0,1.0
SOL,2026-01-13,1768253400,short,0.057741016601232875,0.8131944444444444,1,1,0,-0.03513324103533885,1.0
SOL,2026-01-14,1768131900,short,0.0543822572336109,3.2194444444444446,1,1,0,-0.028832032026280312,1.0
SOL,2026-01-14,1768133700,long,0.05537740725893192,3.198611111111111,0,0,0,0.0,1.0
SOL,2026-01-14,1768262400,short,0.06295332123774633,1.7090277777777778,2,0,1,-0.19955265616023932,1.0
SOL,2026-01-14,1768343400,long,0.07126919902431816,0.7715277777777778,1,1,0,0.034485147906715474,1.0
SOL,2026-01-15,1768248900,long,0.18618554763188877,2.8652777777777776,0,0,0,0.0,1.0
SOL,2026-01-15,1768263300,short,0.05444905966037494,2.698611111111111,1,1,0,-0.03274040427854995,1.0
SOL,2026-01-15,1768351500,long,0.055122981663935366,1.6777777777777778,1,1,0,-0.008218531271237239,1.0
SOL,2026-01-15,1768417200,short,0.05452657539495204,0.9173611111111111,1,1,0,-0.013678531342787844,1.0
SOL,2026-01-15,1768348800,short,0.06158981018853729,1.7090277777777778,0,0,0,0.0,1.0
SOL,2026-01-16,1768335300,long,0.05503309704652781,2.8652777777777776,0,0,0,0.0,1.0
SOL,2026-01-16,1768337100,short,0.07940433550807369,2.844444444444444,0,0,0,0.0,1.0
SOL,2026-01-16,1768425300,short,0.06210209851943305,1.823611111111111,0,0,0,0.0,1.0
SOL,2026-01-17,1768526100,short,0.07576812642296377,1.6569444444444443,0,0,0,0.0,1.0
SOL,2026-01-17,1768543200,long,0.0671148834435562,1.4590277777777778,0,0,0,0.0,1.0
SOL,2026-01-18,1768612500,short,0.1871965034167788,1.6569444444444443,1,1,0,-0.011356438313304774,1.0
SOL,2026-01-19,1768657500,short,0.07882857047076997,2.136111111111111,1,1,0,-0.07129435099242667,0.0
SOL,2026-01-19,1768379400,long,0.05223176679953112,5.354861111111111,0,0,0,0.0,0.0
SOL,2026-01-20,1768612500,short,0.07029537397395152,3.656944444444444,0,0,0,0.0,0.0
SOL,2026-01-20,1768782600,long,0.08863185933075268,1.6881944444444443,1,1,0,-0.013772135177960254,0.0
SOL,2026-01-20,1768414500,short,0.06575811739284831,5.948611111111111,0,0,0,0.0,0.0
SOL,2026-01-21,1768782600,long,0.0828188130526597,2.688194444444444,0,0,0,0.0,0.0
SOL,2026-01-22,1768781700,short,0.17457879581522395,3.698611111111111,1,1,0,-0.021684030168195378,0.0
SOL,2026-01-28,1769148000,short,0.0643512387102193,5.459027777777778,0,0,0,0.0,0.0
SOL,2026-01-06,1767377700,long,0.050844550385911624,3.9486111111111115,0,0,0,0.0,0.0
SOL,2026-01-06,1767501900,short,0.05890527991109262,2.511111111111111,0,0,0,0.0,0.0
SOL,2026-01-06,1767587400,long,0.06258178794211489,1.5215277777777778,1,1,0,-0.018490301196477543,0.0
SOL,2026-01-06,1767655800,short,0.09302081459254474,0.7298611111111111,1,1,0,-0.012411878216807656,0.0
SOL,2026-01-07,1767474000,long,0.05771572371311473,3.8340277777777776,0,0,0,0.0,0.0
SOL,2026-01-07,1767529800,short,0.0573996195420744,3.188194444444444,0,0,0,0.0,0.0
SOL,2026-01-07,1767688200,long,0.0711274884534423,1.3548611111111113,2,0,1,-0.12712090858978187,0.0
SOL,2026-01-07,1767734100,short,0.08183735522615787,0.8236111111111112,1,1,0,0.0397880054186075,0.0
SOL,2026-01-08,1767487500,short,0.06099580371134883,4.677777777777778,0,0,0,0.0,0.0
SOL,2026-01-08,1767528900,long,0.07976162247066099,4.198611111111111,0,0,0,0.0,0.0
SOL,2026-01-08,1767654900,short,0.05157947801427443,2.7402777777777776,0,0,0,0.0,0.0
SOL,2026-01-08,1767701700,long,0.05196233199742428,2.198611111111111,1,1,0,-0.007993442342650543,0.0
SOL,2026-01-08,1767741300,short,0.07126643720749987,1.7402777777777776,1,1,0,0.00960162681251657,0.0
SOL,2026-01-09,1767785400,long,0.053057751688256216,2.229861111111111,1,1,0,-0.008540852746308239,0.0
SOL,2026-01-09,1767831300,short,0.05235202978773257,1.698611111111111,1,1,0,-0.01582684842883611,0.0
SOL,2025-11-17,1763065800,long,0.06231325029831325,3.854861111111111,0,0,0,0.0,0.0
SOL,2025-11-17,1763078400,short,0.07086327129752723,3.7090277777777776,0,0,0,0.0,0.0
SOL,2025-11-17,1763154900,long,0.05395040420066666,2.823611111111111,1,1,0,-0.016683459712924002,0.0
SOL,2025-11-17,1763165700,short,0.07405537045359667,2.698611111111111,0,0,0,0.0,0.0
SOL,2025-11-17,1763264700,long,0.08304520628638334,1.5527777777777778,1,1,0,0.009589137174398344,0.0
SOL,2025-11-17,1763274600,short,0.053151004375183164,1.4381944444444443,1,1,0,-0.006949593356850532,0.0
SOL,2025-11-17,1763361000,short,0.08142951603269466,0.43819444444444444,2,0,1,0.1888201013286196,0.0
SOL,2025-11-18,1763261100,short,0.05265211118990931,2.5944444444444446,0,0,0,0.0,1.0
SOL,2025-11-18,1763264700,long,0.053165643743612545,2.5527777777777776,0,0,0,0.0,1.0
SOL,2025-11-21,1763502300,long,0.07721408897587012,2.8027777777777776,0,0,0,0.0,0.0
SOL,2025-11-21,1763526600,short,0.05623556898466342,2.521527777777778,0,0,0,0.0,0.0
SOL,2025-11-21,1763598600,long,0.05183707703830631,1.6881944444444443,2,0,1,-0.06402280193558682,0.0
SOL,2025-11-22,1763502300,long,0.05032735556452739,3.8027777777777776,0,0,0,0.0,0.0
SOL,2025-11-22,1763526600,short,0.06983948393520756,3.5215277777777776,0,0,0,0.0,0.0
SOL,2025-11-22,1763654400,long,0.05042172174902637,2.042361111111111,1,1,0,-0.007654792271084759,0.0
SOL,2025-11-22,1763655300,short,0.06665138801741954,2.0319444444444446,0,0,0,0.0,0.0
SOL,2025-11-22,1763607600,long,0.06039659291801458,2.5840277777777776,0,0,0,0.0,0.0
SOL,2025-11-24,1763498700,long,0.05199728863179276,5.844444444444444,0,0,0,0.0,0.0
SOL,2025-11-24,1763526600,short,0.07780570310457469,5.521527777777778,0,0,0,0.0,0.0
SOL,2025-11-24,1763663400,short,0.05480881430642481,3.938194444444444,1,1,0,-0.02155813987072977,0.0
SOL,2025-11-25,1763577900,long,0.05418791478592211,5.927777777777778,1,1,0,-0.0469276451431481,0.0
SOL,2025-11-25,1763659800,short,0.06644887545271627,4.979861111111111,1,1,0,-0.007971789009175702,0.0
SOL,2025-11-27,1763671500,short,0.06411394082003419,6.844444444444445,1,1,0,-0.26388803963403396,1.0
SOL,2025-11-27,1764215100,short,0.054610503467787674,0.5527777777777778,2,0,1,-0.28166983771229354,1.0
SOL,2025-11-27,1764233100,long,0.05983827611989612,0.34444444444444444,2,0,1,0.2815575976013121,1.0
SOL,2025-11-28,1764214200,short,0.07280083119738479,1.5631944444444446,0,0,0,0.0,0.0
SOL,2025-11-28,1764230400,long,0.0655985172393998,1.3756944444444446,1,1,0,-0.02419705787184105,0.0
SOL,2025-11-29,1764232200,long,0.06539175705138756,2.354861111111111,2,0,1,-0.3457969615218526,0.0
SOL,2025-11-29,1764270000,short,0.053340428787577054,1.917361111111111,1,1,0,-0.005859628235471953,0.0
SOL,2025-12-11,1765298700,short,0.052049850574298895,2.011111111111111,1,1,0,0.0071309848110267145,0.0
SOL,2025-12-13,1765320300,short,0.05169059253773711,3.7611111111111106,0,0,0,0.0,0.0
SOL,2025-12-15,1765368900,long,0.05279313916739725,5.198611111111111,0,0,0,0.0,0.0
SOL,2025-12-15,1765368900,short,0.058206860832602514,5.198611111111111,0,0,0,0.0,0.0
SOL,2025-12-17,1765526400,short,0.05024824392562688,5.375694444444445,0,0,0,0.0,0.0
SOL,2025-12-02,1764273600,long,0.05500865701729318,4.875694444444444,1,1,0,-0.028979074819944,0.0
SOL,2025-12-03,1764270000,long,0.0507630217850259,5.917361111111111,0,0,0,0.0,0.0
SOL,2025-12-05,1764820800,short,0.059348793106396625,1.542361111111111,0,0,0,0.0,0.0
SOL,2025-12-06,1764810900,short,0.057938559090366604,2.6569444444444446,1,1,0,0.013676650188946891,0.0
SOL,2025-12-06,1764837000,long,0.05772739360618995,2.354861111111111,0,0,0,0.0,0.0
SOL,2025-12-07,1764867600,long,0.0520396563977612,3.000694444444444,0,0,0,0.0,0.0
SOL,2025-12-07,1764814500,long,0.05535477337020511,3.615277777777778,0,0,0,0.0,0.0
SOL,2025-12-08,1764821700,short,0.06225847192958789,4.531944444444444,0,0,0,0.0,0.0
SOL,2025-12-08,1764863100,long,0.05529344913788581,4.052777777777778,1,1,0,0.017973903979998263,0.0
SOL,2026-01-10,1767744900,long,0.055695092573661675,3.698611111111111,0,0,0,0.0,0.0
SOL,2026-01-12,1767778200,long,0.058179375876987294,5.313194444444444,1,1,0,-0.006836975420869732,0.0
SOL,2026-01-15,1768343400,long,0.15712239688359997,1.7715277777777778,0,0,0,0.0,0.0
SOL,2026-01-16,1768425300,long,0.0562362398987577,1.823611111111111,0,0,0,0.0,0.0
SOL,2026-01-22,1768781700,long,0.0744703860782393,3.698611111111111,0,0,0,0.0,0.0
SOL,2025-11-25,1763629200,long,0.06029556709551498,5.334027777777778,0,0,0,0.0,0.0
SOL,2025-11-25,1763645400,short,0.08183833667659357,5.146527777777778,0,0,0,0.0,0.0
SOL,2025-11-28,1764224100,long,0.061009421566503574,1.448611111111111,1,1,0,0.05358941181729922,0.0
SOL,2025-11-30,1764272700,long,0.050453234167293415,2.886111111111111,1,1,0,-0.012753483998590553,0.0
SOL,2025-11-25,1763628300,short,0.05942598316573766,5.344444444444444,1,1,0,-0.04101284514438838,0.0
SOL,2025-11-25,1763625600,long,0.05673155740373681,5.375694444444445,1,1,0,-0.00804792667388839,0.0
SOL,2026-02-12,1770336900,long,0.05752560166119658,6.698611111111111,0,0,0,0.0,0.0
SOL,2026-02-10,1770337800,short,0.08861138652400524,4.688194444444444,0,0,0,0.0,0.0
SOL,2026-02-11,1770338700,short,0.07691996260166667,5.677777777777778,0,0,0,0.0,0.0
SOL,2026-02-11,1770308100,long,0.055443999476428196,6.031944444444444,0,0,0,0.0,0.0
SOL,2026-02-11,1770336900,short,0.12096905337959318,5.698611111111111,1,1,0,-0.0874720691420261,0.0
SOL,2026-02-12,1770323400,long,0.06812500302360913,6.854861111111111,0,0,0,0.0,0.0
SOL,2026-02-12,1770336900,short,0.0748081779448927,6.698611111111111,1,1,0,-0.1558551586045343,0.0
SOL,2026-02-08,1770338700,long,0.14110546193104812,2.677777777777778,0,0,0,0.0,1.0
SOL,2026-02-09,1770336900,long,0.08017920355590813,3.698611111111111,1,1,0,-0.04894387983000733,0.0
SOL,2026-02-09,1770273000,long,0.05041504130074648,4.438194444444445,0,0,0,0.0,0.0
SOL,2026-02-09,1770337800,long,0.14525943527367513,3.6881944444444446,2,0,1,0.23803635474476367,1.0
SOL,2026-03-10,1772959500,long,0.06395247888098843,2.302777777777778,0,0,0,0.0,0.0
SOL,2026-03-11,1772961300,long,0.05586194833438318,3.2819444444444446,0,0,0,0.0,0.0
SOL,2026-03-26,1774261800,long,0.07108150987526818,3.229861111111111,0,0,0,0.0,0.0
SOL,2026-03-03,1772038800,short,0.05953161595525047,6.000694444444445,1,1,0,-0.013453538133807483,0.0
SOL,2026-03-03,1772037000,long,0.08750415722002658,6.021527777777777,1,1,0,0.04221351151121623,0.0
SOL,2026-04-08,1775159100,long,0.05101928532656275,5.844444444444444,0,0,0,0.0,0.0
SOL,2026-02-10,1770326100,short,0.1091279613493703,4.823611111111111,1,1,0,-0.06387563006458766,0.0
SOL,2026-02-10,1770344100,long,0.06056641638707383,4.615277777777777,0,0,0,0.0,0.0
SOL,2026-02-10,1770325200,short,0.0925958082781374,4.834027777777778,1,1,0,-0.03755287875783453,0.0
SOL,2026-02-11,1770300000,short,0.0520856463810333,6.125694444444444,2,0,1,0.19289524575195988,0.0
SOL,2026-02-11,1770305400,long,0.07167115159028636,6.063194444444444,0,0,0,0.0,0.0
SOL,2026-02-11,1770451200,short,0.05550193042428664,4.375694444444444,1,1,0,0.02602868658009072,0.0
SOL,2026-02-11,1770329700,short,0.09579113112120546,5.781944444444444,0,0,0,0.0,1.0
SOL,2026-02-11,1770472800,long,0.052639256869130735,4.125694444444445,0,0,0,0.0,1.0
SOL,2026-02-12,1770337800,long,0.13400000647348298,6.688194444444444,0,0,0,0.0,1.0
SOL,2026-02-12,1770318000,long,0.07238932220521899,6.91736111111111,0,0,0,0.0,0.0
SOL,2026-02-12,1770323400,short,0.0711581865656632,6.854861111111111,1,1,0,-0.08272957985662183,0.0
SOL,2026-02-12,1770505200,long,0.05009910603464962,4.750694444444445,1,1,0,-0.005443220521999656,0.0
SOL,2026-02-12,1770623100,long,0.060711868233607524,3.386111111111111,1,1,0,-0.01101239004357542,0.0
SOL,2026-02-12,1770712200,long,0.0556971561185996,2.354861111111111,1,1,0,-0.012470815898932657,0.0
SOL,2026-02-12,1770485400,long,0.05737727112361135,4.979861111111111,1,1,0,-0.05395349446649285,1.0
SOL,2026-02-12,1770642900,long,0.051669994940760855,3.156944444444444,1,1,0,-0.043901162031924366,1.0
SOL,2026-02-15,1770886800,long,0.05514008136410098,3.3340277777777776,0,0,0,0.0,0.0
SOL,2026-02-16,1771004700,long,0.06523617443699758,2.9694444444444446,0,0,0,0.0,0.0
SOL,2026-02-19,1770930900,short,0.05392875330178293,6.823611111111111,1,1,0,-0.020578047826512277,0.0
SOL,2026-02-25,1771691400,long,0.18169668627105606,4.021527777777778,0,0,0,0.0,0.0
SOL,2026-02-07,1770328800,short,0.07490571476328567,1.792361111111111,0,0,0,0.0,0.0
SOL,2026-02-07,1770331500,long,0.05615198073285099,1.761111111111111,1,1,0,-0.025254424087137718,0.0
SOL,2026-02-07,1770350400,long,0.21678504167527768,1.542361111111111,0,0,0,0.0,1.0
SOL,2026-02-08,1770328800,short,0.0800412362428603,2.792361111111111,1,1,0,-0.05077360835274144,0.0
SOL,2026-02-08,1770336900,long,0.14956336636372258,2.698611111111111,1,1,0,-0.31508606947916823,0.0
SOL,2026-02-09,1770336000,short,0.06417530089288337,3.7090277777777776,1,1,0,-0.07904376319514955,0.0
SOL,2026-02-09,1770343200,long,0.18740504129649804,3.625694444444444,1,1,0,0.02907056223085637,1.0
SOL,2026-03-11,1772953200,long,0.050733089887035954,3.3756944444444446,0,0,0,0.0,0.0
SOL,2026-03-11,1772990100,short,0.054866330944917,2.948611111111111,0,0,0,0.0,0.0
SOL,2026-03-25,1774235700,long,0.07422629946295678,2.531944444444444,0,0,0,0.0,0.0
SOL,2026-03-26,1774262700,long,0.07024676110145989,3.2194444444444446,0,0,0,0.0,0.0
SOL,2026-03-03,1771983900,long,0.057514036832011284,6.636111111111112,1,1,0,-0.023447348295132776,0.0
SOL,2026-03-05,1772207100,long,0.05528738400603195,6.052777777777777,0,0,0,0.0,0.0
SOL,2026-04-01,1774548000,long,0.061505463584561326,5.917361111111111,0,0,0,0.0,0.0
SOL,2026-04-01,1774548000,short,0.06049453641543845,5.917361111111111,0,0,0,0.0,0.0
SOL,2026-04-01,1774639800,long,0.057168388557067296,4.854861111111111,0,0,0,0.0,0.0
SOL,2026-04-01,1774650600,short,0.05196077461072335,4.729861111111111,0,0,0,0.0,0.0
SOL,2026-04-10,1775601900,long,0.05129021750260687,2.7194444444444446,1,1,0,-0.0011874846024252199,0.0
SOL,2026-04-14,1775664000,long,0.09517915471229754,6.000694444444445,1,1,0,0.03903143789961786,1.0
SOL,2026-04-02,1774609200,short,0.0634768216306677,6.209027777777778,1,1,0,-0.0007918224493637747,1.0
SOL,2026-04-21,1776253500,long,0.05054077374932753,6.177777777777778,0,0,0,0.0,0.0
SOL,2026-04-22,1776348000,long,0.0738614579059802,6.084027777777777,0,0,0,0.0,0.0
SOL,2026-04-03,1775138400,short,0.06327722188958723,1.0840277777777778,1,1,0,0.0044411087298080534,0.0
SOL,2026-04-04,1774989000,short,0.05223100724804064,3.813194444444444,0,0,0,0.0,0.0
SOL,2026-04-04,1775006100,long,0.060999415687804204,3.615277777777778,0,0,0,0.0,0.0
SOL,2026-04-04,1775138400,short,0.051240202288831194,2.084027777777778,1,1,0,0.011931785308710549,0.0
SOL,2026-04-05,1775093400,short,0.05021703437967401,3.6048611111111106,1,1,0,-0.015828233225554753,1.0
SOL,2026-04-06,1774988100,short,0.07638240962661369,5.823611111111111,0,0,0,0.0,0.0
SOL,2026-04-06,1775092500,short,0.06696181684019686,4.615277777777777,0,0,0,0.0,0.0
SOL,2026-04-06,1775103300,long,0.05143076393127144,4.490277777777778,0,0,0,0.0,0.0
SOL,2026-04-06,1775178900,short,0.056831223273151654,3.615277777777778,0,0,0,0.0,0.0
SOL,2026-04-06,1775232000,long,0.050520692355821684,3.000694444444444,0,0,0,0.0,0.0
SOL,2026-04-07,1775150100,long,0.07334675098605481,4.948611111111111,0,0,0,0.0,1.0
SOL,2026-04-07,1775165400,short,0.06983167048786365,4.771527777777777,2,0,1,-0.47035740279732163,1.0
SOL,2026-04-07,1775155500,long,0.052255071328418,4.886111111111111,0,0,0,0.0,1.0
SOL,2026-04-08,1775074500,short,0.06124110468856314,6.823611111111111,0,0,0,0.0,0.0
SOL,2026-04-08,1775136600,long,0.06213887165469134,6.104861111111111,0,0,0,0.0,0.0
SOL,2026-04-08,1775160900,short,0.06997650774021053,5.823611111111111,0,0,0,0.0,0.0
SOL,2026-04-08,1775253600,long,0.05887060347257278,4.750694444444445,1,1,0,-0.06402431274090677,0.0
SOL,2026-04-08,1775462400,long,0.060105211520964374,2.3340277777777776,2,0,1,-0.0764610876220081,0.0
SOL,2026-04-08,1775207700,short,0.05761372047408189,5.281944444444444,0,0,0,0.0,1.0
SOL,2026-04-09,1775151000,short,0.11657518188553423,6.938194444444445,0,0,0,0.0,0.0
SOL,2026-04-09,1775253600,long,0.06519392460311235,5.750694444444444,0,0,0,0.0,0.0
SOL,2026-04-09,1775582100,long,0.05115283504311474,1.948611111111111,1,1,0,0.00416014556067712,0.0
SOL,2026-04-09,1775164500,short,0.05832977490357774,6.781944444444444,1,1,0,0.019015224779430445,1.0
SOL,2026-02-10,1770337800,long,0.11621326171499291,4.688194444444444,1,1,0,-0.012685692316158698,1.0
SOL,2026-02-10,1770243300,long,0.05031792406962543,5.781944444444444,0,0,0,0.0,0.0
SOL,2026-02-10,1770290100,short,0.05911036655589619,5.240277777777777,1,1,0,0.03913890228344055,0.0
SOL,2026-02-10,1770338700,long,0.06471786718893613,4.677777777777778,0,0,0,0.0,0.0
SOL,2026-02-10,1770450300,short,0.07195251111001555,3.386111111111111,1,1,0,0.0008843374435461432,0.0
SOL,2026-02-10,1770490800,long,0.053762250187579186,2.917361111111111,1,1,0,-0.007176297221998524,0.0
SOL,2026-02-10,1770624000,long,0.05680662677799719,1.3756944444444446,1,1,0,-0.0016174559325777176,0.0
SOL,2026-02-10,1770626700,short,0.05861905493110253,1.3444444444444446,1,1,0,-0.022998586253783218,0.0
SOL,2026-02-10,1770316200,long,0.1054926306135262,4.938194444444445,1,1,0,0.00916821087081586,1.0
SOL,2026-02-10,1770624900,long,0.07187134644160742,1.3652777777777778,1,1,0,-0.008223438549264155,1.0
SOL,2026-02-11,1770304500,long,0.12262371151616724,6.073611111111111,1,1,0,-0.009008808664175985,1.0
SOL,2026-02-11,1770309000,short,0.06998814472236664,6.021527777777777,1,1,0,0.07390425906841835,1.0
SOL,2026-02-11,1770451200,long,0.0719273448391764,4.375694444444444,1,1,0,0.02602868658009072,1.0
SOL,2026-02-11,1770272100,long,0.09156611025330252,6.448611111111111,0,0,0,0.0,1.0
SOL,2026-02-11,1770306300,short,0.06032117667546555,6.052777777777777,0,0,0,0.0,1.0
SOL,2026-02-11,1770323400,long,0.09353921312212687,5.854861111111111,1,1,0,-0.07874921416967418,1.0
SOL,2026-02-11,1770638400,short,0.05373345485702774,2.209027777777778,0,0,0,0.0,1.0
SOL,2026-02-11,1770660000,long,0.05491172727535898,1.9590277777777776,1,1,0,-0.04647961662624242,1.0
SOL,2026-02-11,1770298200,long,0.08944501438147934,6.146527777777778,1,1,0,-0.02492500826531706,1.0
SOL,2026-02-12,1770350400,long,0.13828097214268853,6.542361111111111,0,0,0,0.0,1.0
SOL,2026-02-12,1770450300,long,0.059431964691333494,5.386111111111111,0,0,0,0.0,1.0
SOL,2026-02-12,1770451200,short,0.06286298002709556,5.375694444444445,0,0,0,0.0,1.0
SOL,2026-02-12,1770646500,short,0.0530765141922529,3.115277777777778,1,1,0,0.02567155403778657,1.0
SOL,2026-02-12,1770655500,long,0.05371525135580413,3.0111111111111115,0,0,0,0.0,1.0
SOL,2026-02-12,1770732900,short,0.06292645872131553,2.1152777777777776,2,0,1,-0.5316709477923336,1.0
SOL,2026-02-13,1770889500,long,0.05477441736078337,1.3027777777777776,1,1,0,-0.03368924324663419,0.0
SOL,2026-02-14,1770885000,short,0.0666181347637761,2.354861111111111,0,0,0,0.0,0.0
SOL,2026-02-14,1770903000,long,0.052572616312507536,2.146527777777778,2,0,1,0.012266845677508964,0.0
SOL,2026-02-14,1770972300,short,0.061719532584605885,1.3444444444444446,2,0,1,-0.10379988792951311,0.0
SOL,2026-02-14,1770993900,long,0.09068987172444487,1.0944444444444443,1,1,0,0.1391075682279378,0.0
SOL,2026-02-14,1770969600,long,0.0703943274456551,1.3756944444444446,0,0,0,0.0,1.0
SOL,2026-02-15,1770885000,short,0.07252526222883071,3.354861111111111,0,0,0,0.0,0.0
SOL,2026-02-15,1770916500,long,0.07852652209398281,2.990277777777778,0,0,0,0.0,0.0
SOL,2026-02-15,1770971400,short,0.05164638535559546,2.354861111111111,1,1,0,-0.011306714991447982,0.0
SOL,2026-02-16,1770885000,short,0.09856845208554865,4.354861111111111,0,0,0,0.0,0.0
SOL,2026-02-16,1770971400,short,0.06203902039156167,3.354861111111111,0,0,0,0.0,0.0
SOL,2026-02-16,1771002000,long,0.050777467468033466,3.000694444444444,0,0,0,0.0,0.0
SOL,2026-02-17,1770885000,short,0.1001669227630193,5.354861111111111,0,0,0,0.0,0.0
SOL,2026-02-17,1770971400,short,0.0634333556525668,4.354861111111111,0,0,0,0.0,0.0
SOL,2026-02-17,1771212600,long,0.052444895054805984,1.5631944444444446,1,1,0,-0.016230189504542317,0.0
SOL,2026-02-17,1770916500,long,0.0982012594036783,4.990277777777778,0,0,0,0.0,1.0
SOL,2026-02-18,1770885000,short,0.08823443862447422,6.354861111111112,0,0,0,0.0,0.0
SOL,2026-02-18,1770898500,long,0.05619201201821289,6.198611111111111,0,0,0,0.0,0.0
SOL,2026-02-18,1770971400,short,0.05834322773231215,5.354861111111111,0,0,0,0.0,0.0
SOL,2026-02-18,1771266600,long,0.0765532929150401,1.9381944444444446,0,0,0,0.0,0.0
SOL,2026-02-18,1770969600,long,0.1098814406862958,5.375694444444445,0,0,0,0.0,1.0
SOL,2026-02-19,1770969600,long,0.09148010134272644,6.375694444444444,0,0,0,0.0,0.0
SOL,2026-02-19,1771014600,short,0.05086739253859818,5.854861111111111,0,0,0,0.0,0.0
SOL,2026-02-19,1771207200,long,0.05521208207890593,3.625694444444444,0,0,0,0.0,0.0
SOL,2026-02-19,1771253100,short,0.05572561373038565,3.0944444444444446,0,0,0,0.0,0.0
SOL,2026-02-19,1771339500,short,0.05572823168720231,2.0944444444444446,2,0,1,0.3998426595190538,0.0
SOL,2026-02-20,1771382700,long,0.07784803221133796,2.5944444444444446,0,0,0,0.0,0.0
SOL,2026-02-22,1771382700,long,0.054310671866027116,4.594444444444445,0,0,0,0.0,0.0
SOL,2026-02-22,1771443000,short,0.052454652352675435,3.896527777777778,0,0,0,0.0,0.0
SOL,2026-02-23,1771402500,long,0.07874732905182413,5.365277777777778,0,0,0,0.0,1.0
SOL,2026-02-23,1771443000,short,0.06231522791837674,4.896527777777778,1,1,0,-6.634111101479299e-05,1.0
SOL,2026-02-23,1771700400,long,0.06269499830096437,1.917361111111111,1,1,0,-0.030075831219098872,1.0
SOL,2026-02-23,1771401600,short,0.051415907815511974,5.375694444444445,0,0,0,0.0,1.0
SOL,2026-02-23,1771695900,short,0.0714143558983227,1.9694444444444443,2,0,1,0.2113235351171923,1.0
SOL,2026-02-24,1771569000,short,0.05585424135102912,4.438194444444445,0,0,0,0.0,1.0
SOL,2026-02-24,1771692300,long,0.06466145775693999,3.0111111111111115,0,0,0,0.0,1.0
SOL,2026-02-24,1771706700,long,0.056670319805847136,2.844444444444444,0,0,0,0.0,1.0
SOL,2026-02-25,1771698600,long,0.07181472785408527,3.938194444444444,0,0,0,0.0,0.0
SOL,2026-02-26,1771576200,short,0.05280340137742401,6.354861111111112,0,0,0,0.0,0.0
SOL,2026-02-26,1771608600,long,0.050393597543534785,5.97986111111111,0,0,0,0.0,0.0
SOL,2026-02-26,1771673400,short,0.05089684490795754,5.229861111111111,0,0,0,0.0,0.0
SOL,2026-02-26,1771699500,long,0.05842755169726854,4.927777777777777,1,1,0,-0.007983110380965747,0.0
SOL,2026-02-26,1771984800,long,0.06369108976954596,1.6256944444444446,2,0,1,-0.022268200062928623,0.0
SOL,2026-02-26,1772021700,long,0.05272667370189099,1.198611111111111,2,0,1,0.12843986910332672,1.0
SOL,2026-02-27,1771983000,long,0.0520268435065665,2.6465277777777776,0,0,0,0.0,0.0
SOL,2026-02-27,1772020800,short,0.06259805959045817,2.209027777777778,0,0,0,0.0,0.0
SOL,2026-02-28,1772013600,long,0.06247657042328614,3.2923611111111106,0,0,0,0.0,0.0
SOL,2026-02-28,1772202600,short,0.07164586336410683,1.104861111111111,2,0,1,0.36933406968520033,0.0
SOL,2026-02-28,1772024400,long,0.07286314085337198,3.1673611111111115,0,0,0,0.0,1.0
SOL,2026-02-06,1770311700,short,0.05722886867876986,0.9902777777777777,2,0,1,0.16427889774103802,0.0
SOL,2026-02-06,1770327900,long,0.053911061607595734,0.8027777777777778,2,0,1,-0.057346897998303004,0.0
SOL,2026-02-06,1770330600,long,0.05607994702815278,0.7715277777777778,2,0,1,0.17748723142890344,1.0
SOL,2026-02-07,1770306300,short,0.08899837577855219,2.0527777777777776,1,1,0,-0.06506248879291662,0.0
SOL,2026-02-07,1770328800,long,0.0860213001951764,1.792361111111111,1,1,0,-0.003929922122814962,0.0
SOL,2026-02-07,1770339600,long,0.24022718506376206,1.667361111111111,1,1,0,-0.017129156844626903,1.0
SOL,2026-02-08,1770330600,long,0.10772016276083596,2.771527777777778,1,1,0,-0.0473282870811088,1.0
SOL,2026-02-08,1770451200,long,0.16390692128533146,1.3756944444444446,0,0,0,0.0,1.0
SOL,2026-02-08,1770306300,short,0.10727428520267956,3.0527777777777776,1,1,0,-0.02377876439050966,0.0
SOL,2026-02-08,1770336000,long,0.05601082504438426,2.7090277777777776,1,1,0,-0.025351987692966982,0.0
SOL,2026-02-08,1770450300,long,0.05147987561406797,1.386111111111111,1,1,0,-0.03879781821321988,0.0
SOL,2026-02-08,1770314400,long,0.09686879501062862,2.959027777777778,0,0,0,0.0,1.0
SOL,2026-02-09,1770302700,long,0.07432749418310625,4.094444444444444,1,1,0,-0.06547510852417975,0.0
SOL,2026-02-09,1770304500,short,0.08482027343396037,4.073611111111111,1,1,0,-0.1336332370824712,0.0
SOL,2026-02-09,1770450300,short,0.08579801482242022,2.386111111111111,1,1,0,0.02307925017588867,0.0
SOL,2026-02-09,1770322500,short,0.07498888635140266,3.8652777777777776,1,1,0,0.20403451832607256,1.0
SOL,2026-02-09,1770340500,long,0.21073149529107216,3.656944444444444,1,1,0,0.04719542020825358,1.0
SOL,2026-02-09,1770451200,long,0.08216536381037143,2.3756944444444446,0,0,0,0.0,1.0
SOL,2026-03-01,1771994700,long,0.05366268264078777,4.511111111111111,0,0,0,0.0,0.0
SOL,2026-03-01,1772201700,short,0.08377932671329369,2.1152777777777776,2,0,1,0.21596029190899277,0.0
SOL,2026-03-01,1772208900,long,0.051160970448387744,2.0319444444444446,1,1,0,0.016122450335022766,1.0
SOL,2026-03-10,1772618400,long,0.05830914077903748,6.250694444444445,0,0,0,0.0,0.0
SOL,2026-03-10,1772772300,long,0.05001375628038707,4.469444444444445,1,1,0,-0.02401730289261092,0.0
SOL,2026-03-10,1772806500,short,0.053160211449260864,4.073611111111111,1,1,0,-0.009149326614425548,0.0
SOL,2026-03-10,1772950500,long,0.053925821920778105,2.4069444444444446,0,0,0,0.0,0.0
SOL,2026-03-10,1772974800,short,0.098994284404748,2.1256944444444446,2,0,1,0.00012306917376248006,0.0
SOL,2026-03-10,1772643600,long,0.0649104484247458,5.959027777777778,0,0,0,0.0,1.0
SOL,2026-03-11,1772940600,long,0.052786276872663684,3.5215277777777776,0,0,0,0.0,0.0
SOL,2026-03-11,1773018000,short,0.050597015485031704,2.6256944444444446,0,0,0,0.0,0.0
SOL,2026-03-11,1773031500,long,0.07957012689692955,2.4694444444444446,0,0,0,0.0,0.0
SOL,2026-03-12,1772938800,long,0.05625077120456856,4.542361111111111,0,0,0,0.0,0.0
SOL,2026-03-12,1772973000,short,0.058853804716571756,4.146527777777777,0,0,0,0.0,0.0
SOL,2026-03-12,1773031500,long,0.05116172333691904,3.469444444444444,0,0,0,0.0,0.0
SOL,2026-03-12,1773066600,long,0.06729122658403308,3.0631944444444446,0,0,0,0.0,1.0
SOL,2026-03-16,1773285300,long,0.05906679587475061,4.531944444444444,0,0,0,0.0,0.0
SOL,2026-03-17,1773302400,long,0.051394030259717116,5.334027777777778,0,0,0,0.0,0.0
SOL,2026-03-22,1773978300,long,0.07465133174631866,2.511111111111111,0,0,0,0.0,1.0
SOL,2026-03-23,1774018800,long,0.0531639965449755,3.042361111111111,0,0,0,0.0,0.0
SOL,2026-03-26,1773973800,long,0.0756972448602089,6.563194444444445,0,0,0,0.0,0.0
SOL,2026-03-29,1774531800,long,0.06594917002708911,3.104861111111111,1,1,0,-0.03268373188347261,0.0
SOL,2026-03-03,1771983000,long,0.08567855966915139,6.646527777777777,1,1,0,-0.008738339883424578,1.0
SOL,2026-03-03,1771983900,long,0.09426646245223913,6.636111111111112,1,1,0,-0.018086038089261805,0.0
SOL,2026-03-03,1772177400,long,0.05004534027317087,4.396527777777778,1,1,0,-0.011302000329768011,0.0
SOL,2026-03-03,1772194500,short,0.053913908652668985,4.198611111111111,2,0,1,0.24203861873897975,0.0
SOL,2026-03-03,1772363700,short,0.050736009309260144,2.2402777777777776,1,1,0,-0.005391352663933311,0.0
SOL,2026-03-03,1772397900,long,0.055844916909627784,1.8444444444444443,1,1,0,0.05563302150487831,0.0
SOL,2026-03-03,1771985700,long,0.09224981119656528,6.615277777777777,1,1,0,-0.02867953478820249,1.0
SOL,2026-03-30,1774548000,long,0.05338393791019658,3.9173611111111115,1,1,0,-0.012378685386987663,0.0
SOL,2026-03-04,1772049600,long,0.05248188564429235,6.875694444444445,1,1,0,-0.03430931330582808,0.0
SOL,2026-03-04,1772330400,long,0.060008565560178306,3.625694444444444,1,1,0,-0.008273887767322817,0.0
SOL,2026-03-04,1772372700,short,0.05520735157567902,3.1361111111111106,1,1,0,-0.021768235993783764,0.0
SOL,2026-03-05,1772203500,long,0.07498045391424824,6.094444444444444,0,0,0,0.0,1.0
SOL,2026-03-05,1772180100,long,0.059508169709722614,6.365277777777777,0,0,0,0.0,0.0
SOL,2026-03-05,1772193600,short,0.050415075507954765,6.209027777777778,2,0,1,0.13888210014103453,0.0
SOL,2026-03-05,1772333100,long,0.0749286556049964,4.594444444444445,0,0,0,0.0,0.0
SOL,2026-03-05,1772370900,short,0.06568724332054066,4.156944444444445,0,0,0,0.0,0.0
SOL,2026-03-05,1772460000,short,0.053424041441522574,3.1256944444444446,1,1,0,0.032305823792642255,0.0
SOL,2026-03-05,1772467200,long,0.06676482069965783,3.042361111111111,0,0,0,0.0,0.0
SOL,2026-03-05,1772204400,long,0.07977834188766342,6.084027777777777,0,0,0,0.0,1.0
SOL,2026-03-07,1772569800,short,0.05739680503867095,3.854861111111111,0,0,0,0.0,0.0
SOL,2026-03-07,1772617500,long,0.054815622675266296,3.302777777777778,0,0,0,0.0,0.0
SOL,2026-03-07,1772643600,long,0.0853258278358604,3.000694444444444,0,0,0,0.0,1.0
SOL,2026-03-09,1772776800,long,0.05759818082203516,3.417361111111111,0,0,0,0.0,0.0
SOL,2026-04-01,1774543500,short,0.07355325944588165,5.969444444444445,2,0,1,-0.4454800684142939,1.0
SOL,2026-04-01,1774548000,long,0.08371625605460564,5.917361111111111,0,0,0,0.0,1.0
SOL,2026-04-01,1774634400,long,0.05353917269678732,4.917361111111111,0,0,0,0.0,1.0
SOL,2026-04-01,1774639800,short,0.08028319980157295,4.854861111111111,1,1,0,-0.03636218399911225,1.0
SOL,2026-04-01,1774939500,long,0.05471229095858088,1.386111111111111,1,1,0,-0.11583889739409595,1.0
SOL,2026-04-10,1775597400,long,0.05495801736439576,2.771527777777778,1,1,0,-0.04992783915586153,1.0
SOL,2026-04-10,1775601900,short,0.05736650718208153,2.7194444444444446,1,1,0,-0.0011874846024252199,1.0
SOL,2026-04-10,1775683800,long,0.05410914469128958,1.7715277777777778,1,1,0,0.1177497714082178,1.0
SOL,2026-04-11,1775592900,long,0.07095145965114069,3.823611111111111,1,1,0,-0.11214845418668207,1.0
SOL,2026-04-11,1775601900,short,0.06518807682455138,3.7194444444444446,0,0,0,0.0,1.0
SOL,2026-04-12,1775601900,long,0.07856923778144131,4.719444444444444,0,0,0,0.0,1.0
SOL,2026-04-12,1775601900,short,0.0634307622185587,4.719444444444444,1,1,0,-0.005181687796768954,1.0
SOL,2026-04-12,1775808000,long,0.05366188060579136,2.3340277777777776,0,0,0,0.0,1.0
SOL,2026-04-12,1775817000,short,0.05588143364032708,2.229861111111111,2,0,1,-0.25253447852149674,1.0
SOL,2026-04-13,1775808000,long,0.09120604151752731,3.3340277777777776,0,0,0,0.0,1.0
SOL,2026-04-13,1775817000,short,0.05536219262097536,3.229861111111111,1,1,0,0.014469729863835254,1.0
SOL,2026-04-14,1775592000,long,0.08776211269840095,6.834027777777778,1,1,0,-0.04962912025617343,1.0
SOL,2026-04-14,1775596500,short,0.06038298112361323,6.781944444444444,0,0,0,0.0,1.0
SOL,2026-04-14,1775808000,long,0.07973809004868748,4.334027777777778,0,0,0,0.0,1.0
SOL,2026-04-14,1776069900,long,0.05095119078086885,1.3027777777777776,1,1,0,-0.010333876260653088,1.0
SOL,2026-04-15,1775819700,short,0.05488223672516879,5.198611111111111,1,1,0,-0.014780371890186862,1.0
SOL,2026-04-15,1775823300,long,0.07005863593143635,5.156944444444444,1,1,0,0.02500574816472539,1.0
SOL,2026-04-15,1776123900,long,0.10200871150715063,1.6777777777777778,0,0,0,0.0,1.0
SOL,2026-04-16,1775808000,short,0.0625882891573798,6.334027777777777,1,1,0,-0.029293970499614456,1.0
SOL,2026-04-16,1775832300,long,0.05714404232845616,6.052777777777777,1,1,0,-0.020283277422444693,1.0
SOL,2026-04-16,1776071700,long,0.05270819177662389,3.2819444444444446,0,0,0,0.0,1.0
SOL,2026-04-17,1776254400,long,0.05295200745571349,2.167361111111111,1,1,0,0.0023535440912884247,1.0
SOL,2026-04-17,1776329100,short,0.07875269598162077,1.3027777777777776,2,0,1,0.046020455895311646,1.0
SOL,2026-04-17,1776340800,long,0.06760772095279433,1.167361111111111,1,1,0,-0.04984627950271354,1.0
SOL,2026-04-18,1776257100,short,0.053583465189549984,3.1361111111111106,0,0,0,0.0,1.0
SOL,2026-04-18,1776337200,long,0.06171929376691199,2.209027777777778,1,1,0,-0.03969585459712585,1.0
SOL,2026-04-18,1776358800,short,0.05993590127176436,1.9590277777777776,2,0,1,-0.11563757631580168,1.0
SOL,2026-04-19,1776240000,long,0.10725775021410255,4.334027777777778,0,0,0,0.0,1.0
SOL,2026-04-19,1776272400,short,0.05735969458765677,3.9590277777777776,1,1,0,-0.03305297562534148,1.0
SOL,2026-04-19,1776337200,long,0.07543202684049644,3.2090277777777776,0,0,0,0.0,1.0
SOL,2026-04-19,1776392100,short,0.05512044331389321,2.573611111111111,1,1,0,-0.041214053620463355,1.0
SOL,2026-04-19,1776537900,long,0.0773039709630905,0.8861111111111111,2,0,1,0.11019904607189344,1.0
SOL,2026-04-02,1774598400,long,0.055374252890826536,6.334027777777777,1,1,0,-0.013563668915795232,0.0
SOL,2026-04-02,1774939500,long,0.07735662917133812,2.386111111111111,0,0,0,0.0,0.0
SOL,2026-04-02,1774948500,short,0.05060024399658758,2.2819444444444446,0,0,0,0.0,0.0
SOL,2026-04-02,1775038500,long,0.051104247685908266,1.2402777777777778,1,1,0,-0.027033504557900653,0.0
SOL,2026-04-20,1776512700,long,0.09322114515166557,2.1777777777777776,0,0,0,0.0,1.0
SOL,2026-04-20,1776238200,long,0.06385868203431211,5.354861111111111,1,1,0,-0.012973130817410455,1.0
SOL,2026-04-20,1776251700,short,0.05136234783556348,5.198611111111111,1,1,0,-0.03129370415036374,1.0
SOL,2026-04-20,1776326400,long,0.05150839348876923,4.334027777777778,0,0,0,0.0,1.0
SOL,2026-04-20,1776345300,short,0.050096335630222005,4.115277777777778,0,0,0,0.0,1.0
SOL,2026-04-20,1776412800,long,0.11000422833680368,3.3340277777777776,0,0,0,0.0,1.0
SOL,2026-04-20,1776501900,long,0.09485191574110097,2.302777777777778,1,1,0,0.0003524172159708877,1.0
SOL,2026-04-20,1776550500,short,0.05012819132194654,1.7402777777777776,1,1,0,0.006093152627869939,1.0
SOL,2026-04-21,1776263400,short,0.05451616816877547,6.063194444444444,0,0,0,0.0,1.0
SOL,2026-04-21,1776314700,long,0.05181389738207853,5.469444444444444,0,0,0,0.0,1.0
SOL,2026-04-21,1776392100,short,0.07471928657981514,4.573611111111111,1,1,0,-0.03011555439906403,1.0
SOL,2026-04-21,1776405600,long,0.059507893176432125,4.417361111111111,0,0,0,0.0,1.0
SOL,2026-04-21,1776492900,long,0.05925587051400716,3.4069444444444446,1,1,0,-0.014338462815935666,1.0
SOL,2026-04-21,1776549600,short,0.05061709834251418,2.7506944444444446,0,0,0,0.0,1.0
SOL,2026-04-21,1776663900,long,0.07360259102378941,1.4277777777777776,0,0,0,0.0,1.0
SOL,2026-04-22,1776450600,long,0.06306493648101763,4.896527777777778,0,0,0,0.0,1.0
SOL,2026-04-22,1776392100,short,0.05396772708191666,5.573611111111111,0,0,0,0.0,1.0
SOL,2026-04-22,1776405600,long,0.07857476322396018,5.417361111111111,0,0,0,0.0,1.0
SOL,2026-04-22,1776492000,long,0.07828917118084133,4.417361111111111,0,0,0,0.0,1.0
SOL,2026-04-22,1776658500,long,0.050113629327043,2.4902777777777776,0,0,0,0.0,1.0
SOL,2026-04-23,1776448800,long,0.08862214192779883,5.917361111111111,0,0,0,0.0,1.0
SOL,2026-04-23,1776659400,long,0.05057585684717747,3.4798611111111115,0,0,0,0.0,1.0
SOL,2026-04-23,1776691800,short,0.050545425696676416,3.104861111111111,0,0,0,0.0,1.0
SOL,2026-04-23,1776826800,long,0.05075704238737422,1.542361111111111,1,1,0,-0.01027389311216471,1.0
SOL,2026-04-24,1776844800,long,0.10209552904632058,2.3340277777777776,0,0,0,0.0,1.0
SOL,2026-04-25,1776838500,long,0.1044565636344097,3.4069444444444446,1,1,0,-0.020424915286703947,1.0
SOL,2026-04-26,1776838500,long,0.10728969400706223,4.406944444444444,0,0,0,0.0,1.0
SOL,2026-04-26,1777006800,long,0.05762189160971287,2.459027777777778,0,0,0,0.0,1.0
SOL,2026-04-26,1777026600,short,0.052665534945562975,2.229861111111111,0,0,0,0.0,1.0
SOL,2026-04-28,1777302900,long,0.05345100164260863,1.0319444444444446,1,1,0,0.002882499310265769,1.0
SOL,2026-04-29,1777003200,short,0.06087202238267908,5.500694444444444,0,0,0,0.0,1.0
SOL,2026-04-29,1777003200,long,0.07912797761732082,5.500694444444444,0,0,0,0.0,1.0
SOL,2026-04-29,1777276800,long,0.09225709521457492,2.3340277777777776,0,0,0,0.0,1.0
SOL,2026-04-29,1777281300,short,0.05920517750079396,2.2819444444444446,0,0,0,0.0,1.0
SOL,2026-04-03,1774988100,long,0.07825398842879228,2.823611111111111,0,0,0,0.0,1.0
SOL,2026-04-03,1775006100,short,0.10152121609586831,2.615277777777778,0,0,0,0.0,1.0
SOL,2026-04-03,1775074500,long,0.07437095252537129,1.823611111111111,1,1,0,-0.036534906645470044,1.0
SOL,2026-04-30,1777003200,long,0.050664871396438826,6.500694444444444,0,0,0,0.0,1.0
SOL,2026-04-30,1777258800,long,0.05206481426394394,3.542361111111111,0,0,0,0.0,1.0
SOL,2026-04-30,1777275900,short,0.05008585338171756,3.344444444444444,0,0,0,0.0,1.0
SOL,2026-04-30,1777439700,long,0.06407148973844068,1.448611111111111,0,0,0,0.0,1.0
SOL,2026-04-04,1774988100,long,0.06273133574981715,3.823611111111111,0,0,0,0.0,1.0
SOL,2026-04-04,1775006100,short,0.08909169355966695,3.615277777777778,0,0,0,0.0,1.0
SOL,2026-04-04,1775081700,long,0.05052000475043039,2.7402777777777776,1,1,0,-0.01980003334586261,1.0
SOL,2026-04-05,1774989000,long,0.058599222248125526,4.813194444444444,1,1,0,-0.03281480389940089,0.0
SOL,2026-04-05,1775006100,short,0.08962712887842617,4.615277777777777,0,0,0,0.0,0.0
SOL,2026-04-05,1775091600,long,0.052452808547885255,3.625694444444444,0,0,0,0.0,0.0
SOL,2026-04-06,1774990800,long,0.05585227787072067,5.792361111111111,0,0,0,0.0,1.0
SOL,2026-04-06,1775006100,short,0.08912606558700131,5.615277777777778,0,0,0,0.0,1.0
SOL,2026-04-06,1775077200,long,0.06759471860893007,4.792361111111111,0,0,0,0.0,1.0
SOL,2026-04-06,1775175300,long,0.06588770230265961,3.656944444444444,0,0,0,0.0,1.0
SOL,2026-04-07,1775161800,long,0.05738185219341374,4.813194444444444,1,1,0,-0.023150207218505862,0.0
SOL,2026-04-08,1775061900,short,0.07006085697966807,6.969444444444444,1,1,0,-0.013052633409117748,1.0
SOL,2026-04-08,1775064600,long,0.06082643401368082,6.938194444444445,0,0,0,0.0,1.0
SOL,2026-04-08,1775252700,long,0.07955245888831786,4.761111111111111,1,1,0,0.03393056653071201,1.0
SOL,2026-04-08,1775253600,short,0.0523199283585003,4.750694444444445,1,1,0,-0.06402431274090677,1.0
SOL,2026-04-08,1775602800,long,0.059888134793369074,0.7090277777777778,1,1,0,0.026480641718828964,1.0
SOL,2026-04-09,1775151000,long,0.07083229883844,6.938194444444445,0,0,0,0.0,1.0
SOL,2026-04-09,1775243700,long,0.05361474174957537,5.865277777777778,1,1,0,0.049687009100073884,1.0
SOL,2026-04-09,1775253600,short,0.06259152936464107,5.750694444444444,0,0,0,0.0,1.0
SOL,2026-04-09,1775467800,long,0.053782780027437305,3.271527777777778,0,0,0,0.0,1.0
SOL,2026-04-09,1775479500,short,0.06052883926402669,3.1361111111111106,1,1,0,0.003353707010614635,1.0
SOL,2026-04-09,1775599200,long,0.062301695296182125,1.7506944444444443,1,1,0,-0.05430725203516633,1.0
SOL,2026-04-09,1775686500,long,0.05414662419778349,0.7402777777777778,1,0,0,0.052991421555579496,1.0
SOL,2026-02-10,1770278400,long,0.0914182858608783,5.375694444444445,2,0,1,0.3902778240421376,1.0
SOL,2026-02-10,1770155100,short,0.08887502884119047,6.802777777777778,1,1,0,-0.01148053446370456,1.0
SOL,2026-02-10,1770172200,long,0.053706590275018895,6.60486111111111,1,1,0,-0.016709758215584763,1.0
SOL,2026-02-10,1770255900,short,0.0511697832011655,5.636111111111111,1,1,0,-0.016019598080683838,1.0
SOL,2026-02-10,1770269400,long,0.05358850994638087,5.479861111111111,0,0,0,0.0,1.0
SOL,2026-02-10,1770450300,long,0.07254469564159027,3.386111111111111,1,1,0,0.0008843374435461432,1.0
SOL,2026-02-10,1770619500,long,0.058345234563698334,1.4277777777777776,1,1,0,-0.06810360660347176,1.0
SOL,2026-02-10,1770680700,short,0.06716393776761148,0.7194444444444444,2,0,1,-0.12473120513057026,1.0
SOL,2026-02-10,1770711300,long,0.05851196220278876,0.36527777777777776,2,0,1,0.15356886255768223,1.0
SOL,2026-02-11,1770257700,short,0.066277476470474,6.615277777777777,0,0,0,0.0,0.0
SOL,2026-02-11,1770330600,long,0.06295775984783725,5.771527777777777,1,1,0,-0.11266700334528598,0.0
SOL,2026-02-11,1770282900,short,0.07285890435256029,6.323611111111112,1,1,0,0.036721088259786566,0.0
SOL,2026-02-11,1770340500,long,0.10143934873624905,5.656944444444444,0,0,0,0.0,0.0
SOL,2026-02-11,1770506100,long,0.05839829878489944,3.740277777777778,0,0,0,0.0,0.0
SOL,2026-02-11,1770255900,short,0.06392825207316644,6.636111111111112,0,0,0,0.0,0.0
SOL,2026-02-11,1770324300,long,0.10288334383961928,5.844444444444444,0,0,0,0.0,0.0
SOL,2026-02-11,1770450300,long,0.06485884176638534,4.386111111111111,1,1,0,0.003239244296272932,0.0
SOL,2026-02-11,1770488100,short,0.05786045152039687,3.9486111111111115,1,1,0,-0.03461939395822088,0.0
SOL,2026-02-11,1770624000,long,0.057693040056497,2.3756944444444446,1,1,0,-0.045416586535112616,0.0
SOL,2026-02-11,1770651900,short,0.051373634426207904,2.0527777777777776,2,0,1,0.6144960645018239,0.0
SOL,2026-02-11,1770710400,long,0.07287057397438579,1.3756944444444446,0,0,0,0.0,0.0
SOL,2026-02-11,1770745500,short,0.07343092270364437,0.9694444444444444,1,1,0,0.037337610591663364,0.0
SOL,2026-02-12,1770349500,long,0.11817408374504623,6.552777777777778,0,0,0,0.0,0.0
SOL,2026-02-12,1770450300,long,0.05586389953057891,5.386111111111111,0,0,0,0.0,0.0
SOL,2026-02-12,1770618600,long,0.06063541233767289,3.4381944444444446,1,1,0,-0.03599293752256277,0.0
SOL,2026-02-12,1770642900,short,0.05054527679075416,3.156944444444444,1,1,0,-0.043901162031924366,0.0
SOL,2026-02-12,1770711300,long,0.06998976589008277,2.365277777777778,0,0,0,0.0,0.0
SOL,2026-02-12,1770761700,short,0.07427346612615476,1.7819444444444446,1,1,0,-0.042276751843281044,0.0
SOL,2026-02-13,1770753600,long,0.06741639407657463,2.875694444444444,1,1,0,-0.0416254910013695,1.0
SOL,2026-02-13,1770885000,long,0.06721717522458692,1.3548611111111113,0,0,0,0.0,1.0
SOL,2026-02-14,1770885000,long,0.07302907411051596,2.354861111111111,0,0,0,0.0,1.0
SOL,2026-02-14,1770899400,short,0.06646846136127976,2.1881944444444446,2,0,1,-0.17701031761070954,1.0
SOL,2026-02-14,1770971400,long,0.0663168559234919,1.3548611111111113,1,1,0,-0.0187441837469612,1.0
SOL,2026-02-14,1770993900,short,0.05488997565519327,1.0944444444444443,1,1,0,0.1391075682279378,1.0
SOL,2026-02-15,1770885000,long,0.05958116236767541,3.354861111111111,0,0,0,0.0,1.0
SOL,2026-02-15,1770891300,short,0.06066438302475308,3.2819444444444446,1,1,0,-0.03151785882490721,1.0
SOL,2026-02-15,1770972300,long,0.0700927578078201,2.3444444444444446,1,1,0,-0.02611109528748464,1.0
SOL,2026-02-15,1770995700,short,0.05576272582445724,2.073611111111111,1,1,0,-0.022421162587637017,1.0
SOL,2026-02-16,1770753600,long,0.05339920550595667,5.875694444444444,1,1,0,-0.0613399178645358,1.0
SOL,2026-02-16,1770885000,long,0.08319322900720327,4.354861111111111,0,0,0,0.0,1.0
SOL,2026-02-16,1770889500,short,0.055045030687441265,4.302777777777777,0,0,0,0.0,1.0
SOL,2026-02-16,1770971400,long,0.05006515216790097,3.354861111111111,0,0,0,0.0,1.0
SOL,2026-02-16,1770995700,short,0.059246944034492266,3.073611111111111,1,1,0,-0.03057560167888637,1.0
SOL,2026-02-17,1770926400,long,0.054776563280326096,4.875694444444444,0,0,0,0.0,1.0
SOL,2026-02-17,1770885000,long,0.09227308588456196,5.354861111111111,1,1,0,-0.013998298695985109,1.0
SOL,2026-02-17,1770891300,short,0.05277526426081225,5.281944444444444,1,1,0,-0.028852671885099546,1.0
SOL,2026-02-17,1770971400,long,0.05146132723132646,4.354861111111111,0,0,0,0.0,1.0
SOL,2026-02-17,1770997500,short,0.05037121406392442,4.052777777777778,0,0,0,0.0,1.0
SOL,2026-02-17,1771232400,long,0.05256703882678071,1.3340277777777778,0,0,0,0.0,1.0
SOL,2026-02-17,1771245900,short,0.07210077518100413,1.1777777777777778,1,1,0,0.026481469877664462,1.0
SOL,2026-02-17,1771323300,long,0.05837317435543632,0.28194444444444444,1,1,0,0.008393818498924843,1.0
SOL,2026-02-18,1770885000,long,0.09542779237584997,6.354861111111112,0,0,0,0.0,1.0
SOL,2026-02-18,1770894000,short,0.05538026987817024,6.250694444444445,0,0,0,0.0,1.0
SOL,2026-02-18,1770971400,long,0.05433951890615707,5.354861111111111,0,0,0,0.0,1.0
SOL,2026-02-18,1770997500,short,0.050112288176475395,5.052777777777778,1,1,0,-0.035395846689972366,1.0
SOL,2026-02-18,1771221600,short,0.05257502440369388,2.459027777777778,0,0,0,0.0,1.0
SOL,2026-02-18,1771231500,long,0.05806381738308497,2.3444444444444446,1,1,0,-0.01161739110566315,1.0
SOL,2026-02-18,1771308000,short,0.12054117160144734,1.4590277777777778,0,0,0,0.0,1.0
SOL,2026-02-18,1771325100,long,0.05260570578454504,1.261111111111111,1,1,0,-0.0378375498338234,1.0
SOL,2026-02-19,1771213500,short,0.05500880054183477,3.5527777777777776,0,0,0,0.0,1.0
SOL,2026-02-19,1771231500,long,0.07872035208662331,3.344444444444444,0,0,0,0.0,1.0
SOL,2026-02-19,1771299900,short,0.12294247880526987,2.5527777777777776,1,1,0,-0.03141049765428233,1.0
SOL,2026-02-19,1771335900,long,0.06117796861619684,2.136111111111111,1,1,0,-0.03057488707814983,1.0
SOL,2026-02-19,1771386300,short,0.05617452006519508,1.5527777777777778,0,0,0,0.0,1.0
SOL,2026-02-20,1771358400,long,0.05106906246289622,2.875694444444444,0,0,0,0.0,1.0
SOL,2026-02-20,1771382700,short,0.058330040882953516,2.5944444444444446,0,0,0,0.0,1.0
SOL,2026-02-21,1771361100,short,0.054765275637528255,3.8444444444444446,0,0,0,0.0,1.0
SOL,2026-02-21,1771461900,short,0.06822285261113809,2.677777777777778,0,0,0,0.0,1.0
SOL,2026-02-21,1771461900,long,0.07177714738886198,2.677777777777778,0,0,0,0.0,1.0
SOL,2026-02-21,1771567200,short,0.10776724798797158,1.4590277777777778,1,1,0,0.007537641549424684,1.0
SOL,2026-02-21,1771613100,long,0.06649619085562386,0.9277777777777778,1,1,0,0.03243478569572686,1.0
SOL,2026-02-22,1771383600,short,0.05949699273082476,4.584027777777778,0,0,0,0.0,1.0
SOL,2026-02-22,1771358400,short,0.06451937578282513,4.875694444444444,0,0,0,0.0,1.0
SOL,2026-02-22,1771456500,short,0.05124381603558775,3.740277777777778,0,0,0,0.0,1.0
SOL,2026-02-22,1771461900,long,0.0639848321080454,3.6777777777777776,0,0,0,0.0,1.0
SOL,2026-02-22,1771567200,short,0.10312441158773572,2.459027777777778,1,1,0,-0.042438687946972524,1.0
SOL,2026-02-22,1771605000,long,0.05864570244798806,2.0215277777777776,1,1,0,0.02657833108584689,1.0
SOL,2026-02-22,1771660800,short,0.13185860535393004,1.3756944444444446,0,0,0,0.0,1.0
SOL,2026-02-23,1771358400,short,0.05367930617726224,5.875694444444444,0,0,0,0.0,0.0
SOL,2026-02-23,1771458300,short,0.05228512471643276,4.719444444444444,0,0,0,0.0,0.0
SOL,2026-02-23,1771567200,short,0.07896272841187513,3.459027777777778,1,1,0,-0.041781390522192936,0.0
SOL,2026-02-23,1771660800,short,0.11034893056984924,2.3756944444444446,0,0,0,0.0,0.0
SOL,2026-02-23,1771673400,long,0.05254648837604248,2.229861111111111,1,1,0,-0.007507461061195209,0.0
SOL,2026-02-24,1771416000,long,0.05189296451547776,6.209027777777778,0,0,0,0.0,0.0
SOL,2026-02-24,1771567200,short,0.06495513989700563,4.459027777777777,0,0,0,0.0,0.0
SOL,2026-02-24,1771574400,long,0.08000962337995254,4.375694444444444,0,0,0,0.0,0.0
SOL,2026-02-24,1771660800,short,0.07480182381891953,3.3756944444444446,0,0,0,0.0,0.0
SOL,2026-02-24,1771673400,long,0.05898650453963028,3.229861111111111,0,0,0,0.0,0.0
SOL,2026-02-25,1771434900,short,0.09139305479995219,6.990277777777777,1,1,0,-0.0019004669719862657,1.0
SOL,2026-02-25,1771568100,short,0.056580084752059334,5.448611111111111,0,0,0,0.0,1.0
SOL,2026-02-25,1771569000,long,0.0554578679567741,5.438194444444444,0,0,0,0.0,1.0
SOL,2026-02-25,1771662600,short,0.055772181365033924,4.354861111111111,0,0,0,0.0,1.0
SOL,2026-02-25,1771667100,long,0.05362932188389902,4.302777777777777,0,0,0,0.0,1.0
SOL,2026-02-26,1771569000,long,0.06931473679462097,6.438194444444444,0,0,0,0.0,1.0
SOL,2026-02-26,1771574400,short,0.056631603685612875,6.375694444444444,1,1,0,-0.005120853676812261,1.0
SOL,2026-02-26,1771664400,short,0.05116273589794412,5.334027777777778,0,0,0,0.0,1.0
SOL,2026-02-26,1771666200,long,0.05984239768759436,5.313194444444444,0,0,0,0.0,1.0
SOL,2026-02-26,1772006400,short,0.08156347720153262,1.3756944444444446,2,0,1,-0.11316591242319196,1.0
SOL,2026-02-26,1772022600,long,0.05684457907857188,1.1881944444444446,2,0,1,0.1938004198867363,1.0
SOL,2026-02-27,1771983900,short,0.050191450541272664,2.636111111111111,1,1,0,-0.027269007305918202,1.0
SOL,2026-02-27,1772011800,long,0.05150949164719543,2.3131944444444446,0,0,0,0.0,1.0
SOL,2026-02-28,1772043300,long,0.0673834623480638,2.948611111111111,0,0,0,0.0,1.0
SOL,2026-02-28,1771983000,short,0.06406520917352443,3.6465277777777776,0,0,0,0.0,1.0
SOL,2026-02-28,1772019900,long,0.10558533254559821,3.2194444444444446,0,0,0,0.0,1.0
SOL,2026-02-28,1772077500,short,0.06068532331856996,2.5527777777777776,0,0,0,0.0,1.0
SOL,2026-02-28,1772166600,short,0.05943236068918145,1.5215277777777778,2,0,1,0.048159314761226035,1.0
SOL,2026-02-28,1772192700,long,0.0502045728902174,1.2194444444444446,1,1,0,-0.03221176327961645,1.0
SOL,2026-02-03,1770006600,long,0.0746892355915707,1.5215277777777778,0,0,0,0.0,1.0
SOL,2026-02-03,1770003000,long,0.07135761195128554,1.5631944444444446,2,0,1,0.05142997996878121,0.0
SOL,2026-02-04,1770021900,long,0.0725473068005249,2.3444444444444446,2,0,1,-0.05198811909130763,1.0
SOL,2026-02-04,1770039900,long,0.054508344441715595,2.136111111111111,1,1,0,0.007308763274394812,0.0
SOL,2026-02-05,1770212700,long,0.06589138321406995,1.136111111111111,1,1,0,-0.007250918604534336,1.0
SOL,2026-02-05,1770017400,long,0.11363207761919503,3.3965277777777776,0,0,0,0.0,1.0
SOL,2026-02-05,1769893200,long,0.05137107719626388,4.834027777777778,0,0,0,0.0,1.0
SOL,2026-02-05,1770003000,short,0.05727774910665362,3.5631944444444446,1,1,0,-0.5359054127664676,1.0
SOL,2026-02-05,1770215400,short,0.06349170183381692,1.104861111111111,2,0,1,-0.3330168456482806,1.0
SOL,2026-02-05,1770299100,long,0.08288823027257775,0.1361111111111111,2,0,1,-0.08859913463092539,1.0
SOL,2026-02-06,1770165000,long,0.05562604951558203,2.688194444444444,2,0,1,-0.08422866057087652,1.0
SOL,2026-02-06,1770257700,long,0.08275019791358584,1.6152777777777778,1,1,0,-0.055854347436685284,1.0
SOL,2026-02-06,1770212700,short,0.05538896258742021,2.136111111111111,1,1,0,-0.061302013562750474,1.0
SOL,2026-02-06,1770243300,long,0.07118672798236103,1.7819444444444446,1,1,0,-0.0007450868795123786,1.0
SOL,2026-02-06,1770299100,short,0.07670481031568799,1.136111111111111,2,0,1,-0.3702466718305409,1.0
SOL,2026-02-06,1770329700,long,0.09316793112009125,0.7819444444444444,2,0,1,0.2270667795484173,1.0
SOL,2026-02-07,1770217200,long,0.08903568304863119,3.0840277777777776,1,1,0,-0.015221860280033701,1.0
SOL,2026-02-07,1770313500,long,0.12168532045797464,1.9694444444444443,1,1,0,-0.046567609653864306,1.0
SOL,2026-02-07,1770172200,long,0.051595775887989026,3.6048611111111106,0,0,0,0.0,1.0
SOL,2026-02-07,1770185700,short,0.06866034486534334,3.4486111111111106,0,0,0,0.0,1.0
SOL,2026-02-07,1770263100,long,0.058533606466081745,2.5527777777777776,1,1,0,-0.029221517636929328,1.0
SOL,2026-02-07,1770275700,short,0.08587717461384092,2.4069444444444446,1,1,0,-0.03555966285919647,1.0
SOL,2026-02-07,1770440400,long,0.05667954607168957,0.5006944444444444,2,0,1,0.23399133025518087,1.0
SOL,2026-02-08,1770341400,long,0.1413089133945069,2.6465277777777776,0,0,0,0.0,1.0
SOL,2026-02-08,1770180300,long,0.06768444698685494,4.511111111111111,0,0,0,0.0,1.0
SOL,2026-02-08,1770185700,short,0.055123966933277146,4.448611111111111,0,0,0,0.0,1.0
SOL,2026-02-08,1770268500,long,0.050473013461407534,3.4902777777777776,2,0,1,0.5717021190538835,1.0
SOL,2026-02-08,1770272100,short,0.08608499532928748,3.4486111111111106,0,0,0,0.0,1.0
SOL,2026-02-08,1770450300,short,0.06822871389115925,1.386111111111111,2,0,1,-0.2738385727386241,1.0
SOL,2026-02-08,1770452100,long,0.05987347523194586,1.3652777777777778,0,0,0,0.0,1.0
SOL,2026-02-09,1770246000,long,0.05120234448343153,4.750694444444445,1,1,0,-0.04112162486720332,1.0
SOL,2026-02-09,1770333300,long,0.10964599694746213,3.740277777777778,1,1,0,-0.030250291378550953,1.0
SOL,2026-02-09,1770450300,long,0.11544041061279176,2.386111111111111,1,1,0,0.02307925017588867,1.0
SOL,2026-02-09,1770219900,short,0.05507560347261009,5.052777777777778,1,1,0,-0.014174064748503593,1.0
SOL,2026-02-09,1770245100,long,0.05116573499680421,4.761111111111111,0,0,0,0.0,1.0
SOL,2026-02-09,1770331500,long,0.06366519599986686,3.7611111111111106,2,0,1,0.5996481795438721,1.0
SOL,2026-02-09,1770452100,long,0.13582906660457938,2.365277777777778,0,0,0,0.0,1.0
SOL,2026-02-09,1770624900,long,0.05028066582868851,0.36527777777777776,1,1,0,-0.020984465517853476,1.0
SOL,2026-03-01,1772219700,long,0.06030026125335253,1.9069444444444443,0,0,0,0.0,1.0
SOL,2026-03-01,1771983000,short,0.058154317308072856,4.646527777777778,1,1,0,-0.015598828394166183,1.0
SOL,2026-03-01,1772022600,long,0.10943444802567015,4.188194444444444,1,1,0,-0.0135422085468338,1.0
SOL,2026-03-01,1772073900,short,0.05826587295789282,3.5944444444444446,1,1,0,-0.05090827024044438,1.0
SOL,2026-03-01,1772169300,short,0.07282866605967425,2.4902777777777776,1,1,0,-0.061041077959391725,1.0
SOL,2026-03-01,1772197200,long,0.0797569899488666,2.167361111111111,2,0,1,0.29078425232162236,1.0
SOL,2026-03-01,1772330400,long,0.08524546396285526,0.6256944444444444,1,1,0,-0.004000147940681459,1.0
SOL,2026-03-10,1772611200,long,0.08125497846095597,6.334027777777777,0,0,0,0.0,1.0
SOL,2026-03-10,1772611200,short,0.058745021539043873,6.334027777777777,0,0,0,0.0,1.0
SOL,2026-03-10,1772816400,long,0.06652622230061045,3.9590277777777776,0,0,0,0.0,1.0
SOL,2026-03-10,1772663400,short,0.055343302444825326,5.729861111111112,1,1,0,-0.03954815121012334,1.0
SOL,2026-03-10,1772773200,short,0.05652649547806521,4.459027777777777,1,1,0,-0.00918550371842414,1.0
SOL,2026-03-10,1772784000,long,0.08832785165831414,4.334027777777778,1,1,0,-0.011478844921145509,1.0
SOL,2026-03-10,1772955000,short,0.05643740538443481,2.354861111111111,0,0,0,0.0,1.0
SOL,2026-03-10,1772959500,long,0.06065869885563702,2.302777777777778,0,0,0,0.0,1.0
SOL,2026-03-10,1773055800,long,0.08724258096425475,1.1881944444444446,1,1,0,-0.00187586175091866,1.0
SOL,2026-03-11,1773079200,long,0.051854242271883955,1.917361111111111,0,0,0,0.0,1.0
SOL,2026-03-11,1772946900,long,0.050738158882225104,3.4486111111111106,0,0,0,0.0,1.0
SOL,2026-03-11,1772955000,short,0.09128488397823198,3.354861111111111,0,0,0,0.0,1.0
SOL,2026-03-11,1773043200,short,0.07997048644859006,2.3340277777777776,0,0,0,0.0,1.0
SOL,2026-03-11,1773046800,long,0.051723920761923114,2.292361111111111,1,1,0,-0.00794591016494894,1.0
SOL,2026-03-12,1773022500,long,0.08451025669562018,3.573611111111111,1,1,0,-0.019057167069601352,1.0
SOL,2026-03-12,1772841600,short,0.06476116694845568,5.667361111111111,1,1,0,-0.011119758693545164,1.0
SOL,2026-03-12,1773025200,long,0.06470405312700311,3.542361111111111,0,0,0,0.0,1.0
SOL,2026-03-12,1773031500,short,0.055197532218487555,3.469444444444444,0,0,0,0.0,1.0
SOL,2026-03-12,1773116100,long,0.053162021646155466,2.4902777777777776,1,1,0,-0.029573513964271894,1.0
SOL,2026-03-12,1773171900,short,0.05062182834885459,1.8444444444444443,2,0,1,-0.27646607514025645,1.0
SOL,2026-03-12,1773305100,long,0.07863536112811165,0.30277777777777776,2,0,1,0.11829082537312241,1.0
SOL,2026-03-13,1773285300,long,0.0761671471840073,1.5319444444444443,0,0,0,0.0,1.0
SOL,2026-03-13,1773296100,short,0.0681928051031182,1.4069444444444446,1,1,0,0.0045783874555325454,1.0
SOL,2026-03-14,1773288000,long,0.07154994645591062,2.5006944444444446,1,1,0,0.03216982686928333,1.0
SOL,2026-03-14,1773288000,short,0.058450053544089386,2.5006944444444446,0,0,0,0.0,1.0
SOL,2026-03-16,1773541800,short,0.05662183189189007,1.5631944444444446,1,1,0,0.0122725487471521,0.0
SOL,2026-03-16,1773558000,long,0.05502817335474863,1.3756944444444446,1,1,0,-0.04058242565500832,0.0
SOL,2026-03-17,1773630000,long,0.06728990526867729,1.542361111111111,0,0,0,0.0,1.0
SOL,2026-03-17,1773545400,short,0.05385827547046801,2.521527777777778,1,1,0,-0.021646760403410573,0.0
SOL,2026-03-17,1773575100,long,0.05982959082311101,2.1777777777777776,0,0,0,0.0,0.0
SOL,2026-03-18,1773576000,long,0.060901065391713693,3.1673611111111115,0,0,0,0.0,1.0
SOL,2026-03-18,1773540900,long,0.0507571893508183,3.573611111111111,0,0,0,0.0,1.0
SOL,2026-03-18,1773542700,short,0.06007981750647684,3.5527777777777776,0,0,0,0.0,1.0
SOL,2026-03-18,1773627300,long,0.053196348199741283,2.573611111111111,1,0,0,0.49210448730698897,1.0
SOL,2026-03-19,1773630000,short,0.05264852183549262,3.542361111111111,1,0,0,-0.3300954836856805,1.0
SOL,2026-03-21,1773996300,short,0.11002649720346042,1.3027777777777776,0,0,0,0.0,1.0
SOL,2026-03-22,1773996300,short,0.08064515068595052,2.302777777777778,1,1,0,-0.019120721423318415,1.0
SOL,2026-03-22,1774016100,long,0.06124325304759348,2.073611111111111,0,0,0,0.0,1.0
SOL,2026-03-23,1773974700,short,0.05756655872045896,3.5527777777777776,0,0,0,0.0,0.0
SOL,2026-03-23,1773979200,long,0.09601098106079164,3.500694444444444,0,0,0,0.0,0.0
SOL,2026-03-24,1773974700,short,0.0511342953386793,4.552777777777778,0,0,0,0.0,1.0
SOL,2026-03-24,1773978300,long,0.05337904542825633,4.511111111111111,0,0,0,0.0,1.0
SOL,2026-03-24,1774250100,short,0.05722878972151069,1.3652777777777778,1,1,0,0.1557779567323781,1.0
SOL,2026-03-24,1774252800,long,0.06539313102291322,1.3340277777777778,1,1,0,-0.027333388492451954,1.0
SOL,2026-03-25,1774235700,short,0.08095595608317552,2.531944444444444,1,1,0,-0.01360353553531407,0.0
SOL,2026-03-25,1774263600,long,0.05521054707413953,2.209027777777778,1,1,0,-0.010734310036858707,0.0
SOL,2026-03-26,1773973800,short,0.06287701558285397,6.563194444444445,0,0,0,0.0,1.0
SOL,2026-03-26,1773975600,long,0.061882236921403155,6.542361111111111,1,1,0,-0.007377098378103937,1.0
SOL,2026-03-26,1774235700,short,0.08449620688388854,3.5319444444444446,0,0,0,0.0,1.0
SOL,2026-03-27,1774512000,long,0.05070406032870256,1.3340277777777778,1,1,0,-0.0071044542538828,1.0
SOL,2026-03-28,1774533600,short,0.051439969847440314,2.084027777777778,2,0,1,-0.19500776370308837,1.0
SOL,2026-03-28,1774609200,long,0.06025477594871531,1.2090277777777778,1,1,0,-0.010241703385547243,1.0
SOL,2026-03-28,1774624500,short,0.07784267520962687,1.0319444444444446,1,1,0,-0.0024460378465579087,1.0
SOL,2026-03-29,1774454400,long,0.07866821095025323,4.000694444444445,0,0,0,0.0,1.0
SOL,2026-03-29,1774506600,short,0.0727290594811536,3.3965277777777776,0,0,0,0.0,1.0
SOL,2026-03-29,1774593000,short,0.06424869147190931,2.3965277777777776,0,0,0,0.0,1.0
SOL,2026-03-29,1774609200,long,0.05279091719838358,2.209027777777778,1,1,0,-0.021772700988106942,1.0
SOL,2026-03-03,1772031600,short,0.06383783323525366,6.084027777777777,2,0,1,-0.24981747364120274,1.0
SOL,2026-03-03,1772031600,long,0.06616216676474629,6.084027777777777,2,0,1,0.3798174736412027,1.0
SOL,2026-03-03,1772336700,long,0.06283175719593936,2.5527777777777776,1,1,0,-0.02021469334094511,1.0
SOL,2026-03-03,1771983900,long,0.061680157646102796,6.636111111111112,1,1,0,-0.015143149082102037,1.0
SOL,2026-03-03,1771984800,short,0.06182575590206474,6.625694444444445,1,1,0,-0.03684759797335861,1.0
SOL,2026-03-03,1772073000,long,0.05192420490851313,5.604861111111111,1,1,0,0.022500719406901945,1.0
SOL,2026-03-03,1772167500,short,0.061384718672997496,4.511111111111111,2,0,1,-0.45625910729074404,1.0
SOL,2026-03-03,1772179200,long,0.07607185466387545,4.375694444444444,1,1,0,-0.06779262408949446,1.0
SOL,2026-03-03,1772330400,long,0.07232564747095038,2.6256944444444446,1,1,0,-0.04659953279315654,1.0
SOL,2026-03-03,1772373600,short,0.06077839978575028,2.1256944444444446,1,1,0,0.017955842831721622,1.0
SOL,2026-03-03,1772417700,long,0.06836715489924594,1.6152777777777778,2,0,1,0.32230954943281065,1.0
SOL,2026-03-03,1772504100,long,0.07648708248308056,0.6152777777777777,1,1,0,0.001505242356600758,1.0
SOL,2026-03-30,1774527300,short,0.05063628577746554,4.156944444444445,1,1,0,-0.016646255980903933,1.0
SOL,2026-03-30,1774545300,long,0.06583627093571276,3.9486111111111115,1,1,0,0.0039502665918801985,1.0
SOL,2026-03-30,1774617300,short,0.05180866581129523,3.115277777777778,2,0,1,-0.308008524281495,1.0
SOL,2026-03-30,1774633500,long,0.05000148607311039,2.9277777777777776,1,1,0,-0.014511849510872393,1.0
SOL,2026-03-04,1772330400,long,0.08079105952824506,3.625694444444444,2,0,1,-0.414927481269892,0.0
SOL,2026-03-04,1772373600,short,0.06038302902605042,3.1256944444444446,0,0,0,0.0,0.0
SOL,2026-03-04,1772424900,long,0.05666398210222012,2.531944444444444,0,0,0,0.0,0.0
SOL,2026-03-04,1772462700,short,0.05456826570618467,2.0944444444444446,1,1,0,0.029114579074731597,0.0
SOL,2026-03-04,1772524800,long,0.07491534343489903,1.3756944444444446,1,1,0,-0.004708716394261979,0.0
SOL,2026-03-04,1772550900,short,0.06049157753446127,1.073611111111111,1,1,0,0.0003882959547944209,0.0
SOL,2026-03-04,1772613900,long,0.0771421852222598,0.34444444444444444,1,1,0,-0.031467826817453026,0.0
SOL,2026-03-05,1772193600,long,0.0906378920364943,6.209027777777778,2,0,1,0.23535947067855345,1.0
SOL,2026-03-05,1772330400,short,0.050352595970261455,4.625694444444445,1,1,0,-0.0003822384161148405,1.0
SOL,2026-03-05,1772335800,long,0.056286173600949674,4.563194444444444,1,1,0,0.009954967122845798,1.0
SOL,2026-03-05,1772524800,long,0.1030891514591834,2.3756944444444446,1,1,0,0.012896111333957495,1.0
SOL,2026-03-05,1772180100,long,0.06937144619234026,6.365277777777777,1,1,0,-0.04200661248880577,1.0
SOL,2026-03-05,1772165700,long,0.06014250780356489,6.531944444444445,0,0,0,0.0,1.0
SOL,2026-03-05,1772165700,short,0.05985749219643499,6.531944444444445,0,0,0,0.0,1.0
SOL,2026-03-05,1772354700,long,0.06472215991612762,4.344444444444444,0,0,0,0.0,1.0
SOL,2026-03-05,1772378100,short,0.08635819558348523,4.073611111111111,0,0,0,0.0,1.0
SOL,2026-03-05,1772445600,long,0.0572267605328971,3.2923611111111106,0,0,0,0.0,1.0
SOL,2026-03-05,1772464500,short,0.059226276938821265,3.073611111111111,0,0,0,0.0,1.0
SOL,2026-03-05,1772532000,long,0.07081860597945644,2.292361111111111,1,1,0,-0.011957025548970997,1.0
SOL,2026-03-05,1772550900,short,0.07253017302225262,2.073611111111111,1,1,0,-0.017815418826137006,1.0
SOL,2026-03-05,1772633700,long,0.07296632657676261,1.1152777777777778,2,0,1,0.4530120115370817,1.0
SOL,2026-03-06,1772598600,long,0.07957363376996884,2.521527777777778,0,0,0,0.0,1.0
SOL,2026-03-06,1772568900,long,0.09049959282248676,2.8652777777777776,0,0,0,0.0,1.0
SOL,2026-03-06,1772638200,short,0.0571270994352302,2.0631944444444446,2,0,1,-0.22220661888795162,1.0
SOL,2026-03-06,1772804700,long,0.05405350671279341,0.1361111111111111,2,0,1,-0.001493782231897764,1.0
SOL,2026-03-07,1772571600,long,0.0941148811103858,3.8340277777777776,0,0,0,0.0,1.0
SOL,2026-03-07,1772568000,short,0.054266533182063925,3.8756944444444446,0,0,0,0.0,1.0
SOL,2026-03-07,1772568900,long,0.07732788370824806,3.8652777777777776,0,0,0,0.0,1.0
SOL,2026-03-07,1772777700,short,0.05285711388560543,1.448611111111111,1,1,0,0.010593133092109724,1.0
SOL,2026-03-07,1772790300,long,0.08002380697220124,1.3027777777777776,1,1,0,-0.008575793695318759,1.0
SOL,2026-03-08,1772611200,long,0.08145848525906718,4.334027777777778,1,1,0,0.026511348017236508,1.0
SOL,2026-03-08,1772611200,short,0.05854151474093297,4.334027777777778,1,1,0,0.011763666649448862,1.0
SOL,2026-03-08,1772850600,short,0.05585029444050729,1.5631944444444446,2,0,1,-0.2440830689729906,1.0
SOL,2026-03-08,1772771400,short,0.07301810967164507,2.479861111111111,1,1,0,-0.013086759674202796,1.0
SOL,2026-03-08,1772809200,long,0.06685442535562469,2.042361111111111,1,1,0,-0.0062624407430580745,1.0
SOL,2026-03-09,1772816400,long,0.06823828638739005,2.959027777777778,0,0,0,0.0,1.0
SOL,2026-03-09,1772771400,short,0.08093493792575512,3.4798611111111115,0,0,0,0.0,1.0
SOL,2026-03-09,1772784000,long,0.08845114948593813,3.3340277777777776,0,0,0,0.0,1.0
SOL,2026-03-09,1772965800,short,0.052687598289505255,1.229861111111111,0,0,0,0.0,1.0
SOL,2026-03-09,1772966700,long,0.052397329497698486,1.2194444444444446,1,1,0,-0.02070452099772699,1.0
SOL,2026-05-01,1777444200,long,0.06101238857178304,2.3965277777777776,0,0,0,0.0,1.0
SOL,2026-05-01,1777444200,short,0.0659876114282169,2.3965277777777776,1,1,0,-0.03757669527286559,1.0
SOL,2026-05-10,1778012100,short,0.2628111910519198,4.823611111111111,0,0,0,0.0,0.0
SOL,2026-05-10,1778021100,long,0.07959464782315506,4.719444444444444,0,0,0,0.0,0.0
SOL,2026-05-11,1778011200,long,0.09096717175585445,5.834027777777778,0,0,0,0.0,0.0
SOL,2026-05-11,1778012100,short,0.21938831539833897,5.823611111111111,0,0,0,0.0,0.0
SOL,2026-05-12,1778114700,short,0.061288846802316,5.636111111111111,0,0,0,0.0,0.0
SOL,2026-05-12,1778189400,long,0.05347168943026359,4.771527777777777,0,0,0,0.0,0.0
SOL,2026-05-13,1778114700,short,0.0665979777905023,6.636111111111112,0,0,0,0.0,0.0
SOL,2026-05-02,1777444200,short,0.07851421508762385,3.3965277777777776,1,1,0,-0.019941911306367972,1.0
SOL,2026-05-02,1777446900,long,0.05280824782439142,3.3652777777777776,0,0,0,0.0,1.0
SOL,2026-05-03,1777444200,short,0.08011600378689998,4.396527777777778,0,0,0,0.0,1.0
SOL,2026-05-03,1777448700,long,0.062257125400244195,4.344444444444444,0,0,0,0.0,1.0
SOL,2026-05-03,1777607100,long,0.08954774083405703,2.511111111111111,1,1,0,0.0026515328152941237,1.0
SOL,2026-05-04,1777607100,long,0.09008988242578075,3.511111111111111,2,0,1,0.2571417754571402,1.0
SOL,2026-05-04,1777627800,short,0.05443218814887188,3.271527777777778,0,0,0,0.0,1.0
SOL,2026-05-05,1777445100,short,0.05783601714259423,6.386111111111111,0,0,0,0.0,1.0
SOL,2026-05-05,1777448700,long,0.06183336732973643,6.344444444444444,0,0,0,0.0,1.0
SOL,2026-05-06,1777861800,long,0.08430045952989351,2.5631944444444446,1,1,0,-0.016618447240058627,1.0
SOL,2026-05-07,1777607100,long,0.09188703188208858,6.511111111111111,0,0,0,0.0,1.0
SOL,2026-05-07,1777627800,short,0.0747522520554092,6.271527777777778,2,0,1,-0.12931527612271362,1.0
SOL,2026-05-07,1777861800,long,0.10075901401008425,3.5631944444444446,0,0,0,0.0,1.0
SOL,2026-05-07,1777874400,short,0.052433758303595535,3.417361111111111,0,0,0,0.0,1.0
SOL,2026-05-07,1777964400,long,0.05173640960286341,2.3756944444444446,0,0,0,0.0,1.0
SOL,2026-05-08,1778011200,long,0.05507919068153866,2.834027777777778,0,0,0,0.0,1.0
SOL,2026-05-08,1778188500,long,0.05929393114620307,0.7819444444444444,1,1,0,-0.0033211388506223585,1.0
SOL,2026-05-09,1778013000,long,0.08081647653219415,3.813194444444444,0,0,0,0.0,0.0
SOL,2026-05-09,1778031900,short,0.06333895733539918,3.5944444444444446,0,0,0,0.0,0.0
SOL,2026-04-01,1774548000,short,0.050022833227375774,5.917361111111111,0,0,0,0.0,0.0
SOL,2026-04-01,1774557000,long,0.057333844947740964,5.813194444444444,0,0,0,0.0,0.0
SOL,2026-04-19,1776369600,short,0.05014154146716554,2.834027777777778,1,1,0,-0.01638590237516309,0.0
SOL,2026-04-19,1776491100,long,0.05263790806666946,1.4277777777777776,1,1,0,-0.098442829472387,0.0
SOL,2026-04-19,1776496500,short,0.05419421488109777,1.3652777777777778,1,1,0,-0.012098897691270045,0.0
SOL,2026-04-02,1774566900,long,0.06622971374737618,6.698611111111111,2,0,1,-0.0445605363965047,0.0
SOL,2026-04-20,1776368700,short,0.05457317286516816,3.8444444444444446,0,0,0,0.0,0.0
SOL,2026-04-20,1776491100,long,0.0629880986278668,2.4277777777777776,1,1,0,-0.020368948262463465,0.0
SOL,2026-04-20,1776496500,short,0.08549230298870703,2.365277777777778,0,0,0,0.0,0.0
SOL,2026-04-21,1776366900,short,0.06540947905226269,4.865277777777778,0,0,0,0.0,0.0
SOL,2026-04-21,1776418200,long,0.05003144517330549,4.271527777777778,1,1,0,0.0668551166828523,0.0
SOL,2026-04-21,1776456000,short,0.06574827586039622,3.8340277777777776,0,0,0,0.0,0.0
SOL,2026-04-21,1776542400,short,0.06061290628248295,2.834027777777778,0,0,0,0.0,0.0
SOL,2026-04-21,1776559500,long,0.050878551394186955,2.636111111111111,1,1,0,-0.011837464699693281,0.0
SOL,2026-04-22,1776442500,short,0.09618751315199336,4.990277777777778,0,0,0,0.0,0.0
SOL,2026-04-23,1776393000,long,0.08074285915706692,6.563194444444445,1,1,0,-0.027430883670080064,0.0
SOL,2026-04-23,1776451500,short,0.07484117235635035,5.886111111111111,0,0,0,0.0,0.0
SOL,2026-04-24,1776872700,long,0.059403973707629065,2.011111111111111,1,1,0,-0.015216299421450835,0.0
SOL,2026-04-25,1776869100,short,0.05347338427071635,3.0527777777777776,0,0,0,0.0,0.0
SOL,2026-04-28,1776838500,short,0.09995000599811033,6.406944444444444,0,0,0,0.0,0.0
SOL,2026-04-28,1776853800,long,0.050050302272299785,6.229861111111111,0,0,0,0.0,0.0
SOL,2026-04-08,1775062800,long,0.05888550603745446,6.959027777777777,0,0,0,0.0,0.0
SOL,2025-12-08,1764854100,long,0.09387427612644061,4.156944444444445,0,0,0,0.0,0.0
SOL,2026-02-01,1769885100,long,0.08056823784940814,0.9277777777777778,2,0,1,-0.2746695839235512,0.0
SOL,2026-02-01,1769900400,short,0.0646190777436938,0.7506944444444446,1,1,0,-0.01587734430808225,0.0
SOL,2026-02-10,1770148800,short,0.0600404266645056,6.875694444444445,0,0,0,0.0,0.0
SOL,2026-02-10,1770155100,long,0.06551471057042901,6.802777777777778,0,0,0,0.0,0.0
SOL,2026-02-10,1770241500,long,0.0521678070777174,5.802777777777778,0,0,0,0.0,0.0
SOL,2026-02-10,1770282900,short,0.05416870228159276,5.323611111111111,1,1,0,0.019074216674890107,0.0
SOL,2026-02-10,1770349500,long,0.07359510161854377,4.552777777777778,0,0,0,0.0,0.0
SOL,2026-02-10,1770451200,long,0.10698580652866574,3.3756944444444446,0,0,0,0.0,0.0
SOL,2026-02-10,1770486300,short,0.0594379623353799,2.9694444444444446,0,0,0,0.0,0.0
SOL,2026-02-10,1770622200,long,0.05183049164533693,1.3965277777777778,1,1,0,0.014834214918645339,0.0
SOL,2026-02-10,1770311700,long,0.06112317601451478,4.990277777777778,2,0,1,-0.2172601174924767,0.0
SOL,2026-02-11,1770262200,short,0.051642065412819016,6.563194444444445,0,0,0,0.0,0.0
SOL,2026-02-11,1770262200,long,0.10835793458718102,6.563194444444445,0,0,0,0.0,0.0
SOL,2026-02-11,1770452100,long,0.05392895380232687,4.365277777777778,0,0,0,0.0,0.0
SOL,2026-02-11,1770462000,short,0.051189431971544797,4.250694444444444,0,0,0,0.0,0.0
SOL,2026-02-11,1770657300,long,0.06519164794143073,1.9902777777777778,1,1,0,0.010582282565825735,0.0
SOL,2026-02-12,1770451200,short,0.06356719692349266,5.375694444444445,0,0,0,0.0,0.0
SOL,2026-02-12,1770451200,long,0.08643280307650736,5.375694444444445,0,0,0,0.0,0.0
SOL,2026-02-12,1770624000,long,0.06460060170201509,3.3756944444444446,1,1,0,-0.005135708539021386,0.0
SOL,2026-02-12,1770628500,short,0.052531895515464555,3.3236111111111115,0,0,0,0.0,0.0
SOL,2026-02-12,1770714900,long,0.05434376446334532,2.323611111111111,1,1,0,-0.009096813468135623,0.0
SOL,2026-02-16,1771002900,long,0.05543676809069753,2.990277777777778,0,0,0,0.0,0.0
SOL,2026-02-17,1770889500,long,0.052134161304917104,5.302777777777778,1,1,0,-0.04456111392265134,0.0
SOL,2026-02-17,1771009200,long,0.05157363841565554,3.9173611111111115,0,0,0,0.0,0.0
SOL,2026-02-18,1770889500,long,0.05724000979511534,6.302777777777777,0,0,0,0.0,0.0
SOL,2026-02-18,1770997500,long,0.050633597452451884,5.052777777777778,0,0,0,0.0,0.0
SOL,2026-02-18,1771002000,short,0.05094363163186577,5.000694444444444,0,0,0,0.0,0.0
SOL,2026-02-19,1771206300,short,0.05185218894330412,3.6361111111111115,0,0,0,0.0,0.0
SOL,2026-02-19,1771231500,long,0.05085607750098453,3.344444444444444,1,1,0,0.011364487242493277,0.0
SOL,2026-02-19,1771275600,long,0.055971653799386845,2.834027777777778,1,1,0,-0.015961545384409477,0.0
SOL,2026-02-02,1769882400,long,0.06186003707890264,1.9590277777777776,0,0,0,0.0,0.0
SOL,2026-02-02,1769887800,short,0.05209712914956566,1.8965277777777776,2,0,1,0.24551637171696136,0.0
SOL,2026-02-02,1770003000,long,0.17600683964512776,0.5631944444444444,2,0,1,-0.17042044359977992,0.0
SOL,2026-02-02,1770023700,short,0.051843541137515436,0.3236111111111111,2,0,1,-0.00690550926393646,0.0
SOL,2026-02-02,1769883300,long,0.10512754724336881,1.948611111111111,1,1,0,-0.0062375400652740325,1.0
SOL,2026-02-02,1770006600,long,0.11192797434066581,0.5215277777777777,1,1,0,-0.01619029918006381,1.0
SOL,2026-02-20,1771388100,long,0.0535066498942085,2.531944444444444,1,1,0,-0.014635060762153844,0.0
SOL,2026-02-21,1771388100,long,0.05267037983895695,3.5319444444444446,1,1,0,-0.013952713114044533,0.0
SOL,2026-02-22,1771401600,long,0.066446572527747,4.375694444444444,0,0,0,0.0,0.0
SOL,2026-02-22,1771455600,long,0.05994164688564285,3.7506944444444446,0,0,0,0.0,0.0
SOL,2026-02-23,1771401600,long,0.07879722876128814,5.375694444444445,0,0,0,0.0,0.0
SOL,2026-02-23,1771410600,short,0.05243025865838202,5.271527777777778,0,0,0,0.0,0.0
SOL,2026-02-23,1771604100,long,0.05794861073566815,3.031944444444444,0,0,0,0.0,0.0
SOL,2026-02-24,1771677000,long,0.07081637999368251,3.188194444444444,0,0,0,0.0,0.0
SOL,2026-02-25,1771574400,long,0.061783552804049346,5.375694444444445,0,0,0,0.0,0.0
SOL,2026-02-26,1771575300,long,0.051368148153576376,6.365277777777777,0,0,0,0.0,0.0
SOL,2026-02-26,1771605000,short,0.05192087708495552,6.021527777777777,1,1,0,0.00027400519790084926,0.0
SOL,2026-02-27,1772037000,short,0.05579226870932741,2.0215277777777776,2,0,1,0.04236930475417122,0.0
SOL,2026-02-27,1772068500,long,0.055559967751605654,1.6569444444444443,0,0,0,0.0,0.0
SOL,2026-02-28,1772046000,long,0.05088244303519596,2.917361111111111,0,0,0,0.0,0.0
SOL,2026-02-28,1772052300,short,0.08071536696654058,2.844444444444444,0,0,0,0.0,0.0
SOL,2026-02-03,1769883300,short,0.052921779973427174,2.948611111111111,1,1,0,-0.003435175016328035,0.0
SOL,2026-02-03,1770003000,short,0.0758771034616037,1.5631944444444446,1,1,0,0.07143180355697634,0.0
SOL,2026-02-03,1770031800,long,0.11585711916191443,1.229861111111111,2,0,1,-0.2799941571220103,0.0
SOL,2026-02-03,1770026400,long,0.054784084802482313,1.292361111111111,2,0,1,0.11820319093913728,1.0
SOL,2026-02-03,1770027300,short,0.050989695288521514,1.2819444444444443,1,1,0,-0.014662460350481741,1.0
SOL,2026-02-04,1769877000,long,0.055883021309999226,4.021527777777778,1,1,0,-0.05369798325177775,1.0
SOL,2026-02-04,1769879700,short,0.05853918014057857,3.9902777777777776,2,0,1,-0.35594753779050425,1.0
SOL,2026-02-04,1770003000,short,0.054370891691473966,2.5631944444444446,2,0,1,-0.3970770148525453,1.0
SOL,2026-02-04,1770060600,long,0.05586716987058504,1.8965277777777776,1,1,0,0.00295676353099307,1.0
SOL,2026-02-04,1770131700,short,0.08062582944427743,1.073611111111111,1,1,0,0.02527253328407794,1.0
SOL,2026-02-04,1770150600,long,0.0687170866681941,0.8548611111111112,2,0,1,0.011177184231061177,1.0
SOL,2026-02-04,1770026400,long,0.07014215821573444,2.292361111111111,2,0,1,0.06518252494654239,1.0
SOL,2026-02-04,1770114600,long,0.05245241042464821,1.2715277777777778,0,0,0,0.0,1.0
SOL,2026-02-05,1769870700,long,0.07465847898047717,5.094444444444445,1,1,0,-0.6053140763962325,0.0
SOL,2026-02-05,1769884200,short,0.08124891020493719,4.938194444444445,1,1,0,0.008714379656163694,0.0
SOL,2026-02-05,1770004800,short,0.07441323816177803,3.542361111111111,1,1,0,0.017311361309728636,0.0
SOL,2026-02-05,1770066900,long,0.05193352877586266,2.823611111111111,1,1,0,-0.0013510659037220749,0.0
SOL,2026-02-05,1770140700,short,0.07498201315319392,1.9694444444444443,2,0,1,1.0468378383359396,0.0
SOL,2026-02-05,1770160500,long,0.05433123682994334,1.7402777777777776,1,1,0,-0.018326796171017352,0.0
SOL,2026-02-05,1770246900,long,0.1227661443992516,0.7402777777777778,1,1,0,-0.02317047958051778,0.0
SOL,2026-02-05,1769899500,short,0.06295643539049012,4.761111111111111,0,0,0,0.0,0.0
SOL,2026-02-05,1770009300,long,0.05506955503747424,3.4902777777777776,1,1,0,-0.11436919973283094,0.0
SOL,2026-02-05,1770138900,long,0.05790494663096202,1.9902777777777778,2,0,1,-0.819988740751828,0.0
SOL,2026-02-05,1769888700,long,0.06519114802173576,4.886111111111111,1,1,0,-0.008684333795112572,0.0
SOL,2026-02-06,1770150600,long,0.053711990066683146,2.8548611111111115,1,1,0,-0.03756208628230612,0.0
SOL,2026-02-06,1770237900,long,0.0641794313589128,1.8444444444444443,1,1,0,-0.04516306931720311,0.0
SOL,2026-02-06,1770192000,long,0.09544151722278382,2.3756944444444446,1,1,0,-0.0005891810549071563,0.0
SOL,2026-02-07,1770148800,short,0.05118504307700211,3.8756944444444446,1,1,0,-0.003043058990462026,0.0
SOL,2026-02-07,1770161400,long,0.05247405965850982,3.729861111111111,1,1,0,-0.02281261558163435,0.0
SOL,2026-02-07,1770247800,long,0.1222715839820161,2.729861111111111,0,0,0,0.0,0.0
SOL,2026-02-07,1770305400,short,0.06111581303790492,2.0631944444444446,2,0,1,0.32703842571746167,0.0
SOL,2026-02-07,1770429600,long,0.05706275331687527,0.6256944444444444,0,0,0,0.0,0.0
SOL,2026-02-07,1770160500,long,0.05700776271627328,3.740277777777778,0,0,0,0.0,0.0
SOL,2026-02-08,1770148800,short,0.056015190860887465,4.875694444444444,1,1,0,-0.03309868183221871,0.0
SOL,2026-02-08,1770180300,long,0.05479720613236738,4.511111111111111,0,0,0,0.0,0.0
SOL,2026-02-08,1770270300,long,0.06049618463710904,3.469444444444444,2,0,1,-0.31395583010066097,0.0
SOL,2026-02-08,1770287400,short,0.05253649168389496,3.271527777777778,1,1,0,0.013658832926486314,0.0
SOL,2026-02-08,1770452100,long,0.08551486863878566,1.3652777777777778,2,0,1,-0.1508679996477891,0.0
SOL,2026-02-08,1770160500,short,0.05004132432210756,4.740277777777778,0,0,0,0.0,0.0
SOL,2026-02-08,1770185700,long,0.06714191583968487,4.448611111111111,0,0,0,0.0,0.0
SOL,2026-02-08,1770273900,long,0.05359188797883552,3.427777777777778,0,0,0,0.0,0.0
SOL,2026-02-09,1770148800,short,0.0888426387368233,5.875694444444444,1,1,0,-0.001745023919381302,0.0
SOL,2026-02-09,1770185700,long,0.08306055651691491,5.448611111111111,0,0,0,0.0,0.0
SOL,2026-02-09,1770273000,long,0.06011977037317262,4.438194444444445,1,1,0,0.008579560347434678,0.0
SOL,2026-02-09,1770282900,short,0.05890285472892498,4.323611111111111,1,1,0,0.044866298563753834,0.0
SOL,2026-02-09,1770466500,short,0.05993674913598601,2.198611111111111,1,1,0,-0.02338334836094295,0.0
SOL,2026-02-09,1770505200,long,0.06129242314841621,1.7506944444444443,1,1,0,-0.15280268693991214,0.0
SOL,2026-02-09,1770165000,short,0.08726938700060055,5.688194444444445,0,0,0,0.0,0.0
SOL,2026-02-09,1770221700,long,0.057286453566881335,5.031944444444444,1,1,0,-0.03214543761021492,0.0
SOL,2026-03-01,1771985700,long,0.05389043980649322,4.615277777777777,1,1,0,-0.0012252044121001254,0.0
SOL,2026-03-01,1772045100,short,0.05689803769530721,3.927777777777778,0,0,0,0.0,0.0
SOL,2026-03-01,1772165700,long,0.0618667988918471,2.531944444444444,1,1,0,-0.04313940151237017,0.0
SOL,2026-03-10,1772612100,short,0.061106077190520636,6.323611111111112,1,1,0,0.0002663642877906436,0.0
SOL,2026-03-10,1772658000,long,0.050155722269700664,5.792361111111111,0,0,0,0.0,0.0
SOL,2026-03-10,1772784000,short,0.07398492516972976,4.334027777777778,0,0,0,0.0,0.0
SOL,2026-03-10,1772784000,long,0.06601507483027014,4.334027777777778,0,0,0,0.0,0.0
SOL,2026-03-11,1772954100,long,0.05960703223523689,3.3652777777777776,1,1,0,-0.0026332334236859843,0.0
SOL,2026-03-11,1773063900,long,0.06179017848230739,2.0944444444444446,0,0,0,0.0,0.0
SOL,2026-03-12,1773025200,long,0.07235500652692739,3.542361111111111,1,1,0,-0.013761347317577647,0.0
SOL,2026-03-12,1773045000,short,0.05403141850904414,3.313194444444444,0,0,0,0.0,0.0
SOL,2026-03-16,1773360900,short,0.057881603535771986,3.656944444444444,1,1,0,0.09251551591669106,1.0
SOL,2026-03-16,1773615600,long,0.06546473639512107,0.7090277777777778,2,0,1,0.21120045366555243,1.0
SOL,2026-03-17,1773541800,long,0.05058496729451334,2.5631944444444446,1,1,0,-0.016013269597390578,1.0
SOL,2026-03-17,1773611100,short,0.08165115071801199,1.761111111111111,1,1,0,-0.04128381031725492,1.0
SOL,2026-03-17,1773628200,long,0.06852905615327076,1.5631944444444446,1,0,0,0.20038373785115277,1.0
SOL,2026-03-18,1773540900,long,0.057286209246863784,3.573611111111111,1,1,0,-0.011283014007686859,0.0
SOL,2026-03-18,1773569700,short,0.05786657512998583,3.2402777777777776,0,0,0,0.0,0.0
SOL,2026-03-18,1773627300,long,0.08498781677592615,2.573611111111111,2,0,1,-0.36190375788721246,0.0
SOL,2026-03-19,1773540900,long,0.06021479885097958,4.573611111111111,1,1,0,-0.011643820455063736,0.0
SOL,2026-03-19,1773569700,short,0.06388905528497923,4.240277777777778,0,0,0,0.0,0.0
SOL,2026-03-19,1773627300,long,0.06406297000555261,3.573611111111111,1,0,0,-0.349029216300314,0.0
SOL,2026-03-19,1773631800,short,0.0709506269934056,3.5215277777777776,1,0,0,0.46134822456618957,0.0
SOL,2026-03-22,1773978300,long,0.058194436658797644,2.511111111111111,0,0,0,0.0,0.0
SOL,2026-03-22,1773979200,short,0.05142918303826882,2.5006944444444446,0,0,0,0.0,0.0
SOL,2026-03-23,1773974700,long,0.05586412603535251,3.5527777777777776,0,0,0,0.0,1.0
SOL,2026-03-23,1773978300,short,0.05485514225835797,3.511111111111111,0,0,0,0.0,1.0
SOL,2026-03-24,1774272600,long,0.06278667264809235,1.104861111111111,2,0,1,-0.3947578891565993,0.0
SOL,2026-03-25,1774273500,long,0.05867754644538925,2.0944444444444446,1,1,0,-0.018742682677144375,1.0
SOL,2026-03-26,1773974700,long,0.06740881239575192,6.552777777777778,0,0,0,0.0,0.0
SOL,2026-03-26,1773975600,short,0.05015659540645612,6.542361111111111,0,0,0,0.0,0.0
SOL,2026-03-26,1774238400,long,0.059693024520822036,3.500694444444444,0,0,0,0.0,0.0
SOL,2026-03-26,1774407600,long,0.06624538838124283,1.542361111111111,0,0,0,0.0,0.0
SOL,2026-03-26,1774427400,short,0.05975283375856255,1.3131944444444443,2,0,1,0.4437338809589508,0.0
SOL,2026-03-27,1774443600,long,0.06070765731813932,2.1256944444444446,1,1,0,-0.01443953803763582,0.0
SOL,2026-03-28,1774444500,long,0.054873807134411035,3.115277777777778,0,0,0,0.0,0.0
SOL,2026-03-29,1774440900,short,0.06258521379346405,4.156944444444445,0,0,0,0.0,0.0
SOL,2026-03-29,1774454400,long,0.05255857506051553,4.000694444444445,0,0,0,0.0,0.0
SOL,2026-03-03,1771992900,long,0.06732602577181979,6.531944444444445,1,1,0,-0.003538415043740117,0.0
SOL,2026-03-03,1772010900,short,0.05418079147503496,6.323611111111112,1,1,0,-0.01937794922617886,0.0
SOL,2026-03-03,1772179200,short,0.07412545702537221,4.375694444444444,1,1,0,0.02706533400117371,0.0
SOL,2026-03-03,1772180100,long,0.05849500784681139,4.365277777777778,1,1,0,0.0523207040795704,0.0
SOL,2026-03-03,1772330400,short,0.05756256584655639,2.6256944444444446,1,1,0,-0.012006222637200116,0.0
SOL,2026-03-03,1772335800,long,0.07345649939898191,2.5631944444444446,1,1,0,0.01636634207163977,0.0
SOL,2026-03-03,1772467200,short,0.08563963405180597,1.042361111111111,2,0,1,0.07703242481941303,0.0
SOL,2026-03-30,1774557900,long,0.06437661092519531,3.8027777777777776,0,0,0,0.0,0.0
SOL,2026-03-31,1774512000,long,0.06490887987840877,5.334027777777778,1,1,0,-0.009641802229263224,0.0
SOL,2026-03-31,1774548000,short,0.06556979681943498,4.917361111111111,0,0,0,0.0,0.0
SOL,2026-03-04,1772172000,long,0.05524073023997511,5.459027777777778,1,1,0,-0.014936393961518765,1.0
SOL,2026-03-04,1772179200,short,0.05631166160992407,5.375694444444445,1,1,0,0.014486765353103066,1.0
SOL,2026-03-04,1772330400,short,0.09160078745757283,3.625694444444444,1,1,0,-0.01964218655129415,1.0
SOL,2026-03-04,1772416800,long,0.05472761142993665,2.6256944444444446,0,0,0,0.0,1.0
SOL,2026-03-04,1772467200,short,0.056954176932884515,2.042361111111111,1,1,0,-0.0017786580057934896,1.0
SOL,2026-03-04,1772504100,long,0.05497679206280459,1.6152777777777778,0,0,0,0.0,1.0
SOL,2026-03-05,1772165700,long,0.06983683184254974,6.531944444444445,0,0,0,0.0,0.0
SOL,2026-03-05,1772165700,short,0.050163168157450144,6.531944444444445,0,0,0,0.0,0.0
SOL,2026-03-05,1772354700,short,0.06751926735889568,4.344444444444444,0,0,0,0.0,0.0
SOL,2026-03-05,1772416800,long,0.053303819389255214,3.625694444444444,1,1,0,-0.021829869953304912,0.0
SOL,2026-03-05,1772465400,short,0.054507247487744714,3.0631944444444446,0,0,0,0.0,0.0
SOL,2026-03-05,1772503200,long,0.078929579791305,2.6256944444444446,1,1,0,-0.011680938107877414,0.0
SOL,2026-03-05,1772616600,long,0.050925166313010806,1.3131944444444443,2,0,1,-0.36930256674177214,0.0
SOL,2026-03-05,1772634600,short,0.08987762304490188,1.104861111111111,2,0,1,0.4468352564568515,0.0
SOL,2026-03-05,1772183700,long,0.09947508572685071,6.323611111111112,1,1,0,-0.023685829603616974,0.0
SOL,2026-03-06,1772568000,long,0.05864714939222582,2.875694444444444,0,0,0,0.0,0.0
SOL,2026-03-06,1772571600,short,0.05234453884520318,2.834027777777778,0,0,0,0.0,0.0
SOL,2026-03-06,1772654400,long,0.07420769493543422,1.8756944444444446,1,1,0,-0.06071606833200008,0.0
SOL,2026-03-07,1772568000,long,0.05914768393649461,3.8756944444444446,0,0,0,0.0,0.0
SOL,2026-03-07,1772568900,short,0.05688874356707285,3.8652777777777776,1,1,0,-0.027731414589144788,0.0
SOL,2026-03-07,1772654400,long,0.060300145453980214,2.875694444444444,1,1,0,-0.04669277826848085,0.0
SOL,2026-03-08,1772780400,long,0.05043732337276774,2.3756944444444446,1,1,0,-0.012007535700704366,0.0
SOL,2026-03-09,1772603100,long,0.056024596606601085,5.427777777777778,1,1,0,-0.0750702313883074,0.0
SOL,2026-03-09,1772643600,short,0.07451817779589476,4.959027777777778,0,0,0,0.0,0.0
SOL,2026-03-09,1772777700,long,0.05978727623671842,3.4069444444444446,2,0,1,-0.1487849263128898,0.0
SOL,2026-05-11,1778063400,short,0.05343060093523555,5.229861111111111,0,0,0,0.0,1.0
SOL,2026-05-11,1778065200,long,0.06727245736498766,5.209027777777778,0,0,0,0.0,1.0
SOL,2026-05-11,1778264100,long,0.06755025687609661,2.9069444444444446,0,0,0,0.0,1.0
SOL,2026-05-11,1778265900,short,0.055873665894025565,2.886111111111111,0,0,0,0.0,1.0
SOL,2026-05-12,1778469300,long,0.07998384667468517,1.5319444444444443,0,0,0,0.0,1.0
SOL,2026-05-13,1778509800,short,0.05177207092197239,2.0631944444444446,1,1,0,0.029125064369298723,1.0
SOL,2026-05-13,1778509800,long,0.062227929078027655,2.0631944444444446,0,0,0,0.0,1.0
SOL,2026-05-14,1778261400,short,0.14610065858496213,5.938194444444445,0,0,0,0.0,1.0
SOL,2026-05-14,1778643900,long,0.06410354885305902,1.511111111111111,0,0,0,0.0,1.0
SOL,2026-05-14,1778644800,short,0.05768444118817645,1.5006944444444446,0,0,0,0.0,1.0
SOL,2026-05-15,1778643900,long,0.06759537646721103,2.511111111111111,0,0,0,0.0,0.0
SOL,2026-05-15,1778643900,short,0.05640462353278908,2.511111111111111,0,0,0,0.0,0.0
SOL,2026-05-15,1778796900,long,0.08933667611102702,0.7402777777777778,2,0,1,-0.5896804317709237,0.0
XRP,2026-04-19,1776436200,long,0.05015064645944434,2.0631944444444446,1,1,0,-0.034612379076372234,0.0
XRP,2026-02-12,1770319800,short,0.08328087809729645,6.896527777777778,1,1,0,0.027848597328246297,0.0
XRP,2026-02-12,1770323400,long,0.056867921897273854,6.854861111111111,1,1,0,-0.07827670387212281,0.0
XRP,2026-02-12,1770325200,long,0.14069107199806852,6.834027777777778,1,1,0,-0.04360629552352209,1.0
XRP,2026-03-26,1774275300,long,0.059981237675331256,3.073611111111111,1,1,0,-0.022466499458326003,0.0
XRP,2026-02-11,1770313500,short,0.055988405871735814,5.969444444444445,1,1,0,-0.1002070801433094,0.0
XRP,2026-02-11,1770319800,long,0.06255723297564009,5.896527777777778,0,0,0,0.0,0.0
XRP,2026-02-11,1770294600,long,0.08928963018221925,6.188194444444444,0,0,0,0.0,0.0
XRP,2026-02-11,1770326100,short,0.06263913411021793,5.823611111111111,0,0,0,0.0,0.0
XRP,2026-02-11,1770296400,long,0.06178541951041305,6.167361111111111,0,0,0,0.0,0.0
XRP,2026-02-11,1770298200,short,0.06756213971579128,6.146527777777778,0,0,0,0.0,1.0
XRP,2026-02-11,1770299100,long,0.11510678959931209,6.136111111111111,0,0,0,0.0,1.0
XRP,2026-02-11,1770345000,short,0.09858985199897122,5.604861111111111,0,0,0,0.0,1.0
XRP,2026-02-12,1770451200,long,0.07607463552062688,5.375694444444445,0,0,0,0.0,0.0
XRP,2026-02-12,1770451200,short,0.05392536447937313,5.375694444444445,0,0,0,0.0,0.0
XRP,2026-02-12,1770344100,short,0.14496672163961033,6.615277777777777,0,0,0,0.0,0.0
XRP,2026-02-12,1770735600,long,0.060496002968004836,2.084027777777778,1,1,0,-0.022466606378859517,0.0
XRP,2026-02-12,1770313500,long,0.06904039227794767,6.969444444444444,1,1,0,-0.12108176337098915,1.0
XRP,2026-02-28,1772066700,short,0.054492409671445974,2.677777777777778,0,0,0,0.0,1.0
XRP,2026-03-12,1773151200,long,0.09374394603900305,2.084027777777778,0,0,0,0.0,1.0
XRP,2026-03-19,1773558900,long,0.0805921943129555,4.365277777777778,0,0,0,0.0,0.0
XRP,2026-03-25,1774012500,long,0.08945062060016351,5.115277777777778,0,0,0,0.0,1.0
XRP,2026-03-25,1774004400,long,0.09588501469004851,5.209027777777778,0,0,0,0.0,1.0
XRP,2026-03-04,1772187300,long,0.05259430543666044,5.281944444444444,1,1,0,-0.009381414484845012,0.0
XRP,2026-04-02,1774608300,short,0.05003212911755306,6.219444444444445,1,1,0,-0.01805738744697199,0.0
XRP,2026-02-10,1770304500,short,0.055172931774830625,5.073611111111111,1,1,0,-0.17561546611415085,0.0
XRP,2026-02-10,1770304500,long,0.05282706822516925,5.073611111111111,1,1,0,-0.5418451948016751,0.0
XRP,2026-02-11,1770314400,short,0.07654149112730246,5.959027777777778,1,1,0,-0.04660077114651795,0.0
XRP,2026-02-11,1770319800,long,0.051141441099111784,5.896527777777778,0,0,0,0.0,0.0
XRP,2026-02-11,1770451200,short,0.05710318791968516,4.375694444444444,1,1,0,0.0369687634928625,0.0
XRP,2026-02-11,1770451200,long,0.07589681208031496,4.375694444444444,1,1,0,-0.011738763492862467,0.0
XRP,2026-02-11,1770464700,short,0.08077877430152824,4.219444444444444,0,0,0,0.0,0.0
XRP,2026-02-11,1770313500,short,0.06299489147113768,5.969444444444445,1,1,0,0.047763742004449605,1.0
XRP,2026-02-11,1770313500,long,0.06700510852886232,5.969444444444445,1,1,0,-0.1002070801433094,1.0
XRP,2026-02-12,1770451200,long,0.07683544275291965,5.375694444444445,1,1,0,-0.0423028023341398,0.0
XRP,2026-02-12,1770451200,short,0.05616455724708025,5.375694444444445,1,1,0,0.037077802334139695,0.0
XRP,2026-02-12,1770454800,long,0.07362810712229217,5.334027777777778,1,1,0,-0.14856552596107347,0.0
XRP,2026-02-12,1770742800,long,0.055191452154274234,2.000694444444444,0,0,0,0.0,0.0
XRP,2026-02-15,1770982200,long,0.0573166618664841,2.229861111111111,0,0,0,0.0,0.0
XRP,2026-02-15,1771011900,long,0.07537667240140578,1.8861111111111113,0,0,0,0.0,0.0
XRP,2026-02-16,1771002000,long,0.05564229352758088,3.000694444444444,0,0,0,0.0,0.0
XRP,2026-02-18,1770978600,long,0.05485980174200655,5.271527777777778,0,0,0,0.0,0.0
XRP,2026-02-18,1770994800,long,0.05384985717022572,5.084027777777777,0,0,0,0.0,0.0
XRP,2026-02-19,1770987600,long,0.06255021014472195,6.167361111111111,1,1,0,0.026023433121256344,0.0
XRP,2026-02-07,1770305400,long,0.07363869931812173,2.0631944444444446,1,1,0,-0.05159036050178727,0.0
XRP,2026-02-07,1770305400,short,0.053361300681878165,2.0631944444444446,1,1,0,-0.07493063784791751,0.0
XRP,2026-02-07,1770314400,short,0.08796289822107262,1.9590277777777776,1,1,0,0.02727483385208654,0.0
XRP,2026-02-08,1770304500,short,0.06924669252698912,3.073611111111111,0,0,0,0.0,0.0
XRP,2026-02-08,1770336900,long,0.0914817676703481,2.698611111111111,1,1,0,0.09330566659877226,0.0
XRP,2026-02-08,1770327000,long,0.15773320064389473,2.8131944444444446,1,1,0,-0.08669563807604208,0.0
XRP,2026-02-09,1770305400,long,0.052568695150893685,4.063194444444444,2,0,1,0.0387345299654655,0.0
XRP,2026-02-09,1770306300,short,0.0862312992198796,4.052777777777778,1,1,0,-0.06367396730844649,0.0
XRP,2026-02-09,1770462900,long,0.05830692164025786,2.2402777777777776,0,0,0,0.0,0.0
XRP,2026-02-09,1770304500,short,0.07932453573227816,4.073611111111111,0,0,0,0.0,0.0
XRP,2026-02-09,1770342300,long,0.10558906175374383,3.6361111111111115,1,1,0,-0.14414250780724014,0.0
XRP,2026-03-01,1772197200,long,0.08199332322089337,2.167361111111111,1,1,0,0.0160377845643137,0.0
XRP,2026-03-18,1773540900,long,0.06418189663087981,3.573611111111111,0,0,0,0.0,0.0
XRP,2026-03-18,1773544500,long,0.06709743505099008,3.5319444444444446,0,0,0,0.0,0.0
XRP,2026-03-18,1773554400,long,0.07425532264594326,3.417361111111111,0,0,0,0.0,1.0
XRP,2026-03-19,1773540900,long,0.052091822869022586,4.573611111111111,0,0,0,0.0,0.0
XRP,2026-03-19,1773540000,long,0.07322747177403577,4.584027777777778,0,0,0,0.0,0.0
XRP,2026-03-19,1773552600,long,0.05586721318364374,4.438194444444445,1,1,0,-0.02067537119443138,1.0
XRP,2026-03-23,1773991800,long,0.05517370567849733,3.354861111111111,0,0,0,0.0,0.0
XRP,2026-03-03,1772046000,long,0.057044314601006896,5.917361111111111,0,0,0,0.0,0.0
XRP,2026-03-03,1772044200,long,0.09907730404747461,5.938194444444445,1,1,0,0.00352843217167586,1.0
XRP,2026-03-30,1774524600,long,0.06317588812995334,4.188194444444444,1,1,0,-0.01936756997872658,0.0
XRP,2026-03-04,1772185500,long,0.0996558319404639,5.302777777777778,0,0,0,0.0,0.0
XRP,2026-03-04,1772531100,long,0.054073040389190474,1.3027777777777776,0,0,0,0.0,0.0
XRP,2026-03-05,1772181900,long,0.09666400252706764,6.344444444444444,0,0,0,0.0,0.0
XRP,2026-04-01,1774524600,short,0.06895486797972772,6.188194444444444,0,0,0,0.0,0.0
XRP,2026-04-01,1774535400,long,0.06078800315469901,6.063194444444444,0,0,0,0.0,1.0
XRP,2026-04-01,1774535400,short,0.06521199684530077,6.063194444444444,1,1,0,-0.026431062808652955,1.0
XRP,2026-04-10,1775619900,long,0.05039790838821423,2.511111111111111,0,0,0,0.0,0.0
XRP,2026-04-11,1775610000,short,0.054139781308374935,3.625694444444444,0,0,0,0.0,0.0
XRP,2026-04-11,1775607300,long,0.06117031536401618,3.656944444444444,0,0,0,0.0,1.0
XRP,2026-04-11,1775607300,short,0.05482968463598353,3.656944444444444,0,0,0,0.0,1.0
XRP,2026-04-14,1775808900,short,0.05455287379628515,4.323611111111111,0,0,0,0.0,0.0
XRP,2026-04-14,1775822400,long,0.07605876418221058,4.167361111111111,0,0,0,0.0,0.0
XRP,2026-04-14,1775823300,long,0.09531034919281689,4.156944444444445,1,1,0,0.03893400552822677,1.0
XRP,2026-04-15,1775808000,long,0.07900820548313447,5.334027777777778,0,0,0,0.0,0.0
XRP,2026-04-15,1775817900,short,0.05331780243580564,5.219444444444445,0,0,0,0.0,0.0
XRP,2026-04-16,1775808000,short,0.062302832409645126,6.334027777777777,0,0,0,0.0,0.0
XRP,2026-04-16,1775822400,long,0.053007381962839384,6.167361111111111,0,0,0,0.0,0.0
XRP,2026-04-02,1774601100,short,0.06639731349111,6.302777777777777,0,0,0,0.0,1.0
XRP,2026-04-02,1774937700,short,0.0526885609768688,2.4069444444444446,0,0,0,0.0,1.0
XRP,2026-04-02,1774944000,long,0.11055538278111188,2.3340277777777776,0,0,0,0.0,1.0
XRP,2026-04-21,1776351600,long,0.06737773115172807,5.042361111111111,0,0,0,0.0,0.0
XRP,2026-04-03,1775134800,long,0.05598376059221444,1.1256944444444443,2,0,1,-0.2791232762645315,0.0
XRP,2026-04-05,1775079000,long,0.050364034428698634,3.771527777777778,0,0,0,0.0,1.0
XRP,2026-04-05,1775135700,short,0.05042887787096639,3.115277777777778,0,0,0,0.0,1.0
XRP,2026-04-05,1775210400,long,0.05477931041290507,2.2506944444444446,1,1,0,-0.051664451377304604,1.0
XRP,2026-04-07,1775133000,short,0.060656728885991495,5.146527777777778,0,0,0,0.0,1.0
XRP,2026-04-07,1775137500,long,0.05632914704624259,5.094444444444445,1,1,0,-0.04506467468946118,1.0
XRP,2026-04-09,1775462400,long,0.10608111234941342,3.3340277777777776,0,0,0,0.0,0.0
XRP,2026-02-10,1770277500,short,0.09053933391847802,5.386111111111111,1,1,0,-0.05563482606224733,0.0
XRP,2026-02-10,1770311700,long,0.08231626906702427,4.990277777777778,2,0,1,-0.21621175213303168,0.0
XRP,2026-02-10,1770456600,long,0.0504823585698273,3.313194444444444,0,0,0,0.0,0.0
XRP,2026-02-10,1770461100,short,0.056097511414112455,3.261111111111111,1,1,0,0.12785096089887238,0.0
XRP,2026-02-10,1770303600,short,0.0776441003653332,5.084027777777777,1,1,0,-0.004180865580323878,0.0
XRP,2026-02-10,1770315300,long,0.0925145504759497,4.948611111111111,1,1,0,-0.025336398671781835,0.0
XRP,2026-02-10,1770325200,long,0.08879663803724291,4.834027777777778,2,0,1,0.1763264758530118,1.0
XRP,2026-02-11,1770286500,short,0.08581490186207297,6.281944444444445,0,0,0,0.0,0.0
XRP,2026-02-11,1770314400,long,0.053233669492401825,5.959027777777778,1,1,0,-0.04660077114651795,0.0
XRP,2026-02-11,1770450300,long,0.0773145271751221,4.386111111111111,1,1,0,0.0024847048111338206,0.0
XRP,2026-02-11,1770462900,short,0.09211942140312424,4.240277777777778,1,1,0,-0.05924392044283977,0.0
XRP,2026-02-11,1770742800,long,0.06685504481742144,1.0006944444444446,1,0,0,-0.16674876536229238,0.0
XRP,2026-02-11,1770289200,short,0.055162925690545705,6.250694444444445,1,1,0,-0.03612916616774528,1.0
XRP,2026-02-11,1770331500,long,0.06102799549879401,5.761111111111111,2,0,1,0.5948444740456234,1.0
XRP,2026-02-11,1770741000,long,0.05224183030401042,1.0215277777777778,1,0,0,0.2276663862475139,1.0
XRP,2026-02-11,1770328800,long,0.059240542140911456,5.792361111111111,1,1,0,-0.03166227294944193,1.0
XRP,2026-02-12,1770451200,long,0.1650380051603202,5.375694444444445,1,1,0,0.037077802334139695,0.0
XRP,2026-02-12,1770452100,short,0.06366571223682838,5.365277777777778,0,0,0,0.0,0.0
XRP,2026-02-14,1770978600,long,0.07638962812227823,1.2715277777777778,1,1,0,0.0014985929537626869,0.0
XRP,2026-02-14,1770996600,long,0.06730886104436262,1.0631944444444446,1,1,0,-0.043393518011688476,0.0
XRP,2026-02-15,1770978600,long,0.07023251907888661,2.2715277777777776,2,0,1,0.2815091669339513,0.0
XRP,2026-02-16,1770994800,long,0.07858953757454201,3.0840277777777776,2,0,1,0.09737040745260447,0.0
XRP,2026-02-18,1770978600,short,0.061455452335070215,5.271527777777778,0,0,0,0.0,0.0
XRP,2026-02-18,1771002000,long,0.0697352844874346,5.000694444444444,0,0,0,0.0,0.0
XRP,2026-02-19,1771260300,long,0.05127785579116506,3.0111111111111115,0,0,0,0.0,0.0
XRP,2026-02-20,1771443900,long,0.05271166956662854,1.8861111111111113,0,0,0,0.0,0.0
XRP,2026-02-21,1771451100,long,0.05243256448603928,2.8027777777777776,0,0,0,0.0,0.0
XRP,2026-02-22,1771572600,long,0.05326110322935618,2.3965277777777776,0,0,0,0.0,1.0
XRP,2026-02-23,1771441200,long,0.055182631451152986,4.917361111111111,0,0,0,0.0,0.0
XRP,2026-02-25,1771568100,long,0.05457098320652509,5.448611111111111,0,0,0,0.0,0.0
XRP,2026-02-26,1771574400,short,0.06898839024780634,6.375694444444444,0,0,0,0.0,0.0
XRP,2026-02-26,1771574400,long,0.05101160975219354,6.375694444444444,0,0,0,0.0,0.0
XRP,2026-02-27,1772027100,long,0.06259154680604917,2.136111111111111,1,1,0,0.04744143810328632,0.0
XRP,2026-02-28,1772028900,long,0.05177374730578488,3.115277777777778,1,1,0,0.05273509634235473,0.0
XRP,2026-02-28,1772192700,long,0.05717553229271655,1.2194444444444446,1,1,0,-0.010716493516749559,0.0
XRP,2026-02-07,1770276600,short,0.09471188683417453,2.3965277777777776,0,0,0,0.0,0.0
XRP,2026-02-07,1770278400,long,0.05657637060156295,2.3756944444444446,0,0,0,0.0,0.0
XRP,2026-02-07,1770344100,long,0.19630285941513947,1.6152777777777778,0,0,0,0.0,0.0
XRP,2026-02-07,1770293700,short,0.06944483131707169,2.198611111111111,1,1,0,0.09149819005656354,1.0
XRP,2026-02-07,1770293700,long,0.05355516868292831,2.198611111111111,1,1,0,-0.12079147698704688,1.0
XRP,2026-02-08,1770280200,long,0.05461451685549967,3.354861111111111,0,0,0,0.0,0.0
XRP,2026-02-08,1770289200,short,0.06453252639475504,3.2506944444444446,0,0,0,0.0,0.0
XRP,2026-02-08,1770291000,short,0.14351136154017097,3.229861111111111,1,1,0,0.04814506076462477,0.0
XRP,2026-02-08,1770319800,long,0.1385029482830844,2.8965277777777776,0,0,0,0.0,0.0
XRP,2026-02-08,1770345000,long,0.13370343550073205,2.604861111111111,0,0,0,0.0,1.0
XRP,2026-02-09,1770285600,long,0.05664984433999365,4.292361111111111,0,0,0,0.0,0.0
XRP,2026-02-09,1770289200,short,0.06417073287666608,4.250694444444444,0,0,0,0.0,0.0
XRP,2026-02-09,1770450300,long,0.05884036493684919,2.386111111111111,0,0,0,0.0,0.0
XRP,2026-02-09,1770462900,short,0.08440883601601223,2.2402777777777776,0,0,0,0.0,0.0
XRP,2026-02-09,1770293700,short,0.09455403255335604,4.198611111111111,1,1,0,-0.029282227739221706,0.0
XRP,2026-02-09,1770322500,long,0.09285317555065387,3.8652777777777776,1,1,0,0.07438317614836601,0.0
XRP,2026-02-09,1770331500,long,0.12289429900059856,3.7611111111111106,0,0,0,0.0,1.0
XRP,2026-02-09,1770325200,long,0.08749485757643871,3.8340277777777776,1,1,0,-0.106509008712495,1.0
XRP,2026-03-01,1772181900,long,0.053047540517015435,2.3444444444444446,0,0,0,0.0,0.0
XRP,2026-03-11,1772809200,short,0.07162960919904215,5.042361111111111,0,0,0,0.0,0.0
XRP,2026-03-17,1773540900,long,0.053455847175187365,2.573611111111111,0,0,0,0.0,0.0
XRP,2026-03-18,1773560700,long,0.0774250594517023,3.344444444444444,0,0,0,0.0,0.0
XRP,2026-03-19,1773560700,long,0.07061436325249981,4.344444444444444,0,0,0,0.0,0.0
XRP,2026-03-22,1774002600,long,0.058425096297909485,2.229861111111111,0,0,0,0.0,0.0
XRP,2026-03-22,1774014300,short,0.05378223201869717,2.0944444444444446,0,0,0,0.0,1.0
XRP,2026-03-25,1774249200,long,0.09517679108644606,2.3756944444444446,0,0,0,0.0,0.0
XRP,2026-03-25,1774251900,long,0.08894484150523407,2.3444444444444446,1,1,0,-0.06901222688853825,0.0
XRP,2026-03-25,1774247400,long,0.08989910956112146,2.3965277777777776,0,0,0,0.0,1.0
XRP,2026-03-26,1774260900,long,0.10576963328444733,3.2402777777777776,1,1,0,0.08268588162157584,0.0
XRP,2026-03-26,1773993600,long,0.07090911892873564,6.334027777777777,0,0,0,0.0,1.0
XRP,2026-03-26,1774247400,long,0.09221952701640457,3.3965277777777776,0,0,0,0.0,1.0
XRP,2026-03-26,1774247400,short,0.05278047298359534,3.3965277777777776,2,0,1,-0.38888517980344517,1.0
XRP,2026-03-26,1773995400,short,0.05870532423475755,6.313194444444445,1,1,0,-0.024802905822371372,1.0
XRP,2026-03-26,1774000800,long,0.09947426492930345,6.250694444444445,0,0,0,0.0,1.0
XRP,2026-03-26,1774248300,short,0.057981607171206886,3.386111111111111,2,0,1,-0.0970714381556491,1.0
XRP,2026-03-26,1774248300,long,0.08901839282879309,3.386111111111111,0,0,0,0.0,1.0
XRP,2026-03-26,1773991800,long,0.1139761759949558,6.354861111111112,0,0,0,0.0,1.0
XRP,2026-03-26,1774016100,short,0.05583635445741193,6.073611111111111,0,0,0,0.0,1.0
XRP,2026-03-26,1774253700,long,0.1092574076066255,3.3236111111111115,0,0,0,0.0,1.0
XRP,2026-03-26,1773996300,long,0.0667085430030172,6.302777777777777,0,0,0,0.0,1.0
XRP,2026-03-28,1774528200,long,0.09784833771122936,2.146527777777778,1,1,0,-0.002453712349552608,0.0
XRP,2026-03-29,1774524600,long,0.053759318447196947,3.188194444444444,0,0,0,0.0,0.0
XRP,2026-03-29,1774540800,long,0.1027254067855421,3.000694444444444,0,0,0,0.0,1.0
XRP,2026-03-03,1772064000,short,0.07462655835040011,5.709027777777777,1,1,0,0.003510974879624806,0.0
XRP,2026-03-03,1772073900,long,0.05150517781645525,5.594444444444444,0,0,0,0.0,0.0
XRP,2026-03-03,1772033400,long,0.05699691641735716,6.063194444444444,1,1,0,0.023886216741495922,1.0
XRP,2026-03-03,1772034300,short,0.05639643405345163,6.052777777777777,1,1,0,-0.030898220041701976,1.0
XRP,2026-03-03,1772042400,long,0.11376367162363721,5.959027777777778,1,1,0,0.004422967555558488,1.0
XRP,2026-03-03,1772030700,long,0.08251329166681054,6.094444444444444,1,1,0,-0.0561887990786753,1.0
XRP,2026-03-03,1772038800,short,0.055918557475660824,6.000694444444445,1,1,0,-0.02562491198648837,1.0
XRP,2026-03-03,1772184600,short,0.05640988221189528,4.313194444444445,1,1,0,0.032671876208436895,1.0
XRP,2026-03-30,1774612800,short,0.05805103959879698,3.1673611111111115,1,1,0,-0.008506574829925544,0.0
XRP,2026-03-30,1774626300,long,0.08442460626959836,3.0111111111111115,0,0,0,0.0,0.0
XRP,2026-03-31,1774524600,short,0.05156409512169313,5.188194444444444,0,0,0,0.0,0.0
XRP,2026-03-04,1772075700,long,0.06352649870771376,6.573611111111111,1,1,0,0.0005021246226797286,0.0
XRP,2026-03-04,1772181900,short,0.05987536267555971,5.344444444444444,0,0,0,0.0,0.0
XRP,2026-03-04,1772184600,short,0.0955875513723973,5.313194444444444,0,0,0,0.0,1.0
XRP,2026-03-05,1772196300,short,0.057615744916337364,6.177777777777778,2,0,1,0.1925671099216199,0.0
XRP,2026-03-05,1772518500,short,0.06686618669575772,2.448611111111111,0,0,0,0.0,0.0
XRP,2026-03-05,1772181900,short,0.09624892173361714,6.344444444444444,0,0,0,0.0,1.0
XRP,2026-03-06,1772622900,long,0.06369834117202777,2.2402777777777776,0,0,0,0.0,0.0
XRP,2026-03-08,1772616600,long,0.05334420909599835,4.271527777777778,0,0,0,0.0,0.0
XRP,2026-03-08,1772628300,short,0.05761396844410899,4.136111111111111,1,1,0,0.03847770597188069,1.0
XRP,2026-03-09,1772821800,long,0.052900308514738814,2.8965277777777776,0,0,0,0.0,0.0
XRP,2026-03-09,1772628300,short,0.06771832248486043,5.136111111111111,0,0,0,0.0,1.0
XRP,2026-05-04,1777486500,long,0.057887636611107185,4.906944444444445,0,0,0,0.0,0.0
XRP,2026-05-04,1777488300,long,0.05258702554721406,4.886111111111111,1,1,0,-0.034616693345683264,1.0
XRP,2026-04-01,1774524600,short,0.05984230173120453,6.188194444444444,2,0,1,-0.6039796611968449,1.0
XRP,2026-04-01,1774539000,long,0.052797166986440214,6.021527777777777,1,1,0,-0.027400641570713043,1.0
XRP,2026-04-01,1774625400,long,0.06358778852855429,5.021527777777778,0,0,0,0.0,1.0
XRP,2026-04-01,1774937700,long,0.06506239974270667,1.4069444444444446,0,0,0,0.0,1.0
XRP,2026-04-01,1775031300,long,0.05930450669107579,0.3236111111111111,0,0,0,0.0,1.0
XRP,2026-04-10,1775608200,long,0.07182177804715684,2.6465277777777776,0,0,0,0.0,1.0
XRP,2026-04-10,1775621700,short,0.06565563162876425,2.4902777777777776,0,0,0,0.0,1.0
XRP,2026-04-11,1775608200,long,0.06748823098586842,3.6465277777777776,0,0,0,0.0,1.0
XRP,2026-04-11,1775619900,short,0.060923199244486914,3.511111111111111,0,0,0,0.0,1.0
XRP,2026-04-11,1775808900,short,0.06736632671985937,1.323611111111111,1,1,0,-0.04806087145356207,1.0
XRP,2026-04-12,1775619000,short,0.07363250899897156,4.521527777777778,1,1,0,-0.09518005801978906,1.0
XRP,2026-04-12,1775808900,short,0.08415095967188202,2.323611111111111,2,0,1,-0.31467134263895224,1.0
XRP,2026-04-12,1775823300,long,0.05530749042654359,2.156944444444444,0,0,0,0.0,1.0
XRP,2026-04-13,1775808900,short,0.05632379680064359,3.3236111111111115,0,0,0,0.0,1.0
XRP,2026-04-13,1775808000,long,0.07988645157072938,3.3340277777777776,0,0,0,0.0,1.0
XRP,2026-04-14,1775608200,short,0.051178110853074,6.646527777777777,0,0,0,0.0,1.0
XRP,2026-04-14,1775612700,long,0.05544263653527426,6.594444444444445,0,0,0,0.0,1.0
XRP,2026-04-14,1775808900,long,0.05418507670663475,4.323611111111111,0,0,0,0.0,1.0
XRP,2026-04-14,1775814300,short,0.0543652617808148,4.261111111111111,0,0,0,0.0,1.0
XRP,2026-04-14,1776048300,short,0.05195034940577842,1.5527777777777778,0,0,0,0.0,1.0
XRP,2026-04-14,1775808000,long,0.10682932745452667,4.334027777777778,0,0,0,0.0,1.0
XRP,2026-04-15,1775814300,long,0.051807613676356556,5.261111111111111,0,0,0,0.0,1.0
XRP,2026-04-15,1775831400,short,0.052886430902023385,5.063194444444445,0,0,0,0.0,1.0
XRP,2026-04-15,1776043800,long,0.05969341174778009,2.604861111111111,0,0,0,0.0,1.0
XRP,2026-04-15,1776054600,short,0.0586856407860355,2.479861111111111,0,0,0,0.0,1.0
XRP,2026-04-15,1775808000,long,0.06517243104927983,5.334027777777778,0,0,0,0.0,1.0
XRP,2026-04-15,1775813400,short,0.05214001171291616,5.271527777777778,0,0,0,0.0,1.0
XRP,2026-04-16,1776043800,long,0.06546709345663015,3.6048611111111106,0,0,0,0.0,0.0
XRP,2026-04-16,1776051000,short,0.0516274397885329,3.5215277777777776,0,0,0,0.0,0.0
XRP,2026-04-16,1776241800,long,0.0675544614430037,1.3131944444444443,0,0,0,0.0,0.0
XRP,2026-04-17,1776308400,long,0.06748320605069558,1.542361111111111,0,0,0,0.0,0.0
XRP,2026-04-17,1776348000,long,0.07661515808866204,1.0840277777777778,1,1,0,0.009780168738163892,1.0
XRP,2026-04-18,1776339900,long,0.060806792216002936,2.1777777777777776,0,0,0,0.0,0.0
XRP,2026-04-19,1776339900,long,0.05507829439310008,3.1777777777777776,0,0,0,0.0,0.0
XRP,2026-04-02,1774601100,long,0.05723421204578871,6.302777777777777,1,1,0,-0.03337119236686854,0.0
XRP,2026-04-02,1774937700,long,0.06861644220420815,2.4069444444444446,1,1,0,-0.036629618039882794,0.0
XRP,2026-04-02,1775022300,short,0.05289875019804746,1.4277777777777776,1,1,0,-0.03643456589386977,0.0
XRP,2026-04-02,1775028600,long,0.0737998338591952,1.3548611111111113,1,1,0,0.006585793693617857,0.0
XRP,2026-04-20,1776354300,long,0.05690432881995999,4.011111111111111,1,1,0,-0.008592130110917782,0.0
XRP,2026-04-20,1776348900,long,0.0641230246280613,4.073611111111111,0,0,0,0.0,1.0
XRP,2026-04-21,1776320100,long,0.051953312661994655,5.406944444444444,0,0,0,0.0,0.0
XRP,2026-04-21,1776331800,short,0.05855022406707788,5.271527777777778,0,0,0,0.0,0.0
XRP,2026-04-22,1776510900,short,0.07720540896218897,4.198611111111111,0,0,0,0.0,0.0
XRP,2026-04-22,1776525300,long,0.06171670728201395,4.031944444444444,0,0,0,0.0,0.0
XRP,2026-04-22,1776423600,short,0.05756299128816528,5.209027777777778,1,1,0,0.06360915589970711,1.0
XRP,2026-04-22,1776424500,long,0.06021630339568329,5.198611111111111,0,0,0,0.0,1.0
XRP,2026-04-03,1775025000,long,0.051416342140093496,2.3965277777777776,0,0,0,0.0,1.0
XRP,2026-04-03,1775134800,long,0.058614324763588854,1.1256944444444443,1,1,0,-0.03104658936383961,1.0
XRP,2026-04-30,1777454100,long,0.06996543343165307,1.2819444444444443,0,0,0,0.0,1.0
XRP,2026-04-04,1775141100,long,0.05315554267733935,2.0527777777777776,1,1,0,0.03782230798577396,1.0
XRP,2026-04-05,1775024100,short,0.05766541122137059,4.406944444444444,0,0,0,0.0,0.0
XRP,2026-04-05,1775148300,short,0.07103111525369837,2.9694444444444446,1,1,0,-0.043663709654150076,0.0
XRP,2026-04-06,1775024100,short,0.05533598115565319,5.406944444444444,1,1,0,-0.05401474950783269,1.0
XRP,2026-04-06,1775149200,short,0.05709228831719837,3.9590277777777776,0,0,0,0.0,1.0
XRP,2026-04-06,1775077200,short,0.06404683763541219,4.792361111111111,0,0,0,0.0,1.0
XRP,2026-04-06,1775077200,long,0.08495316236458761,4.792361111111111,0,0,0,0.0,1.0
XRP,2026-04-07,1775452500,long,0.07394504029299798,1.448611111111111,0,0,0,0.0,0.0
XRP,2026-04-07,1775464200,short,0.050370398746790224,1.3131944444444443,1,1,0,-0.02359548493607093,0.0
XRP,2026-04-08,1775223900,short,0.050932725295404824,5.094444444444445,0,0,0,0.0,1.0
XRP,2026-04-08,1775451600,long,0.05209490148711393,2.459027777777778,0,0,0,0.0,1.0
XRP,2026-04-08,1775465100,short,0.056850843549093866,2.302777777777778,1,1,0,-0.04887520189470777,1.0
XRP,2026-04-08,1775601900,long,0.05171978258514276,0.7194444444444444,1,1,0,-0.02038995935075072,1.0
XRP,2026-04-08,1775601900,short,0.06128021741485706,0.7194444444444444,1,1,0,0.023952037229427806,1.0
XRP,2026-04-09,1775206800,long,0.05132396274780171,6.29236111111111,0,0,0,0.0,1.0
XRP,2026-04-09,1775454300,long,0.06305445629444617,3.427777777777778,0,0,0,0.0,1.0
XRP,2026-04-09,1775462400,short,0.06724140350542973,3.3340277777777776,0,0,0,0.0,1.0
XRP,2026-04-09,1775607300,long,0.0947360102306185,1.6569444444444443,0,0,0,0.0,1.0
XRP,2026-04-09,1775657700,short,0.05654137625038269,1.073611111111111,1,0,0,-0.12359170443525257,1.0
XRP,2026-02-10,1770318000,long,0.1115668692566647,4.917361111111111,1,1,0,0.0019840156842080847,0.0
XRP,2026-02-10,1770450300,short,0.09852522163339039,3.386111111111111,1,1,0,0.03289035944993768,0.0
XRP,2026-02-10,1770461100,long,0.06276614339118702,3.261111111111111,2,0,1,-0.16850760096460646,0.0
XRP,2026-02-10,1770652800,long,0.057472029584759055,1.042361111111111,2,0,1,-0.3088031049237402,0.0
XRP,2026-02-10,1770304500,long,0.05117422895297774,5.073611111111111,1,1,0,-0.08361062188423152,1.0
XRP,2026-02-10,1770453900,short,0.05057499015033218,3.344444444444444,0,0,0,0.0,1.0
XRP,2026-02-10,1770458400,long,0.05196157918735267,3.2923611111111106,1,1,0,0.13602753637321235,1.0
XRP,2026-02-11,1770282000,short,0.05270416867980343,6.334027777777777,1,1,0,-0.031574895018939314,1.0
XRP,2026-02-11,1770314400,long,0.08093695327517825,5.959027777777778,1,1,0,-0.004987877196043128,1.0
XRP,2026-02-11,1770450300,short,0.14795217728035648,4.386111111111111,1,1,0,0.012276443683245597,1.0
XRP,2026-02-11,1770464700,long,0.054655346760089873,4.219444444444444,1,1,0,-0.055655233591356504,1.0
XRP,2026-02-11,1770739200,long,0.05198409300391438,1.042361111111111,1,1,0,-0.007695213359633416,1.0
XRP,2026-02-11,1770744600,short,0.05744290338089164,0.9798611111111112,2,0,1,-0.3307113556921906,1.0
XRP,2026-02-11,1770286500,short,0.057243579576633286,6.281944444444445,1,1,0,-0.0126754298297274,1.0
XRP,2026-02-11,1770306300,long,0.050445096675137524,6.052777777777777,0,0,0,0.0,1.0
XRP,2026-02-11,1770329700,short,0.06953141634392357,5.781944444444444,0,0,0,0.0,1.0
XRP,2026-02-11,1770309900,long,0.1455252537104883,6.011111111111112,1,1,0,-0.010538290988992144,1.0
XRP,2026-02-12,1770314400,long,0.0821639071487541,6.959027777777777,0,0,0,0.0,1.0
XRP,2026-02-12,1770324300,short,0.0504341100983261,6.844444444444445,1,1,0,-0.08828474520025724,1.0
XRP,2026-02-12,1770450300,short,0.11146840470371522,5.386111111111111,0,0,0,0.0,1.0
XRP,2026-02-12,1770462900,long,0.0644583635889664,5.240277777777777,1,1,0,-0.03458253626036249,1.0
XRP,2026-02-12,1770734700,long,0.053124669110991674,2.0944444444444446,0,0,0,0.0,1.0
XRP,2026-02-12,1770740100,short,0.08297785677581371,2.0319444444444446,1,1,0,0.02353665318154119,1.0
XRP,2026-02-12,1770346800,short,0.09136897977872926,6.584027777777778,0,0,0,0.0,1.0
XRP,2026-02-12,1770451200,short,0.08665056764179052,5.375694444444445,0,0,0,0.0,1.0
XRP,2026-02-12,1770344100,long,0.062379307261302586,6.615277777777777,0,0,0,0.0,1.0
XRP,2026-02-13,1770978600,long,0.09024314706660963,0.27152777777777776,2,0,1,-0.44354331351296566,0.0
XRP,2026-02-14,1770978600,short,0.059270321878471754,1.2715277777777778,2,0,1,0.3935856362185147,0.0
XRP,2026-02-14,1770992100,short,0.0503637740244455,1.1152777777777778,1,1,0,0.0739045845216342,1.0
XRP,2026-02-15,1770978600,short,0.10821985004558926,2.2715277777777776,2,0,1,0.38639826124071563,0.0
XRP,2026-02-15,1770989400,short,0.11347709170207756,2.146527777777778,1,1,0,0.04043882128202246,0.0
XRP,2026-02-16,1770978600,short,0.05774499211084705,3.271527777777778,0,0,0,0.0,0.0
XRP,2026-02-16,1770993900,short,0.09683880887132157,3.0944444444444446,1,1,0,-0.016502147440169382,1.0
XRP,2026-02-18,1770979500,short,0.05716156827361485,5.261111111111111,1,1,0,-0.0010165245532789274,0.0
XRP,2026-02-18,1771256700,short,0.057073608182564906,2.0527777777777776,0,0,0,0.0,0.0
XRP,2026-02-18,1770993900,short,0.07072935643280598,5.094444444444445,0,0,0,0.0,1.0
XRP,2026-02-18,1771268400,short,0.05002615498883345,1.917361111111111,0,0,0,0.0,1.0
XRP,2026-02-19,1771275600,short,0.05271954213527308,2.834027777777778,0,0,0,0.0,1.0
XRP,2026-02-19,1771443000,long,0.05279435704708235,0.8965277777777778,1,1,0,0.0009999517161512648,1.0
XRP,2026-02-19,1771273800,short,0.09057361164029265,2.8548611111111115,0,0,0,0.0,1.0
XRP,2026-02-20,1771369200,long,0.05093310198241463,2.7506944444444446,0,0,0,0.0,0.0
XRP,2026-02-20,1771455600,long,0.0896571037167504,1.7506944444444443,1,1,0,0.08801171703077501,0.0
XRP,2026-02-21,1771443000,short,0.05645813381478115,2.8965277777777776,0,0,0,0.0,0.0
XRP,2026-02-21,1771576200,short,0.053902694700036946,1.3548611111111113,2,0,1,0.30047081848630736,0.0
XRP,2026-02-22,1771575300,short,0.06496965611452965,2.365277777777778,1,0,0,-0.11220617040379785,1.0
XRP,2026-02-23,1771566300,short,0.07190264807900737,3.469444444444444,0,0,0,0.0,1.0
XRP,2026-02-25,1771990200,short,0.052844959363272714,0.5631944444444444,2,0,1,0.36985149314022187,0.0
XRP,2026-02-25,1771574400,short,0.05113017635261857,5.375694444444445,0,0,0,0.0,1.0
XRP,2026-02-26,1771566300,short,0.06915219245396231,6.469444444444444,0,0,0,0.0,1.0
XRP,2026-02-26,1771996500,short,0.054820079675712896,1.4902777777777778,2,0,1,-0.4731739307984194,1.0
XRP,2026-02-26,1772022600,short,0.05090766079048606,1.1881944444444446,1,1,0,0.06521598980178463,1.0
XRP,2026-02-26,1771574400,short,0.06520730080415565,6.375694444444444,0,0,0,0.0,1.0
XRP,2026-02-27,1772028000,long,0.09455583576454751,2.1256944444444446,1,1,0,0.01693624279185485,1.0
XRP,2026-02-27,1772031600,short,0.050681161811525044,2.084027777777778,1,1,0,0.042071197894144846,1.0
XRP,2026-02-27,1772050500,long,0.10136220192288437,1.8652777777777778,2,0,1,-0.034556319587531914,1.0
XRP,2026-02-28,1772028900,short,0.09075803717261921,3.115277777777778,1,1,0,0.05273509634235473,1.0
XRP,2026-02-28,1772187300,short,0.05267705093638825,1.2819444444444443,2,0,1,-0.222609122723121,1.0
XRP,2026-02-28,1772210700,long,0.07118998151070421,1.011111111111111,2,0,1,0.26847274388709574,1.0
XRP,2026-02-28,1772183700,long,0.05859367768505552,1.323611111111111,1,1,0,0.011645329916995843,1.0
XRP,2026-02-28,1772038800,short,0.08560778477131328,3.000694444444444,1,1,0,0.008838798122140834,1.0
XRP,2026-02-28,1772050500,long,0.10685325439692073,2.8652777777777776,0,0,0,0.0,1.0
XRP,2026-02-05,1769882400,long,0.06012028369367162,4.959027777777778,1,1,0,-0.003096593500538758,0.0
XRP,2026-02-05,1769882400,short,0.06487971630632827,4.959027777777778,0,0,0,0.0,0.0
XRP,2026-02-05,1770027300,short,0.06812810126501567,3.2819444444444446,1,1,0,-0.012353285883950734,0.0
XRP,2026-02-05,1770027300,long,0.05787189873498422,3.2819444444444446,1,1,0,-0.03477802628772242,0.0
XRP,2026-02-05,1770261300,short,0.05899159345447835,0.5736111111111111,2,0,1,0.8521263853389813,0.0
XRP,2026-02-05,1770273000,long,0.05864891308093467,0.43819444444444444,1,1,0,-0.007514227881234667,0.0
XRP,2026-02-05,1770023700,long,0.09520009098251103,3.3236111111111115,1,1,0,-0.03579700668104252,0.0
XRP,2026-02-05,1770289200,long,0.0873743282224062,0.25069444444444444,1,1,0,0.038262798872362815,0.0
XRP,2026-02-05,1769893200,long,0.13561338722011862,4.834027777777778,0,0,0,0.0,0.0
XRP,2026-02-05,1770025500,long,0.13656078991729004,3.302777777777778,0,0,0,0.0,0.0
XRP,2026-02-05,1769890500,long,0.06964487245158812,4.865277777777778,1,1,0,0.02780310300525593,0.0
XRP,2026-02-05,1770029100,long,0.13387053248740077,3.261111111111111,1,1,0,0.012743380625081131,0.0
XRP,2026-02-06,1770231600,long,0.09107911056738827,1.917361111111111,0,0,0,0.0,0.0
XRP,2026-02-06,1770240600,short,0.10044248326771377,1.8131944444444443,1,1,0,-0.0745421371992635,0.0
XRP,2026-02-06,1770318000,long,0.07604477371549656,0.9173611111111111,2,0,1,-0.7801424577627906,0.0
XRP,2026-02-06,1770345000,short,0.0574213125661418,0.6048611111111111,2,0,1,1.1992726875904274,0.0
XRP,2026-02-06,1770148800,long,0.05740936717839418,2.875694444444444,1,1,0,-0.029209418656820876,1.0
XRP,2026-02-06,1770293700,long,0.13461168420254288,1.198611111111111,1,1,0,-0.10298146012222648,1.0
XRP,2026-02-07,1770231600,long,0.0676285331188764,2.917361111111111,0,0,0,0.0,0.0
XRP,2026-02-07,1770240600,short,0.06326183444647959,2.8131944444444446,0,0,0,0.0,0.0
XRP,2026-02-07,1770318000,long,0.12578865744745715,1.917361111111111,1,1,0,-0.08583921924543443,0.0
XRP,2026-02-07,1770453000,long,0.10891936090756515,0.3548611111111111,1,1,0,0.01790161717973312,0.0
XRP,2026-02-07,1770242400,short,0.10617186066192952,2.792361111111111,0,0,0,0.0,1.0
XRP,2026-02-07,1770303600,long,0.0780229593526367,2.084027777777778,1,1,0,-0.08958243467394023,1.0
XRP,2026-02-07,1770452100,long,0.10430711011686133,0.36527777777777776,2,0,1,0.1472123346172579,1.0
XRP,2026-02-07,1770278400,long,0.19961565627397837,2.3756944444444446,0,0,0,0.0,1.0
XRP,2026-02-08,1770241500,short,0.05325709370759879,3.8027777777777776,1,1,0,-0.14775590244690204,0.0
XRP,2026-02-08,1770244200,long,0.07318058079999656,3.771527777777778,0,0,0,0.0,0.0
XRP,2026-02-08,1770338700,long,0.06796478526227312,2.677777777777778,0,0,0,0.0,0.0
XRP,2026-02-08,1770450300,short,0.07487957504189902,1.386111111111111,1,1,0,-0.021308491321532508,0.0
XRP,2026-02-08,1770463800,long,0.05995676200329747,1.229861111111111,1,0,0,-0.3751269984595217,0.0
XRP,2026-02-08,1770293700,short,0.13469019620935851,3.198611111111111,1,1,0,0.08309544136276831,1.0
XRP,2026-02-08,1770314400,long,0.050890390088369486,2.959027777777778,1,1,0,-0.04971465883944712,1.0
XRP,2026-02-09,1770240600,short,0.058760192705416325,4.813194444444444,1,1,0,-0.12647390242308773,0.0
XRP,2026-02-09,1770244200,long,0.05606925114938455,4.771527777777777,0,0,0,0.0,0.0
XRP,2026-02-09,1770332400,long,0.08274381675965903,3.7506944444444446,0,0,0,0.0,0.0
XRP,2026-02-09,1770350400,short,0.058611750706366594,3.542361111111111,0,0,0,0.0,0.0
XRP,2026-02-09,1770450300,short,0.0662100924190423,2.386111111111111,1,1,0,-0.010223607443190424,0.0
XRP,2026-02-09,1770461100,long,0.0677331681749671,2.261111111111111,1,1,0,-0.16439660407467138,0.0
XRP,2026-02-09,1770619500,long,0.0524539541916309,0.4277777777777778,1,1,0,0.004396502938034127,0.0
XRP,2026-02-09,1770335100,long,0.08357649159532299,3.7194444444444446,0,0,0,0.0,1.0
XRP,2026-03-01,1772028900,short,0.07395811120351492,4.115277777777778,0,0,0,0.0,1.0
XRP,2026-03-01,1772060400,long,0.05804720550555409,3.7506944444444446,0,0,0,0.0,1.0
XRP,2026-03-01,1772186400,short,0.05578090628506349,2.292361111111111,1,1,0,-0.08485916621805709,1.0
XRP,2026-03-01,1772050500,long,0.11506023933213916,3.8652777777777776,0,0,0,0.0,1.0
XRP,2026-03-01,1772183700,short,0.16196495049972198,2.323611111111111,1,1,0,0.09827909672251431,1.0
XRP,2026-03-01,1772038800,short,0.11856230887763967,4.000694444444445,0,0,0,0.0,1.0
XRP,2026-03-01,1772051400,long,0.08071547907706789,3.854861111111111,0,0,0,0.0,1.0
XRP,2026-03-01,1772185500,short,0.05438404867423466,2.302777777777778,0,0,0,0.0,1.0
XRP,2026-03-11,1772810100,short,0.06577043248556558,5.031944444444444,0,0,0,0.0,1.0
XRP,2026-03-12,1773146700,long,0.11068365039158135,2.136111111111111,0,0,0,0.0,1.0
XRP,2026-03-12,1773148500,long,0.05428367309778093,2.1152777777777776,0,0,0,0.0,1.0
XRP,2026-03-16,1773540000,long,0.05516600938749594,1.5840277777777776,0,0,0,0.0,0.0
XRP,2026-03-16,1773560700,short,0.0526141856551382,1.3444444444444446,1,1,0,0.03644322351391073,0.0
XRP,2026-03-16,1773553500,short,0.052756184985043586,1.4277777777777776,2,0,1,-0.21748866647690426,1.0
XRP,2026-03-17,1773540000,long,0.061799886369885204,2.5840277777777776,1,1,0,-0.07333863704995894,0.0
XRP,2026-03-17,1773551700,short,0.05044338929221026,2.448611111111111,0,0,0,0.0,0.0
XRP,2026-03-17,1773626400,long,0.07868623735077307,1.5840277777777776,1,0,0,0.08000854334734997,0.0
XRP,2026-03-17,1773554400,long,0.08511160953190022,2.417361111111111,0,0,0,0.0,0.0
XRP,2026-03-17,1773554400,short,0.05488839046809957,2.417361111111111,0,0,0,0.0,0.0
XRP,2026-03-17,1773624600,long,0.06396002561421121,1.604861111111111,1,0,0,0.12323009469794952,1.0
XRP,2026-03-18,1773540000,long,0.05648799928144821,3.584027777777778,0,0,0,0.0,0.0
XRP,2026-03-18,1773541800,short,0.051741241587134,3.5631944444444446,0,0,0,0.0,0.0
XRP,2026-03-18,1773626400,long,0.09424434114349989,2.5840277777777776,1,0,0,-0.2905831526866298,0.0
XRP,2026-03-18,1773548100,short,0.08133960433616985,3.4902777777777776,1,1,0,-0.038844378191823306,1.0
XRP,2026-03-18,1773552600,long,0.06196578685071885,3.4381944444444446,0,0,0,0.0,1.0
XRP,2026-03-19,1773540900,long,0.06565314485819007,4.573611111111111,0,0,0,0.0,0.0
XRP,2026-03-19,1773543600,short,0.054358863926955436,4.542361111111111,0,0,0,0.0,0.0
XRP,2026-03-19,1773627300,long,0.0767579788019237,3.573611111111111,1,0,0,-0.35948240572751283,0.0
XRP,2026-03-19,1773548100,short,0.08008104423694712,4.490277777777778,1,1,0,-0.02561624390473949,1.0
XRP,2026-03-21,1773997200,long,0.07849794964251489,1.292361111111111,0,0,0,0.0,0.0
XRP,2026-03-21,1773998100,long,0.06645027738045495,1.2819444444444443,1,1,0,-0.0055202463201940305,1.0
XRP,2026-03-21,1774005300,short,0.059595645152524246,1.198611111111111,2,0,1,-0.08023582398518132,1.0
XRP,2026-03-21,1773996300,long,0.08890950279936383,1.3027777777777776,1,1,0,-0.0649329150222113,1.0
XRP,2026-03-22,1773992700,long,0.05124857583172249,2.3444444444444446,1,1,0,-0.05555023299113346,1.0
XRP,2026-03-22,1773994500,long,0.05747235166313325,2.323611111111111,0,0,0,0.0,1.0
XRP,2026-03-22,1774001700,short,0.05705656121230246,2.2402777777777776,0,0,0,0.0,1.0
XRP,2026-03-22,1773991800,long,0.05231537519999896,2.354861111111111,0,0,0,0.0,1.0
XRP,2026-03-22,1774002600,long,0.08009425354447708,2.229861111111111,0,0,0,0.0,1.0
XRP,2026-03-23,1774248300,long,0.15991986762687138,0.3861111111111111,0,0,0,0.0,0.0
XRP,2026-03-23,1773991800,long,0.1082166313785573,3.354861111111111,0,0,0,0.0,1.0
XRP,2026-03-23,1774001700,short,0.05718852552395981,3.2402777777777776,1,1,0,-0.03761966539564093,1.0
XRP,2026-03-23,1773993600,long,0.12595574073057314,3.3340277777777776,0,0,0,0.0,1.0
XRP,2026-03-24,1774247400,long,0.0697708928724361,1.3965277777777778,0,0,0,0.0,0.0
XRP,2026-03-24,1774256400,long,0.050062766441615114,1.292361111111111,1,1,0,-0.10294716363493027,1.0
XRP,2026-03-25,1774250100,long,0.07700856201676021,2.365277777777778,1,1,0,-0.11688525756403967,0.0
XRP,2026-03-25,1774250100,short,0.0629914379832398,2.365277777777778,0,0,0,0.0,0.0
XRP,2026-03-25,1774249200,long,0.07774345165160712,2.3756944444444446,0,0,0,0.0,1.0
XRP,2026-03-25,1774249200,short,0.062256548348392726,2.3756944444444446,0,0,0,0.0,1.0
XRP,2026-03-25,1774281600,long,0.08597933997423812,2.000694444444444,1,1,0,-0.015654608505256608,1.0
XRP,2026-03-26,1774262700,short,0.0720449871724782,3.2194444444444446,1,1,0,0.08718014679681854,1.0
XRP,2026-03-26,1774262700,long,0.07795501282752171,3.2194444444444446,1,1,0,-0.0423717543996337,1.0
XRP,2026-03-26,1774260900,short,0.08986062448511273,3.2402777777777776,1,1,0,0.08268588162157584,1.0
XRP,2026-03-26,1774260900,long,0.06013937551488713,3.2402777777777776,1,1,0,-0.08716263904091182,1.0
XRP,2026-03-26,1774264500,short,0.06471946000901166,3.198611111111111,1,1,0,0.008990511362580354,1.0
XRP,2026-03-27,1774431000,short,0.059062216115202126,2.2715277777777776,1,1,0,0.00942626385557142,1.0
XRP,2026-03-27,1774436400,long,0.05258857738109901,2.209027777777778,0,0,0,0.0,1.0
XRP,2026-03-27,1774525500,long,0.1312856406415306,1.1777777777777778,2,0,1,0.2767408969987355,1.0
XRP,2026-03-27,1774531800,short,0.055374561848555603,1.104861111111111,1,1,0,0.011798486261265173,1.0
XRP,2026-03-27,1774435500,short,0.06385533183811284,2.2194444444444446,1,1,0,-0.007155537293407172,1.0
XRP,2026-03-28,1774437300,short,0.06573522311874402,3.198611111111111,2,0,1,-0.4716251853734794,1.0
XRP,2026-03-28,1774549800,short,0.08102009127620102,1.8965277777777776,1,1,0,-0.04209670855406389,1.0
XRP,2026-03-28,1774608300,long,0.081287483332801,1.2194444444444446,1,1,0,-0.00032647548984461247,1.0
XRP,2026-03-28,1774528200,short,0.05332733106025528,2.146527777777778,0,0,0,0.0,1.0
XRP,2026-03-28,1774528200,long,0.05667266893974454,2.146527777777778,1,1,0,-0.0011678763747160897,1.0
XRP,2026-03-29,1774525500,long,0.05912104335162316,3.1777777777777776,0,0,0,0.0,1.0
XRP,2026-03-29,1774527300,short,0.061426629561075474,3.156944444444444,1,1,0,-0.031226435617718533,1.0
XRP,2026-03-29,1774613700,short,0.05408194345959927,2.156944444444444,1,1,0,-0.03933769416626744,1.0
XRP,2026-03-29,1774535400,short,0.07917412243560645,3.0631944444444446,1,1,0,0.011183573141915183,1.0
XRP,2026-03-29,1774535400,long,0.060825877564393505,3.0631944444444446,0,0,0,0.0,1.0
XRP,2026-03-03,1772048700,short,0.10189747931392401,5.886111111111111,0,0,0,0.0,1.0
XRP,2026-03-03,1772482500,short,0.05200796515794753,0.8652777777777777,2,0,1,-0.3301191286864,1.0
XRP,2026-03-03,1772530200,long,0.053544757756083694,0.31319444444444444,1,0,0,0.15845304801584434,1.0
XRP,2026-03-03,1772046000,long,0.11899481184550709,5.917361111111111,0,0,0,0.0,1.0
XRP,2026-03-03,1772047800,short,0.05697505672922598,5.896527777777778,0,0,0,0.0,1.0
XRP,2026-03-30,1774524600,short,0.07495864887072923,4.188194444444444,2,0,1,-0.5204687613022421,1.0
XRP,2026-03-30,1774526400,long,0.05468950239565196,4.167361111111111,0,0,0,0.0,1.0
XRP,2026-03-30,1774611000,short,0.057580969985746466,3.188194444444444,2,0,1,-0.5062352889156231,1.0
XRP,2026-03-30,1774621800,long,0.0696912224385251,3.0631944444444446,1,0,0,0.29193125793013586,1.0
XRP,2026-03-31,1774524600,short,0.05619885461342744,5.188194444444444,2,0,1,-0.5598315484459109,1.0
XRP,2026-03-31,1774525500,long,0.054678929945369825,5.177777777777778,0,0,0,0.0,1.0
XRP,2026-03-31,1774617300,long,0.051734755104381414,4.115277777777778,0,0,0,0.0,1.0
XRP,2026-03-31,1774618200,short,0.05828307661452892,4.104861111111111,2,0,1,-0.5570228459335724,1.0
XRP,2026-03-04,1772181900,short,0.08171926346824343,5.344444444444444,0,0,0,0.0,0.0
XRP,2026-03-04,1772194500,long,0.05757291696562494,5.198611111111111,0,0,0,0.0,0.0
XRP,2026-03-04,1772481600,short,0.08355986463122445,1.8756944444444446,1,1,0,-0.025248015465874275,0.0
XRP,2026-03-04,1772634600,long,0.11161459026924159,0.10486111111111111,1,0,0,0.5602181673577852,0.0
XRP,2026-03-05,1772182800,short,0.06112778617590997,6.334027777777777,0,0,0,0.0,0.0
XRP,2026-03-05,1772482500,short,0.0694576984010935,2.8652777777777776,0,0,0,0.0,0.0
XRP,2026-03-05,1772625600,long,0.05647897115437961,1.2090277777777778,2,0,1,-0.34043047275656335,0.0
XRP,2026-03-05,1772638200,short,0.050182953965082766,1.0631944444444446,1,1,0,-0.005275208740092504,0.0
XRP,2026-03-05,1772626500,long,0.05496277615641154,1.198611111111111,2,0,1,0.13945029582844745,1.0
XRP,2026-03-06,1772617500,long,0.052833134925831526,2.302777777777778,0,0,0,0.0,1.0
XRP,2026-03-06,1772622900,short,0.06904678895791738,2.2402777777777776,1,1,0,0.01604906782616762,1.0
XRP,2026-03-06,1772805600,long,0.1075573028317609,0.12569444444444444,1,0,0,0.03425910106641718,1.0
XRP,2026-03-07,1772804700,short,0.06990344446835972,1.136111111111111,1,1,0,-0.02486688846020424,1.0
XRP,2026-03-08,1772615700,short,0.06385298028312036,4.281944444444445,0,0,0,0.0,1.0
XRP,2026-03-08,1772803800,short,0.07802735563334806,2.104861111111111,0,0,0,0.0,1.0
XRP,2026-03-09,1772803800,short,0.05535367572472394,3.104861111111111,1,1,0,-0.02052713710023038,1.0
XRP,2026-05-01,1777454100,long,0.09531566667539759,2.2819444444444446,0,0,0,0.0,1.0
XRP,2026-05-10,1778082300,long,0.19108357990894498,4.011111111111111,0,0,0,0.0,0.0
XRP,2026-05-10,1778076900,long,0.11839298759937988,4.073611111111111,0,0,0,0.0,1.0
XRP,2026-05-11,1778081400,long,0.09619930566697565,5.021527777777778,0,0,0,0.0,0.0
XRP,2026-05-11,1778235300,long,0.1012993481615867,3.2402777777777776,0,0,0,0.0,0.0
XRP,2026-05-12,1778229900,long,0.05494801858623588,4.302777777777777,0,0,0,0.0,0.0
XRP,2026-05-12,1778229900,short,0.06505198141376412,4.302777777777777,1,1,0,-0.03055716434299128,0.0
XRP,2026-05-02,1777454100,long,0.08936398563125136,3.2819444444444446,0,0,0,0.0,1.0
XRP,2026-05-02,1777456800,short,0.056833775024757616,3.2506944444444446,0,0,0,0.0,1.0
XRP,2026-05-03,1777446000,short,0.0762163604054455,4.375694444444444,0,0,0,0.0,1.0
XRP,2026-05-03,1777454100,long,0.07954483143243718,4.281944444444445,0,0,0,0.0,1.0
XRP,2026-05-03,1777601700,short,0.07087785716284045,2.573611111111111,0,0,0,0.0,1.0
XRP,2026-05-04,1777484700,long,0.06714016539263268,4.927777777777777,0,0,0,0.0,1.0
XRP,2026-05-04,1777485600,short,0.06630234734454027,4.917361111111111,1,1,0,-0.056513242131461174,1.0
XRP,2026-05-04,1777601700,short,0.05606790772228776,3.573611111111111,0,0,0,0.0,1.0
XRP,2026-05-04,1777607100,long,0.0773585460020243,3.511111111111111,0,0,0,0.0,1.0
XRP,2026-05-06,1777601700,short,0.06214481604694039,5.573611111111111,0,0,0,0.0,0.0
XRP,2026-05-08,1778076900,long,0.11989381757333462,2.073611111111111,0,0,0,0.0,1.0
XRP,2026-05-08,1778084100,short,0.055389588599426796,1.9902777777777778,1,1,0,0.03247169875253106,1.0
XRP,2026-05-08,1778087700,long,0.05075131696175195,1.948611111111111,1,1,0,-0.6235879679147508,1.0
XRP,2026-05-09,1778081400,long,0.09618500840701016,3.0215277777777776,1,1,0,-0.06329245868382807,0.0
XRP,2026-05-09,1778076900,long,0.10872923077781627,3.073611111111111,0,0,0,0.0,1.0
XRP,2026-05-09,1778078700,short,0.054827840051828766,3.0527777777777776,1,1,0,-0.016479589579142567,1.0
XRP,2026-04-01,1774524600,long,0.05064658852930126,6.188194444444444,1,1,0,-0.02664262966269631,0.0
XRP,2026-04-01,1774530900,short,0.051566729690310176,6.115277777777778,1,1,0,5.5103917283527704e-05,0.0
XRP,2026-04-01,1774611000,long,0.05762843624685665,5.188194444444444,0,0,0,0.0,0.0
XRP,2026-04-10,1775609100,long,0.05576965844424153,2.636111111111111,1,1,0,-0.03129937621525217,0.0
XRP,2026-04-10,1775612700,short,0.05608553101012359,2.5944444444444446,0,0,0,0.0,0.0
XRP,2026-04-11,1775608200,long,0.06769724539728794,3.6465277777777776,1,1,0,0.0073699501029572245,0.0
XRP,2026-04-12,1775610900,long,0.0637228035489037,4.615277777777777,0,0,0,0.0,0.0
XRP,2026-04-14,1775608200,long,0.05957931046740983,6.646527777777777,0,0,0,0.0,0.0
XRP,2026-04-14,1775835000,long,0.05567169416900697,4.021527777777778,1,1,0,-0.007484012378500253,0.0
XRP,2026-04-14,1775621700,long,0.0682649770520043,6.490277777777778,0,0,0,0.0,0.0
XRP,2026-04-15,1775814300,short,0.056171253134168264,5.261111111111111,0,0,0,0.0,0.0
XRP,2026-04-15,1775835900,long,0.052044896985277145,5.011111111111111,0,0,0,0.0,0.0
XRP,2026-04-15,1776043800,long,0.050361423314692066,2.604861111111111,1,1,0,-0.021020923569652985,0.0
XRP,2026-04-17,1776322800,long,0.059587859240636476,1.3756944444444446,2,0,1,-0.15239742686605007,1.0
XRP,2026-04-17,1776330900,short,0.07539187252843871,1.2819444444444443,1,1,0,-0.018254341146285213,1.0
XRP,2026-04-17,1776417300,long,0.07777795690006606,0.28194444444444444,1,1,0,-0.06988927858381128,1.0
XRP,2026-04-18,1776312900,short,0.05123370650349107,2.4902777777777776,0,0,0,0.0,1.0
XRP,2026-04-18,1776348000,long,0.0504303657059304,2.084027777777778,1,1,0,0.0002753421652141805,1.0
XRP,2026-04-18,1776407400,short,0.10590955695082108,1.3965277777777778,0,0,0,0.0,1.0
XRP,2026-04-19,1776339900,short,0.07236413425270888,3.1777777777777776,0,0,0,0.0,1.0
XRP,2026-04-19,1776426300,short,0.08893029281145093,2.1777777777777776,1,1,0,0.04667895201018718,1.0
XRP,2026-04-19,1776520800,short,0.10364761137559256,1.0840277777777778,1,0,0,-0.007700198890980017,1.0
XRP,2026-04-19,1776525300,long,0.08288460385783725,1.0319444444444446,1,0,0,0.02045249229293481,1.0
XRP,2026-04-02,1774602000,long,0.05564513533414539,6.29236111111111,1,1,0,-0.031158440717887453,0.0
XRP,2026-04-02,1774629000,short,0.05172418093291409,5.97986111111111,0,0,0,0.0,0.0
XRP,2026-04-20,1776330900,short,0.0705634580550637,4.281944444444445,0,0,0,0.0,1.0
XRP,2026-04-20,1776417300,short,0.08184160903261012,3.2819444444444446,0,0,0,0.0,1.0
XRP,2026-04-20,1776512700,long,0.05305774040129485,2.1777777777777776,0,0,0,0.0,1.0
XRP,2026-04-21,1776510900,long,0.05893727531842097,3.198611111111111,0,0,0,0.0,1.0
XRP,2026-04-21,1776518100,short,0.05237988879627398,3.115277777777778,1,1,0,-0.03625360893746662,1.0
XRP,2026-04-21,1776707100,long,0.0522126588970826,0.9277777777777778,1,0,0,0.06721172855192976,1.0
XRP,2026-04-22,1776361500,short,0.06010342764792442,5.927777777777778,1,1,0,-0.023480530075471365,1.0
XRP,2026-04-22,1776416400,long,0.06239291931960178,5.292361111111111,0,0,0,0.0,1.0
XRP,2026-04-22,1776447900,short,0.05855244257611392,4.927777777777777,0,0,0,0.0,1.0
XRP,2026-04-22,1776510900,long,0.06746976267923932,4.198611111111111,0,0,0,0.0,1.0
XRP,2026-04-22,1776699000,long,0.17339956107246524,2.0215277777777776,0,0,0,0.0,1.0
XRP,2026-04-22,1776831300,long,0.050358020236286105,0.4902777777777778,2,0,1,0.09417973853801553,1.0
XRP,2026-04-23,1776448800,short,0.05087387261417631,5.917361111111111,0,0,0,0.0,1.0
XRP,2026-04-23,1776449700,long,0.053680998455219564,5.906944444444445,0,0,0,0.0,1.0
XRP,2026-04-23,1776828600,short,0.06157445293776859,1.5215277777777778,1,1,0,-0.07502209565268812,1.0
XRP,2026-04-23,1776829500,long,0.059471432689695014,1.511111111111111,0,0,0,0.0,1.0
XRP,2026-04-25,1777016700,short,0.09250679307931434,1.3444444444444446,0,0,0,0.0,1.0
XRP,2026-04-26,1777016700,short,0.0717461066607688,2.3444444444444446,0,0,0,0.0,1.0
XRP,2026-04-26,1777018500,long,0.05330292887964316,2.323611111111111,0,0,0,0.0,1.0
XRP,2026-04-29,1777025700,short,0.05795213140685185,5.240277777777777,0,0,0,0.0,0.0
XRP,2026-04-29,1777058100,long,0.07818866058425322,4.865277777777778,0,0,0,0.0,0.0
XRP,2026-04-03,1775025900,long,0.05008410675417507,2.386111111111111,1,1,0,-0.05643733711323054,0.0
XRP,2026-04-30,1777016700,long,0.05219440275510112,6.344444444444444,0,0,0,0.0,0.0
XRP,2026-04-30,1777035600,short,0.09282327078879926,6.125694444444444,0,0,0,0.0,0.0
XRP,2026-04-06,1775027700,long,0.0521176909085872,5.365277777777778,1,1,0,-0.038829271311574015,0.0
XRP,2026-04-07,1775024100,long,0.05166452767454177,6.406944444444444,1,1,0,-0.0414276551499978,0.0
XRP,2026-04-07,1775068200,short,0.06116833563359281,5.896527777777778,0,0,0,0.0,0.0
XRP,2026-04-09,1775207700,short,0.05459331674760781,6.281944444444445,0,0,0,0.0,0.0
XRP,2026-02-10,1770277500,long,0.05876815874041941,5.386111111111111,1,1,0,-0.03707762236654444,1.0
XRP,2026-02-10,1770344100,short,0.05971611078307204,4.615277777777777,1,1,0,-0.10969114137479985,1.0
XRP,2026-02-10,1770450300,long,0.07734809808232623,3.386111111111111,2,0,1,0.7666031151413483,1.0
XRP,2026-02-10,1770461100,short,0.05609078290343539,3.261111111111111,1,1,0,-0.11212425124161618,1.0
XRP,2026-02-10,1770652800,short,0.06164940502154903,1.042361111111111,2,0,1,-0.4613580587455465,1.0
XRP,2026-02-10,1770299100,long,0.07151269244928393,5.136111111111111,1,1,0,-0.007773539178180078,1.0
XRP,2026-02-10,1770657300,short,0.08813329292752548,0.9902777777777777,2,0,1,-0.3382748320657707,1.0
XRP,2026-02-10,1770289200,long,0.07164484606008759,5.250694444444445,1,1,0,-0.0038608060149798312,1.0
XRP,2026-02-10,1770451200,long,0.14234359709421196,3.3756944444444446,1,1,0,0.024966867190366608,1.0
XRP,2026-02-11,1770282000,short,0.053784930212770976,6.334027777777777,0,0,0,0.0,0.0
XRP,2026-02-11,1770313500,long,0.09953854745385926,5.969444444444445,1,1,0,0.047763742004449605,0.0
XRP,2026-02-11,1770451200,long,0.19883001764114638,4.375694444444444,0,0,0,0.0,0.0
XRP,2026-02-11,1770736500,long,0.06306440909413613,1.073611111111111,1,1,0,0.03304274645792033,0.0
XRP,2026-02-11,1770738300,short,0.07392584485811227,1.0527777777777778,2,0,1,0.3105515437468731,0.0
XRP,2026-02-11,1770295500,long,0.11703634170100496,6.177777777777778,0,0,0,0.0,0.0
XRP,2026-02-11,1770346800,short,0.07649558399258727,5.584027777777778,0,0,0,0.0,0.0
XRP,2026-02-11,1770452100,long,0.09495384006487662,4.365277777777778,1,1,0,-0.04161876138822273,0.0
XRP,2026-02-11,1770450300,long,0.10281169103711685,4.386111111111111,1,1,0,0.012276443683245597,0.0
XRP,2026-02-12,1770450300,long,0.07232387209477875,5.386111111111111,0,0,0,0.0,0.0
XRP,2026-02-12,1770733800,short,0.05082086073473713,2.104861111111111,1,1,0,-0.013658523607114722,0.0
XRP,2026-02-12,1770741000,long,0.0506721255548781,2.0215277777777776,1,1,0,-0.02188969613417615,0.0
XRP,2026-02-12,1770742800,long,0.05374902042378049,2.000694444444444,2,0,1,-0.28201104650339814,0.0
XRP,2026-02-12,1770327000,long,0.14776343817036341,6.813194444444444,0,0,0,0.0,0.0
XRP,2026-02-12,1770330600,short,0.07942864966799834,6.771527777777778,0,0,0,0.0,0.0
XRP,2026-02-14,1770979500,long,0.05189502023613346,1.261111111111111,1,1,0,-0.03633822561307257,1.0
XRP,2026-02-14,1770996600,short,0.07169142102119186,1.0631944444444446,1,1,0,-0.043393518011688476,1.0
XRP,2026-02-15,1770982200,long,0.05165295558104166,2.229861111111111,0,0,0,0.0,0.0
XRP,2026-02-15,1770994800,short,0.06794061778713112,2.084027777777778,1,1,0,-0.08049251130710547,0.0
XRP,2026-02-16,1770982200,long,0.05010664457425418,3.229861111111111,0,0,0,0.0,1.0
XRP,2026-02-16,1770994800,short,0.05218167055565304,3.0840277777777776,1,1,0,-0.08452787627239114,1.0
XRP,2026-02-17,1770979500,long,0.05496673021433929,4.261111111111111,1,1,0,-0.002777857478028327,1.0
XRP,2026-02-17,1770993900,short,0.052118279036245885,4.094444444444444,0,0,0,0.0,1.0
XRP,2026-02-17,1771256700,long,0.06122262401647727,1.0527777777777778,1,1,0,-0.027781793466056914,1.0
XRP,2026-02-17,1771258500,short,0.06557247839791924,1.0319444444444446,2,0,1,-0.4341813755393664,1.0
XRP,2026-02-18,1770978600,long,0.05119799473397024,5.271527777777778,0,0,0,0.0,1.0
XRP,2026-02-18,1770997500,short,0.05534329218093825,5.052777777777778,1,1,0,-0.02881123112512336,1.0
XRP,2026-02-18,1771256700,long,0.05844327503850888,2.0527777777777776,1,1,0,-0.020106246265375986,1.0
XRP,2026-02-18,1771258500,short,0.05011563784480255,2.0319444444444446,2,0,1,-0.5396937390998534,1.0
XRP,2026-02-18,1771359300,short,0.05091574639892266,0.8652777777777777,2,0,1,-0.31672309098831897,1.0
XRP,2026-02-19,1771260300,short,0.055036471703001855,3.0111111111111115,1,1,0,-0.013359546387305979,0.0
XRP,2026-02-19,1771363800,short,0.060503373099272784,1.8131944444444443,1,1,0,-0.10081389986474859,0.0
XRP,2026-02-19,1771450200,short,0.0531720303233974,0.8131944444444444,2,0,1,0.5365491353532125,0.0
XRP,2026-02-02,1769881500,long,0.056154714748586354,1.9694444444444443,1,1,0,0.013907295621587691,0.0
XRP,2026-02-02,1769896800,short,0.05501320743472238,1.792361111111111,1,1,0,-0.06338231523995136,0.0
XRP,2026-02-02,1770011100,short,0.08296367146273897,0.4694444444444444,2,0,1,-0.24876113036414294,0.0
XRP,2026-02-02,1769888700,long,0.18065992774005601,1.8861111111111113,0,0,0,0.0,0.0
XRP,2026-02-02,1770012900,long,0.11585758589178252,0.4486111111111111,2,0,1,-0.2562595153371021,0.0
XRP,2026-02-02,1769886000,long,0.16810771592239204,1.917361111111111,0,0,0,0.0,1.0
XRP,2026-02-02,1770014700,long,0.10261477409109676,0.4277777777777778,2,0,1,0.13737002816761457,1.0
XRP,2026-02-02,1769893200,long,0.14408825171656314,1.8340277777777778,1,1,0,0.06036564176520645,1.0
XRP,2026-02-20,1771364700,long,0.0572865088513832,2.8027777777777776,1,1,0,0.011718313919367118,1.0
XRP,2026-02-20,1771451100,long,0.05016198179997389,1.8027777777777778,1,1,0,0.1054999439971791,1.0
XRP,2026-02-21,1771566300,short,0.08032276371917363,1.4694444444444446,1,0,0,-0.2593433767926166,1.0
XRP,2026-02-21,1771577100,long,0.059756902284028524,1.3444444444444446,0,0,0,0.0,1.0
XRP,2026-02-22,1771566300,short,0.09502702198066304,2.4694444444444446,2,0,1,0.45889284861467455,0.0
XRP,2026-02-23,1771566300,short,0.05498480223109692,3.469444444444444,0,0,0,0.0,0.0
XRP,2026-02-23,1771575300,long,0.05230764433726831,3.3652777777777776,1,0,0,0.07748893412705127,0.0
XRP,2026-02-26,1771576200,long,0.059138181307357485,6.354861111111112,1,1,0,0.13374748026106806,0.0
XRP,2026-02-26,1772027100,short,0.07176195425147763,1.136111111111111,2,0,1,0.5076350760753913,0.0
XRP,2026-02-26,1772042400,long,0.06728458454957909,0.9590277777777778,2,0,1,-0.7556456688305893,0.0
XRP,2026-02-26,1772047800,long,0.062317977278439685,0.8965277777777778,2,0,1,-0.5703495788334321,0.0
XRP,2026-02-27,1772034300,long,0.050039672253462175,2.0527777777777776,0,0,0,0.0,0.0
XRP,2026-02-27,1772181900,long,0.060366365758055984,0.34444444444444444,2,0,1,-0.03620247294919854,0.0
XRP,2026-02-27,1772028000,long,0.10881224573878301,2.1256944444444446,0,0,0,0.0,0.0
XRP,2026-02-28,1772028900,long,0.063462701088425,3.115277777777778,1,1,0,-0.04294420165364192,0.0
XRP,2026-02-28,1772034300,short,0.05795219945375507,3.0527777777777776,0,0,0,0.0,0.0
XRP,2026-02-28,1772181900,short,0.05634791312632087,1.3444444444444446,1,1,0,0.0775837587328998,0.0
XRP,2026-02-28,1772196300,long,0.05564366845842206,1.1777777777777778,1,1,0,-0.07470103429645303,0.0
XRP,2026-02-28,1772059500,long,0.05497119910410331,2.761111111111111,0,0,0,0.0,0.0
XRP,2026-02-03,1769888700,long,0.13727770986254062,2.886111111111111,0,0,0,0.0,0.0
XRP,2026-02-03,1770011100,long,0.10375119754082052,1.4694444444444446,1,1,0,0.04252915370248381,0.0
XRP,2026-02-03,1769887800,long,0.08246533049425309,2.8965277777777776,1,1,0,-0.05140627968341291,1.0
XRP,2026-02-03,1770023700,short,0.06232261948757445,1.323611111111111,0,0,0,0.0,1.0
XRP,2026-02-03,1769890500,long,0.14020183707025913,2.8652777777777776,1,1,0,0.08990055538233797,1.0
XRP,2026-02-03,1770014700,long,0.051563487395973384,1.4277777777777776,1,1,0,-0.08249534984646617,1.0
XRP,2026-02-03,1770022800,short,0.06169341756138884,1.3340277777777778,0,0,0,0.0,1.0
XRP,2026-02-03,1770018300,long,0.1750800960768586,1.386111111111111,0,0,0,0.0,1.0
XRP,2026-02-04,1769881500,short,0.0559214268362529,3.9694444444444446,0,0,0,0.0,0.0
XRP,2026-02-04,1770011100,long,0.11492332190498988,2.4694444444444446,1,1,0,-0.04384274844290709,0.0
XRP,2026-02-04,1770120000,long,0.053827629037807245,1.2090277777777778,2,0,1,-0.19176606688514672,0.0
XRP,2026-02-04,1769887800,long,0.08830543150560177,3.896527777777778,1,1,0,-0.029744229682630074,1.0
XRP,2026-02-04,1770123600,long,0.05971705614815703,1.167361111111111,2,0,1,0.24149064747253213,1.0
XRP,2026-02-04,1770019200,long,0.06911550989419424,2.3756944444444446,2,0,1,0.21966673297363104,1.0
XRP,2026-02-05,1769895000,short,0.0591088317004943,4.813194444444444,1,1,0,-0.05307248104759195,0.0
XRP,2026-02-05,1770011100,long,0.1333406500128551,3.469444444444444,1,1,0,-0.043589459157123034,0.0
XRP,2026-02-05,1770084900,short,0.05199781600016973,2.615277777777778,0,0,0,0.0,0.0
XRP,2026-02-05,1770111900,long,0.05042400190912977,2.302777777777778,1,1,0,-0.027107503216740922,0.0
XRP,2026-02-05,1770208200,long,0.05401336934148637,1.1881944444444446,1,1,0,-0.018753934216688736,0.0
XRP,2026-02-05,1770219900,short,0.05008776837515527,1.0527777777777778,2,0,1,1.119979456859792,0.0
XRP,2026-02-05,1769882400,long,0.0952057305886016,4.959027777777778,1,1,0,0.009821780772554814,0.0
XRP,2026-02-05,1770027300,long,0.16819815996499288,3.2819444444444446,0,0,0,0.0,0.0
XRP,2026-02-05,1770081300,short,0.0640929243008439,2.6569444444444446,1,1,0,-0.039846984594675935,0.0
XRP,2026-02-05,1770129000,long,0.08414489661922708,2.104861111111111,0,0,0,0.0,0.0
XRP,2026-02-05,1770204600,short,0.07010867606339632,1.229861111111111,1,1,0,0.0032010354965092414,0.0
XRP,2026-02-05,1770259500,long,0.06298521155179593,0.5944444444444444,1,1,0,-0.03611912728674985,0.0
XRP,2026-02-05,1770019200,short,0.06566591319753101,3.3756944444444446,1,1,0,0.07154990386852728,0.0
XRP,2026-02-06,1770151500,long,0.0648796789158772,2.844444444444444,0,0,0,0.0,1.0
XRP,2026-02-06,1770231600,short,0.15157477839538125,1.917361111111111,1,1,0,-0.0398554365372219,1.0
XRP,2026-02-06,1770277500,long,0.14806090991920318,1.386111111111111,1,1,0,-0.004699561261566398,1.0
XRP,2026-02-07,1770149700,short,0.05306076897227352,3.8652777777777776,0,0,0,0.0,1.0
XRP,2026-02-07,1770150600,long,0.06103915381344249,3.854861111111111,0,0,0,0.0,1.0
XRP,2026-02-07,1770236100,short,0.13801116940274194,2.8652777777777776,0,0,0,0.0,1.0
XRP,2026-02-07,1770277500,long,0.13385402964736137,2.386111111111111,0,0,0,0.0,1.0
XRP,2026-02-07,1770339600,short,0.05063043480268803,1.667361111111111,1,1,0,-0.016953915695122064,1.0
XRP,2026-02-07,1770450300,long,0.0629585931220158,0.3861111111111111,2,0,1,0.439193486238104,1.0
XRP,2026-02-07,1770453900,short,0.05262545312378053,0.34444444444444444,1,1,0,-0.0035172720278289133,1.0
XRP,2026-02-08,1770149700,short,0.057153585849775146,4.865277777777778,1,1,0,-0.02353499625302992,1.0
XRP,2026-02-08,1770236100,short,0.15549071829881078,3.8652777777777776,0,0,0,0.0,1.0
XRP,2026-02-08,1770290100,long,0.07314448943528928,3.2402777777777776,0,0,0,0.0,1.0
XRP,2026-02-08,1770322500,short,0.07565833273465161,2.8652777777777776,1,1,0,-0.02340097321079795,1.0
XRP,2026-02-08,1770452100,long,0.051709697837127866,1.3652777777777778,1,1,0,-0.017108057517040757,1.0
XRP,2026-02-08,1770453900,short,0.06349773844525186,1.3444444444444446,1,1,0,-0.018288504058366344,1.0
XRP,2026-02-08,1770243300,short,0.06939963998248994,3.781944444444444,0,0,0,0.0,1.0
XRP,2026-02-08,1770345900,long,0.12147169202285513,2.5944444444444446,0,0,0,0.0,1.0
XRP,2026-02-09,1770277500,long,0.052865071526401186,4.386111111111111,1,1,0,-0.05174437689940256,1.0
XRP,2026-02-09,1770333300,short,0.05288922846373978,3.740277777777778,0,0,0,0.0,1.0
XRP,2026-02-09,1770450300,long,0.08066390343453955,2.386111111111111,1,1,0,-0.010223607443190424,1.0
XRP,2026-02-09,1770613200,long,0.05862039416598641,0.5006944444444444,1,1,0,0.17834695336515277,1.0
XRP,2026-02-09,1770342300,long,0.11889916384353727,3.6361111111111115,0,0,0,0.0,1.0
XRP,2026-03-01,1772028900,short,0.05293563023987824,4.115277777777778,0,0,0,0.0,0.0
XRP,2026-03-01,1772043300,long,0.06426436992420448,3.9486111111111115,0,0,0,0.0,0.0
XRP,2026-03-01,1772181900,short,0.11616621867855992,2.3444444444444446,1,1,0,0.050399431502197584,0.0
XRP,2026-03-01,1772202600,long,0.06574907463397528,2.104861111111111,1,1,0,-0.07360557351174352,0.0
XRP,2026-03-01,1772337600,short,0.10687468139615258,0.5423611111111111,1,0,0,0.06618650401007281,0.0
XRP,2026-03-10,1772615700,long,0.05810945473251339,6.281944444444445,0,0,0,0.0,1.0
XRP,2026-03-10,1772622900,short,0.05156004406210646,6.198611111111111,0,0,0,0.0,1.0
XRP,2026-03-10,1772804700,long,0.05636384766579017,4.094444444444444,0,0,0,0.0,1.0
XRP,2026-03-11,1772803800,long,0.05152950474141882,5.104861111111111,1,1,0,-0.007763670438777653,0.0
XRP,2026-03-11,1773145800,long,0.052088195434154105,1.1465277777777778,1,0,0,0.06717936097806403,0.0
XRP,2026-03-16,1773540000,short,0.061547284643791,1.5840277777777776,1,1,0,-0.04403912764065783,1.0
XRP,2026-03-16,1773626400,short,0.08124547005505964,0.5840277777777778,2,0,1,-0.15936134879048452,1.0
XRP,2026-03-17,1773540000,short,0.05396080617965382,2.5840277777777776,1,1,0,-0.07333863704995894,0.0
XRP,2026-03-17,1773558900,long,0.061128928035418806,2.365277777777778,0,0,0,0.0,0.0
XRP,2026-03-17,1773626400,short,0.0994797034265632,1.5840277777777776,2,0,1,0.6216338844507407,0.0
XRP,2026-03-17,1773620100,short,0.06463274212911488,1.6569444444444443,1,0,0,0.07019314425070106,1.0
XRP,2026-03-18,1773540900,short,0.07282528533894594,3.573611111111111,0,0,0,0.0,1.0
XRP,2026-03-18,1773558900,long,0.06098705964599249,3.3652777777777776,0,0,0,0.0,1.0
XRP,2026-03-18,1773627300,short,0.073046195110674,2.573611111111111,2,0,1,-0.5206083151766226,1.0
XRP,2026-03-18,1773620100,short,0.06488522241062639,2.6569444444444446,0,0,0,0.0,1.0
XRP,2026-03-19,1773540000,long,0.05239495503652791,4.584027777777778,0,0,0,0.0,1.0
XRP,2026-03-19,1773540000,short,0.057605044963472185,4.584027777777778,0,0,0,0.0,1.0
XRP,2026-03-19,1773626400,short,0.0768519275843984,3.584027777777778,2,0,1,-0.5727534843329022,1.0
XRP,2026-03-19,1773543600,short,0.07669713773624526,4.542361111111111,0,0,0,0.0,1.0
XRP,2026-03-20,1773991800,long,0.06567131734075371,0.3548611111111111,1,1,0,0.02375612459905648,1.0
XRP,2026-03-21,1773999900,long,0.056134970707209186,1.261111111111111,1,1,0,0.01924772628394009,1.0
XRP,2026-03-21,1774026000,short,0.11937241429960371,0.9590277777777778,1,0,0,-0.060374693208216194,1.0
XRP,2026-03-22,1773992700,short,0.09117541675247454,2.3444444444444446,2,0,1,0.585324269983288,0.0
XRP,2026-03-22,1773997200,long,0.054334901233526356,2.292361111111111,0,0,0,0.0,0.0
XRP,2026-03-22,1773999000,short,0.0739770467819191,2.2715277777777776,1,1,0,-0.019392186847674294,0.0
XRP,2026-03-23,1774275300,long,0.1207044606642218,0.07361111111111111,0,0,0,0.0,1.0
XRP,2026-03-24,1773997200,long,0.08953591133447869,4.292361111111111,0,0,0,0.0,1.0
XRP,2026-03-24,1773999000,short,0.08560594857147685,4.271527777777778,1,1,0,-0.03749575654897413,1.0
XRP,2026-03-24,1774247400,short,0.06642558044967295,1.3965277777777778,1,1,0,-0.00801932087507459,1.0
XRP,2026-03-24,1774296900,long,0.0678697856060908,0.8236111111111112,0,0,0,0.0,1.0
XRP,2026-03-24,1773992700,long,0.08208828313889605,4.344444444444444,0,0,0,0.0,1.0
XRP,2026-03-25,1774250100,long,0.05643293079088019,2.365277777777778,1,1,0,-0.48364745866986597,1.0
XRP,2026-03-25,1774250100,short,0.05356706920911958,2.365277777777778,1,1,0,-0.11688525756403967,1.0
XRP,2026-03-26,1773992700,long,0.063341485446478,6.344444444444444,1,1,0,-0.04953567215944265,0.0
XRP,2026-03-26,1774251900,long,0.056940142090833756,3.344444444444444,2,0,1,-0.21323985226302736,0.0
XRP,2026-03-26,1774251900,short,0.09305985790916627,3.344444444444444,2,0,1,0.3632398522630273,0.0
XRP,2026-03-26,1774431000,long,0.06540953489874735,1.2715277777777778,1,1,0,0.021549659052646802,0.0
XRP,2026-03-26,1773993600,long,0.0993895514175196,6.334027777777777,0,0,0,0.0,0.0
XRP,2026-03-26,1773993600,short,0.0606104485824801,6.334027777777777,0,0,0,0.0,0.0
XRP,2026-03-26,1774247400,long,0.06593962925052144,3.3965277777777776,1,1,0,-0.03066962878493215,0.0
XRP,2026-03-26,1774287900,short,0.0624687863237437,2.9277777777777776,0,0,0,0.0,0.0
XRP,2026-03-27,1774431000,long,0.06227672050895561,2.2715277777777776,0,0,0,0.0,0.0
XRP,2026-03-27,1774432800,short,0.05625400681101328,2.2506944444444446,0,0,0,0.0,0.0
XRP,2026-03-27,1774525500,short,0.0823231831345006,1.1777777777777778,1,1,0,-0.033256134431706844,0.0
XRP,2026-03-27,1774531800,long,0.05023287785495101,1.104861111111111,1,1,0,0.011798486261265173,0.0
XRP,2026-03-28,1774445400,long,0.05402166491910698,3.104861111111111,1,1,0,-0.09443349655029909,0.0
XRP,2026-03-28,1774445400,short,0.09597833508089315,3.104861111111111,0,0,0,0.0,0.0
XRP,2026-03-28,1774535400,long,0.07060612464201621,2.0631944444444446,0,0,0,0.0,0.0
XRP,2026-03-29,1774525500,short,0.07522895405698349,3.1777777777777776,0,0,0,0.0,0.0
XRP,2026-03-29,1774530900,long,0.05034060674530383,3.115277777777778,1,1,0,-0.03588191819360882,0.0
XRP,2026-03-03,1772048700,long,0.08679730762079996,5.886111111111111,0,0,0,0.0,0.0
XRP,2026-03-03,1772186400,short,0.05385344010653492,4.292361111111111,0,0,0,0.0,0.0
XRP,2026-03-03,1772199000,long,0.05935539485042751,4.146527777777777,1,1,0,-0.024762494619701314,0.0
XRP,2026-03-03,1772481600,long,0.07061205737798715,0.8756944444444444,1,1,0,-0.030995901527322636,0.0
XRP,2026-03-03,1772027100,long,0.08588499582585785,6.136111111111111,0,0,0,0.0,0.0
XRP,2026-03-30,1774525500,short,0.05646242668316137,4.177777777777778,0,0,0,0.0,0.0
XRP,2026-03-30,1774535400,long,0.08439762020240194,4.063194444444444,1,1,0,-0.03435525022216959,0.0
XRP,2026-03-31,1774525500,short,0.050412727131796786,5.177777777777778,0,0,0,0.0,0.0
XRP,2026-03-31,1774530900,long,0.05106152891907989,5.115277777777778,1,1,0,-0.029349369877825764,0.0
XRP,2026-03-04,1772181900,long,0.05205544504137083,5.344444444444444,0,0,0,0.0,1.0
XRP,2026-03-04,1772190900,short,0.061106325669241235,5.240277777777777,1,1,0,0.02407314454624221,1.0
XRP,2026-03-04,1772481600,long,0.08823453107426871,1.8756944444444446,1,1,0,-0.025248015465874275,1.0
XRP,2026-03-04,1772495100,short,0.05470183288728059,1.7194444444444446,1,1,0,0.020633588280964926,1.0
XRP,2026-03-04,1772617500,long,0.1301400606016312,0.30277777777777776,2,0,1,0.07335421314372198,1.0
XRP,2026-03-05,1772481600,long,0.07446540806052537,2.875694444444444,1,1,0,-0.025423876545400542,1.0
XRP,2026-03-05,1772615700,long,0.059089623282713166,1.323611111111111,1,1,0,-0.017004199830592745,1.0
XRP,2026-03-05,1772641800,short,0.05220846497733367,1.0215277777777778,1,1,0,-0.03148554572430266,1.0
XRP,2026-03-05,1772188200,short,0.05181828138436073,6.271527777777778,1,1,0,0.016265934963753836,1.0
XRP,2026-03-05,1772196300,long,0.06566713999092366,6.177777777777778,1,1,0,-0.02538555573896097,1.0
XRP,2026-03-06,1772616600,long,0.06170379085099831,2.3131944444444446,1,1,0,-0.030739636526376214,0.0
XRP,2026-03-07,1772803800,long,0.05893174965838632,1.1465277777777778,1,1,0,-0.01134187905399453,0.0
XRP,2026-03-08,1772617500,long,0.057725690021730225,4.261111111111111,1,1,0,-0.032009898886409704,0.0
XRP,2026-03-08,1772629200,short,0.05466104811345274,4.125694444444445,0,0,0,0.0,0.0
XRP,2026-03-09,1772805600,long,0.05513473679568093,3.0840277777777776,1,1,0,-0.02551679396170256,0.0
XRP,2026-03-09,1772813700,long,0.051607394843492305,2.990277777777778,0,0,0,0.0,0.0
XRP,2026-05-01,1777462200,long,0.0803535301052496,2.1881944444444446,1,1,0,-0.014318640564560937,0.0
XRP,2026-05-10,1778081400,short,0.1501864511106047,4.021527777777778,0,0,0,0.0,1.0
XRP,2026-05-11,1778081400,short,0.15139865634361527,5.021527777777778,1,1,0,-0.012449934129492107,1.0
XRP,2026-05-11,1778467500,long,0.11154266603955465,0.5527777777777778,0,0,0,0.0,1.0
XRP,2026-05-13,1778085000,short,0.14900072319767177,6.979861111111111,1,1,0,-0.023237254395410103,1.0
XRP,2026-05-13,1778473800,long,0.09372276036403271,2.479861111111111,0,0,0,0.0,1.0
XRP,2026-05-13,1778473800,short,0.06627723963596721,2.479861111111111,1,1,0,-0.034905229375628,1.0
XRP,2026-05-13,1778467500,long,0.05080805216458506,2.5527777777777776,0,0,0,0.0,1.0
XRP,2026-05-15,1778748300,long,0.11486997089728845,1.3027777777777776,0,0,0,0.0,1.0
XRP,2026-05-15,1778757300,short,0.051642490758239956,1.198611111111111,1,1,0,0.20688713249152652,1.0
XRP,2026-05-04,1777644000,long,0.08992868352091676,3.0840277777777776,0,0,0,0.0,0.0
XRP,2026-05-08,1778077800,short,0.08681111472084896,2.0631944444444446,1,1,0,-0.015020526347317884,0.0
XRP,2026-05-08,1778148900,long,0.07993167613719421,1.2402777777777778,0,0,0,0.0,0.0
XRP,2026-05-09,1778081400,short,0.13415823308532077,3.0215277777777776,2,0,1,-0.37696686718708394,1.0
XRP,2026-05-09,1778143500,long,0.05223907282328999,2.302777777777778,0,0,0,0.0,1.0
XRP,2026-04-20,1776451500,long,0.05937192240750355,2.886111111111111,0,0,0,0.0,0.0
XRP,2026-04-23,1776408300,long,0.05216284129568871,6.386111111111111,0,0,0,0.0,0.0
XRP,2025-12-22,1766002500,long,0.05016285474678461,4.865277777777778,0,0,0,0.0,0.0
XRP,2026-02-01,1769881500,long,0.13368067234290004,0.9694444444444444,1,1,0,-0.09785636272936879,1.0
XRP,2026-02-01,1769896800,short,0.12121731174496098,0.7923611111111111,1,0,0,-0.10375354843406283,1.0
XRP,2026-02-10,1770325200,long,0.07746803607007191,4.834027777777778,0,0,0,0.0,0.0
XRP,2026-02-10,1770452100,short,0.05408256296817293,3.3652777777777776,1,1,0,-0.019053796979331156,0.0
XRP,2026-02-10,1770452100,long,0.06191743703182695,3.3652777777777776,0,0,0,0.0,0.0
XRP,2026-02-10,1770668100,long,0.053572828359007785,0.8652777777777777,2,0,1,-0.056352212948399136,0.0
XRP,2026-02-10,1770291900,long,0.06911543747543503,5.219444444444445,1,1,0,0.03404605449432074,0.0
XRP,2026-02-11,1770285600,long,0.05108830802468023,6.29236111111111,1,1,0,-0.004722574364381796,0.0
XRP,2026-02-11,1770313500,short,0.07424190026456334,5.969444444444445,0,0,0,0.0,0.0
XRP,2026-02-11,1770451200,short,0.08690725665686738,4.375694444444444,0,0,0,0.0,0.0
XRP,2026-02-11,1770454800,long,0.08949135956034526,4.334027777777778,0,0,0,0.0,0.0
XRP,2026-02-11,1770306300,long,0.11613717323080441,6.052777777777777,0,0,0,0.0,0.0
XRP,2026-02-12,1770336900,short,0.07239650723769897,6.698611111111111,0,0,0,0.0,0.0
XRP,2026-02-12,1770452100,long,0.05390656152878748,5.365277777777778,0,0,0,0.0,0.0
XRP,2026-02-12,1770461100,short,0.0619359730791148,5.261111111111111,0,0,0,0.0,0.0
XRP,2026-02-12,1770745500,short,0.050970631135552225,1.9694444444444443,0,0,0,0.0,0.0
XRP,2026-02-15,1771001100,long,0.06411681750827047,2.011111111111111,0,0,0,0.0,1.0
XRP,2026-02-15,1770978600,long,0.051943609842072025,2.2715277777777776,0,0,0,0.0,1.0
XRP,2026-02-16,1771001100,long,0.05327444433098072,3.0111111111111115,1,1,0,-0.03372108623225075,0.0
XRP,2026-02-17,1771258500,long,0.06521524194929018,1.0319444444444446,2,0,1,-0.2732088335387822,0.0
XRP,2026-02-18,1771259400,long,0.054057354713522576,2.0215277777777776,1,1,0,-0.028685105975715924,0.0
XRP,2026-02-18,1771267500,long,0.06878561368170333,1.9277777777777778,0,0,0,0.0,0.0
XRP,2026-02-19,1771260300,long,0.07364847048133183,3.0111111111111115,1,1,0,-0.013359546387305979,0.0
XRP,2026-02-02,1769881500,long,0.1867885117658823,1.9694444444444443,1,1,0,-0.029743748490562938,0.0
XRP,2026-02-02,1769898600,short,0.05395022723636622,1.7715277777777778,1,1,0,-0.05449574868587266,0.0
XRP,2026-02-02,1770011100,long,0.19778603846467746,0.4694444444444444,2,0,1,-0.553254598213018,0.0
XRP,2026-02-02,1770038100,short,0.11438140291417787,0.15694444444444444,1,0,0,-0.020990230686202187,0.0
XRP,2026-02-02,1770013800,long,0.15410046118499543,0.43819444444444444,2,0,1,-0.10121242888286514,1.0
XRP,2026-02-21,1771446600,long,0.052777842289495114,2.8548611111111115,0,0,0,0.0,0.0
XRP,2026-02-22,1771451100,short,0.05254557198098242,3.8027777777777776,0,0,0,0.0,0.0
XRP,2026-02-23,1771363800,long,0.05738144670812706,5.813194444444444,0,0,0,0.0,0.0
XRP,2026-02-24,1771441200,short,0.056702087774847865,5.917361111111111,1,1,0,-0.0018658802991278547,0.0
XRP,2026-02-26,1772046000,short,0.05725069216280887,0.9173611111111111,1,1,0,0.004309827628701843,0.0
XRP,2026-02-27,1772027100,long,0.09279206503615933,2.136111111111111,0,0,0,0.0,0.0
XRP,2026-02-27,1772037000,short,0.0716518119531826,2.0215277777777776,0,0,0,0.0,0.0
XRP,2026-02-28,1772028900,long,0.06418913841148965,3.115277777777778,2,0,1,0.06931445269018655,0.0
XRP,2026-02-28,1772037000,short,0.08038326474736535,3.0215277777777776,1,1,0,-0.04789454191363398,0.0
XRP,2026-02-28,1772183700,long,0.08232196855942342,1.323611111111111,1,1,0,0.09971755915742686,0.0
XRP,2026-02-03,1769881500,short,0.06002933849727965,2.9694444444444446,2,0,1,-0.626756836415925,1.0
XRP,2026-02-03,1769882400,long,0.051058412849651624,2.959027777777778,0,0,0,0.0,1.0
XRP,2026-02-03,1770011100,short,0.08592515142714596,1.4694444444444446,2,0,1,-0.4875477106687961,1.0
XRP,2026-02-03,1770037200,long,0.07518270082631395,1.167361111111111,1,1,0,-0.03842737302272354,1.0
XRP,2026-02-03,1769888700,long,0.08001207298307556,2.886111111111111,1,1,0,0.08671563139469746,1.0
XRP,2026-02-03,1769888700,short,0.07398792701692458,2.886111111111111,0,0,0,0.0,1.0
XRP,2026-02-03,1770012000,short,0.06410005366494853,1.4590277777777778,1,1,0,-0.005479230118749762,1.0
XRP,2026-02-04,1769881500,short,0.05822461395685108,3.9694444444444446,2,0,1,-0.6487340638104836,1.0
XRP,2026-02-04,1770011100,short,0.09829915492125407,2.4694444444444446,1,1,0,-0.04384274844290709,1.0
XRP,2026-02-04,1770093900,long,0.10014081700462785,1.511111111111111,1,1,0,-0.031974303427584276,1.0
XRP,2026-02-04,1770139800,short,0.06864201711272594,0.9798611111111112,2,0,1,-0.3775226943315381,1.0
XRP,2026-02-04,1770203700,long,0.10669414376352937,0.24027777777777778,2,0,1,0.008048041445945231,1.0
XRP,2026-02-05,1769881500,short,0.06170881040260334,4.969444444444444,0,0,0,0.0,0.0
XRP,2026-02-05,1770011100,short,0.11792416082066026,3.469444444444444,1,1,0,-0.043589459157123034,0.0
XRP,2026-02-05,1770020100,long,0.05524701603003046,3.3652777777777776,1,1,0,-0.2579134429428,0.0
XRP,2026-02-05,1770120900,short,0.06095026248739133,2.198611111111111,2,0,1,0.7482368491571403,0.0
XRP,2026-02-05,1770209100,short,0.08281638262415891,1.1777777777777778,1,1,0,0.03065772143106693,0.0
XRP,2026-02-05,1770228000,long,0.09442187334432006,0.9590277777777778,1,1,0,0.01621969363609263,0.0
XRP,2026-02-06,1770151500,short,0.05941246761054908,2.844444444444444,1,1,0,-0.00041976580030893273,0.0
XRP,2026-02-06,1770231600,long,0.14424129156441445,1.917361111111111,1,1,0,-0.0398554365372219,0.0
XRP,2026-02-06,1770285600,short,0.05191096752020552,1.292361111111111,1,1,0,-0.014004498262696013,0.0
XRP,2026-02-06,1770165000,long,0.05225883486686422,2.688194444444444,0,0,0,0.0,0.0
XRP,2026-02-06,1770148800,long,0.058158063196106946,2.875694444444444,1,1,0,-0.022550568807899733,0.0
XRP,2026-02-07,1770150600,short,0.06560232465487292,3.854861111111111,0,0,0,0.0,0.0
XRP,2026-02-07,1770231600,long,0.1388500836068678,2.917361111111111,0,0,0,0.0,0.0
XRP,2026-02-07,1770159600,short,0.06266733591043905,3.7506944444444446,0,0,0,0.0,0.0
XRP,2026-02-08,1770149700,short,0.067189501454053,4.865277777777778,1,1,0,-0.027084820657847973,0.0
XRP,2026-02-08,1770231600,long,0.053925848910860275,3.9173611111111115,0,0,0,0.0,0.0
XRP,2026-02-08,1770244200,short,0.05805686634982299,3.771527777777778,0,0,0,0.0,0.0
XRP,2026-02-08,1770163200,short,0.08862067097289239,4.709027777777778,0,0,0,0.0,0.0
XRP,2026-02-09,1770331500,long,0.10557877705814223,3.7611111111111106,0,0,0,0.0,0.0
XRP,2026-02-09,1770336900,short,0.06022327001011385,3.698611111111111,0,0,0,0.0,0.0
XRP,2026-02-09,1770452100,short,0.0546487808505145,2.365277777777778,0,0,0,0.0,0.0
XRP,2026-02-09,1770454800,long,0.052581331135005405,2.3340277777777776,1,1,0,-0.1544230829794076,0.0
XRP,2026-03-01,1772028900,long,0.05910379785219755,4.115277777777778,1,1,0,-0.0005932874472335536,0.0
XRP,2026-03-01,1772037000,short,0.06960100348656106,4.021527777777778,1,1,0,-0.05261598438992911,0.0
XRP,2026-03-01,1772181900,long,0.07079943857434756,2.3444444444444446,2,0,1,0.03483770651554938,0.0
XRP,2026-03-10,1772622900,long,0.060673264278526595,6.198611111111111,0,0,0,0.0,0.0
XRP,2026-03-10,1772636400,short,0.05090364485471788,6.042361111111112,0,0,0,0.0,0.0
XRP,2026-03-10,1772824500,long,0.0508685997102305,3.8652777777777776,0,0,0,0.0,0.0
XRP,2026-03-11,1772820900,long,0.058866812341167085,4.906944444444445,0,0,0,0.0,0.0
XRP,2026-03-12,1773146700,short,0.05547392939534479,2.136111111111111,0,0,0,0.0,0.0
XRP,2026-03-16,1773621000,long,0.07078553778581331,0.6465277777777778,2,0,1,-0.27062041956880084,0.0
XRP,2026-03-17,1773540000,long,0.05955870211636416,2.5840277777777776,0,0,0,0.0,1.0
XRP,2026-03-17,1773560700,short,0.053436004680364246,2.3444444444444446,0,0,0,0.0,1.0
XRP,2026-03-17,1773626400,long,0.08619199827267043,1.5840277777777776,2,0,1,0.6647762181001933,1.0
XRP,2026-03-18,1773540000,long,0.05063781599449957,3.584027777777778,0,0,0,0.0,0.0
XRP,2026-03-18,1773626400,long,0.07467908153594549,2.5840277777777776,2,0,1,-0.12796274299278407,0.0
XRP,2026-03-19,1773540000,short,0.0503156256225501,4.584027777777778,0,0,0,0.0,0.0
XRP,2026-03-19,1773540900,long,0.05893429578462839,4.573611111111111,0,0,0,0.0,0.0
XRP,2026-03-19,1773626400,short,0.06744370082268214,3.584027777777778,1,0,0,0.2811053130581658,0.0
XRP,2026-03-19,1773628200,long,0.06168698758155822,3.5631944444444446,1,0,0,0.0924909125206456,0.0
XRP,2026-03-21,1773999000,long,0.05032757982961722,1.2715277777777778,2,0,1,-0.08607601287365446,0.0
XRP,2026-03-22,1773992700,long,0.10074979908147941,2.3444444444444446,1,1,0,-0.05000839635669079,0.0
XRP,2026-03-22,1773997200,short,0.06518889053540344,2.292361111111111,1,1,0,0.06929378886786591,0.0
XRP,2026-03-23,1773991800,long,0.07699324804745045,3.354861111111111,1,1,0,-0.05594388046851642,0.0
XRP,2026-03-23,1773991800,short,0.05300675195254945,3.354861111111111,0,0,0,0.0,0.0
XRP,2026-03-24,1773991800,long,0.09507851392541888,4.354861111111111,1,1,0,-0.03762661148357002,0.0
XRP,2026-03-24,1773995400,short,0.058880725017219526,4.313194444444445,0,0,0,0.0,0.0
XRP,2026-03-25,1773994500,long,0.0751907011867532,5.323611111111111,1,1,0,-0.05888764988268734,0.0
XRP,2026-03-25,1773994500,short,0.0648092988132466,5.323611111111111,0,0,0,0.0,0.0
XRP,2026-03-25,1774265400,short,0.08035119262621493,2.1881944444444446,0,0,0,0.0,0.0
XRP,2026-03-25,1774275300,long,0.06025673710497581,2.073611111111111,0,0,0,0.0,0.0
XRP,2026-03-25,1774012500,long,0.06451026453966535,5.115277777777778,0,0,0,0.0,0.0
XRP,2026-03-26,1773999900,short,0.06501560411399765,6.261111111111111,0,0,0,0.0,0.0
XRP,2026-03-26,1773999900,long,0.054984395886002124,6.261111111111111,1,1,0,-0.05618713584823871,0.0
XRP,2026-03-26,1774248300,long,0.08629770079606258,3.386111111111111,1,1,0,-0.012866668352991665,0.0
XRP,2026-03-26,1774266300,short,0.07436972914837015,3.1777777777777776,1,1,0,-0.042259147455997834,0.0
XRP,2026-03-26,1773992700,long,0.07229707470333402,6.344444444444444,1,1,0,-0.03122932784055734,0.0
XRP,2026-03-29,1774431000,long,0.07048357319980769,4.271527777777778,0,0,0,0.0,0.0
XRP,2026-03-03,1772042400,short,0.07727486573284403,5.959027777777778,1,1,0,0.004422967555558488,0.0
XRP,2026-03-03,1772042400,long,0.05272513426715597,5.959027777777778,0,0,0,0.0,0.0
XRP,2026-03-03,1772190900,long,0.06793681618577896,4.240277777777778,0,0,0,0.0,0.0
XRP,2026-03-03,1772046000,short,0.09236681527401824,5.917361111111111,0,0,0,0.0,0.0
XRP,2026-03-31,1774431000,long,0.06586301618609713,6.271527777777778,0,0,0,0.0,0.0
XRP,2026-03-04,1772484300,long,0.05307560935247935,1.8444444444444443,1,1,0,-0.007619237203109057,0.0
XRP,2026-03-04,1772190900,long,0.07017094172669247,5.240277777777777,1,1,0,0.02407314454624221,0.0
XRP,2026-03-04,1772190000,long,0.05469121190774162,5.250694444444445,2,0,1,-0.2635884988953176,0.0
XRP,2026-03-05,1772488800,long,0.057532060529591034,2.792361111111111,0,0,0,0.0,0.0
XRP,2026-03-06,1772628300,short,0.06214423473152131,2.1777777777777776,0,0,0,0.0,0.0
XRP,2026-03-06,1772640000,long,0.05417811896549085,2.042361111111111,1,1,0,-0.03195001521946527,0.0
XRP,2026-03-08,1772646300,short,0.06324644967247905,3.927777777777778,0,0,0,0.0,0.0
XRP,2026-03-09,1772621100,short,0.054911323510167365,5.219444444444445,0,0,0,0.0,0.0
XRP,2026-03-09,1772641800,long,0.050150515916623783,4.979861111111111,0,0,0,0.0,0.0
XRP,2026-05-13,1778468400,long,0.07420946997367017,2.542361111111111,0,0,0,0.0,0.0
XRP,2026-05-13,1778518800,short,0.09049725690837396,1.9590277777777776,1,1,0,-0.4579261518831423,0.0
XRP,2026-05-15,1778784300,short,0.10420826925189214,0.8861111111111111,2,0,1,0.3970564493421713,0.0
XRP,2025-12-15,1765465200,long,0.05581678987269845,4.084027777777778,0,0,0,0.0,0.0
XRP,2025-12-18,1765826100,long,0.057603406325265505,2.9069444444444446,0,0,0,0.0,0.0
XRP,2025-12-22,1766004300,long,0.0905550211450189,4.844444444444444,0,0,0,0.0,0.0
XRP,2025-12-22,1766090700,long,0.05335661737859021,3.8444444444444446,0,0,0,0.0,0.0
XRP,2025-12-22,1766108700,short,0.05099825799109714,3.6361111111111115,0,0,0,0.0,0.0
XRP,2025-12-23,1766104200,short,0.06765328033443363,4.688194444444444,0,0,0,0.0,0.0
XRP,2025-12-23,1766004300,long,0.07789233673907514,5.844444444444444,0,0,0,0.0,1.0
XRP,2026-02-01,1769896800,long,0.16460287807371077,0.7923611111111111,1,0,0,0.11343844494256934,0.0
XRP,2026-02-10,1770453000,long,0.05042766581249092,3.354861111111111,1,1,0,-0.020671884622620103,0.0
XRP,2026-02-10,1770452100,long,0.06110917674779359,3.3652777777777776,1,1,0,-0.019053796979331156,0.0
XRP,2026-02-11,1770313500,long,0.08809413687859202,5.969444444444445,0,0,0,0.0,0.0
XRP,2026-02-11,1770454800,short,0.08280797750217883,4.334027777777778,0,0,0,0.0,0.0
XRP,2026-02-11,1770460200,long,0.0549295104812344,4.271527777777778,0,0,0,0.0,0.0
XRP,2026-02-11,1770282000,long,0.10469645164413355,6.334027777777777,1,1,0,0.02590642765458563,0.0
XRP,2026-02-11,1770291900,long,0.08699032873315038,6.219444444444445,1,1,0,0.026018376664152312,0.0
XRP,2026-02-12,1770322500,short,0.06074340482544438,6.865277777777778,0,0,0,0.0,0.0
XRP,2026-02-12,1770322500,long,0.06825659517455551,6.865277777777778,1,1,0,0.004539580645018953,0.0
XRP,2026-02-02,1769881500,short,0.050559781204388976,1.9694444444444443,1,1,0,-0.047821523584204426,1.0
XRP,2026-02-02,1769881500,long,0.06944021879561113,1.9694444444444443,1,1,0,-0.07223934922302039,1.0
XRP,2026-02-02,1770012000,short,0.05160843651929414,0.45902777777777776,2,0,1,-0.35399785931966016,1.0
XRP,2026-02-02,1770034500,long,0.22472673892655592,0.1986111111111111,1,1,0,0.0802618092110302,1.0
XRP,2026-02-02,1769888700,short,0.06364156507269625,1.8861111111111113,0,0,0,0.0,1.0
XRP,2026-02-22,1771363800,long,0.05002372167877156,4.813194444444444,1,1,0,-0.01884381575677871,0.0
XRP,2026-02-26,1771575300,long,0.050981416142618974,6.365277777777777,1,1,0,-0.009637433729728938,0.0
XRP,2026-02-03,1769715000,long,0.05021430882089328,4.896527777777778,0,0,0,0.0,0.0
XRP,2026-02-03,1769881500,short,0.050863041137456655,2.9694444444444446,1,1,0,0.015129208270824784,0.0
XRP,2026-02-03,1769887800,long,0.0682685513624195,2.8965277777777776,1,1,0,-0.012364710960430084,0.0
XRP,2026-02-03,1770020100,short,0.05730285340390484,1.3652777777777778,1,1,0,-0.04038647356893452,0.0
XRP,2026-02-03,1770023700,long,0.06631673919904268,1.323611111111111,0,0,0,0.0,0.0
XRP,2026-02-03,1770119100,long,0.063367990853195,0.21944444444444444,2,0,1,-0.30747117414046116,0.0
XRP,2026-02-03,1770024600,long,0.10303011244777416,1.3131944444444443,0,0,0,0.0,0.0
XRP,2026-02-04,1769881500,long,0.06433213433748164,3.9694444444444446,1,1,0,-0.01530305085589112,0.0
XRP,2026-02-04,1769892300,short,0.06704157117195098,3.8444444444444446,1,1,0,0.028238184071749606,0.0
XRP,2026-02-04,1770020100,short,0.05187320906892168,2.365277777777778,1,1,0,-0.025794361597727543,0.0
XRP,2026-02-04,1770045300,long,0.05012550244705549,2.073611111111111,1,1,0,0.009683016850280557,0.0
XRP,2026-02-04,1770111900,short,0.07263131724246064,1.3027777777777776,1,1,0,-0.027856351900384324,0.0
XRP,2026-02-04,1770154200,long,0.08457995399394957,0.8131944444444444,1,1,0,0.017153522965690893,0.0
XRP,2026-02-04,1769732100,long,0.06226104172099456,5.698611111111111,0,0,0,0.0,0.0
XRP,2026-02-04,1770092100,short,0.11279593846377334,1.5319444444444443,1,1,0,-0.03762690262838536,0.0
XRP,2026-02-05,1769715900,short,0.05360983472302927,6.886111111111111,0,0,0,0.0,0.0
XRP,2026-02-05,1769716800,long,0.05645612618063245,6.875694444444445,0,0,0,0.0,0.0
XRP,2026-02-05,1769882400,short,0.05224296843632659,4.959027777777778,2,0,1,0.0632253857161853,0.0
XRP,2026-02-05,1770018300,short,0.11651385317637997,3.386111111111111,1,1,0,-0.010640437539269285,0.0
XRP,2026-02-05,1770039000,long,0.07102872163667784,3.146527777777778,1,1,0,-0.035228260371938755,0.0
XRP,2026-02-05,1770111900,short,0.07590772234216103,2.302777777777778,1,1,0,-0.03191061268461095,0.0
XRP,2026-02-05,1770146100,long,0.05018639998380059,1.9069444444444443,1,1,0,-0.01644809262133082,0.0
XRP,2026-02-05,1769883300,short,0.10093269733524157,4.948611111111111,1,1,0,0.012512395725575623,0.0
XRP,2026-02-05,1770022800,short,0.10497881945919552,3.3340277777777776,1,1,0,-0.07244934430171168,0.0
XRP,2026-02-05,1770129000,short,0.06515645883709636,2.104861111111111,0,0,0,0.0,0.0
XRP,2026-02-06,1770150600,long,0.06906456476577194,2.8548611111111115,1,1,0,0.0023960083336309126,0.0
XRP,2026-02-06,1770244200,long,0.07935342279324287,1.7715277777777778,1,1,0,0.10186107743404166,0.0
XRP,2026-02-06,1770149700,long,0.06732591007831745,2.8652777777777776,0,0,0,0.0,0.0
XRP,2026-02-07,1770151500,long,0.08906776446859355,3.8444444444444446,0,0,0,0.0,0.0
XRP,2026-02-07,1770160500,short,0.05483746829238367,3.740277777777778,0,0,0,0.0,0.0
XRP,2026-02-07,1770238800,long,0.06503473511584845,2.834027777777778,0,0,0,0.0,0.0
XRP,2026-02-07,1770277500,short,0.06142272385332204,2.386111111111111,1,1,0,-0.0016208871554416887,0.0
XRP,2026-02-08,1770150600,long,0.05385052411353697,4.854861111111111,0,0,0,0.0,0.0
XRP,2026-02-08,1770150600,short,0.05614947588646313,4.854861111111111,0,0,0,0.0,0.0
XRP,2026-02-08,1770237000,short,0.05123103728338674,3.854861111111111,0,0,0,0.0,0.0
XRP,2026-02-08,1770280200,long,0.05513443476556601,3.354861111111111,1,1,0,0.038376976123674626,0.0
XRP,2026-02-09,1770231600,short,0.059746554047422795,4.917361111111111,0,0,0,0.0,0.0
XRP,2026-02-09,1770242400,long,0.05339456416647104,4.792361111111111,1,1,0,0.009743358418777909,0.0
XRP,2026-02-09,1770465600,short,0.05615823913830753,2.209027777777778,0,0,0,0.0,0.0
XRP,2026-02-09,1770281100,long,0.06120176516249076,4.344444444444444,1,1,0,0.04107235531415586,0.0
XRP,2026-02-09,1770345000,short,0.05217532793694146,3.6048611111111106,0,0,0,0.0,0.0
XRP,2026-02-09,1770345900,long,0.05239298515024482,3.5944444444444446,0,0,0,0.0,0.0
XRP,2026-01-31,1769869800,long,0.0965975048336638,0.10486111111111111,2,0,1,0.19174797508928546,1.0
XRP,2026-03-01,1772183700,long,0.05328879648032292,2.323611111111111,0,0,0,0.0,0.0
XRP,2026-03-19,1773542700,long,0.05191451140706849,4.552777777777778,0,0,0,0.0,0.0
XRP,2026-03-22,1774024200,long,0.0577739128114334,1.979861111111111,0,0,0,0.0,0.0
XRP,2026-03-25,1773991800,short,0.0676132054034082,5.354861111111111,0,0,0,0.0,0.0
XRP,2026-03-25,1773992700,long,0.052290676001292,5.344444444444444,0,0,0,0.0,0.0
XRP,2026-03-26,1773991800,short,0.08214858567296113,6.354861111111112,0,0,0,0.0,0.0
XRP,2026-03-26,1773993600,long,0.05462345012854275,6.334027777777777,0,0,0,0.0,0.0
XRP,2026-03-03,1772027100,long,0.06464833213437127,6.136111111111111,0,0,0,0.0,0.0
XRP,2026-03-03,1772050500,short,0.06496171251678029,5.865277777777778,1,1,0,-0.012047897540340028,0.0
XRP,2026-03-03,1772184600,long,0.07500807275363242,4.313194444444445,1,1,0,0.032671876208436895,0.0
XRP,2026-03-03,1772042400,long,0.06942532760572151,5.959027777777778,1,1,0,0.04747330246600311,0.0
XRP,2026-03-04,1772184600,long,0.10153906168522275,5.313194444444444,0,0,0,0.0,0.0
XRP,2026-03-05,1772181900,long,0.06512442220354497,6.344444444444444,0,0,0,0.0,0.0
XRP,2026-03-09,1772651700,long,0.05438140128657398,4.865277777777778,0,0,0,0.0,0.0
XRP,2025-12-13,1765368900,long,0.08113521648830191,3.198611111111111,0,0,0,0.0,0.0
XRP,2025-12-16,1765826100,long,0.05788278396150193,0.9069444444444446,0,0,0,0.0,0.0
XRP,2025-12-17,1765819800,short,0.05609993137073355,1.979861111111111,1,1,0,-0.0135023329127333,0.0
XRP,2025-12-17,1765834200,long,0.06065505134389415,1.8131944444444443,1,1,0,-0.06479776602343226,0.0
XRP,2025-12-18,1765555200,short,0.0683466648636698,6.042361111111112,0,0,0,0.0,0.0
XRP,2025-12-18,1765786500,long,0.05309169192373919,3.3652777777777776,0,0,0,0.0,0.0
XRP,2025-12-18,1765819800,short,0.06016413090639772,2.9798611111111106,0,0,0,0.0,0.0
XRP,2025-12-18,1765998900,short,0.08183979059740265,0.9069444444444446,1,1,0,0.04884098784257365,0.0
XRP,2025-12-18,1766001600,long,0.08845486501379796,0.8756944444444444,0,0,0,0.0,0.0
XRP,2025-12-19,1766002500,short,0.09205941778608806,1.8652777777777778,0,0,0,0.0,0.0
XRP,2025-12-19,1766005200,long,0.10044935334405802,1.8340277777777778,0,0,0,0.0,0.0
XRP,2025-12-19,1766092500,long,0.06811862627000154,0.8236111111111112,1,1,0,-0.04687868271797869,0.0
XRP,2025-12-19,1766104200,short,0.0597788816852991,0.6881944444444444,2,0,1,0.18648611887036792,0.0
XRP,2025-12-19,1766091600,long,0.11783136626254764,0.8340277777777777,2,0,1,0.23315196860601003,1.0
XRP,2025-12-02,1764234900,long,0.0834862168100452,5.323611111111111,0,0,0,0.0,0.0
XRP,2025-12-20,1766003400,long,0.057620960448842684,2.8548611111111115,0,0,0,0.0,0.0
XRP,2025-12-20,1766003400,short,0.10137903955115712,2.8548611111111115,0,0,0,0.0,0.0
XRP,2025-12-20,1766089800,long,0.07622706456244632,1.854861111111111,0,0,0,0.0,0.0
XRP,2025-12-20,1766103300,short,0.0562317631169722,1.698611111111111,1,1,0,0.013860167010422891,0.0
XRP,2025-12-21,1766103300,short,0.0900220483828078,2.698611111111111,0,0,0,0.0,0.0
XRP,2025-12-21,1766181600,long,0.05351397231043009,1.792361111111111,1,0,0,-0.03969680897569115,0.0
XRP,2025-12-21,1766155500,short,0.05585458685561551,2.0944444444444446,1,1,0,0.009279039773644138,0.0
XRP,2025-12-22,1766103300,short,0.11479717626224673,3.698611111111111,0,0,0,0.0,0.0
XRP,2025-12-22,1766189700,long,0.054059578768422156,2.698611111111111,1,0,0,-0.03131095864311595,0.0
XRP,2025-12-22,1766003400,short,0.08467212243501249,4.854861111111111,0,0,0,0.0,1.0
XRP,2025-12-23,1766160900,long,0.0630064326223756,4.031944444444444,0,0,0,0.0,0.0
XRP,2025-12-23,1766142900,long,0.0525885409758482,4.240277777777778,0,0,0,0.0,1.0
XRP,2025-12-24,1766175300,short,0.053398952312931014,4.865277777777778,1,1,0,-0.018726178446449592,0.0
XRP,2025-12-24,1766193300,long,0.06072653880988854,4.656944444444444,0,0,0,0.0,0.0
XRP,2025-12-25,1766435400,long,0.10126058986663677,2.8548611111111115,0,0,0,0.0,0.0
XRP,2026-02-01,1769732100,long,0.06293502981073851,2.698611111111111,1,1,0,-0.3624417997368265,0.0
XRP,2026-02-10,1770149700,long,0.0529827319398275,6.865277777777778,1,1,0,-0.008331787666942392,0.0
XRP,2026-02-10,1770236100,long,0.05927361317578428,5.865277777777778,0,0,0,0.0,0.0
XRP,2026-02-02,1769881500,short,0.06361236170507079,1.9694444444444443,1,1,0,-0.020555032506749924,0.0
XRP,2026-02-02,1769886900,long,0.07177842195097539,1.9069444444444443,1,1,0,-0.029107605357502703,0.0
XRP,2026-02-03,1769711400,short,0.05245448761287652,4.938194444444445,1,1,0,-0.03448037821701205,0.0
XRP,2026-02-03,1769881500,long,0.05095494970347758,2.9694444444444446,2,0,1,-0.07922063603926316,0.0
XRP,2026-02-03,1769887800,short,0.06623459232799822,2.8965277777777776,1,1,0,-0.012364710960430084,0.0
XRP,2026-02-03,1770015600,long,0.13138388074059126,1.417361111111111,0,0,0,0.0,0.0
XRP,2026-02-04,1769881500,long,0.05141328530266276,3.9694444444444446,0,0,0,0.0,0.0
XRP,2026-02-04,1769887800,short,0.07828204934676453,3.896527777777778,1,1,0,0.0016139572351539233,0.0
XRP,2026-02-04,1770021900,long,0.08034839161085272,2.3444444444444446,1,1,0,-0.0546932777510002,0.0
XRP,2026-02-04,1770031800,short,0.05277244862116037,2.229861111111111,1,1,0,-0.021769011907200056,0.0
XRP,2026-02-05,1769715000,short,0.055281969767988715,6.896527777777778,0,0,0,0.0,0.0
XRP,2026-02-05,1769723100,long,0.050623302090256894,6.802777777777778,0,0,0,0.0,0.0
XRP,2026-02-05,1769890500,long,0.054163554565923366,4.865277777777778,1,1,0,0.021318043057699798,0.0
XRP,2026-02-05,1769891400,short,0.05269013420742974,4.854861111111111,1,1,0,0.03782957445604998,0.0
XRP,2026-02-05,1770020100,long,0.058242491451893086,3.3652777777777776,2,0,1,0.27916447410437417,0.0
XRP,2026-02-05,1770023700,short,0.05229997593359137,3.3236111111111115,2,0,1,-0.17580064546365132,0.0
XRP,2026-02-05,1770123600,long,0.052904949410996105,2.167361111111111,1,1,0,0.04195597056421045,0.0
XRP,2026-02-06,1770152400,short,0.05747187870865922,2.834027777777778,0,0,0,0.0,0.0
XRP,2026-02-06,1770161400,long,0.07350023322470323,2.729861111111111,0,0,0,0.0,0.0
XRP,2026-02-07,1770150600,short,0.05364318921489164,3.854861111111111,0,0,0,0.0,0.0
XRP,2026-02-07,1770156000,long,0.052608010485935885,3.7923611111111115,0,0,0,0.0,0.0
XRP,2026-02-08,1770150600,short,0.06611175680915748,4.854861111111111,0,0,0,0.0,0.0
XRP,2026-02-08,1770162300,long,0.06737622831981516,4.719444444444444,0,0,0,0.0,0.0
XRP,2026-02-09,1770148800,long,0.053412473401313276,5.875694444444444,1,1,0,0.019912762670617725,0.0
XRP,2026-02-09,1770150600,short,0.06076536394073995,5.854861111111111,0,0,0,0.0,0.0
XRP,2026-02-09,1770338700,short,0.05007185965156469,3.6777777777777776,0,0,0,0.0,0.0
XRP,2026-01-26,1769191200,long,0.05547916301189315,2.959027777777778,1,0,0,-0.06041826167496877,0.0
XRP,2026-01-26,1769190300,long,0.11221790956198507,2.9694444444444446,0,0,0,0.0,0.0
XRP,2026-01-29,1769130000,long,0.07233025181511454,6.667361111111112,0,0,0,0.0,0.0
XRP,2026-01-29,1769149800,short,0.0500818241751827,6.438194444444444,0,0,0,0.0,0.0
XRP,2026-01-30,1769709600,long,0.05544719498464756,0.9590277777777778,1,1,0,-0.022434590407375984,1.0
XRP,2026-01-30,1769711400,short,0.09382680291305695,0.9381944444444443,2,0,1,-0.32914899352164884,1.0
XRP,2026-01-30,1769705100,long,0.07321188147169488,1.011111111111111,2,0,1,0.15357036998897639,1.0
XRP,2026-01-31,1769710500,long,0.10222678268782581,1.948611111111111,1,1,0,-0.008911803326425377,0.0
XRP,2026-01-31,1769712300,short,0.05917796435768008,1.9277777777777778,1,1,0,-0.03892170917104865,0.0
XRP,2026-01-31,1769717700,short,0.06344637029943107,1.8652777777777778,1,1,0,-0.013118560140778633,0.0
XRP,2026-01-05,1767350700,long,0.051865794307065505,3.261111111111111,0,0,0,0.0,0.0
XRP,2026-01-06,1767366000,long,0.06177099806659769,4.084027777777778,1,1,0,0.05262302677046024,0.0
XRP,2026-01-07,1767356100,long,0.057947021660477604,5.198611111111111,1,1,0,-0.023924960489733166,0.0
XRP,2026-01-08,1767366900,short,0.05447811182313733,6.073611111111111,0,0,0,0.0,0.0
XRP,2026-03-03,1772028900,long,0.05054070163934932,6.115277777777778,1,1,0,-0.019023293585583113,0.0
XRP,2026-03-03,1772032500,short,0.051893621375489474,6.073611111111111,0,0,0,0.0,0.0
XRP,2026-03-05,1772190000,long,0.10895201962361967,6.250694444444445,1,1,0,-0.015769321369895173,0.0
XRP,2025-12-10,1765182600,long,0.05960851023957314,2.354861111111111,0,0,0,0.0,0.0
XRP,2025-12-11,1765297800,long,0.051688194511025576,2.0215277777777776,1,1,0,-0.02624251379657777,0.0
XRP,2025-12-11,1765298700,long,0.06243398654902532,2.011111111111111,0,0,0,0.0,1.0
XRP,2025-12-12,1765369800,long,0.050639614814167455,2.1881944444444446,0,0,0,0.0,0.0
XRP,2025-12-15,1765563300,long,0.05435702176844304,2.948611111111111,1,1,0,-0.10794961444962727,0.0
XRP,2025-12-16,1765465200,short,0.07428736977426964,5.084027777777777,0,0,0,0.0,0.0
XRP,2025-12-16,1765818900,short,0.08774359174142987,0.9902777777777777,1,1,0,-0.034337148992676716,0.0
XRP,2025-12-16,1765825200,long,0.050920647871080194,0.9173611111111111,1,1,0,0.040614544584616455,0.0
XRP,2025-12-16,1765806300,long,0.07829769139026488,1.136111111111111,1,1,0,-0.04991560914215501,1.0
XRP,2025-12-17,1765780200,long,0.056662024535869104,2.4381944444444446,0,0,0,0.0,1.0
XRP,2025-12-17,1765819800,short,0.0744607314162472,1.979861111111111,1,1,0,-0.03850979688481818,1.0
XRP,2025-12-17,1765872000,long,0.05113086855448157,1.3756944444444446,1,1,0,-0.00980511608509102,1.0
XRP,2025-12-17,1765907100,short,0.06338036622328003,0.9694444444444444,1,1,0,0.08397824652576541,1.0
XRP,2025-12-17,1765553400,short,0.06484743460842013,5.063194444444445,0,0,0,0.0,1.0
XRP,2025-12-18,1765798200,long,0.05457064203659723,3.229861111111111,0,0,0,0.0,0.0
XRP,2025-12-18,1765819800,short,0.05054051931156578,2.9798611111111106,1,1,0,-0.02652492154639037,0.0
XRP,2025-12-18,1765986300,short,0.06325759113775642,1.0527777777777778,1,1,0,-0.05759738429340355,0.0
XRP,2025-12-18,1765989900,long,0.0592915435399457,1.011111111111111,1,1,0,-0.022984722423019716,0.0
XRP,2025-12-18,1765550700,short,0.052447538195241394,6.094444444444444,0,0,0,0.0,1.0
XRP,2025-12-18,1765557900,long,0.050691974625296066,6.011111111111112,0,0,0,0.0,1.0
XRP,2025-12-18,1765822500,short,0.08678110415658297,2.948611111111111,1,1,0,-0.03263632474280934,1.0
XRP,2025-12-18,1766003400,long,0.11918543622938427,0.8548611111111112,0,0,0,0.0,1.0
XRP,2025-12-19,1766088900,long,0.10293063939833247,0.8652777777777777,1,1,0,0.0029113343093295635,1.0
XRP,2025-12-19,1766152800,long,0.07196213208481317,0.12569444444444444,0,0,0,0.0,1.0
XRP,2025-12-20,1766103300,short,0.0606473682498877,1.698611111111111,2,0,1,0.5739733321037026,0.0
XRP,2025-12-20,1766160900,short,0.05271258582463559,1.0319444444444446,1,1,0,-0.006978971408297285,1.0
XRP,2025-12-21,1766180700,short,0.06307029858663149,1.8027777777777778,1,0,0,-0.05676761569215763,0.0
XRP,2025-12-21,1766184300,long,0.05052828927543129,1.761111111111111,0,0,0,0.0,0.0
XRP,2025-12-22,1766107800,long,0.058214013389019215,3.6465277777777776,1,1,0,-0.0700738387712336,1.0
XRP,2025-12-23,1766434500,long,0.06304469436921023,0.8652777777777777,1,1,0,0.03318010143547697,1.0
XRP,2025-12-23,1766159100,short,0.05775050600667697,4.052777777777778,0,0,0,0.0,1.0
XRP,2025-12-23,1766435400,long,0.09484769755689149,0.8548611111111112,0,0,0,0.0,1.0
XRP,2025-12-24,1766436300,short,0.06217403464484483,1.8444444444444443,0,0,0,0.0,1.0
XRP,2025-12-24,1766436300,long,0.08782596535515519,1.8444444444444443,0,0,0,0.0,1.0
XRP,2025-12-24,1766529900,short,0.05400766662920725,0.7611111111111111,2,0,1,-0.273282927762755,1.0
XRP,2025-12-24,1766435400,long,0.06586421941117826,1.854861111111111,1,1,0,0.06616396924510051,1.0
XRP,2025-12-24,1766435400,short,0.054135780588821625,1.854861111111111,1,1,0,-0.04874996924510056,1.0
XRP,2025-12-25,1766434500,short,0.08078580867707097,2.8652777777777776,0,0,0,0.0,1.0
XRP,2025-12-25,1766492100,long,0.0578012192902968,2.198611111111111,0,0,0,0.0,1.0
XRP,2025-12-25,1766173500,short,0.0511338084382692,5.886111111111111,1,1,0,-0.0333160496931546,1.0
XRP,2025-12-31,1767115800,long,0.07797166302530867,0.9798611111111112,1,0,0,0.11627822419903389,1.0
XRP,2025-12-09,1765089000,short,0.054378829393381733,2.4381944444444446,1,1,0,-0.04030338499598583,0.0
XRP,2026-02-10,1770152400,long,0.05533439168947529,6.834027777777778,0,0,0,0.0,0.0
XRP,2026-02-10,1770276600,long,0.05064238702518997,5.396527777777777,0,0,0,0.0,0.0
XRP,2026-02-02,1769884200,short,0.0755879037261804,1.9381944444444446,1,1,0,-0.012355879248684651,0.0
XRP,2026-02-02,1769897700,short,0.050717993458959665,1.7819444444444446,2,0,1,0.1131840569497939,0.0
XRP,2026-02-03,1769711400,long,0.07091435588057649,4.938194444444445,0,0,0,0.0,0.0
XRP,2026-02-04,1769711400,long,0.059482640403460074,5.938194444444445,0,0,0,0.0,0.0
XRP,2026-02-04,1769883300,long,0.05318602624160229,3.9486111111111115,0,0,0,0.0,0.0
XRP,2026-02-05,1769713200,long,0.07559048909852262,6.91736111111111,0,0,0,0.0,0.0
XRP,2026-02-05,1769722200,short,0.06174929550658248,6.813194444444444,0,0,0,0.0,0.0
XRP,2026-02-05,1769887800,long,0.07348497151344735,4.896527777777778,0,0,0,0.0,0.0
XRP,2026-02-05,1770025500,long,0.059836637732351705,3.302777777777778,1,1,0,0.006984998165328732,0.0
XRP,2026-01-01,1767218400,short,0.05078988490855901,0.7923611111111111,1,0,0,-0.006764345319164339,1.0
XRP,2026-01-20,1768785300,long,0.06209652847549729,1.6569444444444443,1,1,0,-0.028248098884642893,0.0
XRP,2026-01-20,1768788900,short,0.05966602614238603,1.6152777777777778,1,1,0,0.014225832703112146,0.0
XRP,2026-01-21,1768785300,short,0.05301003163798579,2.6569444444444446,1,1,0,-0.003809657496966136,1.0
XRP,2026-01-21,1768841100,long,0.059834548760959505,2.011111111111111,1,0,0,0.7041728812949556,1.0
XRP,2026-01-22,1768788900,short,0.08275142876187691,3.615277777777778,1,1,0,-0.0028914903218676194,0.0
XRP,2026-01-24,1769130900,long,0.06085114516672818,1.6569444444444443,1,1,0,-0.0075792216322475275,0.0
XRP,2026-01-24,1769149800,short,0.056295077775960434,1.4381944444444443,1,1,0,-0.006075964240440063,0.0
XRP,2026-01-25,1769144400,short,0.053862607412152985,2.5006944444444446,0,0,0,0.0,1.0
XRP,2026-01-26,1769133600,long,0.0500304841138437,3.625694444444444,0,0,0,0.0,0.0
XRP,2026-01-26,1769143500,short,0.06486269648117948,3.511111111111111,1,1,0,-0.010186934442779301,0.0
XRP,2026-01-28,1769133600,short,0.05202217990029734,5.625694444444444,1,1,0,-0.022435249167289544,1.0
XRP,2026-01-29,1769132700,short,0.05233616670498553,6.636111111111112,0,0,0,0.0,1.0
XRP,2026-01-29,1769190300,long,0.0615310225127319,5.969444444444445,1,1,0,-0.1687338487027453,1.0
XRP,2026-01-03,1767346200,short,0.06937877782827295,1.3131944444444443,1,1,0,0.011162643404318662,0.0
XRP,2026-01-03,1767348900,long,0.06305783530645837,1.2819444444444443,0,0,0,0.0,0.0
XRP,2026-01-30,1769704200,long,0.060753491860829234,1.0215277777777778,2,0,1,-0.2290634755786845,0.0
XRP,2026-01-31,1769710500,short,0.10171292400221854,1.948611111111111,1,1,0,-0.04210669428270504,0.0
XRP,2026-01-31,1769712300,long,0.07872559589122696,1.9277777777777778,1,1,0,-0.03892170917104865,0.0
XRP,2026-01-04,1767346200,short,0.09454229415009618,2.3131944444444446,1,1,0,0.004437461487088311,0.0
XRP,2026-01-04,1767357000,long,0.06192005156307934,2.1881944444444446,1,1,0,-0.04724697447413098,0.0
XRP,2026-01-05,1767347100,short,0.05891550817458602,3.302777777777778,1,1,0,-0.01555500376654697,0.0
XRP,2026-01-05,1767348900,long,0.06646678239749604,3.2819444444444446,0,0,0,0.0,0.0
XRP,2026-01-06,1767348900,long,0.0518820359241845,4.281944444444445,0,0,0,0.0,0.0
XRP,2026-01-06,1767362400,short,0.05071033791641466,4.125694444444445,1,1,0,0.10151365881212629,0.0
XRP,2026-01-07,1767372300,short,0.056069918060303814,5.011111111111111,0,0,0,0.0,0.0
XRP,2025-11-21,1763658900,short,0.0699371620224235,0.9902777777777777,1,1,0,-0.024074074726413024,0.0
XRP,2025-11-23,1763658900,long,0.051165237307459366,2.990277777777778,0,0,0,0.0,0.0
XRP,2025-11-23,1763669700,short,0.05769020722256046,2.8652777777777776,0,0,0,0.0,0.0
XRP,2025-12-10,1765297800,long,0.05740037611038673,1.0215277777777778,1,1,0,-0.023291680087971493,0.0
XRP,2025-12-10,1765182600,long,0.05877055053751379,2.354861111111111,0,0,0,0.0,1.0
XRP,2025-12-10,1765195200,short,0.053215272190657525,2.209027777777778,0,0,0,0.0,1.0
XRP,2025-12-11,1765195200,short,0.05245425479288035,3.2090277777777776,0,0,0,0.0,1.0
XRP,2025-12-11,1765309500,long,0.057934872488220934,1.8861111111111113,0,0,0,0.0,1.0
XRP,2025-12-11,1765415700,short,0.058868112531254124,0.6569444444444444,2,0,1,-0.4897117968081843,1.0
XRP,2025-12-13,1765361700,short,0.05115767920353265,3.2819444444444446,0,0,0,0.0,0.0
XRP,2025-12-13,1765368900,long,0.08974380148587358,3.198611111111111,0,0,0,0.0,0.0
XRP,2025-12-13,1765465200,short,0.05152714868660113,2.084027777777778,1,1,0,-0.03136237621700713,0.0
XRP,2025-12-13,1765548900,long,0.07347371902184352,1.1152777777777778,1,1,0,0.006231888537484864,0.0
XRP,2025-12-13,1765553400,short,0.06493141996269125,1.0631944444444446,1,1,0,0.011288187840183324,0.0
XRP,2025-12-15,1765548900,short,0.05761313522360889,3.115277777777778,1,1,0,-0.030343956232173258,1.0
XRP,2025-12-15,1765782900,long,0.05370808362495105,0.40694444444444444,1,1,0,0.004210237606098923,1.0
XRP,2025-12-16,1765780200,short,0.050639716928867706,1.4381944444444443,1,1,0,-0.03155387786125622,1.0
XRP,2025-12-16,1765804500,long,0.05788177297706798,1.1569444444444443,1,1,0,-0.08930810904697614,1.0
XRP,2025-12-16,1765465200,short,0.06055516393991961,5.084027777777777,0,0,0,0.0,1.0
XRP,2025-12-16,1765785600,short,0.09955738870901804,1.3756944444444446,1,1,0,-0.027182438468349147,1.0
XRP,2025-12-17,1765780200,short,0.07601490565186741,2.4381944444444446,0,0,0,0.0,0.0
XRP,2025-12-17,1765819800,long,0.08057480130397177,1.979861111111111,1,1,0,-0.03850979688481818,0.0
XRP,2025-12-17,1765905300,short,0.06533990733216,0.9902777777777777,2,0,1,0.5403711563954515,0.0
XRP,2025-12-17,1765908000,long,0.07617637244413311,0.9590277777777778,0,0,0,0.0,0.0
XRP,2025-12-17,1765785600,short,0.127914362987392,2.3756944444444446,1,1,0,-0.008993676500929231,0.0
XRP,2025-12-18,1765780200,short,0.07490857984568478,3.4381944444444446,0,0,0,0.0,1.0
XRP,2025-12-18,1765819800,long,0.06005552169731243,2.9798611111111106,1,1,0,-0.02652492154639037,1.0
XRP,2025-12-18,1765872000,short,0.0638137815906542,2.3756944444444446,1,1,0,-0.03364611333545714,1.0
XRP,2025-12-18,1765984500,short,0.06099575511715516,1.073611111111111,1,1,0,0.2613967586572486,1.0
XRP,2025-12-18,1765988100,long,0.06442671782549048,1.0319444444444446,1,1,0,-0.022676231962723226,1.0
XRP,2025-12-18,1765836000,short,0.07088268549544008,2.792361111111111,1,1,0,-0.057695678581605285,1.0
XRP,2025-12-19,1766091600,short,0.05267500051730434,0.8340277777777777,2,0,1,0.24847681090579862,0.0
XRP,2025-12-20,1766136600,long,0.052408805688608284,1.3131944444444443,0,0,0,0.0,1.0
XRP,2025-12-21,1766104200,long,0.06536558845536922,2.688194444444444,1,1,0,-0.0014289802305182675,1.0
XRP,2025-12-21,1766143800,short,0.053333000857506474,2.229861111111111,1,1,0,-0.02206638265467728,1.0
XRP,2025-12-22,1766173500,short,0.06489932019478661,2.886111111111111,0,0,0,0.0,1.0
XRP,2025-12-23,1766434500,long,0.06658534228796609,0.8652777777777777,0,0,0,0.0,0.0
XRP,2025-12-23,1766434500,short,0.06341465771203375,0.8652777777777777,1,1,0,-0.0528359241048997,0.0
XRP,2025-12-24,1766434500,short,0.08478084860432344,1.8652777777777778,1,1,0,-0.02814925260904365,0.0
XRP,2025-12-24,1766434500,long,0.06521915139567658,1.8652777777777778,1,1,0,0.06556325260904361,0.0
XRP,2025-12-08,1765086300,long,0.05523331783814722,1.4694444444444446,0,0,0,0.0,0.0
XRP,2025-12-08,1765093500,short,0.05189010447922904,1.386111111111111,0,0,0,0.0,0.0
XRP,2025-12-08,1765095300,short,0.1423635012100334,1.3652777777777778,0,0,0,0.0,1.0
XRP,2025-12-09,1765182600,long,0.06757084783846978,1.3548611111111113,0,0,0,0.0,0.0
XRP,2026-02-01,1769711400,short,0.058600417457178144,2.9381944444444446,0,0,0,0.0,0.0
XRP,2026-02-01,1769732100,short,0.06062803154529517,2.698611111111111,1,1,0,0.1072286777159006,0.0
XRP,2026-02-02,1769732100,short,0.06343035232024041,3.698611111111111,1,1,0,0.2283168584038287,0.0
XRP,2026-02-03,1769712300,short,0.054819539563275566,4.927777777777777,0,0,0,0.0,0.0
XRP,2026-02-04,1769713200,short,0.05027505912565644,5.917361111111111,0,0,0,0.0,0.0
XRP,2026-02-05,1769713200,short,0.08507904246969356,6.91736111111111,0,0,0,0.0,0.0
XRP,2026-02-05,1769722200,long,0.07223836668810324,6.813194444444444,0,0,0,0.0,0.0
XRP,2026-01-12,1767768300,long,0.05895004380935065,5.427777777777778,0,0,0,0.0,1.0
XRP,2026-01-13,1768229100,short,0.09005932622619417,1.0944444444444443,0,0,0,0.0,0.0
XRP,2026-01-13,1768250700,long,0.10147712282268895,0.8444444444444444,0,0,0,0.0,0.0
XRP,2026-01-13,1767801600,long,0.08511879919975462,6.042361111111112,0,0,0,0.0,1.0
XRP,2026-01-13,1767802500,short,0.051840170865042556,6.031944444444444,0,0,0,0.0,1.0
XRP,2026-01-14,1768263300,long,0.07342418792859773,1.698611111111111,1,1,0,0.014851845422756305,0.0
XRP,2026-01-14,1768216500,short,0.06962983273558876,2.2402777777777776,1,1,0,0.039193883234717286,0.0
XRP,2026-01-14,1768255200,long,0.06750907656896166,1.792361111111111,0,0,0,0.0,0.0
XRP,2026-01-15,1768185000,short,0.06309138547405807,3.6048611111111106,1,1,0,-0.022821601725337204,1.0
XRP,2026-01-18,1768377600,long,0.08568694726241155,4.375694444444444,0,0,0,0.0,1.0
XRP,2026-01-19,1768785300,short,0.08602563765824911,0.6569444444444444,1,1,0,-0.020358797355228823,0.0
XRP,2026-01-20,1768785300,short,0.06129334254408747,1.6569444444444443,1,1,0,-0.028248098884642893,1.0
XRP,2026-01-20,1768841100,long,0.10040458806867725,1.011111111111111,1,0,0,0.00841469137370221,1.0
XRP,2026-01-21,1768662000,long,0.05867796743871079,4.084027777777778,0,0,0,0.0,0.0
XRP,2026-01-21,1768785300,short,0.07273421018488846,2.6569444444444446,1,1,0,-0.021490090799454714,0.0
XRP,2026-01-21,1768841100,long,0.057004318599471526,2.011111111111111,1,0,0,-0.6641728812949557,0.0
XRP,2026-01-22,1768665600,long,0.05476559903743272,5.042361111111111,0,0,0,0.0,1.0
XRP,2026-01-23,1769130900,short,0.05433374817007225,0.6569444444444444,2,0,1,-0.24956233386313487,1.0
XRP,2026-01-24,1769130900,short,0.07879244892828774,1.6569444444444443,1,1,0,-0.05203235918174495,1.0
XRP,2026-01-25,1769130000,short,0.08672952949647117,2.667361111111111,0,0,0,0.0,0.0
XRP,2026-01-26,1769130000,short,0.06513743862122578,3.667361111111111,0,0,0,0.0,1.0
XRP,2026-01-26,1769146200,long,0.052272081405089654,3.4798611111111115,0,0,0,0.0,1.0
XRP,2026-01-27,1769130900,short,0.06768623032946841,4.656944444444444,0,0,0,0.0,1.0
XRP,2026-01-27,1769143500,long,0.054696377239760396,4.511111111111111,1,1,0,-0.033387291930866675,1.0
XRP,2026-01-29,1769130900,short,0.06354831289260743,6.656944444444444,0,0,0,0.0,0.0
XRP,2026-01-29,1769161500,long,0.06693216031722149,6.302777777777777,0,0,0,0.0,0.0
XRP,2026-01-03,1767349800,short,0.06569066570012372,1.2715277777777778,1,1,0,-0.028905853512218055,0.0
XRP,2026-01-03,1767361500,long,0.06562795290462087,1.136111111111111,2,0,1,-0.9857611879681973,0.0
XRP,2026-01-04,1767348000,short,0.0747826719071204,2.292361111111111,2,0,1,0.8262867936088606,0.0
XRP,2026-01-04,1767362400,long,0.051801341441777726,2.1256944444444446,1,1,0,-0.22845587967627323,0.0
XRP,2026-01-05,1767346200,short,0.06854683925222749,3.313194444444444,1,1,0,-0.03387348325761261,0.0
XRP,2026-01-05,1767363300,long,0.07047917811464921,3.115277777777778,1,1,0,-0.11967231608880288,0.0
XRP,2026-01-05,1767485700,long,0.08920998671170177,1.698611111111111,0,0,0,0.0,0.0
XRP,2026-01-05,1767394800,short,0.09038465314840205,2.7506944444444446,0,0,0,0.0,0.0
XRP,2026-01-06,1767346200,short,0.07325935219439139,4.313194444444445,1,1,0,-0.0028895561090005184,0.0
XRP,2026-01-06,1767363300,long,0.059741453420318,4.115277777777778,1,1,0,-0.0762893503796439,0.0
XRP,2026-01-06,1767485700,long,0.09796148222641321,2.698611111111111,0,0,0,0.0,0.0
XRP,2026-01-06,1767488400,short,0.07515628454773904,2.667361111111111,1,1,0,0.006808592013550444,0.0
XRP,2026-01-07,1767366000,short,0.05176148329283259,5.084027777777777,0,0,0,0.0,0.0
XRP,2026-01-07,1767366900,long,0.050183244131579485,5.073611111111111,0,0,0,0.0,0.0
XRP,2026-01-07,1767486600,long,0.10463581406583167,3.6881944444444446,0,0,0,0.0,0.0
XRP,2026-01-07,1767488400,long,0.06545493911693923,3.667361111111111,0,0,0,0.0,1.0
XRP,2026-01-07,1767488400,short,0.05954506088306058,3.667361111111111,1,1,0,-0.0015224278230236282,1.0
XRP,2026-01-08,1767485700,long,0.06016760143767752,4.698611111111111,0,0,0,0.0,0.0
XRP,2026-01-08,1767627000,long,0.05642425106511606,3.0631944444444446,1,1,0,0.11010801869610327,0.0
XRP,2026-01-08,1767625200,long,0.10614402806443213,3.0840277777777776,2,0,1,-0.29756935224202985,0.0
XRP,2026-01-08,1767490200,short,0.05834173732182568,4.646527777777778,1,1,0,-0.016380065779380414,1.0
XRP,2026-01-08,1767488400,long,0.0755872365700756,4.667361111111111,0,0,0,0.0,1.0
XRP,2026-01-08,1767488400,short,0.057412763429924435,4.667361111111111,1,1,0,-0.00308841345276354,1.0
XRP,2026-01-09,1767877200,short,0.06696356758333344,1.167361111111111,1,1,0,0.028911990084687828,0.0
XRP,2026-01-09,1767883500,short,0.0521090772333202,1.0944444444444443,1,1,0,0.02828151924701386,0.0
XRP,2025-11-20,1763356500,short,0.05159276062607776,3.4902777777777776,0,0,0,0.0,0.0
XRP,2025-11-20,1763568000,long,0.05705568627779667,1.042361111111111,0,0,0,0.0,0.0
XRP,2025-11-20,1763577900,short,0.10997378556514681,0.9277777777777778,2,0,1,0.39192877245920915,0.0
XRP,2025-11-21,1763562600,long,0.10884917063998789,2.104861111111111,0,0,0,0.0,1.0
XRP,2025-11-22,1763658900,long,0.09539088818703689,1.9902777777777778,0,0,0,0.0,1.0
XRP,2025-11-22,1763661600,short,0.07181029823905449,1.9590277777777776,0,0,0,0.0,1.0
XRP,2025-11-23,1763658900,short,0.06668638123328141,2.990277777777778,0,0,0,0.0,0.0
XRP,2025-11-23,1763665200,short,0.08023360994257595,2.917361111111111,1,1,0,-0.01408584118167587,1.0
XRP,2025-12-10,1765292400,short,0.0714383781408705,1.0840277777777778,1,1,0,0.0637135442584831,1.0
XRP,2025-12-10,1765304100,long,0.05727324068335671,0.9486111111111111,1,1,0,0.060420413774561504,1.0
XRP,2025-12-11,1765342800,long,0.051389862574649614,1.5006944444444446,0,0,0,0.0,0.0
XRP,2025-12-11,1765384200,short,0.08457717119906005,1.0215277777777778,2,0,1,0.5606588256433118,0.0
XRP,2025-12-11,1765399500,short,0.0684829540581669,0.8444444444444444,1,1,0,0.05066631258479605,0.0
XRP,2025-12-12,1765466100,long,0.05661812709418945,1.073611111111111,1,1,0,0.14108495004637062,0.0
XRP,2025-12-13,1765465200,short,0.05510190362165279,2.084027777777778,1,1,0,-0.09970427022747982,1.0
XRP,2025-12-13,1765551600,short,0.12158005289003115,1.0840277777777778,1,1,0,-0.01506081759193599,1.0
XRP,2025-12-13,1765552500,long,0.07684350658140171,1.073611111111111,1,1,0,0.004400570043441826,1.0
XRP,2025-12-15,1765548000,short,0.09592843188593925,3.1256944444444446,0,0,0,0.0,0.0
XRP,2025-12-15,1765763100,long,0.05357683001501701,0.6361111111111112,0,0,0,0.0,0.0
XRP,2025-12-16,1765780200,short,0.07387318065888282,1.4381944444444443,1,1,0,-0.029813885345818636,0.0
XRP,2025-12-16,1765800000,long,0.05137186621000889,1.2090277777777778,1,1,0,0.07611724834458755,0.0
XRP,2025-12-17,1765780200,short,0.07384870669202359,2.4381944444444446,0,0,0,0.0,0.0
XRP,2025-12-17,1765791900,long,0.0512296220405164,2.302777777777778,1,1,0,-0.027700890936406486,0.0
XRP,2025-12-18,1765555200,long,0.07286673879714911,6.042361111111112,0,0,0,0.0,0.0
XRP,2025-12-23,1766135700,short,0.059186816485201965,4.323611111111111,0,0,0,0.0,0.0
XRP,2025-12-05,1764848700,long,0.10249056524053257,1.2194444444444446,1,1,0,0.032350364718181306,1.0
XRP,2025-12-05,1764876600,short,0.05674595958630779,0.8965277777777778,1,0,0,-0.2754851948323552,1.0
XRP,2025-12-07,1765080000,short,0.11662446025016976,0.5423611111111111,2,0,1,-0.2159645075173107,1.0
XRP,2025-12-08,1765085400,short,0.0761262142579997,1.479861111111111,0,0,0,0.0,1.0
XRP,2025-12-08,1765182600,short,0.06329565865510778,0.3548611111111111,2,0,1,-0.32637972110175734,1.0
XRP,2025-12-08,1765185300,long,0.062066076506966494,0.3236111111111111,0,0,0,0.0,1.0
XRP,2025-12-09,1765182600,short,0.05054876928119301,1.3548611111111113,0,0,0,0.0,0.0
XRP,2025-12-09,1765190700,long,0.0523130736303401,1.261111111111111,0,0,0,0.0,0.0
XRP,2025-12-09,1765293300,long,0.12895996310036884,0.07361111111111111,1,0,0,-0.03902613398943555,0.0
XRP,2026-02-05,1769722200,long,0.05444165802192913,6.813194444444444,0,0,0,0.0,0.0
XRP,2026-01-10,1767803400,short,0.05437430882698813,3.0215277777777776,0,0,0,0.0,1.0
XRP,2026-01-11,1767802500,long,0.09589870256990629,4.031944444444444,0,0,0,0.0,1.0
XRP,2026-01-12,1768163400,short,0.1757884688112838,0.8548611111111112,0,0,0,0.0,1.0
XRP,2026-01-12,1768151700,short,0.07533491194026301,0.9902777777777777,1,1,0,-0.091497956722107,1.0
XRP,2026-01-13,1768152600,long,0.05174128828132307,1.979861111111111,0,0,0,0.0,0.0
XRP,2026-01-13,1768165200,short,0.07529370229348009,1.8340277777777778,2,0,1,0.45669867764243477,0.0
XRP,2026-01-13,1768239000,long,0.10586602495371289,0.9798611111111112,0,0,0,0.0,0.0
XRP,2026-01-13,1768251600,short,0.07523373668173805,0.8340277777777777,1,1,0,-0.03484380916549179,0.0
XRP,2026-01-13,1768208400,short,0.052076825112319064,1.3340277777777778,1,1,0,-0.01158255892893843,1.0
XRP,2026-01-14,1768262400,long,0.05475410765296007,1.7090277777777778,0,0,0,0.0,0.0
XRP,2026-01-14,1768264200,short,0.0777973651178443,1.6881944444444443,2,0,1,0.43068316037624055,0.0
XRP,2026-01-14,1768263300,short,0.07349325885206776,1.698611111111111,2,0,1,0.023844615485539455,1.0
XRP,2026-01-15,1768270500,short,0.05020101336680782,2.615277777777778,1,1,0,-0.04270848745801986,1.0
XRP,2026-01-15,1768323600,long,0.054365698206593205,2.000694444444444,0,0,0,0.0,1.0
XRP,2026-01-15,1768377600,short,0.05286449286194095,1.3756944444444446,0,0,0,0.0,1.0
XRP,2026-01-15,1768348800,short,0.05707837225552265,1.7090277777777778,0,0,0,0.0,1.0
XRP,2026-01-17,1768369500,long,0.08222988959127742,3.469444444444444,0,0,0,0.0,1.0
XRP,2026-01-18,1768661100,short,0.132269874889676,1.0944444444444443,0,0,0,0.0,1.0
XRP,2026-01-19,1768661100,short,0.12547525857832292,2.0944444444444446,1,1,0,0.29465361365281323,1.0
XRP,2026-01-19,1768377600,short,0.07682670297257355,5.375694444444445,0,0,0,0.0,1.0
XRP,2026-01-19,1768377600,long,0.08317329702742637,5.375694444444445,0,0,0,0.0,1.0
XRP,2026-01-20,1768838400,long,0.05088179360879108,1.042361111111111,1,0,0,-0.03120698978822664,0.0
XRP,2026-01-20,1768840200,short,0.06327728326300464,1.0215277777777778,2,0,1,0.09443323234246503,0.0
XRP,2026-01-20,1768671000,short,0.06841473072650867,2.9798611111111106,0,0,0,0.0,0.0
XRP,2026-01-21,1768841100,short,0.07636607744950508,2.011111111111111,0,0,0,0.0,0.0
XRP,2026-01-21,1768789800,long,0.06810687671839832,2.604861111111111,0,0,0,0.0,0.0
XRP,2026-01-26,1769130000,long,0.05237329176146277,3.667361111111111,0,0,0,0.0,0.0
XRP,2026-01-27,1769191200,long,0.09033753736867545,3.9590277777777776,1,0,0,-0.16212805591910967,0.0
XRP,2026-01-28,1769137200,long,0.05026408537917515,5.584027777777778,0,0,0,0.0,0.0
XRP,2026-01-29,1769138100,long,0.05175215964812985,6.573611111111111,0,0,0,0.0,0.0
XRP,2026-01-29,1769162400,short,0.051280166601594845,6.29236111111111,0,0,0,0.0,0.0
XRP,2026-01-03,1767393900,short,0.06356728219771768,0.7611111111111111,2,0,1,-0.41722757924958176,1.0
XRP,2026-01-05,1767373200,short,0.05532428836425929,3.000694444444444,1,1,0,0.009906170269558728,0.0
XRP,2026-01-05,1767485700,short,0.14007468483033347,1.698611111111111,0,0,0,0.0,0.0
XRP,2026-01-05,1767501900,long,0.058635151736001756,1.511111111111111,0,0,0,0.0,0.0
XRP,2026-01-05,1767488400,short,0.054866555314073695,1.667361111111111,0,0,0,0.0,1.0
XRP,2026-01-05,1767488400,long,0.060133444685926296,1.667361111111111,0,0,0,0.0,1.0
XRP,2026-01-06,1767346200,long,0.053723279352346553,4.313194444444445,0,0,0,0.0,0.0
XRP,2026-01-06,1767370500,short,0.05854632151855754,4.031944444444444,1,1,0,-0.04185336050320193,0.0
XRP,2026-01-06,1767490200,short,0.10159872400841474,2.6465277777777776,0,0,0,0.0,0.0
XRP,2026-01-06,1767499200,long,0.05729687060166899,2.542361111111111,0,0,0,0.0,0.0
XRP,2026-01-06,1767623400,long,0.08667712823089535,1.104861111111111,1,1,0,0.16629005255437784,0.0
XRP,2026-01-06,1767485700,short,0.09626501545838001,2.698611111111111,0,0,0,0.0,0.0
XRP,2026-01-07,1767616200,long,0.13897930786269175,2.1881944444444446,2,0,1,-0.10043958413494186,0.0
XRP,2026-01-07,1767501900,short,0.07776453156316931,3.511111111111111,1,1,0,-0.039959283380500935,0.0
XRP,2026-01-07,1767490200,short,0.07333950792622401,3.6465277777777776,0,0,0,0.0,1.0
XRP,2026-01-08,1767616200,long,0.1486839231570516,3.188194444444444,1,1,0,-0.01970564018212964,0.0
XRP,2026-01-08,1767730500,long,0.055769492878146476,1.8652777777777778,1,1,0,-0.00592764048948204,0.0
XRP,2026-01-08,1767877200,long,0.12882343633647442,0.16736111111111113,1,1,0,-0.0067975212349002945,0.0
XRP,2026-01-08,1767485700,short,0.05166074551561517,4.698611111111111,0,0,0,0.0,1.0
XRP,2026-01-09,1767879000,short,0.05109808299081964,1.1465277777777778,2,0,1,0.3418352470062036,0.0
XRP,2025-11-18,1763109900,short,0.06161941277240479,4.344444444444444,0,0,0,0.0,0.0
XRP,2025-11-18,1763128800,long,0.061356493310703364,4.125694444444445,0,0,0,0.0,0.0
XRP,2025-11-18,1763398800,long,0.059994123801780486,1.0006944444444446,1,1,0,-0.012802973883213963,0.0
XRP,2025-11-18,1763124300,short,0.06677645058972914,4.177777777777778,0,0,0,0.0,0.0
XRP,2025-11-18,1763142300,long,0.11554796274684054,3.9694444444444446,0,0,0,0.0,0.0
XRP,2025-11-18,1763397000,short,0.05321493726831977,1.0215277777777778,0,0,0,0.0,0.0
XRP,2025-11-20,1763109900,short,0.08143619472933916,6.344444444444444,0,0,0,0.0,1.0
XRP,2025-11-22,1763658900,long,0.09589202321007106,1.9902777777777778,0,0,0,0.0,0.0
XRP,2025-11-22,1763659800,short,0.10502532439520618,1.979861111111111,0,0,0,0.0,0.0
XRP,2025-11-23,1763572500,short,0.05401263445005278,3.9902777777777776,0,0,0,0.0,1.0
XRP,2025-11-23,1763582400,long,0.05631302464709198,3.8756944444444446,0,0,0,0.0,1.0
XRP,2025-11-23,1763659800,short,0.07140450123510234,2.9798611111111106,1,1,0,-0.024610368834166285,1.0
XRP,2025-11-23,1763668800,long,0.07348422064072402,2.875694444444444,0,0,0,0.0,1.0
XRP,2025-11-23,1763562600,short,0.057856390241903366,4.104861111111111,1,1,0,-0.06581819572132579,1.0
XRP,2025-11-24,1763562600,short,0.05794740112975194,5.104861111111111,0,0,0,0.0,0.0
XRP,2025-11-25,1763563500,short,0.05464807338266087,6.094444444444444,0,0,0,0.0,0.0
XRP,2025-11-25,1763601300,short,0.06198567454829862,5.656944444444444,0,0,0,0.0,1.0
XRP,2025-11-28,1764222300,long,0.08595884696572731,1.4694444444444446,0,0,0,0.0,0.0
XRP,2025-11-29,1764234900,long,0.050822107440829045,2.323611111111111,1,0,0,-0.16225001523244734,0.0
XRP,2025-11-29,1764238500,short,0.06115164508145832,2.2819444444444446,0,0,0,0.0,0.0
XRP,2025-11-30,1764234900,long,0.05668093566201593,3.3236111111111115,0,0,0,0.0,0.0
XRP,2025-11-30,1764239400,short,0.05013008684137721,3.271527777777778,0,0,0,0.0,0.0
XRP,2025-12-10,1765295100,short,0.06629266613403317,1.0527777777777778,1,1,0,-0.02088332184956565,0.0
XRP,2025-12-10,1765307700,long,0.06282801579463282,0.9069444444444446,0,0,0,0.0,0.0
XRP,2025-12-11,1765361700,long,0.05994476913965752,1.2819444444444443,0,0,0,0.0,0.0
XRP,2025-12-11,1765368900,short,0.0635311851412288,1.198611111111111,1,1,0,-0.021717492388496965,0.0
XRP,2025-12-11,1765349100,long,0.05074605300044466,1.4277777777777776,1,1,0,-0.013901814581171904,0.0
XRP,2025-12-13,1765465200,long,0.05952921113611209,2.084027777777778,1,1,0,0.04351535531798928,0.0
XRP,2025-12-15,1765472400,long,0.05354848094425724,4.000694444444445,0,0,0,0.0,0.0
XRP,2025-12-15,1765575900,long,0.05773970678682727,2.8027777777777776,0,0,0,0.0,0.0
XRP,2025-12-16,1765465200,long,0.0615869523398489,5.084027777777777,0,0,0,0.0,0.0
XRP,2025-12-17,1765465200,long,0.054567205147112,6.084027777777777,0,0,0,0.0,0.0
XRP,2025-12-23,1766003400,long,0.06529714352894112,5.854861111111111,0,0,0,0.0,0.0
XRP,2025-12-23,1766003400,short,0.06570285647105889,5.854861111111111,0,0,0,0.0,0.0
XRP,2025-12-04,1764855000,long,0.0722420772742236,0.14652777777777778,1,0,0,0.18097435904046144,1.0
XRP,2025-12-05,1764848700,short,0.11605466056569591,1.2194444444444446,0,0,0,0.0,0.0
XRP,2025-12-05,1764876600,long,0.06026737185290387,0.8965277777777778,1,0,0,0.025056170754525015,0.0
XRP,2025-12-05,1764851400,short,0.14207282985980957,1.1881944444444446,1,1,0,-0.022663625454748256,0.0
XRP,2025-12-06,1764854100,short,0.08915823957321345,2.156944444444444,0,0,0,0.0,0.0
XRP,2025-12-08,1765089000,long,0.05054730648747374,1.4381944444444443,0,0,0,0.0,0.0
XRP,2025-12-08,1765186200,short,0.057526426800672936,0.31319444444444444,1,0,0,0.019577433574973727,0.0
XRP,2025-12-09,1765186200,short,0.05049307306035844,1.3131944444444443,0,0,0,0.0,1.0
XRP,2026-01-11,1767802500,short,0.10142855895892255,4.031944444444444,0,0,0,0.0,0.0
XRP,2026-01-12,1768152600,short,0.09028361669001428,0.9798611111111112,0,0,0,0.0,0.0
XRP,2026-01-12,1768200300,long,0.06100466963069251,0.4277777777777778,1,1,0,0.08785821448968623,0.0
XRP,2026-01-13,1768191300,short,0.05583642079437168,1.5319444444444443,0,0,0,0.0,1.0
XRP,2026-01-13,1768238100,long,0.2005090405540666,0.9902777777777777,0,0,0,0.0,1.0
XRP,2026-01-14,1768262400,short,0.055284805199919185,1.7090277777777778,1,1,0,-0.02263003831248235,1.0
XRP,2026-01-14,1768338900,long,0.052088835891173524,0.8236111111111112,0,0,0,0.0,1.0
XRP,2026-01-14,1768362300,short,0.05183802135781562,0.5527777777777778,2,0,1,-0.29109420988468976,1.0
XRP,2026-01-15,1768262400,long,0.08355040653590273,2.7090277777777776,0,0,0,0.0,0.0
XRP,2026-01-15,1768323600,short,0.06589406778437412,2.000694444444444,0,0,0,0.0,0.0
XRP,2026-01-15,1768351500,long,0.0506767531275214,1.6777777777777778,0,0,0,0.0,0.0
XRP,2026-01-17,1768334400,long,0.0601607024338775,3.8756944444444446,0,0,0,0.0,0.0
XRP,2026-01-17,1768369500,short,0.07557154860989845,3.469444444444444,0,0,0,0.0,0.0
XRP,2026-01-18,1768377600,short,0.05766593405384912,4.375694444444444,0,0,0,0.0,0.0
XRP,2026-01-18,1768377600,long,0.10233406594615069,4.375694444444444,0,0,0,0.0,0.0
XRP,2026-01-19,1768664700,short,0.06744079861690544,2.0527777777777776,1,1,0,0.20418014772568277,0.0
XRP,2026-01-22,1768794300,long,0.051388775742456705,3.5527777777777776,0,0,0,0.0,0.0
XRP,2026-01-28,1769190300,long,0.08812964474810392,4.969444444444444,1,0,0,-0.014698489256134636,0.0
XRP,2026-01-29,1769132700,long,0.05031012616660813,6.636111111111112,0,0,0,0.0,0.0
XRP,2026-01-05,1767485700,long,0.10020595824213507,1.698611111111111,0,0,0,0.0,1.0
XRP,2026-01-05,1767503700,short,0.05727354320414002,1.4902777777777778,0,0,0,0.0,1.0
XRP,2026-01-05,1767590100,short,0.10375792281234003,0.4902777777777778,2,0,1,-0.11945225997505382,1.0
XRP,2026-01-05,1767622500,long,0.059277797976316604,0.11527777777777777,2,0,1,-0.6252038715042687,1.0
XRP,2026-01-06,1767501900,short,0.06421124234361375,2.511111111111111,1,1,0,-0.04662222278553131,0.0
XRP,2026-01-06,1767620700,long,0.06358241243938778,1.136111111111111,1,1,0,-0.10901389340762624,0.0
XRP,2026-01-06,1767623400,short,0.11873831623381137,1.104861111111111,1,1,0,0.16629005255437784,0.0
XRP,2026-01-07,1767616200,short,0.1791008436525423,2.1881944444444446,1,1,0,-0.0015359812262635553,0.0
XRP,2026-01-07,1767630600,long,0.094413400233466,2.0215277777777776,1,1,0,0.05803516517740842,0.0
XRP,2026-01-07,1767722400,short,0.09372855326022433,0.9590277777777778,1,1,0,0.10331437409759618,0.0
XRP,2026-01-08,1767616200,short,0.12704424801023417,3.188194444444444,0,0,0,0.0,1.0
XRP,2026-01-08,1767630600,long,0.09509557460147988,3.0215277777777776,1,1,0,0.014330685716036129,1.0
XRP,2026-01-08,1767729600,short,0.06764989363915175,1.8756944444444446,1,1,0,0.0026191354430267905,1.0
XRP,2026-01-08,1767801600,long,0.07509414213446597,1.042361111111111,0,0,0,0.0,1.0
XRP,2026-01-08,1767849300,short,0.057988888549174,0.4902777777777778,1,1,0,0.25744855823041046,1.0
XRP,2026-01-08,1767620700,short,0.10839221005686017,3.1361111111111106,1,1,0,-0.0021502062691952095,1.0
XRP,2026-01-08,1767659400,long,0.07865477671758869,2.688194444444444,0,0,0,0.0,1.0
XRP,2026-01-09,1767730500,short,0.05910580768957974,2.8652777777777776,1,1,0,-0.024137382080471448,1.0
XRP,2026-01-09,1767732300,long,0.051093156139373264,2.844444444444444,0,0,0,0.0,1.0
XRP,2026-01-09,1767877200,long,0.0918866225135655,1.167361111111111,2,0,1,0.6099212504449706,1.0
XRP,2026-01-09,1767892500,short,0.07443900015758786,0.9902777777777777,2,0,1,-0.4906189264214869,1.0
XRP,2025-11-18,1763109000,short,0.05067797380284522,4.354861111111111,0,0,0,0.0,0.0
XRP,2025-11-18,1763354700,short,0.05230137934830237,1.511111111111111,0,0,0,0.0,0.0
XRP,2025-11-18,1763367300,long,0.05587881277992146,1.3652777777777778,0,0,0,0.0,0.0
XRP,2025-11-23,1763496000,short,0.05970803682156811,4.875694444444444,0,0,0,0.0,0.0
XRP,2025-11-23,1763663400,long,0.050422581118769294,2.9381944444444446,1,1,0,-0.019858426677844182,0.0
XRP,2025-11-23,1763666100,short,0.05295057874785036,2.9069444444444446,0,0,0,0.0,0.0
XRP,2025-11-23,1763571600,short,0.06512272860511203,4.000694444444445,0,0,0,0.0,0.0
XRP,2025-11-24,1763496900,short,0.06429891135198318,5.865277777777778,0,0,0,0.0,1.0
XRP,2025-11-25,1763496000,short,0.0520798620798798,6.875694444444445,0,0,0,0.0,1.0
XRP,2025-11-25,1763578800,long,0.05421992306262369,5.917361111111111,0,0,0,0.0,1.0
XRP,2025-11-27,1764219600,short,0.10714528212618749,0.5006944444444444,1,1,0,-0.0315433791760823,1.0
XRP,2025-11-28,1764233100,short,0.11280450850704726,1.3444444444444446,1,1,0,-0.06402501260861655,1.0
XRP,2025-11-28,1764278100,long,0.053043080533276,0.8236111111111112,1,0,0,0.10174965262121764,1.0
XRP,2025-11-28,1764222300,short,0.05967453743300802,1.4694444444444446,1,1,0,-0.01991524200522898,1.0
XRP,2025-12-10,1765295100,long,0.056881023259366614,1.0527777777777778,1,1,0,-0.010404297001808126,0.0
XRP,2025-12-15,1765468800,long,0.05220771898357168,4.042361111111111,0,0,0,0.0,0.0
XRP,2025-12-05,1764848700,long,0.11044966240818765,1.2194444444444446,0,0,0,0.0,0.0
XRP,2025-12-06,1764854100,long,0.060118493585675115,2.156944444444444,0,0,0,0.0,0.0
XRP,2025-12-06,1764854100,short,0.06988150641432478,2.156944444444444,0,0,0,0.0,0.0
XRP,2026-01-13,1767801600,short,0.0641600252990584,6.042361111111112,1,1,0,-0.014238476838304804,0.0
XRP,2026-01-14,1768343400,short,0.057179822170913996,0.7715277777777778,2,0,1,0.2791198244087755,0.0
XRP,2026-01-14,1768368600,long,0.05078062685007434,0.4798611111111111,1,1,0,-0.05533244926206352,0.0
XRP,2026-01-15,1768333500,short,0.0566431411342333,1.8861111111111113,2,0,1,0.12633838596564656,0.0
XRP,2026-01-15,1768411800,long,0.05789755565352239,0.9798611111111112,1,0,0,0.1067915342154466,0.0
XRP,2026-01-16,1768363200,long,0.05174267374995445,2.542361111111111,0,0,0,0.0,0.0
XRP,2026-01-20,1768349700,short,0.060430208796380946,6.698611111111111,0,0,0,0.0,0.0
XRP,2026-01-20,1768377600,long,0.09268030721707943,6.375694444444444,0,0,0,0.0,0.0
XRP,2026-01-06,1767616200,long,0.08740561793022406,1.1881944444444446,0,0,0,0.0,1.0
XRP,2026-01-06,1767630600,short,0.05869283827334326,1.0215277777777778,2,0,1,-0.35076207704612206,1.0
XRP,2026-01-07,1767501900,long,0.051506533977760505,3.511111111111111,1,1,0,-0.039959283380500935,1.0
XRP,2026-01-07,1767702600,long,0.05968746634452593,1.1881944444444446,2,0,1,0.5845613371768645,1.0
XRP,2026-01-07,1767719700,short,0.07728344953454624,0.9902777777777777,1,1,0,-0.025249996093623682,1.0
XRP,2026-01-07,1767792600,long,0.13583923283417554,0.14652777777777778,1,0,0,0.32062816585822007,1.0
XRP,2026-01-08,1767490200,short,0.05539373953125826,4.646527777777778,0,0,0,0.0,0.0
XRP,2026-01-08,1767500100,long,0.05482376058407046,4.531944444444444,1,1,0,0.03097833224387253,0.0
XRP,2026-01-08,1767616200,short,0.0677405137667787,3.188194444444444,0,0,0,0.0,0.0
XRP,2026-01-08,1767639600,long,0.12782163694839221,2.917361111111111,1,1,0,-0.012430834499323057,0.0
XRP,2026-01-08,1767705300,short,0.11090170295437829,2.156944444444444,1,1,0,-0.09507956101991571,0.0
XRP,2026-01-08,1767730500,long,0.05579345684438186,1.8652777777777778,1,1,0,0.0008366354570220891,0.0
XRP,2026-01-08,1767801600,short,0.0980674090337339,1.042361111111111,1,1,0,-0.03365549336518055,0.0
XRP,2026-01-08,1767741300,long,0.05436767845955548,1.7402777777777776,0,0,0,0.0,0.0
XRP,2026-01-09,1767888900,long,0.06244082872719603,1.0319444444444446,2,0,1,-0.1185621063981184,0.0
XRP,2026-01-09,1767801600,short,0.08654434843495007,2.042361111111111,0,0,0,0.0,0.0
XRP,2026-01-09,1767742200,long,0.07147502786061044,2.729861111111111,0,0,0,0.0,0.0
XRP,2025-11-18,1763111700,long,0.058750414886388214,4.323611111111111,0,0,0,0.0,1.0
XRP,2025-11-18,1763118000,short,0.052512309020591674,4.250694444444444,0,0,0,0.0,1.0
XRP,2025-11-20,1763367300,long,0.07963899245144357,3.3652777777777776,1,1,0,-0.0006681352553331681,0.0
XRP,2025-11-20,1763384400,short,0.05634104934319717,3.1673611111111115,2,0,1,0.27362859445529747,0.0
XRP,2025-11-23,1763502300,long,0.055602105552225556,4.802777777777778,0,0,0,0.0,0.0
XRP,2025-11-23,1763562600,short,0.05499903878759049,4.104861111111111,1,1,0,-0.030373527950346327,0.0
XRP,2025-11-23,1763568000,long,0.06611093835337423,4.042361111111111,0,0,0,0.0,0.0
XRP,2025-11-24,1763499600,long,0.05153720517910587,5.834027777777778,0,0,0,0.0,0.0
XRP,2025-11-24,1763562600,short,0.05276575743912182,5.104861111111111,1,1,0,-0.04188976493446371,0.0
XRP,2025-11-25,1763496000,long,0.056300969684397684,6.875694444444445,0,0,0,0.0,0.0
XRP,2025-11-25,1763562600,short,0.06048955775579967,6.104861111111111,0,0,0,0.0,0.0
XRP,2025-12-06,1764854100,long,0.0603379424105972,2.156944444444444,0,0,0,0.0,0.0
XRP,2026-01-16,1768363200,short,0.05795135588702427,2.542361111111111,0,0,0,0.0,0.0
XRP,2026-01-16,1768367700,long,0.0566768996598388,2.4902777777777776,0,0,0,0.0,0.0
XRP,2026-01-06,1767639600,long,0.06938230859458328,0.9173611111111111,1,1,0,-0.13570854234476482,0.0
XRP,2026-01-06,1767643200,short,0.06543701126824664,0.8756944444444444,1,1,0,-0.039259776514226574,0.0
XRP,2026-01-08,1767659400,long,0.0561524139876548,2.688194444444444,1,1,0,-0.03547749926150097,0.0
XRP,2026-01-08,1767732300,short,0.05647517312471695,1.8444444444444443,1,1,0,0.003253625114854799,0.0
XRP,2026-01-08,1767805200,long,0.06568032320853812,1.0006944444444446,2,0,1,0.05453919406046347,0.0
XRP,2025-11-20,1763496000,long,0.053433340230206516,1.8756944444444446,0,0,0,0.0,0.0
XRP,2025-11-22,1763562600,short,0.05900009964512354,3.104861111111111,0,0,0,0.0,0.0
XRP,2025-11-28,1764233100,long,0.05715939048125773,1.3444444444444446,1,1,0,-0.06402501260861655,0.0
XRP,2025-12-08,1764855000,long,0.05463540115588139,4.146527777777777,1,1,0,0.007597239947199654,0.0
XRP,2026-01-09,1767802500,long,0.050950310908326246,2.0319444444444446,1,1,0,-0.02374341924766651,0.0
XRP,2025-11-18,1763125200,long,0.055723390453117805,4.167361111111111,0,0,0,0.0,0.0
XRP,2025-11-18,1763125200,short,0.05427660954688229,4.167361111111111,0,0,0,0.0,0.0
XRP,2025-11-18,1763118000,long,0.056244385543479325,4.250694444444444,0,0,0,0.0,0.0
XRP,2025-11-20,1763496000,short,0.058178671323226294,1.8756944444444446,1,1,0,0.04714407611553555,0.0
XRP,2025-11-18,1763125200,long,0.0555474494583712,4.167361111111111,0,0,0,0.0,0.0
