asset,event,ts,side,edge,nfill,both,ev_raw,ev_hedged
BTC,2025-11-15,1762967700,short,0.027115561872063876,0,0,0.0,0.0
BTC,2025-11-15,1762992000,long,0.022600343699057612,0,0,0.0,0.0
SOL,2025-11-17,1763140500,long,0.07254872113602495,0,0,0.0,0.0
BTC,2025-11-17,1763140500,long,0.021806529070682146,1,0,-0.2,0.0035069625529493553
ETH,2025-11-17,1763141400,long,0.030543572221241266,1,0,-0.06999999999999999,0.00030836328938779745
BTC,2025-11-17,1763142300,short,0.04365362725138766,1,0,-0.16,-0.02242359697708271
BTC,2025-11-17,1763145900,short,0.024030818540153764,1,0,0.12,0.06176963473286395
SOL,2025-11-17,1763152200,long,0.028823707744799698,1,0,0.20999999999999996,0.027197102973378545
SOL,2025-11-17,1763152200,short,0.031176292255200244,0,0,0.0,0.0
BTC,2025-11-17,1763154900,short,0.02356387045738395,2,1,0.13999999999999996,0.119500593148593
BTC,2025-11-17,1763154900,long,0.02643612954261587,2,1,-0.09000000000000002,-0.06950059314859307
BTC,2025-11-18,1763226900,short,0.02583865967158394,2,1,0.09000000000000002,0.025722033158993574
BTC,2025-11-17,1763240400,short,0.02147892824918285,2,1,0.12999999999999995,0.08116036914390792
SOL,2025-11-18,1763260200,short,0.045471741098129015,0,0,0.0,0.0
SOL,2025-11-17,1763260200,short,0.03863372777562979,1,0,-0.11,0.0098294660371301
SOL,2025-11-17,1763260200,long,0.031366272224370384,1,0,0.14,0.020170533962869913
SOL,2025-11-17,1763260200,short,0.03863372777562979,1,0,-0.11,0.0098294660371301
SOL,2025-11-17,1763260200,long,0.031366272224370384,1,0,0.14,0.020170533962869913
SOL,2025-11-18,1763264700,long,0.053165643743612545,0,0,0.0,0.0
SOL,2025-11-19,1763313300,short,0.021600759417595095,2,1,0.22199999999999998,0.26001945210503913
ETH,2025-11-19,1763313300,long,0.02419213034814005,0,0,0.0,0.0
BTC,2025-11-19,1763316900,long,0.026236171736232716,1,0,-0.766,-0.42812975299674955
BTC,2025-11-19,1763318700,short,0.024932815489016047,2,1,0.19599999999999995,0.23838170281575627
ETH,2025-11-19,1763319600,long,0.022363358000694777,0,0,0.0,0.0
ETH,2025-11-19,1763321400,short,0.02829612437437168,1,0,-0.09,0.029793441231727003
ETH,2025-11-19,1763334900,short,0.03883441748916272,1,0,0.31000000000000005,0.14735811985817068
BTC,2025-11-17,1763335800,short,0.02510111889260014,2,1,0.07799999999999999,0.07815319756455606
SOL,2025-11-17,1763346600,short,0.034742632257632966,2,1,0.43799999999999994,0.18508460993447168
XRP,2025-11-18,1763353800,short,0.03946251525151245,1,0,-0.08399999999999996,-0.14092498822324925
XRP,2025-11-18,1763353800,long,0.026537484748487383,0,0,0.0,0.0
XRP,2025-11-18,1763353800,short,0.03946251525151245,1,0,-0.08399999999999996,-0.14092498822324925
XRP,2025-11-18,1763353800,long,0.026537484748487383,0,0,0.0,0.0
XRP,2025-11-18,1763356500,short,0.02743312232725592,1,0,-0.02200000000000002,-0.03457807693243825
XRP,2025-11-18,1763358300,long,0.02579663411432853,0,0,0.0,0.0
XRP,2025-11-18,1763358300,short,0.027203365885671404,1,0,-0.02200000000000002,-0.03527076085801202
SOL,2025-11-17,1763362800,short,0.06774540596084822,2,1,0.703,0.1838591053148102
SOL,2025-11-17,1763362800,long,0.02525459403915198,2,1,-0.61,-0.09085910531481023
BTC,2025-11-20,1763399700,long,0.021940988234586456,1,0,-0.023,0.10059686295882583
BTC,2025-11-20,1763399700,long,0.020076319663591358,0,0,0.0,0.0
ETH,2025-11-19,1763399700,long,0.030707117949240637,1,0,0.16999999999999993,-0.04359670820677511
XRP,2025-11-20,1763399700,long,0.05790714152468168,1,0,-0.47000000000000003,-0.024797957935675408
SOL,2025-11-20,1763399700,short,0.036451384623080285,0,0,0.0,0.0
XRP,2025-11-20,1763399700,short,0.04416367595589821,1,0,0.15000000000000002,0.39206211140826364
ETH,2025-11-20,1763399700,short,0.025620873321834492,0,0,0.0,0.0
SOL,2025-11-20,1763399700,short,0.032693239909102,0,0,0.0,0.0
ETH,2025-11-20,1763400600,long,0.023461729451371927,0,0,0.0,0.0
ETH,2025-11-20,1763400600,short,0.024704370363746397,0,0,0.0,0.0
SOL,2025-11-20,1763401500,short,0.028466686835938892,0,0,0.0,0.0
SOL,2025-11-20,1763401500,long,0.02153331316406093,0,0,0.0,0.0
XRP,2025-11-20,1763401500,long,0.03866382632451537,1,0,-0.4,-0.04297310544838834
XRP,2025-11-20,1763401500,short,0.02133617367548446,0,0,0.0,0.0
SOL,2025-11-20,1763402400,short,0.02649435487652918,0,0,0.0,0.0
SOL,2025-11-20,1763402400,long,0.022505645123470863,1,0,0.11599999999999999,0.10322009436499845
ETH,2025-11-20,1763405100,long,0.021104337223735836,1,0,-0.13,0.03422892251859788
ETH,2025-11-20,1763405100,long,0.025299134239584076,2,1,-0.15000000000000013,-0.14654883289594262
ETH,2025-11-20,1763405100,short,0.024700865760415636,2,1,0.19999999999999996,0.19654883289594244
BTC,2025-11-20,1763405100,short,0.022930118840430946,1,0,-0.05,0.07520285322057658
BTC,2025-11-20,1763406000,long,0.027401687032537314,1,0,-0.56,-0.1326610243407521
BTC,2025-11-20,1763406000,long,0.029081044286760838,1,0,-0.723,-0.3669754202678065
ETH,2025-11-19,1763407800,short,0.02238227051849173,2,1,0.05799999999999996,0.03640801727969936
BTC,2025-11-20,1763408700,short,0.020920096819598277,1,0,0.19999999999999996,-0.0381632899592414
ETH,2025-11-20,1763439300,short,0.021656442656479147,1,0,-0.020999999999999998,0.010419413399744629
BTC,2025-11-20,1763452800,short,0.023149926254186992,1,0,0.39,0.16107822957824264
BTC,2025-11-20,1763454600,short,0.02346611118711428,1,0,0.623,0.35513432832826297
BTC,2025-11-20,1763455500,short,0.021023770506466644,2,1,0.15000000000000002,0.06651830354710848
ETH,2025-11-21,1763486100,short,0.03639707967487538,0,0,0.0,0.0
ETH,2025-11-19,1763486100,long,0.021785651045955756,2,1,-0.06399999999999996,0.11645824722088151
BTC,2025-11-21,1763486100,long,0.03388663150254545,0,0,0.0,0.0
ETH,2025-11-21,1763486100,short,0.020773655021124826,1,0,0.08499999999999996,-0.14774968704426697
ETH,2025-11-21,1763486100,short,0.028078374012493357,1,0,-0.85,-0.4435512050710769
ETH,2025-11-21,1763486100,long,0.030413465920052563,1,0,0.41999999999999993,-0.23576981482634485
ETH,2025-11-21,1763486100,long,0.02263469599573087,1,0,-0.73,-0.16916702077377177
ETH,2025-11-21,1763487000,short,0.021825815655891923,1,0,0.73,0.1700822138082141
ETH,2025-11-21,1763487000,long,0.0281741843441079,1,0,0.5599999999999999,-0.08838695938467012
ETH,2025-11-21,1763487000,long,0.022214159061491268,1,0,0.24,-0.25467007634930594
ETH,2025-11-21,1763487000,short,0.025325376505829222,1,0,0.85,0.4378433504981368
ETH,2025-11-20,1763487000,short,0.028475278302309226,1,0,0.19999999999999996,-0.1809266728241049
SOL,2025-11-20,1763487900,long,0.061189560296182055,1,0,0.58,0.25062793836166875
SOL,2025-11-20,1763487900,short,0.028810439703817914,0,0,0.0,0.0
ETH,2025-11-21,1763487900,short,0.0213350145308433,2,1,0.13,-0.032256534054677044
BTC,2025-11-21,1763487900,short,0.023054701572707392,1,0,0.63,-0.10812782201411719
BTC,2025-11-21,1763487900,long,0.02694529842729243,1,0,-0.61,0.1281278220141172
ETH,2025-11-20,1763487900,short,0.020610072417534098,2,1,0.21000000000000008,0.33768741149235787
ETH,2025-11-20,1763487900,long,0.029389927582465836,1,0,0.6,0.013610488451140101
SOL,2025-11-20,1763487900,long,0.061189560296182055,1,0,0.58,0.25062793836166875
SOL,2025-11-20,1763487900,short,0.028810439703817914,0,0,0.0,0.0
SOL,2025-11-20,1763488800,long,0.05599145658477367,0,0,0.0,0.0
ETH,2025-11-21,1763488800,long,0.02805291336763638,1,0,-0.23,0.2946695259012958
ETH,2025-11-21,1763488800,short,0.021947086632363555,2,1,0.13,-0.03216695704238251
BTC,2025-11-21,1763489700,long,0.0297615375694833,2,1,-0.050000000000000044,0.14112509446489702
ETH,2025-11-21,1763490600,short,0.0200233483046246,2,1,0.1799999999999999,0.05951248325863076
ETH,2025-11-20,1763492400,long,0.02595554244810261,1,0,-0.81,-0.3500727233345781
ETH,2025-11-20,1763492400,short,0.034044457551897334,2,1,0.20999999999999996,0.38103248820040336
BTC,2025-11-20,1763493300,long,0.022857683850016963,1,0,-0.43,0.19984937368229821
BTC,2025-11-20,1763495100,long,0.02176349952592549,1,0,-0.848,-0.4426622127372334
ETH,2025-11-19,1763495100,short,0.022842824105764548,1,0,-0.035,0.05546948726524582
XRP,2025-11-20,1763496000,long,0.053433340230206516,0,0,0.0,0.0
XRP,2025-11-20,1763496000,short,0.03656665976979345,0,0,0.0,0.0
SOL,2025-11-21,1763496000,long,0.07165169145676731,1,0,0.87,0.5869473238150912
XRP,2025-11-20,1763496000,short,0.058178671323226294,1,0,-0.031,0.057619080851514404
XRP,2025-11-20,1763496000,long,0.022821328676773778,0,0,0.0,0.0
SOL,2025-11-21,1763496000,short,0.04849960934646724,1,0,0.87,0.5869473238150912
XRP,2025-11-20,1763496000,long,0.053433340230206516,0,0,0.0,0.0
XRP,2025-11-20,1763496000,short,0.03656665976979345,0,0,0.0,0.0
SOL,2025-11-21,1763496000,long,0.03863422954737805,0,0,0.0,0.0
XRP,2025-11-20,1763496000,short,0.058178671323226294,1,0,-0.031,0.057619080851514404
XRP,2025-11-20,1763496000,long,0.022821328676773778,0,0,0.0,0.0
SOL,2025-11-21,1763497800,short,0.028196023404070014,1,0,-0.24000000000000002,0.13927805496274734
SOL,2025-11-21,1763497800,long,0.04180397659592994,0,0,0.0,0.0
ETH,2025-11-21,1763500500,short,0.026652007412985124,1,0,-0.03400000000000003,-0.18479230750504208
SOL,2025-11-21,1763501400,short,0.03860019467186271,1,0,0.86,0.5764445539220489
SOL,2025-11-21,1763501400,long,0.021399805328137234,0,0,0.0,0.0
ETH,2025-11-21,1763504100,short,0.03566042457590479,1,0,-0.31,0.3420362755955078
ETH,2025-11-21,1763512200,long,0.026149075451134873,1,0,0.69,0.10415797606788013
ETH,2025-11-21,1763512200,short,0.030568007425549104,0,0,0.0,0.0
ETH,2025-11-21,1763512200,long,0.029431992574450838,1,0,0.84,0.4094969535730139
SOL,2025-11-21,1763519400,short,0.024771434290749905,1,0,-0.85,-0.5661580975879764
SOL,2025-11-21,1763519400,long,0.021228565709250136,0,0,0.0,0.0
SOL,2025-11-21,1763521200,long,0.0682634527886834,0,0,0.0,0.0
BTC,2025-11-20,1763555400,short,0.020544230707656208,2,1,0.13999999999999996,-0.04298717111227396
XRP,2025-11-20,1763567100,long,0.03133803565284676,1,0,0.03500000000000003,0.10757647412861573
SOL,2025-11-20,1763567100,short,0.0577509843106534,2,1,0.21499999999999997,0.3087942830115563
XRP,2025-11-21,1763568900,long,0.02604216483784283,0,0,0.0,0.0
XRP,2025-11-21,1763568900,short,0.023957835162157215,1,0,0.121,0.282266386332225
XRP,2025-11-20,1763568900,long,0.03774193431034778,0,0,0.0,0.0
XRP,2025-11-20,1763568900,short,0.026258065689652055,2,1,0.18899999999999995,0.34859230662825524
XRP,2025-11-21,1763568900,long,0.02604216483784283,0,0,0.0,0.0
XRP,2025-11-21,1763568900,short,0.023957835162157215,1,0,0.121,0.282266386332225
SOL,2025-11-21,1763571600,short,0.02418135149584999,1,0,-0.02200000000000002,-0.042608572476135524
ETH,2025-11-22,1763572500,long,0.024293441328840704,1,0,-0.21000000000000002,0.02011062845427425
ETH,2025-11-22,1763572500,long,0.029877083512502844,2,1,-0.33000000000000007,-0.24340679419095174
ETH,2025-11-22,1763572500,long,0.02751551120971829,2,1,-0.15000000000000002,-0.2002681448513451
SOL,2025-11-22,1763572500,short,0.03163540229831019,0,0,0.0,0.0
SOL,2025-11-22,1763572500,long,0.03836459770168976,0,0,0.0,0.0
SOL,2025-11-22,1763572500,short,0.03163540229831019,0,0,0.0,0.0
SOL,2025-11-22,1763572500,long,0.03836459770168976,0,0,0.0,0.0
BTC,2025-11-22,1763572500,long,0.029958412214223795,1,0,-0.46,-0.021224273592906406
ETH,2025-11-21,1763572500,long,0.02910550225815145,2,1,-0.15000000000000008,-0.04917150897635747
BTC,2025-11-22,1763573400,long,0.023703337680411662,1,0,-0.29000000000000004,0.10458506901439019
ETH,2025-11-22,1763573400,short,0.025882801103675912,1,0,-0.74,-0.4638688831175419
SOL,2025-11-20,1763575200,long,0.02553368837248926,1,0,-0.36,-0.3357470028485187
SOL,2025-11-20,1763575200,short,0.030466311627510678,2,1,0.354,0.33675976899499427
SOL,2025-11-20,1763575200,long,0.11358353005318134,2,1,0.62,0.6102383669583634
XRP,2025-11-22,1763575200,long,0.039700297271997975,0,0,0.0,0.0
ETH,2025-11-22,1763576100,short,0.020722632869156987,1,0,0.74,0.4733413904671697
BTC,2025-11-22,1763576100,short,0.03435902604700214,2,1,0.17299999999999993,0.2722549084364819
ETH,2025-11-22,1763577000,long,0.02422871687442507,1,0,0.69,0.4614760055583286
BTC,2025-11-22,1763577000,long,0.023417849000598956,1,0,0.43999999999999995,0.035028021283944
SOL,2025-11-22,1763582400,short,0.02962966793155264,0,0,0.0,0.0
SOL,2025-11-21,1763582400,long,0.048340136543588486,1,0,0.57,0.4490332009541314
ETH,2025-11-21,1763583300,short,0.022652733855249463,1,0,0.69,0.45282197819634373
SOL,2025-11-21,1763584200,short,0.039409579408719364,1,0,0.25,0.12840536837471372
BTC,2025-11-22,1763586000,short,0.028126666958150803,0,0,0.0,0.0
ETH,2025-11-21,1763586900,short,0.025092119965145376,1,0,-0.07799999999999996,-0.26224480369747716
BTC,2025-11-22,1763586900,short,0.025852240154042305,0,0,0.0,0.0
SOL,2025-11-21,1763587800,short,0.032771222273058065,1,0,-0.02200000000000002,-0.05362118776793936
SOL,2025-11-21,1763587800,long,0.021228777726941983,0,0,0.0,0.0
SOL,2025-11-21,1763588700,long,0.025941742041652782,0,0,0.0,0.0
SOL,2025-11-20,1763589600,long,0.07813133303960829,2,1,0.53,0.5192145780376054
SOL,2025-11-20,1763589600,short,0.02186866696039169,1,0,-0.18000000000000005,-0.29873981298022756
BTC,2025-11-22,1763589600,short,0.03014744516267709,1,0,0.59,0.03899403655756961
ETH,2025-11-21,1763591400,long,0.02058131931191287,1,0,0.10999999999999999,-0.14443873624820697
ETH,2025-11-21,1763591400,short,0.02167940104917876,1,0,0.47,-0.027340527051359476
BTC,2025-11-22,1763591400,long,0.02163241706693353,1,0,0.09999999999999998,-0.16141546880032287
ETH,2025-11-21,1763594100,short,0.02352666258278735,2,1,0.10900000000000003,-0.047064145336785476
ETH,2025-11-21,1763594100,short,0.0224982893829212,2,1,0.19000000000000006,0.017451816524228753
ETH,2025-11-21,1763594100,long,0.027501710617078956,1,0,0.16000000000000003,-0.19538415837653733
ETH,2025-11-21,1763595000,short,0.02108975268807145,1,0,0.75,0.27946936193923133
SOL,2025-11-21,1763596800,long,0.06016461040940402,1,0,0.3999999999999999,0.06035534787378238
ETH,2025-11-21,1763598600,long,0.027739981821810034,2,1,-0.18000000000000005,-0.339884367981788
XRP,2025-11-21,1763601300,long,0.03642940274753559,0,0,0.0,0.0
SOL,2025-11-21,1763603100,short,0.022266631084296495,0,0,0.0,0.0
SOL,2025-11-22,1763605800,long,0.03970205468310073,0,0,0.0,0.0
BTC,2025-11-22,1763613000,short,0.022111846504785815,1,0,0.57,-0.2795284043542773
ETH,2025-11-21,1763613900,long,0.025987500138831443,2,1,-0.10000000000000009,-0.3382717812139382
SOL,2025-11-21,1763614800,long,0.04447890790824838,0,0,0.0,0.0
ETH,2025-11-21,1763620200,long,0.021643933824166517,2,1,0.976,0.8306085254157991
SOL,2025-11-22,1763625600,long,0.036490565995498825,0,0,0.0,0.0
BTC,2025-11-22,1763633700,long,0.021089828807382416,1,0,0.87,0.3876721250246959
BTC,2025-11-21,1763646300,long,0.02570570137390016,2,1,-0.24000000000000005,0.04956806943247605
BTC,2025-11-21,1763655300,short,0.027133685582555134,2,1,0.1,-0.07209537940277813
SOL,2025-11-21,1763655300,short,0.07175647548868891,1,0,-0.68,-0.4090886526847284
SOL,2025-11-22,1763656200,long,0.03053563775136081,1,0,-0.21000000000000002,-0.02991839340765806
XRP,2025-11-21,1763658000,short,0.03053281718656453,2,1,0.15500000000000003,0.2547575171322562
XRP,2025-11-21,1763658000,long,0.02546718281343563,2,1,-0.09899999999999998,-0.19875751713225615
XRP,2025-11-21,1763658000,short,0.03053281718656453,2,1,0.15500000000000003,0.2547575171322562
XRP,2025-11-21,1763658000,long,0.02546718281343563,2,1,-0.09899999999999998,-0.19875751713225615
SOL,2025-11-23,1763658900,long,0.048006631281914514,0,0,0.0,0.0
XRP,2025-11-23,1763658900,long,0.022219238434979083,1,0,-0.21000000000000002,-0.33722736941934056
XRP,2025-11-23,1763658900,short,0.04778076156502076,0,0,0.0,0.0
SOL,2025-11-23,1763658900,short,0.08253503555110253,0,0,0.0,0.0
SOL,2025-11-22,1763658900,short,0.06837891256180162,1,0,0.22999999999999998,0.11400751175663462
XRP,2025-11-23,1763658900,long,0.047255308085828895,0,0,0.0,0.0
XRP,2025-11-23,1763658900,short,0.022744691914171167,1,0,-0.21000000000000002,-0.33722736941934056
BTC,2025-11-23,1763658900,long,0.02565274482595914,1,0,-0.25,-0.22352406063492086
BTC,2025-11-23,1763658900,long,0.05229269191737074,1,0,0.38,0.4126244414901514
BTC,2025-11-23,1763658900,long,0.023428030546748024,2,1,-0.16999999999999998,-0.16277823041888212
XRP,2025-11-22,1763658900,long,0.09589202321007106,0,0,0.0,0.0
ETH,2025-11-23,1763658900,long,0.03738280980159092,1,0,0.37,0.33342233035702823
ETH,2025-11-23,1763658900,long,0.03370114058638385,2,1,-0.14000000000000007,-0.1287092407547857
XRP,2025-11-22,1763658900,long,0.09539088818703689,0,0,0.0,0.0
XRP,2025-11-23,1763658900,long,0.051165237307459366,0,0,0.0,0.0
ETH,2025-11-23,1763658900,long,0.0521068414658008,2,1,-0.15000000000000002,-0.1576616336183418
ETH,2025-11-23,1763658900,short,0.032877339588561205,2,1,0.16000000000000003,0.17097163191439796
BTC,2025-11-23,1763658900,short,0.036882628209001234,1,0,-0.060000000000000005,-0.05166940746618125
XRP,2025-11-23,1763658900,long,0.022219238434979083,1,0,-0.21000000000000002,-0.33722736941934056
XRP,2025-11-23,1763658900,short,0.04778076156502076,0,0,0.0,0.0
ETH,2025-11-22,1763658900,long,0.06547626931893813,2,1,-0.19000000000000006,-0.1758148932149312
ETH,2025-11-23,1763658900,short,0.026228577822960508,1,0,0.20999999999999996,0.18471308960224253
XRP,2025-11-23,1763658900,long,0.047255308085828895,0,0,0.0,0.0
XRP,2025-11-23,1763658900,short,0.022744691914171167,1,0,-0.21000000000000002,-0.33722736941934056
XRP,2025-11-23,1763658900,short,0.06668638123328141,0,0,0.0,0.0
ETH,2025-11-23,1763658900,short,0.024539514953321295,2,1,0.05999999999999998,0.053005645653563395
XRP,2025-11-23,1763659800,long,0.021411511513381276,0,0,0.0,0.0
XRP,2025-11-23,1763659800,short,0.058588488486618795,0,0,0.0,0.0
XRP,2025-11-23,1763659800,short,0.029383044725517116,0,0,0.0,0.0
XRP,2025-11-22,1763659800,long,0.052336580930279375,0,0,0.0,0.0
XRP,2025-11-22,1763659800,short,0.027663419069720696,0,0,0.0,0.0
BTC,2025-11-23,1763659800,long,0.026775618564036652,2,1,-0.134,-0.14314356777503576
XRP,2025-11-22,1763659800,short,0.10502532439520618,0,0,0.0,0.0
XRP,2025-11-23,1763660700,short,0.02279860911766063,0,0,0.0,0.0
XRP,2025-11-23,1763660700,long,0.040201390882339316,0,0,0.0,0.0
ETH,2025-11-22,1763660700,long,0.047674188702212295,2,1,0.83,0.7929633462333621
ETH,2025-11-22,1763660700,short,0.04632581129778757,1,0,-0.55,-0.3926047350075027
BTC,2025-11-22,1763661600,long,0.020747314374662373,2,1,-0.11000000000000001,-0.02712779657784334
SOL,2025-11-22,1763661600,long,0.022385302196187062,1,0,0.040000000000000036,-0.005375007100665713
SOL,2025-11-22,1763661600,short,0.0366146978038131,1,0,0.20999999999999996,0.0558059882366303
ETH,2025-11-23,1763662500,long,0.025095459142685517,2,1,-0.1,-0.06615077884238016
BTC,2025-11-22,1763662500,long,0.03496280136167562,2,1,-0.17500000000000004,-0.21203696769925767
BTC,2025-11-22,1763662500,short,0.02503719863832421,2,1,0.23499999999999993,0.27203696769925756
ETH,2025-11-23,1763662500,short,0.021453715778808835,1,0,-0.4,-0.2848930239100805
BTC,2025-11-22,1763663400,long,0.03975078245211083,2,1,-0.16000000000000003,-0.10351450045761171
BTC,2025-11-22,1763663400,short,0.02024921754788911,2,1,0.21999999999999992,0.1635145004576116
ETH,2025-11-22,1763663400,long,0.033056289871680855,2,1,0.823,0.7861350846576813
BTC,2025-11-23,1763665200,short,0.026510275878973588,2,1,0.20499999999999996,0.20136490630664278
XRP,2025-11-23,1763665200,short,0.08023360994257595,1,0,-0.21000000000000002,-0.33950494674500165
ETH,2025-11-23,1763665200,short,0.029148448032768837,1,0,-0.26,-0.2817486263095175
ETH,2025-11-23,1763666100,long,0.020775086783266783,1,0,-0.26,-0.2792428210949803
ETH,2025-11-22,1763667000,long,0.03298421128244389,2,1,-0.20999999999999996,-0.20635427573329942
ETH,2025-11-22,1763667000,short,0.027015788717556277,2,1,0.26999999999999996,0.26635427573329945
ETH,2025-11-23,1763672400,short,0.02157203198745883,1,0,0.3999999999999999,0.3336730405476789
BTC,2025-11-23,1763672400,short,0.02316392489571939,1,0,-0.41000000000000003,-0.3879744233018656
ETH,2025-11-21,1763672400,short,0.03231175308139189,2,1,0.36000000000000004,0.3399004784924127
BTC,2025-11-22,1763673300,short,0.022953941705409764,1,0,0.3999999999999999,0.16610517495525082
BTC,2025-11-22,1763675100,long,0.025865546222857194,2,1,-0.043999999999999956,0.034696132803620855
ETH,2025-11-21,1763676000,short,0.0216316505005405,2,1,-0.805,-0.6425552141076317
BTC,2025-11-22,1763676900,short,0.022633581565374428,2,1,0.18000000000000005,0.07000817333394037
BTC,2025-11-23,1763677800,long,0.025001651842176953,1,0,-0.51,-0.37512400229423587
BTC,2025-11-23,1763677800,short,0.03499834815782299,1,0,-0.3,-0.17513600229726625
BTC,2025-11-23,1763678700,long,0.024410998138394646,2,1,-0.06999999999999995,-0.032014770884903725
BTC,2025-11-23,1763678700,short,0.024828310762049388,1,0,-0.14,-0.050301417179545255
ETH,2025-11-21,1763679600,short,0.022630989490414644,1,0,-0.043000000000000003,0.061680164537296224
BTC,2025-11-23,1763679600,long,0.020572001074056878,1,0,-0.024,0.00023187217364908919
XRP,2025-11-22,1763681400,short,0.022917045255310464,1,0,-0.02100000000000002,-0.06217606372434037
XRP,2025-11-22,1763681400,long,0.03708295474468959,1,0,0.041000000000000036,0.08217606372434039
XRP,2025-11-22,1763681400,short,0.022917045255310464,1,0,-0.02100000000000002,-0.06217606372434037
XRP,2025-11-22,1763681400,long,0.03708295474468959,1,0,0.041000000000000036,0.08217606372434039
SOL,2025-11-21,1763683200,long,0.020912811240770157,2,1,0.766,0.49421420023861695
SOL,2025-11-21,1763683200,long,0.13146985661137767,2,1,-0.47,-0.3749021323635161
SOL,2025-11-21,1763684100,long,0.056250239890063725,2,1,-0.746,-0.45603509818303634
ETH,2025-11-21,1763687700,long,0.03245809870041816,2,1,-0.23000000000000004,-0.06528414589868117
ETH,2025-11-21,1763691300,short,0.035045795617252185,2,1,0.22000000000000003,0.07280979260051987
ETH,2025-11-21,1763700300,long,0.05068950363784608,2,1,-0.32000000000000006,-0.2634906639900764
ETH,2025-11-21,1763706600,long,0.0396437165337542,2,1,0.6689999999999999,0.6191515867307376
BTC,2025-11-22,1763736300,long,0.04150643789077235,2,1,-0.15799999999999997,-0.14985523730497755
ETH,2025-11-24,1763745300,short,0.026256175012031924,2,1,0.16299999999999992,0.13396293142255628
ETH,2025-11-24,1763745300,long,0.020877851654408586,1,0,-0.15000000000000002,-0.23864436002591408
BTC,2025-11-23,1763745300,long,0.025207525057640456,1,0,0.59,0.44142195673405815
BTC,2025-11-24,1763745300,short,0.02736829341681557,2,1,0.20000000000000007,0.19395568607960348
BTC,2025-11-24,1763745300,long,0.02698738682271995,1,0,0.5700000000000001,0.40426279042607144
ETH,2025-11-24,1763745300,short,0.025995300502463792,1,0,-0.29000000000000004,-0.4134312773060113
ETH,2025-11-23,1763745300,short,0.05291428872235515,1,0,0.29000000000000004,0.26027496837485675
ETH,2025-11-23,1763745300,long,0.02572240187635977,1,0,-0.24000000000000002,-0.26864479523696644
ETH,2025-11-24,1763745300,short,0.03172498039644456,1,0,0.51,0.3718527899440923
ETH,2025-11-24,1763746200,long,0.02195619784172642,1,0,-0.29000000000000004,-0.40102668834598865
ETH,2025-11-22,1763746200,long,0.02957522638965382,2,1,-0.2700000000000001,-0.23875618896031692
BTC,2025-11-24,1763746200,long,0.020988334602611403,2,1,-0.062000000000000055,-0.09922387205529315
ETH,2025-11-24,1763747100,long,0.02301410338791121,1,0,-0.31,-0.42250348760113376
ETH,2025-11-24,1763747100,short,0.02698589661208861,1,0,-0.16,-0.24181047602519157
ETH,2025-11-22,1763747100,long,0.021702348834089502,1,0,0.20899999999999996,0.3005086033912695
ETH,2025-11-22,1763747100,short,0.04829765116591045,1,0,-0.5,-0.3780965147851828
ETH,2025-11-24,1763748000,long,0.021154085892337804,1,0,0.54,0.3899448052028362
ETH,2025-11-23,1763748000,long,0.02366770224297987,1,0,0.56,0.5144408137324138
ETH,2025-11-23,1763748000,short,0.03633229775702007,1,0,-0.21000000000000002,-0.24653951386838285
BTC,2025-11-24,1763748900,long,0.026381274202294414,2,1,-0.1499999999999999,-0.17805766356579739
ETH,2025-11-24,1763748900,long,0.022630178545321677,0,0,0.0,0.0
BTC,2025-11-23,1763748900,short,0.04166850793501953,2,1,0.262,0.314116786495206
BTC,2025-11-23,1763748900,long,0.027331492064980534,2,1,-0.19300000000000006,-0.24511678649520607
ETH,2025-11-23,1763748900,long,0.02000536248972362,0,0,0.0,0.0
ETH,2025-11-23,1763749800,short,0.025402754841323705,2,1,-0.7600000000000001,-0.7240271311402597
ETH,2025-11-23,1763749800,long,0.034597245158676015,1,0,0.63,0.5116418447282416
BTC,2025-11-23,1763751600,short,0.04819012770051412,2,1,0.2859999999999999,0.29368084923565835
BTC,2025-11-23,1763751600,long,0.024809872299485836,2,1,-0.21299999999999997,-0.2206808492356584
BTC,2025-11-23,1763753400,long,0.023738723067779022,2,1,-0.02299999999999998,-0.06208817714063038
ETH,2025-11-23,1763753400,short,0.04860122873360839,1,0,0.5700000000000001,0.5152049001533326
ETH,2025-11-24,1763753400,long,0.02064157498632735,1,0,0.17400000000000004,0.06440266841176534
ETH,2025-11-23,1763754300,long,0.025189067553592404,1,0,-0.31000000000000005,-0.20994892689288647
ETH,2025-11-23,1763754300,short,0.041810932446407656,1,0,0.35,0.2499489268928864
ETH,2025-11-23,1763757000,long,0.024005380832751166,1,0,-0.71,-0.5163819554993375
ETH,2025-11-23,1763757000,short,0.035994619167248776,1,0,-0.43000000000000005,-0.20699634631029218
BTC,2025-11-22,1763760600,short,0.02487097056231824,2,1,0.07899999999999999,0.06256431389874378
ETH,2025-11-23,1763761500,short,0.023513642924797407,1,0,-0.05,-0.07557127842134984
ETH,2025-11-23,1763761500,long,0.026486357075202527,1,0,-0.17,-0.223772949623163
BTC,2025-11-23,1763763300,long,0.028132825362129577,2,1,-0.08999999999999997,-0.15853169023524388
BTC,2025-11-24,1763763300,long,0.02386940401693005,2,1,-0.11000000000000001,-0.16615514951281476
BTC,2025-11-23,1763763300,short,0.021410685336868185,2,1,-0.7400000000000001,-0.6803890375042945
ETH,2025-11-22,1763764200,short,0.03127758759992627,2,1,-0.53,-0.5303062514476732
ETH,2025-11-22,1763764200,long,0.032722412400073564,2,1,0.594,0.5943062514476731
ETH,2025-11-24,1763766000,long,0.021557856059399638,0,0,0.0,0.0
BTC,2025-11-22,1763783100,short,0.10683195543854684,2,1,0.11400000000000002,0.14110755302724046
BTC,2025-11-24,1763795700,short,0.022969739899616592,2,1,-0.79,-0.702185233876109
ETH,2025-11-24,1763797500,short,0.02390610830806217,0,0,0.0,0.0
BTC,2025-11-25,1763831700,long,0.041419380145220286,2,1,-0.09000000000000002,-0.1743594041027041
ETH,2025-11-24,1763831700,short,0.020157009561576178,2,1,0.21699999999999997,0.11185781240174619
ETH,2025-11-25,1763831700,short,0.02378018092260059,0,0,0.0,0.0
ETH,2025-11-25,1763831700,long,0.041375249193476904,0,0,0.0,0.0
ETH,2025-11-25,1763831700,long,0.02076287630561846,0,0,0.0,0.0
BTC,2025-11-24,1763831700,long,0.031226434819280557,2,1,0.82,0.6948786347437297
BTC,2025-11-25,1763832600,long,0.024943388259278665,0,0,0.0,0.0
ETH,2025-11-25,1763832600,short,0.0270129085073878,0,0,0.0,0.0
ETH,2025-11-24,1763834400,long,0.033099831959926496,1,0,0.64,0.341141570025393
ETH,2025-11-25,1763834400,long,0.02013913498999198,0,0,0.0,0.0
BTC,2025-11-23,1763835300,long,0.031118783194872046,2,1,0.8280000000000001,0.5510525704141146
BTC,2025-11-24,1763835300,long,0.029827580235758377,2,1,-0.24,-0.2498263715197885
ETH,2025-11-23,1763835300,short,0.029130302540497865,2,1,0.21799999999999997,0.10473961910481991
ETH,2025-11-23,1763835300,long,0.02610714624807886,2,1,0.749,0.5849736414360855
BTC,2025-11-25,1763837100,short,0.023682946394807836,0,0,0.0,0.0
BTC,2025-11-25,1763838000,long,0.02501724132119043,1,0,0.42999999999999994,0.1982402398031444
BTC,2025-11-23,1763838000,short,0.026803412688576667,2,1,0.45200000000000007,0.5204377761121514
ETH,2025-11-24,1763838900,short,0.020182602686990903,1,0,0.63,0.33611379329655927
ETH,2025-11-23,1763841600,short,0.03133302964791962,2,1,0.5,0.48335407518112483
BTC,2025-11-25,1763844300,short,0.020913638665813528,1,0,-0.036,-0.07391981390473892
ETH,2025-11-24,1763849700,short,0.021987807132209047,1,0,0.17999999999999994,0.35772683833999364
ETH,2025-11-23,1763849700,long,0.04373196318306416,2,1,-0.15000000000000002,-0.025413061945908005
ETH,2025-11-24,1763849700,long,0.02838521122731641,1,0,0.124,-0.03803114888084963
BTC,2025-11-24,1763849700,short,0.023247070349685206,1,0,-0.39,-0.09119285624400814
ETH,2025-11-24,1763852400,short,0.04499173131800882,2,1,0.32000000000000006,0.27644729221857384
ETH,2025-11-24,1763852400,long,0.02500826868199124,2,1,-0.25,-0.20644729221857377
ETH,2025-11-24,1763856000,short,0.023534186327706874,1,0,-0.56,-0.29807018215870845
ETH,2025-11-24,1763856000,long,0.021265103025000842,1,0,0.06000000000000005,0.13096946868884068
BTC,2025-11-25,1763860500,long,0.022635521755416388,1,0,0.05700000000000005,0.09720131791641592
BTC,2025-11-24,1763862300,long,0.037222679059901065,2,1,-0.13200000000000003,-0.19737955614759378
BTC,2025-11-23,1763865900,long,0.029592481548106342,2,1,-0.31700000000000006,-0.25046531474010286
ETH,2025-11-23,1763865900,long,0.026973412265395957,2,1,-0.27,-0.3580631111184175
ETH,2025-11-23,1763865900,short,0.0503615625692454,2,1,-0.4580000000000001,-0.49797770091815835
BTC,2025-11-25,1763866800,short,0.023687335837860757,0,0,0.0,0.0
BTC,2025-11-25,1763866800,long,0.03631266416213941,1,0,0.32000000000000006,0.42765609671138993
BTC,2025-11-25,1763872200,short,0.022344882241660202,0,0,0.0,0.0
ETH,2025-11-23,1763873100,long,0.026783664160924037,2,1,-0.10499999999999998,-0.045421835164556654
ETH,2025-11-23,1763874000,long,0.8052974621168358,1,0,-0.12,-0.028865183458056762
BTC,2025-11-24,1763876700,short,0.022276119666356453,2,1,0.07799999999999999,0.12006457851719107
BTC,2025-11-24,1763886600,short,0.021819414887673694,2,1,-0.71,-0.6796502892713415
ETH,2025-11-25,1763910000,long,0.027213303922471788,1,0,-0.14,-0.28884303258261057
ETH,2025-11-26,1763918100,short,0.029672671846619036,1,0,0.5,0.22816996400578488
ETH,2025-11-26,1763918100,long,0.03387541310433906,0,0,0.0,0.0
ETH,2025-11-26,1763918100,short,0.024703168649543028,0,0,0.0,0.0
ETH,2025-11-26,1763918100,short,0.020125678019951465,0,0,0.0,0.0
BTC,2025-11-26,1763918100,long,0.02712249593826388,1,0,0.13,0.1812629285229746
BTC,2025-11-25,1763918100,long,0.050150084122373206,2,1,-0.17000000000000004,-0.18393753317833791
ETH,2025-11-24,1763919000,short,0.024136376514939606,2,1,0.1499999999999999,0.08108981077462181
ETH,2025-11-26,1763919000,long,0.03446768934178834,0,0,0.0,0.0
ETH,2025-11-25,1763919000,short,0.0311949431891686,2,1,0.24,0.18932101637532733
ETH,2025-11-26,1763919000,long,0.020647215498335703,1,0,0.49,0.2372010405719031
ETH,2025-11-26,1763919000,long,0.020137919052932052,0,0,0.0,0.0
ETH,2025-11-25,1763919900,short,0.020112954532350957,1,0,0.15000000000000002,0.30150154715339467
BTC,2025-11-26,1763919900,long,0.020036734445750826,0,0,0.0,0.0
BTC,2025-11-26,1763919900,long,0.02421385590824432,1,0,0.25,0.31952873814613625
ETH,2025-11-26,1763919900,short,0.028289108620816683,0,0,0.0,0.0
ETH,2025-11-26,1763919900,long,0.021710891379183472,0,0,0.0,0.0
ETH,2025-11-24,1763920800,long,0.028108632345382967,2,1,0.72,0.6455121559551446
BTC,2025-11-26,1763921700,long,0.023839850881379743,1,0,0.42999999999999994,0.520798975075713
ETH,2025-11-26,1763923500,long,0.02364355694178677,1,0,0.05500000000000005,0.10319531740983243
BTC,2025-11-25,1763923500,short,0.03543688719552407,1,0,-0.17000000000000004,-0.17055163940409213
BTC,2025-11-26,1763924400,short,0.027469905451066756,0,0,0.0,0.0
BTC,2025-11-26,1763927100,long,0.02294362087557733,0,0,0.0,0.0
BTC,2025-11-26,1763928000,long,0.02167629845943031,1,0,0.21999999999999997,0.1844440352817793
BTC,2025-11-26,1763930700,short,0.022188691695359197,2,1,0.20999999999999996,0.21344653495172444
ETH,2025-11-26,1763934300,long,0.021835761840571344,0,0,0.0,0.0
ETH,2025-11-24,1763935200,short,0.02559173240322954,1,0,0.32999999999999996,0.25460564966790705
BTC,2025-11-26,1763938800,short,0.022498624410714596,0,0,0.0,0.0
ETH,2025-11-26,1763938800,short,0.021802531726810015,2,1,0.12999999999999998,0.18757237094976437
ETH,2025-11-26,1763938800,short,0.02695808149663581,0,0,0.0,0.0
ETH,2025-11-26,1763938800,long,0.04204191850336403,1,0,-0.09,-0.18577811285916004
ETH,2025-11-26,1763940600,long,0.025793482774304266,1,0,-0.45999999999999996,-0.1899727162143801
ETH,2025-11-24,1763942400,long,0.029430291994946733,2,1,-0.12299999999999997,-0.2323389149617157
BTC,2025-11-24,1763942400,long,0.03079027118480626,2,1,0.68,0.6793793015118788
ETH,2025-11-26,1763942400,short,0.0218712051550356,1,0,-0.061000000000000054,0.04476058234899914
BTC,2025-11-24,1763943300,long,0.020745777530956078,2,1,-0.2400000000000001,-0.18318397665717936
BTC,2025-11-25,1763943300,long,0.03521901438232744,1,0,0.33000000000000007,0.4197875541710332
ETH,2025-11-24,1763945100,long,0.022822787651844978,2,1,-0.30000000000000004,-0.21698614414641965
ETH,2025-11-25,1763946900,long,0.023444627244099348,2,1,-0.20999999999999996,-0.15626374636502033
ETH,2025-11-24,1763949600,short,0.026271390725441712,2,1,-0.62,-0.5464717902721106
BTC,2025-11-25,1763949600,long,0.03220485926424366,2,1,-0.10200000000000004,-0.10702961204913261
ETH,2025-11-24,1763950500,short,0.0335485380874353,2,1,0.28200000000000003,0.29312842937887706
BTC,2025-11-24,1763951400,long,0.028962917130744836,1,0,-0.47000000000000003,-0.3875930201074295
BTC,2025-11-25,1763953200,short,0.02941019223182928,2,1,-0.74,-0.7352625197821985
BTC,2025-11-26,1763956800,short,0.024014500917272974,1,0,0.32999999999999996,0.2938020549135606
BTC,2025-11-24,1763958600,short,0.024952854377413458,2,1,0.21200000000000002,0.28118886882027566
BTC,2025-11-25,1763964900,short,0.025871178641422854,2,1,0.13099999999999995,0.14263252885454672
BTC,2025-11-24,1763965800,short,0.022976449425121892,2,1,0.20999999999999996,0.19792446046272963
ETH,2025-11-26,1763971200,short,0.020401450543598765,0,0,0.0,0.0
ETH,2025-11-26,1763971200,long,0.029598549456401058,0,0,0.0,0.0
ETH,2025-11-26,1763980200,short,0.020363537134910015,0,0,0.0,0.0
BTC,2025-11-26,1763982000,short,0.025059785230679643,1,0,0.18999999999999995,0.3009184448758316
BTC,2025-11-24,1763988300,short,0.03735320075612991,2,1,-0.52,-0.2079540782807517
BTC,2025-11-27,1764004500,short,0.03387105413621905,1,0,-0.37,0.01154773017313071
BTC,2025-11-27,1764004500,short,0.03204671465711195,1,0,-0.5800000000000001,-0.1916087699172621
ETH,2025-11-27,1764004500,short,0.031162500319414255,0,0,0.0,0.0
ETH,2025-11-27,1764004500,short,0.021046344897812652,1,0,-0.18000000000000005,0.04051851290315012
BTC,2025-11-27,1764004500,long,0.021911683627799272,1,0,0.10999999999999999,0.31654117736380316
ETH,2025-11-27,1764004500,long,0.02721477283640361,1,0,-0.75,-0.5112616269857246
BTC,2025-11-27,1764004500,long,0.033621978068992586,1,0,-0.04200000000000004,0.08952803502698733
ETH,2025-11-27,1764004500,short,0.030934452839973536,1,0,-0.75,-0.5112616269857246
ETH,2025-11-26,1764004500,short,0.030948979753989136,1,0,-0.32000000000000006,-0.12612861608395323
ETH,2025-11-26,1764004500,long,0.024696957495006,1,0,-0.32000000000000006,-0.12612861608395323
ETH,2025-11-26,1764004500,short,0.025303042504993933,2,1,0.20999999999999996,0.14971081760349858
ETH,2025-11-26,1764005400,short,0.020031990119289023,1,0,-0.030000000000000027,-0.01031314185281337
ETH,2025-11-27,1764005400,long,0.025757115212532655,0,0,0.0,0.0
ETH,2025-11-27,1764005400,short,0.026352017687180207,1,0,0.17999999999999994,0.31170461714228204
ETH,2025-11-27,1764005400,long,0.03111329588822298,1,0,0.17999999999999994,0.31170461714228204
ETH,2025-11-26,1764005400,long,0.026404915799211448,2,1,0.78,0.7720902179665292
ETH,2025-11-26,1764005400,short,0.023595084200788485,1,0,-0.44000000000000006,-0.36323247802028
ETH,2025-11-27,1764005400,short,0.02378716400168379,0,0,0.0,0.0
BTC,2025-11-26,1764005400,long,0.026723632392229302,1,0,0.10999999999999999,0.11884764490042256
BTC,2025-11-27,1764006300,long,0.022961796035536386,1,0,-0.13,0.07715527131909652
ETH,2025-11-27,1764006300,short,0.0286850453823303,1,0,-0.040000000000000036,0.02313945242000534
ETH,2025-11-26,1764006300,long,0.04072612526090391,1,0,0.16000000000000003,0.1965096259985056
ETH,2025-11-27,1764006300,long,0.03510791824080095,1,0,-0.040000000000000036,0.02313945242000534
ETH,2025-11-25,1764007200,long,0.0253588529148272,2,1,-0.188,-0.17444514232675226
ETH,2025-11-25,1764007200,short,0.026641147085172956,2,1,0.24000000000000007,0.22644514232675234
ETH,2025-11-25,1764007200,long,0.0253588529148272,2,1,-0.188,-0.17444514232675226
ETH,2025-11-25,1764007200,short,0.026641147085172956,2,1,0.24000000000000007,0.22644514232675234
ETH,2025-11-26,1764007200,short,0.026735316000248144,2,1,0.22999999999999998,0.22437915603412747
ETH,2025-11-26,1764007200,long,0.02326468399975168,2,1,-0.18000000000000005,-0.17437915603412754
BTC,2025-11-27,1764008100,short,0.02017793108156174,1,0,-0.65,-0.3870233613163284
BTC,2025-11-27,1764008100,long,0.03727493249467684,0,0,0.0,0.0
ETH,2025-11-27,1764008100,short,0.03209446813297556,0,0,0.0,0.0
ETH,2025-11-27,1764008100,long,0.02790553186702449,0,0,0.0,0.0
BTC,2025-11-26,1764008100,short,0.03648224719534077,2,1,0.27999999999999997,0.2765073830998152
BTC,2025-11-26,1764008100,long,0.023517752804659064,2,1,-0.22000000000000008,-0.21650738309981532
BTC,2025-11-25,1764009000,short,0.021832637352324435,2,1,0.35999999999999993,0.32555082230978744
BTC,2025-11-26,1764010800,long,0.023106139270338,2,1,-0.08700000000000008,-0.05306362823180783
ETH,2025-11-27,1764010800,long,0.020032896311128923,0,0,0.0,0.0
ETH,2025-11-27,1764010800,short,0.0299671036888709,1,0,-0.07000000000000006,-0.013326410298500138
ETH,2025-11-26,1764011700,short,0.02156491682759787,1,0,-0.026000000000000002,-0.016989446178908782
BTC,2025-11-26,1764011700,short,0.026616973777680353,2,1,-0.78,-0.7557069838732328
ETH,2025-11-25,1764012600,short,0.02702877694147221,2,1,0.12100000000000002,0.06545601916646215
BTC,2025-11-27,1764014400,short,0.02252976865415357,1,0,-0.09999999999999998,0.07161109911962149
BTC,2025-11-26,1764017100,long,0.020480986041558014,1,0,-0.053,-0.014146704058835051
ETH,2025-11-26,1764018000,long,0.020950830464947945,0,0,0.0,0.0
BTC,2025-11-26,1764018000,short,0.02830843963191576,2,1,0.28,0.28682281733071535
BTC,2025-11-27,1764019800,short,0.02337639779010081,0,0,0.0,0.0
BTC,2025-11-27,1764025200,long,0.024787026101010357,1,0,0.42000000000000004,0.13834456197730577
BTC,2025-11-27,1764025200,short,0.025212973898989688,1,0,0.6499999999999999,0.37851131072611005
BTC,2025-11-25,1764025200,long,0.027735378170578695,1,0,-0.63,-0.359593115001159
ETH,2025-11-26,1764028800,long,0.026081191710576768,1,0,-0.15000000000000002,-0.14282388244217198
ETH,2025-11-26,1764028800,short,0.021918808289422942,1,0,-0.053,-0.04984333047081413
BTC,2025-11-25,1764029700,short,0.020087959966457625,2,1,0.134,0.202078567031854
ETH,2025-11-27,1764030600,long,0.025397122791323223,0,0,0.0,0.0
ETH,2025-11-27,1764030600,short,0.027602877208676935,0,0,0.0,0.0
BTC,2025-11-27,1764031500,short,0.020642416600379354,0,0,0.0,0.0
BTC,2025-11-25,1764036000,long,0.027002804699854277,2,1,0.6299999999999999,0.5879155093693441
BTC,2025-11-27,1764036900,long,0.02536735824648728,1,0,-0.050000000000000044,0.08356579082149598
ETH,2025-11-26,1764036900,short,0.020996266427556143,1,0,0.30000000000000004,0.3706331333404989
BTC,2025-11-26,1764043200,long,0.030834039193645912,2,1,0.77,0.7715249907318887
ETH,2025-11-27,1764057600,long,0.02143844503294745,0,0,0.0,0.0
ETH,2025-11-26,1764057600,long,0.028255905933060266,2,1,0.73,0.6961892223886652
ETH,2025-11-26,1764057600,short,0.02174409406693989,1,0,-0.21000000000000002,-0.31636909586675765
BTC,2025-11-27,1764061200,long,0.03478898677546827,2,1,-0.16000000000000003,-0.025241017646758623
BTC,2025-11-26,1764062100,long,0.03035201300331658,1,0,-0.35,-0.20050053201331827
BTC,2025-11-26,1764081000,short,0.02402718995353892,2,1,0.21999999999999997,0.17401304981233928
BTC,2025-11-27,1764081900,short,0.028233740604734603,2,1,0.14700000000000002,-0.030308139329289302
ETH,2025-11-26,1764084600,long,0.03870511263677412,1,0,-0.18000000000000005,-0.014072488742213396
ETH,2025-11-28,1764090900,long,0.021733506758380816,2,1,-0.09000000000000005,-0.13673346302692335
ETH,2025-11-27,1764090900,short,0.041367035001916075,1,0,0.38,0.2084343848278253
BTC,2025-11-27,1764090900,short,0.036048674708670014,2,1,0.29999999999999993,0.24723594369599192
ETH,2025-11-28,1764090900,short,0.02877154404285487,1,0,0.20999999999999996,0.09767838012164859
BTC,2025-11-28,1764090900,short,0.028210442774587285,2,1,0.18999999999999995,0.09928840619500758
BTC,2025-11-28,1764090900,long,0.03242274333530992,2,1,-0.06000000000000005,0.031179231055215903
BTC,2025-11-28,1764090900,short,0.02612698222345977,1,0,-0.55,-0.20308818509383503
BTC,2025-11-28,1764090900,short,0.03541482228517334,2,1,0.25,0.22332891355910953
BTC,2025-11-28,1764090900,long,0.0203973341887127,2,1,-0.04799999999999996,-0.1333415020063246
ETH,2025-11-27,1764091800,short,0.023601789457556643,1,0,0.69,0.4846383164795706
ETH,2025-11-27,1764091800,long,0.0263982105424434,2,1,-0.2499999999999999,-0.26618233158605453
ETH,2025-11-27,1764091800,short,0.023601789457556643,1,0,0.69,0.4846383164795706
ETH,2025-11-27,1764091800,long,0.0263982105424434,2,1,-0.2499999999999999,-0.26618233158605453
ETH,2025-11-28,1764091800,long,0.02833503284660832,0,0,0.0,0.0
ETH,2025-11-28,1764091800,short,0.0216649671533915,0,0,0.0,0.0
ETH,2025-11-28,1764091800,long,0.02063187049482229,0,0,0.0,0.0
BTC,2025-11-27,1764091800,short,0.030805404325648822,2,1,0.2699999999999999,0.40192137341285594
ETH,2025-11-28,1764091800,long,0.02833503284660832,0,0,0.0,0.0
ETH,2025-11-28,1764091800,short,0.0216649671533915,0,0,0.0,0.0
BTC,2025-11-28,1764091800,long,0.02118881757154223,2,1,-0.14,-0.04859646694999682
ETH,2025-11-28,1764091800,long,0.022656619446489223,0,0,0.0,0.0
ETH,2025-11-27,1764091800,short,0.02798466439888292,1,0,-0.050000000000000044,0.030725911367748673
ETH,2025-11-28,1764091800,short,0.023760186334121913,0,0,0.0,0.0
BTC,2025-11-28,1764091800,short,0.021206524019519946,1,0,-0.09,-0.2646185181448565
ETH,2025-11-26,1764092700,long,0.02026496626498342,2,1,0.63,0.6291982646298798
ETH,2025-11-27,1764092700,short,0.02024460377580417,2,1,0.11400000000000002,0.1753281346209005
ETH,2025-11-27,1764092700,long,0.025755396224195648,0,0,0.0,0.0
BTC,2025-11-27,1764092700,long,0.030145700267257602,1,0,0.78,0.42292045283583796
BTC,2025-11-27,1764092700,long,0.028909992465331102,1,0,0.03600000000000003,-0.066610602051843
ETH,2025-11-27,1764092700,long,0.026540658474637047,2,1,0.82,0.7523849127624306
ETH,2025-11-28,1764093600,short,0.02108213182611174,1,0,0.41000000000000003,0.22917907307884844
ETH,2025-11-27,1764094500,long,0.031205790861417837,2,1,0.82,0.7539290909920988
ETH,2025-11-27,1764094500,short,0.028794209138582216,1,0,-0.64,-0.45967206068991573
ETH,2025-11-28,1764094500,short,0.026916237842199875,0,0,0.0,0.0
ETH,2025-11-28,1764094500,long,0.02308376215780017,0,0,0.0,0.0
ETH,2025-11-28,1764094500,long,0.021777891054727272,0,0,0.0,0.0
BTC,2025-11-26,1764095400,long,0.020078839949668748,2,1,-0.32,-0.34236657891003747
ETH,2025-11-26,1764095400,short,0.02398827687290206,2,1,0.2499999999999999,0.2508784488777223
ETH,2025-11-26,1764097200,long,0.025736987289242785,2,1,-0.26,-0.2104120058766959
BTC,2025-11-27,1764098100,long,0.020229904994673698,2,1,-0.26,-0.25510859706313443
ETH,2025-11-28,1764098100,long,0.028852985039145906,2,1,-0.039999999999999925,0.02204737152126244
BTC,2025-11-27,1764098100,long,0.023055217850310505,1,0,-0.04,-0.1882869384672914
BTC,2025-11-28,1764098100,long,0.040916539302432664,1,0,-0.6000000000000001,-0.19350011265021155
ETH,2025-11-27,1764098100,long,0.027758030145253132,1,0,-0.48,-0.16505850448371412
BTC,2025-11-28,1764098100,long,0.027370768604579432,1,0,0.62,0.21350011265021146
BTC,2025-11-28,1764099000,short,0.023325617650565733,1,0,0.08999999999999997,0.2401172507114136
BTC,2025-11-27,1764099000,short,0.03007689164948768,2,1,-0.9,-0.7229320356430244
ETH,2025-11-27,1764099000,long,0.020294053191998618,0,0,0.0,0.0
ETH,2025-11-28,1764099000,short,0.02865976392080616,1,0,-0.031000000000000028,0.012752200780156868
ETH,2025-11-26,1764099000,short,0.0245510122768533,1,0,-0.03200000000000003,0.022572455953876407
BTC,2025-11-28,1764099900,short,0.020464417673724755,1,0,-0.08999999999999997,0.12252540099229631
BTC,2025-11-28,1764099900,short,0.020858509293577354,0,0,0.0,0.0
ETH,2025-11-27,1764099900,long,0.026524076089596615,1,0,-0.19999999999999996,0.024878914660763807
ETH,2025-11-27,1764099900,short,0.03347592391040333,1,0,-0.06000000000000005,0.05686056650810216
BTC,2025-11-28,1764101700,long,0.021121469387247682,1,0,-0.07000000000000006,0.09616135558121758
ETH,2025-11-28,1764104400,long,0.021615448923536507,1,0,0.08999999999999997,-0.0036900662708126003
BTC,2025-11-26,1764105300,short,0.03916115926797614,2,1,0.287,0.3666022885985862
ETH,2025-11-26,1764112500,long,0.029550692968931758,2,1,-0.27999999999999997,-0.2154222473776357
ETH,2025-11-26,1764124200,short,0.022513964430492917,2,1,0.2700000000000001,0.2238050352967816
BTC,2025-11-26,1764127800,short,0.03138368223453436,2,1,-0.55,-0.5573290383108105
BTC,2025-11-26,1764131400,long,0.025722403715251918,2,1,0.5,0.5344447704199893
ETH,2025-11-26,1764144900,short,0.025152987161560225,2,1,-0.4,-0.36344346016462614
BTC,2025-11-27,1764169200,long,0.028373480175042154,2,1,-0.21000000000000008,0.2009637082905728
ETH,2025-11-29,1764177300,short,0.026294574463570974,1,0,-0.36,-0.2248923287940024
ETH,2025-11-29,1764177300,short,0.031076840341277112,0,0,0.0,0.0
BTC,2025-11-28,1764177300,long,0.024154351155478482,1,0,0.05900000000000005,0.20646534575864156
BTC,2025-11-29,1764177300,short,0.028427667856112837,1,0,-0.48,-0.0888514320617248
BTC,2025-11-28,1764177300,short,0.0418843475482239,1,0,-0.5,-0.06795422872814783
BTC,2025-11-27,1764178200,short,0.05527950717240859,2,1,0.48,0.5751607221130532
ETH,2025-11-29,1764178200,long,0.02091102388049304,0,0,0.0,0.0
BTC,2025-11-29,1764178200,long,0.02163440882374923,0,0,0.0,0.0
BTC,2025-11-29,1764178200,short,0.031195051788814543,1,0,-0.65,-0.3746200148115045
BTC,2025-11-27,1764179100,long,0.021641393259390185,2,1,0.715,0.49146860899760203
ETH,2025-11-28,1764179100,short,0.020560851596149066,0,0,0.0,0.0
BTC,2025-11-28,1764180000,long,0.038087019398292954,1,0,0.06400000000000006,0.11194380846516894
ETH,2025-11-27,1764180000,short,0.037678886467346184,0,0,0.0,0.0
ETH,2025-11-28,1764180000,long,0.041787972530608064,0,0,0.0,0.0
BTC,2025-11-29,1764180000,long,0.02408115108744302,1,0,0.55,0.3999373680901394
ETH,2025-11-29,1764180000,short,0.03593993660441941,1,0,-0.07000000000000006,-0.09380444169090843
ETH,2025-11-28,1764180000,long,0.02514203496641798,0,0,0.0,0.0
ETH,2025-11-28,1764180000,short,0.022204474919822137,1,0,-0.050000000000000044,-0.05415644533951785
ETH,2025-11-27,1764180000,long,0.02669387309657112,1,0,0.039000000000000035,0.030935205159061726
BTC,2025-11-29,1764180900,long,0.032964085690906586,1,0,0.07000000000000006,0.12402601721807158
BTC,2025-11-28,1764180900,short,0.029542118220116764,0,0,0.0,0.0
ETH,2025-11-28,1764180900,short,0.047052641208684465,0,0,0.0,0.0
BTC,2025-11-27,1764180900,short,0.02736653258672339,0,0,0.0,0.0
BTC,2025-11-29,1764181800,long,0.02072841286635385,0,0,0.0,0.0
ETH,2025-11-27,1764182700,short,0.023774153700588774,0,0,0.0,0.0
ETH,2025-11-28,1764182700,long,0.02111269540156946,0,0,0.0,0.0
ETH,2025-11-28,1764182700,short,0.02019605392652024,0,0,0.0,0.0
ETH,2025-11-27,1764186300,long,0.02104788927389256,1,0,0.17900000000000005,0.13587062777287476
BTC,2025-11-27,1764188100,long,0.021022260929437042,2,1,-0.07999999999999997,-0.2056949979746302
ETH,2025-11-28,1764189900,long,0.027267622435347416,1,0,-0.44000000000000006,-0.40823416750577457
ETH,2025-11-27,1764189900,short,0.025186492414987716,2,1,0.14400000000000004,0.15900091656547427
BTC,2025-11-27,1764201600,short,0.06613582608803048,2,1,-0.476,-0.3964491295493335
BTC,2025-11-27,1764201600,long,0.034836383856270636,2,1,-0.2799999999999999,-0.1277852006074383
ETH,2025-11-27,1764201600,short,0.02247250102546594,1,0,-0.029000000000000026,-0.03158264365956136
ETH,2025-11-27,1764202500,long,0.028532259206399457,1,0,-0.43000000000000005,-0.39375306759842443
BTC,2025-11-28,1764202500,short,0.02178773465627515,1,0,-0.44999999999999996,-0.33273723180872183
BTC,2025-11-28,1764202500,long,0.02221226534372489,1,0,0.21999999999999997,0.308190737537131
ETH,2025-11-27,1764202500,long,0.020399374449268093,1,0,-0.06000000000000005,-0.04723260004481431
BTC,2025-11-28,1764202500,short,0.027969082279732604,1,0,-0.16000000000000003,-0.08246704081112731
BTC,2025-11-28,1764202500,long,0.02203091772026733,1,0,-0.44999999999999996,-0.33273723180872183
BTC,2025-11-28,1764202500,long,0.045835066113586675,1,0,-0.16000000000000003,-0.08246704081112731
ETH,2025-11-28,1764203400,short,0.023044314328886872,1,0,-0.43000000000000005,-0.4128868974607241
BTC,2025-11-28,1764203400,long,0.023439920811685555,1,0,-0.050000000000000044,-0.020079571833247937
ETH,2025-11-29,1764204300,long,0.050532982607703,1,0,-0.42000000000000004,-0.471237514429384
ETH,2025-11-29,1764205200,long,0.030138882448740523,1,0,0.14200000000000002,0.09456578092186069
BTC,2025-11-29,1764205200,short,0.09350531138137286,1,0,-0.06000000000000005,-0.03456584493160267
BTC,2025-11-29,1764206100,short,0.033071171673951905,0,0,0.0,0.0
ETH,2025-11-27,1764210600,long,0.04697968390889051,0,0,0.0,0.0
BTC,2025-11-29,1764210600,long,0.02580390135195909,1,0,-0.030000000000000027,-0.04652991414040726
SOL,2025-11-29,1764214200,short,0.11020443785900813,0,0,0.0,0.0
SOL,2025-11-28,1764214200,long,0.03686149643532055,0,0,0.0,0.0
SOL,2025-11-28,1764214200,short,0.03755811634346362,1,0,-0.65,-0.432105037630417
SOL,2025-11-29,1764214200,long,0.08545036953788143,0,0,0.0,0.0
SOL,2025-11-28,1764214200,short,0.07280083119738479,0,0,0.0,0.0
SOL,2025-11-27,1764214200,short,0.04710257046382754,2,1,-0.24400000000000005,-0.28300439620468754
SOL,2025-11-28,1764215100,short,0.03312587907113862,1,0,-0.64,-0.4348227189372746
SOL,2025-11-28,1764215100,long,0.020874120928861206,0,0,0.0,0.0
SOL,2025-11-28,1764216000,short,0.02481089789788038,0,0,0.0,0.0
SOL,2025-11-27,1764216000,short,0.05174680487265662,2,1,-0.22799999999999995,-0.2539333361758254
SOL,2025-11-27,1764216000,long,0.024253195127343474,2,1,0.30400000000000005,0.32993333617582554
ETH,2025-11-29,1764217800,long,0.02349847446388109,0,0,0.0,0.0
ETH,2025-11-29,1764220500,long,0.020509723107930977,0,0,0.0,0.0
XRP,2025-11-28,1764222300,long,0.08595884696572731,0,0,0.0,0.0
SOL,2025-11-28,1764222300,long,0.027750731094155823,1,0,0.026000000000000023,-0.005305870151350846
BTC,2025-11-29,1764225000,long,0.025273001393556926,2,1,-0.050999999999999934,-0.0648060735490313
SOL,2025-11-28,1764230400,long,0.0655985172393998,1,0,-0.71,-0.43830977217881906
SOL,2025-11-28,1764230400,short,0.03440148276060029,1,0,-0.14,0.060766032626289185
BTC,2025-11-29,1764230400,long,0.023297343293155137,1,0,-0.26,-0.3094050462434357
XRP,2025-11-28,1764233100,long,0.05715939048125773,1,0,-0.14,-0.12798974061262874
SOL,2025-11-29,1764233100,long,0.03741906588503019,2,1,-0.42000000000000004,-0.35395411685782946
SOL,2025-11-29,1764233100,short,0.022580934114969864,0,0,0.0,0.0
XRP,2025-11-29,1764234900,long,0.050822107440829045,1,0,-0.19999999999999996,-0.16239856378678766
SOL,2025-11-29,1764234900,short,0.03947900736397625,1,0,-0.61,-0.4008126668607115
SOL,2025-11-29,1764234900,long,0.020520992636023694,1,0,0.07999999999999996,0.16478862244064155
XRP,2025-11-28,1764238500,short,0.04201899602048231,2,1,0.137,0.13508428886205645
XRP,2025-11-29,1764238500,short,0.06115164508145832,0,0,0.0,0.0
XRP,2025-11-27,1764240300,short,0.04446645256888415,2,1,0.608,0.4336909167341341
XRP,2025-11-27,1764240300,long,0.04653354743111593,0,0,0.0,0.0
XRP,2025-11-27,1764240300,short,0.04446645256888415,2,1,0.608,0.4336909167341341
XRP,2025-11-27,1764240300,long,0.04653354743111593,0,0,0.0,0.0
ETH,2025-11-29,1764263700,short,0.029020411540512825,2,1,0.30999999999999994,0.32656718736409385
BTC,2025-11-30,1764263700,short,0.0334533365358074,1,0,-0.27,-0.23761492391305747
ETH,2025-11-30,1764263700,short,0.03614553335539339,0,0,0.0,0.0
ETH,2025-11-30,1764263700,short,0.02039141200402017,1,0,0.28,0.33205475472752666
BTC,2025-11-30,1764263700,short,0.026372133712462054,1,0,0.44999999999999996,0.4871027059324632
ETH,2025-11-30,1764263700,long,0.03340683988182258,0,0,0.0,0.0
BTC,2025-11-28,1764263700,long,0.02567065309516825,2,1,0.607,0.5771117386990722
BTC,2025-11-29,1764264600,short,0.03748816475434491,1,0,-0.06000000000000005,-0.08493132198372516
ETH,2025-11-30,1764264600,long,0.021037499038034868,1,0,0.28,0.334210196477201
ETH,2025-11-30,1764264600,short,0.028962500961965065,0,0,0.0,0.0
ETH,2025-11-30,1764264600,long,0.021037499038034868,1,0,0.28,0.334210196477201
ETH,2025-11-30,1764264600,short,0.028962500961965065,0,0,0.0,0.0
BTC,2025-11-29,1764265500,short,0.020921163733187642,2,1,-0.6599999999999999,-0.6489355954311229
BTC,2025-11-30,1764265500,long,0.023389077477938836,1,0,0.05600000000000005,0.06875883517724582
ETH,2025-11-28,1764265500,short,0.039091914071327505,2,1,0.16799999999999995,0.18142125108874363
ETH,2025-11-29,1764265500,long,0.02026858306935364,1,0,0.24,0.2086156196273502
ETH,2025-11-28,1764266400,long,0.02925974328756009,1,0,0.18999999999999995,0.19663606040462173
SOL,2025-11-30,1764266400,long,0.0381078090234106,0,0,0.0,0.0
SOL,2025-11-30,1764266400,short,0.027892190976589237,0,0,0.0,0.0
SOL,2025-11-30,1764266400,long,0.0381078090234106,0,0,0.0,0.0
SOL,2025-11-30,1764266400,short,0.027892190976589237,0,0,0.0,0.0
BTC,2025-11-29,1764267300,long,0.028632673074087345,2,1,-0.252,-0.22458981461928315
ETH,2025-11-30,1764267300,short,0.03939386686001112,0,0,0.0,0.0
ETH,2025-11-30,1764267300,long,0.020606133139988714,0,0,0.0,0.0
BTC,2025-11-28,1764269100,long,0.0369319354101878,2,1,-0.34400000000000003,-0.2233096627125783
BTC,2025-11-30,1764271800,long,0.028152869526423707,1,0,-0.43,-0.4482717651226482
BTC,2025-11-28,1764272700,short,0.022098360369303793,2,1,0.137,0.21812646466085517
XRP,2025-11-28,1764272700,short,0.022933300722662087,1,0,-0.025,-0.0035079980015353188
BTC,2025-11-30,1764275400,long,0.026866283456814966,0,0,0.0,0.0
ETH,2025-11-29,1764278100,short,0.024238167606626893,1,0,-0.074,-0.02774435170723997
BTC,2025-11-30,1764278100,short,0.025770601554043204,2,1,0.20000000000000007,0.18196439830737782
ETH,2025-11-28,1764278100,short,0.034938678544294555,1,0,0.31999999999999995,0.39201038934486765
ETH,2025-11-30,1764279900,long,0.024984168900391124,1,0,-0.3,-0.30504249256673655
ETH,2025-11-28,1764280800,long,0.030356275622388518,1,0,0.05899999999999994,0.07289895312260579
BTC,2025-11-30,1764283500,short,0.02079745079223827,1,0,0.10999999999999999,0.07195715118798729
BTC,2025-11-30,1764283500,long,0.02010640084714166,1,0,0.017000000000000015,0.010330341510722353
ETH,2025-11-29,1764283500,long,0.02271102595970942,2,1,0.6699999999999999,0.6793151504941302
ETH,2025-11-29,1764283500,short,0.03728897404029041,1,0,-0.18000000000000002,-0.15651535380521492
BTC,2025-11-29,1764284400,long,0.023435527362064557,1,0,0.26,0.30565876807847886
BTC,2025-11-30,1764284400,short,0.02075426373157263,1,0,-0.052000000000000005,-0.06785915822924445
BTC,2025-11-30,1764286200,short,0.02208520504776257,1,0,-0.4,-0.45379583273088553
BTC,2025-11-30,1764286200,long,0.027914794952237365,1,0,0.28,0.23311819264669026
ETH,2025-11-30,1764292500,long,0.020944325920794427,0,0,0.0,0.0
ETH,2025-11-29,1764293400,short,0.021409747947703228,2,1,0.15699999999999995,0.15989972788283868
ETH,2025-11-29,1764293400,long,0.023590252052296812,1,0,-0.16,-0.16424544515813663
BTC,2025-11-28,1764295200,long,0.031012413649348147,2,1,-0.238,-0.22192939939909764
BTC,2025-11-28,1764303300,short,0.03500962687163389,2,1,0.25900000000000006,0.17232405511082388
ETH,2025-11-29,1764310500,long,0.028059121469842907,2,1,-0.29000000000000004,-0.32419788636418634
BTC,2025-11-29,1764312300,long,0.022929819913465987,0,0,0.0,0.0
BTC,2025-11-30,1764316800,long,0.0365346188287583,1,0,-0.31000000000000005,-0.18491420501348718
ETH,2025-11-29,1764317700,long,0.02171417588336011,2,1,-0.061999999999999944,-0.08138433533668263
ETH,2025-11-28,1764320400,long,0.0280241633091467,2,1,-0.20099999999999998,0.06132498751026946
ETH,2025-11-30,1764328500,short,0.02024484328851317,0,0,0.0,0.0
BTC,2025-11-29,1764337500,short,0.025455394841009893,2,1,0.405,0.2769168399562121
BTC,2025-11-28,1764339300,short,0.02467562063672435,2,1,-0.6960000000000001,0.11512583914707508
BTC,2025-11-29,1764339300,long,0.03318393875864878,2,1,-0.031000000000000028,-0.12128284371265062
ETH,2025-11-29,1764340200,short,0.03596128108645291,2,1,0.17799999999999994,0.40665012826404473
ETH,2025-11-28,1764340200,long,0.03649676516074374,2,1,0.039000000000000035,0.048706670949405645
ETH,2025-11-30,1764342000,short,0.03559357281182052,1,0,-0.03,-0.012579305014220641
ETH,2025-11-30,1764350100,short,0.03678059662180988,1,0,0.21999999999999997,0.2798369947847619
BTC,2025-12-01,1764350100,long,0.03377728244976641,2,1,-0.29000000000000004,-0.2934181341264812
BTC,2025-12-01,1764350100,long,0.028063554455144857,2,1,-0.2,0.20673459738313543
ETH,2025-11-30,1764350100,long,0.023380892788746666,2,1,-0.28,-0.24275821412993645
ETH,2025-11-30,1764350100,short,0.02661910721125338,2,1,0.32999999999999996,0.29275821412993636
ETH,2025-12-01,1764350100,short,0.021118331811673663,0,0,0.0,0.0
ETH,2025-12-01,1764350100,short,0.020517396387438214,0,0,0.0,0.0
BTC,2025-12-01,1764351000,long,0.03136354740511149,1,0,0.61,-0.28179392028227357
ETH,2025-11-30,1764351000,short,0.02564076671835014,1,0,-0.41000000000000003,-0.32565177890939134
BTC,2025-11-30,1764351000,short,0.020825286993667147,2,1,-0.5700000000000001,-0.5124866035978812
BTC,2025-11-30,1764351900,short,0.03410549743713187,2,1,0.17699999999999996,0.32147375912533965
ETH,2025-12-01,1764351900,long,0.02053547071306938,0,0,0.0,0.0
BTC,2025-12-01,1764351900,short,0.025503237636870568,2,1,0.06899999999999998,-0.14424631772546573
BTC,2025-11-30,1764352800,long,0.031816224969411167,2,1,-0.00799999999999998,-0.05378412159723929
ETH,2025-11-30,1764352800,long,0.028653501521702207,1,0,-0.06000000000000005,-0.05101175027932607
ETH,2025-12-01,1764352800,long,0.020930714115588334,0,0,0.0,0.0
ETH,2025-12-01,1764352800,short,0.02906928588441171,0,0,0.0,0.0
ETH,2025-12-01,1764352800,long,0.024483947528978423,1,0,0.33000000000000007,-0.490205465512098
ETH,2025-12-01,1764352800,long,0.027181138118975268,0,0,0.0,0.0
ETH,2025-12-01,1764353700,short,0.026611210720997702,0,0,0.0,0.0
ETH,2025-11-30,1764353700,long,0.023838615624336867,0,0,0.0,0.0
BTC,2025-11-29,1764353700,long,0.027083058782974012,2,1,-0.13999999999999999,-0.15997909476423264
BTC,2025-11-29,1764353700,short,0.045703349676224136,2,1,-0.37,-0.3673330655422629
ETH,2025-11-29,1764354600,long,0.020845487376569105,2,1,0.45000000000000007,0.4891364415907822
ETH,2025-11-29,1764354600,short,0.02027318829765279,2,1,0.259,0.3881262907807571
BTC,2025-12-01,1764359100,short,0.022991110347958088,0,0,0.0,0.0
BTC,2025-12-01,1764360000,short,0.02156607467580629,1,0,-0.68,0.2594989155398163
BTC,2025-11-30,1764360000,long,0.03336483925575795,2,1,-0.22199999999999998,-0.301132240034605
ETH,2025-11-30,1764367200,long,0.03409143099805134,1,0,-0.21000000000000002,-0.22223185204351065
ETH,2025-12-01,1764368100,long,0.022834195550118563,1,0,-0.08,0.31175077565610504
BTC,2025-11-29,1764370800,long,0.020653809127868517,2,1,0.22999999999999998,0.22208697240547337
ETH,2025-11-30,1764374400,long,0.0331222812326597,1,0,0.20999999999999996,0.2401911610104627
ETH,2025-11-30,1764378900,long,0.02780414121456709,1,0,-0.027999999999999997,-0.01993641291633874
ETH,2025-11-29,1764384300,long,0.027314965884208453,1,0,-0.04,0.022705841080783114
ETH,2025-11-29,1764387000,short,0.022410971862566742,2,1,-0.26999999999999996,-0.39595653017675736
ETH,2025-11-29,1764387000,long,0.03758902813743337,2,1,0.33000000000000007,0.45595653017675747
BTC,2025-12-01,1764398700,long,0.020332288676250476,2,1,-0.07399999999999995,-0.434341042904426
ETH,2025-11-29,1764399600,long,0.027281782830380408,2,1,-0.387,-0.42930030694273535
BTC,2025-11-30,1764403200,long,0.02138137111341054,2,1,0.47,0.3577754405294589
BTC,2025-11-30,1764405900,long,0.03416476971444937,2,1,-0.235,-0.021162215245880217
ETH,2025-12-01,1764408600,short,0.023337677778853094,0,0,0.0,0.0
BTC,2025-12-02,1764436500,long,0.02501566079746631,1,0,0.05800000000000005,0.06500769506155772
ETH,2025-12-01,1764436500,short,0.02909651374499711,2,1,0.1509999999999999,0.5789260075378277
ETH,2025-12-02,1764436500,short,0.021205148796198947,1,0,0.25,0.23173178751190998
BTC,2025-12-01,1764436500,long,0.020397483182595932,2,1,-0.36,-0.25068099045072545
BTC,2025-12-02,1764437400,long,0.02790676036137496,2,1,-0.19000000000000006,-0.18175768293585085
ETH,2025-11-30,1764437400,short,0.03496803194860676,2,1,0.45999999999999996,0.29613661880979747
ETH,2025-12-02,1764438300,short,0.026291135731497328,0,0,0.0,0.0
ETH,2025-12-02,1764438300,long,0.020720859250611845,0,0,0.0,0.0
BTC,2025-11-30,1764438300,short,0.021205132444060304,2,1,-0.4,-0.2680100345216374
ETH,2025-12-02,1764438300,long,0.023364269581014785,1,0,-0.26,-0.21372734373494093
ETH,2025-11-30,1764438300,short,0.04861719637507855,2,1,-0.5900000000000001,-0.36324653352305847
ETH,2025-12-02,1764439200,long,0.022228025894057035,2,1,0.78,0.7512628776767153
ETH,2025-12-02,1764439200,short,0.02546447537747354,2,1,0.14999999999999997,0.18479235984240597
ETH,2025-12-01,1764439200,long,0.03667765448052296,1,0,0.4099999999999999,-0.4691712742025258
ETH,2025-12-02,1764440100,long,0.02161552882355111,1,0,-0.54,-0.45913680727639405
BTC,2025-12-02,1764441000,short,0.021807407543076862,1,0,0.22999999999999998,0.17137968576147877
BTC,2025-12-01,1764441000,short,0.021534568408956622,1,0,0.956,0.6931433307689036
ETH,2025-12-01,1764441000,long,0.027451522890872493,1,0,0.13,-0.34262519670719593
BTC,2025-11-30,1764441000,short,0.03076377267640451,1,0,-0.04600000000000004,0.08186748917050984
BTC,2025-12-01,1764441000,long,0.027910742228212104,1,0,0.050000000000000044,-0.2171901967602572
ETH,2025-12-02,1764441000,long,0.02019955493132497,0,0,0.0,0.0
ETH,2025-12-01,1764442800,long,0.02009144283377795,1,0,0.961,0.6891021380526594
BTC,2025-12-02,1764446400,long,0.02163817576120075,1,0,-0.32,-0.35239972860520397
BTC,2025-12-01,1764447300,long,0.020846592448788615,1,0,0.61,-0.43500561196946796
BTC,2025-12-02,1764447300,short,0.020445485556724652,1,0,-0.41000000000000003,-0.3512416835638846
ETH,2025-12-01,1764449100,short,0.022420510119898762,1,0,0.82,0.1364846282813943
BTC,2025-12-01,1764449100,short,0.023114336802940727,2,1,0.39,0.3397588171072596
ETH,2025-12-02,1764449100,short,0.03547153412527049,0,0,0.0,0.0
ETH,2025-12-01,1764450000,long,0.02149734000768655,1,0,-0.95,-0.7158065391732742
BTC,2025-12-02,1764450900,short,0.024669624896298536,2,1,0.22999999999999998,0.23281460532669837
ETH,2025-12-02,1764450900,long,0.02075668515050011,0,0,0.0,0.0
ETH,2025-12-02,1764452700,long,0.02286727009199785,0,0,0.0,0.0
BTC,2025-12-01,1764453600,short,0.022406381753225513,2,1,0.22999999999999998,0.7812073679126296
ETH,2025-11-30,1764459000,long,0.02317438401769434,2,1,-0.501,-0.2768339202677041
BTC,2025-12-02,1764462600,long,0.020227351736455068,1,0,0.36,0.36627905918289455
BTC,2025-11-30,1764463500,long,0.05797069095201768,2,1,-0.09699999999999999,-0.27105036877331545
ETH,2025-12-02,1764464400,short,0.026401569535747127,0,0,0.0,0.0
ETH,2025-12-01,1764470700,short,0.030851167969098592,1,0,-0.14,0.5026301754737685
ETH,2025-11-30,1764472500,long,0.03224179698993512,2,1,0.627,0.34064162061271314
ETH,2025-12-02,1764486000,short,0.024301340490127887,1,0,-0.49,-0.4684628426258154
ETH,2025-12-02,1764486000,long,0.025698659509872268,0,0,0.0,0.0
ETH,2025-12-01,1764488700,long,0.023884686003618816,0,0,0.0,0.0
BTC,2025-12-01,1764494100,short,0.028191200141786554,2,1,0.10700000000000001,-0.3965709935926558
ETH,2025-12-01,1764495000,short,0.026839977293451667,1,0,0.16000000000000003,-0.5840843626092649
BTC,2025-12-02,1764522900,short,0.021514178184911747,2,1,0.19999999999999996,0.2248153761358734
BTC,2025-12-02,1764522900,long,0.023784467389809105,2,1,-0.09800000000000006,-0.07238253994598493
BTC,2025-12-03,1764522900,short,0.02995024702895932,1,0,0.17000000000000004,0.10764203783243975
BTC,2025-12-03,1764522900,short,0.023896844072274215,2,1,0.18999999999999995,0.16290784546068623
BTC,2025-12-03,1764522900,short,0.023743573468625656,1,0,0.10999999999999999,0.15464850165007044
ETH,2025-12-03,1764522900,short,0.02059396702280214,1,0,-0.34,-0.4624013652742928
BTC,2025-12-01,1764522900,long,0.040498628591016494,2,1,-0.37,-0.6705339193558735
ETH,2025-12-03,1764523800,long,0.02068769927514391,2,1,-0.1700000000000001,-0.20920659609379927
BTC,2025-12-01,1764523800,short,0.03726712969183177,2,1,0.30999999999999994,-0.48322831145747935
ETH,2025-12-03,1764524700,short,0.02163278287152648,2,1,0.21999999999999997,0.1894273899336727
ETH,2025-12-01,1764525600,long,0.02104668213382732,2,1,-0.2300000000000001,-1.0467089344698706
BTC,2025-12-03,1764525600,long,0.031125395065562333,2,1,0.81,0.7920117151473116
BTC,2025-12-03,1764525600,short,0.026077167263692802,2,1,0.25,0.2408046846115676
ETH,2025-12-03,1764526500,short,0.03215935322486163,1,0,0.17999999999999994,0.26206217390229436
ETH,2025-12-02,1764526500,long,0.02324394589881118,2,1,0.7100000000000001,0.7162380428768447
BTC,2025-12-03,1764526500,long,0.022571146079175985,2,1,-0.08000000000000007,-0.04804677357625459
BTC,2025-12-03,1764527400,long,0.021273964028935888,2,1,-0.12000000000000002,-0.15461638834850058
ETH,2025-12-02,1764527400,long,0.020864027126374474,1,0,-0.13,-0.18292638677815481
ETH,2025-12-03,1764527400,long,0.02022037666568899,0,0,0.0,0.0
ETH,2025-12-01,1764527400,long,0.025513310122558863,2,1,-0.43000000000000005,-0.2068936162910458
BTC,2025-12-01,1764529200,long,0.023225002369238634,2,1,-0.28,0.5708855586852646
BTC,2025-12-03,1764530100,short,0.020434404291424624,1,0,-0.22,-0.29468429321677775
BTC,2025-12-03,1764530100,long,0.02956559570857542,1,0,0.56,0.4656452187404902
ETH,2025-12-02,1764531000,long,0.02333259501264373,1,0,0.16000000000000003,0.2081764294717728
BTC,2025-12-03,1764531900,long,0.020669043654300667,2,1,-0.04599999999999996,-0.07098608388330632
BTC,2025-12-03,1764532800,long,0.02067430615129462,2,1,-0.15000000000000002,-0.12309011465692728
BTC,2025-12-02,1764533700,long,0.02402607511919963,2,1,-0.15000000000000002,-0.18478438894045446
ETH,2025-12-03,1764533700,short,0.020101345677663196,1,0,0.18999999999999995,0.1074040882116784
BTC,2025-12-02,1764533700,short,0.0417768609681628,2,1,-0.69,-0.6758279392708921
BTC,2025-12-02,1764534600,long,0.021397691492098803,2,1,-0.2300000000000001,-0.2095061373196943
ETH,2025-12-01,1764535500,short,0.020490476925896672,2,1,0.29999999999999993,1.1904568513170268
ETH,2025-12-02,1764536400,short,0.020470303759380637,2,1,0.27,0.2967572351568352
BTC,2025-12-02,1764537300,short,0.02568025060994117,2,1,0.09899999999999998,0.1097476735479315
BTC,2025-12-02,1764538200,short,0.02353079026556326,2,1,0.26,0.2510748535691659
ETH,2025-12-02,1764539100,short,0.026537312544019365,2,1,0.13,0.14837133396116767
ETH,2025-12-02,1764541800,long,0.023159794075839235,1,0,-0.28,-0.21683781863058368
ETH,2025-12-02,1764542700,long,0.0213448653299122,1,0,0.020000000000000018,0.0236118930714034
ETH,2025-12-03,1764542700,long,0.020928825079689295,1,0,0.03600000000000003,0.006025968898261198
ETH,2025-12-03,1764543600,long,0.023755008132310573,1,0,-0.14,-0.22293383355053836
ETH,2025-12-03,1764545400,long,0.02051964696660491,1,0,0.47,0.27314703096985354
ETH,2025-12-03,1764545400,short,0.025234081712931178,2,1,0.07899999999999996,0.03168179045468829
ETH,2025-12-02,1764547200,short,0.025384486948535456,1,0,-0.060000000000000005,-0.07169644261221048
ETH,2025-12-03,1764547200,long,0.02802173525976359,1,0,0.28,0.07973612772633587
ETH,2025-12-02,1764548100,short,0.034618617058058465,1,0,0.21999999999999997,0.04599253914529658
ETH,2025-12-01,1764548100,long,0.021470084718605342,2,1,-0.29100000000000004,-0.7604179601820942
BTC,2025-12-03,1764548100,short,0.028774396130762825,1,0,0.21999999999999997,-0.04113456113353242
ETH,2025-12-03,1764548100,short,0.04966863930155874,1,0,0.121,-0.062314125934335246
BTC,2025-12-02,1764548100,short,0.03233699390009204,1,0,0.17600000000000005,0.013783949956465452
BTC,2025-12-01,1764548100,long,0.04962253049089149,1,0,-0.7,0.09436270630973098
ETH,2025-12-03,1764548100,long,0.02165484386387795,1,0,0.25,-0.06038597311535826
BTC,2025-12-01,1764549000,long,0.038781994102541795,2,1,-0.254,-0.5888196137079005
ETH,2025-12-02,1764549000,short,0.05214254695213161,1,0,0.119,-0.012385711786556036
BTC,2025-12-02,1764549000,long,0.02410592439813275,1,0,0.69,0.4053797227283593
BTC,2025-12-01,1764549000,short,0.021409494708875765,2,1,0.18,-0.195086630036154
BTC,2025-12-03,1764549000,short,0.023626091435444918,1,0,0.14600000000000002,-0.06662644415826241
BTC,2025-12-01,1764549000,short,0.04662611228585367,2,1,-0.864,-0.6002366677847095
ETH,2025-12-01,1764549000,short,0.04335049939331681,1,0,-0.811,-0.39321496782856674
ETH,2025-12-03,1764549900,short,0.023133779729742288,1,0,0.08099999999999996,-0.09438443099490054
BTC,2025-12-02,1764549900,short,0.030122773877629294,2,1,0.09599999999999997,0.0013656179140378727
BTC,2025-12-03,1764550800,short,0.042013770959615004,1,0,0.15100000000000002,-0.09606767939396807
BTC,2025-12-01,1764550800,short,0.03752011573091396,2,1,0.10699999999999998,0.21880563923651802
BTC,2025-12-03,1764550800,long,0.024874092086346833,2,1,-0.08299999999999996,0.04207403808544952
BTC,2025-12-02,1764550800,short,0.022738933900743885,2,1,0.05899999999999994,-0.03041244579207067
ETH,2025-12-01,1764550800,short,0.029253596405129922,1,0,-0.029000000000000026,-0.08972652175346323
BTC,2025-12-01,1764551700,long,0.020280144193762117,2,1,-0.04699999999999993,-0.16797684181790154
BTC,2025-12-03,1764553500,long,0.021967262333435933,1,0,0.19899999999999995,-0.11595394187670388
BTC,2025-12-03,1764555300,long,0.020517644945530655,1,0,-0.04,-0.17373037476644054
BTC,2025-12-01,1764555300,long,0.025090590683181313,1,0,-0.753,-0.3620687698867257
BTC,2025-12-01,1764555300,short,0.021909409316818618,2,1,0.365,0.4509635249771896
BTC,2025-12-01,1764555300,short,0.03344290102608394,1,0,-0.11,0.14757883424497115
ETH,2025-12-01,1764558900,long,0.025073339851636955,2,1,0.743,0.5374111314082444
BTC,2025-12-02,1764561600,long,0.025548438497331016,2,1,-0.244,-0.28809622521070866
ETH,2025-12-03,1764563400,long,0.029054666039446397,1,0,-0.239,0.251876695761864
BTC,2025-12-01,1764564300,long,0.033882124512144784,2,1,0.688,0.5943902139957067
BTC,2025-12-02,1764566100,long,0.021986882012858144,2,1,-0.22199999999999998,-0.1109159374677548
ETH,2025-12-01,1764567900,short,0.046946116961610884,2,1,0.487,0.32879086874968655
BTC,2025-12-01,1764567900,long,0.026252178643823676,2,1,-0.013000000000000012,-0.05424229443346269
BTC,2025-12-03,1764576000,long,0.028233770864932284,2,1,-0.07999999999999996,-0.26180021001445414
BTC,2025-12-03,1764593100,short,0.027068193823000963,2,1,0.03799999999999992,-0.09343162822563619
BTC,2025-12-01,1764596700,long,0.03720916229101512,2,1,0.46799999999999997,0.02186982354272965
ETH,2025-12-01,1764597600,long,0.057769504068339916,2,1,0.07300000000000006,0.051139538194729245
BTC,2025-12-03,1764599400,long,0.027869866727846082,2,1,-0.009000000000000008,0.09399153859294011
ETH,2025-12-03,1764602100,long,0.02338539537314621,1,0,0.05699999999999994,-0.07470693478427295
BTC,2025-12-02,1764603900,long,0.04230356668069679,2,1,-0.22699999999999998,0.03597666216161849
ETH,2025-12-02,1764603900,long,0.023080116094504,1,0,-0.389,0.5228488905280382
ETH,2025-12-02,1764603900,short,0.05683778491474456,1,0,-0.030000000000000027,0.16109108513282186
ETH,2025-12-03,1764605700,short,0.04303159476058227,1,0,-0.03300000000000003,0.13201045484223567
BTC,2025-12-02,1764607500,long,0.024633645094356282,2,1,-0.025000000000000022,0.11457627273902532
ETH,2025-12-04,1764609300,short,0.02074706803844817,1,0,-0.09999999999999998,0.32335462941016796
ETH,2025-12-04,1764609300,long,0.028280981393819404,1,0,0.6499999999999999,-0.15882703983268076
ETH,2025-12-04,1764609300,short,0.02108630352312635,2,1,0.2499999999999999,0.2707777600878892
BTC,2025-12-04,1764610200,long,0.020330438211078494,2,1,-0.16000000000000003,-0.27256280137201944
BTC,2025-12-04,1764610200,long,0.021255494928501095,1,0,-0.94,-0.755793952107616
ETH,2025-12-04,1764610200,long,0.0262185810943123,0,0,0.0,0.0
ETH,2025-12-04,1764611100,short,0.021627854103927868,0,0,0.0,0.0
ETH,2025-12-03,1764611100,short,0.027039198134832132,2,1,0.1299999999999999,0.40462502888087726
ETH,2025-12-04,1764612000,long,0.02199910413550965,1,0,-0.37,0.4466409756894236
BTC,2025-12-04,1764612900,long,0.02182493560409471,2,1,-0.12,-0.28358271940049445
BTC,2025-12-03,1764612900,short,0.02717615232509063,2,1,0.25,0.3911878586466796
ETH,2025-12-04,1764612900,short,0.0283459819161217,0,0,0.0,0.0
ETH,2025-12-04,1764612900,long,0.031654018083878466,1,0,0.6,-0.19996506691758154
BTC,2025-12-04,1764613800,short,0.03890647162990013,2,1,0.18699999999999994,0.05849773069429112
ETH,2025-12-02,1764614700,long,0.02219750117127628,1,0,-0.92,-0.6481056395213787
ETH,2025-12-04,1764615600,long,0.021087084694760838,1,0,0.37,-0.42580010422933146
ETH,2025-12-04,1764615600,short,0.038912915305239215,1,0,-0.35,0.4458001042293315
BTC,2025-12-04,1764615600,long,0.02594558474663944,2,1,-0.10999999999999999,-0.2947053442274143
BTC,2025-12-04,1764615600,short,0.024054415253360606,1,0,-0.73,-0.19836054165569994
BTC,2025-12-04,1764616500,short,0.023555364825706526,1,0,-0.87,-0.5321686123791328
BTC,2025-12-04,1764616500,long,0.026444635174293296,0,0,0.0,0.0
BTC,2025-12-03,1764619200,long,0.024095971425940776,2,1,-0.10000000000000009,-0.378815853356259
BTC,2025-12-03,1764620100,short,0.02157408524810933,2,1,0.07699999999999996,0.263393030656955
ETH,2025-12-03,1764624600,short,0.022435252152724017,1,0,-0.51,0.29161887396973707
BTC,2025-12-02,1764625500,long,0.0355575558433312,2,1,-0.15300000000000002,-0.5469436227898496
ETH,2025-12-04,1764626400,long,0.02182600151741032,0,0,0.0,0.0
ETH,2025-12-02,1764627300,short,0.021462310580759536,2,1,0.39,0.8058138969857566
BTC,2025-12-04,1764628200,short,0.02055790428506521,1,0,-0.256,0.19294936552866382
BTC,2025-12-02,1764628200,short,0.021306122458842447,2,1,0.394,0.5413835463108615
ETH,2025-12-02,1764629100,long,0.0462612125123576,2,1,-0.30400000000000005,0.07300616424794543
ETH,2025-12-02,1764630000,short,0.03256235988019118,2,1,0.129,0.4869100478269262
ETH,2025-12-04,1764631800,long,0.024947346956506244,1,0,0.87,0.431930221903523
ETH,2025-12-04,1764631800,short,0.02405265304349391,0,0,0.0,0.0
BTC,2025-12-04,1764632700,short,0.02460583757474688,2,1,0.22999999999999987,0.24627300466529412
ETH,2025-12-03,1764632700,short,0.02508657077516452,2,1,0.2889999999999999,0.07611314123065926
ETH,2025-12-03,1764633600,short,0.03619830093818144,2,1,0.30899999999999994,0.11060659490213876
ETH,2025-12-03,1764633600,long,0.0208016990618185,1,0,0.21799999999999997,-0.3858644362915966
ETH,2025-12-03,1764634500,long,0.035540617698029964,2,1,-0.25,-0.4591203654735716
ETH,2025-12-02,1764635400,long,0.02008919418724675,2,1,-0.07399999999999995,-0.436585289713148
BTC,2025-12-03,1764638100,short,0.02158129690750099,1,0,-0.062000000000000055,0.1928166580152491
BTC,2025-12-02,1764638100,short,0.030574391085247177,2,1,0.274,-0.13715323917608135
ETH,2025-12-02,1764638100,short,0.051695132737051286,2,1,0.387,-0.1054038561082955
BTC,2025-12-03,1764638100,long,0.023818164109357998,1,0,-0.37,0.277285082287851
BTC,2025-12-03,1764638100,short,0.024181835890642156,2,1,0.22999999999999998,0.03353768662246198
BTC,2025-12-03,1764642600,long,0.025785287441177474,1,0,-0.37,0.3278888736916682
ETH,2025-12-04,1764647100,long,0.021282338037464932,1,0,0.020000000000000018,0.10057595062499912
BTC,2025-12-03,1764647100,long,0.02111624573115911,2,1,-0.27,-0.2498902872699566
BTC,2025-12-03,1764647100,short,0.028883754268840822,2,1,0.31999999999999995,0.29989028726995653
BTC,2025-12-04,1764648900,long,0.024830897374576555,1,0,0.929,0.6965046078248137
BTC,2025-12-04,1764665100,long,0.02414133415671582,1,0,-0.41000000000000003,0.25176467722288776
BTC,2025-12-02,1764669600,long,0.02551218937580657,2,1,-0.21199999999999997,0.6842613533071213
BTC,2025-12-02,1764673200,long,0.02204126734855838,2,1,-0.586,-0.2267608985425995
BTC,2025-12-04,1764674100,long,0.021486759720854787,2,1,-0.07500000000000007,0.09400274303014067
BTC,2025-12-02,1764681300,short,0.02872240908902257,2,1,0.20599999999999996,1.2424910389225547
ETH,2025-12-04,1764685800,long,0.020487759761349755,1,0,-0.03400000000000003,0.15921736587450774
ETH,2025-12-03,1764686700,long,0.021887095087831376,2,1,-0.02300000000000002,0.13809587834658651
ETH,2025-12-03,1764686700,long,0.02062944180364923,1,0,-0.8109999999999999,-0.3879694926625055
ETH,2025-12-03,1764686700,short,0.03337055819635082,2,1,0.355,0.674596841759773
ETH,2025-12-03,1764686700,short,0.06300384494640598,1,0,-0.8109999999999999,-0.3879694926625055
ETH,2025-12-04,1764686700,short,0.021160566336213216,1,0,-0.908,-0.6309116764239755
BTC,2025-12-04,1764687600,short,0.02268636759983167,1,0,-0.771,-0.5021477293360743
BTC,2025-12-04,1764687600,long,0.026313632400168485,1,0,0.10199999999999998,0.2491611342136327
BTC,2025-12-04,1764687600,short,0.02904178645754585,1,0,0.10199999999999998,0.2491611342136327
BTC,2025-12-03,1764687600,short,0.022374418694575904,1,0,-0.27,0.1336548135996708
BTC,2025-12-02,1764688500,long,0.20699372534743166,2,1,0.41100000000000003,0.3453950588034108
ETH,2025-12-03,1764688500,short,0.03512132050811545,2,1,0.10200000000000001,0.24504027301205508
ETH,2025-12-03,1764688500,long,0.03411732031728287,1,0,0.132,0.3422751709212413
BTC,2025-12-04,1764688500,long,0.025119989100550022,2,1,-0.07500000000000004,-0.13807545018627443
BTC,2025-12-04,1764688500,short,0.038880010899449924,1,0,0.19499999999999995,0.3267925460342047
BTC,2025-12-03,1764688500,long,0.021264993219373585,2,1,0.8160000000000001,0.709499550054611
ETH,2025-12-04,1764690300,short,0.035469564551942834,1,0,0.128,0.32251687210375746
ETH,2025-12-04,1764690300,long,0.03211782437474042,1,0,-0.07000000000000006,0.12965562658391044
ETH,2025-12-02,1764692100,long,0.1269367526741898,2,1,0.33599999999999997,0.4910955631417181
BTC,2025-12-03,1764693000,short,0.022595972315631263,1,0,-0.72,-0.47113784936074327
ETH,2025-12-05,1764695700,long,0.025596220692071014,1,0,0.29000000000000004,0.34993665005945657
ETH,2025-12-05,1764695700,short,0.022087178758559922,1,0,-0.28,-0.21876752267209212
ETH,2025-12-05,1764695700,long,0.02239364250330711,0,0,0.0,0.0
ETH,2025-12-05,1764695700,short,0.02744382263301659,1,0,0.30000000000000004,0.23876752267209214
BTC,2025-12-05,1764695700,long,0.03080528085715284,1,0,0.239,0.0770658072366158
BTC,2025-12-05,1764696600,short,0.025571996252349072,2,1,0.21999999999999992,0.2486060706806209
BTC,2025-12-05,1764696600,short,0.02443779505578003,2,1,-0.8300000000000001,-0.7617760463465367
ETH,2025-12-04,1764697500,short,0.030671774693360132,1,0,-0.19000000000000006,0.08681294088362873
ETH,2025-12-05,1764697500,short,0.023666082308843484,1,0,0.17500000000000004,0.18548519188169654
ETH,2025-12-05,1764697500,long,0.02299677763435848,2,1,-0.14499999999999996,-0.14958472780090354
ETH,2025-12-04,1764698400,short,0.02502097056186936,1,0,-0.19000000000000006,0.10586886947811436
ETH,2025-12-04,1764698400,long,0.02497902943813024,2,1,-0.22000000000000008,-0.1210480293590877
ETH,2025-12-05,1764698400,long,0.028917075653955626,0,0,0.0,0.0
ETH,2025-12-04,1764699300,short,0.020667971814213315,2,1,0.1499999999999999,0.020619148244725855
BTC,2025-12-03,1764701100,long,0.024417625450268154,2,1,-0.28600000000000003,-0.26665349007465416
BTC,2025-12-04,1764702900,short,0.03981406928755171,1,0,0.5,0.44470444671398074
ETH,2025-12-05,1764704700,long,0.02299796477105942,1,0,0.040000000000000036,0.036252103572846445
BTC,2025-12-04,1764705600,short,0.020150678750288087,1,0,-0.032,-0.0476271000555681
BTC,2025-12-05,1764706500,long,0.023760414180569178,2,1,-0.18000000000000005,-0.2020771800347009
ETH,2025-12-05,1764706500,short,0.02199791380064986,0,0,0.0,0.0
ETH,2025-12-05,1764706500,long,0.024018250140330766,1,0,0.28,0.2335578367410972
BTC,2025-12-04,1764707400,long,0.03024178872527372,2,1,-0.16999999999999993,-0.11571343016717395
BTC,2025-12-05,1764708300,short,0.026016943650624014,1,0,0.239,0.0780099596956644
BTC,2025-12-04,1764711000,short,0.021412395433716758,2,1,0.19999999999999996,0.15774366952727487
ETH,2025-12-04,1764712800,long,0.02055835753339208,1,0,-0.21999999999999997,0.16800477228215382
ETH,2025-12-05,1764712800,long,0.02299832290730497,0,0,0.0,0.0
ETH,2025-12-03,1764713700,short,0.02394743949682898,2,1,0.09899999999999998,-0.018432330255176793
ETH,2025-12-04,1764713700,long,0.024861891366402933,2,1,-0.26,-0.34028231395235525
BTC,2025-12-05,1764718200,long,0.025474814065870266,2,1,0.87,0.7920098203300274
BTC,2025-12-05,1764718200,short,0.03125655915986003,1,0,0.49,0.1927498554517187
BTC,2025-12-03,1764720000,long,0.020746233424979943,2,1,-0.16999999999999993,-0.06648820220440482
BTC,2025-12-05,1764720000,long,0.028526657286583434,1,0,0.119,-0.003807480451087447
BTC,2025-12-04,1764720000,short,0.021986425878019022,2,1,0.10999999999999999,0.065252551937665
ETH,2025-12-04,1764720000,short,0.025632684824517082,2,1,0.30400000000000005,0.4437081565837823
BTC,2025-12-05,1764725400,long,0.025272087703573032,1,0,0.05600000000000005,-0.035724652607474164
ETH,2025-12-03,1764728100,short,0.0364718092386942,2,1,0.2709999999999999,0.1275631834302833
BTC,2025-12-03,1764728100,long,0.039631030646318344,2,1,-0.16800000000000007,-0.09540332302788034
BTC,2025-12-03,1764728100,short,0.02565035032082552,2,1,0.2689999999999999,0.3400054705608003
ETH,2025-12-05,1764728100,short,0.023505526825484235,0,0,0.0,0.0
ETH,2025-12-05,1764728100,long,0.034494473174515816,0,0,0.0,0.0
BTC,2025-12-05,1764728100,short,0.0273599299952757,1,0,-0.030000000000000027,-0.14428038682384403
ETH,2025-12-04,1764735300,long,0.021511094123266794,1,0,0.11199999999999999,0.2997793157690315
BTC,2025-12-05,1764736200,short,0.021795244353569387,1,0,0.10299999999999998,-0.06327421597229008
BTC,2025-12-04,1764738900,long,0.024186106485945214,2,1,0.741,0.73071400330276
ETH,2025-12-03,1764742500,short,0.034022264444044104,2,1,0.318,0.4065874256359765
ETH,2025-12-03,1764742500,long,0.021977735555955835,2,1,-0.26200000000000007,-0.35058742563597656
ETH,2025-12-05,1764748800,short,0.02253109825127675,0,0,0.0,0.0
ETH,2025-12-05,1764748800,long,0.027468901748723296,1,0,0.4099999999999999,0.3434865776962842
BTC,2025-12-05,1764748800,short,0.029464146559810667,1,0,-0.071,0.11428523277205573
BTC,2025-12-04,1764765900,long,0.022691696053808386,2,1,-0.055999999999999966,-0.03917288786552899
ETH,2025-12-04,1764773100,short,0.024480394019949392,1,0,-0.022,-0.042925053828314595
ETH,2025-12-03,1764773100,short,0.1104622657986255,2,1,-0.7070000000000001,-0.40083026030135843
ETH,2025-12-04,1764773100,long,0.0361127858643322,1,0,-0.249,-0.36595761272970934
ETH,2025-12-03,1764773100,short,0.13505591225917302,1,0,-0.028999999999999998,-0.028925093355728723
ETH,2025-12-04,1764774000,short,0.027323054637741095,2,1,-0.6990000000000001,-0.5638764675120026
BTC,2025-12-04,1764774000,long,0.042411399727444676,2,1,-0.21700000000000008,-0.20991259752506458
BTC,2025-12-03,1764774900,long,0.055318174887268645,2,1,0.42500000000000004,0.39253430579387183
ETH,2025-12-03,1764774900,long,0.22205170764452742,2,1,0.375,0.5234470659350053
ETH,2025-12-03,1764774900,short,0.1399515443326731,2,1,0.279,0.45572067033573116
BTC,2025-12-04,1764776700,short,0.027049550857719762,2,1,-0.661,-0.6564794853205902
ETH,2025-12-04,1764776700,short,0.028948617420573752,2,1,0.12600000000000003,0.24331219185435893
BTC,2025-12-05,1764780300,long,0.020498680139603875,1,0,-0.052000000000000005,0.10198357104679563
BTC,2025-12-05,1764781200,long,0.024466667144749543,1,0,-0.08999999999999997,-0.28674717722393983
BTC,2025-12-06,1764782100,long,0.04675142178979286,1,0,0.11399999999999999,-0.009872057594622605
BTC,2025-12-06,1764782100,long,0.032830315718336056,2,1,-0.15000000000000002,-0.20605599387698192
BTC,2025-12-06,1764782100,short,0.03716968428166412,2,1,0.21999999999999997,0.2760559938769819
BTC,2025-12-06,1764782100,long,0.07418050373985952,1,0,0.18999999999999995,-0.018780345373386187
ETH,2025-12-05,1764782100,short,0.020318782384330714,2,1,0.16999999999999993,0.2447804128626062
BTC,2025-12-06,1764782100,short,0.0396325442151374,2,1,0.09,0.027106817553684673
BTC,2025-12-06,1764782100,short,0.0232221287997475,1,0,-0.052000000000000046,-0.14424050972866198
ETH,2025-12-06,1764782100,long,0.02480584244512296,1,0,0.07099999999999995,0.030997565933087744
ETH,2025-12-06,1764782100,short,0.040194157554876986,1,0,0.15000000000000002,0.07878640929610121
ETH,2025-12-06,1764782100,long,0.027113864750776484,1,0,0.15000000000000002,0.07878640929610121
BTC,2025-12-06,1764782100,long,0.032830315718336056,2,1,-0.15000000000000002,-0.20605599387698192
BTC,2025-12-06,1764782100,short,0.03716968428166412,2,1,0.21999999999999997,0.2760559938769819
BTC,2025-12-06,1764782100,short,0.10148005937853588,1,0,0.6,0.3094939403979821
BTC,2025-12-06,1764782100,long,0.05116671579937293,1,0,0.79,0.555549934274964
ETH,2025-12-06,1764782100,long,0.02480584244512296,1,0,0.07099999999999995,0.030997565933087744
ETH,2025-12-06,1764782100,short,0.040194157554876986,1,0,0.15000000000000002,0.07878640929610121
ETH,2025-12-05,1764783000,long,0.023472239817565965,1,0,0.52,0.3377500698350156
ETH,2025-12-06,1764783000,short,0.03233441374215662,0,0,0.0,0.0
ETH,2025-12-05,1764783900,long,0.02456259022053353,2,1,-0.2410000000000001,-0.20649214662368567
ETH,2025-12-05,1764783900,short,0.02343740977946629,2,1,0.2889999999999999,0.25449214662368547
ETH,2025-12-05,1764783900,short,0.026107811441014372,1,0,0.29899999999999993,0.0998757551940988
BTC,2025-12-06,1764783900,short,0.05367608321081074,1,0,0.61,0.3074896905487988
ETH,2025-12-06,1764783900,short,0.033634079316645416,1,0,0.55,0.4041178923403602
BTC,2025-12-06,1764784800,short,0.022461460371491215,1,0,0.394,0.0719143130537595
BTC,2025-12-06,1764784800,long,0.04853853962850874,2,1,-0.13500000000000006,-0.061629950336396885
ETH,2025-12-05,1764784800,long,0.020020433640071555,1,0,-0.050000000000000044,-0.14057056132928708
ETH,2025-12-06,1764784800,short,0.0593201387851251,0,0,0.0,0.0
ETH,2025-12-06,1764784800,long,0.04199195901669084,1,0,-0.56,-0.3903863864614634
BTC,2025-12-05,1764785700,short,0.020774747781521663,2,1,0.19999999999999996,0.3781739003771595
BTC,2025-12-06,1764786600,long,0.03076334659787716,2,1,-0.378,-0.30878140030295426
ETH,2025-12-06,1764788400,long,0.022432325578646717,1,0,0.53,0.38690996701376534
ETH,2025-12-06,1764788400,short,0.037567674421353336,0,0,0.0,0.0
BTC,2025-12-05,1764789300,long,0.02018485160949446,1,0,0.32899999999999996,-0.12752307959045694
BTC,2025-12-04,1764792000,short,0.034703408574893846,2,1,0.25599999999999995,0.20375493626192254
BTC,2025-12-05,1764794700,short,0.025861402970773772,2,1,0.24899999999999992,0.07123925502875111
BTC,2025-12-05,1764795600,long,0.025764788603441113,2,1,-0.17999999999999994,-0.3619314704658937
BTC,2025-12-04,1764796500,long,0.021558370046619757,2,1,-0.21000000000000002,-0.14945682014529732
BTC,2025-12-04,1764796500,short,0.02144162995338028,2,1,0.253,0.1924568201452973
BTC,2025-12-06,1764796500,short,0.07014480931405664,1,0,-0.027000000000000003,-0.0036726564037385945
ETH,2025-12-05,1764799200,long,0.024398327948645937,1,0,0.19899999999999995,-0.04358688553863643
ETH,2025-12-04,1764801900,long,0.022565748784015183,1,0,-0.20999999999999996,-0.1924552346819015
ETH,2025-12-05,1764801900,long,0.021953934629470595,1,0,-0.09999999999999998,-0.3024668976883991
ETH,2025-12-05,1764802800,short,0.02354745691430904,2,1,0.07299999999999998,-0.02670953538727011
ETH,2025-12-06,1764802800,long,0.03425133734834418,2,1,-0.4159999999999999,-0.39400981726421713
ETH,2025-12-05,1764802800,short,0.02603034898051515,2,1,0.165,0.00787017090011305
ETH,2025-12-05,1764802800,long,0.023969651019484894,2,1,-0.11500000000000002,0.04212982909988694
BTC,2025-12-04,1764804600,short,0.022259444275885665,2,1,0.16599999999999993,0.27608017262995477
ETH,2025-12-04,1764806400,short,0.020263115852722335,2,1,0.15699999999999992,0.1855574345705197
BTC,2025-12-06,1764806400,short,0.02304055000577565,1,0,-0.12,0.06660838623890383
BTC,2025-12-06,1764806400,long,0.061959449994224425,2,1,-0.07899999999999999,0.06750583977049993
SOL,2025-12-04,1764810900,long,0.09311774808971118,2,1,0.394,0.22925650028153985
SOL,2025-12-06,1764810900,long,0.030061440909633363,0,0,0.0,0.0
SOL,2025-12-06,1764810900,short,0.057938559090366604,1,0,-0.05,0.18182405743524588
SOL,2025-12-05,1764810900,long,0.03724705162555897,0,0,0.0,0.0
SOL,2025-12-05,1764810900,short,0.026752948374441088,1,0,-0.041,0.13308904350512618
SOL,2025-12-06,1764810900,long,0.030061440909633363,0,0,0.0,0.0
SOL,2025-12-06,1764810900,short,0.057938559090366604,1,0,-0.05,0.18182405743524588
SOL,2025-12-05,1764810900,long,0.03724705162555897,0,0,0.0,0.0
SOL,2025-12-05,1764810900,short,0.026752948374441088,1,0,-0.041,0.13308904350512618
SOL,2025-12-05,1764810900,long,0.0502577122390917,0,0,0.0,0.0
SOL,2025-12-06,1764810900,long,0.024920250872263683,0,0,0.0,0.0
BTC,2025-12-04,1764811800,short,0.02252314173743819,2,1,0.07099999999999998,0.014853431990594697
SOL,2025-12-05,1764811800,long,0.026442759033863394,1,0,0.030000000000000027,0.11144506516003132
BTC,2025-12-05,1764814500,long,0.029238684493840372,2,1,-0.11100000000000004,0.14918776513167153
SOL,2025-12-05,1764814500,short,0.026272144250600538,0,0,0.0,0.0
SOL,2025-12-04,1764814500,long,0.05511850876338831,1,0,0.17999999999999994,0.29439087020997606
SOL,2025-12-04,1764814500,short,0.04888149123661156,2,1,-0.238,-0.2366658441779096
SOL,2025-12-05,1764816300,long,0.03621898087113817,0,0,0.0,0.0
SOL,2025-12-05,1764816300,short,0.029781019128861552,1,0,-0.263,0.3754001690943435
BTC,2025-12-05,1764817200,long,0.02614078465721681,1,0,-0.48,0.2560972804248258
BTC,2025-12-06,1764819000,short,0.02176192071564742,1,0,-0.131,0.07921491437387287
BTC,2025-12-06,1764819000,long,0.026238079284352622,1,0,-0.7,-0.2907709885598273
BTC,2025-12-06,1764819000,short,0.02176192071564742,1,0,-0.131,0.07921491437387287
BTC,2025-12-06,1764819000,long,0.026238079284352622,1,0,-0.7,-0.2907709885598273
ETH,2025-12-04,1764821700,long,0.03600341375966143,2,1,0.6769999999999999,0.5756525699641657
BTC,2025-12-06,1764827100,long,0.04605466873643782,1,0,-0.384,-0.004602605389191994
BTC,2025-12-06,1764827100,long,0.024440835083457513,1,0,-0.07000000000000006,-0.21508067162954644
BTC,2025-12-04,1764828000,long,0.02067497614907965,2,1,0.52,0.5198348662846072
BTC,2025-12-05,1764828900,short,0.02049152098467477,2,1,0.31899999999999995,0.3293613666006092
BTC,2025-12-05,1764828900,long,0.020508479015325154,2,1,-0.278,-0.2883613666006093
BTC,2025-12-06,1764829800,short,0.021460083030812815,1,0,-0.06000000000000005,-0.20361304105031816
ETH,2025-12-06,1764835200,short,0.1326615862120476,1,0,-0.095,0.06323018729976917
BTC,2025-12-06,1764835200,short,0.036392735074792015,2,1,0.28400000000000003,0.3210252801280693
BTC,2025-12-06,1764835200,long,0.02460726492520804,0,0,0.0,0.0
SOL,2025-12-06,1764837000,short,0.04726150862260614,0,0,0.0,0.0
SOL,2025-12-06,1764837000,long,0.07273849137739363,0,0,0.0,0.0
SOL,2025-12-06,1764837000,short,0.04726150862260614,0,0,0.0,0.0
SOL,2025-12-06,1764837000,long,0.07273849137739363,0,0,0.0,0.0
SOL,2025-12-06,1764843300,long,0.03421319181635907,0,0,0.0,0.0
SOL,2025-12-06,1764843300,short,0.023786808183640873,1,0,-0.02100000000000002,-0.02113549072735714
SOL,2025-12-06,1764843300,long,0.03421319181635907,0,0,0.0,0.0
SOL,2025-12-06,1764843300,short,0.023786808183640873,1,0,-0.02100000000000002,-0.02113549072735714
XRP,2025-12-05,1764848700,long,0.11044966240818765,0,0,0.0,0.0
XRP,2025-12-05,1764848700,long,0.033945339434304334,0,0,0.0,0.0
XRP,2025-12-05,1764848700,short,0.11605466056569591,0,0,0.0,0.0
XRP,2025-12-05,1764848700,long,0.10249056524053257,1,0,0.12,0.2899297333007539
XRP,2025-12-05,1764848700,short,0.02750943475946732,0,0,0.0,0.0
XRP,2025-12-05,1764848700,long,0.033945339434304334,0,0,0.0,0.0
XRP,2025-12-05,1764848700,short,0.11605466056569591,0,0,0.0,0.0
XRP,2025-12-05,1764848700,long,0.10249056524053257,1,0,0.12,0.2899297333007539
XRP,2025-12-05,1764848700,short,0.02750943475946732,0,0,0.0,0.0
BTC,2025-12-06,1764850500,long,0.02454765282530591,2,1,-0.007999999999999965,0.06822108978146099
ETH,2025-12-06,1764850500,long,0.03840388150776208,0,0,0.0,0.0
XRP,2025-12-05,1764851400,short,0.14207282985980957,1,0,-0.060000000000000005,0.09352970654207687
XRP,2025-12-05,1764852300,short,0.04271874026189704,1,0,-0.06999999999999999,0.1088688891989923
XRP,2025-12-05,1764852300,long,0.06728125973810317,1,0,-0.27,0.07527155121224527
ETH,2025-12-04,1764852300,long,0.052619741638022965,2,1,0.10199999999999998,0.11734862996522141
ETH,2025-12-06,1764854100,short,0.02891919731644832,1,0,-0.169,0.031778046509190416
ETH,2025-12-06,1764854100,long,0.020080802683551724,2,1,-0.472,-0.40498914260632407
XRP,2025-12-06,1764854100,short,0.027662057589402766,1,0,-0.022,0.044213389687615644
XRP,2025-12-06,1764854100,long,0.0603379424105972,0,0,0.0,0.0
XRP,2025-12-06,1764854100,short,0.08915823957321345,0,0,0.0,0.0
XRP,2025-12-06,1764854100,long,0.040841760426786555,0,0,0.0,0.0
XRP,2025-12-04,1764854100,long,0.046529242368957835,1,0,0.15000000000000002,0.165938253607812
XRP,2025-12-06,1764854100,long,0.060118493585675115,0,0,0.0,0.0
XRP,2025-12-06,1764854100,short,0.06988150641432478,0,0,0.0,0.0
XRP,2025-12-06,1764854100,short,0.027662057589402766,1,0,-0.022,0.044213389687615644
XRP,2025-12-06,1764854100,long,0.0603379424105972,0,0,0.0,0.0
XRP,2025-12-06,1764854100,short,0.08915823957321345,0,0,0.0,0.0
XRP,2025-12-06,1764854100,long,0.040841760426786555,0,0,0.0,0.0
XRP,2025-12-06,1764854100,long,0.060118493585675115,0,0,0.0,0.0
XRP,2025-12-06,1764854100,short,0.06988150641432478,0,0,0.0,0.0
ETH,2025-12-05,1764858600,short,0.02647502664748147,2,1,-0.8200000000000001,-0.595343105242702
BTC,2025-12-04,1764860400,long,0.06968761390984879,1,0,-0.516,-0.1626267048784122
ETH,2025-12-04,1764863100,short,0.0582059076134378,2,1,-0.664,-0.10463241607521101
ETH,2025-12-05,1764865800,short,0.02581569801957473,2,1,0.32799999999999996,0.5829472972199654
ETH,2025-12-04,1764865800,long,0.2174946427739759,2,1,-0.516,0.2517327901839458
ETH,2025-12-07,1764868500,short,0.024206782041308217,1,0,0.14,0.3338162169229915
BTC,2025-12-07,1764868500,long,0.022497819929685248,1,0,-0.53,-0.245161418985556
BTC,2025-12-06,1764868500,long,0.05440701040251161,1,0,-0.226,0.0734109821029881
SOL,2025-12-07,1764868500,long,0.024862530639253366,0,0,0.0,0.0
SOL,2025-12-07,1764868500,short,0.06513746936074671,0,0,0.0,0.0
SOL,2025-12-07,1764868500,short,0.05020601650773804,0,0,0.0,0.0
ETH,2025-12-06,1764868500,long,0.03916365003504363,1,0,-0.402,-0.07280686101013417
BTC,2025-12-07,1764868500,short,0.04167682442530174,2,1,0.26,0.3200569352768925
BTC,2025-12-07,1764868500,short,0.04235909230771617,1,0,-0.093,0.06461961192473023
ETH,2025-12-06,1764868500,short,0.02732298032842495,1,0,0.12,0.2907279982434443
SOL,2025-12-07,1764868500,long,0.024862530639253366,0,0,0.0,0.0
SOL,2025-12-07,1764868500,short,0.06513746936074671,0,0,0.0,0.0
BTC,2025-12-06,1764868500,long,0.026200303448900897,2,1,-0.22000000000000008,-0.31333633669946676
BTC,2025-12-07,1764868500,long,0.0412784051712094,1,0,-0.093,0.06461961192473023
ETH,2025-12-07,1764868500,long,0.02810989155736565,1,0,-0.41000000000000003,-0.08623384516076704
ETH,2025-12-07,1764868500,short,0.028366095640358302,1,0,-0.41000000000000003,-0.08623384516076704
BTC,2025-12-07,1764868500,long,0.02355447905213426,2,1,-0.0069999999999999715,0.03753184465094017
BTC,2025-12-06,1764868500,short,0.05842150981776284,2,1,0.33399999999999996,0.28076768490196996
SOL,2025-12-07,1764868500,long,0.043132484152988315,0,0,0.0,0.0
ETH,2025-12-07,1764868500,short,0.02162574210990964,1,0,-0.67,-0.3738860954032408
BTC,2025-12-05,1764869400,short,0.026665051670453743,2,1,-0.8540000000000001,-0.6090293315477013
BTC,2025-12-07,1764869400,long,0.03477652382024776,1,0,-0.092,0.04989507121814407
BTC,2025-12-07,1764869400,short,0.020223476179752398,2,1,0.098,0.02115375474590285
ETH,2025-12-07,1764869400,short,0.021647884998170608,1,0,-0.18100000000000002,0.037971623051715364
ETH,2025-12-07,1764869400,long,0.028352115001829103,1,0,-0.39,-0.08716314382196161
ETH,2025-12-06,1764869400,short,0.03975413304820108,1,0,-0.66,-0.37963627289247526
ETH,2025-12-07,1764870300,long,0.03423463485824785,1,0,-0.045000000000000005,0.05243942542234673
BTC,2025-12-06,1764870300,short,0.030329800622161507,2,1,0.29000000000000004,0.36073220697484537
BTC,2025-12-07,1764870300,long,0.022484337351483363,2,1,-0.139,-0.0473579173295591
BTC,2025-12-07,1764870300,short,0.02450587282603378,2,1,-0.83,-0.7487029065548023
ETH,2025-12-07,1764870300,short,0.02476309257621978,1,0,-0.045000000000000005,0.05243942542234673
BTC,2025-12-06,1764871200,long,0.029490529213295202,1,0,-0.094,0.08577502157065145
ETH,2025-12-07,1764871200,long,0.022277298229167908,1,0,-0.65,-0.36947899958688496
ETH,2025-12-07,1764871200,long,0.023835000359878178,1,0,0.010000000000000009,0.049617500603042056
ETH,2025-12-06,1764872100,short,0.022269317198046923,2,1,0.30900000000000005,0.32342553557840015
ETH,2025-12-06,1764872100,long,0.024237000897757488,1,0,-0.14400000000000002,0.034056621244923396
ETH,2025-12-05,1764873900,long,0.021326646420043227,2,1,-0.374,-0.33913962977809964
ETH,2025-12-07,1764875700,long,0.026342465022159534,0,0,0.0,0.0
BTC,2025-12-06,1764875700,short,0.020420219179440147,2,1,0.09099999999999997,0.15416773278987797
ETH,2025-12-05,1764875700,long,0.03893036473737199,2,1,0.6869999999999999,0.6150457002598166
ETH,2025-12-06,1764875700,short,0.03261184010564144,0,0,0.0,0.0
ETH,2025-12-06,1764875700,long,0.028800655255204255,0,0,0.0,0.0
XRP,2025-12-06,1764876600,long,0.029778786612644215,1,0,0.45999999999999996,0.3013334770527939
ETH,2025-12-07,1764877500,short,0.02838220300075378,0,0,0.0,0.0
ETH,2025-12-07,1764877500,long,0.02025071122648625,0,0,0.0,0.0
ETH,2025-12-06,1764877500,long,0.03707656352674915,2,1,0.7799999999999999,0.7306954345816223
ETH,2025-12-06,1764877500,long,0.03384707195011316,1,0,-0.18000000000000005,-0.30776530435350236
BTC,2025-12-07,1764877500,long,0.02101662722084785,1,0,0.76,0.5545014360646225
ETH,2025-12-05,1764877500,short,0.045455327052131844,2,1,0.194,0.04674783705622895
ETH,2025-12-06,1764878400,short,0.025441183419142144,2,1,0.093,0.04050448910801833
ETH,2025-12-07,1764880200,long,0.024737930874110248,1,0,0.57,0.3724971081115681
BTC,2025-12-07,1764882000,short,0.02428235674173851,2,1,0.27999999999999997,0.25811984357738726
BTC,2025-12-06,1764882900,long,0.025934156232269023,2,1,0.9099999999999999,0.7798572878571283
ETH,2025-12-07,1764883800,long,0.020547341008019693,1,0,0.05700000000000005,-0.01191065425367785
BTC,2025-12-07,1764887400,long,0.02011319395358324,1,0,0.038000000000000034,0.10353085104621758
BTC,2025-12-05,1764888300,long,0.023667097321159458,1,0,-0.6,0.16552118723485243
ETH,2025-12-05,1764889200,long,0.022109321114546887,1,0,0.04600000000000004,-0.08085455277544351
BTC,2025-12-05,1764891000,long,0.026169282885837752,2,1,-0.31000000000000005,-0.6956628128690019
BTC,2025-12-07,1764892800,short,0.025316834622517465,2,1,0.7749999999999999,0.6013202415079817
SOL,2025-12-06,1764897300,short,0.0668054675499774,1,0,-0.06000000000000005,-0.21838225646373868
SOL,2025-12-06,1764897300,long,0.030233299198399788,0,0,0.0,0.0
SOL,2025-12-06,1764897300,short,0.03576670080160016,1,0,-0.039,0.0751738988743107
SOL,2025-12-05,1764897300,long,0.04333615083099618,1,0,-0.43,0.2124507747194903
SOL,2025-12-06,1764897300,long,0.030233299198399788,0,0,0.0,0.0
SOL,2025-12-06,1764897300,short,0.03576670080160016,1,0,-0.039,0.0751738988743107
SOL,2025-12-05,1764898200,long,0.03059250146718484,1,0,0.026000000000000023,0.09689182888295783
BTC,2025-12-05,1764899100,short,0.03239940382625284,2,1,0.31000000000000005,0.7948009270855368
SOL,2025-12-05,1764900900,short,0.022715943734316235,2,1,-0.446,0.1991481664527886
SOL,2025-12-05,1764900900,long,0.04328405626568377,1,0,0.04200000000000004,0.09354317631709362
BTC,2025-12-07,1764908100,long,0.02605670448606512,1,0,-0.84,-0.5822419931934675
BTC,2025-12-05,1764941400,short,0.048979653174157756,2,1,0.12900000000000003,-0.23257600939237724
BTC,2025-12-07,1764945000,short,0.025754619126910128,2,1,0.10699999999999998,0.13661430562894178
BTC,2025-12-05,1764945900,long,0.08905102341335547,2,1,0.707,-0.013783596155872768
BTC,2025-12-06,1764947700,long,0.020404008365898063,2,1,-0.23099999999999998,-0.07755724231923272
BTC,2025-12-07,1764951300,short,0.021785154668203632,2,1,0.05399999999999994,0.034589795210765516
BTC,2025-12-06,1764953100,long,0.06277832808084582,2,1,-0.23299999999999998,-0.1027451071428569
ETH,2025-12-06,1764953100,short,0.034430184158653065,2,1,0.119,0.07229810765890067
BTC,2025-12-08,1764954900,short,0.02171808500296113,1,0,0.16999999999999993,0.2584499962372511
ETH,2025-12-07,1764954900,short,0.03113952084821081,2,1,0.21000000000000002,0.2420707082184559
ETH,2025-12-08,1764954900,long,0.020886570840347174,2,1,-0.21000000000000008,-0.1601626575734653
BTC,2025-12-08,1764954900,long,0.026915429645010702,1,0,0.38,0.5188722110498719
BTC,2025-12-08,1764954900,long,0.025370034609832004,1,0,-0.38,-0.23832403582841122
ETH,2025-12-08,1764954900,long,0.021118600811645738,1,0,0.43999999999999995,0.2282885219485773
ETH,2025-12-07,1764954900,long,0.026401750441475524,2,1,-0.030999999999999986,-0.05274978949255454
BTC,2025-12-07,1764955800,short,0.02829017513469645,2,1,0.25999999999999995,0.3468843775906945
BTC,2025-12-07,1764955800,long,0.021709824865303595,1,0,0.09999999999999998,0.17205685199807805
BTC,2025-12-08,1764955800,short,0.020289450014336685,1,0,-0.08099999999999996,-0.024895430730655053
ETH,2025-12-08,1764956700,short,0.0239138364230026,1,0,-0.04200000000000004,0.003694347380335229
ETH,2025-12-07,1764957600,short,0.027902814639060747,2,1,0.266,0.2620763631991703
ETH,2025-12-07,1764957600,long,0.02509718536093919,2,1,-0.21299999999999997,-0.20907636319917028
BTC,2025-12-08,1764957600,long,0.03352640147680397,2,1,-0.21000000000000002,-0.2279380214992054
ETH,2025-12-07,1764957600,short,0.03920735446382173,2,1,-0.62,-0.6192798934381298
ETH,2025-12-07,1764957600,long,0.020792645536178433,2,1,0.68,0.6792798934381299
ETH,2025-12-08,1764957600,long,0.02578319901180559,1,0,0.15000000000000002,0.24963809710903334
ETH,2025-12-06,1764957600,short,0.03662984727100316,2,1,-0.5309999999999999,-0.5208698087728411
ETH,2025-12-08,1764957600,short,0.03638176202615795,1,0,-0.38,-0.21752646255949964
BTC,2025-12-08,1764958500,long,0.020833959264921598,1,0,-0.21000000000000002,-0.2380424795193588
BTC,2025-12-06,1764958500,short,0.02409627225256028,2,1,0.36999999999999994,0.3804619296425137
BTC,2025-12-07,1764958500,short,0.02532290616711763,2,1,-0.6459999999999999,-0.6557610586943
BTC,2025-12-08,1764958500,short,0.02219271572121384,1,0,-0.47000000000000003,-0.5061007564504508
BTC,2025-12-06,1764958500,short,0.028026175277983456,2,1,-0.5549999999999999,-0.5611113928782128
ETH,2025-12-07,1764958500,long,0.036125061127416425,1,0,-0.31,-0.2659205031029836
BTC,2025-12-08,1764958500,long,0.022437906245821537,2,1,-0.025000000000000022,-0.018690681884478054
ETH,2025-12-08,1764961200,short,0.026104059608660912,1,0,-0.09799999999999998,0.009414795844087179
ETH,2025-12-06,1764961200,short,0.04343447417375468,2,1,0.388,0.2846771336149633
BTC,2025-12-08,1764962100,short,0.027450862365008377,1,0,-0.17,-0.23498498409481217
ETH,2025-12-08,1764962100,long,0.026994610613978676,1,0,-0.19999999999999996,-0.028147848061277958
ETH,2025-12-07,1764962100,long,0.03851366688223368,1,0,-0.4,-0.31579949135725527
ETH,2025-12-07,1764965700,long,0.024894492267687696,1,0,-0.07699999999999996,-0.0876228444821118
ETH,2025-12-06,1764965700,long,0.032806024886201435,2,1,-0.16599999999999998,-0.19196338964269707
BTC,2025-12-06,1764966600,long,0.022612272828718805,2,1,-0.316,-0.34310864261717006
ETH,2025-12-08,1764966600,short,0.022218065357671124,0,0,0.0,0.0
ETH,2025-12-06,1764968400,long,0.05168901500694023,1,0,-0.30600000000000005,-0.16325900733647208
ETH,2025-12-08,1764972900,short,0.02366516096810345,1,0,-0.7,-0.5018016395964411
BTC,2025-12-07,1764975600,long,0.024067777396043155,2,1,-0.02300000000000002,0.004767798846496571
ETH,2025-12-07,1764977400,short,0.028868353653742074,2,1,-0.5700000000000001,-0.5583086872346679
ETH,2025-12-07,1764977400,long,0.02113164634625786,2,1,0.62,0.6083086872346678
BTC,2025-12-07,1764979200,long,0.03583299711421151,2,1,0.577,0.6031954237460639
BTC,2025-12-07,1764979200,short,0.02916700288578844,2,1,-0.512,-0.538195423746064
BTC,2025-12-06,1764988200,long,0.027494504444330214,2,1,0.20999999999999996,0.2900089344142949
ETH,2025-12-07,1764989100,long,0.0251217573575222,1,0,-0.026000000000000002,-0.035282575343139465
BTC,2025-12-07,1765006200,long,0.030586661554158345,2,1,-0.09799999999999998,-0.06632674345437789
BTC,2025-12-07,1765013400,long,0.030702444810623675,2,1,-0.30999999999999994,-0.344059905601546
ETH,2025-12-06,1765030500,long,0.027611413707330446,2,1,0.06000000000000005,0.008966621498769103
BTC,2025-12-08,1765041300,long,0.02794622781886269,2,1,0.7,0.707571484829291
ETH,2025-12-09,1765041300,long,0.024164321034950476,1,0,-0.16000000000000003,0.307676788248525
ETH,2025-12-09,1765041300,short,0.03531176575622985,1,0,0.63,-0.03043223457079325
BTC,2025-12-09,1765041300,short,0.02490394862940748,2,1,0.08699999999999997,-0.055302230863452234
ETH,2025-12-09,1765041300,short,0.022400846188347256,1,0,0.94,0.6746668632102497
ETH,2025-12-09,1765041300,short,0.023014564516127267,1,0,0.83,0.3561444532909265
BTC,2025-12-09,1765041300,long,0.023015775770077074,2,1,-0.22999999999999998,-0.15111141302065542
BTC,2025-12-09,1765041300,long,0.02490852555671541,1,0,-0.04300000000000004,0.10825252228147489
BTC,2025-12-09,1765041300,long,0.02476317695568353,2,1,-0.14,0.03940973158229158
BTC,2025-12-07,1765041300,long,0.03176941448289683,2,1,-0.03199999999999999,-0.04372219859635525
ETH,2025-12-08,1765041300,long,0.03785338158774376,1,0,0.12,0.03905531790273144
ETH,2025-12-09,1765042200,long,0.023628711290852866,1,0,0.61,-0.04415942578941445
ETH,2025-12-09,1765042200,short,0.026371288709146956,1,0,0.82,0.33992200784911825
ETH,2025-12-09,1765042200,short,0.027467341272295442,1,0,0.93,0.6543639221035782
ETH,2025-12-09,1765042200,long,0.02253265872770438,1,0,0.82,0.33992200784911825
ETH,2025-12-09,1765042200,long,0.022530650756065196,1,0,0.16000000000000003,-0.277224160381121
ETH,2025-12-09,1765043100,long,0.02174281877998907,0,0,0.0,0.0
ETH,2025-12-09,1765043100,short,0.028257181220010974,1,0,0.63,-0.04120331732991356
BTC,2025-12-08,1765044000,long,0.02238942850578196,1,0,-0.45,-0.4811972736226573
BTC,2025-12-07,1765044900,short,0.04588589274375243,2,1,-0.491,-0.5028519231350487
ETH,2025-12-07,1765046700,long,0.024274235518760623,2,1,-0.178,-0.14231693279820298
BTC,2025-12-09,1765046700,long,0.021206749880837927,1,0,-0.04400000000000004,0.11433898839216161
ETH,2025-12-07,1765046700,short,0.03454968489027915,2,1,-0.44,-0.4427475562543097
ETH,2025-12-07,1765048500,long,0.02782542539129973,2,1,-0.263,-0.2498866861855777
BTC,2025-12-09,1765048500,short,0.023555200945208243,2,1,0.25,0.3843745746042511
BTC,2025-12-09,1765048500,long,0.024120111085353946,1,0,0.79,0.36686681029799273
ETH,2025-12-08,1765048500,long,0.02112550586249551,2,1,-0.30999999999999994,-0.33404665100523084
BTC,2025-12-09,1765050300,short,0.023557299823143918,2,1,0.15000000000000002,0.3387855289785945
BTC,2025-12-07,1765050300,short,0.029481042850447392,2,1,0.31799999999999995,0.39612594044795707
BTC,2025-12-09,1765050300,long,0.02380260294880876,2,1,-0.19999999999999996,-0.34296307471450704
ETH,2025-12-09,1765052100,short,0.02101216400458572,1,0,0.08999999999999997,-0.21014256613708332
BTC,2025-12-09,1765053000,short,0.0219914225815534,2,1,0.27,0.2227859580644169
BTC,2025-12-07,1765055700,short,0.02761986196967059,2,1,0.04700000000000006,0.06836920878161047
ETH,2025-12-09,1765057500,long,0.020449639220772253,0,0,0.0,0.0
ETH,2025-12-09,1765057500,short,0.023622578548432305,1,0,-0.16000000000000003,0.35727009432571644
ETH,2025-12-09,1765057500,long,0.02637742145156774,1,0,0.17999999999999994,-0.33727009432571653
ETH,2025-12-08,1765061100,short,0.02245364798979077,2,1,0.3699999999999999,0.3780534176978797
BTC,2025-12-08,1765061100,short,0.023858205876957084,2,1,0.2799999999999999,0.3153031086391251
BTC,2025-12-08,1765062000,long,0.02594939224157855,2,1,-0.17800000000000005,-0.1341966746848233
ETH,2025-12-08,1765064700,short,0.020048958768336456,2,1,-0.7799999999999999,-0.6790442507770581
ETH,2025-12-08,1765065600,long,0.02071715163360688,0,0,0.0,0.0
ETH,2025-12-09,1765065600,short,0.05654681116696758,0,0,0.0,0.0
BTC,2025-12-09,1765065600,short,0.02371337995326306,1,0,-0.14,0.22649056891705793
ETH,2025-12-08,1765065600,short,0.023274251663043866,1,0,0.13,0.017740885064196785
ETH,2025-12-09,1765072800,long,0.021696889593799673,0,0,0.0,0.0
ETH,2025-12-07,1765076400,short,0.023311579305835495,2,1,0.18399999999999997,0.1217007855272193
XRP,2025-12-07,1765080000,short,0.11662446025016976,2,1,-0.25000000000000006,-0.21587285874363135
SOL,2025-12-07,1765082700,short,0.058151633295369126,2,1,-0.12299999999999997,-0.1967118836986912
XRP,2025-12-08,1765085400,long,0.04384882019050118,0,0,0.0,0.0
XRP,2025-12-08,1765085400,short,0.026151179809498548,1,0,0.31999999999999995,0.23212099607347922
XRP,2025-12-08,1765085400,long,0.03387378574200017,1,0,0.31999999999999995,0.23212099607347922
XRP,2025-12-08,1765085400,short,0.0761262142579997,0,0,0.0,0.0
XRP,2025-12-09,1765085400,long,0.028510465825050346,0,0,0.0,0.0
XRP,2025-12-09,1765085400,short,0.02748953417494976,1,0,0.6599999999999999,0.34653398176210476
XRP,2025-12-09,1765085400,long,0.028510465825050346,0,0,0.0,0.0
XRP,2025-12-09,1765085400,short,0.02748953417494976,1,0,0.6599999999999999,0.34653398176210476
XRP,2025-12-08,1765085400,short,0.023819940671570672,0,0,0.0,0.0
XRP,2025-12-08,1765085400,long,0.04718005932842928,0,0,0.0,0.0
XRP,2025-12-08,1765085400,long,0.03387378574200017,1,0,0.31999999999999995,0.23212099607347922
XRP,2025-12-08,1765085400,short,0.0761262142579997,0,0,0.0,0.0
XRP,2025-12-08,1765085400,long,0.04384882019050118,0,0,0.0,0.0
XRP,2025-12-08,1765085400,short,0.026151179809498548,1,0,0.31999999999999995,0.23212099607347922
XRP,2025-12-08,1765085400,short,0.023819940671570672,0,0,0.0,0.0
XRP,2025-12-08,1765085400,long,0.04718005932842928,0,0,0.0,0.0
ETH,2025-12-08,1765086300,long,0.020182171182812736,2,1,0.7799999999999999,0.6849539122140258
ETH,2025-12-08,1765090800,long,0.03665242431182025,0,0,0.0,0.0
XRP,2025-12-08,1765095300,short,0.1423635012100334,0,0,0.0,0.0
SOL,2025-12-08,1765098900,long,0.07334186326863112,1,0,-0.29000000000000004,-0.07447870430493941
SOL,2025-12-08,1765098900,short,0.07946807975710929,1,0,-0.29000000000000004,-0.07447870430493941
BTC,2025-12-07,1765099800,long,0.035966459661940675,2,1,-0.207,-0.3436367505167055
SOL,2025-12-09,1765101600,long,0.023151734436944515,0,0,0.0,0.0
SOL,2025-12-09,1765101600,short,0.03684826556305565,0,0,0.0,0.0
SOL,2025-12-09,1765101600,long,0.02359779415453378,0,0,0.0,0.0
SOL,2025-12-09,1765101600,short,0.020402205845465926,0,0,0.0,0.0
SOL,2025-12-09,1765101600,long,0.02359779415453378,0,0,0.0,0.0
SOL,2025-12-09,1765101600,short,0.020402205845465926,0,0,0.0,0.0
SOL,2025-12-09,1765101600,long,0.023151734436944515,0,0,0.0,0.0
SOL,2025-12-09,1765101600,short,0.03684826556305565,0,0,0.0,0.0
SOL,2025-12-08,1765116000,long,0.04165207263832449,2,1,0.42999999999999994,0.2215061418114739
BTC,2025-12-09,1765116900,long,0.02073922002990325,1,0,0.018000000000000016,-0.019525031183303385
ETH,2025-12-08,1765117800,short,0.038079962860062544,2,1,0.10499999999999998,-0.06390406746551053
ETH,2025-12-07,1765117800,short,0.0488246514528905,2,1,0.18599999999999994,-0.3837743715989008
ETH,2025-12-09,1765117800,short,0.022449675356436605,2,1,0.07099999999999995,-0.1459994294153015
BTC,2025-12-09,1765117800,long,0.02520196559919996,1,0,-0.28,0.3133659147697957
BTC,2025-12-09,1765117800,short,0.03079803440080009,1,0,-0.11699999999999999,0.26283636421041395
BTC,2025-12-09,1765117800,short,0.0499321500107861,0,0,0.0,0.0
BTC,2025-12-07,1765118700,long,0.09078713421585727,2,1,-0.2869999999999999,0.4396704703218235
ETH,2025-12-07,1765118700,long,0.03941187550771019,2,1,-0.07199999999999995,0.3498035617757559
BTC,2025-12-07,1765120500,long,0.05320471722044795,2,1,0.22899999999999998,0.12399026512044867
BTC,2025-12-08,1765122300,short,0.020875014647890655,2,1,0.10099999999999998,0.05375252063011443
ETH,2025-12-09,1765123200,long,0.03147950742685035,1,0,-0.030000000000000027,0.1436963005674769
ETH,2025-12-07,1765123200,short,0.11645876571950453,2,1,0.278,0.19112549514753954
ETH,2025-12-07,1765123200,long,0.23996839887046528,1,0,0.30000000000000004,0.2131091801310031
BTC,2025-12-09,1765123200,long,0.029364348616018665,1,0,0.04500000000000004,0.1628228349408641
SOL,2025-12-08,1765124100,long,0.029967313828236364,1,0,-0.37,-0.06808440373580804
SOL,2025-12-08,1765124100,short,0.04603268617176359,2,1,0.387,0.16631688100291234
ETH,2025-12-09,1765126800,short,0.02163345284368534,2,1,-0.9460000000000001,-0.8179586014697328
ETH,2025-12-10,1765127700,short,0.02836115298666364,0,0,0.0,0.0
ETH,2025-12-10,1765127700,short,0.02572098941836276,1,0,-0.05700000000000005,0.12166062210657316
ETH,2025-12-09,1765127700,long,0.028726776293306555,1,0,-0.17000000000000004,0.3354947843744075
BTC,2025-12-08,1765127700,long,0.029072315803644777,2,1,0.72,0.7208719933670626
SOL,2025-12-10,1765127700,long,0.03672732294126657,0,0,0.0,0.0
SOL,2025-12-10,1765127700,long,0.031263418491426,0,0,0.0,0.0
BTC,2025-12-09,1765127700,long,0.02878277733670287,1,0,-0.49,0.0033365566267750113
BTC,2025-12-09,1765127700,short,0.031217222663297073,1,0,-0.26,0.16114084376901566
ETH,2025-12-10,1765127700,long,0.03156913462868971,1,0,-0.05700000000000005,0.12166062210657316
BTC,2025-12-09,1765127700,long,0.024879724441562168,1,0,-0.26,0.16114084376901566
BTC,2025-12-09,1765127700,short,0.025120275558437988,1,0,-0.10999999999999999,0.1585604863417513
BTC,2025-12-09,1765127700,short,0.02128138142887459,1,0,-0.04400000000000004,0.09155975748023507
BTC,2025-12-08,1765127700,short,0.02297600273726197,1,0,0.20999999999999996,0.21225390438119543
BTC,2025-12-10,1765127700,long,0.030313374127964865,1,0,-0.07999999999999996,0.005822962452693245
ETH,2025-12-10,1765127700,long,0.02618621459292303,0,0,0.0,0.0
BTC,2025-12-10,1765127700,short,0.030233081602201728,1,0,-0.49,-0.294985213822408
BTC,2025-12-10,1765127700,short,0.020395397123000203,1,0,-0.07999999999999996,0.005822962452693245
BTC,2025-12-10,1765127700,short,0.021599564031057783,1,0,-0.31000000000000005,-0.13313021914113665
SOL,2025-12-10,1765128600,short,0.04258430732719376,0,0,0.0,0.0
SOL,2025-12-09,1765128600,short,0.04064372756096579,2,1,-0.763,-0.46462864078525073
ETH,2025-12-09,1765128600,short,0.03071981023471604,2,1,0.051999999999999956,0.1381525037773159
ETH,2025-12-08,1765128600,long,0.0337117177870212,2,1,-0.09999999999999998,-0.10164449942992111
BTC,2025-12-10,1765128600,short,0.02518756157252644,1,0,-0.5800000000000001,-0.4609840056551011
BTC,2025-12-10,1765128600,short,0.03726194854707188,1,0,0.14,0.20184965993821222
ETH,2025-12-09,1765128600,short,0.03307318410651039,2,1,0.18900000000000006,0.3599522179141056
ETH,2025-12-09,1765128600,long,0.024926815893489662,1,0,-0.831,-0.5197687864511106
BTC,2025-12-10,1765128600,short,0.02035608844455583,1,0,0.25,0.344063541412859
ETH,2025-12-09,1765128600,short,0.020313855121422142,1,0,-0.44999999999999996,0.10881058746211048
ETH,2025-12-09,1765128600,long,0.03968614487857791,2,1,-0.18999999999999995,-0.26662715599911546
ETH,2025-12-09,1765128600,short,0.02556627514656995,2,1,0.25,0.15670801296025377
ETH,2025-12-09,1765128600,long,0.04443372485343011,1,0,-0.44999999999999996,0.10881058746211048
ETH,2025-12-10,1765128600,long,0.024444224548546112,0,0,0.0,0.0
ETH,2025-12-10,1765128600,short,0.03555577545145394,0,0,0.0,0.0
ETH,2025-12-09,1765128600,short,0.02349823378637894,1,0,-0.09999999999999998,0.19768289851516635
ETH,2025-12-09,1765128600,long,0.026501766213621103,1,0,-0.22999999999999998,0.23551860042236422
ETH,2025-12-10,1765128600,long,0.028692567582066175,1,0,-0.07000000000000006,0.10389855590732155
ETH,2025-12-09,1765128600,short,0.03307318410651039,2,1,0.18900000000000006,0.3599522179141056
ETH,2025-12-09,1765128600,long,0.024926815893489662,1,0,-0.831,-0.5197687864511106
ETH,2025-12-09,1765128600,short,0.020313855121422142,1,0,-0.44999999999999996,0.10881058746211048
ETH,2025-12-09,1765128600,long,0.03968614487857791,2,1,-0.18999999999999995,-0.26662715599911546
BTC,2025-12-10,1765128600,long,0.031158622640019118,1,0,-0.5800000000000001,-0.4609840056551011
ETH,2025-12-10,1765128600,short,0.03269459621575144,1,0,-0.09899999999999999,-0.28197545582594197
SOL,2025-12-09,1765129500,long,0.023425037638723722,1,0,0.026000000000000023,0.09750512444022293
SOL,2025-12-09,1765129500,short,0.020574962361276317,2,1,-0.772,-0.47509423010802726
ETH,2025-12-10,1765129500,long,0.031012856426449353,1,0,0.129,0.3136422432906697
ETH,2025-12-10,1765129500,long,0.027492117264436677,0,0,0.0,0.0
ETH,2025-12-10,1765129500,short,0.022507882735563478,0,0,0.0,0.0
BTC,2025-12-10,1765129500,long,0.026695943400169675,2,1,0.86,0.8385075168114495
ETH,2025-12-10,1765129500,short,0.03448088230990598,1,0,0.129,0.3136422432906697
BTC,2025-12-10,1765129500,long,0.022298737146509318,1,0,-0.24,-0.15032492943106826
ETH,2025-12-10,1765129500,short,0.030322284963785306,1,0,-0.07000000000000006,0.09139308948511346
BTC,2025-12-10,1765129500,long,0.0333936337659575,2,1,-0.07999999999999999,-0.10886268714979086
SOL,2025-12-10,1765129500,long,0.04922417187639727,0,0,0.0,0.0
SOL,2025-12-10,1765129500,short,0.02077582812360257,0,0,0.0,0.0
SOL,2025-12-10,1765129500,long,0.03528607390896488,0,0,0.0,0.0
BTC,2025-12-09,1765130400,short,0.02144757586241297,2,1,-0.87,-0.7553122355329155
BTC,2025-12-10,1765131300,short,0.02016794256000043,2,1,0.12,0.10287118824240182
BTC,2025-12-08,1765131300,long,0.050576368433104424,2,1,-0.20400000000000007,-0.11187150494470834
ETH,2025-12-10,1765131300,short,0.024529806322706293,0,0,0.0,0.0
BTC,2025-12-10,1765134000,long,0.026955818762358863,1,0,0.20999999999999996,0.16016706611252746
BTC,2025-12-10,1765134000,short,0.023044181237641292,1,0,0.37,0.30616197399232603
ETH,2025-12-10,1765134000,short,0.028826300621156653,2,1,0.08999999999999997,0.0025704476953476857
ETH,2025-12-10,1765134000,long,0.02117369937884339,1,0,0.06999999999999995,-0.06578354456083257
ETH,2025-12-09,1765134900,long,0.021906187536020028,2,1,-0.19000000000000006,-0.07150096404474024
BTC,2025-12-09,1765135800,short,0.023796759988791272,2,1,0.2699999999999999,0.251797445817496
BTC,2025-12-09,1765135800,long,0.02620324001120844,2,1,-0.22000000000000008,-0.2017974458174962
BTC,2025-12-09,1765136700,long,0.03584856939920189,2,1,-0.21000000000000008,-0.18449031436844798
BTC,2025-12-09,1765136700,short,0.024151430600798163,2,1,0.27,0.24449031436844793
BTC,2025-12-09,1765136700,short,0.031020247485839647,2,1,0.25,0.334430373807287
BTC,2025-12-09,1765137600,long,0.021748835912073217,2,1,-0.19999999999999996,-0.28146181695301653
BTC,2025-12-09,1765137600,short,0.028251164087926828,2,1,0.25,0.3314618169530166
BTC,2025-12-09,1765140300,short,0.020420116517073095,2,1,0.18999999999999995,0.08673090199736613
ETH,2025-12-10,1765140300,long,0.0245965508554844,1,0,-0.10099999999999999,-0.28592372115920633
ETH,2025-12-09,1765143900,short,0.025761075225855135,1,0,0.26,-0.22014052931629768
BTC,2025-12-08,1765143900,short,0.03292307586196419,2,1,0.121,0.1589523347611479
ETH,2025-12-09,1765146600,long,0.02371665609432272,1,0,0.039000000000000035,0.13628790149691697
ETH,2025-12-08,1765147500,short,0.0441259005559933,2,1,0.4099999999999999,0.4028182216861467
BTC,2025-12-08,1765147500,short,0.02438644272940138,2,1,0.35000000000000003,0.34122880338632633
ETH,2025-12-09,1765148400,short,0.02152922097439236,1,0,-0.025000000000000022,0.12550405997564223
ETH,2025-12-08,1765151100,long,0.038897014797355745,2,1,-0.3400000000000001,-0.3511676734766931
ETH,2025-12-08,1765151100,short,0.04141597323402868,2,1,-0.741,-0.6237450368386308
ETH,2025-12-08,1765152000,short,0.022829594032934164,2,1,0.20799999999999996,0.13167184744897592
BTC,2025-12-10,1765152000,long,0.02226438800119568,0,0,0.0,0.0
BTC,2025-12-10,1765152000,long,0.021935208246720572,1,0,0.039000000000000035,0.06991537382873741
BTC,2025-12-08,1765155600,long,0.024843431044890396,2,1,-0.3800000000000001,-0.35096541037907336
BTC,2025-12-08,1765163700,short,0.028971827134947836,2,1,-0.77,-0.620718524693701
ETH,2025-12-08,1765172700,long,0.026388159493576868,2,1,0.5539999999999999,0.5871411063592932
XRP,2025-12-09,1765182600,long,0.04945123071880686,1,0,-0.52,-0.2537313557098484
XRP,2025-12-09,1765182600,short,0.05054876928119301,0,0,0.0,0.0
XRP,2025-12-09,1765182600,short,0.022429152161530075,1,0,-0.030000000000000027,0.02974003243224467
XRP,2025-12-09,1765182600,long,0.06757084783846978,0,0,0.0,0.0
XRP,2025-12-09,1765182600,long,0.04945123071880686,1,0,-0.52,-0.2537313557098484
XRP,2025-12-09,1765182600,short,0.05054876928119301,0,0,0.0,0.0
XRP,2025-12-09,1765182600,short,0.04911406327919665,1,0,-0.52,-0.2537313557098484
XRP,2025-12-09,1765182600,long,0.040885936720803207,0,0,0.0,0.0
XRP,2025-12-09,1765182600,short,0.03799186187063086,0,0,0.0,0.0
XRP,2025-12-09,1765182600,short,0.022429152161530075,1,0,-0.030000000000000027,0.02974003243224467
XRP,2025-12-09,1765182600,long,0.06757084783846978,0,0,0.0,0.0
XRP,2025-12-09,1765182600,short,0.04911406327919665,1,0,-0.52,-0.2537313557098484
XRP,2025-12-09,1765182600,long,0.040885936720803207,0,0,0.0,0.0
XRP,2025-12-08,1765182600,short,0.06329565865510778,2,1,-0.41000000000000003,-0.32602141028248793
XRP,2025-12-10,1765182600,short,0.04122944946248641,0,0,0.0,0.0
XRP,2025-12-10,1765182600,long,0.05877055053751379,0,0,0.0,0.0
XRP,2025-12-08,1765182600,long,0.046039286058478845,2,1,-0.33699999999999997,-0.23893580297575623
XRP,2025-12-09,1765182600,long,0.02782061109026146,1,0,-0.030000000000000027,0.02974003243224467
XRP,2025-12-10,1765182600,short,0.04122944946248641,0,0,0.0,0.0
XRP,2025-12-10,1765182600,long,0.05877055053751379,0,0,0.0,0.0
XRP,2025-12-10,1765182600,long,0.05960851023957314,0,0,0.0,0.0
XRP,2025-12-08,1765183500,short,0.04979768446624433,2,1,-0.44000000000000006,-0.3268183799193395
XRP,2025-12-08,1765183500,long,0.02020231553375562,1,0,0.45999999999999996,0.30820540723234935
XRP,2025-12-08,1765185300,long,0.023643255199641278,2,1,-0.4840000000000001,-0.2898156912286194
XRP,2025-12-08,1765185300,short,0.03935674480035872,1,0,-0.073,0.010533015161082543
SOL,2025-12-09,1765188000,long,0.03917062132036664,0,0,0.0,0.0
SOL,2025-12-09,1765188000,short,0.020829378679633526,1,0,-0.07999999999999996,0.08340238335965239
SOL,2025-12-09,1765188000,long,0.02337410665910622,1,0,-0.07999999999999996,0.08340238335965239
SOL,2025-12-09,1765188000,long,0.03917062132036664,0,0,0.0,0.0
SOL,2025-12-09,1765188000,short,0.020829378679633526,1,0,-0.07999999999999996,0.08340238335965239
ETH,2025-12-08,1765206900,long,0.08667082320362329,2,1,0.08800000000000008,0.08721754014789268
BTC,2025-12-09,1765207800,short,0.02057796704280057,2,1,0.15899999999999992,-0.1205034964785569
ETH,2025-12-11,1765214100,short,0.023536840304103634,2,1,0.20999999999999996,0.19462639409168825
SOL,2025-12-11,1765214100,long,0.02868925179413173,1,0,0.030000000000000027,0.00996561219344222
ETH,2025-12-11,1765214100,short,0.03358504546764818,1,0,-0.050000000000000044,-0.00961121871931591
ETH,2025-12-11,1765214100,short,0.034982260967190815,1,0,0.20999999999999996,0.2859704619223756
ETH,2025-12-11,1765214100,long,0.03442759331940115,1,0,-0.050000000000000044,-0.00961121871931591
BTC,2025-12-09,1765214100,long,0.02907718644563584,2,1,-0.27,-0.017152206419988714
BTC,2025-12-11,1765214100,long,0.021540142164872433,2,1,-0.13000000000000006,-0.1220632930972024
ETH,2025-12-11,1765214100,long,0.025605795151328437,1,0,-0.26,-0.16561346395477705
ETH,2025-12-11,1765214100,long,0.023437295907789535,1,0,0.052000000000000046,0.07840103981969032
SOL,2025-12-11,1765214100,long,0.026895984134227335,2,1,-0.22800000000000004,-0.11797190814155457
SOL,2025-12-11,1765214100,short,0.04710401586577251,0,0,0.0,0.0
SOL,2025-12-10,1765214100,short,0.026880097152134574,1,0,-0.28,-0.2739626179283124
SOL,2025-12-10,1765214100,long,0.03311990284786526,1,0,0.21999999999999997,0.2249681577509393
SOL,2025-12-10,1765214100,long,0.022034417453407285,1,0,-0.28,-0.2739626179283124
BTC,2025-12-10,1765214100,short,0.02426077118825709,2,1,0.08599999999999997,0.03452159588204321
ETH,2025-12-10,1765214100,short,0.022470654474663343,2,1,0.18000000000000005,0.357412288034887
SOL,2025-12-11,1765214100,long,0.026895984134227335,2,1,-0.22800000000000004,-0.11797190814155457
SOL,2025-12-11,1765214100,short,0.04710401586577251,0,0,0.0,0.0
SOL,2025-12-10,1765215000,short,0.022394502795722082,1,0,-0.03,-0.03155516421707253
SOL,2025-12-10,1765215000,long,0.02660549720427774,1,0,-0.28,-0.2873022499689482
ETH,2025-12-11,1765215000,long,0.022627004746224477,1,0,-0.13,-0.0502408624242338
ETH,2025-12-11,1765215000,short,0.028257998919690275,1,0,-0.18000000000000002,-0.2644367008034717
BTC,2025-12-11,1765215000,short,0.020387699768913636,2,1,-0.8,-0.7978649701833035
ETH,2025-12-10,1765215000,short,0.021858269104544803,2,1,0.27,0.35356005999337115
ETH,2025-12-11,1765215000,long,0.023549055476512537,1,0,0.48,0.3527216657407519
ETH,2025-12-09,1765215000,short,0.023891977139760878,2,1,0.15699999999999992,0.5853292186793888
BTC,2025-12-11,1765215900,short,0.022629175770843446,1,0,-0.07999999999999996,-0.08453221554377939
ETH,2025-12-10,1765215900,short,0.032285130659298056,2,1,0.16000000000000003,-0.025451845581676014
SOL,2025-12-10,1765215900,short,0.02365888724321652,0,0,0.0,0.0
SOL,2025-12-10,1765215900,long,0.04634111275678365,1,0,0.26,0.22490881902008042
ETH,2025-12-10,1765215900,long,0.028428141397993212,1,0,-0.72,-0.2432174952406817
ETH,2025-12-11,1765215900,long,0.021344845248462363,1,0,0.18999999999999995,0.2755382828771138
ETH,2025-12-10,1765215900,short,0.030757628511495994,1,0,-0.22999999999999998,0.2219829462716083
ETH,2025-12-09,1765215900,short,0.026552752935046775,2,1,0.35,-0.0318054438463915
ETH,2025-12-11,1765215900,short,0.034331705096657505,1,0,-0.14,-0.058424206968801726
ETH,2025-12-09,1765215900,long,0.024193335518732928,2,1,-0.33000000000000007,-0.6516596646283052
BTC,2025-12-10,1765215900,long,0.023891318675104634,1,0,-0.72,-0.5063072259350028
BTC,2025-12-10,1765215900,short,0.020377256161766333,1,0,-0.72,-0.5063072259350028
BTC,2025-12-11,1765215900,short,0.020402132108436777,1,0,-0.17000000000000004,-0.17680160057812647
BTC,2025-12-10,1765215900,short,0.02947026546820186,1,0,-0.12,0.020140964823690405
BTC,2025-12-10,1765215900,long,0.020529734531798294,2,1,-0.13,-0.052636779747324475
BTC,2025-12-10,1765216800,long,0.02061686113850114,2,1,0.85,0.7802598982208521
BTC,2025-12-10,1765216800,short,0.02597461799598655,2,1,0.11000000000000003,0.17292421524806573
ETH,2025-12-11,1765217700,short,0.020653915300121728,1,0,0.10999999999999999,0.15470319858353576
ETH,2025-12-10,1765217700,long,0.022837460422783673,1,0,0.87,0.5756962300211429
BTC,2025-12-11,1765217700,short,0.021911528997415997,2,1,0.11999999999999998,0.10683349005529766
BTC,2025-12-10,1765218600,short,0.021146476365168643,2,1,0.16000000000000003,0.09138783176664357
SOL,2025-12-10,1765218600,long,0.02742713931029339,0,0,0.0,0.0
BTC,2025-12-11,1765218600,long,0.021956191741121067,1,0,-0.28,-0.31184203857167553
BTC,2025-12-10,1765218600,long,0.02010020328511719,2,1,-0.05999999999999994,-0.1255667837476271
ETH,2025-12-09,1765219500,long,0.02154558810338858,2,1,-0.07799999999999996,0.27256260121438114
ETH,2025-12-10,1765220400,long,0.020791216414012936,0,0,0.0,0.0
ETH,2025-12-10,1765220400,long,0.022525936531568203,0,0,0.0,0.0
ETH,2025-12-10,1765220400,short,0.027474063468431842,0,0,0.0,0.0
BTC,2025-12-10,1765220400,long,0.029851883950863467,1,0,-0.48,-0.22722595475456564
ETH,2025-12-10,1765221300,long,0.03544917465780073,0,0,0.0,0.0
BTC,2025-12-11,1765221300,long,0.02028354219948736,1,0,0.09999999999999998,0.08818834734956048
ETH,2025-12-10,1765222200,long,0.026553219977103915,1,0,-0.86,-0.572153354195859
BTC,2025-12-11,1765222200,short,0.02131894822193936,1,0,0.54,0.5058726485524162
ETH,2025-12-10,1765222200,short,0.02239510533482303,2,1,-0.899,-0.7377822048237213
BTC,2025-12-09,1765223100,short,0.021470628838689,2,1,0.16999999999999993,0.5555752994064478
BTC,2025-12-09,1765223100,long,0.05687857142137309,2,1,-0.31000000000000005,-0.5590921825191792
BTC,2025-12-11,1765224900,short,0.020562715004145415,2,1,0.06899999999999998,0.05786787991005239
ETH,2025-12-11,1765224900,short,0.02123700969621245,0,0,0.0,0.0
BTC,2025-12-10,1765224900,short,0.020784013205986107,1,0,-0.21999999999999997,-0.06171118330762504
BTC,2025-12-11,1765227600,long,0.020592420243977116,2,1,0.85,0.8324712273458507
BTC,2025-12-10,1765227600,short,0.02539871741376709,2,1,0.2799999999999999,0.2836319617401011
BTC,2025-12-10,1765227600,long,0.03460128258623296,2,1,-0.21999999999999997,-0.22363196174010117
ETH,2025-12-09,1765229400,long,0.024813662097075584,2,1,-0.24,0.30201794587644004
BTC,2025-12-10,1765230300,short,0.029022691740399176,1,0,-0.020999999999999998,-0.03744605707926878
BTC,2025-12-11,1765232100,long,0.02081366975999588,1,0,-0.051000000000000045,-0.08680312530283425
SOL,2025-12-10,1765238400,long,0.02450489446070314,1,0,-0.30000000000000004,-0.1689524840316189
SOL,2025-12-10,1765238400,short,0.03449510553929669,1,0,-0.030000000000000027,-0.0011789450436789292
ETH,2025-12-09,1765242000,long,0.020014554414781616,2,1,-0.123,-0.7346196357684985
ETH,2025-12-09,1765250100,short,0.030884951417788575,2,1,0.43000000000000005,1.237431107336485
BTC,2025-12-11,1765251900,short,0.026981424899666373,2,1,0.18999999999999997,0.17533745337771242
ETH,2025-12-11,1765253700,long,0.026113793785353945,0,0,0.0,0.0
ETH,2025-12-11,1765253700,short,0.03388620621464622,0,0,0.0,0.0
BTC,2025-12-11,1765265400,long,0.022673675767420853,0,0,0.0,0.0
SOL,2025-12-09,1765274400,short,0.046677366438179685,2,1,0.8039999999999999,1.7656187910171783
SOL,2025-12-09,1765275300,long,0.09060382964964475,2,1,-0.131,0.9539835778890908
SOL,2025-12-09,1765277100,short,0.026300732455650372,2,1,0.813,1.8841959840391944
SOL,2025-12-09,1765277100,long,0.02469926754434959,1,0,0.18999999999999995,-0.9140585166685418
BTC,2025-12-11,1765279800,short,0.02145528477097547,1,0,0.55,0.49223076049771375
BTC,2025-12-11,1765279800,long,0.028544715229024575,1,0,0.33999999999999997,0.28735810001813705
BTC,2025-12-09,1765290600,short,0.05237578418578204,2,1,0.3999999999999999,-1.6506479207852571
XRP,2025-12-10,1765292400,short,0.0714383781408705,1,0,-0.27,-0.2346938324623185
XRP,2025-12-09,1765292400,long,0.03441138543549327,1,0,-0.92,-0.4418857204518481
XRP,2025-12-10,1765292400,short,0.021088825087726915,1,0,-0.050000000000000044,-0.034662188619918044
XRP,2025-12-10,1765292400,long,0.04425062597409868,1,0,0.08999999999999997,0.1066688365360892
XRP,2025-12-10,1765294200,long,0.02500313520383246,1,0,-0.16000000000000003,-0.2101435986464483
XRP,2025-12-10,1765294200,short,0.04833827552129866,1,0,0.45999999999999996,0.3930006771208204
XRP,2025-12-10,1765295100,long,0.056881023259366614,1,0,0.049000000000000044,0.021541961480362443
BTC,2025-12-09,1765296000,long,0.16472717937697,2,1,-0.777,-1.1602170229276083
ETH,2025-12-10,1765296000,short,0.08258705487603657,1,0,0.18999999999999995,0.3424627583566649
ETH,2025-12-11,1765296000,short,0.023505588948669942,1,0,0.43999999999999995,0.29566793002019764
ETH,2025-12-11,1765296000,long,0.03649441105133011,1,0,0.26,0.15348745600484154
ETH,2025-12-11,1765296000,short,0.0232741736598584,1,0,0.10799999999999998,0.046085365318672786
XRP,2025-12-10,1765296900,short,0.04538674492250516,1,0,0.33999999999999997,0.06406833776972731
XRP,2025-12-10,1765296900,long,0.03661325507749469,1,0,-0.29000000000000004,-0.01406833776972738
XRP,2025-12-10,1765296900,long,0.03955512932611316,1,0,0.72,0.4474463345362655
XRP,2025-12-10,1765296900,short,0.05044487067388681,0,0,0.0,0.0
BTC,2025-12-11,1765297800,short,0.024962691660791236,2,1,0.08900000000000001,-0.003097098051578595
XRP,2025-12-11,1765297800,long,0.051688194511025576,1,0,-0.027000000000000024,-0.14465438225990024
XRP,2025-12-11,1765297800,long,0.03998717440802069,0,0,0.0,0.0
XRP,2025-12-11,1765297800,short,0.02201282559197948,1,0,-0.027000000000000024,-0.14465438225990024
XRP,2025-12-11,1765297800,long,0.03998717440802069,0,0,0.0,0.0
XRP,2025-12-11,1765297800,short,0.02201282559197948,1,0,-0.027000000000000024,-0.14465438225990024
ETH,2025-12-11,1765297800,short,0.03072721956285107,1,0,0.08499999999999996,0.013687097060948825
ETH,2025-12-09,1765298700,long,0.10258312992769403,2,1,0.10300000000000009,0.10067798651874693
XRP,2025-12-11,1765298700,long,0.06243398654902532,0,0,0.0,0.0
ETH,2025-12-10,1765298700,short,0.0211775425789833,2,1,0.11200000000000003,0.11414386636794747
ETH,2025-12-11,1765298700,long,0.023089325520760706,2,1,-0.08700000000000002,0.012676967996150645
SOL,2025-12-11,1765298700,short,0.052049850574298895,1,0,-0.033,0.08535590977102384
ETH,2025-12-10,1765298700,short,0.023079094060976524,2,1,0.24,0.24253753696195093
ETH,2025-12-10,1765298700,long,0.03692090593902342,2,1,-0.18,-0.18253753696195094
ETH,2025-12-12,1765300500,short,0.02364779223258906,1,0,-0.88,-0.6046752041970722
BTC,2025-12-12,1765300500,short,0.0315339716178582,1,0,-0.6900000000000001,-0.3767296395725384
BTC,2025-12-12,1765300500,short,0.020614037596320633,2,1,0.18999999999999995,0.23230438681689958
SOL,2025-12-11,1765300500,long,0.042704294511509255,1,0,-0.040000000000000036,-0.2208623384773954
BTC,2025-12-12,1765300500,long,0.03176668085645362,1,0,-0.34,-0.0064949343203348775
ETH,2025-12-11,1765300500,long,0.04545303097827125,1,0,-0.46,-0.030348713540251593
BTC,2025-12-11,1765300500,long,0.03988620236631912,1,0,-0.32,0.09333617871696576
ETH,2025-12-10,1765300500,long,0.03591447645617696,1,0,-0.226,-0.13450405153419362
SOL,2025-12-10,1765300500,long,0.10103395696286532,1,0,-0.77,-0.3326600329188929
SOL,2025-12-11,1765300500,short,0.04374587440001898,2,1,-0.75,-0.3805899431251516
ETH,2025-12-10,1765300500,short,0.041563853743111334,2,1,0.20000000000000007,0.24563545854046398
ETH,2025-12-11,1765300500,long,0.020043216714387135,2,1,-0.18000000000000005,-0.22445302076797288
ETH,2025-12-11,1765300500,short,0.029956783285612798,2,1,0.22999999999999993,0.27445302076797273
SOL,2025-12-11,1765300500,long,0.056414387529362786,1,0,-0.71,-0.15972760464775615
ETH,2025-12-10,1765301400,short,0.02265100180367552,2,1,0.09899999999999998,0.11514910080175784
SOL,2025-12-11,1765302300,short,0.049071622459130326,2,1,-0.6900000000000001,-0.34124434711106516
SOL,2025-12-11,1765302300,long,0.020928377540869292,1,0,0.06999999999999995,0.2615822000476059
BTC,2025-12-11,1765302300,short,0.023082245214547714,2,1,-0.8900000000000001,-0.7870844255543666
SOL,2025-12-10,1765302300,short,0.03324229851123883,2,1,-0.7210000000000001,-0.33883530709115556
ETH,2025-12-11,1765302300,long,0.024242193851191862,2,1,-0.14,-0.2308719744815989
ETH,2025-12-12,1765302300,short,0.022642929081651886,1,0,-0.44,0.07096341643115228
ETH,2025-12-12,1765302300,short,0.028236597076174763,1,0,0.9,0.6207723058235846
BTC,2025-12-12,1765303200,short,0.0315842911509312,1,0,-0.32,-0.01806565436890173
ETH,2025-12-12,1765303200,long,0.025364504071410332,1,0,0.05999999999999994,0.24241042975448346
BTC,2025-12-10,1765303200,short,0.020182578908131577,2,1,-0.7,-0.6382090305039012
ETH,2025-12-10,1765304100,long,0.02896484225475593,2,1,0.746,0.7329640648239774
ETH,2025-12-12,1765304100,long,0.023905761130589065,1,0,-0.45,0.07922820931062974
SOL,2025-12-11,1765304100,long,0.06596249612586202,1,0,-0.62,-0.09149741539982048
SOL,2025-12-11,1765304100,short,0.022037503874137943,1,0,-0.17200000000000001,0.2096733818703255
SOL,2025-12-10,1765304100,long,0.09376350634728525,2,1,-0.488,-0.2894328208092095
SOL,2025-12-10,1765304100,short,0.03523649365271475,1,0,-0.093,0.13766130591216028
SOL,2025-12-11,1765304100,long,0.02541815429802452,1,0,-0.17200000000000001,0.2096733818703255
SOL,2025-12-11,1765304100,short,0.047581845701975434,1,0,-0.038,0.06299485605689151
BTC,2025-12-10,1765305000,long,0.030622701914077233,1,0,-0.49,-0.18921880331894986
ETH,2025-12-11,1765305000,long,0.02017838451868781,1,0,0.07999999999999996,0.25219850733949395
BTC,2025-12-11,1765305000,short,0.022640769143450368,2,1,0.23000000000000004,0.18435288453633458
ETH,2025-12-11,1765305900,long,0.02196359739245879,1,0,-0.121,0.09835664916070364
ETH,2025-12-11,1765306800,long,0.023031837400822486,0,0,0.0,0.0
ETH,2025-12-11,1765308600,short,0.02244468433383373,2,1,0.21799999999999994,0.1476118432171571
ETH,2025-12-10,1765309500,long,0.02176602934533034,2,1,-0.18999999999999995,-0.19691356918070735
SOL,2025-12-12,1765310400,short,0.04054180884823955,0,0,0.0,0.0
SOL,2025-12-12,1765310400,long,0.027458191151760403,0,0,0.0,0.0
SOL,2025-12-12,1765310400,short,0.04054180884823955,0,0,0.0,0.0
SOL,2025-12-12,1765310400,long,0.027458191151760403,0,0,0.0,0.0
SOL,2025-12-12,1765310400,long,0.025252445809799795,0,0,0.0,0.0
BTC,2025-12-12,1765312200,long,0.02418834760522004,1,0,-0.4,-0.1352119811581569
SOL,2025-12-10,1765312200,short,0.02504603864260968,2,1,-0.542,-0.24455782388171987
SOL,2025-12-10,1765312200,long,0.03195396135739048,1,0,0.049000000000000044,0.12221360780083355
BTC,2025-12-11,1765312200,long,0.02551330077479319,2,1,-0.17000000000000004,-0.08587955571627423
BTC,2025-12-10,1765313100,short,0.023222340381469864,2,1,0.09499999999999997,0.13808773103239397
BTC,2025-12-10,1765313100,long,0.041272147533506054,2,1,0.7,0.6957125560012788
ETH,2025-12-11,1765314000,short,0.02164681072437502,1,0,-0.77,-0.5169885801104559
BTC,2025-12-10,1765314900,long,0.02108167420852136,2,1,-0.20000000000000007,-0.26505638932390807
ETH,2025-12-12,1765315800,short,0.020223951884805857,1,0,0.76,0.3651133542359397
BTC,2025-12-12,1765316700,long,0.020867125728001534,1,0,-0.062000000000000055,-0.14621946585475704
ETH,2025-12-12,1765317600,long,0.021672911916699844,1,0,-0.07000000000000006,-0.25056067844833774
ETH,2025-12-12,1765317600,long,0.028198673089672832,1,0,0.73,0.35186406832766565
ETH,2025-12-10,1765317600,long,0.022862478673498998,1,0,-0.17000000000000004,-0.06642426194958
BTC,2025-12-10,1765317600,short,0.0344795855529928,2,1,0.22800000000000006,0.18404293128320098
BTC,2025-12-11,1765317600,short,0.02332268021341488,2,1,0.12499999999999996,0.02630875991210295
BTC,2025-12-12,1765317600,long,0.02143152456251407,2,1,0.85,0.8096284172312898
BTC,2025-12-12,1765317600,long,0.03432433753725661,0,0,0.0,0.0
BTC,2025-12-12,1765317600,short,0.022230658439884476,2,1,0.134,0.0686807046077936
BTC,2025-12-12,1765318500,long,0.02784283459825243,1,0,0.14,0.27312536382336317
BTC,2025-12-12,1765318500,short,0.022157165401747836,1,0,0.25,0.44114746803448546
BTC,2025-12-12,1765318500,long,0.02784283459825243,1,0,0.14,0.27312536382336317
BTC,2025-12-12,1765318500,short,0.022157165401747836,1,0,0.25,0.44114746803448546
ETH,2025-12-12,1765320300,long,0.021205492612256904,0,0,0.0,0.0
ETH,2025-12-12,1765320300,long,0.029731165389397907,0,0,0.0,0.0
ETH,2025-12-12,1765320300,short,0.020268834610602138,0,0,0.0,0.0
BTC,2025-12-11,1765321200,long,0.020561481596111264,2,1,-0.20999999999999996,-0.20915426748847404
ETH,2025-12-12,1765324800,short,0.03675667763691515,0,0,0.0,0.0
ETH,2025-12-12,1765324800,long,0.023243322363085017,1,0,-0.52,-0.05969178884574777
BTC,2025-12-12,1765324800,short,0.039690445191039814,0,0,0.0,0.0
BTC,2025-12-12,1765324800,long,0.020309554808960018,1,0,-0.56,-0.32117050502769884
ETH,2025-12-11,1765324800,long,0.026082207946052982,0,0,0.0,0.0
ETH,2025-12-11,1765324800,short,0.02391779205394684,2,1,0.22999999999999998,0.29437127092783927
SOL,2025-12-10,1765325700,long,0.14536909838069034,0,0,0.0,0.0
BTC,2025-12-10,1765332000,short,0.023858127072236668,2,1,0.31999999999999995,0.3370434191066125
ETH,2025-12-10,1765337400,short,0.03763505958710678,2,1,-0.629,-0.59175421995925
XRP,2025-12-12,1765341900,short,0.021908861386346845,0,0,0.0,0.0
XRP,2025-12-12,1765341900,long,0.0249193730697721,0,0,0.0,0.0
XRP,2025-12-11,1765348200,long,0.04892879393683658,1,0,0.04600000000000004,-0.00124064114481999
XRP,2025-12-11,1765361700,long,0.05994476913965752,0,0,0.0,0.0
XRP,2025-12-11,1765361700,short,0.020055230860342332,0,0,0.0,0.0
XRP,2025-12-11,1765361700,long,0.05994476913965752,0,0,0.0,0.0
XRP,2025-12-11,1765361700,short,0.020055230860342332,0,0,0.0,0.0
BTC,2025-12-12,1765362600,short,0.026236794776336003,1,0,0.14,0.267604618763324
BTC,2025-12-11,1765368900,short,0.02045288666592726,2,1,0.09099999999999997,0.15628631282494382
BTC,2025-12-11,1765371600,long,0.023450994424426108,2,1,-0.19999999999999996,-0.2427210893904757
BTC,2025-12-11,1765377000,long,0.031122710496361394,2,1,0.88,0.7979579454709944
BTC,2025-12-11,1765377000,short,0.02115491387324231,2,1,0.25,0.2928369326133731
XRP,2025-12-11,1765384200,short,0.02664227993919177,1,0,-0.03500000000000003,-0.1158165771447497
XRP,2025-12-11,1765384200,long,0.041357720060807956,1,0,0.82,0.5622320875951422
XRP,2025-12-11,1765384200,short,0.02664227993919177,1,0,-0.03500000000000003,-0.1158165771447497
XRP,2025-12-11,1765384200,long,0.041357720060807956,1,0,0.82,0.5622320875951422
XRP,2025-12-11,1765384200,short,0.08457717119906005,2,1,0.4799999999999999,0.56226803943063
XRP,2025-12-11,1765386000,long,0.02727062440821859,1,0,0.37,0.03810834655738349
XRP,2025-12-11,1765386000,short,0.0627293755917816,2,1,0.48999999999999994,0.5616420924156773
ETH,2025-12-11,1765386000,long,0.022053504426690074,2,1,-0.27,-0.28267016591654154
ETH,2025-12-11,1765386900,long,0.020624588503452834,2,1,-0.21699999999999997,-0.027267585995101512
ETH,2025-12-13,1765386900,short,0.0234540250895392,1,0,0.63,0.16286511377714985
SOL,2025-12-11,1765386900,long,0.03298129176492792,1,0,0.29000000000000004,0.026879868934107598
SOL,2025-12-11,1765386900,short,0.03701870823507225,1,0,-0.13,-0.322672539415142
BTC,2025-12-13,1765386900,short,0.02574115928048093,1,0,-0.14,-0.26333044933944727
BTC,2025-12-12,1765386900,short,0.030690627466703257,2,1,-0.77,-0.7297614226393566
BTC,2025-12-13,1765386900,short,0.025439210100198117,2,1,0.23000000000000004,0.21603751949468386
BTC,2025-12-13,1765386900,long,0.02176401873180356,2,1,-0.0050000000000000044,-0.0280712359601938
BTC,2025-12-13,1765386900,short,0.029628110464282154,2,1,0.11999999999999995,0.06377437758725413
BTC,2025-12-13,1765386900,long,0.0332065509034678,2,1,-0.13000000000000006,-0.07827893966825218
ETH,2025-12-13,1765386900,long,0.029105096164653732,1,0,-0.040000000000000036,-0.1799074932089018
SOL,2025-12-13,1765386900,long,0.03655222380013523,1,0,0.35,0.22689340336410033
SOL,2025-12-13,1765386900,long,0.05289495996310278,1,0,0.13,0.07643759984684959
SOL,2025-12-13,1765386900,short,0.04836059193973408,1,0,-0.03500000000000003,-0.07227446312210761
SOL,2025-12-13,1765386900,short,0.03534294070400623,1,0,0.13,0.07643759984684959
BTC,2025-12-13,1765387800,short,0.032374660974562874,2,1,-0.78,-0.745816956600821
BTC,2025-12-12,1765387800,short,0.02452750362813405,2,1,0.24999999999999994,0.23205712390417602
ETH,2025-12-13,1765387800,long,0.024078022653578612,2,1,-0.15999999999999998,-0.07648172993387659
ETH,2025-12-12,1765388700,short,0.02468375164490344,2,1,0.25000000000000006,0.29590154431497395
BTC,2025-12-13,1765388700,long,0.02017261353415356,2,1,-0.19000000000000006,-0.17934314736805199
SOL,2025-12-11,1765388700,long,0.03533146950867039,2,1,0.44000000000000006,0.33292947524303607
ETH,2025-12-13,1765388700,short,0.020466482253279517,2,1,0.15200000000000002,0.013144451912373595
ETH,2025-12-13,1765388700,short,0.022448130891968066,2,1,0.17999999999999994,0.2940807597703267
ETH,2025-12-13,1765389600,short,0.02124276768133848,2,1,-0.8800000000000001,-0.7529175139350635
SOL,2025-12-13,1765389600,long,0.038848182499844786,1,0,0.37,0.22373538182501404
SOL,2025-12-13,1765389600,short,0.021151817500155046,1,0,-0.20999999999999996,-0.3284696995547712
SOL,2025-12-11,1765390500,short,0.05329780331521583,2,1,0.30499999999999994,0.032756858939634204
ETH,2025-12-12,1765390500,long,0.021295870642990655,2,1,-0.183,-0.04149341837625231
BTC,2025-12-13,1765390500,long,0.021123868600635642,2,1,-0.06000000000000005,-0.111874101596343
ETH,2025-12-11,1765392300,short,0.03347936109100691,2,1,0.17100000000000004,-0.054452100607687404
ETH,2025-12-13,1765392300,long,0.029396477040913194,1,0,-0.68,-0.1811870166479146
BTC,2025-12-13,1765392300,short,0.025942145127003324,2,1,0.2,0.14063579433669676
ETH,2025-12-12,1765392300,short,0.02193801249259364,2,1,0.09999999999999998,0.2780578563790549
ETH,2025-12-11,1765392300,long,0.03965836864161121,2,1,-0.12,-0.3456915041038572
ETH,2025-12-13,1765392300,short,0.04933658960378551,2,1,0.19499999999999998,0.053142179117829286
ETH,2025-12-13,1765392300,long,0.024663410396214447,1,0,0.18900000000000006,-0.16390984633900407
ETH,2025-12-11,1765392300,long,0.021649417218977618,2,1,0.9600000000000001,0.8137288355339223
ETH,2025-12-11,1765393200,short,0.040231158592895055,2,1,0.31999999999999995,0.403949161422474
ETH,2025-12-11,1765393200,long,0.07976884140710494,2,1,-0.19999999999999996,-0.283949161422474
ETH,2025-12-11,1765393200,short,0.05016500729635942,1,0,-0.042,0.03892504402959599
ETH,2025-12-13,1765393200,long,0.023548640623670236,1,0,0.06999999999999995,0.30941275293279313
ETH,2025-12-13,1765393200,long,0.0816415109005797,2,1,-0.06999999999999995,-0.19231501119461114
BTC,2025-12-11,1765393200,short,0.0515830080435542,2,1,0.24,0.09743280717526806
BTC,2025-12-11,1765393200,short,0.021500281720124526,2,1,0.04299999999999995,-0.010456016245615991
BTC,2025-12-13,1765393200,short,0.027808626445451567,2,1,0.07699999999999999,0.02782759347907223
BTC,2025-12-12,1765393200,short,0.02892528637248415,2,1,0.2099999999999999,0.13543719679683588
BTC,2025-12-12,1765393200,long,0.031074713627516015,2,1,-0.15000000000000002,-0.075437196796836
BTC,2025-12-13,1765393200,long,0.02333201186710765,2,1,-0.08000000000000002,-0.01205084546199732
BTC,2025-12-13,1765393200,long,0.02036861637296772,2,1,-0.09999999999999998,-0.1594951081929496
ETH,2025-12-13,1765393200,long,0.057572094109577865,1,0,-0.51,0.022452037865931196
ETH,2025-12-13,1765393200,short,0.042427905890422224,0,0,0.0,0.0
ETH,2025-12-12,1765393200,long,0.020505092102657052,2,1,0.984,0.8631735660193852
XRP,2025-12-11,1765393200,long,0.02554625842789715,1,0,0.08999999999999997,-0.02684565735581558
SOL,2025-12-13,1765393200,long,0.15202970518954229,0,0,0.0,0.0
SOL,2025-12-13,1765395000,short,0.027089499803311434,1,0,-0.12,-0.03231355863577905
SOL,2025-12-13,1765395000,long,0.052910500196688526,1,0,0.16000000000000003,0.07231355863577908
XRP,2025-12-11,1765395000,short,0.03653981304293191,1,0,-0.05,0.04219090330345657
XRP,2025-12-11,1765395000,long,0.033460186957068094,1,0,0.07000000000000006,-0.022190903303456508
XRP,2025-12-11,1765395000,short,0.03653981304293191,1,0,-0.05,0.04219090330345657
XRP,2025-12-11,1765395000,long,0.033460186957068094,1,0,0.07000000000000006,-0.022190903303456508
SOL,2025-12-13,1765395900,long,0.03452537982060866,1,0,-0.03200000000000003,-0.07247307441749337
ETH,2025-12-13,1765395900,long,0.020889974674493494,1,0,-0.06000000000000005,-0.30154934873249917
BTC,2025-12-11,1765396800,long,0.02815445733891675,2,1,-0.06099999999999997,0.10153970870339626
BTC,2025-12-11,1765396800,short,0.05522601247982506,2,1,0.35999999999999993,0.3654540933686428
SOL,2025-12-12,1765396800,long,0.02225463453709886,1,0,-0.12,-0.2960853593015134
ETH,2025-12-11,1765396800,long,0.033118797074602746,2,1,-0.10499999999999995,0.1391988616163289
SOL,2025-12-11,1765396800,long,0.07080955630533481,2,1,-0.32,0.0964714551245534
ETH,2025-12-11,1765397700,short,0.03513321907958944,2,1,0.338,0.3024525521943475
ETH,2025-12-11,1765397700,long,0.0218667809204105,1,0,-0.6,0.1662370566089989
BTC,2025-12-12,1765397700,long,0.02793564935408699,1,0,-0.29000000000000004,0.13971117216216733
BTC,2025-12-13,1765397700,short,0.02171215148436345,2,1,0.028999999999999915,0.09386709906901829
ETH,2025-12-11,1765397700,long,0.022213499416917415,2,1,-0.059999999999999956,0.18159436462149892
BTC,2025-12-12,1765398600,short,0.02169955359711273,1,0,-0.23,0.0896117416685265
BTC,2025-12-12,1765398600,long,0.05830044640288734,1,0,-0.45,-0.04284801529682014
BTC,2025-12-13,1765399500,long,0.02393468111984709,1,0,-0.11,0.09523134392480963
SOL,2025-12-13,1765399500,long,0.04877595701296311,0,0,0.0,0.0
ETH,2025-12-12,1765402200,short,0.028535147070198885,2,1,0.21999999999999997,0.41175992393225175
BTC,2025-12-13,1765403100,long,0.020923734367968905,1,0,0.24,0.441007653810233
BTC,2025-12-13,1765403100,short,0.029076265632030918,2,1,-0.77,-0.7170528149820335
BTC,2025-12-12,1765404000,long,0.029224895862497546,1,0,-0.028000000000000025,-0.08975311574212957
BTC,2025-12-12,1765404000,long,0.026084720035209008,1,0,0.22999999999999998,0.4380841507975508
BTC,2025-12-12,1765404000,short,0.023915279964790814,2,1,-0.75,-0.6843613226705328
BTC,2025-12-12,1765406700,short,0.02072248629825002,1,0,0.19999999999999996,0.41902675029210534
ETH,2025-12-12,1765406700,short,0.021787533801737258,1,0,-0.16,0.28747974545096067
ETH,2025-12-12,1765406700,long,0.027212466198262675,1,0,-0.35000000000000003,0.2949596345207585
ETH,2025-12-12,1765406700,long,0.02202011916669666,2,1,-0.17999999999999994,-0.36995916937316486
SOL,2025-12-13,1765412100,long,0.023791360706373554,0,0,0.0,0.0
BTC,2025-12-12,1765413900,long,0.02045368947477888,1,0,0.14,0.22509886245020488
ETH,2025-12-13,1765413900,short,0.020157617298591446,1,0,0.06899999999999995,0.21062368988468091
BTC,2025-12-11,1765414800,short,0.020753735998299327,2,1,-0.804,-0.630871848154769
BTC,2025-12-12,1765414800,long,0.023063359658654914,2,1,-0.22000000000000008,-0.1665428562707193
ETH,2025-12-11,1765414800,short,0.023892826533043143,2,1,-0.8150000000000001,-0.61059884016795
ETH,2025-12-13,1765414800,long,0.026654340139122157,1,0,0.06899999999999995,0.20981158637103886
ETH,2025-12-13,1765414800,short,0.020345659860877885,0,0,0.0,0.0
BTC,2025-12-13,1765416600,short,0.021606203054023054,2,1,0.04899999999999993,0.07051189687933727
ETH,2025-12-12,1765416600,long,0.029160272442967372,1,0,-0.861,-0.5697614964548477
SOL,2025-12-13,1765417500,long,0.03229583493912558,0,0,0.0,0.0
SOL,2025-12-12,1765417500,short,0.030246271770340005,1,0,0.32999999999999996,0.37228242742913226
ETH,2025-12-12,1765420200,short,0.021463786031080567,2,1,-0.846,-0.7120800101756604
ETH,2025-12-11,1765420200,short,0.02703358270526368,2,1,0.10699999999999998,0.17108054723881316
ETH,2025-12-12,1765422900,short,0.022536538092574276,2,1,0.09799999999999998,0.1729686058263501
ETH,2025-12-13,1765422900,short,0.020092954210405578,0,0,0.0,0.0
BTC,2025-12-13,1765424700,short,0.02246463681076072,0,0,0.0,0.0
ETH,2025-12-13,1765426500,long,0.02325323840305371,0,0,0.0,0.0
BTC,2025-12-13,1765432800,long,0.021665514630439198,2,1,-0.029000000000000026,-0.03441516318879834
ETH,2025-12-11,1765438200,short,0.022304585614536188,2,1,0.44000000000000006,0.3554776630199698
ETH,2025-12-11,1765445400,long,0.026405001246778914,1,0,-0.04500000000000004,-0.08982275645375222
BTC,2025-12-11,1765458900,long,0.03246318825016248,2,1,-0.48,-0.34511464742919085
BTC,2025-12-11,1765463400,short,0.028354622888572045,2,1,0.029999999999999916,0.033146125869480486
XRP,2025-12-13,1765465200,short,0.05510190362165279,1,0,-0.51,-0.384119467481006
XRP,2025-12-13,1765465200,short,0.05152714868660113,1,0,-0.17000000000000004,-0.08106808643608963
XRP,2025-12-12,1765465200,long,0.04597986882269334,0,0,0.0,0.0
XRP,2025-12-12,1765465200,short,0.04402013117730652,1,0,-0.12,-0.12104852915609307
XRP,2025-12-12,1765465200,long,0.045791133018576735,1,0,0.08999999999999997,0.08922106132387074
XRP,2025-12-13,1765465200,long,0.05952921113611209,1,0,0.050000000000000044,0.07123381385397927
XRP,2025-12-13,1765465200,long,0.021452668331564784,1,0,-0.17000000000000004,-0.08106808643608963
XRP,2025-12-13,1765465200,long,0.031390591686858205,1,0,-0.03200000000000003,-0.0004945442903799765
BTC,2025-12-12,1765465200,short,0.031378897377021264,2,1,0.19899999999999995,0.1514798044813854
XRP,2025-12-12,1765465200,long,0.04597986882269334,0,0,0.0,0.0
XRP,2025-12-12,1765465200,short,0.04402013117730652,1,0,-0.12,-0.12104852915609307
BTC,2025-12-11,1765465200,long,0.0948129993973279,2,1,0.33699999999999997,0.42510253793086294
XRP,2025-12-13,1765466100,long,0.023998763981487814,1,0,0.16999999999999993,0.236759341898795
XRP,2025-12-13,1765466100,short,0.046001236018512026,2,1,-0.63,-0.594354799868788
XRP,2025-12-12,1765466100,long,0.020572584393160565,1,0,-0.09999999999999999,-0.08500970770903829
ETH,2025-12-12,1765467000,long,0.02034188127631964,2,1,-0.10099999999999998,0.06831100344651109
BTC,2025-12-11,1765471500,short,0.22587861351993627,2,1,0.6399999999999999,0.2799718880899329
SOL,2025-12-13,1765473300,short,0.06023434531900107,1,0,-0.05900000000000005,-0.017577869917497886
SOL,2025-12-13,1765473300,long,0.05297997332447868,1,0,0.12,0.174907904302247
SOL,2025-12-13,1765473300,long,0.05399212033098655,1,0,0.04200000000000004,0.047349964635694373
ETH,2025-12-13,1765473300,short,0.026266328767552305,1,0,0.20999999999999996,0.06709244711219223
BTC,2025-12-13,1765474200,short,0.026830065242820833,2,1,0.29999999999999993,0.2990286477606792
BTC,2025-12-12,1765474200,short,0.02111782719305233,2,1,0.13599999999999993,0.1414487968074133
BTC,2025-12-12,1765474200,short,0.021097300156277976,2,1,-0.62,-0.6152655472469563
BTC,2025-12-13,1765474200,short,0.021055262395082486,2,1,0.18,0.18152153686273464
XRP,2025-12-12,1765474200,long,0.03462679382710654,1,0,0.07999999999999996,0.07480643556821577
XRP,2025-12-12,1765474200,short,0.0353732061728933,0,0,0.0,0.0
BTC,2025-12-13,1765475100,short,0.04797246540455058,2,1,-0.6599999999999999,-0.6590543778545656
ETH,2025-12-13,1765476000,long,0.026532582812594407,1,0,-0.08299999999999996,-0.18236590141463555
SOL,2025-12-13,1765476000,long,0.026828642335674502,1,0,0.14,0.1661696055187999
SOL,2025-12-13,1765476000,short,0.04317135766432567,1,0,-0.33999999999999997,-0.2980680864680299
ETH,2025-12-13,1765476000,long,0.02690897082778254,1,0,0.20999999999999996,0.05821607027814854
ETH,2025-12-13,1765476000,short,0.023091029172217503,2,1,0.27999999999999997,0.21679904585678855
ETH,2025-12-13,1765476000,short,0.022252339639272978,1,0,-0.25,-0.4313674727270278
ETH,2025-12-12,1765478700,short,0.047189121585018756,2,1,0.31999999999999995,0.6347149974326918
BTC,2025-12-13,1765478700,long,0.020671120376950958,1,0,0.02400000000000002,-0.01162181902915272
ETH,2025-12-13,1765479600,long,0.046237971635165076,2,1,-0.24,-0.17568559779327184
ETH,2025-12-13,1765479600,short,0.033762028364834884,2,1,0.32000000000000006,0.25568559779327193
ETH,2025-12-13,1765479600,long,0.024738503719534455,2,1,-0.13000000000000003,-0.015539836120394723
ETH,2025-12-13,1765479600,short,0.045261496280465496,1,0,0.27,0.045258525570262415
BTC,2025-12-13,1765479600,long,0.048324431602892126,2,1,-0.18999999999999995,-0.22660906407706263
ETH,2025-12-13,1765479600,long,0.035720206792921205,2,1,0.76,0.6853541751073079
BTC,2025-12-13,1765480500,long,0.02578821817079513,1,0,0.10999999999999999,0.05904685980172862
SOL,2025-12-12,1765483200,long,0.032428637132690286,1,0,0.13,0.07482885171166771
SOL,2025-12-12,1765483200,short,0.03757136286730989,1,0,-0.19999999999999996,-0.2817056306395289
SOL,2025-12-12,1765484100,long,0.028674517422841772,1,0,0.15000000000000002,0.04610291563098874
SOL,2025-12-12,1765484100,short,0.03132548257715828,1,0,-0.16000000000000003,-0.2741415415927885
SOL,2025-12-13,1765485900,long,0.03808002045636094,2,1,-0.15100000000000002,-0.22556947868032395
BTC,2025-12-12,1765485900,short,0.02989213763677434,2,1,0.099,-0.008874363454313486
SOL,2025-12-13,1765486800,short,0.030919760474835578,2,1,0.281,0.15334713390973137
SOL,2025-12-13,1765486800,long,0.020080239525164467,1,0,-0.28,-0.13056670641334364
BTC,2025-12-13,1765487700,short,0.02014636338921727,2,1,0.20900000000000005,0.03423311217193639
ETH,2025-12-12,1765487700,short,0.04582643683662946,2,1,0.22300000000000003,-0.157144108753075
BTC,2025-12-13,1765488600,short,0.040601056072513075,2,1,0.14000000000000004,-0.042388521841317445
BTC,2025-12-13,1765489500,long,0.02081722250890783,1,0,-0.030000000000000027,-0.13158675581139662
ETH,2025-12-13,1765489500,short,0.0402691219516792,1,0,-0.047,0.08976272119306074
BTC,2025-12-13,1765490400,long,0.02630074758804657,1,0,0.10999999999999999,0.3478964781520852
BTC,2025-12-12,1765490400,long,0.05126528212989134,1,0,0.07999999999999996,0.28900907637528
SOL,2025-12-12,1765490400,short,0.05348338794776242,1,0,-0.020999999999999998,-0.005524764449208991
ETH,2025-12-12,1765493100,long,0.03466983022241443,2,1,-0.39,-0.31366416444297224
ETH,2025-12-12,1765498500,long,0.04228779384876047,2,1,0.981,0.7820472822805683
BTC,2025-12-12,1765501200,long,0.020912042753999716,2,1,-0.321,-0.11114737661394453
BTC,2025-12-12,1765501200,short,0.02721790510956601,2,1,0.16599999999999993,0.3161550059457521
ETH,2025-12-12,1765501200,short,0.02636467554132249,1,0,0.51,-0.04425949495301362
ETH,2025-12-13,1765501200,long,0.03094019114578761,1,0,-0.19000000000000006,-0.3964985823152452
ETH,2025-12-12,1765503000,short,0.03651268284060982,1,0,0.92,0.6620084876904928
ETH,2025-12-12,1765503000,long,0.02548731715939012,1,0,0.65,-0.0491344290533543
SOL,2025-12-12,1765510200,long,0.021065372988182007,2,1,-0.15999999999999998,0.17178189702097224
SOL,2025-12-12,1765510200,short,0.037934627011817934,2,1,0.219,-0.11278189702097222
SOL,2025-12-12,1765526400,long,0.04817391123877801,1,0,0.029000000000000026,0.03388775989144405
XRP,2025-12-13,1765548900,long,0.07347371902184352,1,0,0.039000000000000035,0.05039173448801192
XRP,2025-12-13,1765551600,long,0.0691312585399424,1,0,-0.14,-0.09603397474030448
XRP,2025-12-12,1765551600,long,0.06417902137681297,1,0,-0.93,-0.7406944029877888
XRP,2025-12-13,1765551600,short,0.12158005289003115,1,0,-0.14,-0.09603397474030448
XRP,2025-12-13,1765552500,long,0.07684350658140171,1,0,0.36,0.36929725212711484
XRP,2025-12-13,1765552500,short,0.042562652895357544,1,0,0.36,0.36929725212711484
ETH,2025-12-12,1765554300,short,0.11825936431349648,2,1,-0.533,0.04857727630026498
ETH,2025-12-13,1765554300,short,0.02014227489055065,2,1,0.356,0.3636693168595714
BTC,2025-12-12,1765556100,long,0.038875659284646424,2,1,-0.491,-0.3275950787322478
ETH,2025-12-13,1765557000,short,0.026335194992336386,2,1,0.16899999999999993,0.13284434177996002
XRP,2025-12-15,1765559700,long,0.029670578450263108,0,0,0.0,0.0
XRP,2025-12-15,1765559700,short,0.040329421549736844,1,0,0.5,0.2132535215187472
ETH,2025-12-15,1765559700,long,0.03028070237364977,2,1,-0.21000000000000002,-0.16022603161739774
ETH,2025-12-15,1765559700,long,0.0221967212271732,2,1,0.868,0.7911271476302135
ETH,2025-12-15,1765559700,short,0.02001900413282942,2,1,0.07999999999999996,0.14274447053439376
SOL,2025-12-13,1765559700,long,0.03805472186751757,2,1,-0.009999999999999974,-0.0132406319881135
SOL,2025-12-15,1765559700,long,0.025486422992108793,1,0,0.06099999999999994,0.1515271481696493
SOL,2025-12-15,1765559700,short,0.020513577007891026,1,0,-0.05500000000000005,-0.1455271481696494
BTC,2025-12-15,1765559700,long,0.03400765017989116,2,1,-0.24,-0.17827633011379931
ETH,2025-12-15,1765559700,short,0.04115775769864727,2,1,0.27999999999999997,0.3142861483440389
SOL,2025-12-15,1765559700,long,0.02212648085705926,0,0,0.0,0.0
SOL,2025-12-15,1765559700,long,0.025486422992108793,1,0,0.06099999999999994,0.1515271481696493
SOL,2025-12-15,1765559700,short,0.020513577007891026,1,0,-0.05500000000000005,-0.1455271481696494
SOL,2025-12-15,1765559700,short,0.03996319775030399,1,0,-0.15000000000000002,0.0798616327247331
XRP,2025-12-15,1765559700,long,0.04661914230346076,0,0,0.0,0.0
XRP,2025-12-15,1765559700,short,0.09415817827460504,1,0,-0.15000000000000002,-0.3521382690348168
SOL,2025-12-15,1765559700,long,0.03012674935673676,1,0,-0.15000000000000002,0.0798616327247331
ETH,2025-12-15,1765559700,long,0.0235486172032362,0,0,0.0,0.0
XRP,2025-12-15,1765559700,long,0.038182380946679695,1,0,-0.15000000000000002,-0.3521382690348168
XRP,2025-12-15,1765559700,long,0.029670578450263108,0,0,0.0,0.0
XRP,2025-12-15,1765559700,short,0.040329421549736844,1,0,0.5,0.2132535215187472
SOL,2025-12-13,1765560600,long,0.05947784133368006,1,0,0.357,0.20991490390449113
BTC,2025-12-15,1765560600,long,0.022828143316506955,1,0,0.77,0.40165583060854193
ETH,2025-12-15,1765560600,long,0.02118849762439967,1,0,0.41999999999999993,0.24055953285944817
BTC,2025-12-15,1765560600,short,0.031638877747536154,2,1,0.18000000000000005,0.013474933249522425
BTC,2025-12-15,1765560600,long,0.02053564890038806,1,0,0.52,0.06724033165853927
SOL,2025-12-15,1765560600,long,0.03204176861863184,0,0,0.0,0.0
SOL,2025-12-15,1765560600,short,0.037958231381368224,1,0,-0.09999999999999999,0.04663726698553618
SOL,2025-12-13,1765562400,long,0.03550433421052501,1,0,0.29700000000000004,0.2072318560887364
BTC,2025-12-13,1765563300,short,0.03733285027545352,2,1,-0.47,-0.4990986977182904
ETH,2025-12-13,1765563300,long,0.03743873106523421,2,1,-0.09499999999999997,-0.05028090413186443
ETH,2025-12-13,1765563300,long,0.029457638075736536,2,1,0.6900000000000001,0.6298836503089005
ETH,2025-12-13,1765563300,short,0.030542361924263406,2,1,-0.63,-0.5698836503089004
SOL,2025-12-13,1765565100,short,0.021156854096349625,2,1,-0.21500000000000005,-0.19064316903373246
SOL,2025-12-13,1765565100,long,0.04684314590365024,1,0,0.22499999999999998,0.19225677603528815
BTC,2025-12-13,1765566000,long,0.04636793784252036,2,1,-0.30000000000000004,-0.36095256978229673
ETH,2025-12-13,1765567800,long,0.023645684227724395,2,1,0.72,0.6171199612405713
ETH,2025-12-13,1765567800,short,0.02635431577227554,2,1,-0.67,-0.5671199612405714
XRP,2025-12-15,1765575000,long,0.03583211947431564,1,0,-0.13,0.0697327483032463
XRP,2025-12-15,1765575000,short,0.035167880525684314,1,0,-0.022,0.05845021987768611
BTC,2025-12-13,1765584000,short,0.02021123234172939,2,1,0.028000000000000046,0.012727831594936607
BTC,2025-12-13,1765587600,long,0.0429662719818964,2,1,0.3999999999999999,0.48720690250036236
ETH,2025-12-13,1765587600,long,0.07600243164217413,2,1,-0.542,-0.4172464684875732
ETH,2025-12-15,1765590300,short,0.02217221596196184,0,0,0.0,0.0
ETH,2025-12-15,1765597500,short,0.021119906805434296,2,1,0.31,0.21148700070505394
ETH,2025-12-13,1765610100,long,0.05505237944567076,2,1,0.06400000000000006,0.0581222272102999
ETH,2025-12-15,1765616400,long,0.022764943503120083,0,0,0.0,0.0
ETH,2025-12-15,1765626300,short,0.033444368257949275,2,1,0.2,-0.015253864742164724
BTC,2025-12-16,1765646100,long,0.041911240127084914,0,0,0.0,0.0
ETH,2025-12-16,1765646100,long,0.02869402124367748,0,0,0.0,0.0
ETH,2025-12-16,1765646100,short,0.021305978756322563,1,0,0.77,0.42444139028352984
BTC,2025-12-16,1765646100,short,0.025129991319635225,1,0,-0.77,-0.5038692055241187
ETH,2025-12-15,1765646100,long,0.03159863105641825,1,0,0.20999999999999996,-0.06662825095640862
BTC,2025-12-16,1765646100,long,0.020043099280082854,2,1,-0.24,-0.32684865156000076
ETH,2025-12-16,1765646100,long,0.02869402124367748,0,0,0.0,0.0
ETH,2025-12-16,1765646100,short,0.021305978756322563,1,0,0.77,0.42444139028352984
ETH,2025-12-16,1765646100,short,0.023620833692612364,0,0,0.0,0.0
BTC,2025-12-15,1765646100,long,0.03165615091918372,2,1,-0.33000000000000007,-0.07166473899674308
ETH,2025-12-16,1765646100,long,0.04292501187895681,0,0,0.0,0.0
BTC,2025-12-15,1765647000,long,0.05010985315475347,2,1,-0.29000000000000004,-0.5633225102153758
ETH,2025-12-15,1765647000,long,0.0358974464083639,2,1,-0.30000000000000004,-0.4343302223478478
BTC,2025-12-16,1765647000,short,0.02969231214980117,1,0,0.09999999999999998,-0.035012757543294
ETH,2025-12-16,1765647000,long,0.028588283643017576,0,0,0.0,0.0
ETH,2025-12-15,1765647000,long,0.022483596982350473,2,1,0.8849999999999999,0.7100574952487085
BTC,2025-12-16,1765653300,long,0.021123087428396747,2,1,-0.15000000000000002,-0.009002397163701048
ETH,2025-12-16,1765662300,short,0.022639275214161758,1,0,0.28,-0.09415680875622001
ETH,2025-12-16,1765665900,long,0.02714979423560826,0,0,0.0,0.0
ETH,2025-12-15,1765666800,long,0.029630380597764683,2,1,-0.27,-0.4590269950500351
ETH,2025-12-15,1765666800,short,0.02036961940223525,1,0,0.86,0.5901837238764884
BTC,2025-12-16,1765672200,short,0.023845943861677044,1,0,-0.09,0.08373186041303585
BTC,2025-12-16,1765673100,short,0.025626547849323833,1,0,-0.5700000000000001,-0.18328690118422009
ETH,2025-12-16,1765675800,long,0.020445193747965718,2,1,-0.06999999999999995,0.08391547828063511
ETH,2025-12-15,1765677600,long,0.021374976474848317,2,1,-0.14999999999999994,0.07901698866690227
ETH,2025-12-16,1765678500,short,0.02153018543065821,1,0,-0.3,0.13429718786133849
BTC,2025-12-16,1765683000,short,0.02434184988270016,0,0,0.0,0.0
ETH,2025-12-15,1765683900,short,0.06087952703060717,2,1,0.39,0.2716621759524084
BTC,2025-12-15,1765690200,long,0.021255528488683728,2,1,-0.11999999999999997,0.21209001984272993
BTC,2025-12-16,1765706400,long,0.023932140513649003,1,0,0.12,0.26625053663120163
BTC,2025-12-15,1765708200,short,0.02143065949035483,2,1,-0.8430000000000001,-0.6129552207438587
BTC,2025-12-16,1765710900,short,0.023471674271849596,1,0,0.14,0.28246350113253615
SOL,2025-12-15,1765715400,short,0.048720725707452006,0,0,0.0,0.0
SOL,2025-12-15,1765715400,long,0.06775664688070848,1,0,0.050000000000000044,-0.02816403535733021
SOL,2025-12-16,1765716300,long,0.05413712870319021,0,0,0.0,0.0
SOL,2025-12-16,1765716300,short,0.02838655397107137,0,0,0.0,0.0
BTC,2025-12-15,1765717200,short,0.022712669243183492,2,1,0.3,0.363415388685204
SOL,2025-12-16,1765718100,long,0.023573150212037097,1,0,-0.08,-0.0023811522471755553
BTC,2025-12-16,1765720800,long,0.02244146157955651,2,1,-0.04099999999999997,0.016386812015572974
BTC,2025-12-16,1765720800,long,0.02145144966620771,1,0,-0.14,-0.273563013741693
SOL,2025-12-15,1765721700,long,0.03028364052345922,1,0,0.014000000000000012,0.04545072573851861
SOL,2025-12-15,1765721700,short,0.02308628738660151,1,0,-0.05,0.0412247336630228
BTC,2025-12-15,1765724400,short,0.024096672225176752,2,1,0.09099999999999997,0.21522048860531343
SOL,2025-12-16,1765729800,long,0.026104975881481085,1,0,-0.58,-0.4002076091868937
SOL,2025-12-16,1765729800,short,0.02389502411851896,1,0,-0.09,-0.006482882757707906
SOL,2025-12-16,1765729800,long,0.02587676030500652,1,0,0.061999999999999944,0.10731370753936273
BTC,2025-12-15,1765731600,long,0.02686676502501628,2,1,0.7949999999999999,0.609472931461134
BTC,2025-12-15,1765731600,short,0.021648342113794072,2,1,0.25000000000000006,0.03595048575902543
BTC,2025-12-17,1765732500,long,0.022820597338791382,2,1,0.84,0.8023045790807187
BTC,2025-12-17,1765732500,short,0.02717940266120844,2,1,-0.79,-0.7523045790807188
BTC,2025-12-16,1765732500,long,0.025074507202537344,2,1,-0.18,-0.1328939171927058
ETH,2025-12-17,1765732500,short,0.024942294147981103,1,0,0.7,0.2924820546240716
SOL,2025-12-17,1765732500,short,0.024239807718899775,0,0,0.0,0.0
BTC,2025-12-17,1765732500,long,0.022820597338791382,2,1,0.84,0.8023045790807187
BTC,2025-12-17,1765732500,short,0.02717940266120844,2,1,-0.79,-0.7523045790807188
BTC,2025-12-17,1765732500,short,0.027868814378366857,2,1,0.14200000000000002,0.18922888957416167
SOL,2025-12-17,1765732500,short,0.0531400040546911,1,0,-0.47000000000000003,-0.22409927916123865
BTC,2025-12-17,1765732500,long,0.02926846228712554,2,1,-0.19000000000000006,-0.18680212448861055
SOL,2025-12-17,1765732500,long,0.07068953183139204,1,0,-0.47000000000000003,-0.22409927916123865
ETH,2025-12-16,1765732500,long,0.027801992831028466,1,0,0.22999999999999998,-0.047391747619391744
ETH,2025-12-17,1765732500,short,0.02070542923123353,0,0,0.0,0.0
ETH,2025-12-17,1765732500,long,0.02230835847640833,0,0,0.0,0.0
BTC,2025-12-17,1765733400,short,0.020158355704037012,2,1,0.24,0.2390693891920561
BTC,2025-12-17,1765733400,long,0.029107735733747697,2,1,-0.16000000000000003,-0.11241370226736502
BTC,2025-12-17,1765733400,short,0.020892264266252236,1,0,0.39,0.20584271972891574
ETH,2025-12-17,1765733400,long,0.020708394210377845,0,0,0.0,0.0
BTC,2025-12-17,1765733400,long,0.029107735733747697,2,1,-0.16000000000000003,-0.11241370226736502
BTC,2025-12-17,1765733400,short,0.020892264266252236,1,0,0.39,0.20584271972891574
ETH,2025-12-17,1765733400,long,0.020100443854176753,1,0,0.06000000000000005,-0.06752361475772015
BTC,2025-12-16,1765734300,long,0.028447005092185007,2,1,-0.22999999999999998,-0.22816508384102593
ETH,2025-12-16,1765735200,long,0.023681226254235632,1,0,-0.72,-0.392933222273024
BTC,2025-12-17,1765735200,short,0.025126173077309244,1,0,-0.08,-0.0008070452906763365
ETH,2025-12-15,1765735200,long,0.020433665063280593,2,1,-0.33000000000000007,-0.43288626047556816
ETH,2025-12-17,1765736100,long,0.020613028620322105,1,0,-0.85,-0.5590410415060847
SOL,2025-12-17,1765736100,long,0.02598297903214175,0,0,0.0,0.0
SOL,2025-12-16,1765737000,short,0.020688647857209364,1,0,0.09999999999999998,0.0628071113044685
ETH,2025-12-17,1765738800,short,0.021810159355723946,1,0,-0.13,0.1661437784355974
SOL,2025-12-17,1765739700,long,0.020637017147283387,0,0,0.0,0.0
SOL,2025-12-17,1765739700,short,0.04636298285271656,0,0,0.0,0.0
ETH,2025-12-16,1765739700,short,0.03917241901175217,2,1,-0.827,-0.6850168782538731
ETH,2025-12-15,1765741500,short,0.02342401137109762,2,1,-0.8470000000000001,-0.6871218603106268
ETH,2025-12-16,1765743300,short,0.024789631354795394,1,0,-0.48,-0.054722802476894206
ETH,2025-12-17,1765743300,short,0.026382599914633653,1,0,-0.7,-0.27785043600370485
BTC,2025-12-17,1765743300,short,0.030660690851568195,2,1,0.07299999999999995,0.11311634003427318
BTC,2025-12-15,1765744200,long,0.025395723501364653,2,1,-0.32999999999999996,-0.2956625363529651
SOL,2025-12-17,1765745100,short,0.024346968081986775,0,0,0.0,0.0
ETH,2025-12-15,1765745100,long,0.022518733358388943,2,1,-0.32999999999999996,-0.1588058733250403
BTC,2025-12-15,1765749600,long,0.027159475752726037,2,1,-0.14999999999999997,0.04139737533496532
ETH,2025-12-16,1765751400,long,0.027162448158051467,2,1,-0.09999999999999995,0.03797138711756942
ETH,2025-12-15,1765753200,long,0.024803812309501794,2,1,0.8649999999999999,0.7055256474912392
ETH,2025-12-16,1765753200,long,0.029033202839890748,2,1,0.857,0.7311675028837912
ETH,2025-12-16,1765753200,short,0.020253458442953343,2,1,0.14999999999999997,0.01348665765950266
BTC,2025-12-17,1765754100,long,0.02179923045185106,0,0,0.0,0.0
SOL,2025-12-16,1765756800,long,0.030218081219935966,0,0,0.0,0.0
BTC,2025-12-17,1765757700,long,0.020037190775006097,1,0,-0.11699999999999999,-0.18880644601732488
BTC,2025-12-16,1765758600,short,0.026019727807726323,1,0,0.14,0.07171493015643794
BTC,2025-12-17,1765758600,long,0.020696196101186004,1,0,-0.21999999999999997,-0.35260933942858086
BTC,2025-12-16,1765759500,short,0.02203460867463969,1,0,0.5599999999999999,0.46929946524967336
XRP,2025-12-15,1765763100,short,0.030894726043919185,0,0,0.0,0.0
XRP,2025-12-15,1765763100,long,0.05357683001501701,0,0,0.0,0.0
XRP,2025-12-15,1765764900,short,0.02459959849947113,0,0,0.0,0.0
XRP,2025-12-15,1765764900,long,0.04540040150052893,0,0,0.0,0.0
XRP,2025-12-15,1765764900,short,0.029006579807015487,0,0,0.0,0.0
XRP,2025-12-15,1765764900,long,0.030993420192984455,0,0,0.0,0.0
BTC,2025-12-17,1765765800,short,0.020202419781384928,2,1,0.06699999999999998,-0.009758759423358868
ETH,2025-12-15,1765769400,short,0.02092219172824694,2,1,0.13899999999999993,-0.143126374237274
BTC,2025-12-16,1765769400,short,0.02055941120017757,2,1,0.2599999999999999,0.15823683492938428
ETH,2025-12-16,1765770300,long,0.02161603133105028,0,0,0.0,0.0
ETH,2025-12-15,1765772100,short,0.021263217744654117,2,1,0.45999999999999996,0.19655640532048874
ETH,2025-12-17,1765772100,long,0.02493836258912374,1,0,0.57,-0.002533976394076265
ETH,2025-12-17,1765772100,short,0.025061637410876192,1,0,0.78,0.32048907066203236
XRP,2025-12-17,1765780200,short,0.07384870669202359,0,0,0.0,0.0
XRP,2025-12-16,1765780200,short,0.050639716928867706,1,0,-0.13,-0.3100669990574407
XRP,2025-12-17,1765780200,short,0.07601490565186741,0,0,0.0,0.0
XRP,2025-12-16,1765780200,short,0.07387318065888282,1,0,0.51,0.2207804352433802
XRP,2025-12-17,1765780200,long,0.056662024535869104,0,0,0.0,0.0
XRP,2025-12-16,1765781100,long,0.028267922012368274,1,0,0.52,0.22390298511030665
XRP,2025-12-16,1765781100,short,0.04173207798763179,1,0,-0.13,-0.3111575585557148
XRP,2025-12-17,1765782000,long,0.030533860881346797,0,0,0.0,0.0
XRP,2025-12-17,1765782000,short,0.05946613911865317,0,0,0.0,0.0
XRP,2025-12-16,1765782000,short,0.04677168696156486,0,0,0.0,0.0
XRP,2025-12-16,1765782000,long,0.03322831303843499,0,0,0.0,0.0
ETH,2025-12-16,1765785600,short,0.023533504813242123,1,0,0.62,0.00836799715653791
ETH,2025-12-16,1765785600,long,0.02646649518675792,1,0,0.30000000000000004,-0.23896252125956308
XRP,2025-12-17,1765785600,short,0.127914362987392,1,0,0.85,0.6131397768396822
XRP,2025-12-16,1765785600,short,0.09955738870901804,1,0,-0.10999999999999999,-0.28897155842988764
BTC,2025-12-17,1765789200,long,0.021097863262355965,1,0,0.07999999999999996,-0.06743689062843322
XRP,2025-12-17,1765791000,short,0.04951912218805066,2,1,0.36999999999999994,0.48072619785504933
XRP,2025-12-17,1765791000,long,0.020480877811949183,1,0,-0.81,-0.5645964096762404
XRP,2025-12-16,1765791900,long,0.020246317859089702,1,0,0.12,0.29805996357280196
XRP,2025-12-16,1765791900,short,0.039753682140910324,1,0,-0.10999999999999999,-0.28805996357280195
BTC,2025-12-16,1765795500,long,0.023856161377416196,2,1,0.8799999999999999,0.6879918172244485
SOL,2025-12-16,1765802700,long,0.05499875520302422,2,1,-0.5700000000000001,-0.4206488464800752
XRP,2025-12-16,1765806300,long,0.03941843157301217,2,1,-0.139,-0.27097308161249894
ETH,2025-12-15,1765809000,short,0.03087265823649965,2,1,0.21099999999999997,1.354147519279251
SOL,2025-12-15,1765809000,long,0.15272336999148228,1,0,-0.85,-0.5229878068499467
BTC,2025-12-15,1765810800,short,0.05939322239787875,2,1,-0.47200000000000003,0.5823167605436466
SOL,2025-12-16,1765810800,long,0.05656550347604794,1,0,0.06299999999999994,0.08423179410328277
SOL,2025-12-16,1765810800,short,0.031434496523951916,1,0,-0.48,-0.3081356735917067
BTC,2025-12-16,1765810800,short,0.03642131716444774,2,1,0.16099999999999992,0.19841967670390034
BTC,2025-12-15,1765811700,short,0.03344375235235686,2,1,0.216,-0.2677597189704438
BTC,2025-12-16,1765812600,long,0.024056817973709288,2,1,-0.21199999999999997,-0.15725570833772531
BTC,2025-12-15,1765812600,short,0.05125651137006337,2,1,0.11199999999999999,0.20891573004288044
ETH,2025-12-17,1765814400,long,0.021591612690491147,0,0,0.0,0.0
SOL,2025-12-15,1765815300,long,0.07860132298546096,1,0,0.039000000000000035,0.03900000000491155
SOL,2025-12-16,1765816200,short,0.02210472343436032,1,0,-0.031,-0.038545561323374083
SOL,2025-12-16,1765816200,long,0.06247723785716852,1,0,0.126,0.0721371575453923
BTC,2025-12-17,1765818900,long,0.02564973971884399,2,1,-0.15000000000000002,-0.18335407051115143
SOL,2025-12-18,1765818900,short,0.02742975232206979,1,0,0.246,0.2278881687381878
SOL,2025-12-18,1765818900,long,0.04066428732655325,1,0,0.246,0.2278881687381878
BTC,2025-12-17,1765818900,long,0.04683716521976944,2,1,0.78,0.7677319553939668
BTC,2025-12-18,1765818900,long,0.026491518437729233,2,1,-0.10799999999999998,-0.060375151866062376
BTC,2025-12-17,1765818900,short,0.025724127230632443,1,0,0.48,0.3905416885836999
ETH,2025-12-18,1765818900,long,0.026502026354404684,1,0,-0.24000000000000002,-0.1813732669161304
SOL,2025-12-17,1765818900,short,0.03695757741170547,1,0,-0.27,-0.2153212824179719
SOL,2025-12-17,1765818900,long,0.034042422588294485,2,1,0.527,0.5161652560093694
SOL,2025-12-17,1765818900,short,0.025983995463364162,2,1,0.2700000000000001,0.2279184382746915
SOL,2025-12-17,1765818900,long,0.02401600453663577,1,0,-0.27,-0.2153212824179719
BTC,2025-12-18,1765818900,short,0.03667891256642186,2,1,0.08999999999999997,0.04992220665270145
XRP,2025-12-16,1765818900,short,0.08774359174142987,1,0,0.49,0.381568745629793
XRP,2025-12-16,1765818900,long,0.04890443864763361,0,0,0.0,0.0
ETH,2025-12-18,1765819800,long,0.02290851625387469,1,0,0.32999999999999996,0.39671273900779047
ETH,2025-12-18,1765819800,short,0.037091483746125364,0,0,0.0,0.0
ETH,2025-12-18,1765819800,long,0.02290851625387469,1,0,0.32999999999999996,0.39671273900779047
ETH,2025-12-18,1765819800,short,0.037091483746125364,0,0,0.0,0.0
ETH,2025-12-18,1765819800,short,0.022640638992445283,1,0,-0.05,-0.0307253489269635
XRP,2025-12-18,1765819800,short,0.02994447830268765,0,0,0.0,0.0
XRP,2025-12-18,1765819800,long,0.06005552169731243,1,0,0.5,0.4933073302904894
ETH,2025-12-18,1765819800,long,0.03139817404631673,0,0,0.0,0.0
ETH,2025-12-18,1765819800,short,0.028601825953683435,1,0,-0.25,-0.19107859279629288
XRP,2025-12-18,1765819800,short,0.02994447830268765,0,0,0.0,0.0
XRP,2025-12-18,1765819800,long,0.06005552169731243,1,0,0.5,0.4933073302904894
ETH,2025-12-18,1765819800,long,0.031020216893876906,1,0,0.09199999999999997,0.12096728790511091
BTC,2025-12-18,1765819800,short,0.022264958532825063,1,0,-0.06999999999999999,-0.13024480332630442
XRP,2025-12-17,1765819800,short,0.05609993137073355,1,0,-0.02400000000000002,-0.030226036296980535
XRP,2025-12-17,1765819800,long,0.028900068629266418,0,0,0.0,0.0
BTC,2025-12-17,1765819800,short,0.026461475177871785,2,1,0.09,0.11537016093557297
XRP,2025-12-18,1765819800,short,0.05054051931156578,1,0,0.5,0.4933073302904894
ETH,2025-12-17,1765819800,short,0.027351245656795142,1,0,-0.06999999999999999,0.03170481393402051
ETH,2025-12-17,1765819800,long,0.02264875434320479,0,0,0.0,0.0
XRP,2025-12-17,1765819800,short,0.05609993137073355,1,0,-0.02400000000000002,-0.030226036296980535
XRP,2025-12-17,1765819800,long,0.028900068629266418,0,0,0.0,0.0
ETH,2025-12-18,1765819800,long,0.03139817404631673,0,0,0.0,0.0
ETH,2025-12-18,1765819800,short,0.028601825953683435,1,0,-0.25,-0.19107859279629288
XRP,2025-12-18,1765819800,short,0.06016413090639772,0,0,0.0,0.0
BTC,2025-12-18,1765819800,long,0.02949531627293589,2,1,-0.17599999999999993,-0.14648688300838492
BTC,2025-12-18,1765819800,long,0.023972607217716213,1,0,-0.32,-0.47874939286259643
XRP,2025-12-17,1765819800,long,0.02353926858375277,0,0,0.0,0.0
XRP,2025-12-17,1765819800,short,0.0744607314162472,1,0,-0.51,-0.4802761416950946
BTC,2025-12-18,1765819800,short,0.022157557584649656,1,0,0.274,0.12716505557821353
ETH,2025-12-17,1765819800,short,0.02102410195549198,0,0,0.0,0.0
ETH,2025-12-17,1765819800,long,0.03897589804450807,1,0,-0.43,-0.1581859514740528
ETH,2025-12-17,1765819800,short,0.027351245656795142,1,0,-0.06999999999999999,0.03170481393402051
ETH,2025-12-17,1765819800,long,0.02264875434320479,0,0,0.0,0.0
ETH,2025-12-18,1765819800,long,0.02690551211323955,1,0,-0.25,-0.19107859279629288
ETH,2025-12-18,1765819800,short,0.023094487886760606,1,0,-0.12,-0.0828127624625131
XRP,2025-12-18,1765820700,long,0.037591667707488785,0,0,0.0,0.0
XRP,2025-12-18,1765820700,short,0.032408332292511055,0,0,0.0,0.0
XRP,2025-12-18,1765820700,long,0.037591667707488785,0,0,0.0,0.0
XRP,2025-12-18,1765820700,short,0.032408332292511055,0,0,0.0,0.0
BTC,2025-12-18,1765820700,long,0.024959343806834955,2,1,0.81,0.7793380335388864
XRP,2025-12-16,1765821600,short,0.02193933673709586,2,1,-0.177,-0.15619388876824664
XRP,2025-12-18,1765821600,short,0.03971237416714035,1,0,0.54,0.48961832033843034
XRP,2025-12-18,1765821600,long,0.03028762583285971,0,0,0.0,0.0
SOL,2025-12-18,1765822500,short,0.05696352215825118,0,0,0.0,0.0
SOL,2025-12-18,1765822500,long,0.06303647784174893,1,0,0.274,0.21972497953763193
XRP,2025-12-18,1765822500,long,0.04552114144391384,0,0,0.0,0.0
XRP,2025-12-18,1765822500,short,0.048478858556086246,1,0,-0.05300000000000005,-0.03730771432475129
XRP,2025-12-18,1765822500,short,0.08678110415658297,1,0,-0.19,-0.22053334356732687
XRP,2025-12-18,1765822500,long,0.023218895843416965,0,0,0.0,0.0
ETH,2025-12-17,1765822500,long,0.021904813536983703,1,0,-0.34,-0.1743697754406806
XRP,2025-12-18,1765822500,short,0.08678110415658297,1,0,-0.19,-0.22053334356732687
XRP,2025-12-18,1765822500,long,0.023218895843416965,0,0,0.0,0.0
ETH,2025-12-17,1765822500,short,0.029672401276830573,2,1,0.3,0.2935822911406004
ETH,2025-12-17,1765822500,long,0.02032759872316947,1,0,-0.62,-0.447952066581281
SOL,2025-12-18,1765822500,short,0.03351826385872736,1,0,0.274,0.21972497953763193
SOL,2025-12-18,1765822500,long,0.027481736141272695,0,0,0.0,0.0
ETH,2025-12-16,1765823400,long,0.02410709431318958,2,1,-0.16999999999999996,-0.1857542477518489
BTC,2025-12-18,1765824300,short,0.02034241012155391,2,1,0.17000000000000004,0.2372002648656949
SOL,2025-12-17,1765824300,short,0.026787213335862314,1,0,-0.02100000000000002,-0.0170743916617591
XRP,2025-12-16,1765824300,short,0.03022810778115792,1,0,-0.02300000000000002,-0.0053658793422984435
XRP,2025-12-16,1765824300,long,0.022771892218842016,1,0,-0.121,0.0026568067587535438
ETH,2025-12-18,1765824300,long,0.02192134276669888,0,0,0.0,0.0
ETH,2025-12-18,1765824300,short,0.03507865723330117,1,0,-0.10899999999999999,-0.08677443685470464
ETH,2025-12-18,1765824300,long,0.027130504937291633,1,0,-0.44000000000000006,-0.3987059291458871
BTC,2025-12-17,1765825200,short,0.022178629920545756,2,1,-0.71,-0.6963008531581932
SOL,2025-12-17,1765826100,long,0.04253806350607259,1,0,0.25,0.24781745736782496
SOL,2025-12-17,1765826100,long,0.024055777744577123,0,0,0.0,0.0
XRP,2025-12-18,1765826100,long,0.057603406325265505,0,0,0.0,0.0
ETH,2025-12-18,1765827900,short,0.020484710657514782,0,0,0.0,0.0
BTC,2025-12-18,1765828800,short,0.027717735870451565,2,1,0.23299999999999998,0.20302132945662038
ETH,2025-12-16,1765828800,short,0.03354773474757278,2,1,-0.578,-0.5787993582274024
ETH,2025-12-17,1765829700,short,0.03875975754135175,1,0,0.61,0.4632804890969674
BTC,2025-12-17,1765829700,short,0.022643060122582548,1,0,-0.09499999999999997,-0.020623917252942228
SOL,2025-12-17,1765831500,long,0.021756812317365926,0,0,0.0,0.0
SOL,2025-12-17,1765831500,short,0.03224318768263401,2,1,0.23700000000000002,0.2280218992368114
BTC,2025-12-17,1765834200,short,0.026284070847835905,2,1,0.19000000000000003,0.23322417799557624
BTC,2025-12-17,1765834200,long,0.023715929152164028,2,1,-0.14,-0.18322417799557622
ETH,2025-12-16,1765839600,long,0.025891058555325364,2,1,0.5830000000000001,0.5804886451700717
BTC,2025-12-16,1765840500,long,0.020119472813961092,2,1,-0.14099999999999996,-0.26141512311465265
BTC,2025-12-17,1765845000,long,0.026911515131772257,1,0,0.19099999999999995,0.13399521992495078
BTC,2025-12-17,1765847700,long,0.02517849543706796,1,0,0.07799999999999996,0.03299081442430957
ETH,2025-12-16,1765847700,short,0.028697591714837434,2,1,0.26000000000000006,0.20355968015201092
BTC,2025-12-18,1765848600,long,0.031102890769540092,0,0,0.0,0.0
BTC,2025-12-16,1765849500,short,0.021805726658746583,2,1,0.098,0.24489601516800516
ETH,2025-12-18,1765853100,long,0.020817758933213026,1,0,-0.06999999999999999,-0.05614204547527421
BTC,2025-12-16,1765861200,short,0.05367653846707565,2,1,-0.63,-0.3645181642670598
BTC,2025-12-18,1765863900,short,0.023654928781710938,1,0,-0.44999999999999996,-0.24136544810645844
XRP,2025-12-17,1765872000,long,0.07191735432442958,2,1,-0.26,-0.3271844588400509
XRP,2025-12-17,1765872000,short,0.028082645675570395,1,0,0.43999999999999995,0.5441086766166934
XRP,2025-12-17,1765872000,short,0.0528691314455183,2,1,-0.528,-0.5616722015315652
XRP,2025-12-17,1765872000,long,0.05113086855448157,1,0,0.43999999999999995,0.5441086766166934
SOL,2025-12-18,1765872000,short,0.022543941272153645,0,0,0.0,0.0
ETH,2025-12-18,1765875600,long,0.023584003631254014,1,0,0.16000000000000003,0.17125143197147655
ETH,2025-12-18,1765875600,short,0.03641599636874615,1,0,-0.4,-0.3815275664106248
ETH,2025-12-18,1765875600,long,0.023584003631254014,1,0,0.16000000000000003,0.17125143197147655
ETH,2025-12-18,1765875600,short,0.03641599636874615,1,0,-0.4,-0.3815275664106248
ETH,2025-12-17,1765875600,long,0.026225771185079738,2,1,-0.18000000000000005,-0.0853314308630707
ETH,2025-12-18,1765876500,short,0.05426910080809233,2,1,-0.478,-0.48219674516901245
SOL,2025-12-18,1765876500,short,0.023168608358024062,1,0,-0.20799999999999996,-0.19319869093866762
BTC,2025-12-16,1765881900,long,0.10705101104304826,2,1,0.4800000000000001,0.5028587888159396
BTC,2025-12-18,1765882800,short,0.021240330619956893,1,0,0.08999999999999997,0.12711380755039134
BTC,2025-12-18,1765891800,long,0.02352375875681867,2,1,-0.10000000000000003,-0.12203585856480387
BTC,2025-12-18,1765891800,short,0.04647624124318128,2,1,0.16999999999999998,0.19203585856480382
XRP,2025-12-17,1765903500,long,0.022312551808205683,1,0,-0.12,-0.04905212513387923
XRP,2025-12-17,1765903500,long,0.045436804538477205,0,0,0.0,0.0
SOL,2025-12-18,1765905300,long,0.046221491872793674,1,0,-0.39,-0.29910199283621197
BTC,2025-12-19,1765905300,long,0.03205545609493887,0,0,0.0,0.0
BTC,2025-12-19,1765905300,short,0.03438155677059185,1,0,-0.49,-0.5063971535382933
BTC,2025-12-19,1765905300,short,0.026400035601939376,1,0,-0.27,-0.28399641909015627
BTC,2025-12-19,1765905300,short,0.023926641571141327,1,0,-0.12,-0.1292152856008032
SOL,2025-12-17,1765905300,short,0.028607904908284465,2,1,-0.405,-0.22107013611715878
ETH,2025-12-19,1765905300,short,0.021002801439136798,2,1,0.2099999999999999,0.21821156637886213
ETH,2025-12-19,1765905300,short,0.024372058227979165,1,0,0.21999999999999997,0.2456709658464815
SOL,2025-12-18,1765906200,short,0.043435794295670405,0,0,0.0,0.0
SOL,2025-12-18,1765906200,long,0.0225642057043296,0,0,0.0,0.0
BTC,2025-12-19,1765906200,long,0.02016359098910847,0,0,0.0,0.0
BTC,2025-12-18,1765906200,long,0.020107981169147138,2,1,-0.16800000000000004,-0.1432751311755362
XRP,2025-12-17,1765906200,short,0.04788359034893375,1,0,-0.029000000000000026,-0.06735010409440423
BTC,2025-12-17,1765907100,long,0.025979318469210977,2,1,0.62,0.6132970141253798
ETH,2025-12-18,1765907100,short,0.02127449507205903,0,0,0.0,0.0
ETH,2025-12-19,1765907100,long,0.02123735729004128,1,0,-0.21999999999999997,-0.153031053514207
ETH,2025-12-18,1765908000,long,0.025805074959248664,0,0,0.0,0.0
BTC,2025-12-19,1765908000,short,0.02586411070879835,1,0,-0.06900000000000006,-0.03317930643332042
ETH,2025-12-19,1765908000,short,0.020839066040551302,0,0,0.0,0.0
ETH,2025-12-19,1765908000,short,0.025179597371588813,1,0,-0.22999999999999998,-0.14765710097628726
ETH,2025-12-19,1765908000,long,0.022982848462919314,1,0,0.33999999999999997,0.4333436861800849
BTC,2025-12-19,1765908000,short,0.028366389897834354,1,0,0.42999999999999994,0.509574542799119
BTC,2025-12-19,1765908000,long,0.02163361010216569,0,0,0.0,0.0
SOL,2025-12-18,1765908900,long,0.030550525638357362,0,0,0.0,0.0
ETH,2025-12-18,1765908900,short,0.021982739480816527,1,0,0.14,0.1516783320517483
SOL,2025-12-18,1765908900,long,0.026806539480396685,1,0,0.39,0.3373286937519441
SOL,2025-12-18,1765908900,short,0.03919346051960343,0,0,0.0,0.0
ETH,2025-12-19,1765908900,long,0.024042916894931432,0,0,0.0,0.0
SOL,2025-12-18,1765910700,long,0.03234080017453422,2,1,-0.31999999999999995,-0.26205728384689275
SOL,2025-12-18,1765910700,short,0.02765919982546583,2,1,0.37999999999999995,0.32205728384689275
ETH,2025-12-17,1765910700,short,0.021921971601187362,2,1,0.25999999999999995,0.07884574008220521
ETH,2025-12-19,1765911600,short,0.021970241077413855,1,0,-0.39,-0.42303617189016
ETH,2025-12-18,1765911600,long,0.02102603220832089,1,0,-0.32999999999999996,-0.36213082906778693
BTC,2025-12-18,1765911600,long,0.023617916677554973,2,1,-0.23000000000000004,-0.23402889930126314
ETH,2025-12-18,1765911600,short,0.020994760216613617,1,0,-0.04200000000000004,-0.051799282361540765
ETH,2025-12-17,1765912500,long,0.022693660223326084,1,0,0.21999999999999997,0.043468381407691825
ETH,2025-12-18,1765912500,long,0.027491758485149953,1,0,0.13,0.14862715923578443
ETH,2025-12-19,1765912500,short,0.027880647979209194,1,0,0.35,0.4341769885468837
ETH,2025-12-19,1765912500,long,0.022119352020790517,0,0,0.0,0.0
BTC,2025-12-18,1765913400,short,0.02051371882073827,2,1,0.25999999999999995,0.2783029883978648
BTC,2025-12-18,1765913400,long,0.044049588008563845,1,0,0.44999999999999996,0.511634829215078
ETH,2025-12-19,1765913400,long,0.02258705235665892,0,0,0.0,0.0
BTC,2025-12-19,1765914300,long,0.02313684675105776,1,0,-0.14,-0.11583234859308615
SOL,2025-12-19,1765915200,long,0.02297141763618127,0,0,0.0,0.0
SOL,2025-12-19,1765915200,short,0.037028582363818674,0,0,0.0,0.0
BTC,2025-12-19,1765915200,long,0.020838690375453606,2,1,-0.018000000000000016,-0.011814786536297757
SOL,2025-12-19,1765915200,long,0.03024007464623768,0,0,0.0,0.0
SOL,2025-12-19,1765915200,short,0.03975992535376216,0,0,0.0,0.0
SOL,2025-12-19,1765915200,long,0.0262994664093128,0,0,0.0,0.0
SOL,2025-12-19,1765915200,long,0.02297141763618127,0,0,0.0,0.0
SOL,2025-12-19,1765915200,short,0.037028582363818674,0,0,0.0,0.0
SOL,2025-12-19,1765915200,long,0.03024007464623768,0,0,0.0,0.0
SOL,2025-12-19,1765915200,short,0.03975992535376216,0,0,0.0,0.0
ETH,2025-12-18,1765915200,short,0.020098392391018516,1,0,-0.33999999999999997,-0.3562903617536637
ETH,2025-12-18,1765915200,long,0.0225626723698773,1,0,-0.13,-0.12016679192852228
SOL,2025-12-17,1765916100,long,0.02008918677139393,1,0,0.32000000000000006,0.09900579827869788
SOL,2025-12-17,1765916100,short,0.029910813228606004,2,1,-0.3350000000000001,-0.18355807286738474
BTC,2025-12-19,1765916100,long,0.021064643428718277,0,0,0.0,0.0
BTC,2025-12-19,1765916100,short,0.021042724898539533,1,0,-0.14,-0.10836347301652613
BTC,2025-12-18,1765917000,short,0.025566153950864923,2,1,0.14999999999999997,0.16746212569214308
ETH,2025-12-18,1765918800,short,0.024517074867890898,1,0,-0.124,-0.13751288136194756
ETH,2025-12-19,1765920600,short,0.021277367028369798,2,1,0.06399999999999997,0.0725802389473505
ETH,2025-12-17,1765922400,short,0.023261257304187044,2,1,0.49,0.4988704940094519
BTC,2025-12-17,1765922400,long,0.02755981902520732,2,1,-0.34,-0.21487418140935732
ETH,2025-12-18,1765923300,long,0.029827443551109,2,1,-0.07599999999999996,-0.0837605176752272
BTC,2025-12-17,1765929600,short,0.021910101706230534,2,1,0.119,0.21729024866626104
BTC,2025-12-17,1765943100,short,0.03149319644609394,2,1,-0.45000000000000007,-0.43011180532917526
BTC,2025-12-19,1765946700,long,0.02796010667211757,1,0,0.18999999999999995,0.10329348332542947
BTC,2025-12-19,1765947600,short,0.020688799399310454,2,1,0.05999999999999994,0.030655441602490927
BTC,2025-12-17,1765948500,long,0.02477259369666962,2,1,-0.255,-0.18991673683623272
SOL,2025-12-19,1765949400,short,0.0255072810442043,0,0,0.0,0.0
BTC,2025-12-17,1765960200,short,0.05013398993896834,2,1,0.13100000000000003,0.18931096620418947
BTC,2025-12-18,1765960200,long,0.031883099667578074,2,1,-0.06699999999999995,0.011913318640874651
BTC,2025-12-18,1765963800,short,0.021499982903841697,2,1,0.131,0.03344935128769047
BTC,2025-12-19,1765980000,short,0.02243442104598492,2,1,0.07599999999999998,0.08453034875167646
BTC,2025-12-18,1765981800,short,0.021974916903828356,2,1,-0.6400000000000001,-0.6483737237986367
BTC,2025-12-17,1765983600,short,0.04171578272553522,2,1,0.337,-1.2295775733257162
ETH,2025-12-17,1765983600,long,0.1568316495488291,2,1,-0.2899999999999999,1.362219667155701
BTC,2025-12-18,1765983600,long,0.04529820730421874,2,1,-0.24800000000000005,-0.12725425838661797
SOL,2025-12-17,1765983600,long,0.18241006876921606,1,0,-0.81,-0.2691487995258375
BTC,2025-12-18,1765983600,short,0.03491490634235617,2,1,0.13599999999999995,0.020459476079412425
XRP,2025-12-18,1765984500,short,0.06099575511715516,1,0,-0.39,-0.040372036589700344
XRP,2025-12-18,1765984500,long,0.03900424488284471,1,0,0.16000000000000003,0.3798714464095074
XRP,2025-12-18,1765984500,short,0.054675018247040574,1,0,-0.063,0.07958787471640277
ETH,2025-12-17,1765984500,short,0.060387440764985145,2,1,0.06599999999999998,-0.017472967541127316
BTC,2025-12-17,1765984500,long,0.13445568952496312,2,1,-0.4890000000000001,1.5341340958123293
BTC,2025-12-19,1765984500,short,0.027011968313761625,1,0,-0.128,0.016432927569187405
BTC,2025-12-19,1765984500,long,0.028988031686238314,1,0,-0.29000000000000004,-0.05160419063140151
BTC,2025-12-19,1765984500,short,0.03457197023527803,1,0,-0.048,0.02192387995356518
XRP,2025-12-18,1765984500,short,0.06099575511715516,1,0,-0.39,-0.040372036589700344
XRP,2025-12-18,1765984500,long,0.03900424488284471,1,0,0.16000000000000003,0.3798714464095074
ETH,2025-12-18,1765984500,short,0.03211628810765543,1,0,-0.020999999999999998,0.008862234252297617
BTC,2025-12-18,1765986300,long,0.027518362260566365,1,0,-0.067,-0.01241231577221076
XRP,2025-12-18,1765986300,short,0.06325759113775642,1,0,0.36,0.4857385116219929
BTC,2025-12-18,1765986300,short,0.04181928828080861,1,0,0.17999999999999994,0.25120837036881827
XRP,2025-12-18,1765986300,long,0.03911580823018568,1,0,-0.18000000000000002,-0.0762472459656172
BTC,2025-12-19,1765986300,long,0.027939551192413647,1,0,-0.043000000000000003,-0.014116547821059363
ETH,2025-12-19,1765987200,short,0.021730357585867832,1,0,0.10399999999999998,0.032495804663018685
XRP,2025-12-18,1765987200,long,0.024585491869128617,1,0,0.09299999999999997,0.09790267803921437
XRP,2025-12-18,1765987200,short,0.0214145081308712,1,0,0.44999999999999996,0.4622883138906257
ETH,2025-12-19,1765989000,long,0.03962499493446847,1,0,-0.63,-0.34395660687490004
BTC,2025-12-19,1765991700,long,0.028948216108251046,1,0,0.20999999999999996,0.10074281135736922
SOL,2025-12-20,1765991700,short,0.0756289419141648,0,0,0.0,0.0
SOL,2025-12-20,1765991700,short,0.031612092928789304,0,0,0.0,0.0
BTC,2025-12-20,1765991700,short,0.04101391156815892,2,1,0.12999999999999995,0.1782906420150995
BTC,2025-12-20,1765991700,short,0.021271457356016654,2,1,0.14200000000000002,0.09436406529785346
ETH,2025-12-19,1765991700,short,0.021650530014132308,1,0,-0.060000000000000005,-0.1505221917269112
BTC,2025-12-19,1765991700,short,0.030009454052583373,1,0,-0.14,-0.2312180848834245
BTC,2025-12-20,1765991700,long,0.03276501727439696,1,0,0.42000000000000004,0.25901135686566207
SOL,2025-12-20,1765991700,long,0.07356658095332769,0,0,0.0,0.0
BTC,2025-12-20,1765991700,long,0.04017614067948383,1,0,0.22999999999999998,0.10609191001433446
BTC,2025-12-20,1765991700,long,0.028544420981116092,1,0,-0.060000000000000005,-0.11963866154430111
ETH,2025-12-20,1765992600,long,0.026380127075167126,1,0,0.06999999999999995,-0.021554019412032235
SOL,2025-12-18,1765992600,long,0.0688516998259443,1,0,0.246,0.10600655485378543
ETH,2025-12-20,1765992600,long,0.03803482028218763,1,0,0.6,0.3543104948127268
ETH,2025-12-20,1765992600,long,0.03555561047634259,0,0,0.0,0.0
ETH,2025-12-20,1765992600,short,0.044444389523657146,1,0,0.6,0.3543104948127268
ETH,2025-12-20,1765992600,short,0.051379434008895664,0,0,0.0,0.0
BTC,2025-12-19,1765992600,short,0.02625884115779098,2,1,0.11999999999999993,0.1600473590017742
ETH,2025-12-20,1765992600,long,0.03555561047634259,0,0,0.0,0.0
ETH,2025-12-20,1765992600,short,0.044444389523657146,1,0,0.6,0.3543104948127268
BTC,2025-12-20,1765992600,long,0.02039251893612115,1,0,0.63,0.4952925128853838
BTC,2025-12-20,1765993500,short,0.020033411208766005,0,0,0.0,0.0
BTC,2025-12-20,1765993500,long,0.029966588791233928,1,0,0.25,0.09258351848474711
BTC,2025-12-20,1765993500,long,0.021377269359207807,1,0,0.119,0.019666903439580413
BTC,2025-12-20,1765993500,short,0.027622730640792348,1,0,0.25,0.09258351848474711
BTC,2025-12-18,1765994400,long,0.03686255607438027,2,1,-0.236,-0.132699120485192
ETH,2025-12-20,1765994400,long,0.020771024597539656,0,0,0.0,0.0
BTC,2025-12-20,1765994400,short,0.025756689555291534,1,0,-0.16,-0.2773268794675716
ETH,2025-12-20,1765994400,short,0.033188746395476976,0,0,0.0,0.0
ETH,2025-12-19,1765995300,short,0.025746445095075954,1,0,0.64,0.35870792330342705
ETH,2025-12-20,1765996200,long,0.020069063045967228,0,0,0.0,0.0
SOL,2025-12-20,1765996200,short,0.0304628194262333,0,0,0.0,0.0
SOL,2025-12-20,1765996200,long,0.022537180573766635,0,0,0.0,0.0
XRP,2025-12-18,1765998000,short,0.08431343927494783,2,1,0.20999999999999996,0.060615114562768524
ETH,2025-12-18,1765998000,long,0.04771416867019318,2,1,-0.3320000000000001,-0.47506441926648335
BTC,2025-12-20,1765999800,short,0.02614158499632313,2,1,0.24,0.285138039627482
BTC,2025-12-20,1765999800,long,0.023858415003676914,0,0,0.0,0.0
ETH,2025-12-19,1765999800,long,0.03242642818034258,1,0,-0.72,-0.37332229844242093
BTC,2025-12-18,1765999800,short,0.0281372213138118,2,1,0.13899999999999996,0.28697309624301864
ETH,2025-12-19,1765999800,short,0.02032081439158484,2,1,-0.82,-0.6586745216057955
ETH,2025-12-19,1766000700,long,0.02387933040686674,2,1,0.86,0.7015615880902154
SOL,2025-12-20,1766000700,long,0.029548942205839257,0,0,0.0,0.0
SOL,2025-12-20,1766000700,short,0.039451057794160915,0,0,0.0,0.0
BTC,2025-12-19,1766000700,long,0.028280774462076552,1,0,-0.28,-0.0389234230412287
BTC,2025-12-18,1766000700,short,0.02076242122928018,2,1,0.05999999999999994,-0.0239750731066512
BTC,2025-12-20,1766000700,long,0.029455970892556582,1,0,-0.136,0.029362999183327354
ETH,2025-12-18,1766001600,long,0.021023417773379238,2,1,0.8600000000000001,0.6390656298192902
ETH,2025-12-19,1766001600,short,0.03583704935124166,1,0,-0.17200000000000004,0.10236624433745495
BTC,2025-12-19,1766001600,long,0.022850113346795098,2,1,-0.04300000000000004,0.011922815133827189
ETH,2025-12-19,1766001600,long,0.03623424533244046,2,1,-0.08900000000000008,0.04123024235761502
ETH,2025-12-20,1766001600,long,0.03235342313972511,0,0,0.0,0.0
SOL,2025-12-19,1766001600,long,0.11006640927134193,0,0,0.0,0.0
SOL,2025-12-20,1766001600,short,0.03593126924883161,0,0,0.0,0.0
SOL,2025-12-20,1766001600,long,0.0840687307511685,0,0,0.0,0.0
BTC,2025-12-19,1766001600,short,0.0340405956658405,2,1,-0.72,-0.6805721029270132
SOL,2025-12-19,1766002500,long,0.024663268086888124,1,0,-0.33999999999999997,-0.1750932636906323
SOL,2025-12-19,1766002500,short,0.06433673191311184,1,0,-0.041000000000000036,0.01483557761470329
SOL,2025-12-20,1766002500,long,0.04206712388234224,0,0,0.0,0.0
SOL,2025-12-20,1766002500,short,0.031932876117657716,0,0,0.0,0.0
ETH,2025-12-20,1766002500,short,0.025222192232340346,0,0,0.0,0.0
ETH,2025-12-19,1766002500,short,0.023619205848990243,1,0,-0.19000000000000006,0.13037998967650943
ETH,2025-12-19,1766002500,long,0.03638079415100948,1,0,-0.44000000000000006,-0.016770682755687938
XRP,2025-12-19,1766002500,short,0.09205941778608806,0,0,0.0,0.0
SOL,2025-12-20,1766002500,long,0.04206712388234224,0,0,0.0,0.0
SOL,2025-12-20,1766002500,short,0.031932876117657716,0,0,0.0,0.0
SOL,2025-12-18,1766002500,long,0.0383576757058246,1,0,0.07000000000000006,0.17822066846054674
SOL,2025-12-18,1766002500,short,0.03864232429417552,2,1,-0.313,-0.10667986861290854
XRP,2025-12-18,1766003400,long,0.11918543622938427,0,0,0.0,0.0
ETH,2025-12-18,1766003400,short,0.020538971535639994,2,1,0.28800000000000003,0.06607232627050641
ETH,2025-12-18,1766003400,long,0.025461028464360158,2,1,-0.242,-0.02007232627050637
SOL,2025-12-19,1766003400,short,0.04025725661256385,1,0,-0.25,-0.17368211815600898
SOL,2025-12-19,1766003400,long,0.04974274338743623,2,1,0.5,0.4839024059143439
XRP,2025-12-19,1766003400,short,0.10299895695121741,1,0,0.22999999999999998,0.21084256674705434
XRP,2025-12-19,1766003400,long,0.02800104304878248,0,0,0.0,0.0
BTC,2025-12-19,1766003400,long,0.023940435626888412,2,1,-0.14,-0.2156943281684502
XRP,2025-12-20,1766003400,short,0.10137903955115712,0,0,0.0,0.0
XRP,2025-12-20,1766003400,long,0.057620960448842684,0,0,0.0,0.0
XRP,2025-12-20,1766003400,short,0.10137903955115712,0,0,0.0,0.0
XRP,2025-12-20,1766003400,long,0.057620960448842684,0,0,0.0,0.0
BTC,2025-12-19,1766004300,short,0.021940029649408332,2,1,0.16600000000000004,0.09289967484814761
BTC,2025-12-20,1766004300,long,0.020995551936871193,2,1,-0.05999999999999994,-0.1221437426157172
ETH,2025-12-19,1766004300,long,0.03302537286907281,1,0,0.13,0.31928730781082393
BTC,2025-12-19,1766005200,short,0.02634591352356408,1,0,-0.24,-0.03420635359903815
BTC,2025-12-19,1766005200,short,0.03750333271059214,2,1,-0.72,-0.6724637995088933
BTC,2025-12-19,1766005200,long,0.0224966672894078,1,0,0.27,0.4698911594723725
ETH,2025-12-18,1766005200,short,0.03239947233490925,2,1,0.44400000000000006,0.5616531445035379
BTC,2025-12-18,1766006100,long,0.02173451783825686,2,1,0.6799999999999999,0.5603209769860513
ETH,2025-12-18,1766007000,short,0.021998606496542283,2,1,-0.8300000000000001,-0.5817344536762198
BTC,2025-12-20,1766007900,short,0.025943133834328225,0,0,0.0,0.0
ETH,2025-12-20,1766007900,short,0.0383294345066616,0,0,0.0,0.0
ETH,2025-12-20,1766007900,long,0.020670565493338344,0,0,0.0,0.0
BTC,2025-12-18,1766009700,long,0.02302412953736055,2,1,-0.11099999999999996,-0.27331307114388953
BTC,2025-12-20,1766009700,long,0.03495407691805075,0,0,0.0,0.0
ETH,2025-12-18,1766009700,long,0.03133999989548686,2,1,0.14900000000000002,0.04026471248285071
ETH,2025-12-19,1766010600,long,0.02629369090729794,1,0,0.71,0.37783146291889297
BTC,2025-12-20,1766010600,short,0.08816986697156648,0,0,0.0,0.0
BTC,2025-12-20,1766010600,long,0.0408301330284333,0,0,0.0,0.0
ETH,2025-12-20,1766010600,long,0.029272170803946063,0,0,0.0,0.0
ETH,2025-12-20,1766010600,short,0.05072782919605394,0,0,0.0,0.0
BTC,2025-12-20,1766010600,short,0.08816986697156648,0,0,0.0,0.0
BTC,2025-12-20,1766010600,long,0.0408301330284333,0,0,0.0,0.0
ETH,2025-12-18,1766010600,long,0.12450429159241594,1,0,-0.73,-0.38196809586656555
ETH,2025-12-20,1766010600,long,0.029272170803946063,0,0,0.0,0.0
ETH,2025-12-20,1766010600,short,0.05072782919605394,0,0,0.0,0.0
BTC,2025-12-19,1766012400,short,0.05245500640316969,2,1,-0.44000000000000006,-0.46591976606465546
BTC,2025-12-19,1766012400,long,0.02754499359683038,2,1,0.52,0.5459197660646554
BTC,2025-12-20,1766012400,short,0.07869162107321581,1,0,-0.06400000000000006,0.03685693371746139
BTC,2025-12-20,1766012400,long,0.03430837892678418,0,0,0.0,0.0
BTC,2025-12-20,1766012400,short,0.07869162107321581,1,0,-0.06400000000000006,0.03685693371746139
BTC,2025-12-20,1766012400,long,0.03430837892678418,0,0,0.0,0.0
BTC,2025-12-18,1766012400,long,0.0799008107589545,2,1,-0.32000000000000006,-0.053098559515396215
ETH,2025-12-18,1766016900,short,0.04688104484584038,2,1,0.773,0.5762886885887321
ETH,2025-12-18,1766016900,long,0.09611895515415969,1,0,-0.73,-0.372884821464729
ETH,2025-12-18,1766019600,short,0.06027555574377086,2,1,0.32999999999999996,0.017954897632436462
ETH,2025-12-18,1766019600,long,0.04172444425622901,2,1,-0.2280000000000001,0.0840451023675634
ETH,2025-12-20,1766019600,short,0.06591327167388406,0,0,0.0,0.0
ETH,2025-12-20,1766019600,long,0.027086728326116027,0,0,0.0,0.0
ETH,2025-12-20,1766022300,long,0.029272594054545298,0,0,0.0,0.0
SOL,2025-12-19,1766024100,long,0.02959629553265719,0,0,0.0,0.0
SOL,2025-12-19,1766026800,short,0.034355055661727696,1,0,-0.020999999999999998,-0.024845197985093815
SOL,2025-12-18,1766028600,long,0.028240235388497403,2,1,-0.16900000000000004,0.0519252940068918
SOL,2025-12-19,1766035800,short,0.0752115940863195,1,0,-0.030000000000000027,0.011462293330912844
BTC,2025-12-19,1766042100,long,0.02915235863393706,1,0,0.03700000000000003,0.0727748680656437
BTC,2025-12-20,1766043900,short,0.03169056052290575,2,1,0.05899999999999996,0.08952986746368741
ETH,2025-12-19,1766063700,long,0.025555196825721938,2,1,-0.12399999999999994,-0.2113721342228812
BTC,2025-12-19,1766064600,long,0.07201685257112733,2,1,0.51,0.5038663999624136
BTC,2025-12-20,1766064600,short,0.07789526723479312,2,1,-0.5499999999999999,-0.5119061978054744
ETH,2025-12-20,1766064600,short,0.027358026667222646,2,1,0.07799999999999999,0.1286075837306887
BTC,2025-12-18,1766064600,short,0.03056378343464361,2,1,0.042999999999999955,0.0517613546772579
ETH,2025-12-18,1766065500,short,0.06831573617801523,2,1,0.15400000000000005,0.15840588629081534
ETH,2025-12-19,1766066400,short,0.026872366137348114,2,1,0.12200000000000003,0.12624965277636066
ETH,2025-12-18,1766066400,long,0.12135005651487307,2,1,0.19900000000000007,0.27609808188452933
BTC,2025-12-18,1766070000,long,0.03489832307326979,2,1,0.708,0.504649492613524
BTC,2025-12-18,1766070000,short,0.022101676926730263,2,1,-0.651,-0.44764949261352405
ETH,2025-12-19,1766071800,long,0.022772341207503155,1,0,-0.124,-0.11360390477500934
ETH,2025-12-18,1766071800,long,0.07759479277409409,2,1,-0.123,0.18243280901121078
ETH,2025-12-21,1766078100,short,0.06544805377491847,1,0,0.41000000000000003,0.12301858999586163
BTC,2025-12-20,1766078100,long,0.03743355335877108,2,1,-0.21000000000000008,-0.14276253335930555
BTC,2025-12-20,1766078100,short,0.022566446641228977,1,0,0.47,0.23227888610556424
ETH,2025-12-19,1766078100,short,0.059922641290236944,2,1,0.121,0.025684001487198835
ETH,2025-12-21,1766078100,short,0.03474229217614866,2,1,0.29999999999999993,0.28820763370237945
ETH,2025-12-21,1766078100,long,0.04525770782385141,2,1,-0.21999999999999997,-0.2082076337023795
BTC,2025-12-20,1766078100,long,0.04400016622219671,2,1,-0.24,-0.2715566033095205
SOL,2025-12-20,1766078100,long,0.05595195759525318,1,0,0.33999999999999997,0.20784456835070517
SOL,2025-12-20,1766078100,short,0.03404804240474668,1,0,-0.14,-0.2427593251056615
BTC,2025-12-21,1766078100,long,0.02942608782568712,2,1,-0.19999999999999996,-0.14506882213901354
BTC,2025-12-21,1766078100,short,0.020573912174312925,2,1,0.25,0.19506882213901358
BTC,2025-12-21,1766078100,long,0.035965826703643344,2,1,-0.21999999999999997,-0.245244745085689
SOL,2025-12-21,1766078100,short,0.07685631387656144,0,0,0.0,0.0
BTC,2025-12-21,1766078100,short,0.03655078476984375,2,1,0.16700000000000004,0.0931779038801588
SOL,2025-12-21,1766078100,long,0.05462407888525789,0,0,0.0,0.0
SOL,2025-12-21,1766078100,short,0.02537592111474196,1,0,-0.18000000000000002,-0.2478529397778161
SOL,2025-12-21,1766078100,long,0.049367686249904175,1,0,-0.18000000000000002,-0.2478529397778161
SOL,2025-12-21,1766078100,long,0.05462407888525789,0,0,0.0,0.0
SOL,2025-12-21,1766078100,short,0.02537592111474196,1,0,-0.18000000000000002,-0.2478529397778161
BTC,2025-12-21,1766078100,long,0.02942608782568712,2,1,-0.19999999999999996,-0.14506882213901354
BTC,2025-12-21,1766078100,short,0.020573912174312925,2,1,0.25,0.19506882213901358
ETH,2025-12-21,1766078100,long,0.057116008044397315,2,1,0.8399999999999999,0.7484904440705434
BTC,2025-12-19,1766078100,short,0.021621649134065835,2,1,0.19,0.31276042821836797
ETH,2025-12-21,1766078100,short,0.03474229217614866,2,1,0.29999999999999993,0.28820763370237945
ETH,2025-12-21,1766078100,long,0.04525770782385141,2,1,-0.21999999999999997,-0.2082076337023795
ETH,2025-12-21,1766078100,long,0.021059743741472126,2,1,-0.08999999999999997,-0.18994157097806078
SOL,2025-12-20,1766078100,short,0.08243066768972895,1,0,0.33999999999999997,0.20784456835070517
ETH,2025-12-21,1766078100,short,0.026005313758695414,0,0,0.0,0.0
BTC,2025-12-20,1766078100,short,0.04925009457506846,1,0,0.22999999999999998,0.05951635274625877
BTC,2025-12-19,1766078100,long,0.044927080409379094,2,1,-0.243,-0.13447514522496307
BTC,2025-12-20,1766079000,long,0.027411399727061303,2,1,0.88,0.7715607564509139
ETH,2025-12-20,1766079000,long,0.034419753084980576,1,0,-0.7,-0.34710505368852457
ETH,2025-12-20,1766079000,long,0.03417234862656526,2,1,0.85,0.7021793816826151
BTC,2025-12-19,1766079000,short,0.02516955178531377,2,1,0.061999999999999944,0.0011668886378082832
ETH,2025-12-21,1766079000,short,0.02427091101006984,1,0,0.09999999999999998,-0.06291934659672138
BTC,2025-12-21,1766079900,short,0.020606617192970633,2,1,0.2699999999999999,0.28809456788374677
ETH,2025-12-21,1766079900,short,0.021205753688988582,1,0,-0.63,-0.32300440415726045
BTC,2025-12-21,1766079900,short,0.020549350907267616,1,0,-0.6799999999999999,-0.48323779411533374
ETH,2025-12-21,1766079900,long,0.0256798204290678,1,0,0.07599999999999996,-0.050656697381970955
BTC,2025-12-20,1766079900,short,0.023379474757530327,2,1,0.098,0.15921537909394773
BTC,2025-12-20,1766079900,long,0.028020892832800293,2,1,-0.21000000000000008,-0.14782247712503183
BTC,2025-12-20,1766079900,short,0.03197910716719976,1,0,0.43999999999999995,0.21998906310964042
ETH,2025-12-20,1766079900,long,0.027920847248171343,2,1,-0.25,-0.2571441149588024
ETH,2025-12-20,1766079900,short,0.03207915275182871,2,1,0.30999999999999994,0.31714411495880235
BTC,2025-12-20,1766079900,long,0.03014860438762157,1,0,0.07799999999999996,-0.007264853303486071
SOL,2025-12-21,1766079900,short,0.024432888627688998,1,0,-0.024,-0.04382335624617016
ETH,2025-12-20,1766080800,short,0.02548350618891826,2,1,0.239,0.12763010879018055
BTC,2025-12-20,1766081700,short,0.020068724023449724,1,0,-0.11,-0.21634949725447106
ETH,2025-12-20,1766081700,short,0.02346611924761688,0,0,0.0,0.0
ETH,2025-12-20,1766081700,long,0.02785942574663336,1,0,0.05799999999999994,-0.034960137782100914
BTC,2025-12-21,1766082600,long,0.024115582566549776,1,0,0.08499999999999996,-0.0178970509317814
ETH,2025-12-19,1766083500,short,0.02038410309430294,1,0,0.7,0.3247202780633897
BTC,2025-12-21,1766085300,short,0.02300155208401744,1,0,0.13,-0.045630266572035144
SOL,2025-12-21,1766086200,short,0.04216368896691858,2,1,-0.19499999999999995,-0.21465157825528808
BTC,2025-12-20,1766086200,short,0.04884590115216114,1,0,0.81,0.5650736446852376
BTC,2025-12-20,1766086200,long,0.05115409884783895,1,0,0.53,0.19164863810365917
BTC,2025-12-21,1766087100,short,0.022856347060698945,0,0,0.0,0.0
SOL,2025-12-20,1766087100,long,0.0344111743208515,0,0,0.0,0.0
SOL,2025-12-20,1766087100,short,0.08258882567914852,1,0,-0.06000000000000005,0.17055724568952335
SOL,2025-12-20,1766087100,long,0.0344111743208515,0,0,0.0,0.0
SOL,2025-12-20,1766087100,short,0.08258882567914852,1,0,-0.06000000000000005,0.17055724568952335
ETH,2025-12-19,1766087100,long,0.02650878245756938,2,1,0.91,0.6536435749905545
SOL,2025-12-21,1766087100,short,0.026146119189477512,1,0,-0.13,0.07726313195198287
SOL,2025-12-21,1766087100,long,0.035853880810522654,0,0,0.0,0.0
BTC,2025-12-19,1766087100,long,0.02301873649513153,2,1,-0.23299999999999998,0.02637444236223957
SOL,2025-12-20,1766088000,long,0.07143005130946967,1,0,-0.5900000000000001,-0.13809008851799387
SOL,2025-12-20,1766088000,short,0.07465776626766885,1,0,-0.5900000000000001,-0.13809008851799387
BTC,2025-12-19,1766088000,long,0.024803123981941066,2,1,-0.06899999999999995,0.12117677584831713
BTC,2025-12-19,1766088000,short,0.03960044738461377,2,1,-0.7799999999999999,-0.49677185501530957
ETH,2025-12-20,1766088900,short,0.02040128845915179,1,0,-0.75,-0.3722633514290159
XRP,2025-12-19,1766088900,short,0.04147035462289983,1,0,-0.020999999999999998,-0.029880615392862422
SOL,2025-12-19,1766088900,long,0.030657784866799265,2,1,0.669,0.20206277878924417
SOL,2025-12-19,1766088900,long,0.04498841629749628,2,1,-0.516,-0.17692176635167894
SOL,2025-12-19,1766088900,short,0.02301158370250367,2,1,0.584,0.2449217663516789
XRP,2025-12-19,1766088900,long,0.10293063939833247,1,0,0.42000000000000004,-0.022497416834772854
XRP,2025-12-20,1766089800,short,0.02577293543755388,0,0,0.0,0.0
XRP,2025-12-20,1766089800,long,0.07622706456244632,0,0,0.0,0.0
BTC,2025-12-21,1766089800,long,0.027027652435879013,0,0,0.0,0.0
XRP,2025-12-19,1766089800,long,0.0516797921704053,1,0,0.06999999999999995,-0.0031334661290592924
XRP,2025-12-20,1766089800,short,0.02577293543755388,0,0,0.0,0.0
XRP,2025-12-20,1766089800,long,0.07622706456244632,0,0,0.0,0.0
SOL,2025-12-20,1766090700,long,0.06819996816565976,1,0,-0.10799999999999998,0.13884024321078914
BTC,2025-12-21,1766090700,long,0.03274337951846307,0,0,0.0,0.0
ETH,2025-12-19,1766090700,long,0.02051621547351079,2,1,-0.33000000000000007,-0.10234182892858021
ETH,2025-12-19,1766090700,long,0.022914116687374086,2,1,-0.1100000000000001,0.18156592879941674
SOL,2025-12-19,1766091600,short,0.07268989763408851,2,1,-0.66,-0.1485438091749065
ETH,2025-12-21,1766091600,short,0.021937078624279738,1,0,0.09999999999999998,0.29821790434813067
XRP,2025-12-19,1766091600,long,0.11783136626254764,2,1,0.20099999999999996,0.23238549784801998
BTC,2025-12-20,1766091600,long,0.022279281808173623,2,1,-0.08399999999999996,0.06701932774178787
BTC,2025-12-21,1766091600,long,0.02626930586897691,0,0,0.0,0.0
ETH,2025-12-21,1766091600,short,0.04375539035600773,1,0,-0.21999999999999997,0.20158319754191817
ETH,2025-12-19,1766091600,short,0.05152364860180314,2,1,-0.8610000000000001,-0.6041424210048019
ETH,2025-12-19,1766093400,long,0.027690163487166464,1,0,-0.78,-0.3607012294668227
BTC,2025-12-20,1766095200,short,0.026154246978267515,1,0,-0.03300000000000003,0.04612303279522123
BTC,2025-12-19,1766097900,long,0.020010259315388357,2,1,0.7100000000000001,0.48123752474982084
XRP,2025-12-19,1766104200,short,0.0597788816852991,2,1,0.5329999999999999,0.19593229934039041
XRP,2025-12-19,1766104200,long,0.04722111831470066,1,0,-0.55,0.02967748557277805
ETH,2025-12-21,1766105100,long,0.02082218153080584,1,0,-0.43000000000000005,-0.0032696109538798424
ETH,2025-12-20,1766107800,short,0.020024007513216868,2,1,0.128,-0.03697924192851734
ETH,2025-12-20,1766107800,long,0.026975992486783174,2,1,-0.08100000000000007,0.08397924192851727
ETH,2025-12-20,1766114100,long,0.03112838608638957,2,1,-0.16300000000000003,-0.017854121723795302
ETH,2025-12-19,1766115000,short,0.03101126369626661,2,1,0.10499999999999998,0.014947867759019184
ETH,2025-12-19,1766115000,short,0.03480420722873634,2,1,0.15199999999999994,0.27822096437380084
ETH,2025-12-21,1766115000,short,0.020630598297387226,2,1,0.088,0.13581643651453285
BTC,2025-12-21,1766115000,short,0.029944475370443313,2,1,0.13399999999999995,0.1826458701164318
BTC,2025-12-19,1766115900,short,0.023708727152939257,2,1,0.06899999999999998,0.11172013767142397
BTC,2025-12-19,1766115900,short,0.025451523514543273,2,1,0.06999999999999995,0.025324073823060275
BTC,2025-12-19,1766117700,long,0.021289762364173015,2,1,-0.26,-0.32833603677384904
BTC,2025-12-21,1766118600,long,0.022395002011848852,2,1,-0.08100000000000007,-0.13180520833131926
ETH,2025-12-20,1766118600,long,0.022804845752224745,1,0,0.10899999999999999,0.1805385351938097
ETH,2025-12-21,1766120400,long,0.020958177324842175,1,0,0.04400000000000004,0.08314943410439328
BTC,2025-12-20,1766129400,long,0.024108235653330645,2,1,-0.11399999999999996,-0.1292131032726971
ETH,2025-12-20,1766139300,long,0.020398595251991836,2,1,-0.05699999999999997,-0.0822365081804068
BTC,2025-12-19,1766145600,short,0.020666482320308988,2,1,0.04799999999999993,0.0634659563170713
XRP,2025-12-19,1766152800,long,0.07196213208481317,0,0,0.0,0.0
ETH,2025-12-19,1766152800,long,0.02620316146872037,2,1,-0.149,-0.1897274227422196
XRP,2025-12-19,1766155500,long,0.04757056447129182,1,0,-0.272,-0.29540979567630155
ETH,2025-12-19,1766157300,long,0.06643416486270848,2,1,0.07100000000000006,0.07873854408569529
XRP,2025-12-20,1766160900,short,0.05271258582463559,1,0,-0.06000000000000005,0.029302380661430927
XRP,2025-12-20,1766160900,long,0.03128741417536429,0,0,0.0,0.0
XRP,2025-12-20,1766160900,short,0.05271258582463559,1,0,-0.06000000000000005,0.029302380661430927
XRP,2025-12-20,1766160900,long,0.03128741417536429,0,0,0.0,0.0
SOL,2025-12-20,1766164500,long,0.030066899088540877,2,1,0.2759999999999999,0.2854043993595002
SOL,2025-12-20,1766164500,short,0.03693310091145885,2,1,-0.20900000000000007,-0.21840439935950035
ETH,2025-12-22,1766164500,short,0.020374965875220585,1,0,0.10999999999999999,0.03456037420334915
SOL,2025-12-22,1766164500,long,0.0306012610194486,0,0,0.0,0.0
SOL,2025-12-22,1766164500,short,0.02439873898055145,0,0,0.0,0.0
BTC,2025-12-22,1766164500,long,0.03548459212772537,2,1,-0.09999999999999998,-0.046254922674186766
SOL,2025-12-21,1766164500,short,0.03761447659976003,2,1,-0.37,-0.3660449614954921
ETH,2025-12-22,1766164500,short,0.024410029541014677,0,0,0.0,0.0
ETH,2025-12-22,1766164500,long,0.022908761355372453,1,0,0.019000000000000017,0.00233936367448017
SOL,2025-12-22,1766164500,long,0.0306012610194486,0,0,0.0,0.0
SOL,2025-12-22,1766164500,short,0.02439873898055145,0,0,0.0,0.0
SOL,2025-12-22,1766164500,short,0.03792934592045638,1,0,-0.19999999999999996,-0.15043514848847928
ETH,2025-12-22,1766165400,long,0.0329940260795496,0,0,0.0,0.0
ETH,2025-12-22,1766165400,long,0.03346678293157801,0,0,0.0,0.0
BTC,2025-12-22,1766165400,short,0.04519772586972115,1,0,-0.28,-0.08030786245412072
ETH,2025-12-21,1766165400,short,0.04511039602372857,2,1,0.22999999999999998,0.21087120786513439
ETH,2025-12-20,1766165400,short,0.05691966257866188,2,1,-0.52,-0.529022342122647
ETH,2025-12-20,1766165400,long,0.023080337421338193,2,1,0.6,0.6090223421226469
BTC,2025-12-20,1766165400,long,0.0691139392399942,2,1,0.74,0.6797231225436399
BTC,2025-12-20,1766165400,short,0.05740333508090201,2,1,0.44000000000000006,0.40585670995999545
BTC,2025-12-20,1766165400,long,0.03259666491909785,2,1,-0.3500000000000001,-0.3158567099599955
ETH,2025-12-20,1766165400,long,0.036781162990910055,2,1,-0.131,-0.11147000079846675
ETH,2025-12-22,1766165400,short,0.021744320835030195,1,0,0.30999999999999994,0.15328519347536504
BTC,2025-12-21,1766165400,short,0.04814335722000751,2,1,0.20899999999999996,0.16544795082080335
BTC,2025-12-22,1766165400,long,0.057997962205592835,1,0,0.22999999999999998,0.40759270994688035
BTC,2025-12-21,1766166300,short,0.026317690499234825,2,1,0.34999999999999987,0.33766709966226816
BTC,2025-12-22,1766166300,short,0.020235048849855053,1,0,-0.06900000000000006,0.03277825070026838
BTC,2025-12-22,1766166300,short,0.026820999599051154,0,0,0.0,0.0
ETH,2025-12-21,1766166300,short,0.04212368381110099,1,0,-0.28,-0.21691874900339825
ETH,2025-12-21,1766166300,long,0.04419002747854517,1,0,0.129,0.16790246725661853
BTC,2025-12-20,1766166300,short,0.027155274531784124,1,0,-0.02200000000000002,0.0076663226195646285
BTC,2025-12-22,1766166300,long,0.02197123462538686,1,0,-0.6000000000000001,-0.3177119541705159
ETH,2025-12-22,1766167200,long,0.04157781752924894,0,0,0.0,0.0
SOL,2025-12-21,1766167200,short,0.048710462303632074,1,0,-0.24,-0.14283335623712615
SOL,2025-12-21,1766167200,long,0.021289537696367766,1,0,0.16000000000000003,0.22908364535384385
ETH,2025-12-20,1766167200,short,0.04037269557933987,1,0,-0.04400000000000004,0.01731525883765231
SOL,2025-12-22,1766167200,short,0.04984873784800675,1,0,-0.26,-0.10302621536405118
SOL,2025-12-22,1766167200,long,0.020151262151993254,0,0,0.0,0.0
BTC,2025-12-20,1766167200,short,0.02511741773847309,2,1,0.244,0.12209496793658108
SOL,2025-12-22,1766167200,long,0.020016800159432968,1,0,-0.26,-0.10302621536405118
ETH,2025-12-22,1766169900,short,0.02383123532848508,1,0,-0.022,-0.05441870217089784
ETH,2025-12-22,1766169900,long,0.027375603391342818,1,0,-0.32000000000000006,-0.12215308735390418
ETH,2025-12-21,1766170800,long,0.020289443543000107,1,0,-0.24,-0.18854379646337974
ETH,2025-12-22,1766171700,short,0.022509564577375962,0,0,0.0,0.0
ETH,2025-12-22,1766171700,long,0.02749043542262397,0,0,0.0,0.0
ETH,2025-12-22,1766171700,short,0.02133931195803007,0,0,0.0,0.0
BTC,2025-12-21,1766172600,short,0.03382024192775135,1,0,-0.55,-0.43831247884144514
BTC,2025-12-20,1766172600,long,0.033489268151678964,1,0,-0.13,-0.055144666959384386
BTC,2025-12-20,1766172600,short,0.031148814035794725,2,1,0.45000000000000007,0.404986149243184
XRP,2025-12-21,1766173500,long,0.03372977629590812,0,0,0.0,0.0
XRP,2025-12-22,1766173500,short,0.06489932019478661,0,0,0.0,0.0
XRP,2025-12-21,1766173500,short,0.04640873866920514,2,1,-0.527,-0.5462601700046942
BTC,2025-12-22,1766173500,short,0.035246424831234635,1,0,-0.23,-0.3848172849537187
XRP,2025-12-21,1766173500,short,0.049780402400067425,1,0,0.44999999999999996,0.4985879984053502
XRP,2025-12-22,1766173500,long,0.045315367406345786,0,0,0.0,0.0
XRP,2025-12-22,1766173500,short,0.03346884322296806,1,0,-0.10999999999999999,-0.06552070324683781
XRP,2025-12-22,1766173500,long,0.026531156777031883,1,0,0.14,0.09552070324683784
XRP,2025-12-22,1766173500,long,0.021901088352222375,0,0,0.0,0.0
XRP,2025-12-22,1766173500,short,0.03346884322296806,1,0,-0.10999999999999999,-0.06552070324683781
XRP,2025-12-22,1766173500,long,0.026531156777031883,1,0,0.14,0.09552070324683784
BTC,2025-12-21,1766174400,long,0.023236201059607886,1,0,-0.16000000000000003,-0.09981404922341125
XRP,2025-12-21,1766174400,short,0.020751795699736286,1,0,-0.02100000000000002,-0.021200093926903762
XRP,2025-12-21,1766174400,long,0.03853179012032304,1,0,-0.45999999999999996,-0.46298440891305914
XRP,2025-12-22,1766174400,long,0.020766497083422042,2,1,-0.09199999999999997,-0.04315194001368264
XRP,2025-12-20,1766175300,long,0.04853540875470719,0,0,0.0,0.0
ETH,2025-12-20,1766175300,short,0.02072433937016971,2,1,-0.51,-0.5041748843737632
SOL,2025-12-20,1766175300,long,0.033054107556893086,0,0,0.0,0.0
SOL,2025-12-20,1766175300,short,0.03394589244310653,2,1,-0.16500000000000004,-0.16616405001855347
XRP,2025-12-20,1766176200,short,0.025918868351467894,2,1,-0.432,-0.32978675728944706
BTC,2025-12-22,1766177100,short,0.02258355655882094,1,0,0.09399999999999997,0.1784673351577127
ETH,2025-12-21,1766178000,long,0.02267982586710726,1,0,0.15800000000000003,0.1324535675406705
ETH,2025-12-21,1766178000,short,0.02532017413289278,1,0,-0.14,-0.11445356754067049
BTC,2025-12-20,1766180700,short,0.02736622873194583,2,1,-0.55,-0.48954213648379313
ETH,2025-12-22,1766181600,long,0.025031348139171072,0,0,0.0,0.0
BTC,2025-12-22,1766182500,short,0.020933590532606017,2,1,0.177,0.25077542222971416
ETH,2025-12-20,1766187900,short,0.022576252737895874,2,1,0.35999999999999993,0.3417733724931077
BTC,2025-12-21,1766189700,long,0.020865176647241857,2,1,-0.3500000000000001,-0.3221836540576898
ETH,2025-12-21,1766195100,long,0.0212851596565391,2,1,0.57,0.5813571356427
ETH,2025-12-22,1766196900,long,0.026216514496443022,0,0,0.0,0.0
BTC,2025-12-21,1766198700,long,0.02615298307743119,2,1,0.5599999999999999,0.5566410551410667
BTC,2025-12-21,1766202300,short,0.02261534532372389,2,1,0.12200000000000003,0.12659985889199188
ETH,2025-12-20,1766205000,long,0.0441717463795126,2,1,-0.286,-0.23713230049753486
BTC,2025-12-22,1766205000,long,0.02737315739167978,1,0,0.06800000000000006,0.13946303973418767
BTC,2025-12-22,1766205000,short,0.04062684260832039,1,0,0.26,0.4171970963518957
BTC,2025-12-22,1766207700,short,0.023662758966793707,0,0,0.0,0.0
ETH,2025-12-22,1766217600,short,0.050503765061882144,1,0,-0.02200000000000002,0.004847679673949966
BTC,2025-12-23,1766250900,long,0.025534586621728472,2,1,-0.10999999999999999,-0.11592925355941895
ETH,2025-12-23,1766250900,long,0.020372033989130234,0,0,0.0,0.0
ETH,2025-12-23,1766250900,long,0.021579063141706545,0,0,0.0,0.0
BTC,2025-12-23,1766250900,short,0.03223913414908075,1,0,-0.19999999999999996,-0.2135752733416236
BTC,2025-12-22,1766251800,long,0.020162145342028426,2,1,0.6799999999999999,0.6275965990275474
ETH,2025-12-23,1766251800,short,0.02964850869209723,0,0,0.0,0.0
ETH,2025-12-22,1766251800,long,0.0370590648400948,1,0,0.5800000000000001,0.3723918902359491
BTC,2025-12-23,1766252700,long,0.023327003253321266,1,0,0.29000000000000004,0.27072413552880126
BTC,2025-12-22,1766252700,long,0.02186208363580855,2,1,-0.09600000000000009,-0.012080663155485519
ETH,2025-12-22,1766253600,long,0.033480585256650874,2,1,-0.31000000000000005,-0.26758131705203336
ETH,2025-12-21,1766253600,short,0.025629399044730716,2,1,-0.49,-0.5030255807110607
BTC,2025-12-22,1766254500,long,0.02108561525489927,2,1,-0.2799999999999999,-0.19539281125963615
ETH,2025-12-23,1766254500,short,0.026769186759595054,0,0,0.0,0.0
ETH,2025-12-22,1766254500,short,0.02791868972330247,2,1,0.19999999999999996,0.10696760348570362
ETH,2025-12-23,1766255400,long,0.020375565702523968,0,0,0.0,0.0
BTC,2025-12-23,1766257200,long,0.023396539851952003,2,1,-0.16000000000000003,-0.1460543980345294
BTC,2025-12-21,1766257200,short,0.03762266480794463,2,1,0.3869999999999999,0.3807188106821339
BTC,2025-12-22,1766257200,short,0.02398151818626748,2,1,0.30999999999999994,0.22990443341890632
ETH,2025-12-23,1766257200,short,0.021096556754886087,1,0,-0.04300000000000004,-0.05546334787466441
ETH,2025-12-22,1766260800,short,0.020011778479846365,1,0,-0.56,-0.34618918680348176
BTC,2025-12-21,1766261700,short,0.030433671594181033,2,1,-0.47000000000000003,-0.4570958524585204
ETH,2025-12-21,1766265300,long,0.04085549041043035,2,1,-0.34099999999999997,-0.3451297649496943
ETH,2025-12-22,1766265300,long,0.029336983640471326,1,0,0.24,0.08992093166574783
ETH,2025-12-22,1766265300,short,0.02066301635952872,2,1,0.3500000000000001,0.3069824780120568
BTC,2025-12-22,1766266200,short,0.023654434923761847,2,1,-0.65,-0.608599926379909
BTC,2025-12-21,1766268000,long,0.02689479612775636,2,1,-0.071,-0.08643029329634362
BTC,2025-12-23,1766271600,short,0.02088761342713752,2,1,0.19000000000000006,0.17791634952845115
ETH,2025-12-23,1766274300,short,0.024366343324797035,1,0,-0.025,-0.017916654024898185
ETH,2025-12-23,1766275200,short,0.02656376439005481,1,0,-0.073,-0.053437421885756134
ETH,2025-12-23,1766275200,long,0.02043623560994523,1,0,-0.2,-0.16242726211949352
BTC,2025-12-21,1766276100,long,0.03141656050778474,2,1,-0.32299999999999995,-0.31988394428676936
BTC,2025-12-23,1766279700,short,0.02695030535405063,2,1,0.1499999999999999,0.16200260724004112
ETH,2025-12-22,1766280600,long,0.02240193996252371,1,0,-0.22999999999999998,-0.04248921576669451
ETH,2025-12-23,1766284200,short,0.02737788756365911,0,0,0.0,0.0
BTC,2025-12-23,1766286900,short,0.024571855744356053,1,0,-0.24000000000000002,-0.24025968698721692
BTC,2025-12-23,1766286900,long,0.02542814425564388,1,0,0.27,0.2702596869872169
BTC,2025-12-22,1766298600,short,0.021807672769155184,1,0,-0.04400000000000004,0.010118257309714836
BTC,2025-12-23,1766300400,short,0.022703271218935117,1,0,0.08999999999999997,0.09352384155507495
BTC,2025-12-22,1766302200,short,0.024285561429403857,2,1,0.14299999999999996,0.2508003952661204
BTC,2025-12-23,1766302200,long,0.020654533622077365,2,1,-0.24,-0.24266560026314368
BTC,2025-12-23,1766302200,short,0.02934546637792257,1,0,-0.19999999999999996,-0.2084028894588395
ETH,2025-12-23,1766304000,short,0.026839723162763174,1,0,-0.09999999999999998,-0.1301397790017325
ETH,2025-12-23,1766304000,long,0.02316027683723698,0,0,0.0,0.0
BTC,2025-12-23,1766304900,short,0.02223413710756883,1,0,0.10999999999999999,0.10217072014117656
ETH,2025-12-21,1766307600,short,0.027970730725731308,2,1,0.43799999999999994,0.38408816032849147
ETH,2025-12-21,1766307600,long,0.03210766282256383,2,1,0.491,0.44095475220902924
ETH,2025-12-22,1766311200,short,0.023411585466441287,2,1,0.14699999999999994,0.20766910715574566
BTC,2025-12-21,1766324700,long,0.04855229927558202,2,1,0.5880000000000001,0.4144924621818845
BTC,2025-12-23,1766336400,long,0.021602448751350423,2,1,-0.041000000000000036,-0.05142187777914947
BTC,2025-12-24,1766337300,short,0.02799239744291593,2,1,-0.77,-0.746227015996822
ETH,2025-12-24,1766337300,long,0.023876115355671912,1,0,-0.46,-0.3635597612540381
ETH,2025-12-24,1766337300,short,0.026123884644328244,2,1,0.23999999999999996,0.22169867467681575
ETH,2025-12-24,1766337300,long,0.023876115355671912,1,0,-0.46,-0.3635597612540381
ETH,2025-12-24,1766337300,short,0.026123884644328244,2,1,0.23999999999999996,0.22169867467681575
BTC,2025-12-24,1766337300,long,0.02413929022921102,2,1,-0.20000000000000007,-0.1907165847991467
ETH,2025-12-23,1766337300,long,0.035077836161742315,0,0,0.0,0.0
ETH,2025-12-24,1766337300,short,0.04164018212228726,1,0,-0.46,-0.3635597612540381
ETH,2025-12-24,1766337300,short,0.03508249346783476,0,0,0.0,0.0
BTC,2025-12-23,1766338200,short,0.029720548647387823,2,1,0.2699999999999999,0.27941534604452095
ETH,2025-12-24,1766338200,long,0.02002413982855944,1,0,0.47,0.3848163008827731
ETH,2025-12-24,1766338200,long,0.0210937117651524,1,0,-0.23,-0.1621089830268317
BTC,2025-12-22,1766339100,long,0.02424555316941568,2,1,0.65,0.5993500420693316
ETH,2025-12-23,1766339100,short,0.026482028070614616,0,0,0.0,0.0
BTC,2025-12-24,1766339100,long,0.021609621773030607,1,0,-0.21999999999999997,-0.3149693214469423
BTC,2025-12-24,1766340900,long,0.022189726066484727,1,0,0.14,0.0989984297423146
BTC,2025-12-23,1766340900,long,0.022970930635657583,1,0,0.25,0.2543611870363701
BTC,2025-12-24,1766340900,short,0.025698067316443085,1,0,-0.10999999999999999,-0.15176924065656444
ETH,2025-12-22,1766341800,long,0.020434648051233628,2,1,-0.3800000000000001,-0.3222125852106073
ETH,2025-12-23,1766341800,short,0.021429369287973454,2,1,0.12899999999999995,0.11061327037025549
ETH,2025-12-23,1766342700,short,0.03441206288398435,2,1,0.27999999999999997,0.2609133491582822
ETH,2025-12-23,1766342700,long,0.025587937116015702,0,0,0.0,0.0
ETH,2025-12-23,1766343600,long,0.021119970284128264,2,1,0.75,0.7370624325139307
BTC,2025-12-23,1766345400,long,0.02074788527830318,2,1,-0.16000000000000003,-0.14290008830936685
ETH,2025-12-22,1766347200,short,0.021435786902890275,2,1,-0.67,-0.5798416333710172
ETH,2025-12-24,1766348100,short,0.024841355534322984,1,0,-0.051000000000000004,-0.01959486026590026
BTC,2025-12-24,1766348100,short,0.02826710204064231,2,1,0.24999999999999994,0.23964454354349332
BTC,2025-12-24,1766355300,short,0.026294960410718216,2,1,0.19999999999999996,0.16235896553512255
BTC,2025-12-22,1766355300,long,0.028453991143593704,2,1,-0.29000000000000004,-0.16311395820059024
ETH,2025-12-22,1766356200,long,0.025133042556011453,2,1,0.6900000000000001,0.5741715606613612
ETH,2025-12-24,1766357100,long,0.02038444271419193,0,0,0.0,0.0
BTC,2025-12-24,1766361600,long,0.024224262118182516,2,1,0.82,0.7810137212508688
ETH,2025-12-23,1766361600,long,0.020716222520792194,1,0,0.08999999999999997,0.03973168936890618
BTC,2025-12-23,1766361600,short,0.020495589608477305,2,1,0.22000000000000008,0.18445477772646363
BTC,2025-12-24,1766362500,short,0.02340975786159427,1,0,-0.09,0.020798669443051032
BTC,2025-12-24,1766362500,long,0.0320251982640678,0,0,0.0,0.0
ETH,2025-12-22,1766363400,short,0.028381990691749293,2,1,0.32000000000000006,0.29245568830382557
SOL,2025-12-22,1766363400,short,0.03106021898968575,2,1,-0.23000000000000004,-0.2452880021008067
SOL,2025-12-22,1766363400,long,0.028939781010314247,1,0,0.050000000000000044,0.04358359760260302
SOL,2025-12-22,1766363400,short,0.03106021898968575,2,1,-0.23000000000000004,-0.2452880021008067
SOL,2025-12-22,1766363400,long,0.028939781010314247,1,0,0.050000000000000044,0.04358359760260302
SOL,2025-12-24,1766366100,long,0.029673623345270794,1,0,-0.3,-0.11570349073839531
SOL,2025-12-24,1766366100,long,0.04470706452232642,0,0,0.0,0.0
SOL,2025-12-23,1766366100,short,0.02599994862131505,1,0,-0.29000000000000004,-0.1769132862797155
SOL,2025-12-24,1766366100,short,0.06463487143338581,1,0,-0.3,-0.11570349073839531
ETH,2025-12-23,1766368800,short,0.021657840553415575,2,1,0.07499999999999998,0.030125796582694035
SOL,2025-12-24,1766370600,short,0.0255859634731066,1,0,0.26,0.16344548802212422
SOL,2025-12-24,1766370600,long,0.03241403652689345,0,0,0.0,0.0
ETH,2025-12-23,1766372400,short,0.0209715896425825,1,0,0.54,0.39267488063400824
BTC,2025-12-23,1766374200,long,0.022583581260583907,1,0,-0.13,-0.1951953453182545
SOL,2025-12-24,1766381400,short,0.049646352138174143,0,0,0.0,0.0
SOL,2025-12-24,1766381400,long,0.020353647861825808,0,0,0.0,0.0
SOL,2025-12-23,1766384100,long,0.02374458955537584,0,0,0.0,0.0
SOL,2025-12-23,1766384100,short,0.026255410444624094,1,0,-0.12,-0.17905393936316383
BTC,2025-12-23,1766388600,short,0.02049441645430161,2,1,-0.6600000000000001,-0.6567231772746932
ETH,2025-12-22,1766391300,long,0.02122827498126001,2,1,-0.122,-0.15434721775916882
BTC,2025-12-24,1766392200,short,0.024404114374518393,2,1,0.07599999999999998,0.0005666213006390863
BTC,2025-12-22,1766395800,long,0.022105829999462534,2,1,-0.31199999999999994,-0.2935093454927345
BTC,2025-12-24,1766407500,long,0.021863434174515195,1,0,-0.26,0.04924145068691027
BTC,2025-12-22,1766413800,short,0.024082120591361278,2,1,0.49400000000000005,0.2668276443432812
BTC,2025-12-22,1766415600,short,0.03477511489134044,2,1,-0.54,-0.17788071968821706
BTC,2025-12-23,1766419200,short,0.03458308997383752,2,1,0.13399999999999992,0.010807111299823619
BTC,2025-12-25,1766423700,short,0.028751199461674815,0,0,0.0,0.0
SOL,2025-12-25,1766423700,long,0.03498982183700283,0,0,0.0,0.0
SOL,2025-12-25,1766423700,short,0.04501017816299696,1,0,-0.3,-0.14441904157225482
ETH,2025-12-24,1766423700,short,0.02583222564412846,2,1,-0.74,-0.6558750832741306
BTC,2025-12-25,1766423700,short,0.03258139647022007,2,1,-0.73,-0.722932048114179
ETH,2025-12-25,1766423700,short,0.02412932715961058,2,1,-0.77,-0.7242256083539526
ETH,2025-12-25,1766423700,short,0.031583584255265196,1,0,-0.32,-0.14106456311951965
ETH,2025-12-25,1766423700,long,0.023339051002842393,1,0,-0.32,-0.14106456311951965
SOL,2025-12-25,1766423700,long,0.03498982183700283,0,0,0.0,0.0
SOL,2025-12-25,1766423700,short,0.04501017816299696,1,0,-0.3,-0.14441904157225482
BTC,2025-12-25,1766424600,short,0.021502486169932555,1,0,-0.21000000000000002,-0.10275132784215779
BTC,2025-12-25,1766424600,long,0.02566943337058336,1,0,0.05999999999999994,0.11084512518902126
ETH,2025-12-24,1766424600,short,0.026625293696544317,1,0,-0.3,-0.06919719599305005
BTC,2025-12-24,1766424600,short,0.020328747184476526,2,1,-0.79,-0.6873436124782987
ETH,2025-12-24,1766424600,long,0.024644097008212018,1,0,-0.3,-0.06919719599305005
ETH,2025-12-24,1766424600,short,0.025355902991788137,1,0,-0.11,0.02245552556809012
ETH,2025-12-24,1766424600,long,0.024644097008212018,1,0,-0.3,-0.06919719599305005
ETH,2025-12-24,1766424600,short,0.025355902991788137,1,0,-0.11,0.02245552556809012
SOL,2025-12-25,1766425500,long,0.026566644710447562,1,0,0.008000000000000007,0.033733277529839074
BTC,2025-12-23,1766425500,short,0.026305754334265075,2,1,0.21999999999999997,0.3471456943994617
ETH,2025-12-24,1766425500,long,0.02085959388206815,2,1,0.7799999999999999,0.6981587152685226
ETH,2025-12-24,1766425500,long,0.023317593019496874,0,0,0.0,0.0
BTC,2025-12-23,1766427300,long,0.03602775394769875,2,1,0.6399999999999999,0.5923199953125559
BTC,2025-12-24,1766427300,long,0.021096734406041318,1,0,-0.72,-0.4595639780245431
ETH,2025-12-25,1766427300,short,0.023657762983950392,0,0,0.0,0.0
ETH,2025-12-25,1766428200,short,0.020340647488083397,0,0,0.0,0.0
ETH,2025-12-25,1766430000,short,0.02161338848479999,0,0,0.0,0.0
ETH,2025-12-25,1766430000,long,0.028386611515200055,1,0,-0.52,-0.3605517078495747
BTC,2025-12-25,1766430900,short,0.020212585391700566,1,0,-0.060000000000000005,-0.03522302900957564
ETH,2025-12-25,1766430900,long,0.03460330426817393,1,0,0.03600000000000003,0.06494301335773493
BTC,2025-12-25,1766431800,long,0.020711590276562664,0,0,0.0,0.0
XRP,2025-12-24,1766434500,long,0.06521915139567658,1,0,0.18999999999999995,0.08031219897193453
XRP,2025-12-24,1766434500,short,0.08478084860432344,1,0,-0.12,-0.010312198971934583
XRP,2025-12-25,1766434500,short,0.08078580867707097,0,0,0.0,0.0
XRP,2025-12-25,1766434500,long,0.049214191322928924,0,0,0.0,0.0
XRP,2025-12-25,1766434500,short,0.08078580867707097,0,0,0.0,0.0
XRP,2025-12-25,1766434500,long,0.049214191322928924,0,0,0.0,0.0
BTC,2025-12-25,1766434500,long,0.04260170217767345,0,0,0.0,0.0
BTC,2025-12-25,1766434500,short,0.0273982978223265,1,0,0.30000000000000004,0.2918415887358206
XRP,2025-12-23,1766434500,long,0.06658534228796609,0,0,0.0,0.0
XRP,2025-12-23,1766434500,short,0.06341465771203375,1,0,-0.060000000000000005,-0.030381805743568135
XRP,2025-12-24,1766434500,long,0.06521915139567658,1,0,0.18999999999999995,0.08031219897193453
XRP,2025-12-24,1766434500,short,0.08478084860432344,1,0,-0.12,-0.010312198971934583
XRP,2025-12-23,1766434500,long,0.06658534228796609,0,0,0.0,0.0
XRP,2025-12-23,1766434500,short,0.06341465771203375,1,0,-0.060000000000000005,-0.030381805743568135
XRP,2025-12-23,1766434500,long,0.06304469436921023,1,0,0.05499999999999994,0.07821539447611081
XRP,2025-12-25,1766434500,long,0.023531820133171344,1,0,0.02300000000000002,0.0458997486732962
XRP,2025-12-24,1766435400,long,0.06586421941117826,1,0,0.16999999999999993,0.09118504605839205
XRP,2025-12-24,1766435400,short,0.054135780588821625,1,0,-0.12,-0.041185046058392114
XRP,2025-12-23,1766435400,long,0.09484769755689149,0,0,0.0,0.0
XRP,2025-12-24,1766435400,long,0.06586421941117826,1,0,0.16999999999999993,0.09118504605839205
XRP,2025-12-24,1766435400,short,0.054135780588821625,1,0,-0.12,-0.041185046058392114
XRP,2025-12-24,1766436300,long,0.08782596535515519,0,0,0.0,0.0
XRP,2025-12-24,1766436300,short,0.06217403464484483,0,0,0.0,0.0
XRP,2025-12-24,1766436300,long,0.08782596535515519,0,0,0.0,0.0
XRP,2025-12-24,1766436300,short,0.06217403464484483,0,0,0.0,0.0
BTC,2025-12-24,1766438100,long,0.02044475091610698,1,0,-0.16000000000000003,-0.26543391076000344
BTC,2025-12-23,1766439000,long,0.029361476106726014,2,1,-0.28,-0.33455954234921964
ETH,2025-12-23,1766439000,short,0.021181480117507867,2,1,0.10600000000000001,0.04634409437238392
ETH,2025-12-23,1766439900,long,0.021024284579469477,2,1,-0.36,-0.2729302633221248
ETH,2025-12-23,1766439900,long,0.0200413703693183,2,1,0.64,0.5619528357246683
ETH,2025-12-24,1766440800,short,0.02173731315922911,1,0,-0.07000000000000006,-0.12700150486471964
ETH,2025-12-23,1766442600,short,0.02061475953120917,1,0,-0.13,-0.2204303610570038
ETH,2025-12-25,1766445300,short,0.022015018791104346,0,0,0.0,0.0
ETH,2025-12-23,1766448000,long,0.021690134979728937,2,1,-0.09699999999999998,0.01817903265758042
BTC,2025-12-25,1766448900,long,0.023053882087293642,2,1,-0.20000000000000007,-0.2156578716990056
BTC,2025-12-25,1766448900,short,0.04694611791270609,2,1,0.2699999999999999,0.2856578716990055
BTC,2025-12-23,1766448900,short,0.02579688351736764,2,1,0.16999999999999996,0.10239929034673108
ETH,2025-12-25,1766449800,long,0.025875152752161013,0,0,0.0,0.0
ETH,2025-12-25,1766449800,long,0.025373299672241334,1,0,-0.11,-0.01475869750540855
ETH,2025-12-25,1766449800,short,0.040366528606898155,0,0,0.0,0.0
ETH,2025-12-25,1766449800,long,0.029633471393101907,1,0,0.22999999999999998,0.36121927523029523
ETH,2025-12-25,1766451600,long,0.026525632045992342,1,0,0.07999999999999996,0.15667278922181826
SOL,2025-12-24,1766452500,long,0.04709665083182468,1,0,0.10999999999999999,0.24619032019294873
SOL,2025-12-24,1766452500,short,0.022903349168175213,1,0,-0.21000000000000002,0.014818471996812993
BTC,2025-12-25,1766452500,long,0.033270502016425674,1,0,-0.06000000000000005,-0.08525756809184734
BTC,2025-12-25,1766453400,short,0.020559378426821984,2,1,0.1399999999999999,0.1615433649929654
SOL,2025-12-25,1766454300,long,0.025510710346584142,0,0,0.0,0.0
BTC,2025-12-24,1766457900,short,0.025978786594583414,2,1,0.1409999999999999,0.201557774199264
BTC,2025-12-24,1766457900,long,0.02994702583054032,1,0,-0.21000000000000002,-0.08448642641342016
ETH,2025-12-23,1766458800,short,0.03186370510391201,2,1,0.39999999999999997,0.27505144584921104
SOL,2025-12-23,1766470500,long,0.058647952636780465,1,0,0.05999999999999994,0.06513035491696881
BTC,2025-12-24,1766471400,long,0.02193791119000954,1,0,0.36,0.37612929235319453
BTC,2025-12-23,1766471400,short,0.030512803839366498,1,0,-0.02100000000000002,0.013945344560361478
ETH,2025-12-23,1766471400,short,0.021409152896736727,1,0,-0.030000000000000027,-0.02732794870360671
ETH,2025-12-24,1766473200,long,0.022232833984464406,1,0,-0.27,-0.32767864030725846
SOL,2025-12-24,1766475000,long,0.04091038355277421,2,1,0.33999999999999997,0.36268897124895316
BTC,2025-12-23,1766498400,short,0.029197801407478297,2,1,-0.681,-0.47437761746549634
SOL,2025-12-25,1766500200,short,0.029116120491304853,1,0,-0.02200000000000002,-0.018693610926176926
XRP,2025-12-25,1766502000,short,0.023242518269761647,1,0,-0.030000000000000027,-0.032175028527926794
ETH,2025-12-23,1766502900,long,0.07142513601047207,1,0,-0.24,0.309497654955318
BTC,2025-12-24,1766502900,short,0.024856312220710053,2,1,0.26000000000000006,0.2976490223244755
BTC,2025-12-26,1766510100,short,0.03424946556728947,1,0,-0.22,-0.12123637560833729
BTC,2025-12-26,1766510100,short,0.028497600827499303,1,0,-0.21999999999999997,-0.32367926321376905
ETH,2025-12-26,1766510100,long,0.021398579985401067,1,0,0.16999999999999993,0.11023977755221707
ETH,2025-12-26,1766510100,long,0.022635888503411916,0,0,0.0,0.0
BTC,2025-12-25,1766510100,short,0.03343068925174819,2,1,-0.67,-0.6597932163928483
BTC,2025-12-25,1766510100,short,0.03551837219221676,2,1,0.33999999999999997,0.33150229110103024
ETH,2025-12-25,1766510100,short,0.03290152074136521,0,0,0.0,0.0
ETH,2025-12-26,1766510100,short,0.027122983067002338,0,0,0.0,0.0
SOL,2025-12-25,1766510100,short,0.02612660540488365,2,1,-0.3400000000000001,-0.3467582728826525
ETH,2025-12-26,1766511000,short,0.027287283484356384,0,0,0.0,0.0
BTC,2025-12-26,1766511000,long,0.02253285746705469,2,1,-0.04499999999999993,-0.07204145371208401
ETH,2025-12-25,1766511000,short,0.020488162192732973,2,1,0.24000000000000007,0.2495505217536179
BTC,2025-12-26,1766511900,long,0.020578387558825018,2,1,-0.14,-0.18315227930112224
ETH,2025-12-26,1766511900,long,0.02523996005927165,2,1,-0.19000000000000006,-0.2119336024407152
ETH,2025-12-26,1766511900,short,0.029498371650155453,1,0,0.17999999999999994,0.22787862930963113
ETH,2025-12-25,1766511900,short,0.020469100533778373,1,0,-0.02400000000000002,-0.01658258932202076
SOL,2025-12-25,1766511900,long,0.06831202542226178,1,0,-0.16000000000000003,-0.190153080131904
SOL,2025-12-25,1766511900,short,0.06077182578333473,2,1,-0.30000000000000004,-0.3069068456335425
SOL,2025-12-25,1766511900,long,0.029228174216665348,0,0,0.0,0.0
ETH,2025-12-26,1766511900,long,0.02219378728914201,1,0,0.06000000000000005,0.040091883620780644
ETH,2025-12-26,1766512800,long,0.0256732494151537,1,0,-0.19999999999999996,-0.19927085763111332
BTC,2025-12-25,1766513700,long,0.03384837412145347,2,1,-0.14,-0.10508945157369305
ETH,2025-12-26,1766514600,short,0.021544577495889006,1,0,-0.15000000000000002,-0.19880230711951674
ETH,2025-12-25,1766514600,short,0.021088744340585497,1,0,-0.08999999999999997,-0.07392056055003819
ETH,2025-12-24,1766514600,long,0.0327155974369886,2,1,0.56,0.5595253465090829
BTC,2025-12-26,1766515500,long,0.026101794057795225,1,0,0.21999999999999997,0.3475150257627001
BTC,2025-12-26,1766515500,short,0.02389820594220471,2,1,-0.7100000000000001,-0.6682838241710657
ETH,2025-12-24,1766518200,short,0.02332322778176721,2,1,0.18799999999999997,0.20535867542550268
XRP,2025-12-24,1766520900,short,0.02997892854321771,2,1,0.358,0.23871196323420185
BTC,2025-12-25,1766520900,long,0.02164439764885806,1,0,-0.13,-0.17409102865723103
XRP,2025-12-25,1766520900,long,0.030293601229476996,1,0,0.07999999999999996,0.06037462200760227
XRP,2025-12-25,1766520900,short,0.02970639877052289,1,0,-0.06999999999999999,-0.0503746220076023
XRP,2025-12-25,1766520900,long,0.030293601229476996,1,0,0.07999999999999996,0.06037462200760227
XRP,2025-12-25,1766520900,short,0.02970639877052289,1,0,-0.06999999999999999,-0.0503746220076023
SOL,2025-12-26,1766521800,long,0.03518907233108104,0,0,0.0,0.0
SOL,2025-12-26,1766521800,long,0.034836715111056904,1,0,-0.22999999999999998,-0.3661074576671547
SOL,2025-12-26,1766521800,short,0.0440936807666662,1,0,-0.22999999999999998,-0.3661074576671547
ETH,2025-12-25,1766522700,long,0.02154235033025187,1,0,-0.44,-0.33612629155545604
ETH,2025-12-25,1766522700,short,0.03845764966974807,0,0,0.0,0.0
BTC,2025-12-26,1766522700,short,0.023689331086496956,1,0,-0.09,-0.012308327912081723
XRP,2025-12-24,1766522700,short,0.020407240322601494,2,1,-0.47000000000000003,-0.32144322330726116
ETH,2025-12-25,1766522700,short,0.03328042806265541,1,0,-0.027999999999999997,-0.00586772234104329
ETH,2025-12-26,1766522700,long,0.025577570519877302,0,0,0.0,0.0
ETH,2025-12-26,1766522700,short,0.03442242948012264,0,0,0.0,0.0
BTC,2025-12-25,1766522700,short,0.024522628650730516,1,0,-0.04,-0.03426828657206614
XRP,2025-12-24,1766524500,long,0.025972028755715915,2,1,-0.31,-0.19872910561555224
XRP,2025-12-24,1766526300,short,0.029218020546386836,2,1,-0.4000000000000001,-0.3126926479636568
XRP,2025-12-24,1766526300,long,0.03078197945361305,1,0,0.38,0.24159660354253734
BTC,2025-12-26,1766529000,long,0.02032539260988897,2,1,-0.2300000000000001,-0.20470604974766896
BTC,2025-12-25,1766529900,long,0.027782518095788467,1,0,0.59,0.5029420425278789
BTC,2025-12-26,1766531700,long,0.02354998554200094,1,0,-0.15000000000000002,-0.11183133057212667
ETH,2025-12-26,1766532600,short,0.022141188087806962,0,0,0.0,0.0
ETH,2025-12-25,1766533500,long,0.02442793854178049,1,0,-0.040000000000000036,-0.06855600935032076
XRP,2025-12-25,1766535300,short,0.03426037170406565,1,0,-0.14,-0.1466057995793239
XRP,2025-12-25,1766535300,long,0.035739628295934356,1,0,0.17000000000000004,0.17660579957932393
XRP,2025-12-25,1766535300,short,0.029751585235126443,1,0,-0.04,-0.037005240583178785
XRP,2025-12-25,1766535300,long,0.02024841476487338,0,0,0.0,0.0
XRP,2025-12-25,1766535300,short,0.029751585235126443,1,0,-0.04,-0.037005240583178785
XRP,2025-12-25,1766535300,long,0.02024841476487338,0,0,0.0,0.0
XRP,2025-12-25,1766535300,short,0.03426037170406565,1,0,-0.14,-0.1466057995793239
XRP,2025-12-25,1766535300,long,0.035739628295934356,1,0,0.17000000000000004,0.17660579957932393
BTC,2025-12-24,1766537100,long,0.02114053016025297,2,1,-0.08499999999999996,-0.11049738091700723
BTC,2025-12-24,1766538900,long,0.025069467350550267,2,1,-0.37,-0.2568638886784926
BTC,2025-12-24,1766538900,short,0.021835209730745708,2,1,-0.49,-0.4073347779278833
ETH,2025-12-24,1766547900,short,0.021454278857969133,2,1,-0.38,-0.3818487836838436
BTC,2025-12-25,1766552400,long,0.02488721177860631,1,0,0.25,0.08882699053530244
BTC,2025-12-24,1766557800,long,0.043046113491700844,2,1,0.3599999999999999,0.35720066316597127
ETH,2025-12-25,1766563200,long,0.022473521491868098,1,0,0.07999999999999996,0.05186731896452104
ETH,2025-12-25,1766567700,long,0.025255626492809657,2,1,0.58,0.5616308399388158
ETH,2025-12-24,1766570400,long,0.0271474713385067,2,1,-0.281,-0.0965422101058836
BTC,2025-12-24,1766576700,short,0.021771468327430488,2,1,0.06299999999999994,0.05600164308160582
ETH,2025-12-24,1766582100,short,0.026450930133998574,2,1,0.16799999999999993,0.09247961884988272
ETH,2025-12-24,1766587500,long,0.046913599574870624,1,0,0.027000000000000024,0.027352070538125193
BTC,2025-12-26,1766596500,short,0.023383649478446178,2,1,-0.62,-0.6084565457970984
BTC,2025-12-27,1766596500,long,0.02022124373661316,0,0,0.0,0.0
BTC,2025-12-27,1766596500,short,0.029778756263386774,2,1,-0.66,-0.6629350527983676
ETH,2025-12-25,1766596500,short,0.08102176743997852,2,1,-0.42,-0.4158326964326061
BTC,2025-12-27,1766596500,long,0.02022124373661316,0,0,0.0,0.0
BTC,2025-12-27,1766596500,short,0.029778756263386774,2,1,-0.66,-0.6629350527983676
ETH,2025-12-26,1766597400,short,0.02521811099633897,1,0,-0.31,-0.19394910522212605
ETH,2025-12-27,1766597400,short,0.022425601291678365,2,1,0.24,0.2700438718496704
ETH,2025-12-27,1766597400,short,0.02099210118975281,1,0,-0.11,-0.07059377307673821
BTC,2025-12-25,1766597400,short,0.025928553352437822,2,1,0.51,0.4589806334112936
ETH,2025-12-26,1766598300,long,0.021675922347083487,2,1,-0.20000000000000007,-0.13859698930426806
ETH,2025-12-27,1766598300,long,0.02255149170774451,1,0,-0.31,-0.24932313162978947
ETH,2025-12-27,1766598300,short,0.024682492714296345,2,1,-0.6499999999999999,-0.6514998416301969
BTC,2025-12-27,1766598300,short,0.021923612013416416,1,0,-0.14,-0.1487335174856714
BTC,2025-12-25,1766600100,long,0.0337602194626101,2,1,-0.11099999999999999,-0.014089970393606807
BTC,2025-12-26,1766600100,long,0.033562156004633525,1,0,-0.21999999999999997,-0.2867448734949427
ETH,2025-12-26,1766603700,short,0.02010663768322829,1,0,-0.07000000000000006,-0.11655669895384577
ETH,2025-12-27,1766603700,long,0.023124233437381125,0,0,0.0,0.0
ETH,2025-12-27,1766605500,long,0.0277198679831403,0,0,0.0,0.0
BTC,2025-12-27,1766606400,long,0.021178425503919573,1,0,-0.21999999999999997,-0.22856383065555233
ETH,2025-12-26,1766606400,long,0.022675679395016024,1,0,0.05999999999999994,0.11232672804142045
BTC,2025-12-26,1766608200,short,0.022293212761383185,2,1,0.32999999999999996,0.27003954567822397
BTC,2025-12-25,1766610000,short,0.03177404096634284,2,1,-0.667,-0.5545945829635809
ETH,2025-12-26,1766610900,short,0.03423077286370568,1,0,-0.28,-0.15191834956655922
ETH,2025-12-26,1766610900,long,0.03576922713629416,1,0,0.29000000000000004,0.16191834956655923
BTC,2025-12-27,1766610900,long,0.0208514987852213,0,0,0.0,0.0
ETH,2025-12-27,1766610900,short,0.03764320645575381,1,0,-0.3,-0.22088429497640685
ETH,2025-12-27,1766610900,long,0.0923567935442462,0,0,0.0,0.0
BTC,2025-12-27,1766620800,short,0.029652963740371963,1,0,-0.06000000000000005,-0.07058038025685581
BTC,2025-12-26,1766620800,long,0.035153312191010144,1,0,0.10999999999999999,0.030750505413214085
ETH,2025-12-27,1766620800,short,0.025643132036652083,0,0,0.0,0.0
BTC,2025-12-27,1766621700,long,0.020579863799708553,1,0,0.16000000000000003,0.143333421865134
BTC,2025-12-25,1766624400,long,0.027198675230246216,2,1,0.697,0.56040132102451
BTC,2025-12-26,1766631600,long,0.02022464591242823,2,1,-0.09199999999999998,-0.012155607425941503
ETH,2025-12-26,1766632500,short,0.025195957304549932,2,1,0.25000000000000006,0.14517688878045354
BTC,2025-12-26,1766655000,long,0.021698962622754836,2,1,0.5799999999999998,0.5416975671096531
ETH,2025-12-25,1766676600,long,0.04034163416275405,2,1,0.04500000000000004,0.04509489429305837
BTC,2025-12-27,1766682900,short,0.031568048288723616,2,1,-0.63,-0.5864537269349864
BTC,2025-12-28,1766682900,short,0.03204437207742905,1,0,-0.51,-0.47225739480977946
ETH,2025-12-28,1766682900,short,0.023618067357100814,0,0,0.0,0.0
ETH,2025-12-27,1766683800,short,0.026582350261671217,1,0,-0.050000000000000044,-0.08766559955973877
ETH,2025-12-28,1766683800,long,0.022387866201736273,0,0,0.0,0.0
ETH,2025-12-28,1766683800,short,0.031945485492405945,0,0,0.0,0.0
BTC,2025-12-28,1766683800,short,0.022160653091576443,1,0,-0.18000000000000002,-0.15232977605114478
BTC,2025-12-28,1766683800,long,0.02638498622027674,1,0,-0.18000000000000002,-0.15232977605114478
ETH,2025-12-27,1766684700,short,0.033970654740314576,2,1,0.25300000000000006,0.19382894105900156
ETH,2025-12-27,1766684700,long,0.02511715643892165,2,1,0.6000000000000001,0.6026695143521547
ETH,2025-12-27,1766684700,short,0.024882843561078394,1,0,-0.28,-0.37949503714854316
ETH,2025-12-28,1766685600,short,0.022306983399060676,1,0,-0.022,-0.016427199280431945
BTC,2025-12-27,1766685600,short,0.03430733593342494,1,0,-0.15000000000000002,-0.0669528478421032
ETH,2025-12-28,1766685600,short,0.02631942295731693,1,0,-0.09999999999999999,-0.08430628015382877
ETH,2025-12-26,1766686500,long,0.024998213070906106,2,1,-0.22999999999999998,-0.03269113105708346
ETH,2025-12-28,1766688300,long,0.026341821021593326,0,0,0.0,0.0
BTC,2025-12-28,1766691000,short,0.02733803424293524,1,0,-0.19,-0.15319925270010193
BTC,2025-12-28,1766691000,long,0.022661965757064806,2,1,-0.31000000000000005,-0.29655401779310653
BTC,2025-12-26,1766691900,short,0.021438742672823863,2,1,-0.6100000000000001,-0.4152007189498481
ETH,2025-12-27,1766691900,long,0.021362417318417704,1,0,0.04800000000000004,0.09351994696990837
BTC,2025-12-27,1766692800,long,0.022416486110336864,2,1,-0.08099999999999996,-0.1285933989567286
BTC,2025-12-28,1766694600,long,0.021099625843358227,1,0,0.20999999999999996,0.20454026244658188
BTC,2025-12-28,1766694600,short,0.028900374156641595,2,1,-0.6400000000000001,-0.64197526184381
BTC,2025-12-28,1766695500,long,0.023549577524135,1,0,-0.18000000000000005,-0.1787630515938134
ETH,2025-12-26,1766697300,long,0.042684381341184574,1,0,0.19999999999999996,0.38816138580752385
ETH,2025-12-26,1766700900,long,0.021496600345054295,2,1,-0.21599999999999997,-0.34090313836553604
BTC,2025-12-27,1766701800,long,0.02080435546406889,2,1,0.64,0.6127419877714806
ETH,2025-12-27,1766702700,long,0.025836752050888423,2,1,0.6,0.6078784798966952
ETH,2025-12-26,1766703600,short,0.027213188831843316,2,1,0.35,0.3986088592047669
ETH,2025-12-28,1766703600,long,0.031341013795165074,1,0,0.22999999999999998,0.28817595974113713
ETH,2025-12-28,1766703600,long,0.024352110607382738,0,0,0.0,0.0
ETH,2025-12-27,1766705400,long,0.02503922992287011,2,1,-0.12899999999999998,-0.12844702869071017
BTC,2025-12-26,1766705400,short,0.022939014571804583,2,1,0.14200000000000002,0.212919028618189
BTC,2025-12-28,1766708100,short,0.03009144035506295,1,0,-0.07499999999999996,-0.02953699114433221
BTC,2025-12-26,1766708100,long,0.029391416673148152,2,1,-0.22699999999999998,-0.17119348147490632
ETH,2025-12-28,1766709900,short,0.026706205975083774,0,0,0.0,0.0
BTC,2025-12-26,1766713500,short,0.020050709977663894,2,1,0.308,0.21044927327281301
BTC,2025-12-27,1766713500,long,0.022957056066176706,2,1,-0.27,-0.28023750169308675
BTC,2025-12-28,1766715300,short,0.0480064294466932,1,0,0.26,0.21181819049468129
BTC,2025-12-28,1766716200,short,0.027395538064030167,2,1,0.093,0.03420069124541362
BTC,2025-12-26,1766716200,short,0.028991688583249742,2,1,0.24199999999999994,-0.12221545911488157
ETH,2025-12-27,1766716200,short,0.02371822427617354,1,0,-0.020999999999999998,0.013805832616536985
BTC,2025-12-28,1766717100,long,0.026841052340555116,2,1,-0.05800000000000005,-0.15492915943001082
BTC,2025-12-27,1766717100,long,0.021521652944042735,2,1,-0.23900000000000005,-0.07274682247535408
BTC,2025-12-26,1766721600,long,0.05072121627906023,2,1,-0.16799999999999998,0.18692738655471303
ETH,2025-12-26,1766727900,short,0.022998713844104013,2,1,0.26300000000000007,-0.03263366369160747
ETH,2025-12-26,1766730600,short,0.02020463492492247,2,1,-0.42,-0.23224206347582194
ETH,2025-12-28,1766738700,long,0.022274947254057098,1,0,-0.08399999999999999,-0.05683279276440367
BTC,2025-12-26,1766742300,long,0.02813416231286947,2,1,0.809,0.28979396559671367
BTC,2025-12-27,1766761200,short,0.02275732035803657,2,1,0.19299999999999995,0.1802360880525029
ETH,2025-12-26,1766762100,long,0.04195029356495428,2,1,0.04200000000000004,0.042043896261065854
BTC,2025-12-28,1766768400,long,0.028591580267227412,1,0,-0.04600000000000004,0.02997202133412609
BTC,2025-12-27,1766769300,short,0.0255474717385763,2,1,-0.43200000000000005,-0.43227592410479765
BTC,2025-12-28,1766769300,short,0.02975098913552332,2,1,-0.5700000000000001,-0.570917208472809
ETH,2025-12-29,1766769300,short,0.04341688262897292,2,1,0.19,0.2210849756998156
BTC,2025-12-29,1766769300,short,0.0238721009448728,1,0,-0.32000000000000006,-0.23010662351109093
ETH,2025-12-29,1766769300,long,0.029791645915171028,0,0,0.0,0.0
BTC,2025-12-29,1766769300,short,0.024888513172642734,2,1,0.25,0.28761026982383947
ETH,2025-12-29,1766769300,long,0.02954079844384916,1,0,-0.12,-0.07659757113713975
ETH,2025-12-29,1766769300,short,0.025811979599792756,0,0,0.0,0.0
ETH,2025-12-28,1766770200,short,0.022874183840936757,2,1,0.31399999999999995,0.2836425763131519
ETH,2025-12-28,1766770200,long,0.031125816159062847,0,0,0.0,0.0
ETH,2025-12-28,1766770200,short,0.04495937627042623,0,0,0.0,0.0
ETH,2025-12-29,1766770200,long,0.030450909885223698,0,0,0.0,0.0
BTC,2025-12-28,1766770200,short,0.047181913404734765,2,1,0.32,0.37354596687950503
ETH,2025-12-27,1766771100,short,0.025746962086412695,2,1,-0.41000000000000003,-0.42257747207396706
ETH,2025-12-29,1766771100,short,0.02610555181184515,1,0,-0.09999999999999998,-0.07666107928238325
BTC,2025-12-28,1766772900,long,0.02003465203950139,2,1,-0.041999999999999996,-0.07093465925885563
BTC,2025-12-29,1766776500,short,0.02549805343149436,1,0,-0.07100000000000006,-0.04704467176914567
ETH,2025-12-28,1766776500,short,0.029805080085028135,1,0,-0.03600000000000003,-0.000721307413783602
ETH,2025-12-28,1766776500,long,0.02319491991497169,1,0,-0.37,-0.27630521379414974
BTC,2025-12-27,1766778300,short,0.05843175731353856,2,1,0.30400000000000005,0.30922904148725916
ETH,2025-12-28,1766781900,short,0.027374496128886094,0,0,0.0,0.0
BTC,2025-12-28,1766782800,long,0.0360478501613104,2,1,-0.09499999999999997,-0.06773599684292836
ETH,2025-12-29,1766784600,long,0.022319154830664933,0,0,0.0,0.0
ETH,2025-12-28,1766794500,long,0.022138660690041556,0,0,0.0,0.0
ETH,2025-12-28,1766794500,short,0.037861339309958386,2,1,-0.42000000000000004,-0.39026547446892035
BTC,2025-12-29,1766797200,long,0.03371389097477784,0,0,0.0,0.0
BTC,2025-12-29,1766797200,short,0.026286109025221993,1,0,-0.09,-0.11234137040641809
BTC,2025-12-28,1766797200,long,0.025382378991151366,1,0,0.31000000000000005,0.43560238876429713
BTC,2025-12-29,1766797200,short,0.023183189026868334,1,0,-0.03,-0.03610024713322043
ETH,2025-12-29,1766798100,long,0.032346307088503945,1,0,-0.36,-0.31763657222245034
ETH,2025-12-28,1766798100,short,0.02917755833175628,2,1,-0.32100000000000006,-0.23986994467650907
BTC,2025-12-27,1766799900,long,0.03153443282361068,2,1,0.139,0.1624564744299919
SOL,2025-12-29,1766807100,long,0.052280506436614305,0,0,0.0,0.0
SOL,2025-12-28,1766807100,short,0.13460147837795636,1,0,-0.024,-0.05386381481570243
SOL,2025-12-29,1766807100,short,0.059574162362274086,1,0,-0.09,-0.09885999282562491
BTC,2025-12-29,1766808900,short,0.029350767040208448,2,1,-0.5700000000000001,-0.5781642320310788
BTC,2025-12-29,1766808900,long,0.04064923295979139,0,0,0.0,0.0
BTC,2025-12-28,1766809800,long,0.02346793892581145,2,1,-0.257,-0.3583363539214948
ETH,2025-12-29,1766809800,short,0.021871751428394315,1,0,-0.36,-0.3309448028378483
SOL,2025-12-29,1766812500,short,0.0430057743352156,0,0,0.0,0.0
SOL,2025-12-29,1766813400,long,0.03554827431469754,0,0,0.0,0.0
SOL,2025-12-29,1766813400,short,0.04445172568530237,1,0,-0.08,-0.09392244062211001
SOL,2025-12-28,1766843100,short,0.043067586011842046,2,1,-0.161,-0.10277923547180023
SOL,2025-12-28,1766843100,long,0.02393241398815804,0,0,0.0,0.0
ETH,2025-12-30,1766855700,short,0.049338819824997104,1,0,0.25,0.41603056035293495
ETH,2025-12-30,1766855700,long,0.02788332174252428,1,0,0.25,0.41603056035293495
ETH,2025-12-30,1766855700,long,0.021702809472612605,0,0,0.0,0.0
BTC,2025-12-30,1766855700,short,0.024824470931732012,1,0,-0.56,-0.35516786494068076
ETH,2025-12-29,1766855700,short,0.022196796539477148,2,1,0.13199999999999992,0.16143243570345128
BTC,2025-12-28,1766855700,short,0.040939720594893425,2,1,-0.34,-0.3936571993113125
BTC,2025-12-30,1766855700,long,0.020747065362307415,2,1,-0.30000000000000004,-0.26544692437910056
ETH,2025-12-29,1766856600,long,0.04917327013282091,1,0,0.19999999999999996,0.2346004661616084
ETH,2025-12-28,1766856600,short,0.03951085602767096,2,1,-0.32,-0.2581809850196675
ETH,2025-12-30,1766860200,short,0.024917108515114972,0,0,0.0,0.0
ETH,2025-12-29,1766861100,short,0.022252317003948807,1,0,-0.35,-0.29686739437006154
ETH,2025-12-29,1766861100,long,0.02368170987626428,2,1,-0.29000000000000004,-0.25580356697348466
BTC,2025-12-28,1766862000,short,0.02360271611325293,2,1,0.279,0.36905362953198534
ETH,2025-12-29,1766864700,short,0.02157572572514388,1,0,-0.050000000000000044,-0.03635652158206794
BTC,2025-12-30,1766866500,long,0.022898151518843113,1,0,0.56,0.3638421105067199
BTC,2025-12-30,1766867400,short,0.020874434452142432,2,1,0.18999999999999995,0.10404012348820438
BTC,2025-12-30,1766868300,short,0.02483307938678503,2,1,0.33000000000000007,0.2919122193325507
BTC,2025-12-29,1766871900,short,0.03882863374256018,2,1,0.33999999999999997,0.34231143027285005
BTC,2025-12-29,1766871900,long,0.02043680581479035,2,1,-0.07399999999999998,-0.07560344397239387
ETH,2025-12-30,1766872800,long,0.02024848135945967,0,0,0.0,0.0
BTC,2025-12-30,1766873700,short,0.046849880873765626,1,0,-0.056,-0.10224855850000378
ETH,2025-12-30,1766874600,long,0.02294102614797966,0,0,0.0,0.0
ETH,2025-12-30,1766874600,short,0.02688304534232655,0,0,0.0,0.0
BTC,2025-12-30,1766876400,long,0.02471437664811016,0,0,0.0,0.0
BTC,2025-12-30,1766889900,long,0.02150032260593293,2,1,-0.14,-0.0709496392610771
BTC,2025-12-28,1766896200,long,0.021464241960520436,2,1,-0.378,-0.3818916091047757
BTC,2025-12-29,1766897100,long,0.023923301394032537,2,1,0.61,0.6018734020463925
BTC,2025-12-29,1766934900,short,0.02302769269681304,2,1,-0.6,-0.56472024966339
BTC,2025-12-31,1766942100,long,0.024892684758315076,1,0,-0.49,-0.4509804559952333
BTC,2025-12-31,1766944800,short,0.021474436652601847,1,0,-0.09,-0.08295022269200414
BTC,2025-12-29,1766945700,long,0.036370313436754786,2,1,-0.31999999999999995,-0.3169117980898148
BTC,2025-12-31,1766946600,long,0.021723299522704798,1,0,0.26,0.27101721094943576
BTC,2025-12-30,1766948400,long,0.020938213512881054,2,1,-0.32000000000000006,-0.27479260628082225
BTC,2025-12-30,1766949300,long,0.025274289292285257,2,1,0.7300000000000001,0.6509198025521884
BTC,2025-12-30,1766949300,short,0.024725710707714565,2,1,-0.68,-0.6009198025521884
BTC,2025-12-31,1766949300,short,0.020935301639120052,2,1,-0.7,-0.6989629236387307
BTC,2025-12-31,1766950200,long,0.027467304789994262,2,1,-0.22000000000000003,-0.2247310330438683
BTC,2025-12-31,1766950200,short,0.022532695210005782,1,0,-0.19,-0.20053841715897097
BTC,2025-12-30,1766952900,long,0.020402819658251303,2,1,0.74,0.6417902656654841
BTC,2025-12-30,1766955600,short,0.022203342562226003,1,0,-0.21999999999999997,-0.03671726535827635
BTC,2025-12-31,1766962800,long,0.023514975470350752,1,0,-0.06000000000000005,-0.07563018978754867
ETH,2025-12-30,1766968200,short,0.024547045492177455,2,1,0.08299999999999999,0.11220137076850062
ETH,2025-12-30,1766968200,long,0.0383228319376816,2,1,-0.18000000000000005,-0.12698087858343854
ETH,2025-12-30,1766968200,short,0.04993925513848951,2,1,0.28,0.32939582700202524
ETH,2025-12-29,1766968200,short,0.034275981411467815,2,1,0.26500000000000007,0.18009790502870454
ETH,2025-12-31,1766968200,short,0.05454268061401413,1,0,0.3999999999999999,0.44499407422974324
ETH,2025-12-30,1766968200,short,0.031013235207090983,2,1,-0.5700000000000001,-0.575646068650097
ETH,2025-12-30,1766968200,long,0.048986764792908755,1,0,0.38,0.472964546480733
ETH,2025-12-31,1766968200,long,0.023591341226748108,1,0,0.3999999999999999,0.44499407422974324
ETH,2025-12-31,1766968200,long,0.028094701938444544,0,0,0.0,0.0
ETH,2025-12-30,1766968200,short,0.031013235207090983,2,1,-0.5700000000000001,-0.575646068650097
ETH,2025-12-30,1766968200,long,0.048986764792908755,1,0,0.38,0.472964546480733
ETH,2025-12-29,1766968200,long,0.0565893835276976,2,1,0.4800000000000001,0.46315350527462923
ETH,2025-12-31,1766968200,long,0.028457199915447484,0,0,0.0,0.0
SOL,2025-12-29,1766969100,long,0.06207359871600304,2,1,0.24,-0.004518493256747108
ETH,2025-12-31,1766969100,short,0.0278031360376485,0,0,0.0,0.0
ETH,2025-12-31,1766969100,long,0.02219686396235132,1,0,0.08999999999999997,0.0816074826124628
ETH,2025-12-31,1766969100,short,0.030265331242844362,0,0,0.0,0.0
ETH,2025-12-31,1766969100,short,0.0278031360376485,0,0,0.0,0.0
ETH,2025-12-31,1766969100,long,0.02219686396235132,1,0,0.08999999999999997,0.0816074826124628
ETH,2025-12-31,1766969100,short,0.02319570660416892,1,0,0.17999999999999994,0.19106787807619036
BTC,2025-12-31,1766969100,long,0.024895120021023454,2,1,-0.03199999999999996,-0.011621449701950708
BTC,2025-12-31,1766969100,long,0.04753881425263451,1,0,0.08999999999999997,0.057770658461828134
SOL,2025-12-31,1766970000,short,0.08693527142949864,1,0,0.33999999999999997,0.2301089524028601
BTC,2025-12-31,1766970000,short,0.02104854004274148,1,0,-0.040000000000000036,-0.07127733064502854
ETH,2025-12-31,1766970900,long,0.026094680655825986,1,0,0.15000000000000002,0.17032656803831756
ETH,2025-12-31,1766970900,short,0.02390531934417417,1,0,0.37,0.4027055910796298
SOL,2025-12-31,1766970900,long,0.050778257616337585,1,0,0.30000000000000004,0.21563650783755695
ETH,2025-12-30,1766970900,long,0.02613694148650514,1,0,0.10999999999999999,0.14772134503268897
SOL,2025-12-30,1766970900,long,0.0720435935878081,1,0,0.26,0.22426918886325717
ETH,2025-12-31,1766970900,short,0.046074839137641044,0,0,0.0,0.0
ETH,2025-12-30,1766970900,short,0.030166235180148493,1,0,-0.050000000000000044,-0.02220799903764748
ETH,2025-12-30,1766970900,long,0.023574007544630238,2,1,-0.06899999999999998,-0.09693889595554245
SOL,2025-12-30,1766972700,short,0.12873242527717055,1,0,-0.028999999999999998,0.018387545658915032
ETH,2025-12-31,1766972700,long,0.021359866585256793,1,0,0.44999999999999996,0.4401343152310505
BTC,2025-12-31,1766973600,short,0.021424576770255777,1,0,0.12,0.06709838531040607
BTC,2025-12-30,1766973600,short,0.030652113771192147,2,1,0.19,0.22553974145844574
BTC,2025-12-29,1766974500,short,0.030162246720381813,2,1,0.2710000000000001,-0.07414502733848294
BTC,2025-12-29,1766978100,long,0.020608021658864883,2,1,-0.291,0.11758559651399586
ETH,2025-12-29,1766979900,long,0.051041459670905676,2,1,-0.507,-0.36829102931364377
ETH,2025-12-29,1766979900,short,0.04924171236021957,2,1,0.19799999999999998,-0.14241595083905975
BTC,2025-12-30,1766980800,long,0.05492433096088534,2,1,-0.28300000000000003,-0.21681780158188507
BTC,2025-12-31,1766981700,short,0.03358491608922276,1,0,-0.037,0.015319823169325265
BTC,2025-12-30,1766983500,short,0.02106990527873065,1,0,-0.064,0.005713455143867674
BTC,2025-12-29,1766983500,short,0.0255024596417468,2,1,0.11100000000000002,-0.1887660417693092
ETH,2025-12-31,1766984400,long,0.029044292808622085,1,0,-0.121,-0.021273809779719266
ETH,2025-12-31,1766990700,short,0.027160640961848448,1,0,-0.039,0.0005102552692237278
SOL,2025-12-30,1767000600,long,0.02864182550281469,1,0,0.07999999999999996,0.12160246784162701
SOL,2025-12-30,1767000600,short,0.04135817449718515,1,0,-0.28,-0.15722212855656859
BTC,2025-12-29,1767000600,short,0.030590865965771263,2,1,0.69,0.9429091822271374
ETH,2025-12-31,1767001500,short,0.031260294232266506,0,0,0.0,0.0
BTC,2025-12-29,1767008700,long,0.031576182446905854,2,1,0.40900000000000003,0.4148309268203802
ETH,2025-12-30,1767010500,short,0.02022631244558981,1,0,-0.02300000000000002,0.0115701226986216
ETH,2025-12-29,1767010500,short,0.04966557131855076,2,1,0.348,0.19674403263903203
SOL,2025-12-31,1767010500,short,0.0381662219895722,0,0,0.0,0.0
SOL,2025-12-31,1767010500,long,0.040833778010427535,1,0,-0.12,-0.16245752420212412
BTC,2025-12-30,1767010500,short,0.021038805836069985,1,0,-0.07100000000000006,0.06807440429597614
ETH,2025-12-29,1767011400,long,0.03237750690789065,2,1,-0.20199999999999996,-0.12927416422913254
BTC,2025-12-31,1767011400,long,0.02984234079011938,2,1,-0.16500000000000004,-0.1451436880310773
BTC,2025-12-30,1767021300,long,0.021702639661222545,2,1,-0.12,-0.026587386602988344
ETH,2026-01-01,1767028500,short,0.043503148174327766,0,0,0.0,0.0
ETH,2026-01-01,1767028500,long,0.036496851825672305,0,0,0.0,0.0
ETH,2026-01-01,1767028500,short,0.03813986351128951,1,0,-0.11,-0.17714275927955142
ETH,2026-01-01,1767028500,short,0.041694327514069984,1,0,-0.14,-0.057847902983410845
ETH,2026-01-01,1767028500,long,0.021474935880313906,1,0,-0.14,-0.057847902983410845
BTC,2025-12-31,1767028500,long,0.02090050975308544,1,0,0.16999999999999993,0.17066291739082617
BTC,2026-01-01,1767028500,short,0.026656754497387802,0,0,0.0,0.0
BTC,2026-01-01,1767028500,long,0.06334324550261239,1,0,0.24,0.2754716592615238
BTC,2026-01-01,1767028500,short,0.0683331322727685,0,0,0.0,0.0
BTC,2026-01-01,1767028500,short,0.02350491805968402,1,0,-0.02100000000000002,-0.008392989379046529
ETH,2026-01-01,1767028500,short,0.043503148174327766,0,0,0.0,0.0
ETH,2026-01-01,1767028500,long,0.036496851825672305,0,0,0.0,0.0
BTC,2026-01-01,1767028500,short,0.024588912194061785,2,1,0.15999999999999998,0.1767877542666072
BTC,2026-01-01,1767028500,short,0.026656754497387802,0,0,0.0,0.0
BTC,2026-01-01,1767028500,long,0.06334324550261239,1,0,0.24,0.2754716592615238
BTC,2026-01-01,1767028500,long,0.030473805745195204,0,0,0.0,0.0
ETH,2026-01-01,1767029400,short,0.03156291715192128,1,0,-0.11,-0.1798526912275018
ETH,2026-01-01,1767029400,long,0.038437082848078896,0,0,0.0,0.0
BTC,2026-01-01,1767030300,long,0.024268689659216358,1,0,0.07999999999999996,0.09927872530443889
ETH,2026-01-01,1767031200,short,0.024943588876731315,0,0,0.0,0.0
BTC,2026-01-01,1767031200,short,0.06432022661001768,0,0,0.0,0.0
BTC,2026-01-01,1767031200,long,0.025679773389982508,1,0,0.26,0.2452254406322309
ETH,2026-01-01,1767033900,long,0.020562804768247567,1,0,-0.09,-0.1593215834641678
BTC,2025-12-31,1767035700,short,0.026171850402952224,2,1,-0.6399999999999999,-0.6416502475325945
ETH,2026-01-01,1767035700,short,0.03118762724020252,0,0,0.0,0.0
ETH,2026-01-01,1767035700,long,0.028812372759797533,0,0,0.0,0.0
BTC,2025-12-31,1767036600,short,0.023035825899441087,1,0,-0.13,-0.14093759889453863
ETH,2026-01-01,1767038400,short,0.05623691069593356,0,0,0.0,0.0
BTC,2026-01-01,1767039300,short,0.02758080724171419,1,0,0.29000000000000004,0.23647316961299455
BTC,2025-12-30,1767046500,short,0.04411027358459685,2,1,-0.73,-0.42457054965470054
BTC,2025-12-30,1767046500,long,0.025420310462816342,2,1,-0.5109999999999999,-0.4609930294826035
BTC,2025-12-30,1767049200,long,0.021876540990170446,2,1,0.72,0.4109099379581987
BTC,2025-12-30,1767053700,short,0.023271129765577603,2,1,0.5299999999999999,0.4342350938282311
BTC,2026-01-01,1767053700,long,0.02252457877963332,1,0,-0.05,-0.07509679328599828
ETH,2026-01-01,1767053700,short,0.06244781774908148,1,0,0.42000000000000004,0.2913120529986352
BTC,2026-01-01,1767056400,long,0.022382013287478353,2,1,-0.06699999999999995,-0.03405284124251566
ETH,2025-12-30,1767059100,long,0.02449489009976369,2,1,-0.244,0.00035378349275388965
ETH,2025-12-30,1767059100,short,0.04139943529506385,2,1,-0.38,-0.2810066751671865
ETH,2025-12-31,1767060900,short,0.02100741465705258,1,0,-0.23,-0.3599758996743063
SOL,2025-12-31,1767064500,short,0.08098595128773672,1,0,-0.24,-0.11885870750293752
ETH,2026-01-01,1767064500,short,0.05172653811888589,0,0,0.0,0.0
ETH,2026-01-01,1767064500,long,0.038273461881114246,0,0,0.0,0.0
ETH,2026-01-01,1767064500,short,0.05172653811888589,0,0,0.0,0.0
ETH,2026-01-01,1767064500,long,0.038273461881114246,0,0,0.0,0.0
ETH,2025-12-31,1767065400,long,0.02136809076467938,1,0,0.05899999999999994,0.009083237742014617
ETH,2026-01-01,1767066300,short,0.020335414903666305,1,0,-0.020999999999999998,-0.03996691493065008
ETH,2026-01-01,1767068100,short,0.06579063711487027,0,0,0.0,0.0
ETH,2026-01-01,1767068100,long,0.054209362885129675,0,0,0.0,0.0
ETH,2025-12-31,1767068100,long,0.023376932518753613,2,1,0.5900000000000001,0.589023480444445
ETH,2025-12-31,1767068100,short,0.026623067481246432,2,1,-0.54,-0.5390234804444449
BTC,2025-12-31,1767068100,long,0.022157874751773,2,1,0.62,0.6286194682696861
SOL,2025-12-31,1767069000,short,0.0905423010775433,0,0,0.0,0.0
SOL,2025-12-31,1767069000,long,0.029457698922456643,0,0,0.0,0.0
ETH,2025-12-31,1767073500,short,0.022925886804063156,1,0,-0.05400000000000005,-0.0018527155471487478
SOL,2025-12-30,1767078900,long,0.02073713136613131,1,0,0.020000000000000018,0.04082205121388478
ETH,2025-12-30,1767081600,long,0.02870856378281217,1,0,0.013000000000000012,0.014830799832501474
ETH,2025-12-31,1767082500,short,0.03977635943586655,1,0,-0.131,-0.0998733172098473
ETH,2025-12-30,1767082500,long,0.09931241002317703,2,1,0.54,0.5143841425325437
ETH,2025-12-31,1767082500,short,0.029847392086540414,1,0,-0.025,-0.017880821032845273
ETH,2025-12-30,1767082500,short,0.045693839935615155,2,1,0.439,0.4094271219286865
ETH,2026-01-01,1767096900,short,0.07346630334152071,2,1,0.46599999999999997,0.45957886530533554
ETH,2025-12-31,1767105000,long,0.03893983286260361,1,0,0.061999999999999944,0.0672148160257235
BTC,2026-01-01,1767114000,short,0.026373885131801167,1,0,-0.027000000000000003,-0.006679542436659559
BTC,2026-01-02,1767114900,short,0.030437077528043255,1,0,-0.12,-0.2463350838731836
ETH,2026-01-01,1767114900,short,0.051774008135743066,1,0,-0.12,-0.12321651913639299
BTC,2026-01-02,1767114900,long,0.03352939947655509,1,0,0.17000000000000004,0.02396020827092049
BTC,2026-01-02,1767114900,short,0.026470600523444965,2,1,0.25,0.1791706112849033
BTC,2026-01-02,1767114900,short,0.041296557654639576,1,0,0.6799999999999999,0.47417147288752887
BTC,2026-01-02,1767114900,long,0.03352939947655509,1,0,0.17000000000000004,0.02396020827092049
BTC,2026-01-02,1767114900,short,0.026470600523444965,2,1,0.25,0.1791706112849033
ETH,2026-01-02,1767114900,short,0.03304681124833658,2,1,0.51,0.2572882829379804
BTC,2026-01-02,1767115800,long,0.04804983130108775,1,0,0.42999999999999994,0.1915195295286635
XRP,2025-12-31,1767115800,long,0.07797166302530867,1,0,0.040000000000000036,0.11707723015968971
BTC,2026-01-02,1767115800,short,0.026641229123943955,1,0,0.18999999999999995,0.02526284539769577
BTC,2026-01-01,1767115800,short,0.02415458068423182,1,0,-0.27,-0.1820695205380481
ETH,2026-01-01,1767116700,long,0.02539862902987866,1,0,0.20999999999999996,0.20961274590040072
BTC,2026-01-02,1767116700,long,0.035657363021932564,1,0,0.73,0.5034968396334099
BTC,2026-01-02,1767116700,short,0.02434263697806749,1,0,-0.09999999999999999,-0.23230171814469763
BTC,2026-01-02,1767116700,long,0.02535770995953568,1,0,-0.09999999999999999,-0.23230171814469763
BTC,2026-01-01,1767116700,short,0.032192950278609245,2,1,-0.7000000000000001,-0.6650939394507664
ETH,2026-01-02,1767117600,long,0.022732607690435724,1,0,0.07999999999999996,-0.11556214481351523
ETH,2026-01-02,1767117600,short,0.037267392309563996,2,1,0.5299999999999999,0.2668021237062893
BTC,2026-01-01,1767119400,long,0.021177981736168805,1,0,0.14,0.17962302802797567
BTC,2026-01-02,1767120300,short,0.020310016995734093,0,0,0.0,0.0
ETH,2026-01-01,1767120300,long,0.024351693332545166,1,0,-0.09,-0.10339163602079891
BTC,2026-01-02,1767120300,long,0.02390573134682672,2,1,-0.1050000000000001,-0.0060336151899069435
ETH,2026-01-01,1767121200,short,0.04208070477465953,0,0,0.0,0.0
XRP,2025-12-31,1767122100,short,0.029177075527075047,2,1,-0.31400000000000006,-0.18743660419660887
ETH,2026-01-01,1767122100,short,0.024301676841480102,1,0,-0.26,-0.17465121352485027
ETH,2026-01-01,1767122100,long,0.05569832315851975,0,0,0.0,0.0
ETH,2026-01-02,1767122100,long,0.02189916654489199,0,0,0.0,0.0
ETH,2026-01-01,1767123000,long,0.025301087042565618,1,0,-0.19999999999999996,-0.16431038435411632
SOL,2026-01-02,1767124800,short,0.03429659279058017,0,0,0.0,0.0
SOL,2026-01-02,1767124800,long,0.07672096568961084,0,0,0.0,0.0
SOL,2026-01-02,1767124800,short,0.03931251454758655,0,0,0.0,0.0
SOL,2026-01-02,1767125700,long,0.027880107788470276,0,0,0.0,0.0
SOL,2026-01-02,1767125700,short,0.020119892211529655,0,0,0.0,0.0
BTC,2025-12-31,1767127500,long,0.02257972795556884,2,1,-0.41000000000000003,-0.34618643619375455
SOL,2026-01-02,1767129300,short,0.030908703780431313,0,0,0.0,0.0
SOL,2026-01-02,1767129300,long,0.03909129621956864,0,0,0.0,0.0
SOL,2026-01-02,1767129300,short,0.0236469216060623,0,0,0.0,0.0
SOL,2026-01-02,1767129300,long,0.030353078393937638,0,0,0.0,0.0
BTC,2025-12-31,1767136500,short,0.022542493590036683,2,1,0.51,0.4199159558607106
BTC,2025-12-31,1767145500,short,0.02804628159010636,2,1,0.16899999999999996,-0.017129307854969383
ETH,2025-12-31,1767147300,short,0.021662778124661886,2,1,-0.42000000000000004,-0.38786677649091694
ETH,2025-12-31,1767155400,long,0.02496558636188051,2,1,0.35,0.36011219267176303
BTC,2025-12-31,1767157200,long,0.022184614479582088,2,1,0.662,0.4751500545747287
ETH,2026-01-02,1767158100,long,0.025631378865288212,0,0,0.0,0.0
ETH,2026-01-02,1767159000,short,0.020161666471493422,0,0,0.0,0.0
BTC,2026-01-01,1767168000,long,0.02146198811715272,2,1,-0.17999999999999997,-0.13090353052832215
BTC,2026-01-01,1767170700,long,0.020461854943238933,2,1,-0.07699999999999996,-0.10573464699895921
ETH,2025-12-31,1767179700,short,0.026008239589054516,2,1,0.334,0.19812745817077967
ETH,2026-01-01,1767190500,short,0.029261267161129645,1,0,-0.024,-7.88670082864408e-05
ETH,2025-12-31,1767191400,long,0.023262500880053327,2,1,-0.625,-0.07509922297238647
ETH,2026-01-01,1767201300,short,0.0516384637776236,2,1,0.32,0.36062081758119413
BTC,2026-01-02,1767201300,short,0.04115992829131343,2,1,0.31999999999999995,0.5108721092862347
ETH,2026-01-03,1767201300,long,0.023741952117725118,1,0,-0.24,0.14485696001884762
ETH,2026-01-03,1767201300,short,0.03125804788227482,1,0,-0.04400000000000004,0.12066175658044229
BTC,2026-01-02,1767201300,long,0.036430858216180084,2,1,-0.30000000000000004,-0.21419046128557806
SOL,2026-01-03,1767201300,long,0.0857182579462199,1,0,-0.17000000000000004,0.15805824756891063
BTC,2026-01-03,1767201300,short,0.027867351945428553,1,0,-0.81,-0.5665560424138466
ETH,2026-01-03,1767201300,long,0.023741952117725118,1,0,-0.24,0.14485696001884762
ETH,2026-01-03,1767201300,short,0.03125804788227482,1,0,-0.04400000000000004,0.12066175658044229
ETH,2026-01-03,1767201300,short,0.05994641602680628,0,0,0.0,0.0
BTC,2026-01-03,1767201300,long,0.0485786658772851,2,1,-0.24,-0.19365442905760355
BTC,2026-01-02,1767201300,long,0.025559287076811765,1,0,-0.06500000000000006,0.11410449252200272
ETH,2026-01-03,1767201300,short,0.03570914809291048,1,0,-0.24,0.14485696001884762
ETH,2026-01-03,1767201300,long,0.05429085190708949,0,0,0.0,0.0
BTC,2026-01-03,1767201300,short,0.04360858000036194,2,1,0.22099999999999997,0.08852647757558818
BTC,2026-01-03,1767201300,short,0.04787227296010499,2,1,0.29999999999999993,0.40748415493364804
ETH,2026-01-03,1767201300,short,0.03570914809291048,1,0,-0.24,0.14485696001884762
ETH,2026-01-03,1767201300,long,0.05429085190708949,0,0,0.0,0.0
BTC,2026-01-02,1767202200,long,0.023529253668879813,2,1,-0.26,-0.4395109107159525
BTC,2026-01-02,1767202200,short,0.03647074633112013,2,1,0.31999999999999995,0.49951091071595244
BTC,2026-01-03,1767202200,long,0.03761720964972559,2,1,-0.25,-0.1976943920990623
BTC,2026-01-03,1767202200,short,0.03238279035027447,2,1,0.32000000000000006,0.2676943920990624
BTC,2026-01-02,1767202200,short,0.022432570445011346,2,1,-0.8710000000000001,-0.6976323317220394
ETH,2026-01-02,1767202200,long,0.042566206158555,1,0,0.92,0.6288469465374046
BTC,2026-01-03,1767202200,short,0.04168922552694487,2,1,0.29999999999999993,0.401592564414659
BTC,2026-01-03,1767202200,long,0.028310774473055078,2,1,-0.22999999999999998,-0.33159256441465906
ETH,2026-01-01,1767203100,long,0.030098320283428626,1,0,0.37,0.4033218437259839
BTC,2026-01-02,1767204900,short,0.04182382636521598,2,1,0.36,0.24026229485681055
BTC,2026-01-02,1767204900,long,0.03817617363478387,1,0,0.20999999999999996,-0.09447653719793181
BTC,2026-01-01,1767204900,short,0.045162826836090963,2,1,0.42000000000000004,0.43080170480966135
BTC,2026-01-01,1767205800,long,0.025965343320709655,2,1,0.6,0.6062708972792644
ETH,2026-01-02,1767205800,short,0.031352042857767715,1,0,0.89,0.591814686866313
ETH,2026-01-02,1767205800,long,0.03864795714223224,1,0,0.59,-0.022163331563270217
ETH,2026-01-02,1767205800,short,0.03182801843114458,1,0,-0.027000000000000003,-0.12135172404144762
ETH,2026-01-03,1767205800,short,0.04480123205202158,0,0,0.0,0.0
ETH,2026-01-03,1767205800,long,0.025198767947978373,0,0,0.0,0.0
ETH,2026-01-02,1767206700,long,0.03165216342219512,1,0,0.59,-0.030677493900942543
ETH,2026-01-02,1767206700,short,0.058347836577804735,1,0,0.92,0.6256532293751114
BTC,2026-01-03,1767208500,long,0.02733457156491026,0,0,0.0,0.0
XRP,2026-01-01,1767212100,long,0.048541870631576334,1,0,0.050000000000000044,0.1265159113809295
BTC,2026-01-02,1767213000,long,0.03701237262606005,1,0,-0.19999999999999996,0.2067324521751875
ETH,2026-01-02,1767214800,long,0.053467811441465285,0,0,0.0,0.0
XRP,2026-01-01,1767214800,short,0.03271125361212729,2,1,-0.26999999999999996,-0.12613348553429116
BTC,2026-01-01,1767214800,long,0.028918489361180244,2,1,-0.31999999999999995,-0.3770178614800771
SOL,2026-01-02,1767215700,long,0.03629784157191218,1,0,-0.9,-0.6358293499224292
BTC,2026-01-01,1767215700,short,0.035496700284145866,2,1,-0.49,-0.521133962615688
BTC,2026-01-03,1767215700,long,0.020909773088328976,1,0,0.019000000000000017,0.05260187595837556
BTC,2026-01-03,1767219300,long,0.03094374702290592,0,0,0.0,0.0
ETH,2026-01-03,1767220200,long,0.021067752242686755,0,0,0.0,0.0
ETH,2026-01-02,1767221100,long,0.023908215808112754,1,0,-0.18000000000000005,0.2969189644441252
ETH,2026-01-02,1767221100,long,0.03349846821945812,2,1,-0.40000000000000013,-0.21548571810726966
ETH,2026-01-02,1767221100,short,0.02650153178054171,1,0,-0.18000000000000005,0.2969189644441252
ETH,2026-01-01,1767226500,short,0.031262220549552355,1,0,-0.06000000000000005,-0.04550560346032406
SOL,2026-01-02,1767234600,short,0.05597255445465765,2,1,0.78,0.796877404341916
ETH,2026-01-03,1767235500,short,0.020602424710457368,1,0,-0.035,-0.13880088392061485
BTC,2026-01-03,1767242700,long,0.020803416563331956,1,0,-0.21999999999999997,0.10281924634595291
BTC,2026-01-03,1767242700,short,0.037196583436668096,1,0,-0.051000000000000045,0.11309984240630946
ETH,2026-01-03,1767287700,short,0.039949156756663884,1,0,-0.56,0.006040456211561573
ETH,2026-01-03,1767287700,long,0.0235516358823622,1,0,-0.13,0.21135702673607532
BTC,2026-01-04,1767287700,short,0.028033162336394635,1,0,-0.15000000000000002,0.21555906917300305
BTC,2026-01-02,1767288600,long,0.05934661299125832,2,1,-0.30999999999999994,0.1769128189080587
BTC,2026-01-02,1767288600,short,0.047098109545089306,2,1,-0.884,-0.6413313151863487
BTC,2026-01-04,1767288600,short,0.033944606839698355,1,0,0.77,0.3819754584626019
BTC,2026-01-04,1767288600,short,0.02900775507733455,2,1,-0.8200000000000001,-0.5903341243672084
BTC,2026-01-03,1767288600,long,0.07179060961539929,1,0,0.08999999999999997,-0.10646591728725455
BTC,2026-01-04,1767288600,short,0.022753989741704173,2,1,0.31999999999999995,0.12318743990834438
BTC,2026-01-04,1767288600,long,0.03724601025829588,1,0,0.13,-0.18957688250988503
ETH,2026-01-04,1767288600,long,0.03214371233837876,1,0,-0.14,0.23556927499540226
ETH,2026-01-04,1767288600,long,0.04008151175444308,1,0,0.14,-0.23556927499540226
ETH,2026-01-03,1767288600,long,0.05142641814505966,1,0,0.08999999999999997,-0.21101766409591816
BTC,2026-01-03,1767288600,short,0.029092930898566127,2,1,-0.8390000000000001,-0.6669417806974445
BTC,2026-01-03,1767288600,short,0.07783916586250483,1,0,0.82,0.5671752704698141
ETH,2026-01-04,1767288600,short,0.058866218287613625,0,0,0.0,0.0
ETH,2026-01-04,1767289500,short,0.026264940568408557,1,0,-0.14,0.24015519746418024
ETH,2026-01-03,1767289500,short,0.02522171776714388,0,0,0.0,0.0
BTC,2026-01-02,1767289500,long,0.03166797147390388,2,1,-0.49,-0.8089398752172516
BTC,2026-01-03,1767289500,long,0.022850956073862783,2,1,-0.3800000000000001,-0.4897829722625305
BTC,2026-01-04,1767289500,long,0.030517575574214417,2,1,-0.32000000000000006,-0.43030848349235645
BTC,2026-01-03,1767291300,short,0.026105559326441763,1,0,-0.08999999999999997,0.12441191138887978
ETH,2026-01-04,1767293100,short,0.023601504665161532,2,1,-0.881,-0.6649017551649974
ETH,2026-01-03,1767295800,short,0.033278643953539966,1,0,-0.54,0.06224771100433968
ETH,2026-01-03,1767295800,long,0.026721356046460087,1,0,-0.91,-0.6763085310431945
ETH,2026-01-04,1767298500,long,0.02320075970898805,2,1,-0.31999999999999995,-0.5987120500732779
ETH,2026-01-02,1767301200,long,0.027648254289359242,2,1,-0.53,0.21258868701172606
ETH,2026-01-02,1767305700,short,0.028845295699148288,2,1,0.3899999999999999,1.2299831605677063
BTC,2026-01-02,1767305700,short,0.023976266071307206,2,1,0.54,0.796843479492164
ETH,2026-01-02,1767308400,long,0.03681468464782722,1,0,-0.95,-0.7040525646892777
ETH,2026-01-02,1767310200,short,0.0684183338285615,1,0,-0.041000000000000036,0.08961164111021808
BTC,2026-01-04,1767311100,long,0.027524476512343687,2,1,0.82,0.6396958585952547
BTC,2026-01-02,1767311100,long,0.02474348735245102,2,1,0.877,0.6249065565085754
ETH,2026-01-04,1767311100,long,0.04395303394657457,1,0,0.03700000000000003,0.1519526084206248
SOL,2026-01-03,1767314700,short,0.06390038080433241,2,1,0.74,0.5892494487769504
SOL,2026-01-04,1767314700,short,0.08292925592184575,1,0,-0.09999999999999998,0.2074273580572335
BTC,2026-01-04,1767314700,short,0.021864096951317524,2,1,0.06999999999999998,0.17538469521922348
SOL,2026-01-02,1767319200,long,0.020864185751685582,2,1,-0.857,-0.649583722622395
ETH,2026-01-03,1767330900,short,0.02176499545052879,2,1,-0.881,-0.687251988830059
BTC,2026-01-03,1767331800,long,0.021266890239804326,1,0,-0.06000000000000005,0.07813268121390488
SOL,2026-01-04,1767342600,long,0.02758946708316934,1,0,-0.6699999999999999,-0.21296261829649388
BTC,2026-01-03,1767342600,long,0.024155630705716913,2,1,0.792,0.6798607252315892
XRP,2026-01-04,1767346200,short,0.09454229415009618,1,0,-0.10999999999999999,0.4610350497407212
XRP,2026-01-03,1767346200,short,0.023485267758086792,1,0,-0.6000000000000001,0.057754982095194696
XRP,2026-01-03,1767346200,long,0.020514732241913025,1,0,-0.966,-0.8014659901402633
XRP,2026-01-04,1767346200,short,0.04759358678321579,1,0,-0.5800000000000001,0.2761340543192603
XRP,2026-01-03,1767346200,short,0.023485267758086792,1,0,-0.6000000000000001,0.057754982095194696
XRP,2026-01-03,1767346200,long,0.020514732241913025,1,0,-0.966,-0.8014659901402633
XRP,2026-01-03,1767346200,short,0.06937877782827295,1,0,-0.07000000000000006,0.25120985098952453
XRP,2026-01-02,1767348000,long,0.09212165527528171,2,1,-0.44699999999999995,0.40108594288416033
SOL,2026-01-04,1767348000,short,0.04419486040589582,2,1,-0.5710000000000001,-0.2890146423336786
XRP,2026-01-03,1767348900,long,0.06305783530645837,0,0,0.0,0.0
BTC,2026-01-03,1767348900,short,0.030977920833022532,2,1,0.13000000000000003,0.15201166682524597
ETH,2026-01-04,1767349800,short,0.022270900236500246,0,0,0.0,0.0
SOL,2026-01-03,1767355200,long,0.04810862246709369,2,1,-0.6709999999999999,-0.4011957732619908
SOL,2026-01-04,1767356100,long,0.020900749181300693,1,0,0.02400000000000002,0.07985232448852231
SOL,2026-01-04,1767356100,short,0.022099250818699234,1,0,-0.64,-0.16255239845784925
XRP,2026-01-04,1767357000,long,0.06192005156307934,1,0,-0.49,0.4272765040067047
XRP,2026-01-04,1767361500,long,0.04954544452124332,1,0,-0.89,-0.4585706894100713
BTC,2026-01-04,1767366900,long,0.020292057185653523,1,0,0.025000000000000022,0.07955890514040656
ETH,2026-01-03,1767372300,long,0.03566006399034416,2,1,0.555,0.5863018819527686
XRP,2026-01-05,1767374100,short,0.08531939218163209,1,0,-0.52,0.24138662131683897
SOL,2026-01-05,1767374100,short,0.07678155892693195,1,0,-0.104,-0.20690108034412696
XRP,2026-01-05,1767374100,long,0.04376988183806452,1,0,-0.13,0.42614164868131843
ETH,2026-01-05,1767374100,long,0.038371774063254094,2,1,-0.21999999999999997,-0.16327114486896666
XRP,2026-01-05,1767374100,long,0.05584384985329094,1,0,-0.52,0.24138662131683897
XRP,2026-01-05,1767374100,short,0.04415615014670893,2,1,0.44000000000000006,0.2347550273644795
SOL,2026-01-05,1767374100,long,0.08509711302795409,0,0,0.0,0.0
XRP,2026-01-05,1767374100,long,0.05584384985329094,1,0,-0.52,0.24138662131683897
XRP,2026-01-05,1767374100,short,0.04415615014670893,2,1,0.44000000000000006,0.2347550273644795
BTC,2026-01-05,1767374100,long,0.033761951533218815,2,1,-0.19999999999999996,-0.0702386363878747
BTC,2026-01-05,1767374100,short,0.02283698127652667,1,0,-0.14300000000000002,-0.35657918786277853
XRP,2026-01-03,1767374100,short,0.1258917377768085,1,0,-0.020999999999999998,-0.03856863941209911
ETH,2026-01-05,1767374100,short,0.03346597648463934,1,0,-0.038,-0.06752201021158014
ETH,2026-01-05,1767374100,long,0.03583611496816186,1,0,0.36,0.22642603748076287
ETH,2026-01-05,1767374100,long,0.037270572495819554,1,0,0.040000000000000036,0.010902711213231327
BTC,2026-01-05,1767374100,long,0.02709149177981396,1,0,0.38,-0.02210446734778093
ETH,2026-01-05,1767374100,short,0.03578668502108895,1,0,-0.122,-0.18730095081947506
XRP,2026-01-05,1767375000,short,0.03483652114345781,1,0,-0.02200000000000002,0.13498925944128748
XRP,2026-01-05,1767375000,long,0.021163478856542017,1,0,-0.14,0.3684545487533004
ETH,2026-01-04,1767375000,short,0.028772286903461897,2,1,0.31999999999999995,0.3051745597448633
BTC,2026-01-05,1767375000,long,0.02709750776425568,1,0,0.7,0.3309506427298369
ETH,2026-01-03,1767375000,short,0.03561728515589979,2,1,0.32899999999999996,0.417705165307435
BTC,2026-01-05,1767375000,short,0.02610670703494189,2,1,0.26,0.13289213948418188
BTC,2026-01-03,1767375900,short,0.03136616303843176,2,1,0.32999999999999996,0.3801555415853676
ETH,2026-01-04,1767375900,short,0.04240267153601163,1,0,-0.042,-0.05455187139045212
ETH,2026-01-04,1767375900,long,0.02059732846398843,1,0,-0.2,-0.2333345742989514
BTC,2026-01-04,1767375900,short,0.03115532848625846,1,0,-0.23,-0.34176865978951687
BTC,2026-01-03,1767376800,short,0.026733786401911153,2,1,-0.54,-0.5590358025063286
BTC,2026-01-05,1767376800,short,0.04100047708114851,1,0,0.74,0.3590219174579847
BTC,2026-01-04,1767377700,short,0.03202378976635434,2,1,0.32999999999999996,0.2573746826104436
ETH,2026-01-05,1767377700,short,0.020425995301500022,2,1,0.29999999999999993,0.23174474829489605
ETH,2026-01-04,1767379500,long,0.0308329121351123,1,0,0.18399999999999994,0.2584286260856347
ETH,2026-01-04,1767379500,short,0.035167087864887425,1,0,-0.44000000000000006,-0.3234283577986714
BTC,2026-01-05,1767381300,long,0.02049301530623704,2,1,-0.13000000000000012,0.060285469005133374
BTC,2026-01-04,1767382200,long,0.025607264629431414,2,1,-0.09999999999999998,0.006128980743332485
BTC,2026-01-05,1767393000,short,0.0213600168382021,1,0,-0.040000000000000036,0.13056274084644232
BTC,2026-01-04,1767395700,long,0.027369888530865305,1,0,-0.45999999999999996,-0.14472225144403683
BTC,2026-01-03,1767396600,long,0.09432202363572562,2,1,-0.41300000000000003,-0.35906152615941017
ETH,2026-01-04,1767396600,long,0.032784292043049,0,0,0.0,0.0
XRP,2026-01-03,1767396600,short,0.025150354706910516,2,1,-0.43300000000000005,-0.47037741590416016
XRP,2026-01-03,1767396600,long,0.020849645293089525,1,0,0.03400000000000003,0.028686807484647383
ETH,2026-01-05,1767399300,short,0.021898868189387466,0,0,0.0,0.0
ETH,2026-01-05,1767400200,long,0.02471535799230762,0,0,0.0,0.0
SOL,2026-01-05,1767401100,long,0.02900633670655517,0,0,0.0,0.0
SOL,2026-01-05,1767401100,short,0.05299366329344479,2,1,-0.406,-0.3347287338151451
BTC,2026-01-04,1767410100,short,0.0212205738446124,2,1,0.094,0.20230185444491922
ETH,2026-01-03,1767422700,short,0.022952595804969222,2,1,-0.45100000000000007,-0.3840815756898756
SOL,2026-01-05,1767425400,short,0.02967889916053129,1,0,-0.027000000000000024,0.05263559607317965
ETH,2026-01-05,1767425400,short,0.02047887223694078,1,0,-0.13,-0.3336985040391863
ETH,2026-01-04,1767427200,long,0.03483844518224943,2,1,0.6290000000000001,0.4352021001504559
SOL,2026-01-05,1767427200,short,0.030681161728924128,2,1,-0.07000000000000003,-0.09023672312376191
ETH,2026-01-03,1767428100,long,0.03664395449209512,2,1,-0.551,-0.3577372420511379
BTC,2026-01-04,1767429000,long,0.022817945509202797,2,1,0.66,0.3845961245157938
BTC,2026-01-03,1767429000,long,0.027158934919035316,2,1,0.707,0.47833115824995076
BTC,2026-01-04,1767453300,long,0.05331748858502028,2,1,-0.072,-0.19679400504949685
ETH,2026-01-06,1767460500,long,0.030328668103554612,1,0,0.19999999999999996,-0.10525617012245769
SOL,2026-01-05,1767460500,short,0.04084373190030338,1,0,-0.36,-0.08169393236217787
BTC,2026-01-06,1767460500,long,0.02087041893906516,2,1,-0.22999999999999998,-0.2862060405515856
BTC,2026-01-06,1767460500,short,0.020259238106665522,2,1,0.17000000000000004,0.05821466816096846
BTC,2026-01-06,1767460500,long,0.025124666488589353,2,1,-0.21999999999999997,-0.15533262597773567
BTC,2026-01-05,1767460500,long,0.02824167060955385,2,1,-0.29000000000000004,-0.4538259678968313
SOL,2026-01-06,1767460500,short,0.035957511352400884,0,0,0.0,0.0
SOL,2026-01-06,1767460500,long,0.02155509120954968,0,0,0.0,0.0
SOL,2026-01-06,1767461400,long,0.03742336929812695,0,0,0.0,0.0
BTC,2026-01-05,1767461400,short,0.025846712469127398,2,1,0.31999999999999995,0.1305643847685217
ETH,2026-01-04,1767461400,short,0.02877921705992592,2,1,0.4069999999999999,0.24135138136597015
ETH,2026-01-05,1767462300,long,0.03421802106624838,2,1,0.6499999999999999,0.5421410420798524
SOL,2026-01-06,1767462300,long,0.02853892608832731,0,0,0.0,0.0
SOL,2026-01-06,1767462300,short,0.023461073911672736,1,0,0.4,0.03217185237686754
ETH,2026-01-05,1767463200,short,0.02045320649748683,2,1,0.14199999999999993,0.2788790074068983
BTC,2026-01-04,1767463200,short,0.023002040830158554,2,1,-0.5479999999999999,-0.3939803649458954
ETH,2026-01-05,1767464100,short,0.029702848877740662,1,0,-0.10999999999999999,0.05927886973119559
BTC,2026-01-04,1767464100,short,0.06262840543874193,2,1,0.43299999999999994,0.2612523422302707
BTC,2026-01-06,1767464100,short,0.026793487657630233,1,0,0.12,0.26835573133237645
SOL,2026-01-04,1767465900,short,0.08112551158647444,2,1,-0.23399999999999996,0.008301929919427464
ETH,2026-01-04,1767465900,short,0.04047187581116668,2,1,-0.435,-0.3354683049836757
ETH,2026-01-06,1767466800,short,0.020274848981674087,1,0,0.18999999999999995,-0.07579000712151107
ETH,2026-01-06,1767471300,long,0.022634029745318696,1,0,-0.18000000000000005,0.11806460696266591
ETH,2026-01-06,1767471300,short,0.025221385307956146,1,0,-0.18000000000000005,0.11806460696266591
BTC,2026-01-06,1767472200,short,0.0387745327860185,1,0,-0.21999999999999997,0.026247779116882863
BTC,2026-01-06,1767473100,short,0.020828154981567537,1,0,-0.7,-0.4451415942192002
ETH,2026-01-06,1767474900,long,0.02724039840693715,1,0,0.02300000000000002,0.0017431236012567658
ETH,2026-01-06,1767475800,long,0.02256708893405346,0,0,0.0,0.0
BTC,2026-01-06,1767476700,long,0.04217672015194163,2,1,0.85,0.7620639383943708
ETH,2026-01-05,1767476700,long,0.023534808707692756,2,1,-0.30000000000000004,-0.1626582663770479
ETH,2026-01-06,1767478500,short,0.026874322124873617,1,0,0.10399999999999998,0.26420809742492535
SOL,2026-01-06,1767480300,long,0.05735720533023869,1,0,0.17100000000000004,0.36089683272390094
BTC,2026-01-06,1767483900,short,0.02413857107555073,1,0,-0.4,-0.16535672364835263
BTC,2026-01-06,1767483900,long,0.025861428924449203,1,0,-0.66,-0.4384971691598196
BTC,2026-01-06,1767485700,long,0.036909216745031115,1,0,-0.2,-0.3063389099526681
BTC,2026-01-05,1767485700,long,0.02118241922144959,2,1,0.759,0.6262745482220409
XRP,2026-01-06,1767485700,short,0.09626501545838001,0,0,0.0,0.0
XRP,2026-01-06,1767485700,short,0.03203851777358668,0,0,0.0,0.0
XRP,2026-01-06,1767485700,long,0.09796148222641321,0,0,0.0,0.0
XRP,2026-01-06,1767485700,short,0.03203851777358668,0,0,0.0,0.0
XRP,2026-01-06,1767485700,long,0.09796148222641321,0,0,0.0,0.0
XRP,2026-01-05,1767485700,long,0.08920998671170177,0,0,0.0,0.0
XRP,2026-01-05,1767485700,long,0.10020595824213507,0,0,0.0,0.0
XRP,2026-01-05,1767485700,short,0.14007468483033347,0,0,0.0,0.0
BTC,2026-01-06,1767486600,short,0.020902119257392604,1,0,-0.034,-0.0584748442861653
BTC,2026-01-06,1767486600,long,0.02586557992264793,1,0,-0.050000000000000044,0.011593946583177556
SOL,2026-01-04,1767487500,long,0.04273397881027852,0,0,0.0,0.0
SOL,2026-01-04,1767487500,short,0.07626602118972128,2,1,-0.08000000000000004,-0.055569563062592774
SOL,2026-01-05,1767487500,short,0.07462046046276904,2,1,-0.29200000000000004,-0.2720974199594326
SOL,2026-01-05,1767487500,long,0.04137953953723095,0,0,0.0,0.0
XRP,2026-01-05,1767488400,short,0.03981159582294724,1,0,-0.030000000000000027,0.1252276778340572
XRP,2026-01-05,1767488400,long,0.05018840417705284,0,0,0.0,0.0
XRP,2026-01-05,1767488400,long,0.060133444685926296,0,0,0.0,0.0
XRP,2026-01-05,1767488400,short,0.054866555314073695,0,0,0.0,0.0
XRP,2026-01-05,1767488400,long,0.060133444685926296,0,0,0.0,0.0
XRP,2026-01-05,1767488400,short,0.054866555314073695,0,0,0.0,0.0
XRP,2026-01-05,1767489300,short,0.023139324923373783,1,0,-0.738,-0.2223426687124196
XRP,2026-01-05,1767489300,long,0.11986067507662623,1,0,0.8160000000000001,0.30034266871241966
XRP,2026-01-06,1767490200,long,0.02578676067653496,1,0,-0.9380000000000001,-0.6410397985876222
XRP,2026-01-06,1767490200,short,0.10159872400841474,0,0,0.0,0.0
BTC,2026-01-06,1767491100,long,0.021539991773379397,2,1,-0.08000000000000007,-0.025547844702527328
XRP,2026-01-06,1767492000,long,0.031528534106472605,1,0,-0.9380000000000001,-0.6411239604549532
XRP,2026-01-06,1767492000,short,0.03347146589352734,0,0,0.0,0.0
ETH,2026-01-06,1767494700,long,0.021450935406878813,1,0,0.14,0.3001494074651172
XRP,2026-01-05,1767494700,short,0.1283248313892268,1,0,-0.31000000000000005,0.3689432450202669
XRP,2026-01-05,1767494700,long,0.028675168610773127,1,0,-0.765,-0.24927947238629367
BTC,2026-01-05,1767495600,short,0.022229886030471047,2,1,-0.748,-0.5894731696419946
BTC,2026-01-05,1767496500,short,0.020335323859621668,2,1,0.33999999999999997,0.3058060684002888
SOL,2026-01-06,1767497400,long,0.021145707084601062,0,0,0.0,0.0
SOL,2026-01-06,1767497400,short,0.02485429291539898,1,0,-0.022,-0.05601706412009975
XRP,2026-01-06,1767499200,long,0.05729687060166899,0,0,0.0,0.0
XRP,2026-01-06,1767499200,short,0.020703129398330966,0,0,0.0,0.0
XRP,2026-01-06,1767504600,long,0.047017007552630385,0,0,0.0,0.0
BTC,2026-01-05,1767509100,short,0.021785692842171245,1,0,-0.055,-0.14052922560998612
XRP,2026-01-04,1767514500,long,0.03170212659482785,2,1,0.347,0.4303415642483764
BTC,2026-01-05,1767514500,long,0.020419547423197848,2,1,-0.19000000000000006,-0.02026669338637435
ETH,2026-01-05,1767519000,short,0.02903919714842862,2,1,-0.58,-0.5515904523182364
ETH,2026-01-04,1767538800,long,0.03604297312425109,1,0,0.049000000000000044,0.03955641862958501
BTC,2026-01-05,1767546000,long,0.020424830088422663,2,1,-0.03300000000000003,0.07585479540724764
BTC,2026-01-07,1767546900,long,0.03239676156136939,0,0,0.0,0.0
BTC,2026-01-07,1767546900,short,0.02760323843863044,0,0,0.0,0.0
BTC,2026-01-07,1767546900,long,0.020925925892132824,1,0,-0.15000000000000002,-0.15518379008489083
ETH,2026-01-06,1767546900,long,0.030397316272121166,1,0,-0.38,-0.036329302547599474
ETH,2026-01-06,1767546900,long,0.08277914780733919,1,0,0.4,0.05632930254759949
ETH,2026-01-07,1767546900,short,0.041336668915109454,0,0,0.0,0.0
ETH,2026-01-07,1767546900,long,0.03866333108489073,0,0,0.0,0.0
ETH,2026-01-06,1767546900,short,0.08489652417499283,0,0,0.0,0.0
SOL,2026-01-05,1767546900,short,0.03744868117244149,1,0,-0.020999999999999998,-0.021313437460688943
ETH,2026-01-07,1767546900,long,0.030085191349923823,0,0,0.0,0.0
BTC,2026-01-06,1767546900,long,0.022319389130971867,2,1,-0.2500000000000001,-0.23796937938047336
BTC,2026-01-06,1767546900,short,0.037680610869027964,2,1,0.30999999999999994,0.2979693793804732
ETH,2026-01-07,1767546900,short,0.041336668915109454,0,0,0.0,0.0
ETH,2026-01-07,1767546900,long,0.03866333108489073,0,0,0.0,0.0
BTC,2026-01-07,1767546900,long,0.03748151852977055,0,0,0.0,0.0
BTC,2026-01-07,1767546900,long,0.021226900063539667,1,0,0.05900000000000005,0.05725782293145838
BTC,2026-01-07,1767546900,long,0.03321137859243706,0,0,0.0,0.0
BTC,2026-01-07,1767546900,long,0.03239676156136939,0,0,0.0,0.0
BTC,2026-01-07,1767546900,short,0.02760323843863044,0,0,0.0,0.0
BTC,2026-01-07,1767546900,short,0.0335242228189534,1,0,-0.33999999999999997,-0.3473845571353267
BTC,2026-01-07,1767546900,short,0.020569059475771145,2,1,0.19999999999999996,0.20220076705043585
ETH,2026-01-05,1767548700,long,0.023799628341379275,2,1,0.5499999999999999,0.5122029156091367
ETH,2026-01-05,1767549600,short,0.02430175397108736,2,1,0.173,0.2879984573440776
BTC,2026-01-07,1767552300,short,0.021664127152125623,0,0,0.0,0.0
BTC,2026-01-05,1767555000,long,0.02046079959843561,2,1,-0.3999999999999999,-0.36682326099929446
SOL,2026-01-07,1767555900,short,0.051444335526450446,0,0,0.0,0.0
SOL,2026-01-07,1767555900,long,0.06540699406630424,0,0,0.0,0.0
SOL,2026-01-05,1767558600,short,0.02013117076734311,2,1,-0.21000000000000002,-0.184036656164597
SOL,2026-01-06,1767559500,short,0.020053372299815186,0,0,0.0,0.0
SOL,2026-01-06,1767559500,long,0.047946627700184985,0,0,0.0,0.0
BTC,2026-01-06,1767559500,short,0.026857141519416428,2,1,0.21999999999999997,0.1508699662891241
BTC,2026-01-07,1767559500,long,0.02493299731258558,1,0,0.42999999999999994,0.4279875535804725
ETH,2026-01-05,1767561300,short,0.040394855658008266,2,1,0.24,0.14401587707883218
BTC,2026-01-05,1767561300,long,0.024325874911648615,2,1,-0.07799999999999999,-0.2344208418076527
BTC,2026-01-06,1767563100,long,0.03248121234631851,2,1,0.7999999999999999,0.7287393732299611
ETH,2026-01-06,1767563100,long,0.02429667038001382,1,0,-0.36,-0.025647886579680812
ETH,2026-01-06,1767563100,short,0.025703329619986226,2,1,0.28,0.13226485664348597
ETH,2026-01-05,1767563100,long,0.023532219572400148,2,1,-0.241,-0.10405633405397649
SOL,2026-01-06,1767566700,long,0.03781310102418267,1,0,0.16700000000000004,0.3507280235995688
BTC,2026-01-06,1767568500,short,0.021842487733616855,2,1,-0.7500000000000001,-0.6866614676787091
BTC,2026-01-06,1767570300,short,0.020246582816483838,1,0,0.18999999999999995,0.30558660405876514
ETH,2026-01-07,1767572100,long,0.02472479831535246,1,0,0.18999999999999995,0.1941701412593149
BTC,2026-01-07,1767572100,long,0.026422754565617712,1,0,-0.25,-0.31064519644031785
ETH,2026-01-07,1767573000,short,0.020049278013238525,0,0,0.0,0.0
SOL,2026-01-05,1767573900,long,0.09977268580775989,1,0,0.134,0.1576344800626799
SOL,2026-01-07,1767574800,long,0.037325403329551365,0,0,0.0,0.0
SOL,2026-01-07,1767574800,short,0.032674596670448586,1,0,-0.19000000000000006,-0.1867370053890761
BTC,2026-01-06,1767574800,short,0.02102469153739095,2,1,0.096,0.10442060065635453
BTC,2026-01-05,1767575700,long,0.02304949444603044,2,1,0.5800000000000001,0.574311883491873
BTC,2026-01-07,1767575700,short,0.028911453827361044,1,0,-0.079,-0.006029210407493407
XRP,2026-01-05,1767575700,short,0.029447552013399436,1,0,-0.02100000000000002,-0.00016196243854178435
SOL,2026-01-06,1767575700,short,0.027074268657876877,0,0,0.0,0.0
SOL,2026-01-06,1767575700,long,0.03392573134212329,1,0,0.03700000000000003,0.05111303578826393
BTC,2026-01-06,1767576600,short,0.03213818408508495,2,1,0.25,0.26804447735472225
XRP,2026-01-05,1767576600,short,0.03796463457672217,2,1,-0.395,-0.29639165748569657
XRP,2026-01-05,1767576600,long,0.032035365423277895,2,1,0.4650000000000001,0.36639165748569663
XRP,2026-01-05,1767576600,short,0.03008942895003275,2,1,0.269,-0.021996530887444632
XRP,2026-01-05,1767576600,short,0.03796463457672217,2,1,-0.395,-0.29639165748569657
XRP,2026-01-05,1767576600,long,0.032035365423277895,2,1,0.4650000000000001,0.36639165748569663
ETH,2026-01-06,1767578400,short,0.02775968445502619,1,0,-0.062,-0.11252996065442508
XRP,2026-01-05,1767581100,long,0.05826341953534864,1,0,-0.22999999999999998,0.0822740312590779
ETH,2026-01-06,1767582000,long,0.02642192550142841,1,0,0.54,0.3629212647809321
ETH,2026-01-05,1767582000,long,0.03327173376946213,1,0,-0.45,-0.39658647663751
BTC,2026-01-06,1767583800,long,0.020910330024330293,1,0,-0.36,-0.3101194162271885
BTC,2026-01-06,1767583800,short,0.022089669975669635,2,1,0.23900000000000002,0.21981257833479956
SOL,2026-01-06,1767583800,short,0.02456096546273212,0,0,0.0,0.0
BTC,2026-01-05,1767585600,short,0.020837935269511387,2,1,-0.511,-0.500740604852551
ETH,2026-01-06,1767587400,short,0.032239416933089515,2,1,0.37,0.34277552657576454
ETH,2026-01-06,1767587400,long,0.027760583066910538,2,1,-0.30999999999999994,-0.2827755265757645
XRP,2026-01-06,1767616200,long,0.08740561793022406,0,0,0.0,0.0
XRP,2026-01-06,1767616200,long,0.0490775455428385,2,1,-0.7080000000000001,-0.427813262763741
XRP,2026-01-06,1767616200,short,0.03492245445716127,1,0,-0.050000000000000044,0.1400527688781618
XRP,2026-01-07,1767616200,short,0.1791008436525423,1,0,-0.36,-0.08741099610156755
XRP,2026-01-07,1767616200,long,0.13897930786269175,2,1,-0.24,-0.10287685179710293
XRP,2026-01-06,1767616200,long,0.0490775455428385,2,1,-0.7080000000000001,-0.427813262763741
XRP,2026-01-06,1767616200,short,0.03492245445716127,1,0,-0.050000000000000044,0.1400527688781618
XRP,2026-01-07,1767620700,short,0.020608753338673513,1,0,-0.10999999999999999,0.06202830620614286
XRP,2026-01-07,1767620700,long,0.04939124666132644,1,0,-0.42000000000000004,-0.10338760661418123
XRP,2026-01-06,1767620700,short,0.03920853501372168,1,0,-0.06000000000000005,0.21448076644272174
XRP,2026-01-06,1767620700,long,0.06358241243938778,1,0,-0.8380000000000001,-0.38365835400388415
XRP,2026-01-06,1767621600,long,0.03296592062944392,1,0,-0.392,0.42113671720868195
XRP,2026-01-06,1767622500,short,0.021639098583626226,1,0,-0.384,0.4210252170924045
XRP,2026-01-06,1767622500,long,0.07036090141637352,1,0,-0.8280000000000001,-0.36562543596332525
XRP,2026-01-06,1767627900,long,0.03129168719127917,1,0,0.05900000000000005,0.21518921363124469
XRP,2026-01-06,1767627900,short,0.024708312808720878,2,1,-0.6990000000000001,-0.3684646057970945
XRP,2026-01-07,1767630600,long,0.094413400233466,1,0,-0.5880000000000001,-0.510766821704278
XRP,2026-01-08,1767633300,long,0.0808082410618518,1,0,0.3979999999999999,0.2636782962052697
XRP,2026-01-08,1767633300,long,0.035966460903962716,2,1,-0.1499999999999999,-0.22461284312016416
XRP,2026-01-08,1767633300,short,0.09980060431959203,1,0,0.3979999999999999,0.2636782962052697
ETH,2026-01-07,1767633300,short,0.032185154450985576,1,0,-0.06000000000000005,-0.09264306189663046
ETH,2026-01-07,1767633300,long,0.020832808352378107,1,0,0.18999999999999995,0.13689855735201673
ETH,2026-01-07,1767633300,long,0.026536939946247173,1,0,0.44999999999999996,0.37206714165909394
SOL,2026-01-08,1767633300,short,0.022392919110255982,1,0,-0.24,-0.11420957128355011
SOL,2026-01-08,1767633300,long,0.027607080889744173,1,0,0.28,0.412115098195014
ETH,2026-01-08,1767633300,short,0.025827752975376983,1,0,-0.44,-0.29702133092270544
ETH,2026-01-08,1767633300,short,0.02945353975826437,1,0,0.11499999999999999,0.04782255890006894
BTC,2026-01-07,1767633300,long,0.021319722677553665,1,0,0.21999999999999997,-0.013468116235144961
SOL,2026-01-08,1767633300,short,0.022392919110255982,1,0,-0.24,-0.11420957128355011
SOL,2026-01-08,1767633300,long,0.027607080889744173,1,0,0.28,0.412115098195014
BTC,2026-01-08,1767633300,long,0.020345908596189677,1,0,-0.050000000000000044,-0.1588402912560597
BTC,2026-01-08,1767633300,short,0.02076087036743801,1,0,-0.050000000000000044,-0.1588402912560597
SOL,2026-01-08,1767633300,long,0.03885379446053738,1,0,0.04500000000000004,0.07391382272381704
BTC,2026-01-08,1767633300,short,0.03140513338338613,1,0,-0.14,-0.32335244400244423
BTC,2026-01-07,1767633300,short,0.023708722082259603,1,0,0.72,0.4564580207390549
ETH,2026-01-07,1767633300,short,0.025238166912060156,2,1,0.13099999999999995,0.10315613326180789
ETH,2026-01-07,1767634200,long,0.023225132525096726,1,0,-0.28,-0.30688729282062205
BTC,2026-01-07,1767634200,short,0.020015571710028657,1,0,-0.10999999999999999,-0.2637950912540238
ETH,2026-01-06,1767634200,short,0.030149461919262488,1,0,-0.63,-0.29687000336470604
BTC,2026-01-08,1767634200,short,0.021101111666871897,1,0,0.44999999999999996,0.18492511426630714
ETH,2026-01-07,1767634200,long,0.02272836152653035,1,0,-0.07999999999999996,-0.09426429461935505
BTC,2026-01-08,1767635100,short,0.02744906723485474,1,0,0.2929999999999999,0.03573535169483982
ETH,2026-01-06,1767635100,long,0.03764765878693033,2,1,-0.37,-0.27098569305161246
BTC,2026-01-08,1767635100,long,0.020639601292678833,1,0,0.2929999999999999,0.03573535169483982
BTC,2026-01-08,1767635100,short,0.024360398707321096,1,0,0.5,0.19597429560220286
ETH,2026-01-08,1767635100,long,0.023177751238804722,1,0,0.5,0.34483965974608843
XRP,2026-01-08,1767636000,short,0.023771004865636214,1,0,-0.040000000000000036,-0.08605707513088959
SOL,2026-01-08,1767636000,short,0.02520091377100875,1,0,0.33000000000000007,0.42001990639487435
SOL,2026-01-08,1767636000,long,0.023799086228991184,1,0,0.04500000000000004,0.06772319469720312
BTC,2026-01-07,1767636000,long,0.031146979789901108,2,1,-0.14500000000000002,-0.002150746803468717
BTC,2026-01-08,1767636000,short,0.020020381554358146,2,1,0.21999999999999997,0.28185200013246414
BTC,2026-01-08,1767636900,long,0.024733979092299796,2,1,-0.13699999999999996,-0.038223885872532656
ETH,2026-01-07,1767637800,short,0.020260357494646275,1,0,-0.19999999999999996,-0.3010856558590978
XRP,2026-01-06,1767638700,long,0.020761579126308716,2,1,-0.187,-0.3009195098456552
XRP,2026-01-08,1767639600,long,0.12782163694839221,1,0,0.41100000000000003,0.05309486710348166
XRP,2026-01-08,1767639600,long,0.030619007026396305,1,0,0.6799999999999999,0.32998636511607204
XRP,2026-01-08,1767639600,short,0.04738099297360354,1,0,-0.07999999999999996,-0.256461989369829
ETH,2026-01-08,1767639600,short,0.029766247468478668,0,0,0.0,0.0
BTC,2026-01-07,1767639600,long,0.022758804024237467,2,1,-0.21000000000000008,-0.3236935909908826
BTC,2026-01-07,1767639600,short,0.02353035316297314,2,1,0.2919999999999999,0.24800155138914912
ETH,2026-01-08,1767640500,long,0.020943290041527618,0,0,0.0,0.0
XRP,2026-01-06,1767643200,short,0.06543701126824664,1,0,0.373,0.3861887116639494
ETH,2026-01-07,1767644100,short,0.025415988020779157,2,1,0.34,0.3207142301817685
ETH,2026-01-07,1767644100,long,0.03458401197922112,2,1,-0.2799999999999999,-0.26071423018176837
SOL,2026-01-07,1767644100,long,0.035862593644484964,1,0,0.05999999999999994,0.13040907336981641
ETH,2026-01-08,1767644100,long,0.02365216890626054,0,0,0.0,0.0
ETH,2026-01-08,1767644100,long,0.03121193485489604,1,0,-0.17000000000000004,-0.3688729886286072
ETH,2026-01-07,1767645000,long,0.03286687588640058,1,0,-0.35000000000000003,-0.04605926407248445
BTC,2026-01-08,1767648600,long,0.021440477472418173,2,1,-0.19999999999999996,-0.2411232809791483
BTC,2026-01-06,1767649500,long,0.025664274173792023,2,1,0.67,0.5216887928750893
ETH,2026-01-07,1767652200,short,0.02008473567660196,2,1,0.08199999999999999,0.004449699333680404
SOL,2026-01-06,1767657600,long,0.13400939367451659,0,0,0.0,0.0
SOL,2026-01-07,1767658500,short,0.06394579419432533,1,0,0.35,0.2522953106727298
SOL,2026-01-07,1767658500,long,0.02105420580567463,0,0,0.0,0.0
SOL,2026-01-08,1767661200,short,0.03800194260384174,1,0,-0.14,-0.1171877766948559
SOL,2026-01-08,1767661200,long,0.05399805739615848,0,0,0.0,0.0
ETH,2026-01-06,1767661200,long,0.020087539194356463,2,1,-0.10399999999999998,-0.18471346425795043
SOL,2026-01-08,1767661200,short,0.03800194260384174,1,0,-0.14,-0.1171877766948559
SOL,2026-01-08,1767661200,long,0.05399805739615848,0,0,0.0,0.0
ETH,2026-01-08,1767663000,short,0.026191356126458065,0,0,0.0,0.0
ETH,2026-01-08,1767663000,long,0.02780864387354187,0,0,0.0,0.0
ETH,2026-01-08,1767663000,short,0.026191356126458065,0,0,0.0,0.0
ETH,2026-01-08,1767663000,long,0.02780864387354187,0,0,0.0,0.0
SOL,2026-01-07,1767664800,long,0.028195253459989855,2,1,0.43999999999999995,0.3818968983131149
SOL,2026-01-07,1767664800,short,0.021804746540010134,2,1,-0.38999999999999996,-0.3318968983131149
ETH,2026-01-06,1767682800,long,0.02574605600290991,2,1,0.40900000000000003,0.4006139621121662
BTC,2026-01-08,1767686400,long,0.029140211970191343,2,1,-0.062000000000000055,-0.1482687961545621
SOL,2026-01-07,1767690900,long,0.03703413993812488,2,1,0.129,0.1749103248280275
XRP,2026-01-08,1767691800,long,0.10093427806692112,0,0,0.0,0.0
BTC,2026-01-06,1767698100,long,0.025858609621025153,2,1,-0.378,0.07987807400891345
BTC,2026-01-08,1767699900,long,0.02045688036122595,1,0,0.75,0.43099962115314794
XRP,2026-01-07,1767702600,long,0.05968746634452593,2,1,0.9119999999999999,0.5712080027664661
XRP,2026-01-07,1767702600,short,0.05631253365547406,1,0,-0.746,-0.23765263963885674
BTC,2026-01-06,1767708900,short,0.0316858952171154,2,1,0.59,-0.21478689612899826
ETH,2026-01-06,1767708900,short,0.11869045434802605,2,1,0.31999999999999995,0.07371299313740629
BTC,2026-01-06,1767709800,short,0.02007737755519945,2,1,-0.66,0.18806188316224093
BTC,2026-01-07,1767717000,long,0.03765157359233395,2,1,0.7919999999999999,0.6439343325391429
XRP,2026-01-07,1767718800,long,0.03336677174637015,1,0,0.03200000000000003,0.08793398037609297
XRP,2026-01-07,1767718800,long,0.03505125291516742,2,1,0.6529999999999999,0.5635846440301996
XRP,2026-01-07,1767718800,short,0.04694874708483254,1,0,-0.397,-0.0722032094259889
ETH,2026-01-08,1767719700,long,0.0238105652878986,1,0,-0.63,-0.2787182844925961
ETH,2026-01-08,1767719700,short,0.026189434712101445,0,0,0.0,0.0
BTC,2026-01-09,1767719700,short,0.02053228814414987,2,1,0.24999999999999994,0.24333095896508686
BTC,2026-01-09,1767719700,long,0.029467711855849954,2,1,-0.20000000000000007,-0.19333095896508698
BTC,2026-01-09,1767719700,short,0.02053228814414987,2,1,0.24999999999999994,0.24333095896508686
BTC,2026-01-09,1767719700,long,0.029467711855849954,2,1,-0.20000000000000007,-0.19333095896508698
SOL,2026-01-08,1767719700,long,0.05972000972732583,1,0,0.13,0.13083087219425785
BTC,2026-01-08,1767719700,short,0.036639941823011446,2,1,-0.7300000000000001,-0.6586882090912173
BTC,2026-01-08,1767719700,long,0.023360058176988385,2,1,0.7899999999999999,0.7186882090912171
ETH,2026-01-08,1767719700,short,0.03169813102215713,2,1,-0.74,-0.599159901248056
ETH,2026-01-09,1767719700,short,0.02512138730825897,1,0,-0.16000000000000003,-0.34846449199310237
BTC,2026-01-09,1767719700,short,0.024659129452752615,2,1,0.19999999999999998,0.16867003640117018
ETH,2026-01-09,1767719700,long,0.022012080311952786,0,0,0.0,0.0
ETH,2026-01-09,1767719700,long,0.024741603552971947,2,1,-0.09000000000000008,-0.17482614277284939
ETH,2026-01-09,1767719700,short,0.026210771652172005,1,0,-0.36,-0.10254607739188071
BTC,2026-01-09,1767720600,short,0.02167778581184976,2,1,-0.77,-0.7487008472219107
ETH,2026-01-09,1767720600,long,0.024369403376357734,1,0,0.39,0.12783125477880575
ETH,2026-01-09,1767720600,short,0.02563059662364231,2,1,0.27,0.26666435765647895
ETH,2026-01-07,1767720600,short,0.021031820180851812,2,1,0.24000000000000005,0.014220411355714807
BTC,2026-01-09,1767720600,short,0.020749176943933634,2,1,0.10999999999999993,0.08169882437472817
SOL,2026-01-08,1767720600,long,0.04614185366563839,1,0,0.12,0.11803470904897469
SOL,2026-01-08,1767720600,short,0.023858146334361452,1,0,-0.07999999999999996,-0.07803470904897465
ETH,2026-01-08,1767720600,short,0.03143520013310641,1,0,-0.12,0.08753262235787643
ETH,2026-01-08,1767721500,long,0.025305194177554613,2,1,0.78,0.6409418399612838
ETH,2026-01-08,1767721500,short,0.02469480582244543,2,1,-0.73,-0.5909418399612838
ETH,2026-01-09,1767721500,long,0.020544963634465896,2,1,0.8099999999999999,0.7419136792496838
ETH,2026-01-09,1767721500,short,0.02945503636553415,1,0,-0.17000000000000004,-0.3540368934689975
ETH,2026-01-08,1767721500,short,0.02184936531432513,1,0,0.64,0.2923199055219424
ETH,2026-01-08,1767721500,long,0.028150634685675247,1,0,-0.61,-0.2623199055219424
XRP,2026-01-07,1767721500,short,0.024913213539523804,2,1,0.22299999999999998,0.3909157332008746
BTC,2026-01-09,1767721500,short,0.02253231509470055,2,1,0.16500000000000004,0.18685500453894946
BTC,2026-01-09,1767721500,long,0.02701240600815691,2,1,0.81,0.7972280845620366
ETH,2026-01-07,1767721500,long,0.028636218675052394,2,1,-0.41000000000000003,-0.37331766352106655
ETH,2026-01-07,1767722400,long,0.032742272706006936,1,0,0.47,0.29271081563669654
ETH,2026-01-09,1767722400,short,0.020444214221636337,1,0,-0.039000000000000035,-0.07789723751874489
ETH,2026-01-09,1767722400,short,0.029172864726970005,1,0,-0.10999999999999999,-0.18976278190967527
ETH,2026-01-09,1767722400,long,0.020827135273029818,1,0,-0.27,-0.40159575891980404
BTC,2026-01-09,1767722400,short,0.02494905720532603,1,0,-0.05900000000000005,-0.058853767963689206
BTC,2026-01-08,1767722400,long,0.022160213921951444,1,0,0.07099999999999995,0.0390318799577793
ETH,2026-01-07,1767722400,short,0.04069646087906953,1,0,-0.02300000000000002,-0.04966642727339435
SOL,2026-01-08,1767723300,short,0.0432345539867347,0,0,0.0,0.0
BTC,2026-01-08,1767724200,short,0.024442138036747107,1,0,0.27,0.1514227079976117
BTC,2026-01-09,1767726000,long,0.022410478044662563,1,0,-0.11299999999999999,-0.13943537999900688
BTC,2026-01-07,1767726900,long,0.03678259835799902,2,1,-0.3400000000000001,-0.27697411755631385
BTC,2026-01-07,1767727800,short,0.02284175802298971,2,1,0.15899999999999997,0.0648385556678923
SOL,2026-01-09,1767729600,long,0.027920210487677233,1,0,-0.14,-0.06684412495287645
XRP,2026-01-08,1767729600,long,0.04160287267588192,1,0,-0.123,-0.2871602791076148
XRP,2026-01-08,1767729600,long,0.028312362662994417,0,0,0.0,0.0
XRP,2026-01-08,1767729600,short,0.036687637337005585,1,0,0.617,0.35472865288975564
XRP,2026-01-08,1767729600,short,0.06764989363915175,1,0,-0.123,-0.2871602791076148
SOL,2026-01-09,1767729600,long,0.04905278850157235,0,0,0.0,0.0
XRP,2026-01-09,1767729600,short,0.03344066388893241,1,0,-0.18000000000000005,-0.36151021371389847
XRP,2026-01-08,1767730500,short,0.046874986308981126,1,0,0.367,0.04083703240866332
XRP,2026-01-08,1767730500,long,0.055125013691018854,0,0,0.0,0.0
ETH,2026-01-08,1767730500,long,0.02369876170196017,2,1,-0.07399999999999995,-0.19774422980218717
XRP,2026-01-08,1767730500,short,0.021206543155618318,0,0,0.0,0.0
XRP,2026-01-08,1767730500,long,0.05579345684438186,1,0,0.367,0.04083703240866332
XRP,2026-01-08,1767730500,short,0.046874986308981126,1,0,0.367,0.04083703240866332
XRP,2026-01-08,1767730500,long,0.055125013691018854,0,0,0.0,0.0
XRP,2026-01-08,1767730500,short,0.021206543155618318,0,0,0.0,0.0
XRP,2026-01-08,1767730500,long,0.05579345684438186,1,0,0.367,0.04083703240866332
SOL,2026-01-08,1767730500,short,0.04122884245568503,0,0,0.0,0.0
SOL,2026-01-08,1767730500,long,0.03377115754431492,1,0,0.07099999999999995,0.07441916150777887
SOL,2026-01-07,1767731400,long,0.027119111752604397,1,0,0.38,0.13074547964831923
XRP,2026-01-09,1767732300,long,0.051093156139373264,0,0,0.0,0.0
ETH,2026-01-09,1767732300,long,0.021154179331251965,1,0,-0.050000000000000044,-0.15044136415060325
XRP,2026-01-08,1767732300,short,0.02675975611001813,1,0,-0.07999999999999996,-0.2497701546585166
XRP,2026-01-08,1767732300,long,0.025240243889981695,0,0,0.0,0.0
BTC,2026-01-07,1767732300,short,0.03871633069070013,2,1,-0.688,-0.5328227309361768
SOL,2026-01-07,1767734100,short,0.08183735522615787,1,0,0.55,0.17277641957059708
BTC,2026-01-08,1767734100,short,0.049643992876507004,2,1,0.14200000000000004,0.05086000087761067
ETH,2026-01-09,1767734100,short,0.024017877222008766,2,1,0.05799999999999997,-3.472020899425443e-05
BTC,2026-01-08,1767735000,long,0.027690522615024138,2,1,-0.2500000000000001,-0.29338803786076073
BTC,2026-01-09,1767735000,long,0.02365049254095064,2,1,-0.11000000000000001,-0.04572134863432087
BTC,2026-01-09,1767735000,long,0.02609274202703915,1,0,0.26,0.09316125503922526
BTC,2026-01-09,1767735000,short,0.023907257972960894,1,0,-0.24000000000000002,-0.07316125503922527
ETH,2026-01-08,1767735000,short,0.020871117827799157,2,1,0.14299999999999996,-0.04218449992315482
SOL,2026-01-09,1767735000,short,0.020269091608984935,1,0,-0.54,-0.4732979998371453
BTC,2026-01-09,1767735000,short,0.022173627938227414,2,1,0.087,0.03752779093520272
ETH,2026-01-08,1767735900,short,0.020645171749767544,1,0,-0.059000000000000004,0.11298879172439527
ETH,2026-01-08,1767735900,long,0.025354828250232275,1,0,-0.188,0.18136172700842668
BTC,2026-01-09,1767738600,long,0.02068123825968371,1,0,-0.09,-0.014316280378884577
ETH,2026-01-07,1767744000,short,0.027865437326812126,1,0,-0.46,0.2383316627334861
BTC,2026-01-07,1767744000,long,0.0219022532354618,1,0,-0.42,0.1259329328331507
SOL,2026-01-09,1767744900,short,0.031140776643120538,0,0,0.0,0.0
SOL,2026-01-07,1767748500,long,0.033970731280385635,2,1,-0.448,-0.021052217592009426
ETH,2026-01-08,1767752100,long,0.022154771186889466,2,1,-0.20800000000000002,-0.021972676247527162
SOL,2026-01-07,1767753000,short,0.026301247402915895,2,1,-0.35400000000000004,-0.0375533276047183
BTC,2026-01-07,1767770100,short,0.020622217955631572,2,1,0.58,0.48523823141202765
SOL,2026-01-09,1767778200,long,0.03558786978222539,1,0,0.07000000000000006,0.09610998694471273
BTC,2026-01-08,1767785400,short,0.02187385074389636,2,1,0.34,0.2855507543861719
BTC,2026-01-08,1767792600,long,0.020033855760662078,2,1,-0.121,-0.18948335551855905
XRP,2026-01-07,1767792600,long,0.13583923283417554,1,0,0.134,0.32276095262810944
ETH,2026-01-07,1767794400,short,0.028650237220505304,2,1,-0.623,0.04678026803460067
ETH,2026-01-08,1767798000,short,0.02267520101508691,2,1,0.1529999999999999,0.2843186735221468
BTC,2026-01-09,1767801600,long,0.02447691764779436,2,1,-0.16700000000000004,-0.15636011608108674
XRP,2026-01-08,1767802500,long,0.062434842928302814,2,1,0.19300000000000006,0.28986724576637457
ETH,2026-01-10,1767806100,short,0.023734402026109103,1,0,-0.66,-0.5147509777130962
ETH,2026-01-10,1767806100,short,0.03183271476361782,0,0,0.0,0.0
XRP,2026-01-10,1767806100,long,0.024141118590616184,0,0,0.0,0.0
XRP,2026-01-10,1767806100,short,0.05385888140938366,0,0,0.0,0.0
BTC,2026-01-10,1767806100,long,0.024793364091941106,2,1,-0.18000000000000005,-0.16358127342312678
ETH,2026-01-10,1767806100,short,0.027361067861853106,1,0,-0.16,-0.05671748450727841
XRP,2026-01-10,1767806100,long,0.024141118590616184,0,0,0.0,0.0
XRP,2026-01-10,1767806100,short,0.05385888140938366,0,0,0.0,0.0
ETH,2026-01-09,1767806100,short,0.02397960464055593,2,1,-0.66,-0.6562079825854824
BTC,2026-01-10,1767806100,short,0.030162039339569402,1,0,-0.4,-0.3351318396689838
BTC,2026-01-10,1767806100,short,0.020787663498129216,2,1,0.13999999999999996,0.11909506569948569
SOL,2026-01-08,1767806100,long,0.053459505692112774,2,1,0.31499999999999995,0.3632902732916962
ETH,2026-01-09,1767807000,short,0.028041824329136267,0,0,0.0,0.0
BTC,2026-01-10,1767807000,short,0.02359070666583407,1,0,-0.22,-0.13703208620732815
BTC,2026-01-10,1767807000,long,0.026409293334165973,1,0,-0.44,-0.334874890182281
BTC,2026-01-10,1767807000,short,0.028063756849994403,2,1,0.19999999999999996,0.23242998257288092
ETH,2026-01-09,1767807000,long,0.031760411166182445,1,0,-0.39,-0.27784858396086565
ETH,2026-01-09,1767808800,long,0.02337145117266859,2,1,-0.18800000000000006,-0.21380451449154358
ETH,2026-01-09,1767808800,long,0.02074188896436535,1,0,0.33999999999999997,0.3983990339902285
ETH,2026-01-09,1767808800,short,0.02925811103563447,2,1,-0.6500000000000001,-0.649047597658795
BTC,2026-01-10,1767808800,long,0.02020817755001425,1,0,0.36,0.42096967309818306
ETH,2026-01-10,1767808800,long,0.020946904077234985,1,0,0.16999999999999993,0.07819241534973083
ETH,2026-01-10,1767809700,long,0.02108994888692295,1,0,0.04200000000000004,0.08500891111791656
ETH,2026-01-09,1767810600,short,0.032750333900987805,1,0,-0.14,-0.10668717159682373
BTC,2026-01-09,1767810600,short,0.031157821575775513,2,1,0.13999999999999996,0.15399784927512902
BTC,2026-01-09,1767810600,short,0.022691916973629267,2,1,0.24999999999999992,0.26374143693912117
ETH,2026-01-08,1767810600,short,0.03689804886617232,1,0,-0.061,-0.023125095837759707
SOL,2026-01-08,1767811500,long,0.03378257856349931,2,1,0.2799999999999999,0.31468483571114225
SOL,2026-01-08,1767811500,short,0.030217421436500413,2,1,-0.21599999999999997,-0.2506848357111423
BTC,2026-01-08,1767813300,long,0.020356961432201448,2,1,0.59,0.5871650045170335
BTC,2026-01-10,1767814200,long,0.032197101483766755,1,0,-0.15000000000000002,-0.1679500685880669
SOL,2026-01-09,1767816000,long,0.03854852638870665,0,0,0.0,0.0
ETH,2026-01-10,1767817800,short,0.028998928329561857,0,0,0.0,0.0
BTC,2026-01-10,1767817800,short,0.028159183434773416,1,0,-0.16000000000000003,-0.17739850061861565
BTC,2026-01-10,1767817800,long,0.021840816565226406,0,0,0.0,0.0
BTC,2026-01-09,1767819600,long,0.02709539250979276,2,1,0.7299999999999999,0.731467112876422
BTC,2026-01-09,1767820500,long,0.022150922570495668,2,1,-0.21000000000000008,-0.2311116995408122
SOL,2026-01-09,1767821400,long,0.023270267546970924,0,0,0.0,0.0
SOL,2026-01-09,1767821400,short,0.026729732453028898,1,0,-0.15000000000000002,-0.01325120891264267
BTC,2026-01-08,1767823200,short,0.020494129528708993,2,1,0.22699999999999998,0.2509810083926783
ETH,2026-01-10,1767823200,long,0.020875090249673933,1,0,0.66,0.5196930011846544
ETH,2026-01-10,1767825000,long,0.021987272161348548,1,0,0.050000000000000044,0.003072464891175887
ETH,2026-01-08,1767825900,long,0.02934965796933242,2,1,0.47,0.4650106992843819
ETH,2026-01-08,1767827700,long,0.022122273301916184,2,1,-0.17400000000000004,-0.2948278912255118
BTC,2026-01-08,1767828600,short,0.036343432615179416,2,1,-0.49000000000000005,-0.47158517549311696
SOL,2026-01-09,1767829500,short,0.027271806237859963,1,0,-0.020999999999999998,-0.04748781591844548
SOL,2026-01-10,1767831300,short,0.04606883414406973,1,0,-0.17000000000000004,-0.16124370848765784
SOL,2026-01-09,1767832200,short,0.034580813300931906,2,1,-0.13099999999999998,-0.020981210620152776
ETH,2026-01-10,1767832200,short,0.05223394195648723,0,0,0.0,0.0
BTC,2026-01-09,1767833100,short,0.02030070608125001,2,1,-0.67,-0.6733134547951142
SOL,2026-01-09,1767846600,long,0.031576623279348626,1,0,0.10999999999999999,0.05412786712984302
XRP,2026-01-08,1767847500,long,0.0526268370474432,2,1,-0.22,-0.10073644059721575
ETH,2026-01-08,1767847500,short,0.026267972462339195,2,1,-0.37000000000000005,-0.3511653418909243
XRP,2026-01-08,1767849300,short,0.057988888549174,1,0,-0.21300000000000002,-0.10070099463941776
XRP,2026-01-08,1767852900,long,0.030059704700793333,2,1,0.384,0.3543726100522245
ETH,2026-01-10,1767854700,long,0.02033739093651632,0,0,0.0,0.0
ETH,2026-01-10,1767854700,short,0.029662609063483836,0,0,0.0,0.0
XRP,2026-01-08,1767855600,short,0.02961731894953734,2,1,0.401,0.19163316675490913
BTC,2026-01-10,1767856500,short,0.03143773343193157,0,0,0.0,0.0
XRP,2026-01-08,1767858300,long,0.02056189227562677,2,1,-0.29599999999999993,-0.13380541068063637
XRP,2026-01-08,1767858300,short,0.02443810772437338,2,1,0.34099999999999997,0.1788054106806364
ETH,2026-01-10,1767859200,short,0.020398736537681483,0,0,0.0,0.0
ETH,2026-01-10,1767859200,long,0.06960126346231865,1,0,0.15000000000000002,0.21081420574393214
ETH,2026-01-10,1767859200,short,0.020398736537681483,0,0,0.0,0.0
ETH,2026-01-10,1767859200,long,0.06960126346231865,1,0,0.15000000000000002,0.21081420574393214
BTC,2026-01-09,1767864600,short,0.022692633007259433,2,1,0.32199999999999995,0.23682356496962742
BTC,2026-01-09,1767874500,long,0.020101765067394917,2,1,-0.124,-0.03294635049881371
BTC,2026-01-10,1767874500,long,0.029962236414684984,1,0,-0.07299999999999995,-0.025982867994002977
ETH,2026-01-10,1767875400,short,0.03854617578165537,0,0,0.0,0.0
XRP,2026-01-09,1767877200,long,0.0918866225135655,2,1,0.73,0.6113214101156484
XRP,2026-01-09,1767877200,short,0.06696356758333344,1,0,-0.028000000000000025,0.014210632843370687
XRP,2026-01-09,1767877200,short,0.021748241470693763,2,1,0.1,0.1775568997296249
XRP,2026-01-09,1767879000,long,0.023016464285849247,2,1,-0.06999999999999997,-0.14088520240010433
XRP,2026-01-09,1767879000,short,0.05109808299081964,2,1,0.40900000000000003,0.3424649487227373
XRP,2026-01-09,1767879000,long,0.021901917009180538,2,1,-0.33599999999999997,-0.26946494872273724
XRP,2026-01-09,1767879000,short,0.05109808299081964,2,1,0.40900000000000003,0.3424649487227373
XRP,2026-01-09,1767879000,long,0.021901917009180538,2,1,-0.33599999999999997,-0.26946494872273724
ETH,2026-01-09,1767881700,short,0.02015451159808923,2,1,0.129,0.05632155012813886
ETH,2026-01-10,1767882600,short,0.032189552032765634,2,1,0.18499999999999994,0.16135542362272046
XRP,2026-01-09,1767883500,long,0.02266466053475269,1,0,-0.20099999999999996,-0.004429801842241482
BTC,2026-01-08,1767883500,long,0.05711412952708894,2,1,-0.724,-0.22661696406496656
XRP,2026-01-09,1767885300,long,0.040685241058517674,1,0,0.13,0.20118278635331352
XRP,2026-01-09,1767885300,short,0.029314758941482277,1,0,-0.49,-0.360109605303312
ETH,2026-01-09,1767886200,short,0.027417766440474556,2,1,0.382,0.3263319333484318
ETH,2026-01-10,1767892500,short,0.02582954964918105,1,0,0.62,0.5255688170916406
BTC,2026-01-11,1767892500,long,0.020922645124754613,1,0,0.16000000000000003,0.15505525647570276
BTC,2026-01-10,1767892500,short,0.04280974268821913,2,1,-0.6500000000000001,-0.6466921396648413
SOL,2026-01-11,1767892500,short,0.030419132668716986,1,0,-0.053,-0.09075781943500491
SOL,2026-01-11,1767892500,long,0.025580867331282953,0,0,0.0,0.0
SOL,2026-01-11,1767892500,short,0.030419132668716986,1,0,-0.053,-0.09075781943500491
SOL,2026-01-11,1767892500,long,0.025580867331282953,0,0,0.0,0.0
ETH,2026-01-10,1767892500,short,0.03874662591986511,1,0,-0.09999999999999998,-0.15491549110971364
ETH,2026-01-11,1767892500,long,0.02176784953153854,0,0,0.0,0.0
BTC,2026-01-11,1767892500,short,0.03403819672831776,1,0,-0.32000000000000006,-0.3270982340054753
SOL,2026-01-10,1767892500,long,0.03147158084593982,1,0,0.04800000000000004,0.031039252753535897
SOL,2026-01-10,1767892500,short,0.025528419154060122,1,0,-0.031,-0.014039252753535854
BTC,2026-01-10,1767892500,long,0.02924630598060629,2,1,-0.21000000000000002,-0.1854670496636591
SOL,2026-01-10,1767892500,long,0.03147158084593982,1,0,0.04800000000000004,0.031039252753535897
SOL,2026-01-10,1767892500,short,0.025528419154060122,1,0,-0.031,-0.014039252753535854
ETH,2026-01-11,1767892500,short,0.03402740280805938,2,1,-0.65,-0.6473384576229659
ETH,2026-01-11,1767893400,short,0.02106522512687581,1,0,0.25,0.2925806084836107
SOL,2026-01-10,1767893400,short,0.10300320592875761,0,0,0.0,0.0
ETH,2026-01-11,1767895200,short,0.024805779458995758,1,0,0.38,0.3934898297131715
BTC,2026-01-10,1767895200,short,0.02215091177322348,1,0,-0.14,-0.07725582647551753
ETH,2026-01-10,1767895200,long,0.025883441556560305,0,0,0.0,0.0
ETH,2026-01-09,1767895200,long,0.0343642956389032,1,0,0.32999999999999996,0.345974077034093
BTC,2026-01-10,1767895200,short,0.025185778026568517,2,1,0.21000000000000008,0.24941530978279405
BTC,2026-01-10,1767896100,short,0.03541008093577125,2,1,-0.65,-0.6447444153038837
BTC,2026-01-10,1767896100,long,0.024589919064228694,2,1,0.71,0.7047444153038837
BTC,2026-01-11,1767896100,short,0.02065658392688252,2,1,0.20999999999999996,0.21541236400280395
ETH,2026-01-11,1767899700,long,0.020877360611957663,1,0,0.43999999999999995,0.41983481152117363
ETH,2026-01-11,1767899700,long,0.025916793646893588,1,0,-0.23,-0.24705200372482783
BTC,2026-01-09,1767900600,short,0.025847247490482506,2,1,0.26600000000000007,0.33048760965384033
ETH,2026-01-10,1767900600,short,0.024265326496857087,0,0,0.0,0.0
ETH,2026-01-09,1767904200,long,0.03672762162298726,1,0,-0.5,-0.30437269799684064
SOL,2026-01-09,1767904200,long,0.028831570842953624,2,1,0.30399999999999994,0.4278860800942105
BTC,2026-01-09,1767906000,long,0.04298227256574649,2,1,0.5700000000000001,0.566708611416669
SOL,2026-01-10,1767906000,long,0.02035657187667872,1,0,0.36,0.2851426985496715
SOL,2026-01-10,1767906000,short,0.02964342812332127,1,0,-0.09999999999999998,-0.13697610999469562
SOL,2026-01-09,1767910500,short,0.10051489085459392,2,1,-0.462,-0.4502161929330103
BTC,2026-01-11,1767910500,short,0.020037625420823213,0,0,0.0,0.0
ETH,2026-01-09,1767912300,short,0.0365479392130007,2,1,-0.49,-0.42941744946558286
BTC,2026-01-10,1767915000,long,0.02080135089683255,2,1,-0.17000000000000004,-0.21269319587732222
BTC,2026-01-10,1767915900,short,0.022027511310502845,1,0,-0.03,-0.018855557658313114
ETH,2026-01-10,1767915900,short,0.02600258539247713,2,1,-0.66,-0.6389152832967278
ETH,2026-01-10,1767915900,long,0.023997414607522805,2,1,0.71,0.6889152832967276
ETH,2026-01-11,1767916800,long,0.0200569451139172,2,1,-0.09999999999999998,-0.06951923535128346
SOL,2026-01-09,1767919500,long,0.03647884455916062,2,1,-0.366,-0.4384539483455781
BTC,2026-01-09,1767922200,long,0.020751152451155663,2,1,-0.298,-0.31457905493137533
ETH,2026-01-11,1767945600,long,0.021716017625095896,1,0,0.13,0.0883343230846921
ETH,2026-01-11,1767945600,short,0.028283982374904038,1,0,0.43999999999999995,0.37093246790762113
ETH,2026-01-11,1767945600,short,0.02742478797582454,1,0,-0.05,-0.06813103968083152
ETH,2026-01-10,1767948300,long,0.029968003183384884,2,1,-0.33,-0.35146137837453145
ETH,2026-01-10,1767949200,long,0.03294498626605069,2,1,-0.10099999999999998,-0.0750532475238459
BTC,2026-01-09,1767949200,long,0.06484854429916065,2,1,-0.3680000000000001,0.04022361267668628
BTC,2026-01-11,1767959100,long,0.02673119174437666,2,1,-0.27,-0.2232042919662074
ETH,2026-01-11,1767960900,short,0.05515741640986016,2,1,-0.24,-0.22072229437848176
BTC,2026-01-09,1767964500,short,0.03288682082455685,2,1,0.21999999999999997,-0.13605213336747957
ETH,2026-01-11,1767965400,short,0.021458608480383945,2,1,0.132,0.08164325405153336
BTC,2026-01-11,1767971700,long,0.024924634905570953,1,0,0.16999999999999993,0.2791894709224067
BTC,2026-01-11,1767973500,short,0.032022889510415764,2,1,0.309,0.2877612036300574
BTC,2026-01-12,1767978900,short,0.03180172817296523,2,1,0.20999999999999996,0.1600998381901078
BTC,2026-01-11,1767978900,short,0.022251976338942936,2,1,-0.54,-0.5259348198339897
ETH,2026-01-12,1767978900,short,0.030696310709399377,1,0,0.42000000000000004,0.3944179213739351
ETH,2026-01-11,1767978900,short,0.031639213413892975,1,0,-0.15000000000000002,-0.17344013499904784
BTC,2026-01-10,1767978900,short,0.02027104223595899,2,1,-0.41000000000000003,-0.34583846238487853
ETH,2026-01-12,1767979800,long,0.03862311808976138,1,0,0.47,0.4039609989019704
ETH,2026-01-10,1767979800,short,0.02029163814150159,2,1,-0.6130000000000001,-0.5475759667282487
ETH,2026-01-11,1767981600,short,0.03428645824644594,2,1,0.3599999999999999,0.3196753079049688
BTC,2026-01-11,1767982500,long,0.02323713335142985,2,1,-0.241,-0.20602254018197036
BTC,2026-01-10,1767982500,long,0.03131282432067861,2,1,-0.17500000000000002,-0.019513824734720686
BTC,2026-01-12,1767984300,short,0.027078685205349617,1,0,0.71,0.5097820607561294
BTC,2026-01-12,1767984300,long,0.028543843513396006,1,0,0.71,0.5097820607561294
BTC,2026-01-12,1767987000,long,0.02523220819766947,1,0,-0.77,-0.5273838389878437
ETH,2026-01-10,1767987900,short,0.024956676984652204,2,1,0.30700000000000005,0.4315536396636599
ETH,2026-01-12,1767987900,long,0.021548227442549583,1,0,-0.5700000000000001,-0.37189086599128274
ETH,2026-01-12,1767991500,short,0.0410886869379512,0,0,0.0,0.0
ETH,2026-01-12,1767991500,short,0.026159835349877314,0,0,0.0,0.0
BTC,2026-01-10,1767994200,long,0.03317788461889726,1,0,0.029000000000000026,0.044054264503342176
ETH,2026-01-11,1767994200,long,0.020022859875415522,2,1,0.6400000000000001,0.4748336071133144
ETH,2026-01-12,1767999600,short,0.024886469983753656,1,0,-0.040000000000000036,0.005710656223927392
ETH,2026-01-10,1768013100,long,0.024828747769793935,2,1,0.31800000000000006,0.44985212406876113
BTC,2026-01-12,1768024800,long,0.02286619344068841,1,0,-0.33999999999999997,-0.02864961194265958
ETH,2026-01-12,1768032000,long,0.04551454692483614,0,0,0.0,0.0
ETH,2026-01-10,1768034700,long,0.03205178496142924,1,0,0.0040000000000000036,0.00400005528124831
ETH,2026-01-11,1768041900,long,0.020026212888236472,2,1,-0.471,-0.2512748248875695
ETH,2026-01-13,1768065300,long,0.037829477545853196,1,0,0.51,0.21225553119077412
BTC,2026-01-11,1768065300,short,0.09063789903295733,2,1,-0.24000000000000005,-0.20153530136882342
ETH,2026-01-12,1768066200,long,0.031821348948180894,0,0,0.0,0.0
ETH,2026-01-13,1768067100,long,0.02165282227738219,0,0,0.0,0.0
BTC,2026-01-13,1768067100,long,0.020415206282325737,1,0,0.08999999999999997,0.26317266892120383
ETH,2026-01-13,1768067100,short,0.029263377387754086,1,0,0.51,0.2038547358858478
ETH,2026-01-13,1768067100,short,0.021363616182205725,0,0,0.0,0.0
BTC,2026-01-13,1768068000,short,0.026656368542223308,2,1,0.28,0.10034189749504802
BTC,2026-01-13,1768068000,long,0.03553200292590075,2,1,-0.30999999999999994,-0.36699349877019627
ETH,2026-01-11,1768068900,short,0.06931397209290746,2,1,-0.5810000000000001,-0.2977916387865808
ETH,2026-01-13,1768069800,long,0.020515688221595108,2,1,-0.31000000000000005,-0.2107663843056239
ETH,2026-01-13,1768072500,short,0.021917495549708677,2,1,0.15999999999999992,0.028182600682013947
ETH,2026-01-12,1768074300,long,0.026504257378463958,1,0,0.12,0.02223451822679881
BTC,2026-01-12,1768075200,long,0.02669586159278925,2,1,-0.44000000000000006,-0.5142156829635626
ETH,2026-01-11,1768076100,short,0.11300090670096236,2,1,0.547,0.44471530928278485
ETH,2026-01-12,1768081500,short,0.028518925182895005,1,0,-0.06999999999999999,-0.15099261623632448
ETH,2026-01-13,1768083300,short,0.022701866896790546,1,0,-0.52,-0.16587477219344526
BTC,2026-01-13,1768084200,long,0.02104860070849157,1,0,-0.13,0.14563414032306715
BTC,2026-01-12,1768086000,short,0.04545458494339827,2,1,0.4700000000000001,0.5807003490792433
ETH,2026-01-12,1768092300,short,0.022163696144983924,1,0,-0.12,-0.003914187675172473
ETH,2026-01-12,1768093200,short,0.02027261828187099,1,0,-0.027000000000000024,0.0010713801859917535
BTC,2026-01-13,1768095900,short,0.03511643788487406,1,0,-0.37,0.03906132202650914
ETH,2026-01-11,1768102200,long,0.03784536330166133,2,1,0.5900000000000001,0.27567569530755587
BTC,2026-01-12,1768108500,short,0.022889544694929764,2,1,0.2599999999999999,0.07505282320970999
BTC,2026-01-13,1768116600,short,0.02177058278783628,2,1,-0.7699999999999999,-0.5618377091040696
ETH,2026-01-13,1768121100,long,0.02787578014533576,1,0,0.16999999999999993,0.366168443482652
ETH,2026-01-12,1768124700,short,0.024213443484952246,2,1,0.10600000000000001,0.15886063244770163
SOL,2026-01-13,1768131900,short,0.041297450486776244,0,0,0.0,0.0
SOL,2026-01-13,1768131900,long,0.03270254951322382,1,0,0.03500000000000003,0.08913330196790659
SOL,2026-01-13,1768131900,short,0.04461277970357591,1,0,-0.08999999999999997,0.13368777258872763
SOL,2026-01-13,1768131900,long,0.0653872202964243,0,0,0.0,0.0
SOL,2026-01-12,1768131900,short,0.02502422683200417,2,1,0.75,0.5080531546723094
SOL,2026-01-13,1768131900,short,0.041297450486776244,0,0,0.0,0.0
SOL,2026-01-13,1768131900,long,0.03270254951322382,1,0,0.03500000000000003,0.08913330196790659
SOL,2026-01-13,1768131900,short,0.04461277970357591,1,0,-0.08999999999999997,0.13368777258872763
SOL,2026-01-13,1768131900,long,0.0653872202964243,0,0,0.0,0.0
SOL,2026-01-12,1768136400,long,0.044524425607539886,1,0,-0.74,-0.31266669831538063
BTC,2026-01-12,1768137300,long,0.026804740146012085,1,0,0.72,0.4992653924876771
ETH,2026-01-13,1768142700,long,0.02209950483050349,1,0,-0.43000000000000005,-0.19803168949803035
BTC,2026-01-12,1768148100,long,0.021056088680091234,2,1,-0.21999999999999997,-0.06246758582272438
SOL,2026-01-12,1768149000,short,0.11529904834924465,1,0,-0.020999999999999998,-0.044183428082352816
XRP,2026-01-13,1768151700,long,0.03515521893739404,0,0,0.0,0.0
XRP,2026-01-13,1768151700,short,0.04484478106260592,0,0,0.0,0.0
ETH,2026-01-14,1768151700,short,0.03507457129503222,0,0,0.0,0.0
SOL,2026-01-14,1768151700,short,0.05847091811429145,0,0,0.0,0.0
SOL,2026-01-14,1768151700,long,0.042059689305732784,0,0,0.0,0.0
SOL,2026-01-14,1768151700,short,0.027940310694267056,0,0,0.0,0.0
ETH,2026-01-14,1768151700,long,0.03754882289935524,0,0,0.0,0.0
BTC,2026-01-14,1768151700,short,0.02646300496550369,1,0,-0.33999999999999997,0.3635841673048369
BTC,2026-01-14,1768151700,short,0.02879072661218751,1,0,0.36,-0.3435841673048369
ETH,2026-01-14,1768151700,long,0.023984535464796952,0,0,0.0,0.0
SOL,2026-01-14,1768151700,long,0.042059689305732784,0,0,0.0,0.0
SOL,2026-01-14,1768151700,short,0.027940310694267056,0,0,0.0,0.0
XRP,2026-01-12,1768151700,short,0.07533491194026301,1,0,-0.050000000000000044,-0.052823270688487446
SOL,2026-01-12,1768151700,long,0.08016241316734707,1,0,0.5800000000000001,0.29030987735094466
ETH,2026-01-13,1768151700,long,0.030056821894717034,1,0,0.4,0.22663370055823107
BTC,2026-01-14,1768151700,long,0.03185084805080285,0,0,0.0,0.0
XRP,2026-01-13,1768151700,long,0.03515521893739404,0,0,0.0,0.0
XRP,2026-01-13,1768151700,short,0.04484478106260592,0,0,0.0,0.0
XRP,2026-01-12,1768152600,short,0.09028361669001428,0,0,0.0,0.0
BTC,2026-01-14,1768152600,long,0.02401828924380034,1,0,0.36,-0.345896662663454
SOL,2026-01-14,1768152600,short,0.031345792823477714,0,0,0.0,0.0
SOL,2026-01-14,1768152600,long,0.02865420717652234,0,0,0.0,0.0
XRP,2026-01-12,1768152600,short,0.04464435555382623,2,1,-0.49000000000000005,-0.49837291092740293
ETH,2026-01-13,1768153500,short,0.02928662335025134,1,0,0.42000000000000004,0.22399079660753346
ETH,2026-01-14,1768153500,short,0.02046238950907564,0,0,0.0,0.0
ETH,2026-01-12,1768158000,long,0.02400631954287591,2,1,0.5199999999999999,0.5184062323267978
ETH,2026-01-14,1768158000,short,0.020896869319060207,0,0,0.0,0.0
BTC,2026-01-14,1768158900,short,0.02274608336181183,0,0,0.0,0.0
ETH,2026-01-14,1768158900,long,0.02133179041847999,1,0,0.17000000000000004,-0.2412178912222533
ETH,2026-01-13,1768159800,long,0.025114952635739263,1,0,0.13,0.0274126748929059
BTC,2026-01-13,1768161600,short,0.021295563139596463,2,1,0.26,0.08157114034018706
BTC,2026-01-14,1768161600,short,0.02175171955960775,0,0,0.0,0.0
BTC,2026-01-12,1768162500,long,0.021746385089649323,2,1,-0.4700000000000001,-0.5813950264423594
SOL,2026-01-13,1768162500,long,0.03643652903772887,2,1,0.124,0.08932327523095532
ETH,2026-01-13,1768162500,long,0.024539011517941134,1,0,-0.13,0.01866022077586943
BTC,2026-01-14,1768163400,short,0.0239678393279803,0,0,0.0,0.0
BTC,2026-01-13,1768164300,long,0.021603814536636623,1,0,-0.71,-0.31871445534255904
ETH,2026-01-14,1768164300,long,0.029620881665873844,0,0,0.0,0.0
BTC,2026-01-14,1768164300,short,0.028210323071930277,2,1,0.25,0.0004086977292996896
BTC,2026-01-14,1768164300,long,0.021789676928069657,1,0,-0.38,0.44484484344342423
SOL,2026-01-13,1768166100,short,0.0400258946756006,0,0,0.0,0.0
SOL,2026-01-13,1768166100,long,0.03197410532439937,2,1,0.132,0.06755807247401939
ETH,2026-01-12,1768167000,long,0.021546099378057626,2,1,-0.33799999999999997,-0.2785658506490727
BTC,2026-01-13,1768167000,long,0.023475375564774303,2,1,-0.22999999999999998,-0.03272256122824663
ETH,2026-01-12,1768167900,short,0.020612767131546805,2,1,-0.5,-0.45464339746620075
ETH,2026-01-12,1768168800,long,0.024247179290571408,2,1,-0.07999999999999997,-0.10339814845052092
BTC,2026-01-13,1768175100,long,0.03354976056407999,1,0,0.07999999999999996,0.24729420596917157
ETH,2026-01-14,1768176000,short,0.044255052838882536,1,0,-0.06000000000000005,0.15356168018099736
ETH,2026-01-13,1768176000,short,0.0687430592492595,1,0,-0.03300000000000003,0.01031310121375515
ETH,2026-01-13,1768178700,short,0.027825308130235427,1,0,-0.13,0.04071293056429065
ETH,2026-01-13,1768178700,long,0.032174691869764516,1,0,0.20999999999999996,0.4002618326791311
BTC,2026-01-14,1768179600,long,0.035935833494997294,1,0,-0.94,-0.7150206862916345
BTC,2026-01-14,1768179600,short,0.04406416650500289,1,0,0.94,0.7150206862916345
BTC,2026-01-12,1768179600,short,0.042416044020566424,2,1,-0.7020000000000001,-0.5343901079669567
BTC,2026-01-12,1768181400,short,0.028943342426590524,2,1,0.5299999999999999,0.4654697018939592
XRP,2026-01-12,1768183200,long,0.03547926049918382,1,0,0.010000000000000009,0.024021199843510005
ETH,2026-01-13,1768184100,long,0.025439883163254073,1,0,0.31999999999999995,0.18597126376022094
ETH,2026-01-13,1768184100,short,0.02456011683674575,2,1,-0.6000000000000001,-0.5938208172723953
BTC,2026-01-13,1768185000,short,0.020691827722526868,1,0,-0.19000000000000006,0.008221310046100216
ETH,2026-01-14,1768185000,short,0.02131820779782967,0,0,0.0,0.0
ETH,2026-01-13,1768190400,long,0.02522191172011401,1,0,-0.32,-0.42258316830377296
ETH,2026-01-13,1768193100,short,0.021957177162337804,1,0,-0.022,-0.032413265493415534
BTC,2026-01-12,1768207500,long,0.021484080438534114,2,1,-0.881,-0.7082255891120084
XRP,2026-01-13,1768208400,short,0.052076825112319064,1,0,-0.03,-0.0881656872250477
XRP,2026-01-13,1768208400,long,0.05792317488768117,1,0,0.29000000000000004,0.07673853681519191
BTC,2026-01-14,1768208400,long,0.023300227451317213,0,0,0.0,0.0
ETH,2026-01-12,1768215600,long,0.02061709121180999,0,0,0.0,0.0
BTC,2026-01-13,1768215600,short,0.021009292412804248,0,0,0.0,0.0
SOL,2026-01-13,1768218300,long,0.03152117858048098,0,0,0.0,0.0
SOL,2026-01-13,1768218300,short,0.042478821419519086,0,0,0.0,0.0
SOL,2026-01-13,1768218300,short,0.023048714346780297,0,0,0.0,0.0
SOL,2026-01-13,1768218300,long,0.07095128565321973,0,0,0.0,0.0
SOL,2026-01-13,1768218300,long,0.03152117858048098,0,0,0.0,0.0
SOL,2026-01-13,1768218300,short,0.042478821419519086,0,0,0.0,0.0
SOL,2026-01-13,1768218300,short,0.023048714346780297,0,0,0.0,0.0
SOL,2026-01-13,1768218300,long,0.07095128565321973,0,0,0.0,0.0
BTC,2026-01-13,1768228200,short,0.039939799159485756,0,0,0.0,0.0
BTC,2026-01-13,1768234500,long,0.02030602889865496,0,0,0.0,0.0
ETH,2026-01-15,1768238100,short,0.020018942537362694,0,0,0.0,0.0
BTC,2026-01-15,1768238100,short,0.058976589996251105,0,0,0.0,0.0
BTC,2026-01-15,1768238100,short,0.06717140371142316,0,0,0.0,0.0
ETH,2026-01-13,1768238100,long,0.09933697983023615,0,0,0.0,0.0
BTC,2026-01-15,1768238100,long,0.06674303557216454,0,0,0.0,0.0
BTC,2026-01-15,1768238100,short,0.031119488811750307,0,0,0.0,0.0
BTC,2026-01-14,1768238100,short,0.13057426897990998,0,0,0.0,0.0
BTC,2026-01-13,1768238100,short,0.22385394579331508,0,0,0.0,0.0
ETH,2026-01-14,1768238100,long,0.029293340947555757,0,0,0.0,0.0
XRP,2026-01-13,1768238100,long,0.07450526081491748,0,0,0.0,0.0
XRP,2026-01-13,1768238100,short,0.06549473918508264,0,0,0.0,0.0
ETH,2026-01-14,1768238100,short,0.05497763502725139,0,0,0.0,0.0
SOL,2026-01-15,1768238100,short,0.21115098090787843,0,0,0.0,0.0
ETH,2026-01-14,1768238100,long,0.05276727298882444,0,0,0.0,0.0
XRP,2026-01-13,1768238100,long,0.07450526081491748,0,0,0.0,0.0
XRP,2026-01-13,1768238100,short,0.06549473918508264,0,0,0.0,0.0
XRP,2026-01-13,1768238100,long,0.2005090405540666,0,0,0.0,0.0
SOL,2026-01-15,1768238100,long,0.1968722930231821,0,0,0.0,0.0
BTC,2026-01-14,1768239000,long,0.16470985976251362,1,0,-0.54,0.2859060309895759
XRP,2026-01-13,1768239900,long,0.021969968232105286,0,0,0.0,0.0
XRP,2026-01-13,1768239900,short,0.10203003176789471,0,0,0.0,0.0
ETH,2026-01-14,1768239900,long,0.027264695509318537,0,0,0.0,0.0
ETH,2026-01-14,1768239900,short,0.022735304490681285,0,0,0.0,0.0
ETH,2026-01-13,1768242600,short,0.03897165912812606,0,0,0.0,0.0
ETH,2026-01-13,1768243500,short,0.08178069610949923,0,0,0.0,0.0
ETH,2026-01-14,1768244400,short,0.0465121318969377,0,0,0.0,0.0
ETH,2026-01-14,1768245300,long,0.03734064364556611,0,0,0.0,0.0
BTC,2026-01-14,1768248000,short,0.06551646867354499,0,0,0.0,0.0
BTC,2026-01-13,1768248000,short,0.23674772575128777,1,0,-0.025000000000000022,0.02630014263937392
ETH,2026-01-13,1768249800,long,0.030438376467964767,1,0,0.06999999999999995,-0.06512868298775701
ETH,2026-01-13,1768249800,long,0.021774679987096146,1,0,-0.06000000000000005,0.0751286829877569
BTC,2026-01-14,1768249800,short,0.057251760149601316,1,0,0.89,0.3179213360613097
BTC,2026-01-15,1768250700,long,0.10018252371996339,0,0,0.0,0.0
ETH,2026-01-14,1768250700,long,0.039576857354999495,1,0,-0.14,0.4417695992567158
BTC,2026-01-13,1768250700,long,0.03245144880857653,1,0,0.17000000000000004,-0.13556808807765625
SOL,2026-01-15,1768250700,long,0.07521409349211217,0,0,0.0,0.0
SOL,2026-01-15,1768250700,short,0.02378590650788759,0,0,0.0,0.0
BTC,2026-01-14,1768252500,long,0.028106652166156376,1,0,-0.87,-0.3321906616162873
XRP,2026-01-13,1768252500,long,0.04282453304340805,1,0,0.77,0.5243931500257919
XRP,2026-01-13,1768252500,short,0.026175466956591786,0,0,0.0,0.0
SOL,2026-01-14,1768255200,short,0.043745842095936904,0,0,0.0,0.0
XRP,2026-01-14,1768255200,long,0.06750907656896166,0,0,0.0,0.0
XRP,2026-01-14,1768262400,short,0.055284805199919185,1,0,-0.04,-0.15464341836901974
BTC,2026-01-14,1768262400,short,0.036784032779140774,2,1,0.37,0.2539815694294383
SOL,2026-01-14,1768262400,long,0.04731159636425186,2,1,-0.4810000000000001,-0.1430214421084412
XRP,2026-01-14,1768262400,long,0.05475410765296007,0,0,0.0,0.0
XRP,2026-01-14,1768262400,long,0.037322856148505945,1,0,-0.25,0.14297152088188192
XRP,2026-01-15,1768262400,short,0.05456260731799456,1,0,-0.31000000000000005,-0.18445127629566987
XRP,2026-01-15,1768262400,long,0.06543739268200532,0,0,0.0,0.0
SOL,2026-01-15,1768262400,short,0.046059443949380996,1,0,-0.06999999999999999,-0.16125755646940373
XRP,2026-01-15,1768262400,long,0.08355040653590273,0,0,0.0,0.0
XRP,2026-01-15,1768262400,short,0.05456260731799456,1,0,-0.31000000000000005,-0.18445127629566987
XRP,2026-01-15,1768262400,long,0.06543739268200532,0,0,0.0,0.0
ETH,2026-01-15,1768263300,long,0.021380236349763715,1,0,-0.77,-0.2594244923065875
ETH,2026-01-15,1768263300,short,0.02861976365023633,1,0,0.79,0.2794244923065875
XRP,2026-01-14,1768263300,short,0.07349325885206776,2,1,-0.25999999999999995,0.016623105667305182
BTC,2026-01-13,1768263300,long,0.029824593856037085,2,1,-0.138,0.14726719720805048
XRP,2026-01-14,1768264200,short,0.0777973651178443,2,1,0.47,0.43164394236856024
BTC,2026-01-15,1768268700,long,0.02495881567185343,1,0,-0.31000000000000005,0.3926485319096842
SOL,2026-01-14,1768271400,short,0.032478876010932134,2,1,0.5609999999999999,0.20419682809684603
SOL,2026-01-14,1768271400,long,0.024125906384167672,1,0,0.61,0.07987785811505355
ETH,2026-01-13,1768271400,short,0.039268610455782726,2,1,-0.49000000000000005,-0.0773016662798019
ETH,2026-01-15,1768277700,short,0.020742398166678888,0,0,0.0,0.0
BTC,2026-01-13,1768278600,long,0.038669041990148756,2,1,0.718,0.22627321939919293
BTC,2026-01-15,1768279500,short,0.021575758435126713,1,0,-0.81,-0.32621257936386405
ETH,2026-01-15,1768280400,short,0.07620654380920933,0,0,0.0,0.0
BTC,2026-01-13,1768281300,short,0.0356187212228285,2,1,0.5,0.19446079349300743
BTC,2026-01-14,1768282200,long,0.02200838795538229,2,1,-0.132,-0.6049347519215695
BTC,2026-01-15,1768294800,long,0.024623936688642045,2,1,-0.15000000000000002,-0.4500812612878961
SOL,2026-01-13,1768308300,long,0.06526581137412801,1,0,0.18999999999999995,0.04655400841519944
BTC,2026-01-15,1768320900,short,0.02044291995534253,2,1,0.32999999999999996,0.2794606844613792
XRP,2026-01-15,1768323600,short,0.06589406778437412,0,0,0.0,0.0
XRP,2026-01-15,1768323600,long,0.024105932215625847,0,0,0.0,0.0
BTC,2026-01-16,1768324500,short,0.029110202804904062,1,0,-0.31000000000000005,-0.14417525814237858
BTC,2026-01-16,1768324500,long,0.02088979719509565,1,0,-0.5700000000000001,-0.3904429834704992
BTC,2026-01-16,1768324500,short,0.029110202804904062,1,0,-0.31000000000000005,-0.14417525814237858
BTC,2026-01-16,1768324500,long,0.02088979719509565,1,0,-0.5700000000000001,-0.3904429834704992
BTC,2026-01-16,1768324500,long,0.036709500204893386,1,0,0.20999999999999996,0.33848027181193474
SOL,2026-01-15,1768324500,long,0.02337811944625856,1,0,0.16000000000000003,0.18345690624661146
SOL,2026-01-15,1768324500,short,0.04662188055374139,0,0,0.0,0.0
BTC,2026-01-16,1768324500,short,0.02617976017924084,1,0,-0.12,-0.013906138974474139
ETH,2026-01-15,1768325400,short,0.022807169387190407,1,0,0.5700000000000001,0.05098212114281264
ETH,2026-01-15,1768325400,long,0.024559399889050315,2,1,-0.2699999999999999,-0.48091089031674605
ETH,2026-01-16,1768325400,long,0.020371987824619353,1,0,-0.07000000000000006,0.04527659160102461
ETH,2026-01-15,1768326300,long,0.02255890487047907,0,0,0.0,0.0
BTC,2026-01-15,1768326300,short,0.02747154874211688,1,0,-0.07000000000000006,0.1624632846761926
BTC,2026-01-16,1768326300,long,0.02055244589550842,1,0,-0.29000000000000004,-0.13163694513725302
BTC,2026-01-16,1768328100,short,0.02350078711756498,1,0,-0.54,-0.386108528010255
BTC,2026-01-16,1768328100,long,0.026499212882435064,1,0,0.22999999999999998,0.3449998037284416
BTC,2026-01-16,1768328100,short,0.02292612842487307,1,0,0.22999999999999998,0.3449998037284416
XRP,2026-01-15,1768329000,long,0.020313867800309193,0,0,0.0,0.0
ETH,2026-01-15,1768330800,long,0.024265155977075903,1,0,-0.81,-0.49405943456731427
ETH,2026-01-16,1768330800,short,0.020760084275138202,2,1,0.16999999999999993,0.08947964980049723
BTC,2026-01-15,1768330800,long,0.037167703978520095,2,1,0.906,0.7030368160451009
ETH,2026-01-14,1768330800,long,0.02771772557258667,2,1,-0.39,0.1320300364530429
ETH,2026-01-15,1768331700,short,0.02002221273111926,2,1,-0.8590000000000001,-0.6550759452833339
BTC,2026-01-16,1768331700,short,0.02223345003325783,1,0,-0.03600000000000003,0.005964494977829797
XRP,2026-01-15,1768333500,short,0.0566431411342333,2,1,0.18399999999999997,0.12595174107934604
SOL,2026-01-16,1768334400,long,0.03900631059529269,0,0,0.0,0.0
SOL,2026-01-16,1768334400,short,0.02099368940470725,0,0,0.0,0.0
SOL,2026-01-16,1768334400,long,0.027899409310283563,0,0,0.0,0.0
ETH,2026-01-16,1768334400,long,0.02197855241139135,0,0,0.0,0.0
SOL,2026-01-16,1768334400,long,0.03900631059529269,0,0,0.0,0.0
SOL,2026-01-16,1768334400,short,0.02099368940470725,0,0,0.0,0.0
SOL,2026-01-16,1768336200,short,0.040704917560510256,0,0,0.0,0.0
SOL,2026-01-16,1768336200,long,0.02929508243948975,0,0,0.0,0.0
ETH,2026-01-14,1768336200,long,0.024298466221605475,2,1,-0.42400000000000004,-0.8891422015983628
XRP,2026-01-14,1768336200,long,0.04950211495182377,0,0,0.0,0.0
ETH,2026-01-14,1768338900,short,0.020581072449390003,1,0,-0.44000000000000006,0.45080463020535466
ETH,2026-01-14,1768339800,short,0.0294391412133731,2,1,-0.899,-0.585850825310289
BTC,2026-01-15,1768340700,long,0.02820198390219142,1,0,-0.42000000000000004,-0.013517941582213866
BTC,2026-01-14,1768341600,short,0.023063456265060123,2,1,0.39,0.004008347621437258
ETH,2026-01-16,1768342500,short,0.025662660935957704,0,0,0.0,0.0
BTC,2026-01-16,1768342500,long,0.051296387905413576,1,0,-0.41000000000000003,-0.31353978060967896
BTC,2026-01-14,1768342500,long,0.06808394637765613,2,1,0.7599999999999999,0.5864992560932685
BTC,2026-01-16,1768342500,long,0.04691402844301873,2,1,-0.08800000000000002,-0.05564119437772314
BTC,2026-01-16,1768342500,short,0.023437219132110054,1,0,0.11299999999999999,0.07143029152747143
ETH,2026-01-14,1768342500,short,0.0715678494520583,2,1,0.17799999999999996,0.26794065061728234
BTC,2026-01-15,1768342500,short,0.04753709069251577,0,0,0.0,0.0
XRP,2026-01-14,1768342500,short,0.05315211957957855,2,1,0.277,0.27609597168089695
ETH,2026-01-14,1768342500,long,0.09934066273332576,1,0,0.21299999999999997,0.3471458659816711
SOL,2026-01-15,1768342500,long,0.12680962409667673,0,0,0.0,0.0
ETH,2026-01-15,1768342500,short,0.021536477985108604,2,1,0.183,0.2019135480962047
ETH,2026-01-15,1768342500,long,0.3840627957807321,1,0,0.257,0.2935519018384213
ETH,2026-01-15,1768343400,short,0.039610361280235984,1,0,0.11499999999999999,0.13922334110762874
ETH,2026-01-14,1768343400,short,0.3391689281728987,1,0,-0.02100000000000002,0.0053773259694657564
SOL,2026-01-14,1768343400,short,0.04047098574857699,1,0,-0.027999999999999997,-0.028567108010491556
BTC,2026-01-14,1768344300,short,0.029414868881025846,1,0,-0.086,-0.2493403060545284
ETH,2026-01-15,1768344300,long,0.022264131629219364,1,0,-0.306,-0.3081369913101987
ETH,2026-01-15,1768344300,short,0.023735868370780788,1,0,-0.118,-0.1191913865471824
BTC,2026-01-14,1768344300,long,0.02049792985372112,2,1,-0.07299999999999998,-0.20102351248299455
BTC,2026-01-16,1768345200,short,0.029706754492869858,1,0,-0.124,-0.07014394420597708
BTC,2026-01-16,1768345200,long,0.021293245507130187,1,0,-0.255,-0.16781554194743303
BTC,2026-01-16,1768347000,long,0.026841342621312325,1,0,-0.08,-0.0503500068308998
ETH,2026-01-15,1768347000,long,0.027691946898309894,1,0,-0.095,-0.10767040368855119
XRP,2026-01-14,1768347000,short,0.03829390170147329,2,1,0.28500000000000003,0.26423221139942177
XRP,2026-01-14,1768347000,long,0.02470609829852677,1,0,0.038000000000000034,0.03378762925232401
BTC,2026-01-14,1768347900,short,0.029435464118153787,2,1,0.44999999999999996,0.4032276385166321
BTC,2026-01-14,1768347900,long,0.030685574839437013,1,0,-0.21999999999999997,0.13463128014438686
XRP,2026-01-15,1768348800,long,0.03367935408027445,1,0,0.77,0.5282244110224837
SOL,2026-01-15,1768348800,short,0.07352892445279091,0,0,0.0,0.0
XRP,2026-01-14,1768349700,short,0.02620512661229568,1,0,-0.13,-0.1354447365001305
XRP,2026-01-14,1768349700,long,0.04379487338770427,2,1,0.4600000000000001,0.45809661389485207
XRP,2026-01-15,1768349700,long,0.044235447323059285,0,0,0.0,0.0
SOL,2026-01-15,1768349700,short,0.025559590913415642,1,0,0.26,0.17960837169868069
SOL,2026-01-15,1768349700,long,0.024440409086584403,0,0,0.0,0.0
XRP,2026-01-16,1768349700,long,0.03677431026036926,0,0,0.0,0.0
SOL,2026-01-15,1768350600,long,0.02276410245896021,0,0,0.0,0.0
SOL,2026-01-14,1768350600,long,0.028767394802762913,1,0,0.13,0.2278487103423849
SOL,2026-01-14,1768350600,short,0.025232605197237135,2,1,-0.20999999999999996,-0.20513663946193647
XRP,2026-01-15,1768350600,long,0.028878596540189205,0,0,0.0,0.0
XRP,2026-01-15,1768350600,short,0.026121403459810733,0,0,0.0,0.0
XRP,2026-01-16,1768351500,short,0.04097717934513745,0,0,0.0,0.0
XRP,2026-01-16,1768351500,long,0.0280228206548625,0,0,0.0,0.0
BTC,2026-01-15,1768352400,short,0.020389934013519184,2,1,-0.74,-0.6587281832022888
ETH,2026-01-15,1768352400,long,0.02027767427967242,1,0,-0.14,-0.11929834791361645
XRP,2026-01-16,1768354200,short,0.0635758172680988,0,0,0.0,0.0
XRP,2026-01-16,1768354200,long,0.02642418273190117,0,0,0.0,0.0
XRP,2026-01-15,1768356000,long,0.030108821918700235,0,0,0.0,0.0
BTC,2026-01-16,1768357800,long,0.02137446602332993,0,0,0.0,0.0
SOL,2026-01-14,1768357800,long,0.020462385821037987,2,1,0.21900000000000008,0.24887261319303722
BTC,2026-01-15,1768359600,long,0.026081263023497003,1,0,-0.07000000000000006,0.03151959461676303
ETH,2026-01-15,1768365000,short,0.022679961804653925,2,1,0.26,0.2761172566503365
BTC,2026-01-15,1768366800,short,0.023316575064965983,2,1,0.3599999999999999,0.33659659516541923
ETH,2026-01-14,1768368600,long,0.023345958705622172,2,1,-0.11199999999999999,-0.22445399224339524
BTC,2026-01-14,1768369500,long,0.027734958541117072,2,1,-0.55,-0.5333661197948789
XRP,2026-01-14,1768377600,long,0.08601444803005953,2,1,0.19399999999999995,0.13548099313159928
XRP,2026-01-15,1768381200,short,0.02101356581862579,0,0,0.0,0.0
ETH,2026-01-16,1768387500,long,0.022497245492816287,0,0,0.0,0.0
XRP,2026-01-15,1768390200,long,0.026236544232210113,1,0,-0.18000000000000002,-0.068286889486945
ETH,2026-01-17,1768410900,short,0.03051477176477413,0,0,0.0,0.0
XRP,2026-01-17,1768410900,long,0.029681368945391196,0,0,0.0,0.0
XRP,2026-01-17,1768410900,short,0.040318631054608645,1,0,-0.050000000000000044,-0.15619323741619262
BTC,2026-01-17,1768410900,long,0.022799266736129864,1,0,-0.453,-0.17960599915512404
BTC,2026-01-17,1768410900,short,0.029200733263870182,1,0,-0.227,-0.008253639244117705
XRP,2026-01-17,1768410900,short,0.03301003125120627,0,0,0.0,0.0
XRP,2026-01-17,1768410900,long,0.03698996874879357,0,0,0.0,0.0
BTC,2026-01-17,1768410900,long,0.022027785603775607,0,0,0.0,0.0
XRP,2026-01-17,1768410900,long,0.029681368945391196,0,0,0.0,0.0
XRP,2026-01-17,1768410900,short,0.040318631054608645,1,0,-0.050000000000000044,-0.15619323741619262
BTC,2026-01-17,1768410900,short,0.0245815648653811,1,0,-0.12,-0.27871652923650303
SOL,2026-01-15,1768410900,long,0.030762187866475,2,1,0.38,0.23343641472543683
XRP,2026-01-17,1768410900,short,0.03301003125120627,0,0,0.0,0.0
XRP,2026-01-17,1768410900,long,0.03698996874879357,0,0,0.0,0.0
ETH,2026-01-17,1768410900,short,0.020810989202645347,0,0,0.0,0.0
BTC,2026-01-17,1768410900,long,0.022799266736129864,1,0,-0.453,-0.17960599915512404
BTC,2026-01-17,1768410900,short,0.029200733263870182,1,0,-0.227,-0.008253639244117705
BTC,2026-01-17,1768411800,short,0.02171350478744216,2,1,0.25899999999999995,0.28218599031934666
BTC,2026-01-17,1768411800,short,0.02270087873233073,2,1,0.10999999999999999,0.1808603458931328
XRP,2026-01-15,1768411800,short,0.02529797055889882,1,0,-0.23,0.1120614843363171
XRP,2026-01-15,1768411800,long,0.06470202944110115,1,0,-0.78,-0.5078161528056282
ETH,2026-01-17,1768412700,short,0.021542580877525697,0,0,0.0,0.0
ETH,2026-01-17,1768412700,long,0.023457419122474343,1,0,-0.36,-0.2755536638581793
ETH,2026-01-17,1768413600,short,0.023094509617299808,2,1,-0.47000000000000003,-0.4518465041594811
ETH,2026-01-16,1768414500,short,0.020687932252719476,2,1,0.118,0.18390925741613276
BTC,2026-01-16,1768415400,short,0.020414429363038722,2,1,0.305,0.30801799210479397
XRP,2026-01-15,1768416300,long,0.0347724811572816,1,0,0.027000000000000024,0.020760727738006624
ETH,2026-01-15,1768419000,short,0.02827318506249399,2,1,-0.5680000000000001,-0.4687826083338772
BTC,2026-01-16,1768419000,short,0.022885516478374668,2,1,-0.8,-0.6593234437057846
ETH,2026-01-17,1768419000,long,0.037502910648330445,1,0,-0.187,-0.04096081568481805
ETH,2026-01-16,1768419000,short,0.0358509249668969,2,1,0.33799999999999997,0.41607973778433527
ETH,2026-01-16,1768419000,short,0.04672947458444743,2,1,-0.79,-0.6428293604532475
XRP,2026-01-15,1768419900,short,0.020703328106335905,1,0,-0.020999999999999998,0.006542894459049212
SOL,2026-01-16,1768420800,long,0.05904587053083876,1,0,0.16000000000000003,0.34002067282376514
SOL,2026-01-16,1768420800,short,0.03780537096391434,1,0,-0.028999999999999998,0.024840174287489365
BTC,2026-01-15,1768423500,long,0.02004561247024328,2,1,-0.30100000000000005,-0.21781872360542395
ETH,2026-01-17,1768423500,long,0.020225543233183707,0,0,0.0,0.0
SOL,2026-01-16,1768423500,short,0.021114497061185122,0,0,0.0,0.0
SOL,2026-01-16,1768428000,long,0.04734038744395486,0,0,0.0,0.0
ETH,2026-01-16,1768428900,long,0.026427853574044313,1,0,-0.372,-0.09984338418744643
BTC,2026-01-16,1768428900,long,0.034284595988081534,1,0,-0.38,-0.02298595941222059
ETH,2026-01-15,1768428900,long,0.022999879806411716,1,0,0.19999999999999996,0.30236175639984414
BTC,2026-01-15,1768431600,short,0.02191397661726069,2,1,0.22600000000000003,0.218461962867904
BTC,2026-01-17,1768431600,long,0.02062965508132919,1,0,0.17000000000000004,0.3010798600389256
ETH,2026-01-15,1768434300,short,0.02921755872781473,2,1,0.224,0.16264177200490446
SOL,2026-01-15,1768435200,short,0.04128590467755339,2,1,-0.23300000000000004,-0.11596519235490484
ETH,2026-01-15,1768438800,long,0.02127216622969197,2,1,-0.262,-0.24728398844311694
BTC,2026-01-16,1768438800,long,0.026411011983246135,2,1,-0.28900000000000003,-0.2644588311462943
ETH,2026-01-16,1768439700,long,0.026420917565223245,1,0,-0.61,-0.4230421322398329
ETH,2026-01-16,1768440600,long,0.02085531852320699,1,0,0.14,0.23580309073224248
BTC,2026-01-15,1768441500,long,0.028450567931928905,2,1,0.5690000000000001,0.5455810512842424
ETH,2026-01-15,1768446000,long,0.021235670877207458,2,1,-0.08299999999999998,-0.13427904373392674
BTC,2026-01-15,1768447800,long,0.024518879049709064,2,1,-0.39,-0.26629933289848134
BTC,2026-01-17,1768450500,long,0.023528506908724767,1,0,-0.21999999999999997,-0.29880261486183546
ETH,2026-01-16,1768456800,short,0.023436668700041685,1,0,-0.046,-0.013979538537496769
BTC,2026-01-15,1768457700,short,0.033021781944009065,2,1,-0.497,-0.4661089676438425
ETH,2026-01-16,1768472100,long,0.041925391690509795,2,1,0.41999999999999993,0.18549722704987406
ETH,2026-01-16,1768482000,short,0.023265890870954986,2,1,0.07899999999999999,-0.032514438201582674
BTC,2026-01-16,1768488300,short,0.020080045024449933,2,1,0.16799999999999993,0.25041293861029756
BTC,2026-01-16,1768489200,long,0.029539479555254156,2,1,-0.09499999999999997,-0.189162178470303
ETH,2026-01-18,1768497300,short,0.03749587241190622,0,0,0.0,0.0
BTC,2026-01-17,1768497300,long,0.023168594186695035,0,0,0.0,0.0
ETH,2026-01-18,1768497300,long,0.029506694565888836,0,0,0.0,0.0
BTC,2026-01-17,1768497300,short,0.04091466417465239,1,0,-0.13,-0.2468251580867161
BTC,2026-01-18,1768497300,short,0.030836679020567193,1,0,-0.16000000000000003,-0.28511978958483963
BTC,2026-01-18,1768497300,short,0.029062621452469184,1,0,-0.28,-0.12157893184996876
BTC,2026-01-17,1768497300,long,0.023329122316917417,0,0,0.0,0.0
ETH,2026-01-18,1768497300,short,0.04010918670953323,0,0,0.0,0.0
BTC,2026-01-18,1768498200,long,0.031087662947438588,2,1,-0.16899999999999998,-0.09182793968217202
BTC,2026-01-17,1768498200,short,0.03099648288216772,1,0,0.62,0.40396754524021095
ETH,2026-01-18,1768499100,long,0.03174334158831482,0,0,0.0,0.0
BTC,2026-01-18,1768499100,long,0.029075347219767345,1,0,0.04200000000000004,0.11374515400704456
ETH,2026-01-18,1768499100,short,0.02362599095293072,0,0,0.0,0.0
ETH,2026-01-17,1768500000,short,0.033798758226120995,1,0,-0.18000000000000002,-0.22003720367960766
ETH,2026-01-18,1768500000,short,0.031602233532682045,0,0,0.0,0.0
BTC,2026-01-18,1768500900,short,0.06858133619161011,0,0,0.0,0.0
BTC,2026-01-18,1768500900,long,0.05841720803566375,0,0,0.0,0.0
BTC,2026-01-17,1768501800,short,0.024713805013876988,0,0,0.0,0.0
ETH,2026-01-17,1768502700,long,0.03692732494921014,0,0,0.0,0.0
BTC,2026-01-17,1768502700,short,0.02746870108276933,0,0,0.0,0.0
BTC,2026-01-18,1768503600,short,0.020225463598687154,0,0,0.0,0.0
BTC,2026-01-16,1768505400,short,0.05461387015188102,0,0,0.0,0.0
ETH,2026-01-16,1768505400,short,0.1477196691459166,0,0,0.0,0.0
ETH,2026-01-18,1768505400,long,0.02274890901162907,0,0,0.0,0.0
BTC,2026-01-18,1768516200,long,0.03731891756257055,0,0,0.0,0.0
BTC,2026-01-16,1768517100,long,0.022847548563148745,0,0,0.0,0.0
ETH,2026-01-17,1768526100,long,0.03821034625018527,0,0,0.0,0.0
SOL,2026-01-17,1768526100,short,0.07576812642296377,0,0,0.0,0.0
BTC,2026-01-17,1768536000,long,0.02020300470784142,0,0,0.0,0.0
BTC,2026-01-17,1768536900,long,0.027644585777929942,0,0,0.0,0.0
SOL,2026-01-17,1768537800,short,0.03587422019770309,0,0,0.0,0.0
SOL,2026-01-17,1768537800,long,0.024125779802296687,0,0,0.0,0.0
BTC,2026-01-19,1768583700,short,0.06010853690592444,0,0,0.0,0.0
BTC,2026-01-18,1768583700,short,0.07896802347543913,0,0,0.0,0.0
BTC,2026-01-17,1768583700,short,0.053618436822543525,1,0,-0.13,-0.22997057325900883
BTC,2026-01-18,1768585500,long,0.024616606528018004,0,0,0.0,0.0
BTC,2026-01-19,1768586400,short,0.02779353764273751,0,0,0.0,0.0
BTC,2026-01-19,1768586400,long,0.05316512990498201,0,0,0.0,0.0
ETH,2026-01-17,1768586400,short,0.028996801978426266,0,0,0.0,0.0
BTC,2026-01-18,1768587300,long,0.061183507114384694,0,0,0.0,0.0
BTC,2026-01-17,1768589100,short,0.07226642295622021,0,0,0.0,0.0
BTC,2026-01-18,1768590000,short,0.03105411160844329,0,0,0.0,0.0
BTC,2026-01-17,1768590900,short,0.029019920331521232,0,0,0.0,0.0
BTC,2026-01-18,1768602600,long,0.13418158470051056,1,0,0.24,0.17816136270917263
BTC,2026-01-18,1768608900,short,0.029036364298424155,1,0,-0.049,-0.024793411305161814
SOL,2026-01-18,1768612500,short,0.1871965034167788,1,0,-0.062,0.0554703368328249
BTC,2026-01-19,1768612500,long,0.020260006359849925,0,0,0.0,0.0
BTC,2026-01-19,1768617000,short,0.022058020801657308,1,0,0.08999999999999997,-0.07054618672469554
BTC,2026-01-17,1768622400,long,0.028748025216055906,2,1,0.08500000000000008,0.06372987912300253
XRP,2026-01-18,1768661100,short,0.132269874889676,0,0,0.0,0.0
BTC,2026-01-20,1768670100,short,0.04915868480245755,0,0,0.0,0.0
BTC,2026-01-20,1768670100,long,0.030841315197542407,2,1,-0.22999999999999998,0.12802570205862518
ETH,2026-01-19,1768670100,short,0.030252108054616644,2,1,-0.64,-0.2935129579642918
ETH,2026-01-19,1768670100,long,0.03974789194538331,1,0,0.05999999999999994,0.22333473952102675
SOL,2026-01-20,1768670100,short,0.06684944420518923,0,0,0.0,0.0
BTC,2026-01-20,1768670100,short,0.04915868480245755,0,0,0.0,0.0
BTC,2026-01-20,1768670100,long,0.030841315197542407,2,1,-0.22999999999999998,0.12802570205862518
BTC,2026-01-20,1768670100,long,0.05697379185958629,0,0,0.0,0.0
ETH,2026-01-20,1768670100,short,0.06618865022398057,1,0,-0.059000000000000004,0.3222110972385235
SOL,2026-01-19,1768670100,short,0.1075643494000291,1,0,0.85,0.28402128110018243
XRP,2026-01-20,1768670100,long,0.03816814336822194,0,0,0.0,0.0
BTC,2026-01-18,1768670100,short,0.03952650131879809,2,1,-0.31999999999999995,-0.2948739861419357
BTC,2026-01-20,1768670100,short,0.027350921092190728,0,0,0.0,0.0
ETH,2026-01-20,1768670100,short,0.0397192457000658,1,0,0.972,0.7432930490730593
ETH,2026-01-20,1768670100,long,0.055815924140060647,0,0,0.0,0.0
XRP,2026-01-19,1768670100,short,0.08834850423522117,1,0,-0.10999999999999999,-0.279902525881762
ETH,2026-01-20,1768670100,long,0.06015909449156309,0,0,0.0,0.0
BTC,2026-01-20,1768671000,short,0.022603220202418783,2,1,0.11799999999999992,-0.1978021096226511
XRP,2026-01-20,1768671000,short,0.06841473072650867,0,0,0.0,0.0
BTC,2026-01-19,1768671900,short,0.021061927875500763,2,1,0.44000000000000006,0.5272530918359876
ETH,2026-01-18,1768671900,short,0.027617381081304238,2,1,-0.35900000000000004,-0.3068340179570443
ETH,2026-01-19,1768671900,short,0.023144320730126067,2,1,-0.64,-0.29430834634369063
ETH,2026-01-19,1768671900,long,0.03685567926987399,1,0,0.06999999999999995,0.23106593689620028
BTC,2026-01-20,1768672800,long,0.021927122511958608,1,0,0.73,-0.010295314403618638
ETH,2026-01-19,1768672800,long,0.052093662945172925,2,1,-0.40000000000000013,-0.2011310038295122
ETH,2026-01-19,1768676400,long,0.020916225434608693,1,0,-0.050000000000000044,-0.21853908322540766
ETH,2026-01-19,1768676400,long,0.029672686957096683,2,1,-0.41999999999999993,-0.21913805590729382
ETH,2026-01-19,1768676400,short,0.020327313042903472,2,1,0.47,0.2691380559072939
ETH,2026-01-19,1768676400,short,0.026727014246421432,2,1,0.12900000000000003,-0.08893542326876719
BTC,2026-01-18,1768681800,long,0.02095388627385919,2,1,-0.226,-0.18984678345563982
ETH,2026-01-20,1768685400,short,0.026219423832103517,0,0,0.0,0.0
ETH,2026-01-20,1768686300,long,0.021543880944995486,1,0,-0.971,-0.7650872228495271
ETH,2026-01-20,1768686300,short,0.026870825830912826,2,1,0.35999999999999993,0.044762549180782985
BTC,2026-01-19,1768688100,long,0.02087178151704583,2,1,-0.23000000000000004,-0.0232480015129298
ETH,2026-01-19,1768689000,long,0.020357307928069,1,0,-0.11,0.11774228298602295
BTC,2026-01-20,1768704300,long,0.04123660802196705,2,1,0.953,0.7209087324134541
BTC,2026-01-20,1768704300,short,0.03031775700145456,2,1,0.3399999999999999,0.33317035779532783
ETH,2026-01-20,1768705200,long,0.021823404800232593,1,0,0.05600000000000005,-0.12357893041457069
BTC,2026-01-19,1768715100,long,0.028692570599894163,2,1,0.8280000000000001,0.634778996302185
BTC,2026-01-21,1768756500,long,0.026832237627495426,0,0,0.0,0.0
ETH,2026-01-20,1768756500,long,0.06665046224037163,0,0,0.0,0.0
ETH,2026-01-19,1768756500,short,0.06949680655956181,0,0,0.0,0.0
BTC,2026-01-21,1768756500,short,0.02334808804345656,0,0,0.0,0.0
BTC,2026-01-21,1768756500,long,0.04162399508683956,0,0,0.0,0.0
BTC,2026-01-20,1768756500,short,0.024913720499881054,0,0,0.0,0.0
BTC,2026-01-21,1768756500,short,0.027738177996766034,0,0,0.0,0.0
ETH,2026-01-20,1768757400,short,0.021134316166672162,0,0,0.0,0.0
BTC,2026-01-20,1768757400,long,0.03018586905846754,0,0,0.0,0.0
BTC,2026-01-19,1768758300,long,0.02111166252456309,0,0,0.0,0.0
BTC,2026-01-21,1768759200,long,0.022928697875031157,0,0,0.0,0.0
ETH,2026-01-19,1768759200,long,0.12198826803584661,0,0,0.0,0.0
BTC,2026-01-19,1768759200,short,0.02037765406268588,0,0,0.0,0.0
BTC,2026-01-21,1768761000,short,0.022349339152090253,0,0,0.0,0.0
ETH,2026-01-20,1768761900,long,0.07356106354360592,0,0,0.0,0.0
BTC,2026-01-19,1768761900,short,0.04371224172299332,0,0,0.0,0.0
BTC,2026-01-21,1768762800,short,0.02262808780803105,0,0,0.0,0.0
ETH,2026-01-19,1768762800,short,0.047948478628472624,0,0,0.0,0.0
ETH,2026-01-20,1768763700,short,0.06117992285176732,0,0,0.0,0.0
BTC,2026-01-21,1768767300,long,0.02044827800669413,1,0,-0.95,-0.6447332192280233
ETH,2026-01-20,1768774500,short,0.04129775444438155,1,0,-0.66,0.512638351440749
BTC,2026-01-21,1768778100,long,0.023644346663909133,1,0,-0.87,-0.2772568562124508
BTC,2026-01-20,1768778100,long,0.027030100899231302,1,0,-0.6900000000000001,0.08060866521928278
BTC,2026-01-20,1768778100,short,0.022760013245307187,1,0,-0.049,0.08322756610271588
ETH,2026-01-20,1768778100,long,0.022630525435427984,1,0,-0.982,-0.7566892394184952
BTC,2026-01-19,1768778100,short,0.06249708418367861,1,0,-0.051000000000000004,0.02815662246237126
BTC,2026-01-20,1768779000,long,0.036214756260930514,1,0,-0.93,-0.5061054124635971
BTC,2026-01-21,1768780800,long,0.07094369032028025,1,0,-0.95,-0.7359071692843948
BTC,2026-01-21,1768780800,short,0.23771472956588346,1,0,-0.21000000000000002,0.3821067916144782
BTC,2026-01-20,1768780800,long,0.037135176113624935,1,0,0.025000000000000022,0.12448984053489603
ETH,2026-01-21,1768780800,short,0.029139587476293416,1,0,-0.04,0.34148627015241695
ETH,2026-01-21,1768780800,long,0.02086041252370663,1,0,-0.16,0.6499034409786442
ETH,2026-01-20,1768780800,short,0.2823933165474818,1,0,-0.09999999999999999,0.5003668979700924
ETH,2026-01-19,1768780800,long,0.04994376438612047,1,0,-0.03,0.07951083598511113
BTC,2026-01-19,1768780800,short,0.02170025438571288,2,1,0.14600000000000002,0.18349505850387227
SOL,2026-01-20,1768781700,long,0.040260188908030736,1,0,-0.09999999999999999,0.10557486585954322
ETH,2026-01-19,1768781700,short,0.05933320091830674,1,0,-0.022,-0.023845431288185427
SOL,2026-01-21,1768781700,short,0.0817814594576678,1,0,-0.685,-0.24497508223089903
SOL,2026-01-21,1768781700,short,0.03795483831403845,1,0,0.16999999999999993,-0.08678462057418018
BTC,2026-01-20,1768781700,short,0.023451942199525733,1,0,-0.062000000000000055,-0.18195067701474504
ETH,2026-01-19,1768781700,long,0.0645864822566089,1,0,0.4,0.38332770206981875
ETH,2026-01-19,1768781700,long,0.0548362994727527,2,1,-0.28600000000000003,-0.2749188322712595
BTC,2026-01-20,1768781700,short,0.02963089971485089,2,1,-0.7280000000000001,-0.6204877995076559
BTC,2026-01-21,1768781700,short,0.04562530470354009,1,0,0.905,0.6489907784672069
SOL,2026-01-20,1768781700,long,0.15793097728357886,1,0,0.12,-0.08557486585954321
SOL,2026-01-21,1768781700,long,0.16507922960264665,2,1,-0.5150000000000001,-0.33175970280507927
ETH,2026-01-21,1768781700,long,0.15222928800724678,0,0,0.0,0.0
BTC,2026-01-21,1768781700,long,0.029886969152035148,0,0,0.0,0.0
ETH,2026-01-20,1768782600,short,0.030916377049355126,1,0,-0.049000000000000044,-0.24053928308334252
ETH,2026-01-21,1768782600,short,0.050780582760989845,1,0,0.918,0.5660642031833699
ETH,2026-01-19,1768782600,short,0.03725251503632332,1,0,-0.02100000000000002,-0.011696810073017629
SOL,2026-01-21,1768782600,long,0.0828188130526597,0,0,0.0,0.0
ETH,2026-01-19,1768782600,short,0.02555621685225362,2,1,0.41899999999999993,0.3663537435904866
ETH,2026-01-19,1768782600,long,0.039443783147746325,1,0,-0.487,-0.39636507700825696
SOL,2026-01-19,1768782600,long,0.15662847166226523,1,0,0.06000000000000005,0.06724679993450793
XRP,2026-01-19,1768784400,short,0.046104343939872505,1,0,-0.17700000000000005,0.2157036985521918
XRP,2026-01-19,1768784400,long,0.03401461462852895,1,0,-0.17700000000000005,0.2157036985521918
BTC,2026-01-19,1768785300,long,0.03440804168707934,2,1,-0.21199999999999997,-0.14231683655195876
XRP,2026-01-21,1768785300,long,0.020989968362014277,1,0,0.74,0.516332460205114
XRP,2026-01-21,1768785300,short,0.05301003163798579,1,0,-0.04200000000000004,-0.13544808093615207
XRP,2026-01-21,1768785300,long,0.029447295158715914,1,0,0.07000000000000006,-0.023337326807304798
XRP,2026-01-21,1768785300,short,0.02055270484128413,1,0,-0.060000000000000005,0.033337326807304855
XRP,2026-01-20,1768785300,long,0.06209652847549729,1,0,-0.21599999999999997,-0.3833365527280358
XRP,2026-01-21,1768785300,long,0.029447295158715914,1,0,0.07000000000000006,-0.023337326807304798
XRP,2026-01-21,1768785300,short,0.02055270484128413,1,0,-0.060000000000000005,0.033337326807304855
XRP,2026-01-21,1768785300,short,0.07273421018488846,1,0,0.74,0.516332460205114
XRP,2026-01-20,1768785300,short,0.06129334254408747,1,0,-0.21599999999999997,-0.3833365527280358
XRP,2026-01-21,1768785300,long,0.020989968362014277,1,0,0.74,0.516332460205114
XRP,2026-01-21,1768785300,short,0.05301003163798579,1,0,-0.04200000000000004,-0.13544808093615207
XRP,2026-01-20,1768786200,short,0.03269135164004877,2,1,0.263,0.12553897210669068
ETH,2026-01-20,1768786200,long,0.025056191717539145,1,0,0.878,0.4205049247726151
XRP,2026-01-21,1768787100,long,0.035338235283380204,1,0,-0.060000000000000005,0.030317395350687622
XRP,2026-01-19,1768788900,short,0.030448779689496885,1,0,-0.02200000000000002,0.0019374164674838094
XRP,2026-01-20,1768788900,short,0.051717380447562133,1,0,-0.21099999999999997,-0.3789683417197315
XRP,2026-01-20,1768788900,long,0.026282619552437936,1,0,0.30000000000000004,0.10898089134018493
XRP,2026-01-20,1768788900,long,0.02708333306673949,1,0,0.02400000000000002,-0.018105243249184548
XRP,2026-01-20,1768788900,short,0.05966602614238603,1,0,-0.02300000000000002,-0.07687992684289958
XRP,2026-01-19,1768793400,short,0.05803386860098039,2,1,0.765,0.6810882765381586
XRP,2026-01-19,1768793400,long,0.021966131399019595,2,1,-0.685,-0.6010882765381587
SOL,2026-01-19,1768795200,short,0.020032234757341755,2,1,-0.09100000000000005,-0.07442765867998566
XRP,2026-01-21,1768797000,short,0.04993736658122461,0,0,0.0,0.0
XRP,2026-01-21,1768797000,long,0.020062633418775233,0,0,0.0,0.0
SOL,2026-01-21,1768799700,short,0.026444040623043397,0,0,0.0,0.0
SOL,2026-01-20,1768800600,short,0.027259682697526877,2,1,0.7050000000000001,0.5213874196262036
BTC,2026-01-20,1768802400,short,0.022154635611528417,2,1,0.21000000000000002,-0.001057187849876129
SOL,2026-01-21,1768814100,long,0.032239825385201204,0,0,0.0,0.0
BTC,2026-01-20,1768836600,long,0.02151117961418958,2,1,0.791,0.43911924530445695
ETH,2026-01-21,1768842900,long,0.027927041560602328,2,1,-0.35,-0.09477748251809148
BTC,2026-01-22,1768842900,long,0.025585057706266623,2,1,-0.22000000000000003,-0.04509470922405953
ETH,2026-01-22,1768842900,long,0.02849943175835712,2,1,-0.27,-0.1583702108920082
ETH,2026-01-22,1768842900,short,0.02192978084545849,2,1,0.21000000000000005,-0.15110248874606533
ETH,2026-01-22,1768842900,short,0.02006572757724756,2,1,0.2699999999999999,0.5503198444762724
XRP,2026-01-22,1768842900,long,0.04152648542830839,1,0,-0.10999999999999999,-0.3073260020903861
SOL,2026-01-22,1768842900,long,0.11297317794934836,1,0,0.21999999999999997,-0.04887719275751673
XRP,2026-01-22,1768842900,long,0.03271247570350022,0,0,0.0,0.0
BTC,2026-01-21,1768843800,long,0.023808013943510176,2,1,-0.25,0.17232509487167585
BTC,2026-01-22,1768843800,short,0.02202802566380546,2,1,0.19999999999999996,0.3904645205791202
ETH,2026-01-21,1768843800,short,0.020745996339581074,2,1,0.29900000000000004,0.8741722998408498
ETH,2026-01-22,1768845600,short,0.020695392115131717,0,0,0.0,0.0
ETH,2026-01-22,1768845600,long,0.029304607884868217,1,0,-0.56,0.2837895783794796
BTC,2026-01-22,1768845600,long,0.021558167251419125,2,1,-0.2500000000000001,-0.2978782998904357
ETH,2026-01-22,1768845600,short,0.027015092600296997,2,1,0.2799999999999999,0.5522486588792179
ETH,2026-01-22,1768845600,long,0.022984907399703047,1,0,-0.8200000000000001,-0.2484590804997383
SOL,2026-01-22,1768845600,long,0.05779728865242628,1,0,0.21999999999999997,-0.046908242088193386
SOL,2026-01-22,1768845600,short,0.020202711347573676,0,0,0.0,0.0
BTC,2026-01-22,1768847400,short,0.020648213747421984,2,1,-0.887,-0.7346939634324715
ETH,2026-01-20,1768848300,long,0.0326670555746531,2,1,-0.49,0.1375070322859958
ETH,2026-01-21,1768851900,long,0.02309697024237245,1,0,-0.882,-0.2141170762786715
ETH,2026-01-21,1768852800,short,0.022152802378427205,1,0,-0.05,0.24378235691545574
ETH,2026-01-22,1768852800,long,0.02095521600273953,0,0,0.0,0.0
ETH,2026-01-22,1768853700,long,0.03553677743118344,1,0,-0.9450000000000001,-0.6997661094517604
BTC,2026-01-22,1768853700,long,0.02178781395100593,2,1,-0.009000000000000008,-0.09255265552284389
BTC,2026-01-22,1768855500,short,0.024235838516145636,1,0,-0.39,0.15886904922352207
BTC,2026-01-21,1768856400,long,0.021804114230178584,2,1,-0.18000000000000005,-0.6067607619241114
BTC,2026-01-20,1768857300,short,0.023067970515362246,2,1,0.54,0.617645676820675
BTC,2026-01-21,1768859100,short,0.02110467310818609,2,1,0.37999999999999995,0.4241934626174679
ETH,2026-01-21,1768860900,short,0.024878380199238825,1,0,-0.16,0.5764152461596986
ETH,2026-01-20,1768860900,short,0.038407906546672366,2,1,0.48000000000000004,-0.4284846034162792
ETH,2026-01-20,1768862700,short,0.02192840983417932,2,1,0.44499999999999995,1.3565616735109747
BTC,2026-01-22,1768863600,short,0.021476437308488916,2,1,0.21999999999999997,0.030098977991363518
BTC,2026-01-22,1768863600,long,0.027420151899668843,2,1,-0.19999999999999996,-0.34646180861064535
BTC,2026-01-22,1768863600,short,0.023440647947435722,1,0,0.14,-0.10787491391758816
BTC,2026-01-21,1768864500,long,0.036235741281579914,1,0,0.26,-0.39977988182069635
ETH,2026-01-20,1768864500,long,0.03755116234046185,2,1,-0.5,-1.014198035027025
ETH,2026-01-22,1768866300,short,0.023371653804807213,1,0,0.94,0.6444316242457675
SOL,2026-01-21,1768868100,long,0.057928143914078634,0,0,0.0,0.0
BTC,2026-01-21,1768868100,short,0.02044120921149517,2,1,0.09399999999999997,0.3565423745089729
BTC,2026-01-21,1768869000,short,0.025941493635704194,2,1,0.21000000000000002,-0.18553127947486114
SOL,2026-01-20,1768870800,long,0.021271946732641434,1,0,0.02400000000000002,-0.1335587278239305
BTC,2026-01-20,1768885200,long,0.07879093376774282,2,1,-0.39999999999999997,0.01409937536225253
ETH,2026-01-21,1768885200,short,0.020385628344163242,2,1,0.18199999999999994,0.7418615925147858
BTC,2026-01-21,1768887900,long,0.024587998633762043,2,1,-0.136,-0.4326242066333684
ETH,2026-01-20,1768890600,short,0.042660862014082035,2,1,-0.775,-0.13909992831107942
ETH,2026-01-21,1768892400,long,0.032185941836604615,2,1,-0.262,-0.6750551402114746
BTC,2026-01-20,1768892400,long,0.021705320737780198,2,1,-0.20499999999999996,-0.37210096393623715
ETH,2026-01-20,1768892400,long,0.022760446514434873,2,1,0.659,0.03897727139150964
BTC,2026-01-20,1768896000,short,0.022797659076322585,2,1,-0.42900000000000005,-0.37952627968871083
BTC,2026-01-22,1768896000,long,0.02896726648052339,2,1,0.839,0.7404777870154523
ETH,2026-01-22,1768896900,short,0.022377276135667312,1,0,-0.802,-0.43624537649871703
BTC,2026-01-21,1768897800,short,0.023371030653609015,2,1,0.38,0.4459288136583872
ETH,2026-01-21,1768916700,short,0.03098168398516976,1,0,-0.812,-0.2987261888994237
BTC,2026-01-20,1768916700,short,0.022554955891339157,2,1,0.10499999999999998,0.2911148706557401
ETH,2026-01-20,1768918500,short,0.025655915350890846,2,1,0.03299999999999992,0.08393438200528905
ETH,2026-01-22,1768919400,short,0.030413166021806437,2,1,0.07799999999999996,0.18462427248693403
BTC,2026-01-20,1768923000,long,0.0544280461072606,2,1,0.19500000000000006,0.36645003244841107
ETH,2026-01-21,1768923000,long,0.03657380457002413,2,1,0.779,0.5191258168320587
ETH,2026-01-23,1768929300,short,0.03436017496052757,0,0,0.0,0.0
ETH,2026-01-23,1768930200,short,0.020838093336302488,2,1,0.28200000000000003,0.2637966669067288
BTC,2026-01-23,1768930200,long,0.02271155467906638,1,0,0.10899999999999999,0.11680848714304225
BTC,2026-01-23,1768930200,long,0.02550483843605189,1,0,0.47,0.48585717112403687
BTC,2026-01-23,1768930200,long,0.02028260682580596,1,0,-0.29000000000000004,-0.2759085934309919
ETH,2026-01-23,1768930200,long,0.025007434500766257,2,1,-0.123,-0.15770699278677447
BTC,2026-01-23,1768930200,short,0.023934392949463534,1,0,0.47,0.48585717112403687
ETH,2026-01-22,1768932000,short,0.03203778072404717,1,0,-0.05,0.005461894362307505
BTC,2026-01-23,1768932900,short,0.021093944684346,2,1,0.09,0.09508474327352207
ETH,2026-01-23,1768934700,long,0.02588555991124042,2,1,-0.237,-0.22059853056642836
BTC,2026-01-23,1768937400,short,0.023018386663827495,2,1,0.08999999999999997,0.07240964382049764
BTC,2026-01-22,1768937400,short,0.02596236866972046,2,1,0.19400000000000006,0.21840876466064219
ETH,2026-01-23,1768937400,short,0.020813157968954776,2,1,-0.7210000000000001,-0.7070052331831573
ETH,2026-01-22,1768940100,long,0.023689643172905228,2,1,-0.2840000000000001,-0.23038349169693517
ETH,2026-01-22,1768940100,long,0.020559415628330857,2,1,0.699,0.6618289172400812
BTC,2026-01-23,1768944600,long,0.020624706271103355,2,1,-0.22899999999999998,-0.22122478704661455
BTC,2026-01-21,1768947300,long,0.030059946870507614,2,1,-0.33,-0.060863896074167145
ETH,2026-01-23,1768948200,long,0.02232210136236401,1,0,0.258,0.30632226869446205
BTC,2026-01-22,1768950000,long,0.022858671733746228,2,1,-0.18000000000000005,-0.21378915570891632
BTC,2026-01-23,1768950900,short,0.028480525528160494,2,1,-0.7899999999999999,-0.7132389890170071
BTC,2026-01-23,1768950900,long,0.03151947447183967,1,0,0.14,0.25514310491383835
BTC,2026-01-22,1768950900,long,0.025317155677533343,2,1,-0.2300000000000001,-0.1949207771933723
BTC,2026-01-23,1768950900,long,0.020185358897236716,2,1,-0.19800000000000006,-0.15117764590676688
BTC,2026-01-23,1768950900,short,0.03481464110276333,1,0,-0.21199999999999997,-0.0434627634191371
ETH,2026-01-22,1768951800,long,0.029578614639087286,2,1,-0.19899999999999995,-0.196737428266525
ETH,2026-01-22,1768953600,short,0.03851767928989769,1,0,0.354,0.36034984715940865
ETH,2026-01-23,1768953600,short,0.024911716277564944,1,0,-0.16100000000000003,-0.11859681487494572
BTC,2026-01-22,1768953600,short,0.02157871314705595,2,1,0.08499999999999999,0.10992749846194833
BTC,2026-01-22,1768957200,short,0.02661381454829792,1,0,-0.32699999999999996,-0.315013187576874
BTC,2026-01-22,1768958100,long,0.02385461104344877,2,1,-0.07199999999999997,-0.06851814274881944
BTC,2026-01-22,1768960800,short,0.022513690292100264,2,1,0.27,0.2703131498379653
BTC,2026-01-21,1768961700,short,0.020227869371769902,2,1,0.48600000000000004,0.568420662752423
ETH,2026-01-21,1768978800,long,0.021750266940312013,2,1,-0.338,0.12934444407251877
BTC,2026-01-21,1768979700,long,0.027534370388353935,2,1,-0.509,-0.7734081336828942
BTC,2026-01-22,1768982400,long,0.027650985323817157,2,1,0.6749999999999999,0.6714191893107981
ETH,2026-01-22,1768984200,short,0.020115649924606016,1,0,-0.383,-0.2861674510489368
BTC,2026-01-23,1768991400,short,0.022561458089386033,2,1,0.14999999999999997,0.18848426847701377
BTC,2026-01-21,1768996800,short,0.02394518051351824,2,1,0.11300000000000002,-0.06600359866659955
ETH,2026-01-21,1768997700,short,0.02008193806253411,2,1,0.04399999999999995,0.018164878732673605
ETH,2026-01-23,1769004900,long,0.02887972019825069,2,1,-0.09799999999999998,-0.08747656749732086
BTC,2026-01-23,1769007600,long,0.021123839958316015,2,1,-0.039999999999999925,-0.031873881937099155
ETH,2026-01-21,1769009400,long,0.03468045451831703,2,1,0.404,-1.0241892701093334
ETH,2026-01-24,1769015700,long,0.034849306387086054,1,0,0.19999999999999996,0.3608366636315174
BTC,2026-01-24,1769015700,long,0.04495201038225316,1,0,-0.54,-0.2979164797496884
BTC,2026-01-24,1769015700,short,0.023015824599077916,2,1,0.15,0.2396657782907094
BTC,2026-01-24,1769015700,long,0.05027468834646709,1,0,0.24,0.4117488793420286
BTC,2026-01-24,1769015700,short,0.023293282782828384,2,1,0.06599999999999998,0.1171863522360501
ETH,2026-01-23,1769016600,long,0.024150515413107865,2,1,-0.279,-0.2192913978057027
ETH,2026-01-24,1769016600,short,0.024928850981195683,1,0,0.25,0.39089019056331864
ETH,2026-01-24,1769017500,short,0.03399663926276064,1,0,-0.20899999999999996,-0.08033669124968165
BTC,2026-01-24,1769018400,short,0.021771081760368682,1,0,-0.241,-0.10880157463804313
ETH,2026-01-24,1769018400,short,0.020521505289213038,1,0,-0.45799999999999996,-0.30691062733929697
BTC,2026-01-24,1769021100,short,0.02389698639062232,1,0,-0.44000000000000006,-0.3009272399169002
BTC,2026-01-23,1769021100,long,0.025574234655215022,1,0,0.03400000000000003,0.07461485345469326
BTC,2026-01-23,1769022000,long,0.024979590391075446,1,0,0.09999999999999998,0.20352795235026488
ETH,2026-01-24,1769022000,long,0.023103273426950732,1,0,0.10999999999999999,0.15342976963928967
BTC,2026-01-23,1769022000,short,0.023221406051428417,1,0,-0.41800000000000004,-0.20575768148305457
BTC,2026-01-24,1769022000,short,0.028509223770146308,1,0,0.33999999999999997,0.42762051263430156
BTC,2026-01-24,1769022000,long,0.021490776229853736,2,1,-0.16999999999999998,-0.20342825579025314
ETH,2026-01-24,1769023800,short,0.020777510179302294,2,1,0.16199999999999998,0.13562576155433326
ETH,2026-01-23,1769023800,short,0.032887946108311805,2,1,0.15599999999999994,0.13062340571857176
ETH,2026-01-23,1769023800,short,0.021725705517014138,1,0,0.482,0.4195389696206169
ETH,2026-01-23,1769023800,long,0.0222742944829859,1,0,0.18999999999999995,0.1500687431603248
ETH,2026-01-23,1769023800,short,0.021725705517014138,1,0,0.482,0.4195389696206169
ETH,2026-01-23,1769023800,long,0.0222742944829859,1,0,0.18999999999999995,0.1500687431603248
BTC,2026-01-23,1769024700,short,0.028743913351246153,2,1,0.08199999999999999,0.08303683812905598
ETH,2026-01-24,1769024700,long,0.026825644765390955,2,1,-0.07599999999999996,-0.14126477037561447
ETH,2026-01-23,1769025600,short,0.02240205508484494,2,1,-0.768,-0.637070711141699
BTC,2026-01-24,1769025600,long,0.020552751246091017,1,0,-0.27,-0.1518415162443858
ETH,2026-01-24,1769025600,long,0.03162698321530932,1,0,-0.35000000000000003,-0.08694176580174745
ETH,2026-01-22,1769026500,long,0.05040974853633795,2,1,-0.41600000000000004,-0.3165768531904809
ETH,2026-01-22,1769028300,long,0.027931220868373963,2,1,0.708,0.4916027626617625
ETH,2026-01-22,1769031900,long,0.027708220965816155,2,1,-0.16199999999999998,0.14379486767412802
BTC,2026-01-24,1769037300,long,0.02175525060202199,2,1,-0.04099999999999998,-0.009446599233298006
BTC,2026-01-23,1769037300,long,0.02552843906314428,1,0,0.48,0.4991501919587979
BTC,2026-01-23,1769037300,short,0.024471560936855763,2,1,-0.6599999999999999,-0.6644819295441132
BTC,2026-01-23,1769038200,long,0.021547056387091867,2,1,-0.28,-0.27799465723389893
ETH,2026-01-23,1769040000,long,0.037529736999547314,1,0,0.472,0.40896690246378664
ETH,2026-01-22,1769040000,short,0.021433663280503334,2,1,0.38200000000000006,0.21501845618485227
BTC,2026-01-23,1769040900,short,0.027625493666192158,1,0,-0.052000000000000046,-0.03127438636248664
BTC,2026-01-22,1769068800,long,0.05299712137485013,2,1,0.5279999999999999,0.3149040726176633
BTC,2026-01-23,1769080500,long,0.020493737324278172,2,1,-0.11299999999999999,-0.10699006458244219
BTC,2026-01-22,1769088600,short,0.02733510903322761,2,1,0.615,0.058434036820259605
BTC,2026-01-23,1769092200,short,0.02525572518220498,2,1,0.11100000000000002,0.1457523518610894
ETH,2026-01-23,1769093100,short,0.03460762533410544,2,1,0.20499999999999996,0.1988259408414286
ETH,2026-01-22,1769093100,short,0.06552648797582539,2,1,0.07599999999999996,0.09875695078542279
BTC,2026-01-23,1769099400,long,0.020038702201835568,1,0,-0.06500000000000006,0.017266050468923308
BTC,2026-01-24,1769102100,short,0.02227831385532586,2,1,0.2899999999999999,0.29375732103944063
BTC,2026-01-25,1769102100,long,0.02472514478213661,1,0,0.16000000000000003,0.05648447474621343
ETH,2026-01-25,1769102100,short,0.024827945963833975,0,0,0.0,0.0
ETH,2026-01-25,1769102100,short,0.026434766708812285,0,0,0.0,0.0
ETH,2026-01-24,1769102100,short,0.03812772586146673,2,1,-0.5670000000000001,-0.5663573519856363
ETH,2026-01-24,1769102100,long,0.03187227413853311,1,0,0.31699999999999995,0.26699386973077943
BTC,2026-01-24,1769102100,long,0.022507079102358052,2,1,-0.16600000000000004,-0.16256568938647487
ETH,2026-01-25,1769102100,short,0.04374947161370879,0,0,0.0,0.0
BTC,2026-01-25,1769102100,short,0.02303042811970346,1,0,-0.28,-0.4325256789952998
ETH,2026-01-25,1769102100,long,0.03403523637452954,1,0,0.029000000000000026,0.00745710194727689
ETH,2026-01-25,1769103000,long,0.0224127592182779,0,0,0.0,0.0
BTC,2026-01-24,1769103000,short,0.039838547127197255,1,0,-0.26,-0.24121598208509584
BTC,2026-01-24,1769103000,long,0.02016145287280291,2,1,0.68,0.6818594851992068
ETH,2026-01-24,1769103900,short,0.02324344897691577,1,0,-0.06999999999999999,-0.0885833586849052
ETH,2026-01-24,1769103900,short,0.02864864233485409,2,1,0.24599999999999989,0.22319835140200084
BTC,2026-01-25,1769103900,short,0.022737359409298108,2,1,0.12700000000000003,0.06325707690430024
BTC,2026-01-24,1769104800,short,0.02209593168504609,1,0,-0.05700000000000005,-0.07451291376810598
ETH,2026-01-24,1769106600,short,0.0368338002722286,1,0,-0.35000000000000003,-0.34676143173689516
BTC,2026-01-24,1769107500,short,0.04311352052518025,2,1,-0.6400000000000001,-0.6261163822730966
BTC,2026-01-24,1769108400,short,0.020682621520567324,2,1,0.2899999999999999,0.28637186865294467
BTC,2026-01-24,1769108400,long,0.02931737847943272,2,1,-0.24,-0.23637186865294474
ETH,2026-01-24,1769110200,long,0.022906072678031908,2,1,-0.21999999999999997,-0.24753286030282395
BTC,2026-01-25,1769112000,long,0.020844204119393916,1,0,-0.17,0.015484287320597895
BTC,2026-01-25,1769112000,short,0.027870215919317265,2,1,0.31999999999999995,0.2439710549179977
ETH,2026-01-25,1769112900,short,0.020435534908137654,1,0,-0.027999999999999997,0.0027392239517251837
ETH,2026-01-25,1769112900,long,0.020062382030257675,1,0,0.09199999999999997,0.18188531624715415
BTC,2026-01-24,1769113800,long,0.02603936035057952,2,1,-0.09099999999999997,-0.07280650845526641
BTC,2026-01-25,1769113800,short,0.025709803584179958,2,1,0.18499999999999994,0.27211627640970154
BTC,2026-01-23,1769114700,short,0.031378895850830646,2,1,0.42699999999999994,0.39614955254084094
ETH,2026-01-24,1769115600,long,0.025515405167856997,2,1,-0.21200000000000008,-0.17392581074735797
ETH,2026-01-23,1769126400,long,0.03593696794050416,2,1,-0.17399999999999993,-0.13085432078413636
ETH,2026-01-23,1769126400,short,0.023861782942034893,2,1,-0.42999999999999994,-0.430895564066827
ETH,2026-01-25,1769127300,long,0.06883534366365485,2,1,-0.30400000000000005,-0.3212279320295061
BTC,2026-01-25,1769127300,short,0.05254816585109867,1,0,-0.20999999999999996,-0.40108090113621153
BTC,2026-01-25,1769127300,long,0.03745183414890141,1,0,0.44999999999999996,0.21742734409028064
XRP,2026-01-25,1769130000,short,0.08672952949647117,0,0,0.0,0.0
ETH,2026-01-23,1769130000,long,0.024750767585770772,2,1,0.42699999999999994,0.43310592886292604
XRP,2026-01-23,1769130000,short,0.031469326269299824,2,1,-0.36000000000000004,-0.2719982337130864
XRP,2026-01-24,1769130000,short,0.049921501951350145,1,0,-0.11,-0.10183068941402014
XRP,2026-01-24,1769130000,long,0.03445444398205311,1,0,0.05499999999999994,0.058964863282520874
XRP,2026-01-24,1769130000,short,0.02054555601794683,0,0,0.0,0.0
XRP,2026-01-25,1769130000,short,0.0348526993278353,0,0,0.0,0.0
XRP,2026-01-24,1769130000,long,0.03445444398205311,1,0,0.05499999999999994,0.058964863282520874
XRP,2026-01-24,1769130000,short,0.02054555601794683,0,0,0.0,0.0
XRP,2026-01-25,1769132700,short,0.026003331059195056,0,0,0.0,0.0
XRP,2026-01-25,1769132700,long,0.025996668940804657,1,0,0.06299999999999994,0.18480792140524643
ETH,2026-01-24,1769132700,long,0.023937944961561985,2,1,-0.03399999999999998,-0.0299582220190608
ETH,2026-01-23,1769134500,long,0.03134299482900893,2,1,-0.242,-0.22688317340767228
BTC,2026-01-23,1769134500,long,0.03574879265871611,2,1,0.6000000000000001,0.574018884913394
XRP,2026-01-25,1769135400,long,0.030426526446758695,0,0,0.0,0.0
BTC,2026-01-23,1769136300,long,0.023687074049373535,2,1,-0.4810000000000001,-0.4281830383833305
XRP,2026-01-23,1769143500,short,0.02776518824739449,1,0,-0.03,-0.04407405128822363
XRP,2026-01-23,1769143500,long,0.032234811752605674,1,0,0.30000000000000004,0.22769801387719646
BTC,2026-01-25,1769146200,long,0.022139547097580703,2,1,-0.128,-0.27182508764610913
SOL,2026-01-25,1769146200,short,0.042380992870543976,2,1,-0.44600000000000006,-0.20945808007714417
SOL,2026-01-24,1769147100,short,0.03533477423750775,2,1,-0.381,-0.27340083728470194
XRP,2026-01-24,1769149800,short,0.03724641800898387,0,0,0.0,0.0
XRP,2026-01-24,1769149800,long,0.02275358199101607,1,0,0.07999999999999996,0.10042796877198507
ETH,2026-01-24,1769157900,long,0.021448975406882287,1,0,-0.19,-0.28275810306455057
SOL,2026-01-25,1769169600,long,0.0591688938629944,1,0,-0.28,0.03951470319095857
BTC,2026-01-23,1769175000,short,0.02841696653665382,2,1,-0.8540000000000001,-0.6004676146399848
SOL,2026-01-24,1769175900,long,0.02697068931407709,2,1,0.248,0.23801158601686773
ETH,2026-01-23,1769179500,short,0.03240485486080824,2,1,0.383,-0.4855973393897959
ETH,2026-01-26,1769188500,long,0.02128676771419924,1,0,-0.19999999999999996,-0.399596058378082
SOL,2026-01-26,1769188500,short,0.08301421779392998,1,0,-0.06000000000000005,-0.16779145582452204
SOL,2026-01-26,1769188500,long,0.05760868314402012,0,0,0.0,0.0
SOL,2026-01-26,1769188500,short,0.028391316855979842,0,0,0.0,0.0
ETH,2026-01-25,1769188500,short,0.03908263931149042,2,1,0.52,0.6191144779302853
ETH,2026-01-25,1769188500,short,0.0390227670853337,2,1,0.34400000000000003,0.09948273375726155
BTC,2026-01-24,1769188500,short,0.056399916935913674,2,1,0.57,0.3546684931174397
SOL,2026-01-26,1769188500,long,0.05760868314402012,0,0,0.0,0.0
SOL,2026-01-26,1769188500,short,0.028391316855979842,0,0,0.0,0.0
ETH,2026-01-26,1769188500,short,0.04339034997937463,1,0,-0.19999999999999996,-0.399596058378082
ETH,2026-01-26,1769188500,long,0.026601997145144107,1,0,0.10999999999999999,-0.008339443367915284
ETH,2026-01-26,1769189400,long,0.03145312962513036,2,1,0.35,0.3509168913075142
ETH,2026-01-26,1769189400,short,0.0385468703748697,2,1,-0.28,-0.28091689130751424
BTC,2026-01-26,1769189400,long,0.030122630567283037,2,1,-0.3400000000000001,-0.35788657816046016
ETH,2026-01-26,1769189400,short,0.033247775131981516,1,0,0.18999999999999995,0.42509961415423814
ETH,2026-01-26,1769189400,long,0.02875222486801854,2,1,-0.09099999999999997,-0.226918668235338
ETH,2026-01-25,1769189400,short,0.06325331689324182,2,1,0.8709999999999999,0.8502238913406548
BTC,2026-01-25,1769189400,long,0.022612158982273645,2,1,-0.48,-0.4806703880586528
BTC,2026-01-25,1769189400,short,0.03738784101772641,2,1,0.54,0.5406703880586529
ETH,2026-01-26,1769189400,long,0.03145312962513036,2,1,0.35,0.3509168913075142
ETH,2026-01-26,1769189400,short,0.0385468703748697,2,1,-0.28,-0.28091689130751424
ETH,2026-01-26,1769189400,long,0.024364302414587646,1,0,-0.14,0.09418272284672394
ETH,2026-01-24,1769190300,short,0.06411097743092281,1,0,-0.061,0.012818158255469558
ETH,2026-01-26,1769190300,short,0.03538329335283141,1,0,-0.037,0.03700407237027337
XRP,2026-01-26,1769190300,short,0.18714957389477915,1,0,-0.25,-0.10424203083843805
XRP,2026-01-26,1769190300,long,0.06400058166549183,2,1,-0.20899999999999996,-0.11642034429718179
BTC,2026-01-26,1769190300,short,0.02704795958134021,2,1,0.26,-0.037832642283604
XRP,2026-01-26,1769190300,long,0.11221790956198507,0,0,0.0,0.0
BTC,2026-01-24,1769190300,long,0.06972746426333276,2,1,0.855,0.5104138640949969
BTC,2026-01-25,1769190300,short,0.05905538733345572,1,0,-0.027000000000000003,0.0973915826744822
BTC,2026-01-24,1769190300,short,0.05420116519248752,2,1,0.19099999999999998,-0.10110553446083828
ETH,2026-01-24,1769190300,long,0.05565882080218909,1,0,0.018000000000000016,0.10039669035753775
XRP,2026-01-26,1769191200,long,0.04414975191651038,1,0,0.030000000000000027,0.06466629299619764
XRP,2026-01-26,1769191200,short,0.029850248083489683,1,0,-0.026000000000000023,-0.06066629299619763
ETH,2026-01-25,1769191200,long,0.05139307933937309,1,0,-0.4,0.06797238136852085
BTC,2026-01-25,1769191200,short,0.021702328454101916,2,1,-0.6960000000000001,-0.2865773789629142
XRP,2026-01-26,1769191200,long,0.05547916301189315,1,0,-0.026000000000000023,-0.06066629299619763
XRP,2026-01-26,1769191200,long,0.04414975191651038,1,0,0.030000000000000027,0.06466629299619764
XRP,2026-01-26,1769191200,short,0.029850248083489683,1,0,-0.026000000000000023,-0.06066629299619763
BTC,2026-01-25,1769192100,long,0.04152091668429092,2,1,0.754,0.15655248214710415
ETH,2026-01-26,1769193000,short,0.021152940916126628,2,1,0.37,0.23140781138462727
ETH,2026-01-24,1769193000,short,0.020218525223711703,2,1,-0.509,-0.3223938673754912
BTC,2026-01-26,1769195700,short,0.05242888935983114,2,1,-0.8510000000000001,-0.6798329909216402
BTC,2026-01-24,1769195700,short,0.03796707333657412,2,1,-0.614,-0.19763657821493408
BTC,2026-01-25,1769195700,short,0.02582522315863542,1,0,-0.089,0.21441366625351857
BTC,2026-01-24,1769195700,long,0.08039083541218472,2,1,-0.5389999999999999,-0.15922826361389802
BTC,2026-01-26,1769196600,long,0.02349412031777831,1,0,-0.81,-0.5283988434471929
ETH,2026-01-24,1769196600,long,0.04020395042640712,2,1,-0.17099999999999999,-0.15935435567459785
BTC,2026-01-25,1769198400,long,0.02548621107928528,2,1,-0.03299999999999999,0.13975611606459382
ETH,2026-01-25,1769201100,short,0.020669295776688523,1,0,-0.737,-0.5473501393211585
ETH,2026-01-25,1769202900,long,0.041619744788327306,1,0,-0.21000000000000002,0.024936991321741764
ETH,2026-01-25,1769208300,long,0.04536791901148063,2,1,0.889,0.7111221484933681
ETH,2026-01-26,1769212800,long,0.03114917566105424,1,0,0.26,0.44922793591110094
BTC,2026-01-26,1769230800,short,0.020494047011756167,2,1,0.35,0.17534798435253965
BTC,2026-01-25,1769230800,short,0.02942627846314494,2,1,0.41899999999999993,-0.017966492905713116
BTC,2026-01-26,1769235300,short,0.020820965151183812,2,1,0.37999999999999995,0.5009250648545095
ETH,2026-01-25,1769240700,long,0.020264367883757295,1,0,0.20999999999999996,-0.1378361116634917
ETH,2026-01-25,1769240700,short,0.029735632116242583,2,1,0.7110000000000001,0.8047434814678613
ETH,2026-01-26,1769274900,short,0.04214998978040707,2,1,-0.52,-0.45927182578674597
ETH,2026-01-26,1769274900,long,0.03785001021959289,2,1,0.6,0.5392718257867459
ETH,2026-01-27,1769274900,long,0.049481859346064416,1,0,0.09999999999999998,0.13769403374337746
ETH,2026-01-25,1769274900,short,0.03369004427725669,2,1,0.7050000000000001,0.8774274996644423
ETH,2026-01-27,1769274900,long,0.035770410965516586,0,0,0.0,0.0
ETH,2026-01-27,1769274900,short,0.034229589034483365,1,0,-0.28,-0.216227678652352
BTC,2026-01-27,1769274900,short,0.03070448981263496,0,0,0.0,0.0
ETH,2026-01-26,1769274900,long,0.052260253899830245,2,1,-0.25999999999999995,-0.06127379837674499
ETH,2026-01-27,1769274900,long,0.035770410965516586,0,0,0.0,0.0
ETH,2026-01-27,1769274900,short,0.034229589034483365,1,0,-0.28,-0.216227678652352
ETH,2026-01-27,1769274900,short,0.056987247428947896,0,0,0.0,0.0
BTC,2026-01-27,1769274900,short,0.05778429616618008,1,0,-0.09999999999999998,-0.1574845901761407
BTC,2026-01-27,1769274900,long,0.06063773559271102,1,0,0.42999999999999994,0.3098840185437553
BTC,2026-01-27,1769274900,long,0.07458157448141423,1,0,-0.4,-0.2798840185437554
BTC,2026-01-27,1769275800,short,0.021010830959751647,2,1,-0.68,-0.6612453228240562
BTC,2026-01-27,1769275800,long,0.05898916904024798,1,0,0.43999999999999995,0.31454675581182046
ETH,2026-01-26,1769275800,short,0.03245666801324365,2,1,0.19299999999999995,0.3281716728345564
BTC,2026-01-25,1769275800,long,0.025848562195887492,2,1,-0.246,0.08602892576537835
BTC,2026-01-25,1769277600,short,0.04999955013193125,2,1,-0.362,-0.1879950193344865
BTC,2026-01-27,1769279400,long,0.02523498726447193,1,0,-0.15000000000000002,-0.06865876263366706
BTC,2026-01-26,1769282100,long,0.021756183162628062,2,1,-0.26,-0.08126696878710782
BTC,2026-01-26,1769283000,long,0.020283660234143186,2,1,-0.38,-0.4288360274297744
ETH,2026-01-26,1769283900,short,0.027310198505723804,2,1,0.2700000000000001,0.1043419935413161
ETH,2026-01-25,1769284800,long,0.024714771699677618,2,1,-0.156,0.11431204184233698
ETH,2026-01-27,1769286600,short,0.025045686776707266,1,0,0.39,0.4813848698487523
ETH,2026-01-27,1769289300,long,0.021594615079231883,0,0,0.0,0.0
ETH,2026-01-26,1769299200,long,0.04067760625936878,1,0,0.27,0.45161436420289813
BTC,2026-01-26,1769304600,short,0.021063706501693424,2,1,-0.799,-0.669736489828832
BTC,2026-01-25,1769323500,long,0.06890689360577995,2,1,-0.139,-0.3209073333893377
BTC,2026-01-27,1769331600,long,0.022589320103892252,1,0,-0.42000000000000004,-0.3838102249198412
BTC,2026-01-26,1769337000,long,0.022889170349701393,2,1,-0.36,-0.3426404984032324
BTC,2026-01-26,1769337000,short,0.027110829650298762,2,1,0.41000000000000003,0.39264049840323245
BTC,2026-01-27,1769337000,long,0.028191659718141082,2,1,-0.08100000000000007,-0.08361354781450066
BTC,2026-01-26,1769350500,long,0.021827483763655176,2,1,0.7669999999999999,0.6440507195627597
BTC,2026-01-27,1769355900,short,0.029564404303622505,1,0,0.16000000000000003,0.1703464567029838
ETH,2026-01-27,1769357700,short,0.047869594835361795,2,1,0.16299999999999992,0.07522960036246838
ETH,2026-01-27,1769359500,short,0.022107669857681422,1,0,0.07999999999999996,-0.034651574573267216
BTC,2026-01-28,1769361300,short,0.031982206922067324,1,0,0.126,0.01679032938559813
ETH,2026-01-27,1769361300,long,0.024445198831308135,2,1,-0.10999999999999996,-0.2511769015508789
ETH,2026-01-28,1769361300,short,0.024864737377539137,1,0,0.10499999999999998,-0.043551563527821385
ETH,2026-01-27,1769362200,short,0.029986253799854534,2,1,0.33000000000000007,0.25555405500908757
BTC,2026-01-28,1769362200,long,0.02079766309451614,1,0,0.02100000000000002,-0.004383628282264698
BTC,2026-01-27,1769362200,long,0.020357879421793124,2,1,-0.14000000000000004,-0.18210559399250448
BTC,2026-01-28,1769362200,short,0.021885115500599572,1,0,0.12,0.21521548218130082
ETH,2026-01-27,1769362200,long,0.027977280007456473,1,0,0.53,0.21012437290388442
BTC,2026-01-27,1769362200,long,0.02930929937503768,2,1,0.73,0.7070190051111449
BTC,2026-01-28,1769362200,long,0.027362682184193687,2,1,-0.14,-0.21501020108170182
BTC,2026-01-28,1769362200,long,0.030394511379111533,2,1,0.78,0.7469921936237167
ETH,2026-01-26,1769363100,short,0.023798464116271956,2,1,0.38,0.3634326286577203
BTC,2026-01-27,1769364000,short,0.02608554400926799,1,0,0.08799999999999997,0.04703408620983825
ETH,2026-01-28,1769364000,short,0.02331148777812375,0,0,0.0,0.0
ETH,2026-01-28,1769364000,long,0.025924669310139148,0,0,0.0,0.0
BTC,2026-01-28,1769364900,short,0.02411471194502668,1,0,0.52,0.29420918795931084
BTC,2026-01-28,1769364900,long,0.025885288054973365,1,0,0.28,0.08926593467715258
ETH,2026-01-26,1769364900,long,0.037446906398129975,2,1,-0.3650000000000001,-0.32967457361683616
ETH,2026-01-28,1769364900,short,0.030995311480623622,1,0,0.30000000000000004,0.023107788106792482
BTC,2026-01-28,1769364900,short,0.02411471194502668,1,0,0.52,0.29420918795931084
BTC,2026-01-28,1769364900,long,0.025885288054973365,1,0,0.28,0.08926593467715258
ETH,2026-01-26,1769364900,short,0.023435705047797795,1,0,0.21499999999999997,0.12100395747796414
ETH,2026-01-27,1769365800,long,0.0299866377137763,1,0,0.30999999999999994,-0.0442205508490488
BTC,2026-01-26,1769365800,short,0.020562509070055746,2,1,0.17199999999999993,0.16234888965917113
ETH,2026-01-28,1769365800,short,0.03592443019836755,1,0,0.61,0.259561092808121
ETH,2026-01-26,1769366700,short,0.022334330483574694,2,1,-0.77,-0.5991595593307233
BTC,2026-01-28,1769366700,short,0.02470397227501009,1,0,0.36,0.09245808300172564
ETH,2026-01-28,1769366700,long,0.024359776203956907,1,0,0.6599999999999999,0.28027186741839
ETH,2026-01-28,1769366700,short,0.02029577028409635,2,1,0.2899999999999999,0.2904865467764068
ETH,2026-01-28,1769366700,long,0.029704229715903585,2,1,-0.24,-0.24048654677640685
ETH,2026-01-28,1769367600,long,0.021119818008420443,1,0,-0.04,-0.13205329401260796
BTC,2026-01-27,1769369400,short,0.027314871738189694,1,0,-0.11,-0.24378297638835017
BTC,2026-01-27,1769369400,long,0.02268512826181035,2,1,0.82,0.7005291792626263
BTC,2026-01-28,1769369400,short,0.030005344105793585,2,1,0.05999999999999994,-0.015712693647256762
ETH,2026-01-27,1769369400,long,0.02320335117559602,2,1,0.82,0.5664246009971526
ETH,2026-01-27,1769369400,short,0.026796648824404024,1,0,-0.06999999999999999,-0.24491403007361906
ETH,2026-01-28,1769370300,short,0.023861487626445688,2,1,0.052999999999999936,-0.03616577601379013
BTC,2026-01-26,1769370300,long,0.031567185205092274,2,1,-0.17999999999999997,-0.2719204890900791
ETH,2026-01-28,1769371200,long,0.022643995868259825,2,1,-0.09600000000000009,0.04079197318437408
ETH,2026-01-26,1769373900,long,0.024890068587168024,2,1,-0.32999999999999996,-0.13518904799544326
ETH,2026-01-27,1769374800,short,0.02304546304339239,1,0,-0.022,-0.07142077867627075
ETH,2026-01-27,1769374800,long,0.02909139672931338,2,1,-0.02200000000000002,0.09364542255918334
BTC,2026-01-27,1769375700,short,0.03412145502796882,2,1,0.32999999999999996,0.3328708245491336
BTC,2026-01-28,1769376600,short,0.02057317850497231,2,1,-0.7600000000000001,-0.6709924144360989
ETH,2026-01-27,1769377500,long,0.030659676710596884,2,1,-0.2430000000000001,-0.07237038040075047
BTC,2026-01-26,1769378400,long,0.03310891616711653,2,1,-0.256,-0.14595373198691503
BTC,2026-01-27,1769378400,long,0.02380585671693569,2,1,-0.09600000000000009,0.005015141854262023
BTC,2026-01-28,1769386500,long,0.02279230675438937,1,0,-0.031000000000000028,0.02980746878709964
ETH,2026-01-27,1769389200,long,0.042426394483478624,2,1,-0.07299999999999995,0.08405864483673817
BTC,2026-01-28,1769390100,short,0.02222262108454809,1,0,0.21999999999999997,0.41998984289997
ETH,2026-01-28,1769390100,short,0.02878332322656363,1,0,0.19999999999999996,0.431035140842566
BTC,2026-01-28,1769391900,long,0.023461099187658707,2,1,-0.127,-0.05952730645459338
ETH,2026-01-26,1769392800,long,0.02260112208458409,1,0,0.5800000000000001,0.48408445051205157
ETH,2026-01-28,1769393700,long,0.02624671330763073,1,0,-0.27,0.015689614532068796
BTC,2026-01-26,1769397300,short,0.021914254894038088,2,1,-0.539,-0.5456523973601103
BTC,2026-01-28,1769405400,long,0.021866587685261285,2,1,-0.04399999999999997,-0.09890227503108494
BTC,2026-01-27,1769421600,long,0.02023617689672741,1,0,-0.53,-0.36210248446822224
BTC,2026-01-26,1769436900,short,0.055017056364924266,2,1,0.3769999999999999,0.35626236878356293
BTC,2026-01-26,1769436900,long,0.10005092727494014,2,1,0.43099999999999994,0.4116428113454439
BTC,2026-01-27,1769442300,short,0.020377830680492925,2,1,0.16999999999999993,0.0715238500856027
ETH,2026-01-29,1769447700,long,0.020049094330812922,1,0,-0.07000000000000006,-0.14128685848865352
ETH,2026-01-29,1769447700,short,0.03478106600716435,1,0,-0.07000000000000006,-0.14128685848865352
ETH,2026-01-29,1769447700,short,0.029358533275967935,1,0,-0.08,-0.014698406226518912
ETH,2026-01-29,1769447700,long,0.027730312946954605,1,0,-0.52,-0.35889172332225366
ETH,2026-01-27,1769448600,short,0.02827779977528222,1,0,-0.10999999999999999,0.10998859948306627
BTC,2026-01-29,1769448600,short,0.025374377859941788,1,0,0.69,0.4760050279674882
ETH,2026-01-27,1769448600,long,0.024655081137267665,1,0,0.09999999999999998,0.2902726231322778
BTC,2026-01-27,1769448600,long,0.023489899774896905,2,1,0.71,0.5552088127225835
BTC,2026-01-28,1769448600,long,0.023931818090164647,2,1,0.75,0.6313780728793293
ETH,2026-01-29,1769448600,short,0.03158195785892548,1,0,-0.21999999999999997,-0.34135973697664046
BTC,2026-01-29,1769448600,long,0.034402068780627015,1,0,0.21999999999999997,0.04025392942898001
ETH,2026-01-29,1769449500,long,0.023359201599862933,2,1,-0.04299999999999997,0.006184892632065363
ETH,2026-01-29,1769450400,long,0.02195005397584482,1,0,0.09999999999999998,0.016278390844296095
ETH,2026-01-29,1769450400,long,0.02427280974637136,0,0,0.0,0.0
ETH,2026-01-29,1769450400,short,0.025727190253628685,1,0,0.5599999999999999,0.3709480814818782
BTC,2026-01-29,1769451300,long,0.02201054103786171,2,1,-0.14,-0.028781673590925427
BTC,2026-01-28,1769451300,short,0.02178163101554631,2,1,0.30000000000000004,0.23420000576140765
ETH,2026-01-29,1769452200,long,0.02266394458845422,2,1,0.7899999999999999,0.7251276199422558
ETH,2026-01-28,1769453100,short,0.033042494433480285,1,0,-0.13,0.04418591671503122
BTC,2026-01-29,1769453100,short,0.023583929965195316,1,0,-0.08899999999999997,-0.24772023022497222
ETH,2026-01-28,1769453100,long,0.02836240982259497,1,0,0.22999999999999998,0.4518070864649413
ETH,2026-01-28,1769454000,long,0.021382829821301685,1,0,-0.26,-0.45596815229045073
BTC,2026-01-29,1769454000,short,0.02092176064044604,1,0,-0.32,0.01509258516393075
ETH,2026-01-28,1769454000,long,0.025015529856987406,2,1,0.66,0.6402398789545578
ETH,2026-01-28,1769454000,short,0.024984470143012638,2,1,-0.61,-0.5902398789545578
BTC,2026-01-29,1769456700,long,0.029560830608444277,2,1,0.9029999999999999,0.7899972896785161
BTC,2026-01-29,1769456700,short,0.020439169391555767,1,0,-0.78,-0.5064053853268266
ETH,2026-01-28,1769457600,short,0.021192474973082298,2,1,0.09299999999999997,0.004255782474309258
BTC,2026-01-28,1769461200,long,0.020658939506244867,1,0,-0.53,-0.20957543209331353
ETH,2026-01-27,1769462100,long,0.025106442103055127,1,0,-0.41000000000000003,0.03211011385445395
BTC,2026-01-29,1769463000,long,0.0216114591875598,1,0,0.54,0.2153855149796413
BTC,2026-01-28,1769468400,long,0.020189576930869757,2,1,-0.14999999999999997,-0.2730108412328397
BTC,2026-01-29,1769471100,short,0.020996678039211236,2,1,0.21999999999999997,0.0663299310220608
ETH,2026-01-28,1769476500,long,0.024559883817212302,1,0,-0.4,-0.08836537174776299
BTC,2026-01-28,1769480100,long,0.026479128265195273,2,1,0.66,0.6463592515708617
BTC,2026-01-28,1769480100,short,0.023520871734804882,2,1,-0.61,-0.5963592515708617
BTC,2026-01-29,1769480100,short,0.022706540828480226,1,0,0.14,-0.10286921115269473
ETH,2026-01-27,1769481000,short,0.028978359102782236,2,1,-0.38,-0.29116718400134267
BTC,2026-01-27,1769494500,short,0.028468148418613337,2,1,-0.4,-0.38974595417259505
ETH,2026-01-29,1769499900,long,0.023221258831118474,1,0,0.039000000000000035,0.11982586340261736
BTC,2026-01-27,1769508900,long,0.03530372597691023,2,1,-0.45199999999999996,-0.22356987263412947
ETH,2026-01-28,1769517000,short,0.029867077814592413,2,1,0.17699999999999996,0.3586652093923944
BTC,2026-01-27,1769524200,short,0.033208644694799117,2,1,0.353,0.1712670265819319
BTC,2026-01-30,1769534100,short,0.02019513160552633,2,1,0.19,-0.06069166352642952
BTC,2026-01-30,1769534100,long,0.029804868394473605,2,1,-0.14000000000000004,0.11069166352642948
ETH,2026-01-30,1769534100,long,0.027586561250780184,2,1,-0.27,-0.31637896724855163
BTC,2026-01-30,1769534100,short,0.02019513160552633,2,1,0.19,-0.06069166352642952
BTC,2026-01-30,1769534100,long,0.029804868394473605,2,1,-0.14000000000000004,0.11069166352642948
BTC,2026-01-30,1769534100,short,0.020120181016753946,2,1,0.16000000000000003,0.3702387019076808
ETH,2026-01-30,1769534100,short,0.02333317731797313,2,1,0.21999999999999997,0.47839402523702323
BTC,2026-01-30,1769534100,short,0.033349719374330955,2,1,0.27,0.40478938696197264
BTC,2026-01-30,1769534100,long,0.028552407036328997,2,1,-0.22999999999999998,-0.12087438921260446
ETH,2026-01-30,1769534100,long,0.02832238866606418,0,0,0.0,0.0
ETH,2026-01-29,1769535000,short,0.03911193964833415,1,0,-0.07999999999999996,-0.25706257258062104
BTC,2026-01-28,1769535000,long,0.028246096962692313,2,1,0.65,0.4585938144575389
BTC,2026-01-29,1769535000,short,0.022143613428738496,2,1,0.30000000000000004,0.3966496702996029
BTC,2026-01-29,1769535000,long,0.02778994345802488,2,1,-0.27,-0.1666358230267853
ETH,2026-01-29,1769536800,long,0.021428253276420728,1,0,0.26,-0.010264841127752944
ETH,2026-01-29,1769537700,long,0.02359266276779648,1,0,0.32000000000000006,-0.0006248079387817795
ETH,2026-01-29,1769537700,short,0.026407337232203565,1,0,0.69,0.35535678935432335
ETH,2026-01-30,1769537700,short,0.031873834903260234,0,0,0.0,0.0
ETH,2026-01-29,1769537700,short,0.026569890755757664,1,0,0.32000000000000006,-0.0006248079387817795
ETH,2026-01-30,1769537700,long,0.023708521561829565,1,0,0.87,0.4770600369813283
ETH,2026-01-30,1769538600,short,0.021771394001054545,1,0,0.37,-0.25364960859641106
BTC,2026-01-30,1769538600,short,0.02245837302279985,1,0,0.52,-0.11689071534493212
ETH,2026-01-29,1769540400,long,0.025934443232556337,1,0,0.14,-0.14148495935774758
BTC,2026-01-29,1769540400,long,0.024438088888243614,2,1,-0.16000000000000006,0.04979985928901251
ETH,2026-01-30,1769540400,long,0.026215522124444446,1,0,0.06699999999999995,-0.17293098739961257
ETH,2026-01-29,1769541300,long,0.022917436715262918,1,0,0.79,0.40885066242559637
ETH,2026-01-28,1769543100,short,0.02815222747339663,2,1,-0.54,-0.5637931634550285
ETH,2026-01-28,1769543100,long,0.05005184981711608,2,1,-0.339,-0.37032596416227886
ETH,2026-01-30,1769544000,long,0.025256952173985825,0,0,0.0,0.0
ETH,2026-01-30,1769544000,short,0.02075580532895982,1,0,0.75,0.11017945519681094
ETH,2026-01-30,1769544000,long,0.029244194671040225,1,0,0.45999999999999996,-0.3080502026738601
ETH,2026-01-29,1769545800,long,0.036326567821678424,2,1,-0.12999999999999995,0.17954232657441865
BTC,2026-01-30,1769545800,long,0.022112268428783555,1,0,0.05300000000000005,-0.1933384337446647
BTC,2026-01-28,1769545800,short,0.03988518967957588,2,1,0.236,0.1754535194127361
ETH,2026-01-28,1769546700,long,0.027567102793272458,1,0,0.54,0.5265983773048936
BTC,2026-01-28,1769546700,short,0.0378101270193153,2,1,0.23700000000000002,0.33324183294925896
BTC,2026-01-29,1769550300,long,0.026921512844937157,2,1,-0.17000000000000004,-0.4183155303188981
BTC,2026-01-30,1769551200,long,0.02828941462976209,1,0,0.88,0.38765383781965695
BTC,2026-01-28,1769555700,long,0.023193522845783132,2,1,-0.27699999999999997,-0.3324610989688459
BTC,2026-01-29,1769555700,short,0.023887452359365624,2,1,0.33999999999999997,0.41076966264963993
BTC,2026-01-28,1769571000,short,0.022744606839372405,2,1,-0.47,-0.48402351230471446
BTC,2026-01-29,1769572800,long,0.022050290524267435,2,1,-0.07399999999999997,0.154200715394825
ETH,2026-01-30,1769583600,long,0.025232412657797187,1,0,-0.95,-0.6565027719745765
ETH,2026-01-30,1769605200,long,0.02318317687298066,0,0,0.0,0.0
ETH,2026-01-28,1769614200,short,0.07818608042807629,2,1,0.575,0.5644099987328495
BTC,2026-01-30,1769615100,long,0.029653551359832386,2,1,-0.15000000000000002,-0.5315575064555937
ETH,2026-01-31,1769620500,short,0.03266074294880017,1,0,0.8099999999999999,-0.36157930628190693
ETH,2026-01-31,1769620500,long,0.02065169439695924,1,0,0.25,-1.0105079729159208
ETH,2026-01-30,1769620500,short,0.028161967819637646,2,1,0.34,0.11186067415841769
ETH,2026-01-30,1769620500,long,0.0218380321803624,2,1,-0.29000000000000004,-0.0618606741584177
ETH,2026-01-31,1769621400,short,0.020608839764905906,1,0,0.51,-1.0529696801106456
ETH,2026-01-31,1769621400,long,0.029391160235094027,1,0,0.22999999999999998,-1.0162460702521587
BTC,2026-01-31,1769621400,short,0.029905105923732744,2,1,0.20000000000000007,0.6481806585457033
BTC,2026-01-30,1769621400,long,0.029633335767631275,2,1,-0.24,0.08511076096428993
BTC,2026-01-30,1769621400,short,0.020283442043649513,2,1,0.19000000000000006,0.578037032809124
BTC,2026-01-31,1769621400,short,0.023802323008415227,2,1,0.3,0.4817924313837695
BTC,2026-01-31,1769622300,long,0.024728818452210755,2,1,-0.13,-0.5923093663722363
BTC,2026-01-31,1769622300,short,0.0214984652262028,1,0,-0.032,0.2074620293368131
ETH,2026-01-31,1769622300,short,0.02419792799798881,2,1,0.19,-0.42123034130875275
ETH,2026-01-30,1769623200,short,0.03247884945898105,1,0,0.96,0.6801151481359486
ETH,2026-01-31,1769623200,long,0.0252462641891682,0,0,0.0,0.0
BTC,2026-01-29,1769623200,short,0.021841326847949594,2,1,0.126,0.4708165930173422
ETH,2026-01-31,1769623200,short,0.02252399633841562,0,0,0.0,0.0
BTC,2026-01-31,1769623200,long,0.027290122079209223,1,0,-0.49,0.8661717013220709
BTC,2026-01-31,1769623200,long,0.02782064414102381,1,0,-0.23,0.8955647444891823
ETH,2026-01-29,1769624100,short,0.027594855738539592,2,1,0.33999999999999997,0.8124189747227776
BTC,2026-01-30,1769625000,short,0.029317695445953973,2,1,0.32,0.5403688211536901
ETH,2026-01-30,1769625900,long,0.022214135855857187,1,0,0.55,-0.44745796535213744
ETH,2026-01-29,1769626800,long,0.021759262549899905,2,1,-0.43000000000000005,-0.09953704168479877
BTC,2026-01-29,1769626800,long,0.021937926279957276,2,1,-0.3800000000000001,-0.6038536307743982
BTC,2026-01-29,1769626800,short,0.022813700247872215,2,1,0.32999999999999996,-0.11594484890802736
ETH,2026-01-30,1769626800,short,0.028131626622097894,2,1,0.194,-0.24711445492408757
ETH,2026-01-31,1769627700,long,0.020829887982765305,0,0,0.0,0.0
ETH,2026-01-30,1769628600,long,0.02064039281932084,1,0,-0.21000000000000002,0.5606956661298668
ETH,2026-01-30,1769628600,short,0.024026168632846234,1,0,-0.21000000000000002,0.5606956661298668
BTC,2026-01-31,1769630400,short,0.023932562743534724,1,0,-0.17,0.6870015451340713
ETH,2026-01-30,1769634000,short,0.022679175389442308,1,0,0.86,0.19789250768879174
ETH,2026-01-30,1769634000,long,0.027320824610557626,1,0,-0.84,-0.17789250768879172
BTC,2026-01-31,1769634900,short,0.021980651403530893,0,0,0.0,0.0
ETH,2026-01-29,1769635800,long,0.022156657669612834,2,1,-0.33000000000000007,-0.9597517946676474
BTC,2026-01-29,1769639400,long,0.02089856242649568,2,1,-0.15900000000000003,-0.7495999663669926
ETH,2026-01-29,1769642100,short,0.02256919286478798,2,1,0.52,-0.04622438616815083
BTC,2026-01-29,1769642100,short,0.07042911293571386,2,1,0.49999999999999994,0.6417221842558842
BTC,2026-01-30,1769647500,long,0.027149732957323813,2,1,-0.35,-0.3411426805459206
BTC,2026-01-31,1769647500,long,0.020374105667647635,2,1,-0.06299999999999994,-0.44383223491796847
BTC,2026-01-30,1769649300,short,0.020491146384628678,1,0,-0.08,0.42367539033396967
BTC,2026-01-31,1769650200,long,0.021646778956299295,1,0,-0.64,0.6289886436263895
SOL,2026-01-30,1769661900,long,0.0655556889529989,1,0,0.07999999999999996,-0.09140103167122257
SOL,2026-01-31,1769661900,short,0.04141288283689726,1,0,0.77,-0.29141522153134614
SOL,2026-01-31,1769664600,long,0.021806761518713857,0,0,0.0,0.0
SOL,2026-01-31,1769664600,short,0.028193238481286298,2,1,0.68,0.33086939500480067
ETH,2026-01-31,1769670900,long,0.02143830638250277,1,0,-0.7,0.8375923896471078
ETH,2026-01-31,1769670900,short,0.03856169361749706,2,1,0.41,0.5465291981889092
ETH,2026-01-30,1769675400,long,0.020241990836473933,1,0,-0.948,-0.669406413479127
SOL,2026-01-30,1769676300,short,0.02547007291087905,0,0,0.0,0.0
SOL,2026-01-30,1769676300,long,0.02452992708912083,1,0,-0.78,-0.3403051052784116
ETH,2026-01-31,1769678100,long,0.02388625204435435,1,0,-0.921,-0.131472476474913
ETH,2026-01-30,1769698800,short,0.02554812355159264,2,1,-0.8360000000000001,-0.5117767012638698
ETH,2026-01-31,1769698800,short,0.02151855521385626,1,0,-0.768,0.3903381633165688
ETH,2026-01-29,1769698800,long,0.03572604166342286,2,1,0.21200000000000008,-0.15221260663058445
BTC,2026-01-30,1769698800,short,0.03293592121476696,1,0,-0.68,0.07809796100980382
BTC,2026-01-31,1769699700,long,0.040896445229857914,1,0,-0.928,-0.5815962613833865
BTC,2026-01-29,1769699700,long,0.3906479819301403,2,1,0.514,0.5339314141710821
BTC,2026-01-30,1769699700,long,0.0665229017890756,1,0,0.06399999999999995,0.20884349342375108
ETH,2026-01-30,1769699700,long,0.06677954246740558,2,1,0.748,0.5279504520019433
BTC,2026-01-30,1769699700,long,0.039318313843849095,2,1,-0.3670000000000001,-0.45183374743811133
SOL,2026-01-31,1769699700,long,0.07925298952517634,2,1,-0.5230000000000001,-1.100170033295925
SOL,2026-01-31,1769700600,short,0.048416363944789875,1,0,-0.38,0.5900398337149166
BTC,2026-01-29,1769701500,short,0.09916821192207625,2,1,0.20899999999999996,-0.08214067902476507
ETH,2026-01-29,1769701500,short,0.022768463534955485,2,1,-0.434,0.2053012906187392
SOL,2026-01-30,1769701500,long,0.02754061978427802,2,1,0.2749999999999999,0.2913370186343056
BTC,2026-01-31,1769702400,short,0.022980856648861292,2,1,-0.907,-0.7005987927602884
XRP,2026-01-30,1769704200,long,0.060753491860829234,2,1,-0.39,-0.22731701257623116
BTC,2026-01-31,1769704200,short,0.024854301719373195,2,1,0.347,0.28405029057504166
XRP,2026-01-30,1769704200,long,0.04124620083054231,1,0,0.51,0.27026629910111827
ETH,2026-02-01,1769706900,short,0.02792156083231656,1,0,-0.874,0.13644884970046045
BTC,2026-02-01,1769706900,long,0.02969927909414838,1,0,-0.39,0.6911939807385018
SOL,2026-02-01,1769706900,short,0.05056769374413406,0,0,0.0,0.0
XRP,2026-01-30,1769706900,short,0.02118436380535582,2,1,0.14599999999999994,-0.05988987184704114
SOL,2026-02-01,1769706900,long,0.04192418161287459,0,0,0.0,0.0
ETH,2026-02-01,1769706900,long,0.025155699148361688,1,0,-0.33,1.3346263173950152
XRP,2026-01-30,1769706900,long,0.025095791390080002,2,1,-0.5100000000000001,-0.3811667086960136
XRP,2026-01-30,1769706900,short,0.03490420860991972,2,1,0.57,0.44116670869601343
BTC,2026-02-01,1769706900,short,0.038270940005289966,2,1,0.32799999999999996,0.4307085383892232
ETH,2026-01-31,1769706900,short,0.02950934166827135,1,0,-0.887,-0.24545531991639613
BTC,2026-02-01,1769707800,short,0.02080682740890316,1,0,-0.874,-0.2520428395003318
BTC,2026-02-01,1769707800,short,0.020764651346429686,1,0,-0.679,0.3098494776716354
BTC,2026-02-01,1769707800,long,0.020235348653570462,1,0,-0.874,-0.2520428395003318
BTC,2026-02-01,1769707800,short,0.020764651346429686,1,0,-0.679,0.3098494776716354
BTC,2026-02-01,1769707800,long,0.020235348653570462,1,0,-0.874,-0.2520428395003318
ETH,2026-02-01,1769707800,short,0.023299728476522508,1,0,-0.65,1.019022379658919
BTC,2026-01-31,1769708700,long,0.02195937228798228,2,1,-0.21000000000000002,0.08385735296095825
SOL,2026-02-01,1769708700,short,0.03568260958337144,1,0,-0.38,0.742739497161839
SOL,2026-02-01,1769708700,long,0.025317390416628394,0,0,0.0,0.0
XRP,2026-01-30,1769708700,short,0.023974753371127422,1,0,-0.64,-0.2844565473856559
XRP,2026-01-30,1769708700,long,0.021025246628872507,1,0,0.04500000000000004,0.12925506648182655
SOL,2026-02-01,1769708700,long,0.02627130924521648,1,0,-0.38,0.742739497161839
SOL,2026-02-01,1769708700,short,0.023728690754783455,0,0,0.0,0.0
ETH,2026-02-01,1769708700,short,0.02989798655566489,2,1,0.36,0.2728819400121357
BTC,2026-02-01,1769709600,short,0.020924139432332955,2,1,0.050999999999999934,0.266645187252324
XRP,2026-02-01,1769710500,short,0.02533905048082974,1,0,-0.045000000000000005,0.16869997236452286
XRP,2026-01-31,1769710500,short,0.10171292400221854,1,0,-0.14,0.4256270751247285
XRP,2026-01-31,1769710500,long,0.10222678268782581,1,0,-0.903,-0.4926109127788788
ETH,2026-02-01,1769711400,long,0.0454873835482994,2,1,-0.2700000000000001,0.11166212080177118
XRP,2026-01-31,1769711400,long,0.0465220431740383,0,0,0.0,0.0
ETH,2026-01-30,1769711400,short,0.07430959645742663,2,1,0.16699999999999993,0.2973286978759431
BTC,2026-01-30,1769711400,short,0.035244532407451956,2,1,0.16099999999999992,0.2253954808610732
ETH,2026-01-31,1769711400,long,0.020824316153355227,1,0,-0.03,0.2585332428370579
BTC,2026-02-01,1769711400,long,0.02276709317618897,2,1,-0.26200000000000007,-0.05986787627137258
XRP,2026-01-31,1769712300,long,0.07872559589122696,1,0,-0.52,0.3889847214823303
BTC,2026-02-01,1769712300,short,0.02373373856183192,2,1,0.07799999999999999,-0.1483707680523815
XRP,2026-01-31,1769712300,long,0.037822035642319785,0,0,0.0,0.0
XRP,2026-01-31,1769712300,short,0.05917796435768008,1,0,-0.52,0.3889847214823303
XRP,2026-01-31,1769713200,short,0.021739460516175008,1,0,0.869,0.3613763508251171
XRP,2026-01-31,1769713200,long,0.04426053948382491,0,0,0.0,0.0
ETH,2026-01-31,1769714100,long,0.04303971984416921,2,1,-0.29200000000000004,-0.5071630645377033
ETH,2026-01-31,1769714100,long,0.029810001612468273,2,1,-0.27099999999999996,0.1485643510187835
ETH,2026-01-31,1769714100,short,0.037189998387531786,1,0,0.46799999999999997,-0.5441386171526597
ETH,2026-02-01,1769715000,short,0.04336347470843549,2,1,0.179,-0.4473611850699986
BTC,2026-01-30,1769715000,short,0.02999865543695457,2,1,0.14999999999999997,0.08762523068549381
BTC,2026-02-01,1769715000,short,0.02307670114331206,2,1,0.18000000000000002,-0.16091400016180243
ETH,2026-01-30,1769715000,short,0.05699290525241407,2,1,0.40700000000000003,0.2545749028563773
BTC,2026-01-31,1769715000,long,0.0205596420644647,1,0,0.776,0.39717734859536463
ETH,2026-01-31,1769715000,long,0.036668780567181924,1,0,0.825,0.036876941058087365
BTC,2026-01-30,1769715000,long,0.02975582648146391,2,1,-0.1080000000000001,-0.16534279457741627
ETH,2026-01-31,1769715000,short,0.05880260902337431,2,1,0.17399999999999996,-0.24211931175288628
ETH,2026-02-01,1769715000,long,0.03762357669656513,1,0,0.813,-0.411047138601758
ETH,2026-01-30,1769715000,long,0.04118005873392283,2,1,-0.09299999999999997,-0.20326185737378488
BTC,2026-01-31,1769715000,short,0.023900760533876464,2,1,0.16999999999999998,-0.03553107393985197
SOL,2026-01-30,1769717700,long,0.04811568196724547,1,0,0.21999999999999997,0.24765808903902123
SOL,2026-01-30,1769717700,short,0.022884318032754647,1,0,-0.049000000000000044,-0.03633897788429654
ETH,2026-02-01,1769719500,long,0.031287852277893435,0,0,0.0,0.0
XRP,2026-02-01,1769722200,long,0.029478566414239182,0,0,0.0,0.0
XRP,2026-01-31,1769724000,long,0.02278562578642651,1,0,-0.09999999999999999,0.4065624607697932
BTC,2026-01-31,1769726700,short,0.020793580790114174,2,1,0.258,0.45446517462029623
BTC,2026-01-30,1769727600,long,0.02394110670826466,2,1,-0.16999999999999996,0.026370563294529775
XRP,2026-02-01,1769732100,short,0.06062803154529517,1,0,-0.023,0.1059106599804181
XRP,2026-01-31,1769732100,short,0.04566150301941352,1,0,-0.024,0.18062684002549914
ETH,2026-01-30,1769732100,long,0.03198355687558019,2,1,-0.09699999999999998,0.16419692929587593
BTC,2026-02-01,1769733900,long,0.02142892108611827,1,0,-0.9390000000000001,-0.5736508385664326
BTC,2026-02-01,1769736600,long,0.023498935511199415,2,1,-0.045,0.2427474981854884
ETH,2026-01-31,1769737500,short,0.08095027589155213,2,1,0.128,0.3767166248535533
ETH,2026-01-30,1769737500,long,0.14151081095538443,1,0,0.19999999999999996,0.1819522692224772
ETH,2026-02-01,1769737500,short,0.02588550275410917,1,0,0.635,-0.7417008098193201
ETH,2026-02-01,1769737500,long,0.034114497245890885,2,1,-0.30499999999999994,-0.16472368837113366
BTC,2026-01-31,1769737500,short,0.026331189872955352,2,1,0.2,0.09769851604145327
BTC,2026-01-31,1769737500,long,0.061668810127044615,2,1,-0.11200000000000004,-0.009698516041453303
ETH,2026-02-01,1769738400,short,0.02054159806160316,1,0,-0.871,-0.08139186267720844
ETH,2026-01-30,1769738400,short,0.04832642117787189,2,1,0.08399999999999996,0.1115709371652896
ETH,2026-01-31,1769767200,long,0.0232897582274183,2,1,-0.16499999999999995,0.3383540635459159
ETH,2026-02-01,1769770800,long,0.020387645532191856,1,0,0.898,0.06916347783160148
ETH,2026-01-31,1769775300,long,0.021202694901583108,2,1,-0.029000000000000026,-0.3097469910559533
ETH,2026-01-31,1769785200,short,0.026632990571552884,2,1,0.494,0.3836453273118905
ETH,2026-01-30,1769786100,long,0.16374480795470947,2,1,0.2450000000000001,0.33073386897919443
BTC,2026-02-01,1769786100,long,0.02041639328421585,2,1,-0.03500000000000003,-0.2810083567579237
BTC,2026-01-30,1769786100,long,0.12106436206195492,2,1,0.2809999999999999,0.19815017524329095
ETH,2026-02-01,1769793300,short,0.0206718899385977,2,1,0.32100000000000006,1.1777502244487748
ETH,2026-01-31,1769793300,short,0.024479865164020342,2,1,0.358,1.1549912457708493
ETH,2026-02-02,1769793300,long,0.036941288075331924,2,1,-0.14999999999999994,0.4318152764986274
ETH,2026-02-02,1769793300,short,0.03576457382918552,2,1,0.374,0.15271498115774665
ETH,2026-02-02,1769793300,short,0.021202006091206038,2,1,0.281,0.686234723104445
BTC,2026-02-02,1769793300,short,0.022783555481880935,2,1,0.321,0.31015695284039607
BTC,2026-02-02,1769794200,long,0.03176722778429042,2,1,-0.22999999999999998,-0.011847933141493794
BTC,2026-02-01,1769794200,short,0.05180640484761789,2,1,0.42200000000000004,0.616012081008575
ETH,2026-02-02,1769796000,long,0.03379199202368044,2,1,-0.31900000000000006,-0.06895412551027458
BTC,2026-02-02,1769796900,short,0.031067533299701133,2,1,0.23099999999999998,0.4552191427351469
ETH,2026-02-02,1769796900,short,0.04016229325958254,2,1,0.15599999999999992,0.5600705652258572
BTC,2026-01-31,1769796900,short,0.03229923010138491,2,1,-0.777,-0.375431757672727
BTC,2026-02-02,1769796900,long,0.021245294946868443,2,1,-0.07199999999999997,0.13831520253187252
BTC,2026-02-01,1769796900,short,0.054123749192826476,2,1,0.2729999999999999,0.8655485871967254
ETH,2026-02-02,1769797800,long,0.02799031545065911,2,1,-0.29000000000000004,-0.5186170145818282
BTC,2026-02-01,1769797800,long,0.022257003180823576,2,1,-0.40800000000000003,-0.18859737757038164
BTC,2026-02-01,1769797800,long,0.036853453204417796,1,0,0.039000000000000035,-0.17993814397572247
ETH,2026-02-02,1769797800,short,0.028591804486158723,2,1,0.05399999999999994,0.28242466275255684
BTC,2026-01-31,1769797800,long,0.044186347934737524,2,1,-0.522,-0.2960759444747403
ETH,2026-02-01,1769798700,long,0.029293532897667784,2,1,-0.13599999999999998,0.809048175971119
ETH,2026-02-01,1769799600,short,0.03902081311088368,2,1,0.45899999999999996,0.3948355705070923
ETH,2026-02-01,1769799600,long,0.033979186889116164,2,1,-0.386,-0.32183557050709233
ETH,2026-02-02,1769799600,short,0.02023837004224749,2,1,0.091,-0.31211972653997233
BTC,2026-02-01,1769802300,long,0.027614181249705938,2,1,-0.119,0.5608673193452058
BTC,2026-02-01,1769804100,short,0.031150412179316245,2,1,0.395,-0.22438106827685478
ETH,2026-01-31,1769804100,long,0.03062246158375803,1,0,-0.613,0.6859971663018656
ETH,2026-02-02,1769805000,short,0.03828856385603552,2,1,0.15899999999999995,-0.30566644155511535
ETH,2026-01-31,1769805000,long,0.06996162039104203,2,1,-0.41200000000000003,-0.957584756172741
BTC,2026-01-31,1769806800,short,0.022152921615668508,2,1,0.447,-0.35890920274237675
BTC,2026-01-31,1769813100,short,0.0256283996099419,2,1,0.43499999999999994,1.2922063710338678
BTC,2026-02-01,1769820300,long,0.025073443760393888,2,1,-0.038000000000000034,-0.5809318885177331
ETH,2026-02-01,1769823900,long,0.02812159539652992,2,1,-0.42500000000000004,0.685508255878226
SOL,2026-01-31,1769829300,short,0.09707723019918837,2,1,0.7979999999999999,2.312547657380433
SOL,2026-02-02,1769829300,short,0.06666134742861096,2,1,0.576,1.1431908124337933
SOL,2026-02-01,1769829300,long,0.08149076980828829,0,0,0.0,0.0
SOL,2026-02-01,1769829300,short,0.06773511355260126,1,0,0.962,0.6465584096400373
SOL,2026-02-02,1769829300,long,0.020995507509195876,2,1,-0.354,0.4108536137402258
BTC,2026-01-31,1769841000,long,0.020479121722078775,2,1,-0.337,0.798659109609611
ETH,2026-02-01,1769841000,long,0.027838125071564246,1,0,-0.892,0.24301156888620656
SOL,2026-02-02,1769846400,short,0.05276267793735839,0,0,0.0,0.0
SOL,2026-02-02,1769846400,long,0.053237322062641645,1,0,-0.875,-0.46461875437082384
SOL,2026-02-02,1769846400,long,0.030958040525017827,0,0,0.0,0.0
SOL,2026-02-02,1769846400,short,0.020041959474982107,0,0,0.0,0.0
BTC,2026-01-31,1769849100,long,0.05170406078327772,2,1,0.866,0.18839548946517548
ETH,2026-02-01,1769849100,short,0.028636682058917007,1,0,0.948,0.3701338649905791
ETH,2026-02-02,1769849100,long,0.02771279359936707,1,0,0.645,-0.29576744171232217
BTC,2026-02-02,1769849100,long,0.02398156885273628,2,1,-0.33799999999999997,-0.3099814182689911
ETH,2026-01-31,1769849100,short,0.06511158083111479,1,0,0.974,0.9327441610641736
BTC,2026-02-02,1769850000,short,0.024715882583588922,2,1,0.098,-0.1337119114346789
SOL,2026-01-31,1769850000,long,0.03159206518468327,2,1,-0.94,-1.100440078148603
ETH,2026-01-31,1769868900,long,0.042502307885400104,2,1,-0.957,-0.9465395659527388
ETH,2026-02-01,1769869800,short,0.045541576200140654,2,1,0.28400000000000003,0.8000675524606398
SOL,2026-02-02,1769869800,short,0.05581939661890867,2,1,-0.554,-0.298402143410951
XRP,2026-01-31,1769869800,long,0.0965975048336638,2,1,0.123,0.19220351201905433
BTC,2026-02-01,1769869800,short,0.0467128174970608,1,0,-0.771,-0.17620394798956818
BTC,2026-02-02,1769869800,long,0.031130430246681273,2,1,-0.268,-0.361968715024906
ETH,2026-02-02,1769869800,long,0.033776935843795375,2,1,-0.19699999999999995,-0.4082746075580467
ETH,2026-02-01,1769869800,long,0.10153334291050364,2,1,-0.353,-0.22830538244213333
ETH,2026-01-31,1769869800,long,0.17247001772595394,2,1,-0.6950000000000001,-0.4231951167916601
BTC,2026-02-02,1769870700,long,0.046811516941704046,2,1,0.85,0.7331875949796212
BTC,2026-02-02,1769870700,short,0.02601587733595534,2,1,0.11999999999999993,0.00264236416622142
SOL,2026-02-01,1769870700,short,0.04317178671470723,2,1,-0.41100000000000003,0.14048145819762436
SOL,2026-02-01,1769870700,long,0.04482821328529285,2,1,0.499,-0.0524814581976244
SOL,2026-02-02,1769870700,short,0.061037785636127107,2,1,-0.49499999999999994,-0.34239663615482624
SOL,2026-02-02,1769870700,long,0.04696221436387282,2,1,0.603,0.4503966361548263
SOL,2026-02-01,1769870700,short,0.04317178671470723,2,1,-0.41100000000000003,0.14048145819762436
SOL,2026-02-01,1769870700,long,0.04482821328529285,2,1,0.499,-0.0524814581976244
ETH,2026-02-01,1769870700,long,0.040169119930446584,2,1,-0.22699999999999998,-0.6139210350205853
SOL,2026-02-01,1769873400,long,0.13848455512802227,2,1,-0.39099999999999996,0.3288938116433994
SOL,2026-02-02,1769877900,short,0.04275502530405306,2,1,0.10699999999999998,0.18263959937903013
BTC,2026-02-01,1769878800,long,0.0396675655426888,2,1,-0.21800000000000008,-0.39553171083094607
SOL,2026-02-03,1769879700,long,0.0753267855334161,2,1,0.518,0.5538650408479542
ETH,2026-02-02,1769879700,short,0.021629350406249914,2,1,0.08900000000000002,0.05420547803182801
ETH,2026-02-03,1769879700,short,0.027329263862965525,2,1,0.05399999999999997,-0.008212756710235192
BTC,2026-02-03,1769879700,long,0.09163958784883386,2,1,-0.138,-0.14993514822598952
BTC,2026-02-03,1769879700,short,0.03243939457049516,2,1,0.08000000000000002,0.027262542398709427
ETH,2026-02-03,1769879700,short,0.02187842058103351,1,0,-0.19,0.02677113970735806
BTC,2026-02-03,1769879700,long,0.05576430252720832,2,1,-0.15900000000000009,-0.10366863214159211
ETH,2026-02-03,1769880600,long,0.03788558360631966,1,0,-0.354,0.021371471593010116
ETH,2026-02-03,1769880600,short,0.020114416393680168,1,0,-0.184,0.06732310719193146
ETH,2026-02-03,1769880600,short,0.02177874683068748,1,0,-0.089,0.03476341852461444
XRP,2026-02-03,1769881500,long,0.05095494970347758,2,1,-0.059999999999999956,-0.07912774411312548
XRP,2026-02-03,1769881500,long,0.03327122028118046,1,0,-0.244,-0.2022775906471191
XRP,2026-02-03,1769881500,short,0.04572877971881939,0,0,0.0,0.0
XRP,2026-02-02,1769881500,long,0.06944021879561113,1,0,0.5820000000000001,0.3114486392632335
XRP,2026-02-02,1769881500,short,0.050559781204388976,1,0,-0.14,-0.2653241732805517
SOL,2026-02-03,1769881500,long,0.05128719748806754,1,0,0.349,0.4685706649287898
SOL,2026-02-03,1769881500,short,0.043712802511932325,1,0,-0.165,-0.06802369848094318
BTC,2026-02-03,1769881500,short,0.02185412745969817,2,1,0.03999999999999996,0.01022304320988375
XRP,2026-02-02,1769881500,long,0.1867885117658823,1,0,0.32699999999999996,0.11145767141713608
XRP,2026-02-01,1769881500,long,0.13368067234290004,1,0,0.22699999999999998,0.16394951137144587
XRP,2026-02-01,1769881500,long,0.028568590735348565,2,1,-0.28099999999999997,-0.36004785213625895
XRP,2026-02-01,1769881500,short,0.025431409264651483,0,0,0.0,0.0
XRP,2026-02-03,1769881500,long,0.0219706615027202,0,0,0.0,0.0
XRP,2026-02-03,1769881500,short,0.06002933849727965,2,1,-0.62,-0.6267241811204399
XRP,2026-02-03,1769881500,long,0.0241369588625433,2,1,-0.236,-0.25553465717133383
XRP,2026-02-03,1769881500,short,0.050863041137456655,1,0,-0.11,-0.13891193330198703
XRP,2026-02-02,1769881500,long,0.056154714748586354,1,0,0.14300000000000002,0.07973835898821721
XRP,2026-02-02,1769881500,short,0.033845285251413615,1,0,0.32699999999999996,0.11145767141713608
XRP,2026-02-03,1769881500,long,0.020967960975489364,1,0,-0.04,-0.049784189188861516
XRP,2026-02-02,1769881500,long,0.026387638294929072,1,0,-0.14,-0.2653241732805517
XRP,2026-02-02,1769881500,short,0.06361236170507079,1,0,-0.05,-0.07480615972098227
XRP,2026-02-01,1769881500,long,0.028568590735348565,2,1,-0.28099999999999997,-0.36004785213625895
XRP,2026-02-01,1769881500,short,0.025431409264651483,0,0,0.0,0.0
XRP,2026-02-03,1769881500,long,0.03327122028118046,1,0,-0.244,-0.2022775906471191
XRP,2026-02-03,1769881500,short,0.04572877971881939,0,0,0.0,0.0
XRP,2026-02-03,1769881500,long,0.0219706615027202,0,0,0.0,0.0
XRP,2026-02-03,1769881500,short,0.06002933849727965,2,1,-0.62,-0.6267241811204399
XRP,2026-02-02,1769881500,long,0.06944021879561113,1,0,0.5820000000000001,0.3114486392632335
XRP,2026-02-02,1769881500,short,0.050559781204388976,1,0,-0.14,-0.2653241732805517
XRP,2026-02-02,1769881500,long,0.056154714748586354,1,0,0.14300000000000002,0.07973835898821721
XRP,2026-02-02,1769881500,short,0.033845285251413615,1,0,0.32699999999999996,0.11145767141713608
XRP,2026-02-03,1769881500,long,0.0241369588625433,2,1,-0.236,-0.25553465717133383
XRP,2026-02-03,1769881500,short,0.050863041137456655,1,0,-0.11,-0.13891193330198703
XRP,2026-02-02,1769881500,short,0.04458625726015342,1,0,-0.023,-0.02544340324813437
XRP,2026-02-02,1769881500,long,0.026387638294929072,1,0,-0.14,-0.2653241732805517
XRP,2026-02-02,1769881500,short,0.06361236170507079,1,0,-0.05,-0.07480615972098227
XRP,2026-02-01,1769881500,short,0.06321452617347045,1,0,0.22699999999999998,0.16394951137144587
BTC,2026-02-03,1769882400,short,0.02087469499526573,1,0,-0.13,-0.019941698331271823
SOL,2026-02-02,1769882400,long,0.06186003707890264,0,0,0.0,0.0
XRP,2026-02-03,1769882400,short,0.025372406989332408,1,0,0.16000000000000003,0.19641188561035555
SOL,2026-02-02,1769883300,short,0.02752254809210497,1,0,-0.02300000000000002,-0.022392625063710984
SOL,2026-02-03,1769883300,short,0.052921779973427174,1,0,0.365,0.4744964363656795
XRP,2026-02-03,1769883300,short,0.02189311413351569,0,0,0.0,0.0
XRP,2026-02-03,1769883300,long,0.04510688586648437,0,0,0.0,0.0
ETH,2026-02-03,1769884200,long,0.02164360494668438,2,1,-0.07000000000000006,0.02762982084386406
SOL,2026-02-02,1769884200,long,0.05105731156732918,1,0,0.010000000000000009,0.00950045512693568
BTC,2026-02-02,1769885100,short,0.05460254188295399,1,0,-0.04,-0.0671198879200316
SOL,2026-02-03,1769885100,long,0.03509116804156509,1,0,-0.41600000000000004,-0.39089739646687055
SOL,2026-02-03,1769885100,short,0.08390883195843479,0,0,0.0,0.0
SOL,2026-02-01,1769885100,long,0.08056823784940814,2,1,-0.3590000000000001,-0.27528995371825116
BTC,2026-02-03,1769885100,short,0.031254459987913874,2,1,0.18299999999999997,0.15473465711581888
BTC,2026-02-03,1769885100,long,0.03874554001208619,2,1,-0.11300000000000004,-0.08473465711581894
BTC,2026-02-02,1769885100,short,0.029816471943575396,2,1,0.18100000000000005,0.2219554846665287
BTC,2026-02-02,1769885100,long,0.048183528056424674,1,0,-0.264,-0.36290201288482893
BTC,2026-02-01,1769885100,short,0.054166706055781444,2,1,0.183,0.18135099839347957
BTC,2026-02-01,1769885100,short,0.021317372814761093,2,1,0.05799999999999996,0.057209766162141316
BTC,2026-02-02,1769885100,long,0.030149521858408024,1,0,-0.023,-0.034886249897429666
XRP,2026-02-02,1769886000,long,0.16810771592239204,0,0,0.0,0.0
XRP,2026-02-03,1769887800,long,0.08246533049425309,1,0,0.469,0.46378021901802885
XRP,2026-02-02,1769888700,short,0.06364156507269625,0,0,0.0,0.0
XRP,2026-02-03,1769888700,long,0.08001207298307556,1,0,0.20999999999999996,0.22939108285772306
XRP,2026-02-03,1769888700,short,0.07398792701692458,0,0,0.0,0.0
XRP,2026-02-03,1769888700,long,0.08001207298307556,1,0,0.20999999999999996,0.22939108285772306
XRP,2026-02-03,1769888700,short,0.07398792701692458,0,0,0.0,0.0
XRP,2026-02-02,1769888700,long,0.18065992774005601,0,0,0.0,0.0
ETH,2026-02-02,1769888700,short,0.021222029339965864,2,1,0.17900000000000005,0.15667442350469934
XRP,2026-02-03,1769890500,long,0.14020183707025913,1,0,0.21999999999999997,0.23436227016212807
SOL,2026-02-02,1769890500,short,0.027143695392124245,1,0,-0.02100000000000002,-0.017958872427707544
SOL,2026-02-02,1769890500,long,0.0398563046078757,1,0,-0.062000000000000055,0.010001831357876065
XRP,2026-02-03,1769891400,long,0.1268091205234292,1,0,0.19999999999999996,0.22296654619713677
XRP,2026-02-03,1769891400,short,0.020190879476570944,1,0,-0.07499999999999996,-0.061498690779978694
BTC,2026-02-03,1769893200,long,0.021768337911994617,2,1,-0.07400000000000004,-0.03418978094077106
BTC,2026-02-03,1769893200,short,0.02023166208800531,2,1,0.11599999999999994,0.07618978094077096
ETH,2026-02-02,1769895000,short,0.021548187102599647,1,0,0.5559999999999999,0.445653045939995
XRP,2026-02-01,1769896800,long,0.02681820681170688,0,0,0.0,0.0
XRP,2026-02-01,1769896800,short,0.044181793188293184,2,1,0.17499999999999996,0.0948561472468774
XRP,2026-02-02,1769896800,short,0.04566573638342242,1,0,-0.15200000000000002,-0.10553016564359743
XRP,2026-02-02,1769896800,long,0.029334263616577427,1,0,-0.42300000000000004,-0.33957179812236193
XRP,2026-02-01,1769896800,short,0.12121731174496098,1,0,-0.05500000000000005,-0.10419649386666038
XRP,2026-02-01,1769896800,long,0.02681820681170688,0,0,0.0,0.0
XRP,2026-02-01,1769896800,short,0.044181793188293184,2,1,0.17499999999999996,0.0948561472468774
XRP,2026-02-02,1769897700,short,0.050717993458959665,2,1,0.088,0.11293896271827429
XRP,2026-02-02,1769897700,long,0.12299329714698648,1,0,0.10999999999999999,0.13523917493428908
SOL,2026-02-03,1769898600,long,0.02891228063963558,0,0,0.0,0.0
SOL,2026-02-01,1769900400,short,0.0646190777436938,1,0,-0.02100000000000002,-0.02337953310183094
BTC,2026-02-03,1769903100,long,0.027423816862031325,1,0,0.052000000000000046,-0.0028122835743110697
SOL,2026-02-03,1769903100,short,0.034173490793320216,0,0,0.0,0.0
SOL,2026-02-03,1769903100,long,0.02782650920667984,1,0,-0.253,-0.0556454940100273
BTC,2026-02-01,1769904000,long,0.02393470485457394,2,1,-0.024999999999999967,0.03323175841502246
BTC,2026-02-01,1769908500,long,0.03734471236915571,2,1,-0.16999999999999996,-0.05327606345436814
BTC,2026-02-03,1769908500,short,0.020013085745127945,2,1,0.23899999999999993,0.23692309272023768
BTC,2026-02-02,1769909400,short,0.025050671705772687,2,1,-0.7090000000000001,-0.709069498461109
ETH,2026-02-02,1769935500,long,0.0287695735523934,1,0,-0.262,-0.08736648347280848
BTC,2026-02-01,1769956200,short,0.02099913822119648,2,1,0.44799999999999995,0.3033496867631096
ETH,2026-02-01,1769957100,short,0.0277777677522566,2,1,0.12600000000000003,-0.08128026302002758
ETH,2026-02-01,1769958000,long,0.05601724616230874,2,1,-0.174,0.3956586999255208
BTC,2026-02-02,1769958000,long,0.03532598761336381,2,1,0.735,0.7233928639966288
ETH,2026-02-02,1769961600,long,0.020882269467915382,2,1,-0.17100000000000007,-0.23894273321616696
BTC,2026-02-03,1769966100,long,0.02583910519623367,2,1,-0.12700000000000003,-0.08693496381222851
BTC,2026-02-03,1769966100,long,0.026675638733790308,2,1,-0.197,-0.1771803208662699
BTC,2026-02-02,1769966100,long,0.021415036078780814,2,1,-0.12300000000000005,-0.18211857777661847
BTC,2026-02-04,1769967000,long,0.02352973385886492,2,1,-0.121,-0.027001321208127357
ETH,2026-02-03,1769967000,long,0.021748978367153615,2,1,-0.059999999999999956,-0.00803116042455572
ETH,2026-02-04,1769970600,short,0.02001886550513532,0,0,0.0,0.0
BTC,2026-02-04,1769971500,short,0.020970705005007306,2,1,0.05699999999999996,-0.015521396483468113
ETH,2026-02-04,1769972400,long,0.021891711890865695,1,0,-0.186,0.1472211458105503
BTC,2026-02-04,1769977800,short,0.024854469017917324,2,1,0.13099999999999998,0.05341302068303999
BTC,2026-02-04,1769984100,long,0.026083054160536134,2,1,-0.04899999999999993,0.03635188435646623
BTC,2026-02-03,1769995800,long,0.02861720690679692,1,0,-0.08399999999999999,-0.011163631656039619
BTC,2026-02-03,1769998500,short,0.020213454741625725,1,0,-0.20500000000000002,-0.14370697033822166
SOL,2026-02-04,1770003000,short,0.054370891691473966,2,1,-0.468,-0.39522726303606137
SOL,2026-02-04,1770003000,long,0.02762910830852583,1,0,0.347,0.10417359278026136
SOL,2026-02-04,1770003000,short,0.022427212496663573,1,0,-0.02300000000000002,-0.053531548939534726
SOL,2026-02-04,1770003000,long,0.030572787503336363,2,1,-0.127,-0.2665221213162653
SOL,2026-02-04,1770003000,short,0.054370891691473966,2,1,-0.468,-0.39522726303606137
SOL,2026-02-04,1770003000,long,0.02762910830852583,1,0,0.347,0.10417359278026136
SOL,2026-02-02,1770003000,short,0.05864253333145897,2,1,-0.763,-0.1803486196830394
SOL,2026-02-03,1770003000,short,0.0758771034616037,1,0,-0.09699999999999998,0.029621481488307788
SOL,2026-02-03,1770003000,long,0.07135761195128554,2,1,-0.06999999999999995,0.0491360564819229
SOL,2026-02-02,1770003000,long,0.17600683964512776,2,1,-0.592,-0.18684292255450707
SOL,2026-02-04,1770003000,long,0.03990649182650219,1,0,-0.32,-0.0771735927802614
SOL,2026-02-03,1770003000,long,0.04537824306687743,1,0,0.041000000000000036,0.0726110816984003
SOL,2026-02-04,1770003000,short,0.022427212496663573,1,0,-0.02300000000000002,-0.053531548939534726
SOL,2026-02-04,1770003000,long,0.030572787503336363,2,1,-0.127,-0.2665221213162653
SOL,2026-02-02,1770003900,long,0.042451973552201094,1,0,0.04200000000000004,0.04617675736254193
SOL,2026-02-02,1770004800,short,0.10618150861978204,2,1,0.478,0.11135318745916428
SOL,2026-02-03,1770006600,long,0.0746892355915707,0,0,0.0,0.0
SOL,2026-02-02,1770006600,long,0.11192797434066581,1,0,0.039000000000000035,0.021263728564014196
SOL,2026-02-04,1770008400,short,0.03496739231398427,1,0,0.537,0.11141688900257107
SOL,2026-02-04,1770008400,long,0.0660326076860156,0,0,0.0,0.0
SOL,2026-02-04,1770009300,short,0.037404182356200744,1,0,-0.08499999999999996,-0.277239539142786
XRP,2026-02-04,1770011100,long,0.032593501707546935,1,0,0.09999999999999998,0.08084985527591612
XRP,2026-02-04,1770011100,short,0.035406498292453015,0,0,0.0,0.0
XRP,2026-02-04,1770011100,long,0.11492332190498988,1,0,-0.32000000000000006,-0.36609300025104635
SOL,2026-02-02,1770011100,short,0.02689488673059859,2,1,0.050999999999999934,-0.038157553803042754
XRP,2026-02-03,1770011100,short,0.0279626567355179,1,0,0.28200000000000003,0.4349164762004512
XRP,2026-02-03,1770011100,long,0.02703734326448215,2,1,-0.19399999999999998,-0.3039390098404195
XRP,2026-02-03,1770011100,long,0.10375119754082052,1,0,-0.265,-0.09387151791217505
XRP,2026-02-03,1770011100,short,0.0279626567355179,1,0,0.28200000000000003,0.4349164762004512
XRP,2026-02-03,1770011100,long,0.02703734326448215,2,1,-0.19399999999999998,-0.3039390098404195
XRP,2026-02-02,1770011100,long,0.19778603846467746,2,1,-0.496,-0.5515244588280759
XRP,2026-02-02,1770011100,short,0.08296367146273897,2,1,0.249,-0.23371961120559037
XRP,2026-02-04,1770011100,short,0.09829915492125407,1,0,-0.32000000000000006,-0.36609300025104635
XRP,2026-02-04,1770011100,long,0.032593501707546935,1,0,0.09999999999999998,0.08084985527591612
XRP,2026-02-04,1770011100,short,0.035406498292453015,0,0,0.0,0.0
XRP,2026-02-02,1770011100,short,0.053468757604124395,2,1,-0.808,-0.38719312513484844
XRP,2026-02-03,1770011100,short,0.08592515142714596,2,1,-0.506,-0.4877879941126262
XRP,2026-02-03,1770012000,short,0.06410005366494853,1,0,-0.266,-0.10862995508236237
XRP,2026-02-03,1770013800,long,0.029548710290560942,2,1,0.5770000000000001,0.5781185832472867
XRP,2026-02-04,1770013800,short,0.04847740394793487,1,0,-0.277,-0.3466583205203567
XRP,2026-02-04,1770013800,long,0.040522596052064985,1,0,0.31999999999999995,0.38965832052035665
XRP,2026-02-03,1770014700,long,0.051563487395973384,1,0,0.04800000000000004,0.0620854905185813
XRP,2026-02-03,1770014700,short,0.021436512604026597,1,0,-0.040000000000000036,-0.03720754506336946
XRP,2026-02-02,1770014700,long,0.10261477409109676,2,1,0.1100000000000001,0.13682950579215972
XRP,2026-02-03,1770014700,long,0.051563487395973384,1,0,0.04800000000000004,0.0620854905185813
XRP,2026-02-03,1770014700,short,0.021436512604026597,1,0,-0.040000000000000036,-0.03720754506336946
XRP,2026-02-03,1770015600,long,0.13138388074059126,0,0,0.0,0.0
ETH,2026-02-02,1770016500,short,0.02867111282527357,2,1,0.04999999999999996,0.1285650702523975
BTC,2026-02-02,1770018300,short,0.023881913980765113,2,1,-0.789,-0.5427166770333779
XRP,2026-02-03,1770018300,long,0.1750800960768586,0,0,0.0,0.0
XRP,2026-02-04,1770019200,short,0.04588449010580564,2,1,-0.15400000000000003,-0.10393902321445372
XRP,2026-02-04,1770019200,long,0.06911550989419424,2,1,0.2689999999999999,0.2189390232144536
XRP,2026-02-04,1770019200,short,0.04588449010580564,2,1,-0.15400000000000003,-0.10393902321445372
XRP,2026-02-04,1770019200,long,0.06911550989419424,2,1,0.2689999999999999,0.2189390232144536
XRP,2026-02-02,1770020100,long,0.04822538248151842,1,0,0.06000000000000005,0.10108622039705549
XRP,2026-02-04,1770020100,long,0.03434489541469654,1,0,-0.15000000000000002,-0.02133419390026045
SOL,2026-02-04,1770021900,long,0.0725473068005249,2,1,0.21199999999999997,-0.0655288097802551
XRP,2026-02-03,1770021900,long,0.03892664429717008,1,0,0.21199999999999997,0.23469543654042518
XRP,2026-02-03,1770021900,short,0.04607335570282997,1,0,-0.15300000000000002,-0.17569543654042524
XRP,2026-02-03,1770021900,long,0.023304888651147992,1,0,-0.15300000000000002,-0.17569543654042524
XRP,2026-02-03,1770021900,short,0.04569511134885196,1,0,0.21199999999999997,0.23469543654042518
XRP,2026-02-04,1770022800,short,0.022253543939760867,1,0,0.18999999999999995,0.06502439968242563
XRP,2026-02-04,1770022800,long,0.04574645606023897,1,0,-0.16,-0.03502439968242568
XRP,2026-02-03,1770023700,short,0.06232261948757445,0,0,0.0,0.0
XRP,2026-02-03,1770023700,long,0.030677380512425412,1,0,0.477,0.4638504868244749
XRP,2026-02-03,1770023700,short,0.06232261948757445,0,0,0.0,0.0
XRP,2026-02-03,1770023700,long,0.030677380512425412,1,0,0.477,0.4638504868244749
SOL,2026-02-04,1770024600,short,0.030375297107844368,1,0,-0.027000000000000024,-0.050882094223932715
SOL,2026-02-04,1770024600,long,0.03662470289215558,2,1,0.19400000000000006,-0.14246585723323452
XRP,2026-02-03,1770024600,long,0.10303011244777416,0,0,0.0,0.0
SOL,2026-02-03,1770024600,short,0.04536033553948071,1,0,-0.02100000000000002,-0.021645478356070995
SOL,2026-02-03,1770025500,short,0.02108024294227656,1,0,-0.36,-0.46105787087769795
SOL,2026-02-03,1770025500,long,0.061919757057723235,1,0,0.10899999999999999,0.058178694748120006
SOL,2026-02-03,1770026400,long,0.054784084802482313,2,1,0.17100000000000004,0.11768015548070049
SOL,2026-02-03,1770026400,short,0.03921591519751759,1,0,-0.031000000000000028,-0.04401400468396491
SOL,2026-02-04,1770026400,long,0.07014215821573444,2,1,0.2699999999999999,0.053765490247243114
SOL,2026-02-03,1770026400,long,0.054784084802482313,2,1,0.17100000000000004,0.11768015548070049
SOL,2026-02-03,1770026400,short,0.03921591519751759,1,0,-0.031000000000000028,-0.04401400468396491
BTC,2026-02-04,1770028200,long,0.03873632750798228,1,0,-0.025,0.026433484857816367
XRP,2026-02-02,1770030000,long,0.12969660462121868,2,1,0.1529999999999999,0.1751334547187979
SOL,2026-02-03,1770031800,long,0.11585711916191443,2,1,-0.14300000000000013,-0.2816326370429713
XRP,2026-02-03,1770034500,long,0.0446470610437425,1,0,-0.022,0.006253882385992324
BTC,2026-02-02,1770036300,short,0.021851618250187888,2,1,0.051999999999999956,0.1003349690410304
XRP,2026-02-03,1770037200,short,0.02667961918280848,2,1,0.707,0.5305110311400406
XRP,2026-02-03,1770037200,long,0.10732038081719164,1,0,-0.673,-0.44298966994569067
BTC,2026-02-04,1770038100,long,0.027796686191606135,1,0,-0.032,-0.009518282655626636
XRP,2026-02-02,1770038100,long,0.02061859708582192,1,0,-0.17300000000000004,-0.16660478683213195
XRP,2026-02-02,1770038100,short,0.11438140291417787,1,0,-0.02100000000000002,-0.020990234251645284
ETH,2026-02-03,1770042600,short,0.02392071123342787,2,1,0.08099999999999999,0.019065478690684742
XRP,2026-02-03,1770042600,short,0.0338452712621673,2,1,0.207,0.08781336482196703
SOL,2026-02-03,1770043500,short,0.02473098845422317,2,1,0.15300000000000005,0.0012729664787181627
BTC,2026-02-02,1770044400,long,0.11604233903181616,2,1,0.681,0.3165906285665743
XRP,2026-02-04,1770046200,long,0.024560959290327755,1,0,0.31000000000000005,-0.04398070265447018
XRP,2026-02-04,1770046200,short,0.032439040709672295,0,0,0.0,0.0
XRP,2026-02-04,1770046200,long,0.024560959290327755,1,0,0.31000000000000005,-0.04398070265447018
XRP,2026-02-04,1770046200,short,0.032439040709672295,0,0,0.0,0.0
SOL,2026-02-03,1770048900,long,0.033041583425171384,1,0,-0.14900000000000002,0.06211598161933288
BTC,2026-02-03,1770052500,long,0.027826896703231796,2,1,-0.31100000000000005,-0.3196417696941212
SOL,2026-02-05,1770052500,short,0.04504425054655692,1,0,-0.727,0.12740569097019527
SOL,2026-02-05,1770052500,long,0.02495574945344292,1,0,-0.9430000000000001,-0.6638403446741595
SOL,2026-02-05,1770052500,long,0.07640065068985002,1,0,-0.727,0.12740569097019527
SOL,2026-02-05,1770052500,short,0.04504425054655692,1,0,-0.727,0.12740569097019527
SOL,2026-02-05,1770052500,long,0.02495574945344292,1,0,-0.9430000000000001,-0.6638403446741595
ETH,2026-02-05,1770052500,long,0.024817141158453238,1,0,-0.421,0.5192082523408521
ETH,2026-02-05,1770052500,short,0.04247603917495091,1,0,-0.421,0.5192082523408521
BTC,2026-02-05,1770052500,short,0.021819022219529915,2,1,0.22999999999999998,0.26164133753992264
ETH,2026-02-05,1770053400,long,0.030548557460615244,1,0,-0.65,0.19850864368261167
ETH,2026-02-05,1770053400,short,0.04345144253938471,1,0,-0.405,0.5136234942046466
ETH,2026-02-05,1770053400,long,0.021833219981710394,1,0,-0.075,0.3193280551781195
BTC,2026-02-04,1770054300,long,0.04865964422936275,1,0,-0.335,0.2816794683501413
BTC,2026-02-05,1770055200,short,0.022561858931053336,1,0,-0.61,0.5242357407395967
XRP,2026-02-05,1770057000,short,0.026439954640493202,1,0,-0.31,0.8122560067208049
XRP,2026-02-05,1770057000,long,0.03356004535950685,0,0,0.0,0.0
XRP,2026-02-04,1770057000,long,0.02525185529756424,1,0,-0.059000000000000004,0.07247575788895555
XRP,2026-02-05,1770057000,long,0.08555374579980479,0,0,0.0,0.0
XRP,2026-02-05,1770057000,long,0.04488022110173162,0,0,0.0,0.0
XRP,2026-02-05,1770057000,short,0.10767667886603705,0,0,0.0,0.0
XRP,2026-02-05,1770057000,short,0.026439954640493202,1,0,-0.31,0.8122560067208049
XRP,2026-02-05,1770057000,long,0.03356004535950685,0,0,0.0,0.0
SOL,2026-02-05,1770058800,short,0.02040466208562952,1,0,-0.24000000000000002,0.6199232694553869
SOL,2026-02-05,1770058800,long,0.09959533791437036,0,0,0.0,0.0
SOL,2026-02-05,1770058800,short,0.02040466208562952,1,0,-0.24000000000000002,0.6199232694553869
SOL,2026-02-05,1770058800,long,0.09959533791437036,0,0,0.0,0.0
SOL,2026-02-05,1770062400,long,0.04263042701027375,1,0,0.21999999999999997,-0.5393065322008623
SOL,2026-02-05,1770062400,short,0.03336957298972615,2,1,0.522,0.37928518942296036
BTC,2026-02-05,1770063300,long,0.02658832676579026,2,1,-0.21000000000000008,-0.14463318497860467
BTC,2026-02-05,1770064200,long,0.02647764870665581,1,0,0.14,-0.6062322181636073
SOL,2026-02-05,1770065100,long,0.025308712074912032,0,0,0.0,0.0
BTC,2026-02-03,1770070500,long,0.024248773337026686,2,1,-0.20099999999999996,0.10036682733703889
XRP,2026-02-05,1770078600,short,0.02450117499948945,1,0,-0.852,-0.07404991163501584
XRP,2026-02-05,1770078600,short,0.07715829570869659,1,0,-0.56,0.6901623752379034
XRP,2026-02-05,1770078600,long,0.025158095197044483,1,0,-0.22,0.8337310981529884
BTC,2026-02-05,1770079500,short,0.020622366771610112,1,0,-0.17,0.7450856288183287
XRP,2026-02-05,1770081300,long,0.021902033210873695,1,0,0.865,0.07122106632793146
SOL,2026-02-03,1770089400,long,0.035279115622734336,2,1,0.23099999999999998,0.37629257214848744
SOL,2026-02-04,1770089400,long,0.0387083327166966,1,0,0.716,-0.01765484345339252
SOL,2026-02-04,1770090300,long,0.02770774887064187,2,1,-0.601,-0.36646479756752226
XRP,2026-02-03,1770097500,short,0.06905542700331624,2,1,0.589,0.4303649558958469
XRP,2026-02-04,1770097500,short,0.13591386576336018,1,0,-0.14,0.08654239374620193
SOL,2026-02-04,1770102900,short,0.028626126367269134,2,1,0.639,0.47755463668847375
XRP,2026-02-04,1770111000,short,0.037345142573766754,0,0,0.0,0.0
XRP,2026-02-04,1770111000,long,0.04365485742623321,0,0,0.0,0.0
XRP,2026-02-04,1770111000,short,0.037345142573766754,0,0,0.0,0.0
XRP,2026-02-04,1770111000,long,0.04365485742623321,0,0,0.0,0.0
XRP,2026-02-03,1770111000,long,0.05294748894672252,2,1,0.518,0.4465871889927756
XRP,2026-02-03,1770111000,long,0.0339687100800834,0,0,0.0,0.0
XRP,2026-02-04,1770111000,long,0.0447165193929433,0,0,0.0,0.0
XRP,2026-02-04,1770117300,long,0.020515435037251173,2,1,-0.359,-0.2026259942775434
XRP,2026-02-04,1770117300,short,0.04248456496274888,2,1,0.42200000000000004,0.26562599427754346
XRP,2026-02-03,1770119100,long,0.04844678261135904,2,1,0.6,0.4207982743952404
XRP,2026-02-03,1770119100,short,0.02055321738864102,2,1,-0.531,-0.3517982743952405
SOL,2026-02-04,1770129900,short,0.03987204427111524,1,0,-0.619,0.1635923860901488
BTC,2026-02-03,1770130800,short,0.0870098707275363,2,1,0.209,-0.007988796433522988
SOL,2026-02-03,1770133500,short,0.06010042623888401,2,1,0.16899999999999993,0.26853367349226326
BTC,2026-02-05,1770138900,long,0.02242265263723464,2,1,-0.22899999999999998,-0.013720001615204785
ETH,2026-02-06,1770138900,long,0.028518061962852004,2,1,-0.16099999999999998,0.007639330695765806
SOL,2026-02-05,1770138900,long,0.039166660240164575,2,1,-0.386,-1.0849394502712755
ETH,2026-02-06,1770138900,long,0.03925578378771277,2,1,-0.22000000000000008,-0.18174295425517736
BTC,2026-02-06,1770138900,long,0.03301920426079996,2,1,-0.182,-0.08047887806371357
BTC,2026-02-06,1770138900,long,0.02424255312319934,2,1,-0.18700000000000006,-0.2649774778984212
ETH,2026-02-05,1770139800,long,0.039872659517911746,2,1,-0.17600000000000005,0.13709581062019466
SOL,2026-02-05,1770140700,short,0.07498201315319392,2,1,0.518,1.0875626517846064
SOL,2026-02-05,1770140700,long,0.04001798684680602,1,0,0.473,-0.4635361224670087
BTC,2026-02-06,1770140700,short,0.022426962529839112,2,1,0.15000000000000002,-0.03347075606365357
SOL,2026-02-05,1770140700,long,0.0424955655511543,2,1,-0.36899999999999994,0.34738709817907737
XRP,2026-02-05,1770143400,long,0.021615017799113234,1,0,0.29000000000000004,-0.6854027974947053
XRP,2026-02-05,1770143400,short,0.03738498220088693,1,0,0.675,-0.3882701554005539
XRP,2026-02-05,1770145200,short,0.03120474338093049,1,0,0.26,-0.6210889875401402
ETH,2026-02-06,1770145200,short,0.02907863908309616,1,0,0.09099999999999997,0.03342466778778554
XRP,2026-02-05,1770146100,long,0.029141820977688138,0,0,0.0,0.0
XRP,2026-02-05,1770146100,long,0.05018639998380059,1,0,0.10999999999999999,-0.48195628843961036
BTC,2026-02-06,1770146100,long,0.025493366002444784,2,1,-0.029999999999999943,0.06651459911529153
BTC,2026-02-06,1770147900,short,0.032070472980558096,2,1,0.22699999999999998,0.2421821351557993
SOL,2026-02-06,1770148800,long,0.03713159571722269,1,0,-0.855,-0.49164316089422716
SOL,2026-02-06,1770148800,short,0.023868404282777256,2,1,0.43,0.7609221678345527
XRP,2026-02-06,1770148800,long,0.06414193707490079,1,0,0.764,0.49046112625907196
XRP,2026-02-06,1770148800,long,0.030772663404256217,0,0,0.0,0.0
SOL,2026-02-06,1770148800,long,0.06066959463371213,2,1,-0.34500000000000003,0.10669217248810131
XRP,2026-02-06,1770148800,short,0.026654310179243024,1,0,0.764,0.49046112625907196
ETH,2026-02-06,1770148800,long,0.02961965932667243,1,0,0.06800000000000006,-0.039145674417257845
XRP,2026-02-06,1770148800,short,0.030732569896506856,1,0,-0.030000000000000027,-0.04387251785961026
SOL,2026-02-06,1770148800,long,0.03713159571722269,1,0,-0.855,-0.49164316089422716
SOL,2026-02-06,1770148800,short,0.023868404282777256,2,1,0.43,0.7609221678345527
ETH,2026-02-06,1770148800,long,0.06507412675424651,2,1,-0.17199999999999993,-0.1301667713121255
ETH,2026-02-06,1770148800,short,0.03692587324575358,1,0,0.535,0.13989725746313197
BTC,2026-02-06,1770149700,long,0.029861443121892428,1,0,0.09999999999999998,-0.13041880997806082
XRP,2026-02-06,1770149700,short,0.025892700791719125,1,0,0.727,0.4744807196088371
XRP,2026-02-06,1770149700,long,0.045107299208280605,1,0,0.3999999999999999,0.10346321080240384
XRP,2026-02-06,1770150600,short,0.04922561563214867,0,0,0.0,0.0
SOL,2026-02-05,1770150600,long,0.022336783696123907,1,0,-0.039,0.2585984868217191
SOL,2026-02-06,1770150600,short,0.03415560690201169,0,0,0.0,0.0
SOL,2026-02-06,1770150600,long,0.04084439309798826,2,1,-0.398,0.03032780346821312
SOL,2026-02-06,1770150600,long,0.023946443489220703,1,0,0.016000000000000014,-0.013086586190638884
ETH,2026-02-06,1770150600,short,0.022633713416757906,2,1,0.23500000000000004,0.10269821440307966
SOL,2026-02-05,1770150600,short,0.032879467850294664,2,1,0.5169999999999999,-0.1601098067212786
ETH,2026-02-05,1770150600,short,0.03114863120894873,2,1,0.2589999999999999,0.017455247712496652
XRP,2026-02-06,1770151500,short,0.021951378413204603,0,0,0.0,0.0
BTC,2026-02-06,1770151500,short,0.02129577045363673,2,1,0.22200000000000003,0.2011832460262082
XRP,2026-02-06,1770151500,long,0.03526193307273673,0,0,0.0,0.0
XRP,2026-02-06,1770151500,short,0.043403756906392754,0,0,0.0,0.0
XRP,2026-02-06,1770151500,long,0.02059624309360708,1,0,-0.22,0.13088134449048353
ETH,2026-02-06,1770152400,long,0.02031063330584848,2,1,-0.06399999999999995,0.11339972056226777
ETH,2026-02-05,1770153300,long,0.03851898835923118,1,0,-0.268,0.5504834343853029
SOL,2026-02-06,1770153300,long,0.030944596318130513,1,0,0.041000000000000036,-0.010699892553007538
SOL,2026-02-06,1770153300,short,0.02805540368186954,1,0,-0.022,0.029699892553007576
XRP,2026-02-05,1770153300,short,0.039233353413284155,1,0,-0.034,0.31645541757656437
XRP,2026-02-06,1770154200,short,0.02527885558369214,0,0,0.0,0.0
XRP,2026-02-06,1770154200,long,0.02172114441630768,1,0,0.02400000000000002,-0.00805741547927756
SOL,2026-02-06,1770156900,short,0.02258138308316371,2,1,-0.884,-0.5733835244756359
BTC,2026-02-05,1770156900,long,0.02088024722743076,2,1,-0.05099999999999996,0.188289299159763
BTC,2026-02-05,1770158700,long,0.02466646367892822,2,1,-0.13000000000000003,0.17566676989161192
SOL,2026-02-05,1770160500,long,0.04181100650467773,1,0,0.009000000000000008,0.009033601607022022
XRP,2026-02-06,1770161400,short,0.034666292301518076,0,0,0.0,0.0
XRP,2026-02-04,1770162300,long,0.024218051084881065,0,0,0.0,0.0
XRP,2026-02-04,1770162300,short,0.020781948915118892,2,1,-0.09699999999999995,-0.1937771491126328
XRP,2026-02-06,1770162300,long,0.05242836687212171,0,0,0.0,0.0
XRP,2026-02-06,1770162300,short,0.028571633127878138,0,0,0.0,0.0
XRP,2026-02-04,1770162300,long,0.024218051084881065,0,0,0.0,0.0
XRP,2026-02-04,1770162300,short,0.020781948915118892,2,1,-0.09699999999999995,-0.1937771491126328
XRP,2026-02-05,1770165900,short,0.02619899745913623,2,1,0.43599999999999994,0.9229805547857675
XRP,2026-02-05,1770166800,long,0.024253972608049512,1,0,0.82,-0.2030740058675201
XRP,2026-02-05,1770166800,short,0.02574602739195031,1,0,0.97,0.7450312799295329
SOL,2026-02-06,1770167700,long,0.025675197048569576,2,1,0.926,0.6094528479460706
SOL,2026-02-06,1770167700,short,0.03532480295143059,1,0,-0.029000000000000026,-0.06475694959214674
XRP,2026-02-05,1770168600,long,0.04489478947944292,0,0,0.0,0.0
SOL,2026-02-04,1770175800,long,0.03846455727196685,2,1,0.41500000000000004,-0.23940955281636156
SOL,2026-02-04,1770188400,long,0.029409965380567726,1,0,-0.27,0.47054948860074053
SOL,2026-02-05,1770192000,long,0.05110824125580837,1,0,-0.915,-0.5792415855597093
SOL,2026-02-06,1770192000,long,0.09544151722278382,1,0,-0.83,-0.46507635748075576
SOL,2026-02-05,1770199200,long,0.04361756404819905,2,1,-0.277,0.5586098149210025
SOL,2026-02-05,1770203700,short,0.030128630515776966,1,0,-0.022,-0.02122411352444994
XRP,2026-02-04,1770203700,long,0.10669414376352937,2,1,0.44100000000000006,0.0013434808533805964
SOL,2026-02-05,1770215400,short,0.06349170183381692,2,1,-0.779,-0.3099910519581331
ETH,2026-02-07,1770225300,long,0.04195448936790047,2,1,-0.20000000000000007,-0.20208325376014946
ETH,2026-02-07,1770225300,long,0.04712120352025129,2,1,-0.16000000000000003,-0.1029572553094662
ETH,2026-02-07,1770225300,short,0.022878796479748664,2,1,0.22999999999999993,0.1729572553094661
ETH,2026-02-07,1770225300,long,0.04712120352025129,2,1,-0.16000000000000003,-0.1029572553094662
ETH,2026-02-07,1770225300,short,0.022878796479748664,2,1,0.22999999999999993,0.1729572553094661
ETH,2026-02-07,1770225300,short,0.03846806370447531,2,1,0.14999999999999997,0.08328083330120195
ETH,2026-02-07,1770225300,long,0.021531936295524634,2,1,-0.09000000000000002,-0.02328083330120201
ETH,2026-02-07,1770225300,long,0.048892725761380706,2,1,0.864,0.8144555901295739
BTC,2026-02-07,1770225300,long,0.02323622485718424,1,0,-0.51,-0.06502842975809686
BTC,2026-02-07,1770225300,short,0.02390544035033282,2,1,0.10999999999999995,-0.01576489827865858
BTC,2026-02-07,1770225300,long,0.026094559649667115,2,1,-0.06000000000000005,0.06576489827865847
BTC,2026-02-07,1770225300,short,0.03286965366791139,1,0,-0.14,0.12162961818024448
BTC,2026-02-07,1770225300,long,0.03713034633208867,2,1,-0.12000000000000005,0.010033290781989807
BTC,2026-02-07,1770225300,short,0.03286965366791139,1,0,-0.14,0.12162961818024448
BTC,2026-02-07,1770225300,long,0.03713034633208867,2,1,-0.12000000000000005,0.010033290781989807
BTC,2026-02-07,1770225300,short,0.02390544035033282,2,1,0.10999999999999995,-0.01576489827865858
BTC,2026-02-07,1770225300,long,0.026094559649667115,2,1,-0.06000000000000005,0.06576489827865847
BTC,2026-02-06,1770225300,long,0.02299702384675939,2,1,-0.19799999999999995,-0.12809105839934815
ETH,2026-02-07,1770225300,short,0.03846806370447531,2,1,0.14999999999999997,0.08328083330120195
ETH,2026-02-07,1770225300,long,0.021531936295524634,2,1,-0.09000000000000002,-0.02328083330120201
SOL,2026-02-07,1770225300,long,0.07674897715553852,1,0,-0.6,-0.342875500732518
SOL,2026-02-07,1770225300,long,0.02619355570217108,1,0,0.04200000000000004,0.022387401145728857
SOL,2026-02-05,1770225300,long,0.040311138597024954,2,1,-0.605,-0.2888282195020014
SOL,2026-02-07,1770225300,short,0.0428582272257656,1,0,-0.6,-0.342875500732518
BTC,2026-02-07,1770225300,long,0.04025855228370134,2,1,-0.15000000000000002,-0.19832163074661285
ETH,2026-02-07,1770226200,short,0.024658875915363532,2,1,-0.764,-0.7379915065640303
SOL,2026-02-07,1770226200,short,0.051213260661899906,1,0,-0.020999999999999998,-0.005350664635735507
ETH,2026-02-06,1770227100,long,0.02960669224202972,2,1,-0.16799999999999998,-0.08523934791597355
BTC,2026-02-07,1770228000,short,0.022840847353224558,2,1,0.04600000000000006,0.0031914236307511376
ETH,2026-02-07,1770229800,long,0.05687322256737626,2,1,-0.18000000000000005,-0.17529455932723884
ETH,2026-02-07,1770229800,short,0.02312677743262359,2,1,0.25999999999999995,0.2552945593272387
XRP,2026-02-05,1770229800,long,0.06300185400859415,2,1,-0.43799999999999994,0.04053968474559699
BTC,2026-02-05,1770230700,long,0.03288995135342265,2,1,-0.13700000000000004,0.21995927933275547
BTC,2026-02-07,1770230700,short,0.030592948882461002,2,1,0.1499999999999999,0.2438539199257967
XRP,2026-02-07,1770231600,long,0.0676285331188764,0,0,0.0,0.0
XRP,2026-02-07,1770231600,long,0.1388500836068678,0,0,0.0,0.0
XRP,2026-02-07,1770231600,short,0.024416468744094977,0,0,0.0,0.0
XRP,2026-02-07,1770231600,long,0.020954656994083054,0,0,0.0,0.0
XRP,2026-02-07,1770231600,short,0.059045343005916906,0,0,0.0,0.0
XRP,2026-02-07,1770231600,short,0.14285713406583256,0,0,0.0,0.0
XRP,2026-02-07,1770231600,long,0.020954656994083054,0,0,0.0,0.0
XRP,2026-02-07,1770231600,short,0.059045343005916906,0,0,0.0,0.0
XRP,2026-02-07,1770233400,short,0.021854384414190853,0,0,0.0,0.0
SOL,2026-02-05,1770234300,long,0.0302292798781314,2,1,0.829,0.37688744954502434
XRP,2026-02-07,1770235200,short,0.0340165005195292,0,0,0.0,0.0
XRP,2026-02-07,1770235200,long,0.020983499480470735,0,0,0.0,0.0
BTC,2026-02-06,1770235200,long,0.02952773796933794,2,1,-0.14,0.005908199925782481
XRP,2026-02-06,1770235200,long,0.0471674659956649,1,0,-0.3,-0.04610544326075283
SOL,2026-02-06,1770235200,long,0.02494502273351329,2,1,-0.15899999999999997,0.13135724821405703
ETH,2026-02-07,1770235200,long,0.02314467335156567,0,0,0.0,0.0
ETH,2026-02-07,1770235200,long,0.03445674598095416,2,1,-0.041999999999999954,0.043773865464039885
SOL,2026-02-06,1770235200,long,0.0667438163605849,1,0,-0.707,-0.32663776946240053
SOL,2026-02-05,1770235200,short,0.022571442597344116,2,1,0.709,0.6038177497780566
BTC,2026-02-07,1770235200,short,0.04066540092567561,2,1,0.21999999999999997,0.2823034289045998
XRP,2026-02-06,1770236100,long,0.14761787453155883,1,0,-0.613,-0.41585166989551003
XRP,2026-02-06,1770237900,long,0.08061142802084986,0,0,0.0,0.0
XRP,2026-02-06,1770239700,short,0.046421085815401164,2,1,0.139,0.198814065169081
XRP,2026-02-06,1770239700,long,0.0355789141845988,0,0,0.0,0.0
SOL,2026-02-07,1770240600,long,0.025392756427126573,0,0,0.0,0.0
XRP,2026-02-06,1770240600,short,0.035957551506355934,1,0,-0.543,-0.3979838996523677
XRP,2026-02-06,1770240600,long,0.043042448493644025,1,0,0.16800000000000004,0.24365694028249757
XRP,2026-02-05,1770243300,short,0.03801639554510444,2,1,0.868,0.8804608789109108
SOL,2026-02-06,1770243300,short,0.054943531495957876,1,0,0.08499999999999996,-0.01372742531014838
BTC,2026-02-07,1770243300,long,0.020340657122742245,2,1,-0.16300000000000003,-0.21980827560777555
SOL,2026-02-06,1770244200,short,0.02541667999080388,2,1,-0.681,-0.4175477047934316
XRP,2026-02-05,1770244200,long,0.059369667409445714,1,0,-0.17,1.0100928300850367
SOL,2026-02-07,1770250500,long,0.026565620434406467,1,0,-0.06800000000000006,-0.14780470972843984
ETH,2026-02-06,1770254100,long,0.028227271340426352,2,1,-0.09399999999999997,0.05554605661712944
SOL,2026-02-06,1770255000,long,0.040800999879197164,2,1,0.727,0.42048138235545995
SOL,2026-02-06,1770255000,short,0.03519900012080257,2,1,-0.651,-0.34448138235546
XRP,2026-02-05,1770259500,long,0.027970684692556036,1,0,-0.851,-0.17952851968256556
XRP,2026-02-05,1770260400,short,0.05549878654404283,1,0,-0.03,0.06215121362189825
XRP,2026-02-05,1770260400,short,0.03813530331290382,2,1,0.18499999999999994,0.8599932855940168
XRP,2026-02-05,1770270300,long,0.02091120903052479,2,1,-0.16599999999999993,-0.9097587904414584
XRP,2026-02-05,1770270300,short,0.04008879096947515,2,1,0.22699999999999998,0.9707587904414584
XRP,2026-02-05,1770270300,short,0.058909722538985354,2,1,0.6120000000000001,0.7296318953924844
XRP,2026-02-07,1770276600,short,0.09471188683417453,0,0,0.0,0.0
XRP,2026-02-07,1770276600,long,0.04328811316582559,0,0,0.0,0.0
XRP,2026-02-07,1770276600,short,0.09471188683417453,0,0,0.0,0.0
XRP,2026-02-07,1770276600,long,0.04328811316582559,0,0,0.0,0.0
XRP,2026-02-06,1770276600,long,0.10114152905969442,2,1,0.373,0.22414509237260813
XRP,2026-02-06,1770277500,short,0.04043164884185879,1,0,-0.037,-0.0657417566802906
XRP,2026-02-06,1770277500,long,0.047568351158141065,0,0,0.0,0.0
XRP,2026-02-06,1770277500,short,0.03218968097972652,1,0,-0.020999999999999998,-0.0224983688918188
XRP,2026-02-07,1770277500,long,0.13385402964736137,0,0,0.0,0.0
XRP,2026-02-07,1770277500,long,0.08663522696202608,0,0,0.0,0.0
XRP,2026-02-07,1770277500,short,0.033364773037973805,1,0,-0.08,-0.05192008278109199
SOL,2026-02-06,1770278400,long,0.08300179014444264,1,0,0.10799999999999998,0.024208267539138004
XRP,2026-02-07,1770278400,long,0.19961565627397837,0,0,0.0,0.0
SOL,2026-02-07,1770282900,long,0.050926297188928604,1,0,-0.63,-0.33445247305665543
SOL,2026-02-07,1770282900,short,0.029073702811071245,1,0,0.66,0.36445247305665546
XRP,2026-02-06,1770291000,long,0.0602277130769997,1,0,0.29800000000000004,-0.170764646654739
XRP,2026-02-07,1770293700,long,0.05355516868292831,1,0,0.10999999999999999,0.04570090999292514
XRP,2026-02-07,1770293700,short,0.06944483131707169,1,0,-0.09999999999999999,-0.19186666286291493
XRP,2026-02-07,1770293700,long,0.05355516868292831,1,0,0.10999999999999999,0.04570090999292514
XRP,2026-02-07,1770293700,short,0.06944483131707169,1,0,-0.09999999999999999,-0.19186666286291493
XRP,2026-02-07,1770303600,long,0.0780229593526367,1,0,0.344,0.17197116886767322
XRP,2026-02-07,1770304500,short,0.034441000607716266,1,0,0.20399999999999996,0.011454475711636714
XRP,2026-02-07,1770304500,long,0.03855899939228369,1,0,0.03500000000000003,-0.0280427148880696
XRP,2026-02-06,1770304500,short,0.0679566725316525,1,0,-0.028999999999999998,-0.11014852539267979
BTC,2026-02-07,1770304500,short,0.024317085806778604,2,1,0.07,0.08657042679979421
SOL,2026-02-06,1770304500,short,0.047901739291338785,1,0,-0.020999999999999998,-0.02071132542758313
XRP,2026-02-07,1770304500,short,0.034441000607716266,1,0,0.20399999999999996,0.011454475711636714
XRP,2026-02-07,1770304500,long,0.03855899939228369,1,0,0.03500000000000003,-0.0280427148880696
ETH,2026-02-06,1770305400,short,0.027846570939555892,2,1,0.046999999999999965,0.08083698808540576
SOL,2026-02-07,1770306300,short,0.08899837577855219,1,0,0.28400000000000003,0.2198388500622524
ETH,2026-02-07,1770311700,long,0.041169249964904786,2,1,0.823,0.7976462176552093
ETH,2026-02-07,1770311700,long,0.051925766237998605,2,1,-0.10000000000000003,-0.1494836775728877
SOL,2026-02-07,1770311700,long,0.047418697551177,1,0,-0.2,-0.315931402052093
SOL,2026-02-07,1770311700,short,0.028581302448823065,0,0,0.0,0.0
SOL,2026-02-08,1770311700,long,0.10451849905752986,1,0,0.382,0.28475780135018985
SOL,2026-02-08,1770311700,long,0.07542881242659139,1,0,-0.21000000000000002,-0.29928346735653577
SOL,2026-02-08,1770311700,short,0.1171003525189731,1,0,0.382,0.28475780135018985
ETH,2026-02-08,1770311700,short,0.029316467719546324,2,1,0.17300000000000004,0.12835041902358735
SOL,2026-02-08,1770311700,short,0.023420515679749454,1,0,-0.022,-0.02204965118264334
XRP,2026-02-08,1770311700,short,0.09962462567192065,1,0,-0.03,-0.10854177011597682
SOL,2026-02-06,1770311700,short,0.05722886867876986,2,1,0.264,0.1655955657555126
BTC,2026-02-08,1770311700,long,0.0324160892677543,2,1,0.8979999999999999,0.8464923269512293
ETH,2026-02-08,1770311700,long,0.048994316531512094,1,0,-0.25,-0.42226689948354995
ETH,2026-02-08,1770311700,long,0.02030741432440486,2,1,0.8200000000000001,0.7922313775561598
ETH,2026-02-08,1770311700,long,0.0304784072502009,2,1,-0.16500000000000004,-0.1464912520385323
XRP,2026-02-08,1770312600,short,0.058591325506960334,1,0,0.625,0.22922452601102294
XRP,2026-02-08,1770312600,long,0.05040867449303965,0,0,0.0,0.0
XRP,2026-02-08,1770312600,short,0.058591325506960334,1,0,0.625,0.22922452601102294
XRP,2026-02-08,1770312600,long,0.05040867449303965,0,0,0.0,0.0
XRP,2026-02-08,1770312600,long,0.037634331751211114,2,1,0.9109999999999999,0.7553246168029045
XRP,2026-02-08,1770312600,short,0.024365668248789052,1,0,-0.04,-0.15140958161634574
XRP,2026-02-08,1770312600,long,0.07800379686290859,1,0,0.625,0.22922452601102294
XRP,2026-02-08,1770312600,short,0.09269475349099576,0,0,0.0,0.0
BTC,2026-02-08,1770312600,short,0.02065423733961813,1,0,-0.024,-0.05787749064212698
BTC,2026-02-07,1770312600,long,0.03425706011721785,1,0,-0.060000000000000005,-0.11005196082077282
BTC,2026-02-08,1770312600,long,0.032888317126886335,2,1,-0.060000000000000026,-0.11386581850783573
BTC,2026-02-08,1770312600,long,0.030120982568261567,1,0,-0.09,-0.19542128517856727
ETH,2026-02-08,1770313500,short,0.02401035244673122,2,1,0.22000000000000008,0.2018263041184635
ETH,2026-02-08,1770313500,long,0.03398964755326883,1,0,0.358,0.17189532706823965
ETH,2026-02-08,1770313500,short,0.029933699315832674,1,0,-0.25,-0.42488873347921613
ETH,2026-02-08,1770313500,short,0.023332906449395785,2,1,0.16799999999999993,0.12249072511801662
ETH,2026-02-08,1770313500,long,0.02666709355060437,2,1,-0.118,-0.07249072511801669
BTC,2026-02-08,1770314400,long,0.020817169974102656,2,1,-0.131,-0.18766844221835013
XRP,2026-02-07,1770314400,short,0.08796289822107262,1,0,0.722,0.22490718451902536
XRP,2026-02-07,1770314400,long,0.029037101778927266,1,0,0.14500000000000002,-0.09271728194952783
XRP,2026-02-07,1770314400,short,0.08796289822107262,1,0,0.722,0.22490718451902536
XRP,2026-02-07,1770314400,long,0.029037101778927266,1,0,0.14500000000000002,-0.09271728194952783
XRP,2026-02-08,1770316200,short,0.06593745236742898,1,0,-0.05,-0.1172379460560949
XRP,2026-02-08,1770316200,long,0.025062547632570986,1,0,0.646,0.1722586905177056
XRP,2026-02-08,1770316200,short,0.06593745236742898,1,0,-0.05,-0.1172379460560949
XRP,2026-02-08,1770316200,long,0.025062547632570986,1,0,0.646,0.1722586905177056
SOL,2026-02-06,1770317100,short,0.02243444507686787,2,1,0.42099999999999993,0.1826281317996348
SOL,2026-02-06,1770317100,long,0.04956555492313175,2,1,-0.3490000000000001,-0.11062813179963496
XRP,2026-02-07,1770318000,long,0.12578865744745715,1,0,0.679,0.2204599106843465
XRP,2026-02-07,1770318000,long,0.038876775389919516,1,0,0.896,0.6452641653005966
XRP,2026-02-07,1770318000,short,0.040123224610080443,0,0,0.0,0.0
SOL,2026-02-08,1770319800,short,0.0203460595773316,1,0,-0.022,-0.022158346131061536
SOL,2026-02-08,1770319800,short,0.03241858804884212,1,0,-0.020999999999999998,-0.023801764238554027
SOL,2026-02-08,1770320700,short,0.023378747361307628,2,1,0.039000000000000055,0.06200846743646883
SOL,2026-02-08,1770320700,long,0.0216212526386923,1,0,-0.04,-0.0657538764787556
XRP,2026-02-08,1770322500,long,0.0704466672456705,1,0,0.74,0.2800108674110348
XRP,2026-02-08,1770322500,short,0.05855333275432961,1,0,0.9,0.696746356236323
ETH,2026-02-08,1770323400,short,0.02051478860625877,2,1,0.10000000000000003,0.20416921966230978
ETH,2026-02-08,1770323400,long,0.029485211393741162,2,1,-0.050000000000000044,-0.1541692196623098
ETH,2026-02-08,1770323400,long,0.022277217552984174,2,1,-0.00999999999999996,-0.07168091465242651
SOL,2026-02-08,1770323400,short,0.04654917931634783,1,0,-0.04,-0.05683341752624458
BTC,2026-02-08,1770324300,short,0.020531623290205858,2,1,-0.9159999999999999,-0.8275583708581142
ETH,2026-02-08,1770324300,short,0.020513088788944422,2,1,0.04999999999999996,0.1102505452922855
XRP,2026-02-08,1770325200,long,0.027439360041938254,1,0,0.30499999999999994,-0.19241699971288
XRP,2026-02-08,1770325200,short,0.10956063995806153,2,1,0.365,0.22960174085893598
ETH,2026-02-08,1770325200,long,0.03572597488424156,2,1,-0.36,-0.38888362962779244
ETH,2026-02-08,1770325200,short,0.052274025115758516,2,1,0.44799999999999995,0.4768836296277924
SOL,2026-02-08,1770325200,short,0.041858406298861894,1,0,0.5760000000000001,0.2427056132196082
ETH,2026-02-08,1770325200,short,0.0277704315276468,2,1,0.039000000000000055,0.0673429734390318
ETH,2026-02-07,1770325200,short,0.032477024114586195,2,1,0.1,0.19646682213957584
ETH,2026-02-08,1770325200,long,0.03572597488424156,2,1,-0.36,-0.38888362962779244
ETH,2026-02-08,1770325200,short,0.052274025115758516,2,1,0.44799999999999995,0.4768836296277924
BTC,2026-02-08,1770325200,short,0.031969903516822606,1,0,0.843,0.594070835098748
BTC,2026-02-07,1770325200,long,0.020408169710494972,1,0,-0.060000000000000005,-0.1753506451330824
SOL,2026-02-08,1770326100,short,0.058573234562982024,1,0,0.604,0.29581662626058364
SOL,2026-02-08,1770326100,long,0.028426765437018053,2,1,-0.356,-0.22366392517236394
XRP,2026-02-07,1770327000,short,0.03897133364699146,1,0,-0.8160000000000001,-0.37039475391670523
XRP,2026-02-07,1770327000,long,0.07102866635300842,1,0,0.882,0.4363947539167052
XRP,2026-02-08,1770327000,long,0.15773320064389473,1,0,0.33199999999999996,-0.1921716008071126
SOL,2026-02-07,1770327000,long,0.14376892072542247,2,1,0.7040000000000001,0.5342306727249279
SOL,2026-02-08,1770328800,short,0.0800412362428603,1,0,0.22899999999999998,0.03797398230834009
SOL,2026-02-07,1770328800,short,0.07490571476328567,0,0,0.0,0.0
SOL,2026-02-08,1770328800,long,0.1282140942905594,2,1,0.369,0.32823353029544017
SOL,2026-02-06,1770330600,long,0.05607994702815278,2,1,0.14200000000000002,0.17612740186092715
SOL,2026-02-08,1770330600,long,0.10772016276083596,1,0,0.20499999999999996,0.05023951367169885
ETH,2026-02-08,1770330600,long,0.020740333343964856,2,1,0.006000000000000026,-0.026366378141791748
ETH,2026-02-08,1770330600,short,0.022259666656035182,1,0,-0.022,-0.044300667726689835
SOL,2026-02-08,1770330600,short,0.06212769601315038,1,0,0.20499999999999996,0.05023951367169885
SOL,2026-02-08,1770330600,long,0.03087230398684948,0,0,0.0,0.0
SOL,2026-02-07,1770331500,short,0.03884801926714898,0,0,0.0,0.0
SOL,2026-02-07,1770331500,long,0.05615198073285099,1,0,0.05499999999999994,0.031662432689131895
SOL,2026-02-07,1770332400,long,0.031796884661477565,1,0,0.05599999999999994,0.03209720283488594
SOL,2026-02-07,1770332400,short,0.044203115338522225,1,0,0.5509999999999999,0.20565119463525106
SOL,2026-02-07,1770332400,long,0.031796884661477565,1,0,0.05599999999999994,0.03209720283488594
SOL,2026-02-07,1770332400,short,0.044203115338522225,1,0,0.5509999999999999,0.20565119463525106
XRP,2026-02-06,1770336900,short,0.03457748062193011,2,1,0.04599999999999993,0.18141063866411872
SOL,2026-02-08,1770336900,long,0.14956336636372258,1,0,-0.8340000000000001,-0.4287618889337937
ETH,2026-02-07,1770337800,short,0.030069154822040978,1,0,-0.844,-0.5750451994611532
ETH,2026-02-07,1770338700,short,0.049511867710824276,1,0,-0.025,-0.06695844153134992
SOL,2026-02-08,1770338700,long,0.14110546193104812,0,0,0.0,0.0
ETH,2026-02-08,1770338700,short,0.03188958445033829,2,1,-0.643,-0.4835431920451442
ETH,2026-02-08,1770338700,long,0.05111041554966178,1,0,0.16999999999999993,0.3834064916899303
ETH,2026-02-08,1770338700,short,0.03188958445033829,2,1,-0.643,-0.4835431920451442
ETH,2026-02-08,1770338700,long,0.05111041554966178,1,0,0.16999999999999993,0.3834064916899303
SOL,2026-02-08,1770339600,short,0.0390056565663931,0,0,0.0,0.0
SOL,2026-02-08,1770339600,long,0.032994343433606854,0,0,0.0,0.0
SOL,2026-02-07,1770339600,long,0.24022718506376206,1,0,0.12,0.21950470572294678
SOL,2026-02-08,1770339600,short,0.0390056565663931,0,0,0.0,0.0
SOL,2026-02-08,1770339600,long,0.032994343433606854,0,0,0.0,0.0
SOL,2026-02-07,1770341400,long,0.03911026800429385,1,0,-0.634,-0.19697405198476609
SOL,2026-02-07,1770341400,short,0.04888973199570623,2,1,0.45999999999999996,0.32477640448879597
SOL,2026-02-06,1770341400,long,0.047452440219428293,2,1,0.743,0.21191925080930651
XRP,2026-02-08,1770344100,short,0.028065597496964023,0,0,0.0,0.0
SOL,2026-02-06,1770345000,short,0.038926789461576905,2,1,-0.7230000000000001,-0.035614771371485165
XRP,2026-02-08,1770345000,long,0.03610542973600439,0,0,0.0,0.0
XRP,2026-02-08,1770345000,short,0.02089457026399555,0,0,0.0,0.0
XRP,2026-02-08,1770345000,long,0.13370343550073205,0,0,0.0,0.0
XRP,2026-02-06,1770345000,short,0.0574213125661418,2,1,0.2849999999999999,1.1241288869524324
XRP,2026-02-06,1770345000,long,0.04757868743385796,1,0,-0.931,-0.7972049018912906
XRP,2026-02-08,1770345900,long,0.12147169202285513,0,0,0.0,0.0
SOL,2026-02-07,1770350400,long,0.21678504167527768,0,0,0.0,0.0
BTC,2026-02-07,1770388200,short,0.023837098139536606,2,1,0.14899999999999997,0.22602557293613934
ETH,2026-02-09,1770398100,long,0.04969411881081953,2,1,-0.1700000000000001,-0.2138875358517715
BTC,2026-02-09,1770398100,short,0.026328077286457696,2,1,-0.786,-0.7858501186503221
BTC,2026-02-09,1770398100,short,0.041804316287046506,2,1,0.20499999999999996,0.20444007036587264
ETH,2026-02-07,1770398100,long,0.02076388050268152,2,1,0.6010000000000001,0.5990756060670042
ETH,2026-02-07,1770398100,short,0.03823611949731842,2,1,-0.542,-0.5400756060670041
ETH,2026-02-09,1770398100,short,0.04135583771375784,2,1,0.23399999999999999,0.1965421403156223
ETH,2026-02-09,1770398100,short,0.026494000854079047,2,1,-0.71,-0.7116162783466057
BTC,2026-02-09,1770398100,long,0.03158351874840415,2,1,-0.08700000000000005,-0.08816533100013446
BTC,2026-02-08,1770399000,long,0.044389975843220464,2,1,-0.07000000000000003,-0.05645333884596722
BTC,2026-02-08,1770399000,short,0.02263237553779418,2,1,0.226,0.2145186742428786
ETH,2026-02-08,1770399900,long,0.02284787994164561,2,1,-0.25899999999999995,-0.26577384126629533
ETH,2026-02-08,1770399900,short,0.027319341483239556,2,1,-0.6699999999999999,-0.673675354102359
ETH,2026-02-09,1770399900,long,0.020349648561931888,1,0,-0.21000000000000002,-0.24329992830100047
BTC,2026-02-07,1770399900,long,0.03136479454191199,2,1,-0.29200000000000004,-0.30161068064500385
ETH,2026-02-08,1770399900,long,0.026797186806540862,2,1,-0.030999999999999917,-0.026525766355604573
BTC,2026-02-09,1770400800,long,0.02698115383899502,1,0,-0.086,-0.06487179178261906
BTC,2026-02-09,1770401700,long,0.025373849590352826,2,1,-0.14,-0.14521288417790248
BTC,2026-02-08,1770401700,long,0.02689061243451607,2,1,-0.14000000000000004,-0.1603600321660803
ETH,2026-02-09,1770401700,long,0.02302321663144813,2,1,0.75,0.7539104263674332
ETH,2026-02-07,1770401700,long,0.03664682744994252,2,1,-0.19900000000000007,-0.20251839320242326
ETH,2026-02-09,1770403500,short,0.02768500555143194,2,1,0.14099999999999996,0.1783013105782386
ETH,2026-02-08,1770403500,long,0.02208548726723225,2,1,-0.18000000000000005,-0.14116862602952568
ETH,2026-02-07,1770406200,long,0.02047145558676222,2,1,-0.024999999999999988,-0.023415493575301736
ETH,2026-02-09,1770408000,long,0.04582574377120219,2,1,-0.20000000000000007,-0.22369846990524717
ETH,2026-02-09,1770408000,short,0.02417425622879754,2,1,0.2699999999999999,0.293698469905247
BTC,2026-02-08,1770410700,short,0.03300993434551569,2,1,-0.681,-0.6763180590285338
BTC,2026-02-08,1770411600,short,0.026033944962219224,2,1,0.2839999999999999,0.26603259200717033
BTC,2026-02-09,1770411600,long,0.029184205926124918,2,1,0.804,0.8013268959744869
ETH,2026-02-08,1770417000,short,0.020196475274616765,2,1,0.29100000000000004,0.32922174618252315
BTC,2026-02-08,1770419700,long,0.020803554577406347,1,0,0.34199999999999997,0.4180752689311822
BTC,2026-02-08,1770419700,short,0.04319644542259349,1,0,-0.328,-0.24522642580725196
BTC,2026-02-07,1770419700,long,0.046647786810824154,2,1,-0.20800000000000007,0.1643810915052804
BTC,2026-02-07,1770420600,short,0.02739371231183374,2,1,0.16799999999999998,-0.03853555087642718
ETH,2026-02-07,1770420600,short,0.025759751674041653,2,1,0.321,0.23781398615048954
ETH,2026-02-08,1770420600,short,0.028125489924633817,2,1,-0.59,-0.6011304790775833
ETH,2026-02-08,1770420600,long,0.021874510075366116,2,1,0.6399999999999999,0.6511304790775833
BTC,2026-02-08,1770425100,long,0.02382711348175337,1,0,-0.494,-0.3702790189724602
ETH,2026-02-08,1770425100,short,0.02641781057719783,1,0,-0.07299999999999995,0.008153204458782148
BTC,2026-02-09,1770425100,long,0.02131316284671403,1,0,-0.506,-0.44812666957803216
ETH,2026-02-08,1770426900,short,0.020557490850365845,1,0,0.08299999999999996,0.1314220315512281
BTC,2026-02-09,1770428700,short,0.02175921440388684,2,1,0.20999999999999996,0.20942250552906844
ETH,2026-02-07,1770428700,short,0.024888815691144872,2,1,-0.373,-0.3729142986782967
SOL,2026-02-07,1770429600,long,0.05706275331687527,0,0,0.0,0.0
SOL,2026-02-07,1770429600,long,0.03843408457733144,2,1,0.255,0.2505409813101517
SOL,2026-02-07,1770431400,long,0.04382169202241171,2,1,0.272,0.24706261145558706
SOL,2026-02-07,1770431400,short,0.027178307977588273,1,0,-0.041000000000000036,-0.04629103365413729
ETH,2026-02-08,1770437700,long,0.02778497703918581,2,1,-0.10799999999999998,-0.07066068730942546
ETH,2026-02-09,1770437700,short,0.020010965479981824,2,1,0.1479999999999999,0.1561802994136472
ETH,2026-02-09,1770437700,long,0.02198903452001799,1,0,0.06399999999999995,0.07254699309036095
SOL,2026-02-07,1770447600,short,0.03251519580074058,1,0,-0.020999999999999998,-0.021000146974883744
XRP,2026-02-07,1770450300,long,0.03940534614467839,1,0,0.06599999999999995,0.06699572425241945
XRP,2026-02-09,1770450300,short,0.029159635063150446,1,0,0.19899999999999995,0.1403364220677812
XRP,2026-02-09,1770450300,long,0.05884036493684919,0,0,0.0,0.0
SOL,2026-02-08,1770450300,short,0.06822871389115925,2,1,-0.266,-0.27381541657634695
SOL,2026-02-08,1770450300,long,0.042771286108840734,0,0,0.0,0.0
XRP,2026-02-08,1770450300,long,0.04327161947558089,1,0,0.43899999999999995,0.441997792491322
XRP,2026-02-08,1770450300,short,0.02872838052441906,1,0,-0.398,-0.40099779249132206
XRP,2026-02-07,1770450300,long,0.0629585931220158,2,1,0.42299999999999993,0.4392111543511336
SOL,2026-02-09,1770450300,long,0.10581049484816196,1,0,0.271,0.25572689617585664
SOL,2026-02-09,1770450300,short,0.08579801482242022,1,0,0.271,0.25572689617585664
SOL,2026-02-08,1770450300,long,0.09137666946518563,2,1,-0.124,-0.1506010588792157
SOL,2026-02-07,1770450300,short,0.027115091376631373,2,1,0.04799999999999993,0.024568370624629854
XRP,2026-02-08,1770450300,short,0.07487957504189902,1,0,0.43899999999999995,0.441997792491322
XRP,2026-02-08,1770450300,long,0.04327161947558089,1,0,0.43899999999999995,0.441997792491322
XRP,2026-02-08,1770450300,short,0.02872838052441906,1,0,-0.398,-0.40099779249132206
XRP,2026-02-09,1770450300,short,0.0662100924190423,1,0,0.44999999999999996,0.35153941280731343
XRP,2026-02-09,1770450300,short,0.03609485323964279,0,0,0.0,0.0
XRP,2026-02-09,1770450300,long,0.03990514676035706,2,1,-0.13600000000000004,-0.18286494898412686
XRP,2026-02-09,1770450300,short,0.03609485323964279,0,0,0.0,0.0
XRP,2026-02-09,1770450300,long,0.03990514676035706,2,1,-0.13600000000000004,-0.18286494898412686
XRP,2026-02-09,1770450300,short,0.029159635063150446,1,0,0.19899999999999995,0.1403364220677812
XRP,2026-02-09,1770450300,long,0.05884036493684919,0,0,0.0,0.0
XRP,2026-02-09,1770450300,long,0.08066390343453955,1,0,0.44999999999999996,0.35153941280731343
SOL,2026-02-08,1770450300,short,0.06822871389115925,2,1,-0.266,-0.27381541657634695
SOL,2026-02-08,1770450300,long,0.042771286108840734,0,0,0.0,0.0
SOL,2026-02-08,1770450300,short,0.0315201243859321,0,0,0.0,0.0
SOL,2026-02-08,1770450300,long,0.05147987561406797,1,0,-0.11599999999999999,-0.09543357607990263
SOL,2026-02-08,1770450300,short,0.0315201243859321,0,0,0.0,0.0
SOL,2026-02-08,1770450300,long,0.05147987561406797,1,0,-0.11599999999999999,-0.09543357607990263
XRP,2026-02-09,1770451200,short,0.038842894599365546,0,0,0.0,0.0
XRP,2026-02-09,1770451200,long,0.023157105400634537,1,0,0.19899999999999995,0.11604370975441367
SOL,2026-02-09,1770451200,long,0.039675992009014616,0,0,0.0,0.0
SOL,2026-02-09,1770451200,short,0.04132400799098557,0,0,0.0,0.0
SOL,2026-02-08,1770451200,long,0.16390692128533146,0,0,0.0,0.0
SOL,2026-02-09,1770451200,long,0.08216536381037143,0,0,0.0,0.0
SOL,2026-02-09,1770451200,long,0.039675992009014616,0,0,0.0,0.0
SOL,2026-02-09,1770451200,short,0.04132400799098557,0,0,0.0,0.0
XRP,2026-02-09,1770451200,long,0.08227933261835374,1,0,0.02300000000000002,0.02060336848968129
XRP,2026-02-09,1770451200,short,0.038842894599365546,0,0,0.0,0.0
XRP,2026-02-09,1770451200,long,0.023157105400634537,1,0,0.19899999999999995,0.11604370975441367
XRP,2026-02-08,1770452100,long,0.02024209511363262,1,0,-0.42800000000000005,-0.3816611103425618
XRP,2026-02-08,1770452100,short,0.07175790488636746,1,0,0.475,0.4286611103425617
XRP,2026-02-09,1770452100,long,0.04649929780595641,0,0,0.0,0.0
XRP,2026-02-09,1770452100,short,0.02614302034469207,0,0,0.0,0.0
XRP,2026-02-09,1770452100,long,0.025856979655307866,0,0,0.0,0.0
XRP,2026-02-09,1770452100,long,0.027289446707004394,0,0,0.0,0.0
XRP,2026-02-09,1770452100,short,0.07471055329299547,1,0,0.5,0.36156834024282436
XRP,2026-02-09,1770452100,short,0.02614302034469207,0,0,0.0,0.0
XRP,2026-02-09,1770452100,long,0.025856979655307866,0,0,0.0,0.0
XRP,2026-02-07,1770452100,long,0.10430711011686133,2,1,0.14,0.1471919741748009
XRP,2026-02-07,1770453000,long,0.03073441173201452,2,1,0.43300000000000005,0.392720991613495
XRP,2026-02-07,1770453000,short,0.03626558826798554,1,0,-0.032,-0.0404910828023186
XRP,2026-02-07,1770454800,long,0.0446508729080356,2,1,0.0030000000000000304,0.011645399903723421
XRP,2026-02-09,1770457500,long,0.04053884882775838,0,0,0.0,0.0
XRP,2026-02-09,1770457500,short,0.023461151172241568,0,0,0.0,0.0
XRP,2026-02-07,1770461100,long,0.03270133535672315,2,1,-0.5400000000000001,-0.27566554267296167
XRP,2026-02-07,1770461100,short,0.04629866464327681,2,1,0.619,0.3546655426729615
SOL,2026-02-09,1770462000,long,0.03277767389967634,2,1,-0.17900000000000005,-0.1302445821555866
SOL,2026-02-09,1770462000,short,0.030222326100323604,0,0,0.0,0.0
XRP,2026-02-09,1770465600,short,0.05615823913830753,0,0,0.0,0.0
XRP,2026-02-09,1770466500,short,0.033029775813889106,0,0,0.0,0.0
XRP,2026-02-09,1770466500,long,0.024970224186110723,1,0,0.03600000000000003,0.041990407901415755
XRP,2026-02-09,1770468300,short,0.024182594469401075,0,0,0.0,0.0
ETH,2026-02-09,1770484500,short,0.032345607530221865,1,0,-0.33999999999999997,-0.1853465862076425
ETH,2026-02-09,1770484500,long,0.027654392469778077,1,0,0.35,0.5046347565151081
ETH,2026-02-09,1770484500,short,0.02691911735046737,1,0,-0.123,-0.029068306897305135
BTC,2026-02-10,1770484500,long,0.03399449578365732,1,0,0.10999999999999999,0.13675402735690856
ETH,2026-02-09,1770484500,long,0.047063128703506374,1,0,0.10999999999999999,0.18822063172677772
ETH,2026-02-10,1770484500,long,0.02668290862378253,1,0,-0.37,-0.413134565574335
ETH,2026-02-10,1770484500,short,0.03231709137621763,1,0,-0.15300000000000002,-0.18230723031185628
ETH,2026-02-10,1770484500,long,0.027938438230586504,1,0,0.16000000000000003,0.13309362330141833
BTC,2026-02-10,1770484500,short,0.03397427274457154,1,0,-0.236,-0.18606680443210555
ETH,2026-02-10,1770484500,long,0.02160297685995749,1,0,-0.15300000000000002,-0.18230723031185628
ETH,2026-02-10,1770484500,long,0.02668290862378253,1,0,-0.37,-0.413134565574335
ETH,2026-02-10,1770484500,short,0.03231709137621763,1,0,-0.15300000000000002,-0.18230723031185628
BTC,2026-02-10,1770484500,long,0.045465069493526356,1,0,0.4099999999999999,0.47481602880896984
ETH,2026-02-10,1770484500,long,0.021042427197333513,1,0,0.35,0.3069994994159615
SOL,2026-02-10,1770485400,short,0.03836105359228914,0,0,0.0,0.0
BTC,2026-02-09,1770485400,short,0.028379443430471718,1,0,-0.345,-0.21648389032164658
SOL,2026-02-10,1770485400,long,0.04103631327788637,1,0,0.04200000000000004,0.03126067320480369
SOL,2026-02-10,1770485400,long,0.0993233423205635,0,0,0.0,0.0
SOL,2026-02-10,1770485400,short,0.028566415687840907,1,0,0.05999999999999994,0.06784114268998147
SOL,2026-02-10,1770485400,short,0.03511695188642883,0,0,0.0,0.0
BTC,2026-02-10,1770486300,long,0.026199041162913828,2,1,-0.18,-0.1820166131364354
ETH,2026-02-09,1770486300,long,0.028930435111933717,1,0,0.041000000000000036,0.058869327491004715
SOL,2026-02-10,1770486300,long,0.030562037664619846,0,0,0.0,0.0
SOL,2026-02-10,1770486300,short,0.0594379623353799,0,0,0.0,0.0
ETH,2026-02-08,1770486300,short,0.07728108385370591,2,1,-0.5,-0.5168837636818306
ETH,2026-02-08,1770486300,long,0.04084599261183941,2,1,-0.26599999999999996,-0.3126511318457149
ETH,2026-02-10,1770486300,short,0.0556585732490259,1,0,-0.28,-0.3808366109748993
BTC,2026-02-10,1770486300,short,0.03333841761328227,2,1,-0.77,-0.7710909943998333
ETH,2026-02-10,1770487200,long,0.036654936680591055,1,0,0.06400000000000006,0.03291090179453286
BTC,2026-02-09,1770488100,long,0.04618053232074182,1,0,0.07999999999999996,0.11861473396401946
BTC,2026-02-10,1770489000,long,0.025462608484002613,1,0,0.04700000000000004,0.04859705006024612
ETH,2026-02-10,1770490800,long,0.020985683765413432,2,1,-0.026000000000000023,-0.05619327804014465
SOL,2026-02-10,1770490800,short,0.020237749812420658,0,0,0.0,0.0
SOL,2026-02-10,1770490800,long,0.053762250187579186,1,0,0.05399999999999994,0.07030464427654175
ETH,2026-02-09,1770490800,short,0.043747862323726516,2,1,-0.6599999999999999,-0.6598514923928793
ETH,2026-02-09,1770490800,long,0.04625213767627345,1,0,0.22999999999999998,0.23038957224153317
ETH,2026-02-10,1770491700,short,0.0397278509045772,1,0,0.5,0.3296113735343915
ETH,2026-02-10,1770491700,long,0.07027214909542279,1,0,0.26,0.12822157572377343
ETH,2026-02-09,1770491700,short,0.028874495147026114,2,1,0.15799999999999997,0.1687684197998185
ETH,2026-02-10,1770492600,short,0.03707710045899504,1,0,-0.06000000000000005,-0.104522586862682
ETH,2026-02-10,1770493500,long,0.02655651541656079,0,0,0.0,0.0
ETH,2026-02-10,1770493500,short,0.024131718514485923,1,0,0.25,0.10185328528530038
SOL,2026-02-09,1770493500,long,0.021001531699124554,1,0,-0.045000000000000005,-0.01674652195632581
ETH,2026-02-09,1770497100,long,0.04172530680305764,2,1,-0.27,-0.2721561839775073
ETH,2026-02-09,1770497100,short,0.028274693196942424,1,0,-0.18000000000000002,-0.18497203339338794
BTC,2026-02-08,1770498000,short,0.04739315518391485,2,1,0.3929999999999999,0.3377632917506862
SOL,2026-02-10,1770498000,long,0.055102679601297,0,0,0.0,0.0
SOL,2026-02-10,1770498000,short,0.022897320398702847,0,0,0.0,0.0
ETH,2026-02-10,1770498000,short,0.023906618493660048,1,0,0.10899999999999999,0.010874930871619892
BTC,2026-02-08,1770498900,long,0.025129381260458272,2,1,-0.08099999999999997,-0.15280563724136542
SOL,2026-02-10,1770499800,long,0.0233401940763297,0,0,0.0,0.0
SOL,2026-02-10,1770500700,long,0.049621903672281364,0,0,0.0,0.0
ETH,2026-02-08,1770500700,long,0.03527508666684953,2,1,0.015000000000000013,0.005997777561968993
BTC,2026-02-09,1770503400,long,0.0316573224683423,2,1,0.774,0.7517983306064986
BTC,2026-02-08,1770506100,long,0.04086932924992004,2,1,0.7789999999999999,0.5861707184783996
ETH,2026-02-08,1770507000,short,0.022422288431346193,2,1,0.358,0.3712172414872667
ETH,2026-02-08,1770507000,long,0.03100359573041822,1,0,-0.14,-0.1269748048698281
ETH,2026-02-08,1770507000,long,0.038281403825616955,1,0,0.43999999999999995,0.4610509079800592
BTC,2026-02-09,1770511500,short,0.028002257512106832,1,0,-0.346,-0.19302339780372613
BTC,2026-02-09,1770511500,long,0.024997742487893326,1,0,-0.619,-0.4596545946420686
BTC,2026-02-10,1770515100,long,0.02049181566363778,1,0,0.20099999999999996,0.1941130040685069
ETH,2026-02-09,1770525000,long,0.02761472170153656,2,1,-0.133,-0.11283478443567829
BTC,2026-02-09,1770528600,short,0.025629035028912006,2,1,-0.729,-0.6899074533890202
BTC,2026-02-08,1770541200,short,0.045926517526476585,2,1,-0.44600000000000006,-0.45296343387902954
BTC,2026-02-10,1770542100,short,0.025651553348015055,2,1,0.24999999999999994,0.24566535087650837
BTC,2026-02-08,1770543000,long,0.025809110806727098,2,1,-0.275,-0.25831386573389437
BTC,2026-02-09,1770557400,long,0.03272152943158013,2,1,-0.09999999999999998,-0.01829793603825519
BTC,2026-02-10,1770557400,short,0.025361727948334245,2,1,0.088,0.02900223009150786
ETH,2026-02-10,1770570900,long,0.02193841763820248,2,1,-0.26000000000000006,-0.21045473058531378
BTC,2026-02-11,1770570900,short,0.020124637279886226,1,0,0.12,-0.06633064418085385
ETH,2026-02-11,1770570900,short,0.022487831851655593,2,1,0.25,0.3164376278331613
ETH,2026-02-11,1770570900,long,0.025225283753556038,2,1,-0.21999999999999997,-0.14398838148129775
BTC,2026-02-11,1770570900,short,0.029814567768786993,2,1,0.19999999999999996,0.2816131054668441
BTC,2026-02-11,1770570900,short,0.03237991536891405,2,1,0.14,0.0034814847613766353
BTC,2026-02-11,1770570900,long,0.06193070212057239,2,1,-0.13,-0.023858745419242502
BTC,2026-02-11,1770570900,long,0.022127415398460082,2,1,-0.18000000000000005,-0.17333363198563084
BTC,2026-02-11,1770571800,long,0.021952906734517885,1,0,0.59,0.15536396770776795
ETH,2026-02-09,1770571800,short,0.02179571340846498,1,0,0.48,0.5231743257737439
ETH,2026-02-09,1770571800,long,0.028204286591534844,2,1,-0.3,-0.32003984567994603
BTC,2026-02-10,1770571800,long,0.022558006269946196,2,1,0.82,0.788645569768233
ETH,2026-02-11,1770572700,long,0.02026200180265647,0,0,0.0,0.0
BTC,2026-02-10,1770572700,long,0.0348292877129075,1,0,0.17999999999999994,0.07449279319002598
ETH,2026-02-10,1770572700,short,0.06157540138777173,1,0,-0.20999999999999996,-0.3682843408932462
ETH,2026-02-10,1770572700,long,0.024989546477392377,1,0,-0.20999999999999996,-0.3682843408932462
BTC,2026-02-11,1770572700,long,0.021762639142050455,2,1,-0.18000000000000005,-0.18478370041450487
BTC,2026-02-11,1770572700,short,0.028237360857949367,2,1,0.22999999999999998,0.2347837004145048
ETH,2026-02-11,1770573600,short,0.029385018941668006,1,0,-0.10999999999999999,-0.3409471921707461
ETH,2026-02-11,1770573600,long,0.028566225985651394,1,0,-0.10999999999999999,-0.3409471921707461
BTC,2026-02-09,1770574500,long,0.028793295491980064,2,1,-0.21000000000000002,-0.15804905998638308
ETH,2026-02-10,1770574500,long,0.022095201330195602,2,1,-0.12700000000000006,-0.040181725858145556
ETH,2026-02-11,1770575400,short,0.021345341235421866,0,0,0.0,0.0
ETH,2026-02-11,1770575400,short,0.027239850190886594,0,0,0.0,0.0
ETH,2026-02-11,1770575400,long,0.023621804470504326,1,0,0.12,0.3513067631590977
ETH,2026-02-10,1770576300,long,0.022070784816933475,2,1,0.7699999999999999,0.6914823929142401
ETH,2026-02-10,1770576300,short,0.037929215183066356,2,1,-0.7100000000000001,-0.6314823929142402
ETH,2026-02-11,1770577200,long,0.022952323661820095,0,0,0.0,0.0
ETH,2026-02-11,1770577200,long,0.02528263826869681,1,0,-0.75,-0.3718622652500742
ETH,2026-02-11,1770577200,short,0.03471736173130324,1,0,-0.53,-0.04796372747348937
ETH,2026-02-09,1770579000,short,0.02715513003080894,2,1,-0.66,-0.6291348589853681
BTC,2026-02-10,1770579900,long,0.026063135196581655,2,1,-0.11200000000000004,-0.030222267432804095
BTC,2026-02-11,1770579900,long,0.03205967395382281,2,1,-0.10999999999999999,0.05197263757432535
BTC,2026-02-10,1770580800,short,0.02435246198501584,2,1,-0.81,-0.7404725093611102
ETH,2026-02-09,1770580800,long,0.027186990585322812,2,1,-0.15199999999999997,-0.0858569803794244
BTC,2026-02-11,1770582600,short,0.02862836591126261,2,1,-0.88,-0.7552688391489863
ETH,2026-02-11,1770585300,short,0.02264172696315414,1,0,-0.02300000000000002,-0.07414155881262213
ETH,2026-02-11,1770588000,short,0.0272746492594792,2,1,0.06999999999999995,0.18775065587019193
ETH,2026-02-10,1770590700,short,0.02093238650894258,2,1,0.32,0.26204106916934583
ETH,2026-02-10,1770590700,long,0.029067613491057465,2,1,-0.27,-0.21204106916934584
BTC,2026-02-10,1770591600,long,0.024853779730813264,2,1,-0.22000000000000008,-0.23156928589326797
BTC,2026-02-09,1770591600,long,0.026047000813444576,2,1,0.656,0.644616191035221
ETH,2026-02-09,1770593400,short,0.03049725923817581,2,1,0.131,0.12213605037879505
BTC,2026-02-11,1770593400,short,0.02738969524440593,2,1,0.07000000000000006,0.16043956708781887
ETH,2026-02-11,1770593400,long,0.020575176778149462,2,1,-0.02300000000000002,-0.09823082373943998
ETH,2026-02-09,1770594300,long,0.02239791756135756,2,1,0.65,0.6579834433534115
BTC,2026-02-09,1770604200,long,0.027354125143010277,2,1,-0.242,-0.25941560908937006
BTC,2026-02-11,1770609600,long,0.021570909504561975,2,1,-0.03399999999999992,-0.14169329745541115
XRP,2026-02-09,1770613200,long,0.05862039416598641,1,0,0.19999999999999996,0.1763045020943769
XRP,2026-02-09,1770613200,short,0.030379605834013446,2,1,-0.32100000000000006,-0.31947843148302907
XRP,2026-02-09,1770613200,long,0.05862039416598641,1,0,0.19999999999999996,0.1763045020943769
XRP,2026-02-09,1770613200,short,0.030379605834013446,2,1,-0.32100000000000006,-0.31947843148302907
XRP,2026-02-09,1770616800,long,0.035381690362616514,2,1,-0.13799999999999998,-0.14599793017890497
XRP,2026-02-09,1770616800,long,0.03045948589973868,2,1,-0.13,-0.1221407129152272
SOL,2026-02-11,1770618600,long,0.037590517929626976,2,1,-0.45999999999999996,-0.5202337454367265
SOL,2026-02-11,1770618600,short,0.032409482070373086,1,0,-0.29000000000000004,0.057872579383726586
SOL,2026-02-11,1770618600,long,0.03618112146178887,1,0,0.038000000000000034,0.11378881935654789
SOL,2026-02-11,1770618600,short,0.023560598001761246,2,1,0.2800000000000001,0.0229800158904912
SOL,2026-02-11,1770618600,long,0.0264394019982388,2,1,-0.22999999999999998,0.0270199841095089
SOL,2026-02-09,1770618600,long,0.04434033725589415,2,1,0.19700000000000006,0.20721560739635553
SOL,2026-02-10,1770618600,long,0.052781556962646414,2,1,0.45300000000000007,0.4280557225750859
SOL,2026-02-11,1770618600,short,0.023560598001761246,2,1,0.2800000000000001,0.0229800158904912
SOL,2026-02-11,1770618600,long,0.0264394019982388,2,1,-0.22999999999999998,0.0270199841095089
SOL,2026-02-11,1770618600,long,0.037590517929626976,2,1,-0.45999999999999996,-0.5202337454367265
SOL,2026-02-11,1770618600,short,0.032409482070373086,1,0,-0.29000000000000004,0.057872579383726586
SOL,2026-02-11,1770618600,long,0.03178707228719724,0,0,0.0,0.0
SOL,2026-02-10,1770618600,short,0.020078934741883603,2,1,0.258,0.1727186111581849
SOL,2026-02-10,1770621300,short,0.02118284761569733,1,0,-0.032,-0.01920603806860587
SOL,2026-02-10,1770621300,long,0.027817152384302712,1,0,-0.27,-0.14909653856741722
SOL,2026-02-10,1770622200,short,0.020432158296864622,1,0,-0.24000000000000002,-0.12501792293428188
SOL,2026-02-10,1770622200,long,0.06356784170313534,1,0,0.16400000000000003,0.2418829420542754
SOL,2026-02-10,1770622200,long,0.022149213851127003,1,0,0.03300000000000003,0.041382126535332124
SOL,2026-02-11,1770624000,short,0.02728727916422158,0,0,0.0,0.0
ETH,2026-02-09,1770624000,long,0.023871425253758405,2,1,-0.10099999999999998,0.0033050911794759164
SOL,2026-02-10,1770625800,short,0.02237023049506326,1,0,0.22899999999999998,0.25001352094519047
SOL,2026-02-11,1770626700,short,0.04893600525870634,1,0,-0.71,-0.4521472855523984
SOL,2026-02-11,1770627600,long,0.023254393728987743,0,0,0.0,0.0
SOL,2026-02-09,1770633000,long,0.02990774304094357,2,1,0.132,0.004831349198779172
SOL,2026-02-09,1770633000,short,0.02709225695905662,2,1,-0.07500000000000004,0.052168650801220795
ETH,2026-02-10,1770633900,short,0.028619053493314506,1,0,-0.04200000000000004,-0.03971568228689303
BTC,2026-02-11,1770635700,long,0.025259635139384562,1,0,0.57,0.30268230572885707
SOL,2026-02-09,1770637500,short,0.023187103940647824,1,0,-0.025000000000000022,-0.024987345966092287
BTC,2026-02-09,1770644700,short,0.03163506321554399,2,1,-0.778,-0.4817846731021083
ETH,2026-02-10,1770648300,long,0.02349901828085832,1,0,-0.09199999999999997,-0.11326695004292378
SOL,2026-02-11,1770651900,long,0.027250201042520406,2,1,0.822,0.5391592861745196
XRP,2026-02-10,1770652800,long,0.057472029584759055,2,1,-0.19999999999999996,-0.3099745515900575
XRP,2026-02-10,1770652800,short,0.06164940502154903,2,1,-0.45399999999999996,-0.46143728050483435
BTC,2026-02-10,1770655500,long,0.03858696706517284,2,1,-0.09900000000000009,-0.13089412879910384
XRP,2026-02-10,1770655500,long,0.04079752787645918,1,0,0.038000000000000034,0.006069717057743021
BTC,2026-02-10,1770655500,short,0.05274013202743666,2,1,0.37,0.3449702538933528
SOL,2026-02-11,1770656400,short,0.027781777821711012,2,1,0.819,0.5978850359939937
SOL,2026-02-12,1770657300,short,0.07112492003961113,0,0,0.0,0.0
SOL,2026-02-12,1770657300,long,0.02787507996038885,1,0,0.05700000000000005,-0.05399670680105008
SOL,2026-02-12,1770657300,short,0.05037411153138582,0,0,0.0,0.0
SOL,2026-02-12,1770657300,long,0.05962588846861405,0,0,0.0,0.0
SOL,2026-02-12,1770657300,long,0.04075294461486467,0,0,0.0,0.0
SOL,2026-02-12,1770657300,short,0.07112492003961113,0,0,0.0,0.0
SOL,2026-02-12,1770657300,long,0.02787507996038885,1,0,0.05700000000000005,-0.05399670680105008
ETH,2026-02-12,1770657300,long,0.025614383381947547,1,0,0.09599999999999997,-0.09399486193170536
BTC,2026-02-12,1770657300,long,0.032401096336326596,1,0,-0.07000000000000006,-0.2383540762426167
ETH,2026-02-11,1770657300,long,0.02940617579075222,1,0,0.18999999999999995,-0.17072266663456687
BTC,2026-02-12,1770657300,short,0.02523968475297933,2,1,0.23000000000000004,0.18736688100931861
SOL,2026-02-12,1770657300,long,0.033970991795339245,1,0,-0.040000000000000036,-0.13833384877490656
SOL,2026-02-12,1770657300,short,0.05037411153138582,0,0,0.0,0.0
SOL,2026-02-12,1770657300,long,0.05962588846861405,0,0,0.0,0.0
ETH,2026-02-12,1770657300,short,0.025596903211360655,2,1,-0.85,-0.6981863058392516
ETH,2026-02-12,1770657300,long,0.02742074664319083,1,0,-0.09999999999999998,-0.34451462279436834
XRP,2026-02-10,1770657300,short,0.08813329292752548,2,1,-0.251,-0.33891294212255074
SOL,2026-02-12,1770658200,short,0.04500640366388911,0,0,0.0,0.0
SOL,2026-02-12,1770658200,long,0.029993596336110873,1,0,0.07299999999999995,-0.06392336353820294
ETH,2026-02-12,1770658200,long,0.0253030782739454,1,0,0.48,8.347683359527514e-05
ETH,2026-02-12,1770658200,long,0.020080348701992934,1,0,-0.04200000000000004,-0.15808658487671562
SOL,2026-02-12,1770658200,short,0.04500640366388911,0,0,0.0,0.0
SOL,2026-02-12,1770658200,long,0.029993596336110873,1,0,0.07299999999999995,-0.06392336353820294
SOL,2026-02-10,1770659100,long,0.03880965547356463,0,0,0.0,0.0
BTC,2026-02-10,1770659100,long,0.0343504144373159,2,1,-0.19900000000000007,-0.06253235758139311
XRP,2026-02-10,1770659100,short,0.024838586108490213,1,0,-0.031000000000000028,-0.05089025197868459
ETH,2026-02-11,1770659100,short,0.030516714678805568,2,1,0.27,0.5360504458791183
BTC,2026-02-12,1770659100,long,0.031909707002562904,1,0,-0.18000000000000002,0.21731565055970933
SOL,2026-02-12,1770659100,short,0.05449614253978374,0,0,0.0,0.0
ETH,2026-02-10,1770659100,short,0.021108640982235638,2,1,-0.7100000000000001,-0.42613540511939574
BTC,2026-02-11,1770659100,long,0.022151561094118977,2,1,-0.19999999999999996,0.004629617654010126
ETH,2026-02-10,1770659100,long,0.029270520073224837,2,1,-0.43000000000000005,-0.3369840346472155
BTC,2026-02-12,1770659100,short,0.0476625651581396,2,1,0.19000000000000006,0.30184117946733774
BTC,2026-02-11,1770659100,short,0.027096960767719835,2,1,0.19999999999999996,0.3698484553151642
BTC,2026-02-12,1770660000,long,0.02040598888538936,2,1,0.9500000000000001,0.8356436061168431
ETH,2026-02-12,1770662700,short,0.0209124279824503,1,0,0.58,-0.012073472519510187
BTC,2026-02-12,1770662700,short,0.03527347590037044,2,1,0.13,0.2632710032223958
BTC,2026-02-12,1770662700,long,0.02076378539019097,2,1,-0.21000000000000008,-0.187985541216421
ETH,2026-02-11,1770662700,long,0.02997167655843147,2,1,-0.17100000000000004,0.1566646536050429
ETH,2026-02-12,1770663600,short,0.022283776863774918,2,1,0.24,0.4089638385377411
ETH,2026-02-10,1770667200,long,0.027369137794984066,1,0,-0.18000000000000002,0.2026551551791351
BTC,2026-02-11,1770668100,short,0.02996587489547209,2,1,0.31,0.3415365256222949
BTC,2026-02-10,1770668100,short,0.03633962670030977,2,1,-0.75,-0.5916562207626106
BTC,2026-02-12,1770669000,long,0.022537167798466262,1,0,-0.34,0.1712469943738259
BTC,2026-02-11,1770669000,short,0.02195906042775353,1,0,-0.6,0.005164854435335431
BTC,2026-02-11,1770669000,long,0.028040939572246515,2,1,-0.19000000000000006,-0.3784928838891968
BTC,2026-02-12,1770669000,long,0.021797346415044938,1,0,-0.77,-0.3610699381382063
BTC,2026-02-11,1770671700,long,0.02422470875474314,2,1,-0.27,-0.21138593386064192
BTC,2026-02-11,1770673500,short,0.02863559270203353,2,1,-0.84,-0.6498157488739122
ETH,2026-02-12,1770673500,short,0.021957887989712432,1,0,0.51,-0.03555903718036557
ETH,2026-02-12,1770673500,long,0.028042112010287612,0,0,0.0,0.0
ETH,2026-02-11,1770676200,long,0.022877808342275596,2,1,0.912,0.6540438374347759
ETH,2026-02-10,1770676200,long,0.026596751779641714,2,1,0.69,0.3722195227606398
BTC,2026-02-12,1770680700,short,0.02687690945491894,2,1,-0.9400000000000001,-0.828116305847262
BTC,2026-02-12,1770683400,long,0.032813038744328615,2,1,-0.10999999999999999,-0.2553587945233672
ETH,2026-02-11,1770683400,short,0.02568285022769201,2,1,0.16299999999999998,-0.1580447692230026
BTC,2026-02-10,1770685200,long,0.02080581552353067,2,1,0.62,0.583246298334435
BTC,2026-02-12,1770687000,long,0.0206611172133353,1,0,-0.05,0.10030751490538393
ETH,2026-02-10,1770690600,short,0.020476506771311298,2,1,0.5,0.18279820707655725
BTC,2026-02-10,1770691500,long,0.02916581471776425,2,1,-0.41000000000000003,-0.32425029389374915
ETH,2026-02-11,1770694200,long,0.030366068742860186,2,1,-0.33999999999999997,-0.44848028679242086
ETH,2026-02-10,1770694200,short,0.054574790806728,2,1,0.16599999999999993,0.30847315994229785
BTC,2026-02-10,1770694200,short,0.05897090896525714,2,1,0.17499999999999993,0.1870137832771725
BTC,2026-02-11,1770694200,short,0.04107727893433333,2,1,0.08099999999999996,0.2091326452041235
ETH,2026-02-12,1770694200,short,0.05851265596389277,2,1,0.10999999999999999,0.2392958028894166
ETH,2026-02-11,1770694200,short,0.02143526173763033,2,1,-0.8019999999999999,-0.5330066581689643
ETH,2026-02-11,1770694200,short,0.030183955289827535,1,0,0.09899999999999998,0.29949679137798235
SOL,2026-02-10,1770705000,long,0.04214634918670712,2,1,0.15999999999999992,0.14549044880707446
SOL,2026-02-11,1770705000,short,0.03715389436922861,2,1,0.6599999999999999,0.7081258456385675
SOL,2026-02-11,1770705000,long,0.022846105630771163,1,0,-0.8200000000000001,-0.5097200223696017
SOL,2026-02-11,1770705000,short,0.03715389436922861,2,1,0.6599999999999999,0.7081258456385675
SOL,2026-02-11,1770705000,long,0.022846105630771163,1,0,-0.8200000000000001,-0.5097200223696017
SOL,2026-02-11,1770705900,long,0.027508316257349064,2,1,0.86,0.5762415159091258
ETH,2026-02-12,1770706800,long,0.021899971709009813,2,1,0.76,0.6749610665689987
BTC,2026-02-12,1770708600,short,0.024067942558455235,1,0,-0.04500000000000004,-0.13047728892452734
SOL,2026-02-10,1770708600,long,0.02152559149036759,1,0,-0.061000000000000054,-0.07761037102653917
ETH,2026-02-10,1770708600,long,0.028225705250641386,1,0,-0.4,-0.3351250129244025
ETH,2026-02-12,1770710400,short,0.02008265608348825,1,0,-0.033,0.007764223314916684
SOL,2026-02-12,1770710400,long,0.03408232314453952,1,0,0.03300000000000003,0.10206127155459038
SOL,2026-02-12,1770710400,short,0.03691767685546038,0,0,0.0,0.0
ETH,2026-02-11,1770710400,short,0.02189496362349841,2,1,0.16999999999999998,0.008209548109081755
SOL,2026-02-12,1770710400,long,0.03408232314453952,1,0,0.03300000000000003,0.10206127155459038
SOL,2026-02-12,1770710400,short,0.03691767685546038,0,0,0.0,0.0
SOL,2026-02-10,1770713100,short,0.025863062252497238,2,1,0.07699999999999996,0.08819405853976961
SOL,2026-02-11,1770714000,short,0.02298644204865785,1,0,-0.022,-0.01136247587523817
SOL,2026-02-11,1770714900,short,0.021770356642266897,1,0,-0.022,-0.009801781577563036
SOL,2026-02-11,1770714900,long,0.05622964335773317,0,0,0.0,0.0
SOL,2026-02-11,1770727500,short,0.02589949124046864,2,1,-0.781,-0.5076027710653737
XRP,2026-02-12,1770733800,short,0.026812832364502492,1,0,-0.034,0.025857506931096917
XRP,2026-02-12,1770733800,long,0.02018716763549744,2,1,-0.13899999999999998,-0.027174523980002377
XRP,2026-02-12,1770733800,short,0.05082086073473713,1,0,-0.18000000000000002,-0.0083170170489055
XRP,2026-02-11,1770733800,short,0.043356735240969724,2,1,0.46799999999999997,0.3133049685092646
XRP,2026-02-11,1770733800,long,0.02821968342200809,2,1,-0.03400000000000003,-0.13914050196608202
XRP,2026-02-12,1770733800,short,0.026812832364502492,1,0,-0.034,0.025857506931096917
XRP,2026-02-12,1770733800,long,0.02018716763549744,2,1,-0.13899999999999998,-0.027174523980002377
XRP,2026-02-12,1770733800,long,0.026223738114321993,0,0,0.0,0.0
XRP,2026-02-12,1770734700,long,0.020146813329905644,0,0,0.0,0.0
XRP,2026-02-10,1770734700,long,0.03165509253843912,1,0,0.028000000000000025,0.028012629010430706
XRP,2026-02-12,1770734700,long,0.026265145117491784,1,0,0.16999999999999993,0.04559675907998127
XRP,2026-02-12,1770734700,short,0.02373485488250815,0,0,0.0,0.0
XRP,2026-02-11,1770734700,long,0.030652880687771944,1,0,0.10699999999999998,-0.01498551695632866
XRP,2026-02-11,1770734700,short,0.024347119312228105,2,1,0.42800000000000005,0.25241163855531057
XRP,2026-02-12,1770734700,short,0.04192188339374203,0,0,0.0,0.0
XRP,2026-02-11,1770734700,short,0.022464583394094295,1,0,-0.07999999999999996,-0.20335609434373197
XRP,2026-02-12,1770734700,long,0.053124669110991674,0,0,0.0,0.0
XRP,2026-02-12,1770734700,short,0.026875330889008175,1,0,-0.14,-0.2613619399022309
XRP,2026-02-12,1770735600,short,0.032690675087919674,0,0,0.0,0.0
XRP,2026-02-12,1770735600,long,0.024309324912080044,1,0,-0.12,-0.2439399124259088
XRP,2026-02-11,1770735600,long,0.041459153114111746,1,0,0.54,0.2309300774537345
XRP,2026-02-11,1770738300,long,0.02459123599695978,2,1,-0.08299999999999999,0.06368090014220337
SOL,2026-02-12,1770741900,long,0.02517777994017889,1,0,0.028000000000000025,0.0294204958851522
ETH,2026-02-12,1770742800,long,0.0332504574666157,0,0,0.0,0.0
XRP,2026-02-11,1770742800,short,0.031141922911848252,2,1,0.629,0.2511683693033821
XRP,2026-02-12,1770742800,long,0.05374902042378049,2,1,-0.492,-0.2769923420652233
SOL,2026-02-12,1770743700,long,0.042447662762039595,0,0,0.0,0.0
SOL,2026-02-12,1770743700,long,0.030055949572593832,1,0,-0.16,0.10463850128320754
BTC,2026-02-13,1770743700,long,0.02578605109173826,2,1,-0.08000000000000007,-0.0945034666688775
ETH,2026-02-13,1770743700,short,0.024064483220047728,2,1,-0.68,-0.6705647743826098
ETH,2026-02-13,1770743700,long,0.03137296298178782,2,1,-0.21000000000000008,-0.18308798518157204
BTC,2026-02-13,1770743700,short,0.04336908306394649,2,1,0.17999999999999994,0.19397743094425582
ETH,2026-02-13,1770743700,long,0.028438251364428124,1,0,-0.27,-0.3455909356241279
BTC,2026-02-13,1770743700,long,0.02310679842680763,2,1,0.7999999999999999,0.7953531205186308
SOL,2026-02-12,1770744600,short,0.028827724966277946,1,0,-0.18000000000000002,0.10702779384622099
SOL,2026-02-12,1770744600,long,0.021172275033721988,0,0,0.0,0.0
XRP,2026-02-12,1770744600,long,0.03028421222419042,0,0,0.0,0.0
ETH,2026-02-12,1770744600,long,0.026870300730290397,1,0,-0.61,-0.18343400529027076
BTC,2026-02-13,1770744600,short,0.03119048265863955,2,1,0.24999999999999997,0.23611224646867676
BTC,2026-02-13,1770744600,long,0.02900306480607484,2,1,0.8099999999999999,0.7997313266034218
BTC,2026-02-13,1770744600,short,0.030996935193925212,1,0,-0.46,-0.37442796669545103
ETH,2026-02-13,1770745500,short,0.022766831125516807,0,0,0.0,0.0
ETH,2026-02-13,1770745500,long,0.029858393717062892,1,0,0.38,0.34746518211023875
ETH,2026-02-13,1770745500,short,0.020141606282937263,1,0,-0.33,-0.3619990062424872
ETH,2026-02-13,1770745500,short,0.028528728441976958,2,1,0.09999999999999998,0.08953149133771628
BTC,2026-02-12,1770746400,short,0.027654282642692207,1,0,-0.47000000000000003,0.11966529258489184
BTC,2026-02-13,1770746400,long,0.021838000544815106,1,0,-0.48,-0.3632029071241571
BTC,2026-02-13,1770746400,long,0.020369071900609548,1,0,-0.26,-0.15952239805596563
ETH,2026-02-13,1770747300,short,0.020530851251406634,0,0,0.0,0.0
SOL,2026-02-12,1770749100,short,0.04005332858491151,0,0,0.0,0.0
BTC,2026-02-13,1770750000,short,0.03836620822221648,2,1,0.13,0.13100804251520917
XRP,2026-02-12,1770750000,short,0.020743465251304882,1,0,-0.02200000000000002,-0.02200000777083764
BTC,2026-02-13,1770750000,long,0.038384754839353885,2,1,-0.15000000000000002,-0.1509438033868152
SOL,2026-02-12,1770750900,short,0.04249059643110642,2,1,0.12700000000000003,-0.007392092346974161
ETH,2026-02-13,1770751800,short,0.022003955264516595,2,1,0.05599999999999994,0.02608147218366769
SOL,2026-02-13,1770753600,long,0.022027815044649568,1,0,0.06299999999999994,0.047980908543722736
SOL,2026-02-13,1770753600,long,0.06741639407657463,1,0,0.33999999999999997,0.29055290354098623
BTC,2026-02-13,1770754500,short,0.030050231228606505,2,1,0.07999999999999996,0.07780976698542871
BTC,2026-02-12,1770755400,long,0.02735208697292113,2,1,-0.27,-0.2643317972069098
BTC,2026-02-11,1770755400,long,0.05392569875811537,2,1,-0.4,-0.36495432050329224
ETH,2026-02-12,1770757200,short,0.026589992135547913,2,1,0.16999999999999996,-0.0152360265044513
ETH,2026-02-13,1770758100,short,0.02079493992625736,2,1,0.2799999999999999,0.24092874495931232
BTC,2026-02-11,1770759900,short,0.021986998208830766,2,1,0.17699999999999996,-0.12517452964737272
BTC,2026-02-12,1770759900,short,0.02154979273429458,1,0,0.31000000000000005,-0.03489864640347401
ETH,2026-02-13,1770759900,long,0.026164629665914152,1,0,0.026000000000000023,0.04180919634764236
SOL,2026-02-12,1770761700,long,0.049717805235413026,1,0,0.67,0.4129996468107322
BTC,2026-02-11,1770762600,short,0.025186548288151367,2,1,-0.73,-0.3992663393043723
ETH,2026-02-12,1770762600,short,0.028465089759317497,2,1,0.3999999999999999,0.2888050231223556
ETH,2026-02-13,1770762600,long,0.02172440595200853,2,1,-0.1100000000000001,-0.06371113822277823
ETH,2026-02-12,1770767100,short,0.026559107955090422,2,1,-0.7,-0.4892202265478823
BTC,2026-02-11,1770769800,long,0.02820359558344432,2,1,-0.23399999999999999,0.28274749691811274
BTC,2026-02-12,1770769800,short,0.021871736138402542,2,1,0.19999999999999996,0.39202151675400215
ETH,2026-02-11,1770772500,long,0.021097957413939383,2,1,0.744,0.2075393864133389
BTC,2026-02-12,1770775200,long,0.021027383688894563,1,0,-0.87,-0.598364929411823
ETH,2026-02-11,1770780600,long,0.020919097089344696,2,1,-0.5299999999999999,-0.059012988184650894
BTC,2026-02-11,1770784200,long,0.03742641099886668,2,1,0.569,0.41105518915759337
BTC,2026-02-12,1770784200,short,0.03150113929697673,2,1,-0.8099999999999999,-0.7049441472979557
ETH,2026-02-12,1770784200,short,0.02788558455649992,1,0,0.20999999999999996,0.4345932441833591
ETH,2026-02-11,1770789600,short,0.03251860706871479,2,1,0.118,0.2862241585736799
ETH,2026-02-12,1770790500,short,0.02091978877935241,1,0,0.09299999999999997,0.1611311652342881
BTC,2026-02-13,1770790500,short,0.0206140489115767,2,1,0.05699999999999994,0.016049610061181753
ETH,2026-02-11,1770791400,short,0.025456646444610542,1,0,-0.037,-0.006061127260978998
ETH,2026-02-12,1770793200,long,0.038629304055142866,2,1,0.62,0.6154068407397509
BTC,2026-02-11,1770794100,short,0.02153005454917034,2,1,0.244,0.3357125440557928
BTC,2026-02-12,1770795000,short,0.03953716507034821,2,1,0.08900000000000008,0.1363932909482336
BTC,2026-02-12,1770795000,long,0.020360243637108866,2,1,-0.07999999999999996,-0.013861493208766493
ETH,2026-02-12,1770807600,long,0.02084435748505209,1,0,-0.32000000000000006,-0.44988887678813966
BTC,2026-02-11,1770810300,short,0.03144546817814542,2,1,0.18499999999999997,-0.002486154084597736
BTC,2026-02-12,1770822900,short,0.021787475365389164,2,1,0.04999999999999993,0.06247674523678904
BTC,2026-02-11,1770823800,long,0.03641265025172369,2,1,-0.32999999999999996,-0.3991950743120016
BTC,2026-02-12,1770828300,long,0.03232391378699062,2,1,0.73,0.7014828057326503
BTC,2026-02-14,1770830100,long,0.021892746216273462,1,0,0.050000000000000044,0.13831650244940985
ETH,2026-02-14,1770830100,long,0.054290654821527395,1,0,-0.71,-0.3123626187848923
ETH,2026-02-13,1770830100,long,0.03579594238184458,1,0,-0.76,-0.4007446460412837
BTC,2026-02-14,1770830100,long,0.02614574468138109,1,0,0.14,0.35493401123673385
ETH,2026-02-14,1770830100,short,0.04341063064651729,1,0,-0.06000000000000005,0.08509553160737554
ETH,2026-02-14,1770830100,short,0.025118916222501064,1,0,-0.17000000000000004,0.13331137982248636
BTC,2026-02-14,1770831000,short,0.02757375369830084,2,1,0.131,0.048028808489134614
BTC,2026-02-14,1770831000,short,0.031152779816997378,2,1,0.21000000000000008,0.13339514821286452
BTC,2026-02-13,1770831900,long,0.023934612061090155,1,0,0.12,0.2746780375313729
ETH,2026-02-14,1770831900,long,0.0403553968175705,1,0,0.09999999999999998,0.2933949115163993
ETH,2026-02-13,1770831900,long,0.025209215409559782,1,0,0.06000000000000005,0.20614984327270108
BTC,2026-02-14,1770832800,long,0.02790846875189157,1,0,-0.65,-0.32132990822510277
ETH,2026-02-14,1770833700,long,0.02094439260552039,2,1,-0.03600000000000003,0.06042444857913036
ETH,2026-02-13,1770834600,short,0.02541696832347662,1,0,-0.12,0.07901662655892122
BTC,2026-02-14,1770834600,short,0.027305497561107672,1,0,-0.05300000000000005,0.027143708674982517
ETH,2026-02-14,1770837300,long,0.02728947315004393,2,1,-0.08899999999999997,0.03414446033569615
BTC,2026-02-14,1770837300,short,0.037718188672402286,2,1,0.25,0.21509180485344287
BTC,2026-02-13,1770837300,long,0.02073731330793782,2,1,-0.13399999999999995,-0.20092060569454573
ETH,2026-02-14,1770837300,short,0.02076353454705071,2,1,0.34999999999999987,0.3236753486658726
BTC,2026-02-14,1770839100,long,0.022478477133760055,2,1,-0.05599999999999998,-0.12118388032795994
BTC,2026-02-13,1770839100,short,0.030340867456773668,2,1,0.28,0.25282744191531664
BTC,2026-02-12,1770840900,short,0.023411013772002276,2,1,0.32999999999999996,0.1349471370068732
ETH,2026-02-13,1770847200,short,0.020700597881041838,1,0,0.64,0.3237086950005881
BTC,2026-02-13,1770848100,short,0.02693500681465566,1,0,0.10999999999999999,0.033262582128748996
BTC,2026-02-13,1770848100,short,0.02530770566953877,2,1,0.18000000000000005,0.11988599618806756
BTC,2026-02-13,1770848100,long,0.03230261913422505,2,1,-0.25,-0.2158957040577953
BTC,2026-02-12,1770849900,long,0.023025138832997838,2,1,-0.32,-0.060028166221938295
BTC,2026-02-14,1770851700,long,0.023550361161633226,1,0,-0.05900000000000005,0.03842937428875355
ETH,2026-02-13,1770852600,short,0.02008783013162907,1,0,-0.03700000000000003,0.02453831353166004
ETH,2026-02-13,1770852600,long,0.02439531361399827,1,0,-0.33999999999999997,0.08662087641554778
ETH,2026-02-12,1770861600,long,0.030726665322784452,1,0,-0.26,0.09866662888562588
BTC,2026-02-12,1770862500,long,0.027711830619173483,2,1,-0.45000000000000007,-0.599793589860558
ETH,2026-02-12,1770867900,short,0.025765823137464783,2,1,-0.37,-0.2232836032027731
BTC,2026-02-12,1770870600,short,0.022650306019718625,2,1,0.49,0.5483100466033323
ETH,2026-02-12,1770877800,short,0.02244228003087556,2,1,0.33899999999999997,-0.16349817501142194
ETH,2026-02-14,1770883200,short,0.027598485911823234,2,1,0.10800000000000001,0.2510165229789048
ETH,2026-02-14,1770883200,long,0.02893427092699863,2,1,-0.15000000000000002,0.031605988361329024
ETH,2026-02-12,1770883200,long,0.020471201594777444,2,1,0.36,0.1423205168116374
SOL,2026-02-14,1770885000,long,0.07302907411051596,0,0,0.0,0.0
SOL,2026-02-13,1770885000,long,0.06721717522458692,0,0,0.0,0.0
SOL,2026-02-13,1770885000,long,0.03683166830637763,1,0,-0.45999999999999996,-0.15401729119294477
SOL,2026-02-13,1770885000,short,0.025168331693622314,1,0,-0.03500000000000003,-0.000736111771021411
SOL,2026-02-13,1770885000,long,0.03683166830637763,1,0,-0.45999999999999996,-0.15401729119294477
SOL,2026-02-13,1770885000,short,0.025168331693622314,1,0,-0.03500000000000003,-0.000736111771021411
SOL,2026-02-14,1770885000,short,0.0666181347637761,0,0,0.0,0.0
SOL,2026-02-14,1770887700,short,0.05622497762380141,1,0,0.43999999999999995,0.029912994809404625
SOL,2026-02-14,1770887700,long,0.02477502237619844,1,0,-0.38,0.030087005190595317
SOL,2026-02-14,1770889500,long,0.031151527007549085,1,0,0.41000000000000003,0.03877612738921393
SOL,2026-02-14,1770889500,short,0.03884847299245103,1,0,-0.38,-0.008776127389213906
SOL,2026-02-13,1770891300,short,0.02691360241197427,2,1,-0.382,-0.24069261758893823
SOL,2026-02-13,1770891300,long,0.05208639758802569,1,0,0.4,0.21454580530073505
ETH,2026-02-14,1770895800,long,0.03247823275294226,2,1,-0.09399999999999997,-0.24123260006053293
ETH,2026-02-14,1770903000,short,0.03369579365324671,1,0,-0.12,-0.3104750704882483
ETH,2026-02-13,1770903000,long,0.02627725114876811,2,1,0.66,0.39557461128663607
ETH,2026-02-13,1770903000,short,0.03372274885123183,2,1,-0.6,-0.335574611286636
BTC,2026-02-13,1770903000,short,0.02430149748026922,2,1,-0.65,-0.5724143379164675
SOL,2026-02-12,1770903900,long,0.07031211453750941,1,0,-0.8,-0.26206703521222885
XRP,2026-02-12,1770904800,short,0.030726928931123443,2,1,-0.49700000000000005,0.44369635068818875
XRP,2026-02-12,1770905700,long,0.04625320777840081,1,0,0.42999999999999994,-0.4156436454864332
BTC,2026-02-13,1770913800,long,0.033157498561265264,2,1,-0.27,-0.0932441174613721
ETH,2026-02-14,1770916500,long,0.04562803923043712,1,0,-0.8200000000000001,-0.38363037884414947
SOL,2026-02-15,1770916500,short,0.07147347790601738,2,1,0.57,0.3375787990227954
SOL,2026-02-15,1770916500,long,0.07852652209398281,0,0,0.0,0.0
SOL,2026-02-15,1770916500,long,0.08500348174698269,1,0,0.6599999999999999,0.14584895224323213
SOL,2026-02-15,1770916500,short,0.034996518253017195,0,0,0.0,0.0
ETH,2026-02-15,1770916500,short,0.03220696309970639,2,1,0.1319999999999999,0.019024291772129442
BTC,2026-02-15,1770916500,long,0.032348537051710924,2,1,0.86,0.7008399899682711
SOL,2026-02-15,1770916500,long,0.042498004530191036,2,1,-0.07099999999999995,0.18363078629953733
SOL,2026-02-15,1770916500,short,0.07147347790601738,2,1,0.57,0.3375787990227954
SOL,2026-02-15,1770916500,long,0.07852652209398281,0,0,0.0,0.0
ETH,2026-02-15,1770916500,long,0.04841907008631319,1,0,-0.77,-0.5275200140741819
SOL,2026-02-15,1770916500,long,0.08500348174698269,1,0,0.6599999999999999,0.14584895224323213
SOL,2026-02-15,1770916500,short,0.034996518253017195,0,0,0.0,0.0
ETH,2026-02-15,1770916500,short,0.020036642822387152,1,0,-0.17000000000000004,0.03482122843505525
ETH,2026-02-15,1770916500,long,0.020148223986702574,2,1,0.8500000000000001,0.6909732739926071
BTC,2026-02-15,1770916500,long,0.030457130034520885,1,0,0.53,0.13814455743520349
BTC,2026-02-15,1770917400,short,0.02435723515952326,2,1,0.24,0.16598219781641144
BTC,2026-02-14,1770917400,short,0.026296580850209583,2,1,0.15300000000000002,0.006813397849951969
ETH,2026-02-14,1770917400,short,0.032862240428237155,1,0,-0.11599999999999999,0.21597804022777506
BTC,2026-02-14,1770917400,short,0.025250099022837924,2,1,0.26,0.1435294026619348
BTC,2026-02-14,1770918300,long,0.0212345979923394,2,1,0.84,0.6239959585155632
ETH,2026-02-13,1770919200,long,0.04163674632180148,2,1,-0.43000000000000005,-0.7862282199449896
BTC,2026-02-14,1770919200,long,0.033834913393017585,2,1,-0.22999999999999998,-0.3971440583168089
ETH,2026-02-14,1770919200,short,0.022393975841415004,1,0,-0.03400000000000003,0.10763166387315526
BTC,2026-02-15,1770920100,short,0.023633429133775863,2,1,0.16700000000000004,0.05168501391673744
ETH,2026-02-14,1770920100,long,0.02612830235590935,2,1,0.854,0.5308369127591142
SOL,2026-02-13,1770921900,long,0.03860057501907477,2,1,-0.020000000000000018,0.14215652185272198
ETH,2026-02-15,1770924600,short,0.026603553286886128,2,1,0.39,0.41121321145060835
BTC,2026-02-15,1770930000,short,0.02551774714252597,1,0,-0.061000000000000054,0.08058509342864995
BTC,2026-02-13,1770936300,long,0.02174718440132417,2,1,-0.3800000000000001,-0.5712062234345996
ETH,2026-02-14,1770936300,long,0.026987793740361976,2,1,-0.41000000000000003,-0.4684951205600014
ETH,2026-02-14,1770936300,short,0.023012206259637957,2,1,0.45999999999999996,0.5184951205600014
BTC,2026-02-15,1770936300,short,0.02233937740988501,2,1,0.29000000000000004,0.3347259174677693
SOL,2026-02-15,1770941700,long,0.049249445483320775,1,0,-0.06000000000000005,0.17550970777287075
ETH,2026-02-13,1770942600,long,0.02544713142590771,2,1,-0.21500000000000008,0.27129058781658605
ETH,2026-02-14,1770946200,long,0.021135807158052966,1,0,-0.051000000000000045,0.1486576088584597
BTC,2026-02-14,1770947100,short,0.0226324809511691,2,1,0.35,0.4182153261464491
ETH,2026-02-13,1770950700,short,0.03099344736493037,2,1,0.65,0.680510082064156
BTC,2026-02-13,1770951600,short,0.020923253247096874,2,1,0.4999999999999999,0.6041813797766872
ETH,2026-02-15,1770953400,long,0.024169777115604862,2,1,-0.18000000000000005,-0.06900611894023988
SOL,2026-02-14,1770954300,long,0.022962802445686936,0,0,0.0,0.0
ETH,2026-02-13,1770959700,short,0.022266489285691082,2,1,0.22399999999999998,-0.37864873485112605
ETH,2026-02-15,1770965100,short,0.020194602906259962,2,1,-0.801,-0.6375266456415262
BTC,2026-02-13,1770968700,short,0.022873633976727925,2,1,0.08099999999999996,-0.14307720335110993
SOL,2026-02-14,1770969600,long,0.0703943274456551,0,0,0.0,0.0
SOL,2026-02-14,1770971400,long,0.0663168559234919,1,0,0.59,-0.17089364901573667
SOL,2026-02-14,1770971400,short,0.028735238208155933,2,1,0.569,-0.10034559008902988
SOL,2026-02-13,1770971400,long,0.04221430690661365,1,0,-0.61,0.18223679752275257
ETH,2026-02-14,1770972300,long,0.02701523603033751,1,0,-0.20999999999999996,0.31769671293390644
BTC,2026-02-15,1770972300,long,0.024610800270326694,1,0,-0.37,-0.0016852829887908927
XRP,2026-02-15,1770978600,long,0.051943609842072025,0,0,0.0,0.0
XRP,2026-02-13,1770978600,long,0.09024314706660963,2,1,-0.7400000000000001,-0.44821777373613086
XRP,2026-02-15,1770978600,long,0.07023251907888661,2,1,-0.119,0.26055503685438774
XRP,2026-02-15,1770978600,long,0.022203992176872855,1,0,0.6699999999999999,0.05352941275855838
XRP,2026-02-14,1770978600,short,0.059270321878471754,2,1,0.59,0.4006881855883344
XRP,2026-02-14,1770978600,long,0.07638962812227823,1,0,-0.10999999999999999,0.2407739861927924
XRP,2026-02-14,1770978600,long,0.03848415080015899,1,0,0.7,0.15991419939554197
XRP,2026-02-15,1770978600,short,0.10821985004558926,2,1,0.5299999999999999,0.3939113215200819
XRP,2026-02-15,1770980400,short,0.020052103263902388,1,0,-0.65,-0.030412606662063912
XRP,2026-02-15,1770980400,long,0.03409939599962575,0,0,0.0,0.0
BTC,2026-02-13,1770982200,short,0.02810372550310125,2,1,0.16699999999999993,-0.273126666949104
ETH,2026-02-14,1770989400,short,0.024723321408077648,2,1,-0.6960000000000001,-0.25127006407179914
BTC,2026-02-13,1770989400,short,0.0387316559233325,2,1,-0.766,-0.22916191929221652
SOL,2026-02-14,1770992100,long,0.02382915389914131,1,0,-0.49,0.36716278193709617
SOL,2026-02-14,1770993900,short,0.05488997565519327,1,0,-0.31000000000000005,0.3336749190350282
BTC,2026-02-14,1770993900,long,0.07526125188540633,2,1,-0.08999999999999997,0.1540608146337459
BTC,2026-02-15,1770993900,short,0.036713570104472515,2,1,-0.67,-0.5180024822188206
BTC,2026-02-14,1770993900,short,0.057254378918889515,2,1,-0.639,-0.3050911770054645
ETH,2026-02-13,1770993900,short,0.19025993529847873,2,1,-0.5730000000000001,0.3898122657641183
BTC,2026-02-13,1770995700,long,0.11587060892830392,2,1,0.348,0.07479517884192377
XRP,2026-02-14,1770995700,short,0.027543627711358987,1,0,-0.49,-0.006385210851829803
XRP,2026-02-14,1770995700,long,0.02745637228864095,2,1,0.5750000000000001,0.19246282132057463
ETH,2026-02-13,1770995700,long,0.09238274016832992,2,1,0.237,-0.16085894915038212
BTC,2026-02-15,1770997500,long,0.020488532915365676,2,1,-0.19900000000000007,-0.2301185633601077
ETH,2026-02-15,1770997500,long,0.021295943175776433,2,1,-0.146,-0.07463109709493321
BTC,2026-02-14,1770998400,long,0.04096769950534562,2,1,-0.146,-0.2895978571302722
XRP,2026-02-15,1771000200,long,0.074986562024151,0,0,0.0,0.0
XRP,2026-02-14,1771000200,long,0.03887117962690012,2,1,-0.32799999999999996,0.06117839955998172
XRP,2026-02-15,1771001100,long,0.04932227393929223,0,0,0.0,0.0
XRP,2026-02-14,1771002000,long,0.03602098912694496,1,0,0.02300000000000002,0.022900969555764136
ETH,2026-02-14,1771002000,long,0.02572417889890133,2,1,-0.20299999999999999,-0.294130640705496
XRP,2026-02-14,1771002000,long,0.035497417252673635,1,0,0.01100000000000001,0.012724692582284388
XRP,2026-02-15,1771002000,short,0.10592481589470366,0,0,0.0,0.0
SOL,2026-02-16,1771002900,short,0.07098502435660081,0,0,0.0,0.0
ETH,2026-02-16,1771002900,long,0.026614644455053682,2,1,-0.22300000000000003,-0.043568420905180594
ETH,2026-02-16,1771002900,long,0.025312460582072482,1,0,-0.73,-0.4485582270127558
ETH,2026-02-16,1771002900,short,0.02468753941792734,2,1,0.44,0.47604936576194207
BTC,2026-02-16,1771002900,long,0.0418035799866634,2,1,-0.21000000000000002,-0.13354825028349104
SOL,2026-02-15,1771002900,long,0.0520413143991485,2,1,-0.14900000000000002,0.03259367335486532
XRP,2026-02-16,1771002900,short,0.07157153412644446,1,0,0.47,0.19491442338984588
SOL,2026-02-15,1771002900,short,0.1023747906478108,1,0,-0.16000000000000003,0.027825953555707522
SOL,2026-02-16,1771002900,long,0.044444626271013865,0,0,0.0,0.0
SOL,2026-02-16,1771002900,long,0.05543676809069753,0,0,0.0,0.0
XRP,2026-02-14,1771002900,short,0.03289954036175724,2,1,0.399,0.02384196036395103
XRP,2026-02-14,1771002900,long,0.02310045963824292,2,1,-0.34299999999999997,0.03215803963604902
XRP,2026-02-16,1771002900,short,0.0507364995897015,2,1,-0.5800000000000001,-0.4975101078608343
ETH,2026-02-16,1771002900,short,0.03628234824003462,2,1,-0.78,-0.6177157077826986
ETH,2026-02-16,1771002900,long,0.025312460582072482,1,0,-0.73,-0.4485582270127558
ETH,2026-02-16,1771002900,short,0.02468753941792734,2,1,0.44,0.47604936576194207
ETH,2026-02-15,1771003800,long,0.022878242910691293,2,1,0.504,0.47031072752259534
ETH,2026-02-15,1771003800,short,0.03690771450527841,2,1,0.263,0.09834940623651206
XRP,2026-02-15,1771004700,long,0.020386490932588375,0,0,0.0,0.0
ETH,2026-02-16,1771004700,long,0.02514798621039427,1,0,0.01200000000000001,0.03835674486922686
BTC,2026-02-16,1771004700,short,0.02230627976427957,2,1,-0.7899999999999999,-0.7181050796803607
SOL,2026-02-16,1771004700,long,0.06523617443699758,0,0,0.0,0.0
XRP,2026-02-16,1771006500,long,0.022803723363020945,1,0,-0.43000000000000005,-0.13006583823277323
XRP,2026-02-16,1771006500,short,0.06719627663697891,0,0,0.0,0.0
BTC,2026-02-16,1771007400,short,0.028086473883070173,2,1,0.3499999999999999,0.36389629511886196
SOL,2026-02-16,1771009200,long,0.025260451740145573,0,0,0.0,0.0
SOL,2026-02-16,1771009200,short,0.07473954825985424,0,0,0.0,0.0
ETH,2026-02-16,1771009200,long,0.026462692496397544,2,1,-0.22300000000000003,-0.03725909146726081
ETH,2026-02-16,1771009200,short,0.021537307503602388,1,0,-0.06899999999999999,0.057333848617983976
SOL,2026-02-15,1771010100,long,0.04653923829978268,0,0,0.0,0.0
ETH,2026-02-14,1771011900,long,0.028251234654243618,2,1,-0.11199999999999999,0.0010928629867952705
ETH,2026-02-15,1771011900,long,0.020223262837443023,2,1,-0.17000000000000004,-0.30691819274497656
ETH,2026-02-14,1771013700,long,0.026976383672023818,2,1,0.28900000000000003,0.3006484439534896
BTC,2026-02-14,1771014600,long,0.02040945249312487,2,1,0.31399999999999995,0.24327212658270514
ETH,2026-02-16,1771016400,long,0.024515446551548692,1,0,0.72,0.4548359134301297
BTC,2026-02-16,1771017300,long,0.02136240135531864,1,0,-0.67,-0.5064723889397759
BTC,2026-02-14,1771024500,long,0.022340140175228562,2,1,-0.09699999999999998,0.10055524456060733
ETH,2026-02-16,1771031700,long,0.02088761986796306,0,0,0.0,0.0
ETH,2026-02-15,1771051500,short,0.062437305572533464,2,1,-0.31500000000000006,-0.2886894490979879
ETH,2026-02-15,1771053300,long,0.035663765283183047,1,0,-0.13,-0.3433043621841295
BTC,2026-02-15,1771056000,long,0.02569599914367182,2,1,-0.136,-0.16375403642462388
BTC,2026-02-15,1771058700,long,0.020333904615379872,2,1,0.5399999999999999,0.45896761514904494
ETH,2026-02-14,1771058700,short,0.029141743086168126,2,1,0.17699999999999996,0.23186112855351496
BTC,2026-02-14,1771058700,short,0.038961689640898856,2,1,0.322,0.35194408432213486
BTC,2026-02-15,1771070400,short,0.021323365591806254,2,1,0.532,0.3844264946170655
ETH,2026-02-16,1771089300,long,0.0221722224759906,2,1,-0.4,-0.5855170206585029
BTC,2026-02-16,1771089300,long,0.024352826547309192,2,1,-0.303,-0.16004597980349655
ETH,2026-02-17,1771089300,long,0.032480709235783944,1,0,-0.77,-0.48602546633242955
BTC,2026-02-17,1771089300,long,0.020687135227810183,2,1,-0.26,-0.33241506579583113
ETH,2026-02-15,1771090200,short,0.022745744853961414,2,1,0.35200000000000004,-0.09897223784435816
ETH,2026-02-15,1771090200,long,0.023940477626065215,2,1,0.44900000000000007,0.09290842066661609
ETH,2026-02-17,1771090200,short,0.031051211473306695,2,1,0.13300000000000006,-0.00503191309977985
ETH,2026-02-17,1771090200,long,0.024131212948605762,1,0,0.17900000000000005,-0.046843959202648805
BTC,2026-02-17,1771090200,long,0.020072458554102113,2,1,-0.25000000000000006,-0.15747559402718042
BTC,2026-02-17,1771091100,short,0.025732636619671734,2,1,0.14799999999999996,0.020558393755644805
ETH,2026-02-17,1771092900,short,0.03145048824143881,1,0,0.78,0.49690597424376176
ETH,2026-02-17,1771092900,long,0.03854951175856103,1,0,-0.76,-0.47690597424376174
BTC,2026-02-17,1771094700,long,0.022683328551075466,2,1,0.85,0.7133812300674197
ETH,2026-02-17,1771095600,short,0.02186606009419445,2,1,-0.8200000000000001,-0.6463420841184278
ETH,2026-02-17,1771096500,long,0.02212561687108927,1,0,-0.045000000000000005,0.03951813987376481
ETH,2026-02-17,1771100100,long,0.020033760355006036,2,1,0.8500000000000001,0.6604760083514356
ETH,2026-02-16,1771101000,short,0.03815416923471393,1,0,0.43999999999999995,-0.0786610776298935
ETH,2026-02-17,1771103700,short,0.025591557637429152,1,0,-0.17900000000000002,0.09141077156288499
BTC,2026-02-17,1771104600,short,0.030811070222648507,2,1,0.30000000000000004,0.38667479498585655
BTC,2026-02-17,1771105500,short,0.020616301661021574,2,1,-0.83,-0.6969923429166536
BTC,2026-02-16,1771108200,long,0.02311210063235536,2,1,-0.32000000000000006,-0.4638750533385365
BTC,2026-02-17,1771112700,short,0.021007140245048572,2,1,0.29,0.1956998680904522
BTC,2026-02-15,1771113600,long,0.023081974822678042,2,1,-0.37999999999999995,-0.1935518808098627
BTC,2026-02-17,1771118100,long,0.030664529921426542,2,1,-0.13999999999999996,0.030028332421998594
BTC,2026-02-15,1771124400,short,0.027155535619754756,2,1,-0.41,-0.34385211852527137
ETH,2026-02-15,1771126200,long,0.02354755585981594,2,1,-0.155,0.09463545953521793
ETH,2026-02-16,1771126200,short,0.020471988438089506,2,1,0.49,0.5127562683076194
BTC,2026-02-16,1771126200,short,0.06257500246332637,1,0,0.78,0.5607697812223184
ETH,2026-02-15,1771127100,long,0.02527835961586633,2,1,-0.129,-0.32146232089399324
ETH,2026-02-16,1771129800,long,0.02022204478938483,1,0,0.07499999999999996,-0.087675348886634
BTC,2026-02-16,1771141500,long,0.03977478436839044,2,1,-0.19100000000000006,0.20872028778707447
BTC,2026-02-15,1771145100,long,0.03182112935529391,2,1,0.6890000000000001,0.23706904573524495
ETH,2026-02-15,1771149600,short,0.02506201754733975,2,1,-0.21100000000000005,0.12257784856400647
BTC,2026-02-15,1771156800,short,0.02862772435122496,2,1,0.6659999999999999,0.1433995915539219
ETH,2026-02-16,1771160400,long,0.07039164048996582,2,1,0.701,0.5809892621665556
ETH,2026-02-17,1771160400,short,0.03347257188068309,1,0,0.14,0.21005429269991516
ETH,2026-02-17,1771175700,long,0.02161229572952128,1,0,-0.5,-0.39664244051135344
BTC,2026-02-18,1771175700,long,0.02451724419441259,2,1,0.82,0.7403542431437937
BTC,2026-02-17,1771175700,long,0.044552657264013806,2,1,-0.29000000000000004,-0.29508396070266263
BTC,2026-02-18,1771175700,short,0.023474576524397217,2,1,0.22,0.1433058713956873
BTC,2026-02-18,1771175700,long,0.03391068759952942,2,1,-0.22999999999999998,-0.23325858110853673
ETH,2026-02-18,1771176600,long,0.0222927323448201,1,0,-0.48,-0.39160395766682105
ETH,2026-02-18,1771176600,long,0.03285536049595583,1,0,0.21999999999999997,0.2846597392926745
BTC,2026-02-18,1771177500,short,0.02429758793612946,2,1,0.13,0.2075743830334717
BTC,2026-02-16,1771177500,short,0.025011995252576802,2,1,-0.716,-0.5841240728115054
BTC,2026-02-18,1771177500,long,0.025140633487571007,2,1,-0.16999999999999998,-0.09728112337152428
ETH,2026-02-18,1771177500,short,0.04208342987518365,1,0,0.28,0.32115698250136804
ETH,2026-02-17,1771177500,long,0.03106037150710894,2,1,-0.06799999999999996,-0.0559011016721187
ETH,2026-02-16,1771177500,long,0.07706823460265166,2,1,-0.29,-0.24278198843300416
BTC,2026-02-17,1771177500,short,0.025748672231865166,1,0,0.15000000000000002,0.26191787370452846
ETH,2026-02-18,1771177500,long,0.030770582453461204,1,0,-0.14,-0.10545756200008682
ETH,2026-02-18,1771179300,short,0.030347247823897416,1,0,-0.39,-0.37892550791496715
BTC,2026-02-18,1771179300,short,0.020161325290064647,2,1,0.10000000000000002,0.03884284112421504
ETH,2026-02-16,1771180200,short,0.02361656750593122,2,1,0.16499999999999992,0.1551952117829863
BTC,2026-02-18,1771181100,short,0.021433825449216903,2,1,-0.77,-0.7123628566977998
ETH,2026-02-17,1771182000,short,0.02231663811235529,1,0,-0.09999999999999999,-0.1317860223745931
BTC,2026-02-17,1771182900,long,0.027129503156201995,2,1,0.73,0.6951418730277592
BTC,2026-02-16,1771182900,short,0.02236223590649178,2,1,0.12700000000000003,0.09900774354696368
ETH,2026-02-18,1771184700,short,0.027939090889015694,1,0,0.32000000000000006,0.4162874616424337
ETH,2026-02-18,1771184700,long,0.04647913969890549,1,0,-0.35,-0.24205248623465186
ETH,2026-02-17,1771185600,long,0.03666686515436224,2,1,-0.21600000000000008,-0.14366891451241193
ETH,2026-02-17,1771186500,long,0.03773978980517567,2,1,0.64,0.6371376898892517
ETH,2026-02-18,1771187400,long,0.022754305554606447,1,0,-0.119,-0.08574655969346759
BTC,2026-02-18,1771191000,long,0.020822371122187988,2,1,-0.1100000000000001,-0.18693837382073675
ETH,2026-02-18,1771193700,short,0.0237701769094375,0,0,0.0,0.0
ETH,2026-02-17,1771194600,short,0.029581512500109985,0,0,0.0,0.0
BTC,2026-02-16,1771194600,long,0.03294906678778897,2,1,-0.49,-0.4920423590893099
BTC,2026-02-16,1771198200,long,0.0267227538951762,2,1,0.7409999999999999,0.6123041700326266
BTC,2026-02-17,1771199100,short,0.0289134672621032,2,1,0.21000000000000008,0.12475096467433412
SOL,2026-02-18,1771205400,long,0.0398579581340921,0,0,0.0,0.0
SOL,2026-02-17,1771205400,long,0.02429074302315959,2,1,-0.08999999999999997,-0.16278062635776797
SOL,2026-02-17,1771206300,long,0.021621929721383992,0,0,0.0,0.0
SOL,2026-02-18,1771206300,long,0.02309862788933148,0,0,0.0,0.0
SOL,2026-02-18,1771207200,short,0.023223793551268357,0,0,0.0,0.0
SOL,2026-02-17,1771209900,short,0.0270844117052767,1,0,-0.11199999999999999,-0.1826041729973435
SOL,2026-02-16,1771209900,short,0.023280764395489817,2,1,-0.10200000000000004,-0.05592092890657866
BTC,2026-02-18,1771212600,short,0.02321667584099052,0,0,0.0,0.0
BTC,2026-02-16,1771216200,long,0.020178106648217176,2,1,-0.166,0.0005984990306094617
BTC,2026-02-16,1771218000,short,0.028026845518561383,2,1,0.5599999999999999,0.5391984421247921
SOL,2026-02-16,1771231500,long,0.04314814075613538,1,0,0.04500000000000004,0.014412796285876512
BTC,2026-02-17,1771245000,long,0.023601532220566934,2,1,-0.29000000000000004,-0.04855615344516426
ETH,2026-02-16,1771247700,long,0.021795879836168375,2,1,0.666,0.1591629487404539
ETH,2026-02-16,1771248600,short,0.1300086045471519,2,1,0.29800000000000004,0.2757998952566239
ETH,2026-02-17,1771255800,short,0.021143269637624362,2,1,0.16499999999999992,0.13154447387350163
XRP,2026-02-18,1771256700,short,0.057073608182564906,0,0,0.0,0.0
XRP,2026-02-18,1771256700,long,0.04440527448645115,2,1,-0.25000000000000006,-0.22622450724443505
XRP,2026-02-18,1771256700,long,0.05844327503850888,1,0,0.38,0.33889561146134695
XRP,2026-02-17,1771256700,long,0.06122262401647727,1,0,0.35,0.3782644397178641
XRP,2026-02-18,1771256700,long,0.03540665329601422,0,0,0.0,0.0
XRP,2026-02-17,1771256700,long,0.03711131677151669,1,0,0.049000000000000044,0.05447529433176278
XRP,2026-02-16,1771256700,short,0.03411519717024725,1,0,0.07999999999999996,0.1393252923425779
XRP,2026-02-16,1771258500,long,0.03311797017224172,1,0,-0.15000000000000002,-0.09575446417973468
XRP,2026-02-18,1771258500,long,0.02746917651007985,1,0,-0.107,-0.04439559514329022
XRP,2026-02-17,1771258500,short,0.06557247839791924,2,1,-0.478,-0.43397704360183526
XRP,2026-02-18,1771258500,short,0.05011563784480255,2,1,-0.583,-0.5392619539539275
SOL,2026-02-19,1771262100,long,0.047780292131053725,0,0,0.0,0.0
BTC,2026-02-17,1771262100,long,0.025194265139280914,2,1,-0.31,-0.2876058632364229
BTC,2026-02-19,1771262100,long,0.03518942882301879,1,0,0.47,0.2995799145158402
BTC,2026-02-19,1771262100,short,0.03275883302212368,2,1,0.08799999999999997,0.1297280763433687
BTC,2026-02-19,1771262100,long,0.03132850857248992,1,0,0.24,0.10429076322555061
SOL,2026-02-19,1771262100,short,0.031978819111874945,1,0,-0.27,-0.42407187300460275
BTC,2026-02-19,1771262100,short,0.030900399913993737,1,0,-0.132,-0.22364314450061498
XRP,2026-02-19,1771262100,long,0.029941678317581433,0,0,0.0,0.0
XRP,2026-02-19,1771262100,long,0.03208020182238447,1,0,0.051000000000000045,-0.015066197541440632
SOL,2026-02-19,1771262100,short,0.02862166683059375,0,0,0.0,0.0
XRP,2026-02-19,1771262100,long,0.06403627998068706,2,1,-0.25,-0.12498068627940145
ETH,2026-02-19,1771262100,short,0.028072572617931724,1,0,-0.26,-0.39326497406361205
BTC,2026-02-18,1771262100,long,0.0419537347381147,1,0,0.20999999999999996,0.1433219898826322
XRP,2026-02-18,1771262100,short,0.03329396940230234,0,0,0.0,0.0
XRP,2026-02-18,1771262100,long,0.0207060305976976,1,0,0.039000000000000035,0.06457370089798303
XRP,2026-02-19,1771262100,short,0.03602758788219873,1,0,-0.78,-0.5362512276620099
XRP,2026-02-19,1771262100,short,0.0629674260364067,1,0,-0.41000000000000003,-0.07768502240292785
ETH,2026-02-19,1771262100,long,0.03852567957051933,1,0,0.15000000000000002,0.055432878025186996
XRP,2026-02-19,1771263000,short,0.030417441473179485,1,0,0.48,0.13740539039360644
XRP,2026-02-19,1771263000,long,0.039582558526820355,2,1,-0.27999999999999997,-0.1557371354817238
SOL,2026-02-19,1771263000,long,0.054165444716638644,0,0,0.0,0.0
ETH,2026-02-19,1771263000,long,0.023497413553082103,1,0,-0.22999999999999998,-0.37361589000442796
BTC,2026-02-18,1771263000,long,0.02300398384570812,2,1,0.74,0.7106442091477275
BTC,2026-02-19,1771263000,long,0.026263698150142067,2,1,-0.13000000000000003,-0.0632354979951829
XRP,2026-02-19,1771263000,long,0.03167560406637315,0,0,0.0,0.0
ETH,2026-02-18,1771263000,long,0.030134203542129256,1,0,0.12,0.10820587368405589
BTC,2026-02-18,1771263900,short,0.025664116189464625,2,1,0.18,0.12556768872193846
ETH,2026-02-19,1771266600,short,0.020063376077923967,2,1,0.12000000000000002,0.05059170673955388
ETH,2026-02-18,1771266600,short,0.025973156464784042,1,0,-0.18000000000000005,-0.2048356849327646
XRP,2026-02-19,1771267500,short,0.021920271921991197,0,0,0.0,0.0
ETH,2026-02-18,1771267500,long,0.02264534364921289,2,1,0.6099999999999999,0.6060628459341916
BTC,2026-02-19,1771271100,short,0.020813841678842593,2,1,-0.75,-0.7054031004509594
BTC,2026-02-19,1771271100,short,0.025677928555680185,2,1,0.28,0.24556479814137533
BTC,2026-02-19,1771271100,long,0.02432207144431997,2,1,-0.22999999999999998,-0.19556479814137528
ETH,2026-02-19,1771271100,short,0.029208419353291215,2,1,0.18199999999999994,0.2639078323190629
ETH,2026-02-17,1771272900,long,0.023767060491305836,1,0,0.33999999999999997,0.36799938847353725
SOL,2026-02-19,1771272900,short,0.04729489977384804,0,0,0.0,0.0
SOL,2026-02-19,1771272900,long,0.02270510022615202,0,0,0.0,0.0
XRP,2026-02-18,1771273800,long,0.022921970799684166,2,1,-0.16300000000000003,-0.21824654420501485
ETH,2026-02-18,1771273800,short,0.02314399574570991,0,0,0.0,0.0
BTC,2026-02-18,1771273800,short,0.024843847983720524,1,0,0.54,0.3754404954322491
ETH,2026-02-19,1771275600,long,0.020017802841916454,2,1,0.6799999999999999,0.6038604603127578
SOL,2026-02-19,1771275600,long,0.055971653799386845,1,0,-0.21000000000000002,0.0008285604770885691
ETH,2026-02-17,1771278300,long,0.02239222653686146,1,0,0.049000000000000044,0.03423121179525086
BTC,2026-02-18,1771278300,long,0.029664740657660005,2,1,-0.09499999999999997,-0.185707122411028
BTC,2026-02-18,1771278300,short,0.026691887446340323,1,0,-0.14,-0.2778312414208446
SOL,2026-02-19,1771279200,short,0.021920232079881585,1,0,0.27,0.017370024652041904
ETH,2026-02-17,1771280100,short,0.027960039042421947,2,1,0.419,0.34077789936734004
ETH,2026-02-17,1771281000,short,0.02230714697810371,2,1,-0.47000000000000003,-0.3920668503742507
ETH,2026-02-19,1771284600,short,0.02393567793805984,2,1,0.33999999999999997,0.244990194865733
ETH,2026-02-19,1771284600,long,0.026064322061940093,1,0,0.17999999999999994,0.009883563906341264
BTC,2026-02-17,1771285500,short,0.030077995621321296,2,1,0.16599999999999995,0.009292304291568299
BTC,2026-02-17,1771285500,long,0.020300631753789933,2,1,0.741,0.5410298187558048
SOL,2026-02-19,1771291800,long,0.033659050024518855,0,0,0.0,0.0
SOL,2026-02-18,1771291800,short,0.022287213911069248,2,1,0.24800000000000003,-0.01670541659073002
SOL,2026-02-17,1771292700,long,0.026619403775176798,2,1,0.18599999999999994,0.026584495618767495
SOL,2026-02-18,1771292700,long,0.03799266363668874,1,0,0.28,-0.009593454054173112
SOL,2026-02-18,1771293600,short,0.07270523161417608,2,1,-0.31999999999999995,-0.25438458721526447
SOL,2026-02-17,1771296300,short,0.027034304094479433,2,1,-0.22100000000000003,0.004116758046850688
SOL,2026-02-18,1771299000,long,0.06971928716990261,1,0,-0.24000000000000002,0.037816027086034515
ETH,2026-02-18,1771316100,long,0.03884767880456086,1,0,0.041000000000000036,0.050305195105297615
BTC,2026-02-19,1771320600,short,0.021917942482376107,2,1,0.16999999999999998,0.07384343774371886
ETH,2026-02-19,1771326000,long,0.020412490137971195,1,0,-0.09,-0.014233127425922226
BTC,2026-02-17,1771329600,short,0.020096655291663268,2,1,0.03599999999999992,0.052820775669300185
SOL,2026-02-18,1771332300,long,0.04406953839584493,0,0,0.0,0.0
BTC,2026-02-18,1771339500,short,0.028389536035179685,2,1,0.23099999999999998,0.23031427495428802
BTC,2026-02-18,1771339500,short,0.026212473550906723,2,1,0.06699999999999995,0.0666504500947212
BTC,2026-02-19,1771340400,long,0.02572698334385759,2,1,-0.19299999999999995,-0.22207177074941123
ETH,2026-02-18,1771343100,short,0.036225177918458806,2,1,0.26000000000000006,0.3152773824473021
BTC,2026-02-19,1771345800,long,0.02069631402031824,1,0,-0.030000000000000027,-0.06695380624550036
BTC,2026-02-20,1771348500,long,0.025545829100492856,1,0,0.19999999999999996,0.2389067691895851
ETH,2026-02-19,1771348500,short,0.026053451050491838,2,1,-0.5700000000000001,-0.5443558546791472
SOL,2026-02-19,1771348500,short,0.02791417109993377,2,1,0.239,0.37690555671300807
ETH,2026-02-20,1771348500,long,0.024159972925576145,2,1,0.68,0.679921533260069
ETH,2026-02-20,1771348500,long,0.0400765976699935,1,0,0.15000000000000002,0.14960423031539158
BTC,2026-02-20,1771348500,long,0.03598138410031915,1,0,0.41999999999999993,0.4741514171385711
BTC,2026-02-18,1771348500,long,0.03655044564717591,2,1,-0.26000000000000006,-0.23842859442179692
BTC,2026-02-20,1771349400,short,0.0267302298477492,1,0,-0.14,-0.12243984797362902
ETH,2026-02-20,1771349400,short,0.022172388516250474,0,0,0.0,0.0
ETH,2026-02-20,1771349400,long,0.02782761148374946,2,1,0.69,0.6857227680371468
BTC,2026-02-19,1771350300,long,0.025146970407431413,1,0,0.33999999999999997,0.2457177748851586
ETH,2026-02-19,1771350300,long,0.028840525060294775,1,0,0.08999999999999997,0.029510589480782667
BTC,2026-02-20,1771350300,long,0.02305300247063835,1,0,-0.02100000000000002,-0.0062293150471138484
ETH,2026-02-20,1771350300,short,0.027916950040661304,1,0,-0.09999999999999998,-0.09262858746371844
SOL,2026-02-19,1771351200,short,0.02777682172506568,1,0,-0.24,-0.3998052600130352
SOL,2026-02-19,1771351200,long,0.022223178274934252,0,0,0.0,0.0
ETH,2026-02-20,1771351200,short,0.021817459072116296,1,0,0.15000000000000002,0.1486817127223726
ETH,2026-02-19,1771353000,long,0.025487849581389277,1,0,0.03600000000000003,-0.00637305860232306
BTC,2026-02-20,1771353900,short,0.021363415725801693,2,1,0.18000000000000002,0.16912335432976944
ETH,2026-02-20,1771354800,long,0.021432510494380885,1,0,0.05999999999999994,0.09290210177299102
ETH,2026-02-18,1771356600,short,0.031885035990397936,2,1,-0.56,-0.43948798472141903
BTC,2026-02-19,1771356600,long,0.027472117723695177,2,1,-0.2700000000000001,-0.20277233311243692
ETH,2026-02-18,1771356600,long,0.03935875935037325,2,1,-0.40900000000000003,-0.2905171592366622
XRP,2026-02-18,1771358400,long,0.023939221058611126,2,1,-0.352,-0.20412664015128645
XRP,2026-02-18,1771358400,short,0.022123707098573364,2,1,-0.44900000000000007,-0.3361961369544884
SOL,2026-02-20,1771358400,long,0.05106906246289622,0,0,0.0,0.0
SOL,2026-02-20,1771358400,short,0.0269360556961753,1,0,-0.03,-0.026141520803968428
XRP,2026-02-20,1771358400,long,0.07101760702766557,0,0,0.0,0.0
XRP,2026-02-20,1771358400,long,0.044864535675676276,1,0,0.44999999999999996,0.23893387640635447
SOL,2026-02-19,1771359300,long,0.049953509030202126,0,0,0.0,0.0
XRP,2026-02-19,1771359300,long,0.02630282721438504,1,0,0.07999999999999996,-0.07316818270246475
XRP,2026-02-20,1771359300,short,0.027006809372049467,0,0,0.0,0.0
XRP,2026-02-20,1771359300,long,0.032993190627950586,1,0,0.42999999999999994,0.24461843159889
XRP,2026-02-19,1771359300,short,0.03162233835022643,1,0,0.84,0.5703066313016656
XRP,2026-02-20,1771359300,long,0.02744743763219537,0,0,0.0,0.0
SOL,2026-02-20,1771360200,short,0.020966014198770866,1,0,-0.03500000000000003,-0.038453966897345204
BTC,2026-02-20,1771361100,long,0.02103967558210984,2,1,-0.04799999999999993,-0.05203931513036241
BTC,2026-02-19,1771362000,short,0.02019627677454139,2,1,-0.6799999999999999,-0.6310433431257079
ETH,2026-02-19,1771362000,long,0.021834253796020775,2,1,0.64,0.5203389178538643
SOL,2026-02-20,1771362900,long,0.026999573894756823,0,0,0.0,0.0
BTC,2026-02-20,1771363800,short,0.02800376260580839,2,1,-0.72,-0.7220778747080314
SOL,2026-02-20,1771363800,long,0.023770380742700548,0,0,0.0,0.0
XRP,2026-02-19,1771363800,long,0.03504666286382463,1,0,0.015000000000000013,0.06665417197193477
SOL,2026-02-20,1771364700,short,0.022062820139514827,0,0,0.0,0.0
SOL,2026-02-20,1771364700,long,0.03793717986048506,0,0,0.0,0.0
ETH,2026-02-20,1771368300,long,0.02995982538582731,1,0,-0.48,-0.36382741804704805
ETH,2026-02-20,1771368300,short,0.020040174614172512,1,0,-0.18000000000000002,-0.1005547297673319
XRP,2026-02-20,1771369200,short,0.021765687387562682,0,0,0.0,0.0
XRP,2026-02-20,1771369200,short,0.020602649681581986,1,0,-0.060000000000000005,-0.041132728758194854
XRP,2026-02-20,1771369200,short,0.022066898017585324,0,0,0.0,0.0
XRP,2026-02-20,1771369200,long,0.05093310198241463,0,0,0.0,0.0
BTC,2026-02-18,1771370100,long,0.030769282348136917,2,1,0.52,0.4820133691604362
ETH,2026-02-18,1771377300,long,0.027713450225298697,2,1,0.396,0.38504989790181243
BTC,2026-02-20,1771380000,short,0.029085531558310174,2,1,0.2299999999999999,0.2502613387301204
BTC,2026-02-19,1771380900,short,0.02742913102407485,2,1,0.27,0.2217335936689457
ETH,2026-02-20,1771380900,long,0.020344911163661106,1,0,0.039000000000000035,0.024170466196276344
BTC,2026-02-20,1771388100,long,0.02084904565370227,1,0,-0.27,-0.2529325331608237
BTC,2026-02-19,1771389000,long,0.03224216700912308,2,1,-0.09399999999999997,-0.0022902256325810083
SOL,2026-02-18,1771389900,short,0.02561900857230795,2,1,-0.05100000000000002,-0.04430088665180941
BTC,2026-02-18,1771396200,short,0.02400484957821658,2,1,-0.51,-0.320291413852142
SOL,2026-02-18,1771398000,long,0.027851930514534384,2,1,0.07700000000000007,0.08364634902741605
BTC,2026-02-18,1771423200,short,0.03503175444959872,2,1,0.13799999999999993,0.10045980740663774
ETH,2026-02-18,1771423200,short,0.03921196473749422,2,1,0.040999999999999925,0.04094692586814668
BTC,2026-02-18,1771425900,short,0.05812568994354095,2,1,0.07899999999999996,0.08220053484829148
ETH,2026-02-19,1771425900,short,0.023226857020601788,2,1,0.307,0.12139724387483736
BTC,2026-02-21,1771434900,long,0.03819800887635871,1,0,0.36,0.20940197734596339
ETH,2026-02-21,1771434900,long,0.02090379914260243,1,0,0.22999999999999998,0.20004272168386447
SOL,2026-02-21,1771434900,short,0.05363483868249369,0,0,0.0,0.0
ETH,2026-02-21,1771434900,short,0.022401918769851425,0,0,0.0,0.0
ETH,2026-02-20,1771434900,long,0.020005583375323877,1,0,0.18999999999999995,0.22263367757608338
BTC,2026-02-20,1771434900,long,0.03294658718796639,2,1,0.7,0.7045466558177845
BTC,2026-02-21,1771434900,short,0.026649201693219382,1,0,0.36,0.20940197734596339
BTC,2026-02-21,1771435800,long,0.030482608796762234,1,0,0.62,0.4664310239467442
ETH,2026-02-20,1771435800,long,0.020628098673898254,1,0,-0.37,-0.33024501477201174
BTC,2026-02-19,1771436700,long,0.03331930879684597,2,1,0.56,0.5482376635982458
ETH,2026-02-21,1771437600,long,0.02169327484027983,1,0,0.07099999999999995,0.05607590660246995
ETH,2026-02-21,1771438500,short,0.02185652251940684,1,0,-0.38,-0.4310057956490102
BTC,2026-02-19,1771438500,short,0.02248376471063296,2,1,0.22499999999999998,0.32703527158162105
BTC,2026-02-21,1771439400,short,0.02995256534728563,2,1,0.11099999999999988,0.05572744037577628
BTC,2026-02-19,1771440300,short,0.025962207462314257,2,1,0.08599999999999997,0.08593234628891384
SOL,2026-02-21,1771440300,short,0.04824237910357365,1,0,0.43999999999999995,0.13647703885598117
SOL,2026-02-21,1771440300,short,0.02494509873987444,1,0,-0.05,-0.16338285205198036
SOL,2026-02-21,1771440300,long,0.02505490126012555,1,0,0.43999999999999995,0.13647703885598117
XRP,2026-02-21,1771441200,short,0.03200357118339814,0,0,0.0,0.0
XRP,2026-02-21,1771441200,long,0.04799642881660171,0,0,0.0,0.0
XRP,2026-02-21,1771441200,short,0.05747811695126159,0,0,0.0,0.0
XRP,2026-02-21,1771441200,long,0.032521883048738154,0,0,0.0,0.0
XRP,2026-02-21,1771441200,short,0.03200357118339814,0,0,0.0,0.0
XRP,2026-02-21,1771441200,long,0.04799642881660171,0,0,0.0,0.0
XRP,2026-02-21,1771441200,short,0.05747811695126159,0,0,0.0,0.0
XRP,2026-02-21,1771441200,long,0.032521883048738154,0,0,0.0,0.0
XRP,2026-02-21,1771441200,long,0.042523967661317386,1,0,0.09499999999999997,0.09614939868090687
XRP,2026-02-21,1771441200,short,0.03847603233868235,0,0,0.0,0.0
BTC,2026-02-21,1771441200,long,0.02521280149880134,2,1,-0.21000000000000008,-0.13953181078890178
XRP,2026-02-21,1771441200,long,0.042523967661317386,1,0,0.09499999999999997,0.09614939868090687
XRP,2026-02-21,1771441200,short,0.03847603233868235,0,0,0.0,0.0
BTC,2026-02-21,1771442100,short,0.022512753471744196,2,1,0.052999999999999936,0.0012213630984373308
XRP,2026-02-20,1771443900,long,0.021506496671435782,0,0,0.0,0.0
ETH,2026-02-20,1771443900,long,0.03824873447452215,2,1,-0.23199999999999998,-0.15315112897353325
ETH,2026-02-21,1771443900,short,0.028345426975369237,0,0,0.0,0.0
XRP,2026-02-20,1771444800,long,0.02742071396122192,0,0,0.0,0.0
BTC,2026-02-21,1771444800,short,0.02155932653949344,2,1,0.07899999999999999,0.15263522755952633
ETH,2026-02-19,1771444800,short,0.021245862955909578,2,1,0.22299999999999998,0.29891675333904716
ETH,2026-02-20,1771444800,short,0.02325655283549677,2,1,0.06599999999999995,0.03890263194843684
SOL,2026-02-20,1771444800,long,0.04057550828475831,0,0,0.0,0.0
XRP,2026-02-20,1771444800,long,0.07511973218276324,1,0,0.42000000000000004,0.3842265786945831
XRP,2026-02-19,1771445700,short,0.04568880406942627,2,1,0.64,0.5211683731305956
XRP,2026-02-19,1771445700,long,0.024311195930573737,2,1,-0.5700000000000001,-0.4511683731305956
XRP,2026-02-19,1771445700,short,0.04568880406942627,2,1,0.64,0.5211683731305956
XRP,2026-02-19,1771445700,long,0.024311195930573737,2,1,-0.5700000000000001,-0.4511683731305956
XRP,2026-02-20,1771445700,long,0.07732337027940406,1,0,0.118,0.11242612756577347
XRP,2026-02-20,1771446600,long,0.05860485474531707,1,0,0.4,0.3728744598834456
XRP,2026-02-20,1771446600,short,0.041395145254682686,0,0,0.0,0.0
SOL,2026-02-21,1771446600,long,0.021883964095496866,1,0,-0.41000000000000003,-0.0892460161852297
SOL,2026-02-21,1771446600,short,0.023116035904503174,0,0,0.0,0.0
SOL,2026-02-19,1771447500,long,0.04200826119117407,2,1,0.362,0.4294810557657475
ETH,2026-02-19,1771448400,long,0.04444973866893531,2,1,0.4099999999999999,0.43120453202953896
SOL,2026-02-20,1771450200,long,0.02745064784339646,1,0,0.03500000000000003,0.019656496402513705
XRP,2026-02-21,1771450200,long,0.04705614641206002,0,0,0.0,0.0
XRP,2026-02-19,1771451100,long,0.06084381014351692,1,0,0.71,0.4880102028057649
BTC,2026-02-20,1771452900,short,0.020059887820537803,1,0,-0.06300000000000006,0.00789604353903238
ETH,2026-02-19,1771453800,long,0.022282156085829286,2,1,-0.19399999999999995,-0.2737840484610481
BTC,2026-02-20,1771453800,long,0.026874593043281436,2,1,-0.15999999999999995,-0.26429264186301454
XRP,2026-02-20,1771455600,short,0.03373327615112909,1,0,0.12,0.1056644444763098
SOL,2026-02-20,1771458300,short,0.02271311977842333,0,0,0.0,0.0
ETH,2026-02-19,1771458300,short,0.024131950362079213,2,1,-0.33,-0.311268412686771
BTC,2026-02-19,1771460100,long,0.02656230586420083,2,1,-0.29500000000000004,-0.30630904939676973
ETH,2026-02-21,1771460100,short,0.020158389090892848,1,0,-0.07399999999999995,-0.027498803955315357
ETH,2026-02-21,1771461900,long,0.022893120930895128,1,0,0.08999999999999997,0.13414621286462783
ETH,2026-02-19,1771463700,long,0.034689435927271806,1,0,-0.27,0.06100025193945613
SOL,2026-02-21,1771465500,long,0.02488730983023535,0,0,0.0,0.0
ETH,2026-02-20,1771470000,long,0.02976347061427842,1,0,0.35,0.33853583765708095
ETH,2026-02-20,1771470000,short,0.020236529385721624,1,0,-0.19000000000000006,-0.19853249006636978
BTC,2026-02-19,1771474500,short,0.03596702183075323,2,1,-0.39999999999999997,-0.4020848994164625
BTC,2026-02-20,1771475400,short,0.024363615643720915,2,1,-0.62,-0.618193838218284
BTC,2026-02-19,1771483500,long,0.023798469415321488,2,1,-0.193,-0.009725199611682084
BTC,2026-02-21,1771498800,short,0.02063461360753016,2,1,0.36,0.3638351113305851
BTC,2026-02-20,1771499700,long,0.020297958996259968,2,1,-0.20000000000000007,-0.1139586084203552
ETH,2026-02-20,1771502400,short,0.023810193386731848,2,1,0.21199999999999997,0.16028605463265033
ETH,2026-02-20,1771521300,long,0.047873495731122206,2,1,0.49,0.4254791872789649
BTC,2026-02-22,1771521300,short,0.021806449497151825,2,1,0.24,0.19801236279213968
BTC,2026-02-20,1771521300,long,0.02677316303839805,2,1,0.59,0.5534751538170443
BTC,2026-02-22,1771522200,short,0.028785830431982684,2,1,0.1279999999999999,0.0861758392190632
BTC,2026-02-22,1771522200,long,0.023180497287888624,2,1,-0.19000000000000006,-0.25295263231506604
ETH,2026-02-21,1771522200,long,0.04563011705742959,2,1,0.6,0.5520378911782164
BTC,2026-02-22,1771523100,short,0.025307686318140843,2,1,-0.66,-0.6512997212842503
ETH,2026-02-22,1771523100,long,0.020478338980665978,2,1,-0.25,-0.20512384890635468
ETH,2026-02-22,1771524000,long,0.024392198107036744,1,0,0.20999999999999996,0.30346433379463056
BTC,2026-02-22,1771524000,long,0.028302379283922985,2,1,0.71,0.685456635045246
ETH,2026-02-22,1771524900,short,0.020129400203855896,1,0,-0.35,-0.2815114951013733
ETH,2026-02-22,1771524900,long,0.025017464362059316,1,0,0.06000000000000005,0.08272684025512653
ETH,2026-02-20,1771525800,short,0.02053829868411483,2,1,0.15899999999999995,0.2543446600133036
ETH,2026-02-21,1771525800,short,0.02221784246862557,2,1,-0.52,-0.4987220681698761
BTC,2026-02-21,1771526700,short,0.0263795201348358,2,1,0.24,0.14383305371722915
ETH,2026-02-22,1771527600,short,0.022626952757981766,2,1,0.26,0.23575293796152125
ETH,2026-02-22,1771528500,short,0.022039531496007347,2,1,0.04999999999999993,0.0372635914212749
BTC,2026-02-20,1771528500,short,0.025921219015280994,2,1,0.23999999999999988,0.12835671436693316
BTC,2026-02-21,1771529400,long,0.020515995531029674,2,1,-0.35,-0.3473500562351412
ETH,2026-02-20,1771534800,long,0.021525522178025502,2,1,-0.168,-0.23585219578948602
BTC,2026-02-21,1771538400,long,0.02437774024243544,2,1,-0.04200000000000004,0.022883507467901812
BTC,2026-02-21,1771547400,long,0.024568534159524313,2,1,0.72,0.62390551341237
BTC,2026-02-20,1771547400,long,0.0440320595881416,2,1,-0.235,-0.3112089379461686
ETH,2026-02-21,1771548300,long,0.03771537041711692,1,0,-0.28,-0.3989595942460836
ETH,2026-02-20,1771559100,short,0.020911622240748384,2,1,-0.28,-0.2900197725708104
ETH,2026-02-21,1771561800,short,0.03244250537278448,1,0,-0.049000000000000044,0.02487099561911975
XRP,2026-02-20,1771566300,short,0.0322616487345162,2,1,-0.30000000000000004,-0.2340621606371956
XRP,2026-02-22,1771566300,short,0.09502702198066304,2,1,0.49,0.4585777686604174
XRP,2026-02-21,1771566300,short,0.036391463274064506,1,0,0.39,0.2900243340353693
XRP,2026-02-22,1771566300,short,0.04776038785278025,1,0,-0.06000000000000005,-0.11501352138159099
XRP,2026-02-21,1771566300,short,0.08032276371917363,1,0,-0.36,-0.2600243340353693
SOL,2026-02-21,1771567200,short,0.10776724798797158,1,0,-0.15000000000000002,0.03571716224639884
SOL,2026-02-22,1771567200,short,0.10312441158773572,1,0,-0.20999999999999996,-0.1905389743765374
XRP,2026-02-20,1771568100,long,0.04731260543966265,2,1,-0.281,-0.1617089458179051
XRP,2026-02-20,1771568100,short,0.027293472953450526,2,1,-0.32100000000000006,-0.21414154209886532
XRP,2026-02-20,1771568100,long,0.020706527046549406,1,0,0.029000000000000026,0.04386429846094445
SOL,2026-02-20,1771568100,long,0.03118902406497326,0,0,0.0,0.0
XRP,2026-02-21,1771569000,long,0.025479335411020987,1,0,-0.38,-0.24111898527677056
XRP,2026-02-21,1771569000,short,0.04852066458897897,1,0,0.42999999999999994,0.2911189852767705
XRP,2026-02-22,1771572600,long,0.04832091039815278,1,0,-0.06000000000000005,-0.11398612400955196
XRP,2026-02-22,1771574400,short,0.0684618855623409,2,1,-0.21000000000000008,-0.18084706437067483
SOL,2026-02-21,1771574400,long,0.06516240673703333,2,1,-0.125,0.04484969887210896
XRP,2026-02-21,1771575300,long,0.0267520400835215,2,1,0.52,0.4669265254353248
XRP,2026-02-21,1771575300,short,0.03324795991647861,1,0,-0.39,-0.27812662741465255
BTC,2026-02-22,1771575300,long,0.026317945764388728,1,0,-0.15000000000000002,-0.12331301513810222
XRP,2026-02-22,1771576200,long,0.02411836347272578,1,0,0.16999999999999993,0.09592794285852926
BTC,2026-02-22,1771577100,long,0.021351136791166736,2,1,-0.1200000000000001,-0.13002101038781408
BTC,2026-02-21,1771585200,short,0.04359739670676732,2,1,0.4,0.361028004737497
BTC,2026-02-20,1771590600,short,0.02895615393173534,2,1,0.227,0.3662398216446741
ETH,2026-02-20,1771592400,short,0.04425732458708764,2,1,0.08599999999999997,0.033863398356865755
SOL,2026-02-21,1771594200,long,0.037577903970921867,0,0,0.0,0.0
SOL,2026-02-21,1771597800,long,0.029488923763613117,0,0,0.0,0.0
ETH,2026-02-21,1771599600,long,0.021875336645363896,2,1,-0.17200000000000004,-0.019506777969055644
ETH,2026-02-22,1771603200,long,0.021218514111406517,1,0,-0.027000000000000024,-0.03868742333143667
SOL,2026-02-21,1771603200,long,0.024636132373606623,1,0,-0.023,-0.05904471692668347
SOL,2026-02-22,1771605000,long,0.05864570244798806,1,0,0.15000000000000002,0.17397567342176667
SOL,2026-02-22,1771605000,short,0.05435429755201196,1,0,-0.10999999999999999,-0.13397567342176664
BTC,2026-02-22,1771606800,short,0.021796374474400415,2,1,0.37,0.3545090019436948
BTC,2026-02-21,1771606800,long,0.023071153346234885,2,1,-0.06300000000000006,-0.010441848507246998
ETH,2026-02-23,1771607700,long,0.023919872008227205,2,1,-0.20999999999999996,-0.05364106113746539
ETH,2026-02-23,1771607700,long,0.020416829832604177,1,0,0.28,0.0515122335026762
SOL,2026-02-23,1771607700,long,0.04723959533402944,0,0,0.0,0.0
SOL,2026-02-23,1771607700,short,0.04836053916409949,1,0,0.78,0.5178231084102329
ETH,2026-02-23,1771607700,short,0.02782339829635372,1,0,-0.06000000000000005,-0.15676066650499448
SOL,2026-02-23,1771608600,short,0.03277677013654923,1,0,0.15000000000000002,0.0034945732030772225
SOL,2026-02-23,1771608600,long,0.06322322986345075,0,0,0.0,0.0
ETH,2026-02-22,1771608600,short,0.022611073598310605,2,1,0.20299999999999999,0.2358483964537344
BTC,2026-02-23,1771608600,long,0.04132077554186431,1,0,0.71,0.48225906077616165
BTC,2026-02-23,1771608600,long,0.03902059240650679,2,1,-0.29000000000000004,-0.2980341729593456
ETH,2026-02-23,1771608600,short,0.028850032061955355,0,0,0.0,0.0
BTC,2026-02-23,1771608600,short,0.024422478825879113,1,0,0.39,0.15422488781681615
BTC,2026-02-23,1771609500,long,0.03320039583682188,1,0,0.15000000000000002,-0.011753338602580404
BTC,2026-02-23,1771610400,long,0.022692781555651687,2,1,-0.29000000000000004,-0.3566706247152882
BTC,2026-02-23,1771610400,short,0.027307218444348358,2,1,0.34,0.4066706247152882
BTC,2026-02-22,1771611300,short,0.02755635124373257,2,1,-0.55,-0.5541601160829299
ETH,2026-02-22,1771611300,short,0.0300753321465711,2,1,-0.41000000000000003,-0.39186829061431705
ETH,2026-02-21,1771612200,short,0.035954734171791625,2,1,-0.27,-0.3355704745845964
ETH,2026-02-22,1771612200,long,0.0311857436770564,2,1,-0.256,-0.1887333055160179
ETH,2026-02-22,1771614900,long,0.022650375290677704,2,1,0.45000000000000007,0.4246363113002629
ETH,2026-02-22,1771614900,short,0.02734962470932245,1,0,-0.13,-0.17726056615623423
BTC,2026-02-22,1771614900,long,0.020241866436105038,2,1,0.59,0.5829540187359108
BTC,2026-02-21,1771619400,long,0.033694065253370376,2,1,-0.6199999999999999,-0.42712834831050667
ETH,2026-02-23,1771621200,long,0.022871564920943666,0,0,0.0,0.0
ETH,2026-02-23,1771630200,long,0.025799736755224068,0,0,0.0,0.0
BTC,2026-02-21,1771631100,short,0.024408573916074983,2,1,-0.523,-0.3569348348733975
BTC,2026-02-21,1771641900,long,0.051248559263105564,2,1,0.494,0.34301522312932164
BTC,2026-02-23,1771643700,short,0.02054000542543699,2,1,-0.8400000000000001,-0.6776760323310496
ETH,2026-02-21,1771644600,long,0.029837361620467684,2,1,0.11099999999999999,0.1960996493511632
SOL,2026-02-22,1771660800,short,0.13185860535393004,0,0,0.0,0.0
ETH,2026-02-23,1771666200,long,0.02383217681515859,1,0,0.86,0.5702179871653889
ETH,2026-02-23,1771666200,short,0.030776664289666078,2,1,0.5,0.6808806381014044
SOL,2026-02-23,1771673400,short,0.05745351162395762,1,0,0.92,0.6291476925649142
SOL,2026-02-23,1771673400,long,0.05254648837604248,1,0,0.16000000000000003,-0.18097370667540486
BTC,2026-02-22,1771693200,short,0.020382569901417236,2,1,0.5690000000000001,0.4284624390884443
ETH,2026-02-24,1771694100,short,0.02797599464625944,2,1,-0.8500000000000001,-0.6242539728068521
SOL,2026-02-24,1771694100,short,0.13625084407339783,2,1,0.65,0.6987785231737036
ETH,2026-02-23,1771694100,long,0.020222041062506246,2,1,-0.35999999999999993,0.04518197741758989
SOL,2026-02-23,1771694100,short,0.15147661960610584,2,1,0.7699999999999999,0.8804643051333498
SOL,2026-02-23,1771694100,long,0.07983173326335136,2,1,0.94,0.6698170792843414
SOL,2026-02-24,1771694100,long,0.042650148312452174,1,0,-0.23,0.1495293378330906
SOL,2026-02-24,1771694100,long,0.11907346481831138,1,0,0.88,0.549249185340613
ETH,2026-02-24,1771694100,long,0.028636546653980632,2,1,-0.32,-0.0383860416885905
BTC,2026-02-23,1771695000,long,0.025588688509185387,2,1,-0.30000000000000004,-0.5687756506011972
BTC,2026-02-24,1771695000,long,0.030583514646555843,2,1,-0.28,-0.17115068440318937
ETH,2026-02-24,1771695000,long,0.021030380690595152,0,0,0.0,0.0
ETH,2026-02-24,1771699500,long,0.026923682713656083,1,0,-0.8200000000000001,-0.45808956886170726
ETH,2026-02-22,1771699500,long,0.029558122614124605,2,1,-0.384,-0.044010039966375036
BTC,2026-02-22,1771700400,long,0.02731838082955207,2,1,-0.08399999999999998,0.05966675257299901
BTC,2026-02-22,1771701300,long,0.0225785386027193,2,1,0.748,0.49716726592855964
ETH,2026-02-22,1771702200,short,0.022398493965256727,2,1,-0.44500000000000006,-0.13556127505544996
SOL,2026-02-24,1771703100,long,0.041277638172190656,0,0,0.0,0.0
SOL,2026-02-24,1771703100,short,0.028722361827809184,1,0,-0.25,0.24352324934682762
BTC,2026-02-23,1771705800,long,0.02618963749979475,2,1,-0.15500000000000005,0.15888741972701934
SOL,2026-02-22,1771706700,long,0.022719573167434115,1,0,0.029000000000000026,-0.019941178947380567
BTC,2026-02-24,1771707600,long,0.02010778469626895,2,1,0.8899999999999999,0.6723872408048661
ETH,2026-02-23,1771707600,long,0.028702862536802876,2,1,-0.48,-0.6734694971452023
BTC,2026-02-23,1771707600,long,0.02272149925071254,2,1,-0.3600000000000001,-0.17186098652397805
ETH,2026-02-24,1771710300,short,0.023725838735015214,1,0,-0.11,0.1304121172297079
ETH,2026-02-22,1771710300,long,0.020202740166721744,2,1,0.32100000000000006,0.1533740148802509
ETH,2026-02-22,1771711200,short,0.025768035719031523,2,1,0.29800000000000004,0.07322895561390491
BTC,2026-02-24,1771713000,long,0.026216311143019366,1,0,-0.81,-0.3810807475706378
BTC,2026-02-24,1771716600,short,0.02024147616775973,1,0,0.07999999999999996,-0.13589733776108223
BTC,2026-02-24,1771718400,short,0.022771477111367844,2,1,0.31000000000000005,0.4593085291180613
ETH,2026-02-24,1771722900,long,0.031920731223369136,0,0,0.0,0.0
ETH,2026-02-24,1771731000,short,0.03137143045992907,0,0,0.0,0.0
BTC,2026-02-23,1771736400,short,0.02127967428484656,2,1,0.36,0.5475527152118924
BTC,2026-02-24,1771738200,long,0.02201258601725531,2,1,-0.14999999999999994,0.10091683204543725
BTC,2026-02-23,1771740900,short,0.02333434374436827,2,1,0.37,0.17998328724968551
BTC,2026-02-24,1771742700,short,0.022643739517485995,2,1,0.29000000000000004,0.19497716021769765
BTC,2026-02-22,1771767900,short,0.021770973566943908,2,1,-0.269,-0.26979211786435736
ETH,2026-02-23,1771767900,short,0.02850198209288568,2,1,-0.793,-0.5754998513776821
ETH,2026-02-25,1771780500,long,0.03023313023104235,1,0,0.69,0.3761774766732543
ETH,2026-02-25,1771780500,long,0.03212253362120965,1,0,0.31999999999999995,0.017395153984455236
BTC,2026-02-25,1771780500,long,0.025882676335195365,2,1,0.77,0.7481853191144517
BTC,2026-02-24,1771782300,long,0.02279995740326357,2,1,-0.24,-0.03456135520170059
ETH,2026-02-24,1771782300,long,0.03342406823522426,0,0,0.0,0.0
ETH,2026-02-25,1771784100,short,0.021156159891039916,1,0,-0.03300000000000003,0.0347306463480998
ETH,2026-02-24,1771785900,long,0.025490373338861172,1,0,0.25,-0.06537622589474279
BTC,2026-02-25,1771787700,short,0.02463943950729064,2,1,0.29000000000000004,0.27699879038054714
BTC,2026-02-23,1771787700,long,0.023938712334266476,2,1,-0.44000000000000006,-0.5598755799342465
ETH,2026-02-23,1771789500,long,0.029413860917974377,2,1,-0.14100000000000001,0.10945292960739889
ETH,2026-02-25,1771790400,short,0.026328671983375518,2,1,0.22999999999999998,0.07168322506800742
ETH,2026-02-24,1771790400,short,0.02009889537019971,2,1,-0.763,-0.561240425940261
BTC,2026-02-25,1771790400,long,0.02173410563380207,1,0,-0.28,-0.18820893184212753
BTC,2026-02-24,1771794900,long,0.02458059412964486,2,1,0.84,0.6097036687750171
ETH,2026-02-23,1771796700,short,0.026317199396450386,2,1,0.6599999999999999,0.6761671566786062
ETH,2026-02-23,1771798500,long,0.03628193600314411,2,1,-0.65,-0.627371281313537
ETH,2026-02-24,1771798500,short,0.020113382158676862,2,1,0.23,-0.026772771531948986
BTC,2026-02-24,1771804800,short,0.03778652563983398,1,0,-0.44,0.09934394236280869
BTC,2026-02-23,1771804800,long,0.022891252525401695,2,1,0.889,0.646666764457979
ETH,2026-02-25,1771806600,short,0.02676471762536914,1,0,0.71,0.38327412457648424
BTC,2026-02-25,1771806600,short,0.028571723909065594,1,0,0.28,0.1916304102497642
BTC,2026-02-24,1771807500,long,0.021171115004022134,2,1,-0.07299999999999995,-0.23085724720164258
BTC,2026-02-25,1771808400,short,0.02496913670997969,1,0,0.17000000000000004,0.042224092522482104
BTC,2026-02-23,1771808400,short,0.02215308622621892,2,1,-0.7220000000000001,-0.5025454938951809
BTC,2026-02-24,1771808400,long,0.021018389427874595,1,0,-0.63,-0.22841510549965965
ETH,2026-02-25,1771809300,long,0.05162916932647166,1,0,0.020000000000000018,-0.14969655776243068
BTC,2026-02-25,1771809300,long,0.050257121710133745,1,0,0.05999999999999994,-0.12726472851751905
ETH,2026-02-25,1771809300,long,0.0921432752782878,1,0,0.12,-0.27742490900781325
ETH,2026-02-24,1771809300,long,0.11541864566235249,1,0,0.06799999999999995,0.14871743739839693
BTC,2026-02-24,1771809300,short,0.02877754224650142,1,0,-0.025,-0.008164995681923203
BTC,2026-02-25,1771809300,short,0.04803124231974121,2,1,0.09000000000000001,0.1662970371111896
ETH,2026-02-23,1771809300,long,0.21218182291808008,1,0,0.015000000000000013,0.014573484684007496
BTC,2026-02-25,1771809300,short,0.06402569609364861,1,0,-0.14,-0.2606082717849855
ETH,2026-02-25,1771809300,short,0.07493257969978484,1,0,-0.060000000000000005,-0.15598893952159149
BTC,2026-02-23,1771810200,short,0.046359064527335514,2,1,0.252,0.21494227249722098
BTC,2026-02-24,1771810200,short,0.048801541399480564,2,1,0.10999999999999999,0.14020072245390935
BTC,2026-02-25,1771810200,long,0.034743096571398846,2,1,-0.20000000000000007,-0.3191835823459662
ETH,2026-02-24,1771810200,short,0.05982883500607494,2,1,0.20699999999999996,0.23909112238806735
BTC,2026-02-25,1771810200,short,0.07305105927934996,2,1,0.11599999999999999,0.021899809216664456
ETH,2026-02-23,1771811100,short,0.07813662328008586,2,1,0.18099999999999994,0.1478602641485039
BTC,2026-02-24,1771811100,short,0.025231028456734528,2,1,0.21999999999999997,0.2625766413159338
BTC,2026-02-23,1771812000,short,0.022016033463128193,2,1,0.10399999999999998,0.04579586693989481
BTC,2026-02-25,1771812000,short,0.03996962668606008,2,1,0.08699999999999997,-0.008671725796031912
ETH,2026-02-25,1771812000,short,0.06991832796522479,0,0,0.0,0.0
BTC,2026-02-24,1771813800,short,0.031558418924941045,2,1,0.04499999999999993,0.05746714301854386
BTC,2026-02-23,1771821000,long,0.020787763057971365,2,1,-0.2370000000000001,-0.1518599143764514
BTC,2026-02-23,1771826400,short,0.035407986809142145,2,1,0.25000000000000006,0.3035285869481569
BTC,2026-02-25,1771831800,long,0.020531358599421123,2,1,-0.050000000000000044,0.02030445948357945
BTC,2026-02-24,1771834500,short,0.0236962076339029,2,1,-0.6799999999999999,-0.6124908618785138
ETH,2026-02-23,1771854300,short,0.04291932893827188,2,1,-0.8460000000000001,-0.5073942102773139
BTC,2026-02-26,1771866900,long,0.02465025001957355,2,1,0.7899999999999999,0.7353484297951044
ETH,2026-02-25,1771866900,long,0.0326447152502074,2,1,-0.28,-0.6472540988806654
ETH,2026-02-26,1771866900,long,0.02543497173679099,1,0,0.59,0.22381393492295942
BTC,2026-02-26,1771866900,long,0.0202670653986583,2,1,-0.2300000000000001,-0.2149218665415994
BTC,2026-02-26,1771867800,short,0.020959181637852375,2,1,0.0050000000000000044,-0.01957879241641788
ETH,2026-02-26,1771867800,short,0.03742336721409045,2,1,0.07899999999999996,-0.030314649406905245
ETH,2026-02-26,1771868700,long,0.03067563079277469,1,0,-0.041000000000000036,0.07051479587248476
ETH,2026-02-26,1771868700,long,0.042630082161347005,2,1,-0.30000000000000004,-0.2775262365575837
ETH,2026-02-25,1771870500,short,0.04877630760621143,2,1,0.19000000000000006,-0.07865076279100064
ETH,2026-02-26,1771870500,short,0.02824027612480806,1,0,0.30999999999999994,-0.004303416435145202
BTC,2026-02-26,1771872300,short,0.02428126816553311,2,1,0.12,0.06958690856759757
ETH,2026-02-24,1771872300,long,0.052925701434243244,2,1,-0.26699999999999996,-0.22101574848699762
BTC,2026-02-26,1771872300,short,0.042472572504007045,1,0,0.41000000000000003,0.21318383205306107
BTC,2026-02-26,1771872300,long,0.020150729599424988,2,1,-0.09999999999999995,-0.17471912291061514
ETH,2026-02-26,1771872300,long,0.02557181255970198,2,1,-0.09099999999999997,-0.23415282180856675
BTC,2026-02-25,1771876800,long,0.03626618453463526,2,1,-0.26,-0.32050116822913516
ETH,2026-02-24,1771881300,short,0.02432571094598801,2,1,-0.44300000000000006,-0.42320547282111953
ETH,2026-02-25,1771883100,short,0.025004892717744975,1,0,0.6599999999999999,-0.003780495496698677
BTC,2026-02-24,1771884000,long,0.02282959448065469,2,1,0.57,0.5814344775543164
BTC,2026-02-26,1771889400,short,0.02563355150899571,2,1,0.03199999999999992,-0.00431768201641812
ETH,2026-02-26,1771891200,long,0.04076791395338386,1,0,0.031000000000000028,-0.02972197084987284
BTC,2026-02-25,1771894800,short,0.032238719908380786,1,0,0.36,-0.07934999845235596
ETH,2026-02-24,1771895700,long,0.08719927212059697,2,1,0.42500000000000004,0.42046239168081606
ETH,2026-02-25,1771895700,long,0.04265349404474694,2,1,-0.38,-0.38089910016678
ETH,2026-02-24,1771896600,short,0.04658374868543658,2,1,0.18599999999999994,0.16202368718461047
BTC,2026-02-26,1771899300,long,0.020890955299726954,2,1,-0.018000000000000016,0.021082373832729782
BTC,2026-02-25,1771901100,short,0.023938244898837446,2,1,0.03499999999999992,-0.08060753887599455
ETH,2026-02-25,1771902900,short,0.028046646349371263,2,1,0.07999999999999996,-0.18629949001546436
BTC,2026-02-25,1771902900,short,0.026988171961194962,1,0,0.273,-0.24763453505284705
BTC,2026-02-24,1771902900,short,0.03996487850641983,2,1,0.135,0.0789446656983481
BTC,2026-02-25,1771902900,long,0.021554292757982596,2,1,-0.277,-0.11473805208349522
BTC,2026-02-26,1771904700,long,0.02138199681177766,2,1,-0.22999999999999998,-0.16021090587969886
BTC,2026-02-26,1771906500,long,0.02046824794941271,2,1,-0.15900000000000003,-0.030982479599219626
BTC,2026-02-24,1771906500,long,0.05210003291924492,2,1,-0.45399999999999996,-0.4422636691769359
ETH,2026-02-25,1771911900,long,0.021077506416561587,1,0,-0.37,0.4755707621817774
ETH,2026-02-26,1771916400,short,0.02123230233854756,1,0,-0.02400000000000002,0.03919525555493339
BTC,2026-02-24,1771947000,short,0.022531982367446357,2,1,0.567,0.33124115203717047
BTC,2026-02-25,1771947900,long,0.02133904825998223,2,1,-0.08499999999999996,-0.41980283140342217
BTC,2026-02-26,1771949700,short,0.02052258107354543,2,1,0.32000000000000006,0.38231690479781366
ETH,2026-02-27,1771953300,short,0.03679729934329312,1,0,0.30000000000000004,0.10793625772355722
BTC,2026-02-27,1771953300,long,0.026486697726053166,2,1,-0.17000000000000004,-0.22015238521465452
BTC,2026-02-27,1771953300,long,0.02242248676414471,2,1,0.75,0.7410868779912104
BTC,2026-02-26,1771953300,long,0.03306896482460542,2,1,0.8400000000000001,0.6883435995507065
BTC,2026-02-27,1771953300,short,0.03307406362829268,2,1,0.25,0.21522789946855017
ETH,2026-02-27,1771953300,long,0.027294984930258837,2,1,0.76,0.6586849279537257
ETH,2026-02-26,1771953300,long,0.024354407124367095,1,0,0.6699999999999999,0.19434417691322176
ETH,2026-02-27,1771954200,long,0.020941371810413667,1,0,0.30999999999999994,0.10050313353114015
ETH,2026-02-27,1771954200,short,0.030456540015377342,2,1,0.08299999999999996,0.017047094848133076
ETH,2026-02-26,1771955100,long,0.021548246840165097,2,1,-0.4099999999999999,-0.36441030293812854
ETH,2026-02-25,1771956900,short,0.029121238524578152,1,0,-0.030000000000000027,0.20026843830935503
ETH,2026-02-26,1771956900,short,0.04963874768662768,2,1,0.239,-0.03936715722303097
BTC,2026-02-26,1771956900,long,0.02031821049178606,2,1,-0.29000000000000004,-0.3962190622980929
BTC,2026-02-27,1771960500,long,0.022197660788052742,2,1,-0.21000000000000008,-0.1678305262441906
ETH,2026-02-26,1771963200,short,0.024404368024408152,2,1,0.45999999999999996,0.4144841734216412
BTC,2026-02-25,1771964100,short,0.020169890362456755,2,1,0.48,0.7830128484087104
BTC,2026-02-26,1771965900,short,0.020766005374019625,1,0,0.42000000000000004,0.06792271727742405
BTC,2026-02-27,1771965900,short,0.04517262116309928,2,1,0.04699999999999993,0.023542247996654497
ETH,2026-02-27,1771965900,short,0.031220415496318488,1,0,0.6599999999999999,0.43017827176161333
ETH,2026-02-25,1771966800,long,0.03136133057357404,2,1,-0.17999999999999994,-1.1459930954675586
BTC,2026-02-27,1771967700,short,0.024200654393414345,2,1,0.14100000000000001,0.09115431101742764
BTC,2026-02-25,1771970400,long,0.04667261242932863,2,1,-0.41000000000000003,-1.0369551684083231
ETH,2026-02-27,1771980300,long,0.02776092482596937,1,0,-0.28,-0.060149476389424694
ETH,2026-02-26,1771982100,long,0.020677968472282204,2,1,-0.08999999999999998,-0.2728668386485693
BTC,2026-02-27,1771982100,long,0.027373458900787018,2,1,-0.10999999999999996,-0.10660140111671242
ETH,2026-02-25,1771983000,short,0.043587351954956555,2,1,0.4089999999999999,-0.39511421997957896
BTC,2026-02-27,1771983000,short,0.0231536648319014,2,1,-0.71,-0.6964310395898051
SOL,2026-02-26,1771983000,long,0.058386397032718085,2,1,-0.252,-0.04361063325897832
SOL,2026-02-27,1771983000,long,0.0520268435065665,0,0,0.0,0.0
SOL,2026-02-27,1771983000,long,0.047390442898760154,2,1,0.481,0.4985478220612026
SOL,2026-02-27,1771983000,short,0.04260955710123965,1,0,-0.071,-0.05871221802786621
SOL,2026-02-27,1771983000,long,0.047390442898760154,2,1,0.481,0.4985478220612026
SOL,2026-02-27,1771983000,short,0.04260955710123965,1,0,-0.071,-0.05871221802786621
SOL,2026-02-26,1771983000,short,0.04338786466643024,2,1,-0.319,-0.15616887360943307
ETH,2026-02-27,1771983900,short,0.022615219052398938,2,1,0.16299999999999998,0.1916817438616166
BTC,2026-02-27,1771984800,short,0.022385955874685948,2,1,0.31,0.2979702225950904
BTC,2026-02-27,1771984800,long,0.027614044125314097,2,1,-0.26,-0.24797022259509038
SOL,2026-02-26,1771985700,long,0.04135834269587124,2,1,0.3480000000000001,0.24786886930089477
SOL,2026-02-27,1771985700,long,0.04204629329159837,0,0,0.0,0.0
SOL,2026-02-27,1771985700,short,0.02295370670840169,2,1,0.30899999999999994,0.37461028694708126
ETH,2026-02-27,1771985700,long,0.023133576703520786,0,0,0.0,0.0
BTC,2026-02-26,1771985700,long,0.021836899085393657,1,0,-0.19,-0.26516321738271026
XRP,2026-02-25,1771990200,short,0.052844959363272714,2,1,0.724,0.37923641825816135
XRP,2026-02-26,1771990200,short,0.033044728645259036,2,1,-0.48000000000000004,-0.5107358428715207
XRP,2026-02-26,1771990200,long,0.03695527135474075,0,0,0.0,0.0
XRP,2026-02-26,1771990200,short,0.020933294753751608,1,0,-0.044000000000000004,-0.07003368018179769
XRP,2026-02-26,1771990200,long,0.040066705246248446,1,0,-0.31,-0.40208035410962184
XRP,2026-02-26,1771990200,short,0.020933294753751608,1,0,-0.044000000000000004,-0.07003368018179769
XRP,2026-02-26,1771990200,long,0.040066705246248446,1,0,-0.31,-0.40208035410962184
XRP,2026-02-26,1771990200,short,0.033044728645259036,2,1,-0.48000000000000004,-0.5107358428715207
XRP,2026-02-26,1771990200,long,0.03695527135474075,0,0,0.0,0.0
ETH,2026-02-25,1771992000,long,0.022234851729535654,2,1,-0.40900000000000003,0.6063144617463907
ETH,2026-02-25,1771993800,short,0.02912128527598362,2,1,0.586,1.3770317322790104
XRP,2026-02-26,1771996500,long,0.024865170309563922,1,0,-0.15000000000000002,-0.06676967213211943
XRP,2026-02-26,1771998300,short,0.0214529961994111,1,0,-0.02200000000000002,-0.002233298286502393
BTC,2026-02-25,1772003700,long,0.026019384386413824,2,1,-0.15500000000000003,0.47753638624630557
SOL,2026-02-25,1772008200,long,0.02563333594581274,1,0,-0.14,0.36137960270883185
ETH,2026-02-27,1772016300,short,0.020664347345587974,1,0,-0.42000000000000004,-0.35726706209600684
XRP,2026-02-25,1772018100,long,0.03071354944867788,1,0,-0.79,-0.1154155449759201
BTC,2026-02-25,1772021700,short,0.03437715800399155,2,1,0.248,1.4838757804266278
XRP,2026-02-27,1772027100,short,0.029111392137637915,1,0,-0.028000000000000025,-0.029101763573183028
XRP,2026-02-27,1772027100,long,0.09279206503615933,0,0,0.0,0.0
XRP,2026-02-27,1772027100,long,0.040911714901733065,1,0,0.16999999999999993,-0.012054585808111584
XRP,2026-02-27,1772027100,short,0.039088285098266784,1,0,-0.08999999999999997,-0.21966477323806216
XRP,2026-02-27,1772027100,long,0.06259154680604917,1,0,-0.08999999999999997,-0.21966477323806216
XRP,2026-02-27,1772027100,long,0.040911714901733065,1,0,0.16999999999999993,-0.012054585808111584
XRP,2026-02-27,1772027100,short,0.039088285098266784,1,0,-0.08999999999999997,-0.21966477323806216
XRP,2026-02-27,1772028000,long,0.10881224573878301,0,0,0.0,0.0
XRP,2026-02-27,1772028000,short,0.042187754261217014,1,0,0.62,0.34989672327492477
XRP,2026-02-27,1772028000,long,0.09455583576454751,1,0,0.62,0.34989672327492477
XRP,2026-02-27,1772028000,short,0.04544416423545239,1,0,-0.08999999999999997,-0.21769131886583915
XRP,2026-02-27,1772028000,long,0.09455583576454751,1,0,0.62,0.34989672327492477
XRP,2026-02-27,1772028000,short,0.04544416423545239,1,0,-0.08999999999999997,-0.21769131886583915
XRP,2026-02-27,1772028000,long,0.10881224573878301,0,0,0.0,0.0
XRP,2026-02-27,1772028000,short,0.042187754261217014,1,0,0.62,0.34989672327492477
XRP,2026-02-27,1772028900,long,0.04763812937082901,2,1,-0.3800000000000001,-0.29179805383844815
XRP,2026-02-27,1772028900,short,0.022361870629170943,2,1,0.44999999999999996,0.361798053838448
XRP,2026-02-27,1772028900,long,0.04763812937082901,2,1,-0.3800000000000001,-0.29179805383844815
XRP,2026-02-27,1772028900,short,0.022361870629170943,2,1,0.44999999999999996,0.361798053838448
ETH,2026-02-27,1772030700,short,0.024140164550478627,2,1,0.08299999999999999,0.03376668934445871
BTC,2026-02-25,1772034300,long,0.051531811735595845,2,1,-0.828,-0.4734583637089633
ETH,2026-02-26,1772034300,short,0.040187706513724386,2,1,0.14599999999999994,0.05893719403767893
XRP,2026-02-27,1772037000,short,0.0716518119531826,0,0,0.0,0.0
SOL,2026-02-27,1772037000,long,0.02520773129067244,1,0,0.05800000000000005,-0.018033167014813264
SOL,2026-02-27,1772037000,short,0.05579226870932741,2,1,0.31499999999999995,0.03313476217027839
SOL,2026-02-27,1772037000,long,0.02520773129067244,1,0,0.05800000000000005,-0.018033167014813264
SOL,2026-02-27,1772037000,short,0.05579226870932741,2,1,0.31499999999999995,0.03313476217027839
SOL,2026-02-28,1772039700,short,0.0477641714512701,1,0,-0.06000000000000005,-0.27497762388428715
XRP,2026-02-28,1772039700,long,0.06073019114217382,0,0,0.0,0.0
XRP,2026-02-28,1772039700,short,0.04926980885782595,0,0,0.0,0.0
XRP,2026-02-28,1772039700,long,0.06073019114217382,0,0,0.0,0.0
XRP,2026-02-28,1772039700,short,0.04926980885782595,0,0,0.0,0.0
ETH,2026-02-27,1772039700,long,0.021410678803775784,2,1,-0.24,0.023936794068757872
XRP,2026-02-28,1772039700,short,0.0679707280299876,0,0,0.0,0.0
XRP,2026-02-28,1772039700,long,0.04002927197001238,0,0,0.0,0.0
XRP,2026-02-28,1772039700,short,0.03946814500577134,1,0,-0.07000000000000006,-0.25227303968234904
XRP,2026-02-28,1772039700,long,0.020531854994228382,0,0,0.0,0.0
XRP,2026-02-28,1772039700,short,0.03946814500577134,1,0,-0.07000000000000006,-0.25227303968234904
XRP,2026-02-28,1772039700,long,0.020531854994228382,0,0,0.0,0.0
SOL,2026-02-26,1772039700,long,0.02650379838342376,1,0,0.32600000000000007,0.010835272230292792
ETH,2026-02-27,1772039700,short,0.02450050321799324,2,1,0.091,-0.06984374561163184
ETH,2026-02-28,1772039700,long,0.0334558441124897,1,0,0.388,-0.15749049666277637
ETH,2026-02-28,1772039700,long,0.03739560575626144,2,1,-0.21999999999999997,0.025557130336819667
XRP,2026-02-28,1772039700,short,0.0679707280299876,0,0,0.0,0.0
XRP,2026-02-28,1772039700,long,0.04002927197001238,0,0,0.0,0.0
ETH,2026-02-28,1772039700,short,0.025692492600262296,1,0,0.14400000000000002,-0.15593336632595672
XRP,2026-02-26,1772040600,short,0.03169338079345296,1,0,0.33099999999999996,-0.10809594016824842
SOL,2026-02-28,1772040600,long,0.052309837471639975,1,0,0.07799999999999996,-0.05478179972499675
BTC,2026-02-26,1772040600,long,0.021491441490412377,2,1,0.73,0.5346552637397972
BTC,2026-02-27,1772041500,long,0.020505536152416903,2,1,-0.188,0.017622240854091087
BTC,2026-02-28,1772041500,long,0.02006395613507861,2,1,-0.27,-0.25660889503985496
ETH,2026-02-28,1772041500,short,0.021312511230455078,2,1,-0.8,-0.541644200713453
BTC,2026-02-28,1772041500,long,0.03324536226358843,2,1,-0.178,0.00820960121754255
XRP,2026-02-28,1772041500,short,0.021215033490416646,0,0,0.0,0.0
BTC,2026-02-27,1772042400,short,0.021176149935676847,2,1,0.089,-0.045686445592567015
BTC,2026-02-28,1772043300,short,0.021029529834398875,1,0,0.15600000000000003,-0.14428983780660576
BTC,2026-02-26,1772044200,long,0.02010455341701123,2,1,-0.247,0.029699680285729058
ETH,2026-02-28,1772044200,long,0.031665046416868625,1,0,-0.4,0.18270298452051248
ETH,2026-02-28,1772044200,short,0.02133495358313131,2,1,0.2929999999999999,0.06594628910819306
BTC,2026-02-26,1772044200,short,0.033313489863386336,2,1,0.08499999999999999,-0.06479059950572619
XRP,2026-02-26,1772044200,long,0.036737917701370915,2,1,-0.238,0.21902981133965432
XRP,2026-02-26,1772044200,short,0.02526208229862914,2,1,0.30000000000000004,-0.15702981133965427
BTC,2026-02-28,1772044200,short,0.02980344990212036,2,1,0.30999999999999994,0.367896321530749
ETH,2026-02-28,1772045100,short,0.033535581854247876,2,1,0.378,0.45415996858676144
ETH,2026-02-28,1772045100,long,0.02846441814575207,2,1,-0.31600000000000006,-0.3921599685867615
SOL,2026-02-28,1772046000,long,0.04362832957460605,1,0,0.44999999999999996,-0.025909124003652584
SOL,2026-02-28,1772046000,short,0.031371670425393905,1,0,-0.07000000000000006,-0.2783332277798434
SOL,2026-02-28,1772046000,long,0.05088244303519596,0,0,0.0,0.0
SOL,2026-02-28,1772046000,short,0.024117556964804,1,0,0.44999999999999996,-0.025909124003652584
ETH,2026-02-27,1772046900,long,0.021495920664626134,2,1,0.82,0.5627734718745845
XRP,2026-02-27,1772046900,short,0.023236606430091733,2,1,0.039999999999999925,0.1097407228275375
SOL,2026-02-28,1772046900,long,0.02809206910562345,1,0,-0.07000000000000006,-0.2791034036213623
ETH,2026-02-26,1772048700,long,0.021802998219525582,2,1,-0.25899999999999995,0.02495611337383763
BTC,2026-02-28,1772049600,long,0.020778703950952826,2,1,0.9299999999999999,0.7919740002304156
BTC,2026-02-28,1772049600,short,0.02766444473864238,2,1,0.21999999999999997,0.38105948584770244
XRP,2026-02-28,1772049600,long,0.024725761534355017,0,0,0.0,0.0
XRP,2026-02-28,1772050500,short,0.028215908862146866,0,0,0.0,0.0
XRP,2026-02-28,1772050500,long,0.02278409113785318,1,0,-0.06000000000000005,-0.2112687684881082
ETH,2026-02-28,1772050500,long,0.022461150831546206,2,1,0.82,0.582583196381154
SOL,2026-02-28,1772050500,short,0.02150490850848291,1,0,-0.07000000000000006,-0.27146781957118393
SOL,2026-02-28,1772050500,long,0.03549509149151686,0,0,0.0,0.0
ETH,2026-02-28,1772050500,short,0.02042150379013996,2,1,0.07199999999999995,0.21566730148893826
SOL,2026-02-28,1772050500,short,0.02150490850848291,1,0,-0.07000000000000006,-0.27146781957118393
SOL,2026-02-28,1772050500,long,0.03549509149151686,0,0,0.0,0.0
XRP,2026-02-26,1772050500,long,0.033792970903611996,2,1,-0.86,-0.6109890161555126
XRP,2026-02-28,1772050500,long,0.10685325439692073,0,0,0.0,0.0
XRP,2026-02-28,1772050500,short,0.028215908862146866,0,0,0.0,0.0
XRP,2026-02-28,1772050500,long,0.02278409113785318,1,0,-0.06000000000000005,-0.2112687684881082
ETH,2026-02-26,1772051400,short,0.022649212301585786,2,1,0.5389999999999999,0.588517698035997
BTC,2026-02-26,1772055000,short,0.02031388159529368,2,1,-0.73,-0.5018552697401696
BTC,2026-02-28,1772055900,short,0.026183519230762453,2,1,-0.89,-0.7522908739437094
BTC,2026-02-28,1772055900,long,0.028581266057567722,2,1,-0.09299999999999994,0.10270889112504836
BTC,2026-02-27,1772056800,long,0.02789942060775452,2,1,0.94,0.7989798953353444
XRP,2026-02-28,1772065800,long,0.04307279886558857,1,0,-0.02100000000000002,-0.09234805932832225
SOL,2026-02-26,1772066700,long,0.03540596008051633,1,0,-0.316,0.07347583536440233
BTC,2026-02-26,1772068500,long,0.03026772424977975,2,1,-0.038999999999999924,-0.1472354169592171
SOL,2026-02-27,1772069400,short,0.032126909121737546,0,0,0.0,0.0
SOL,2026-02-27,1772069400,long,0.040873090878262186,1,0,0.06799999999999995,0.23508335276022807
SOL,2026-02-27,1772069400,short,0.032126909121737546,0,0,0.0,0.0
SOL,2026-02-27,1772069400,long,0.040873090878262186,1,0,0.06799999999999995,0.23508335276022807
BTC,2026-02-27,1772071200,long,0.025368211262741358,2,1,-0.281,-0.21154276722524906
BTC,2026-02-27,1772071200,short,0.031811363734109865,2,1,0.2899999999999999,0.412359665549471
SOL,2026-02-26,1772072100,long,0.03783235882910141,2,1,0.28200000000000003,0.05703083866715569
ETH,2026-02-27,1772072100,long,0.027762314306351232,1,0,0.30299999999999994,-0.06755723180036272
ETH,2026-02-26,1772072100,long,0.022507407155613723,1,0,0.18999999999999995,-0.028855969440867157
BTC,2026-02-26,1772075700,long,0.03312736162195007,2,1,-0.42200000000000004,-0.24076548574513312
BTC,2026-02-27,1772076600,short,0.0250117463491496,1,0,-0.06000000000000005,-0.1991220546699923
SOL,2026-02-26,1772076600,short,0.025112528070102197,2,1,-0.24700000000000003,0.03379997656347808
ETH,2026-02-28,1772076600,long,0.023236454053282563,1,0,0.03400000000000003,-0.050922526122154824
XRP,2026-02-26,1772076600,long,0.0382495551793558,1,0,0.08199999999999996,-0.0688243058359864
BTC,2026-02-26,1772089200,short,0.024429958004701713,2,1,0.45699999999999996,0.26684123128378734
BTC,2026-02-27,1772096400,short,0.022039963961775433,2,1,0.32299999999999995,0.19350624478427542
BTC,2026-02-27,1772098200,long,0.029737843755164972,2,1,-0.28,-0.43877934057778756
ETH,2026-02-27,1772116200,short,0.029720111198830557,2,1,-0.799,-0.42952718669938333
ETH,2026-02-26,1772116200,short,0.05504998201988942,2,1,-0.9410000000000001,-0.904286716207773
ETH,2026-02-27,1772121600,short,0.024925803427747528,1,0,-0.041,0.053066360612839696
ETH,2026-02-27,1772124300,short,0.0389860690759124,2,1,0.09799999999999998,0.2232553633577296
BTC,2026-02-28,1772125200,short,0.020057481210583927,2,1,0.10599999999999998,0.18780408359665607
BTC,2026-02-28,1772125200,long,0.020527937632559112,2,1,-0.31999999999999995,-0.2945584546974418
BTC,2026-03-01,1772126100,long,0.03355911353718466,2,1,0.72,0.7195183353880351
BTC,2026-03-01,1772126100,short,0.03187322791015623,2,1,0.09999999999999998,0.12899018219232855
ETH,2026-03-01,1772126100,long,0.03196214147810972,2,1,-0.29,-0.26630851164714525
ETH,2026-02-28,1772127000,long,0.030509419805296423,2,1,-0.321,-0.14258392593848274
ETH,2026-02-28,1772127900,short,0.031002528226355075,2,1,-0.5760000000000001,-0.44823869636556274
ETH,2026-03-01,1772128800,short,0.02655393281117069,1,0,-0.06400000000000006,-0.08006445950661122
ETH,2026-03-01,1772128800,long,0.020774129815060327,1,0,0.44999999999999996,0.39414106133936233
BTC,2026-03-01,1772128800,long,0.030945014517022917,2,1,-0.191,-0.15333430602673487
ETH,2026-02-27,1772130600,short,0.03238689185953281,2,1,0.38399999999999995,0.16213229169351256
BTC,2026-02-28,1772131500,short,0.020708740305367734,2,1,0.28,0.12922104457927913
BTC,2026-02-28,1772133300,long,0.03236481910171585,2,1,-0.25,-0.08790044844803097
ETH,2026-03-01,1772136000,long,0.020677259242291024,1,0,-0.234,-0.0623877987237374
BTC,2026-03-01,1772136900,short,0.022229349220396766,2,1,-0.6799999999999999,-0.6364474837084333
BTC,2026-02-28,1772137800,short,0.026696230887908956,2,1,0.37,0.45521951350782774
BTC,2026-02-28,1772142300,short,0.023722243901774243,2,1,-0.81,-0.6227321073243636
ETH,2026-02-27,1772143200,long,0.0350581076647829,2,1,0.748,0.2928461198447084
BTC,2026-03-01,1772144100,short,0.03689388509556457,2,1,0.18999999999999995,0.27341836757649196
BTC,2026-02-27,1772144100,long,0.040270341067149884,2,1,0.885,0.5965233728449841
BTC,2026-03-01,1772144100,long,0.0224828674059232,2,1,-0.04700000000000004,-0.10254030868461762
BTC,2026-02-28,1772145000,long,0.02268781521491503,2,1,-0.031000000000000028,-0.1333398767525127
ETH,2026-02-28,1772145900,long,0.02022951407628426,2,1,-0.16499999999999998,0.16230963241903312
ETH,2026-03-01,1772146800,short,0.026116399745173657,2,1,-0.71,-0.5964748166493887
ETH,2026-02-28,1772151300,short,0.022007476654443026,2,1,0.45799999999999996,0.30920589592207803
ETH,2026-02-28,1772154900,long,0.025052791055754975,2,1,0.655,0.36952244014607183
BTC,2026-02-28,1772156700,long,0.02040190430650246,2,1,0.8099999999999999,0.6060593358254137
ETH,2026-02-27,1772158500,long,0.026840352058976613,1,0,0.08799999999999997,-0.16642335787585216
ETH,2026-03-01,1772162100,short,0.020885187481812006,1,0,0.61,0.41130000522161203
SOL,2026-03-01,1772165700,short,0.062129011324156436,2,1,-0.36600000000000005,-0.2146709046051112
SOL,2026-02-28,1772165700,short,0.0377272308724973,2,1,-0.31200000000000006,0.12022776562914461
SOL,2026-02-27,1772165700,long,0.06295769554147812,1,0,0.246,-0.48404831530264636
SOL,2026-03-01,1772165700,long,0.0618667988918471,1,0,-0.306,-0.04428743740924007
BTC,2026-03-01,1772165700,long,0.023782730362803095,2,1,-0.1100000000000001,-0.2236525470115201
BTC,2026-02-27,1772166600,long,0.062283840216526665,1,0,-0.45,0.37056673461354933
SOL,2026-02-28,1772167500,long,0.026801779594502806,1,0,-0.040000000000000036,-0.20455895506634889
SOL,2026-03-01,1772172000,long,0.034017753878543555,2,1,-0.04800000000000004,-0.1480335151013421
SOL,2026-02-28,1772178300,long,0.0521690560307162,1,0,-0.192,0.24391626266237343
ETH,2026-03-01,1772181000,short,0.022031977796768798,1,0,-0.041,0.023118395211299082
XRP,2026-03-01,1772181900,long,0.053047540517015435,0,0,0.0,0.0
XRP,2026-03-01,1772181900,long,0.07079943857434756,2,1,-0.07999999999999997,0.03691733003892986
XRP,2026-02-28,1772181900,short,0.05634791312632087,1,0,-0.08,0.2007971904630379
XRP,2026-03-01,1772181900,short,0.04214775666807857,1,0,-0.59,-0.36399043864841096
XRP,2026-02-27,1772181900,long,0.028156069272247564,1,0,0.008000000000000007,0.010030020639844036
XRP,2026-02-27,1772181900,long,0.060366365758055984,2,1,-0.6499999999999999,-0.021383737699780303
XRP,2026-02-28,1772181900,long,0.027607507351313565,1,0,0.041000000000000036,0.16315436186023471
XRP,2026-02-28,1772181900,long,0.04420662392226582,1,0,-0.08,0.2007971904630379
XRP,2026-03-01,1772181900,short,0.11616621867855992,1,0,-0.11,0.042105723110450424
XRP,2026-02-27,1772182800,long,0.04913102250759138,2,1,-0.6799999999999999,-0.06213727551945947
XRP,2026-02-27,1772182800,short,0.02386897749240871,1,0,-0.027000000000000003,0.031515373334167374
SOL,2026-03-01,1772183700,short,0.02335205256583517,1,0,0.10999999999999999,0.20807383914713884
XRP,2026-03-01,1772183700,long,0.05328879648032292,0,0,0.0,0.0
XRP,2026-02-28,1772183700,long,0.05859367768505552,1,0,0.07899999999999996,0.19489725945292463
XRP,2026-02-28,1772183700,short,0.04940632231494431,2,1,-0.11100000000000003,0.08507571790621436
XRP,2026-03-01,1772183700,short,0.16196495049972198,1,0,-0.06999999999999999,0.09907815945389399
BTC,2026-02-28,1772183700,long,0.025623195565248835,2,1,-0.07299999999999998,0.19932297696834353
XRP,2026-02-28,1772183700,long,0.05859367768505552,1,0,0.07899999999999996,0.19489725945292463
XRP,2026-02-28,1772183700,short,0.04940632231494431,2,1,-0.11100000000000003,0.08507571790621436
XRP,2026-02-28,1772183700,short,0.02464737600248945,1,0,0.07899999999999996,0.19489725945292463
XRP,2026-03-01,1772184600,short,0.04453494943339756,0,0,0.0,0.0
XRP,2026-02-28,1772185500,long,0.02407502402193562,1,0,-0.041000000000000036,-0.1696498634179318
BTC,2026-02-27,1772185500,short,0.05129753822278438,2,1,-0.904,-0.6856040177813311
BTC,2026-02-27,1772185500,long,0.037707816110103654,2,1,-0.58,-1.2017724119240591
BTC,2026-02-27,1772186400,short,0.030413759121542094,2,1,0.26700000000000007,-0.3524555391156296
XRP,2026-02-28,1772186400,short,0.020507382162388454,2,1,-0.5710000000000001,-0.21411685706305295
XRP,2026-03-01,1772187300,long,0.0255579785098492,1,0,-0.43,-0.31827309211600313
XRP,2026-03-01,1772187300,short,0.04444202149015086,1,0,-0.06999999999999999,-0.01568133389352641
SOL,2026-02-28,1772188200,long,0.020787208529458256,2,1,0.18799999999999994,0.1392301497292306
SOL,2026-02-28,1772188200,short,0.030212791470541733,1,0,-0.073,0.13048273643520947
XRP,2026-02-28,1772189100,long,0.021173653776895618,2,1,-0.39999999999999997,-0.09205837907500641
XRP,2026-02-28,1772189100,short,0.028826346223104427,1,0,-0.04,0.09577290848105044
ETH,2026-02-28,1772192700,short,0.020672350256190186,2,1,0.20799999999999996,0.3610202418738542
XRP,2026-03-01,1772192700,long,0.020967409670589077,2,1,0.0030000000000000027,-0.0029058139512002047
SOL,2026-03-01,1772193600,long,0.02388365516103841,2,1,0.32099999999999995,0.30843352009638497
SOL,2026-02-28,1772200800,short,0.0515762985738103,2,1,0.20699999999999996,0.3490438762641797
ETH,2026-03-01,1772202600,long,0.023825653239990308,1,0,-0.052000000000000046,-0.02200699388732846
BTC,2026-02-27,1772204400,short,0.1536490052347823,2,1,0.584,0.3504525314231449
ETH,2026-02-28,1772204400,long,0.03453618566350336,2,1,-0.18699999999999994,-0.3103144472968299
BTC,2026-03-01,1772204400,short,0.05066426017076675,1,0,-0.037,-0.04725519187655907
BTC,2026-02-28,1772213400,long,0.040246526144929406,2,1,-0.24999999999999994,-0.22676839525314715
ETH,2026-03-01,1772215200,short,0.03598348373536442,2,1,0.29799999999999993,0.19184178632630255
ETH,2026-03-01,1772215200,long,0.030326863914967417,2,1,0.5499999999999999,0.5151777231495155
ETH,2026-02-28,1772215200,long,0.02343804026035956,2,1,-0.09599999999999999,-0.0035194782378612233
BTC,2026-03-01,1772221500,long,0.024889721141118093,2,1,0.73,0.616106095505642
BTC,2026-02-28,1772233200,short,0.03101684149470496,2,1,-0.3590000000000001,-0.18580568189933935
BTC,2026-03-01,1772235000,short,0.024091363097746288,2,1,0.44000000000000006,0.3998708612878301
BTC,2026-02-28,1772244000,long,0.0388593733732836,2,1,0.404,0.022012306238296087
ETH,2026-03-01,1772244000,long,0.023286953803745014,2,1,-0.267,-0.038497718138625986
BTC,2026-03-01,1772244900,long,0.02520502442242134,2,1,-0.03699999999999999,-0.06256721821003905
BTC,2026-03-01,1772245800,long,0.02389134685355554,2,1,-0.061999999999999944,-0.039554539560361035
BTC,2026-03-01,1772245800,short,0.02267499107195614,2,1,-0.5700000000000001,-0.5291646684088717
ETH,2026-02-28,1772250300,long,0.026742191806949256,2,1,0.24,0.4098057992421396
BTC,2026-03-01,1772260200,short,0.02771356206908171,2,1,0.29399999999999993,0.04451056904947423
ETH,2026-03-01,1772260200,short,0.021104323883362475,2,1,0.09699999999999998,-0.12009219682704733
BTC,2026-02-28,1772260200,short,0.0507343440770448,2,1,0.23099999999999998,0.047711923406996454
BTC,2026-03-01,1772260200,long,0.03400123982674974,2,1,-0.49,-0.6039267843351503
ETH,2026-02-28,1772260200,short,0.02622507842904498,2,1,0.050999999999999934,0.011269507212716703
BTC,2026-03-01,1772261100,short,0.056291141222439056,2,1,0.1349999999999999,-0.028529570487987294
BTC,2026-03-01,1772261100,short,0.04174751449357572,2,1,0.04399999999999993,-0.010034010450852247
ETH,2026-03-01,1772262000,short,0.02435635477339204,2,1,-0.807,-0.34028580706436573
BTC,2026-02-28,1772262000,short,0.02195276256082279,2,1,0.028999999999999915,-0.004456052074791175
BTC,2026-02-28,1772262000,short,0.09106595841130471,2,1,0.19499999999999995,-0.1029208334964255
BTC,2026-02-28,1772262000,long,0.24060417138013968,2,1,-0.44299999999999995,-0.2590869706850116
ETH,2026-02-28,1772288100,short,0.03829486221945416,2,1,0.5339999999999999,0.44613650913324815
BTC,2026-02-28,1772288100,short,0.03840674649839737,2,1,0.05799999999999996,0.08082177633658473
ETH,2026-02-28,1772289000,long,0.044753803618060584,2,1,0.04500000000000004,0.0448795255034661
ETH,2026-03-01,1772289000,long,0.021188964726609916,2,1,-0.061999999999999986,-0.2034227717366363
ETH,2026-03-01,1772289000,long,0.04174803379676062,1,0,-0.07599999999999996,0.09262599916376091
ETH,2026-02-28,1772290800,long,0.04173306946371569,2,1,-0.674,-0.4042163596103643
ETH,2026-03-03,1772298900,long,0.050962304340231857,2,1,0.73,0.6685360436320973
BTC,2026-03-03,1772299800,long,0.023716705938161997,2,1,-0.20000000000000007,-0.18321065148252524
ETH,2026-03-03,1772299800,short,0.03767466008089837,2,1,0.1409999999999999,0.06252416617499879
BTC,2026-03-03,1772300700,short,0.025106566564672583,2,1,0.125,0.04579403613367704
ETH,2026-03-01,1772301600,long,0.04563367560926013,2,1,0.5579999999999999,0.3523472032460466
ETH,2026-03-03,1772304300,short,0.055758847794929234,1,0,-0.14200000000000002,-0.04274113952485345
ETH,2026-03-03,1772304300,long,0.02909167917091393,2,1,-0.18000000000000005,-0.25623826874975086
BTC,2026-03-03,1772305200,long,0.02000079289791601,2,1,-0.21999999999999997,-0.2501488242757409
BTC,2026-03-01,1772307900,long,0.036033726274653954,2,1,0.557,0.5757794557574437
BTC,2026-03-03,1772309700,long,0.02677838261471388,2,1,0.8089999999999999,0.755185080823059
BTC,2026-03-03,1772309700,short,0.024202340407449507,2,1,0.20000000000000007,0.16194129954292677
BTC,2026-03-03,1772309700,long,0.04192640513541068,2,1,-0.07900000000000007,-0.14360959186766908
BTC,2026-03-03,1772310600,short,0.025023509797704513,2,1,0.2599999999999999,0.2548155566426167
BTC,2026-03-01,1772312400,short,0.022382913635565438,2,1,0.04500000000000006,0.013530085723233713
ETH,2026-03-03,1772313300,short,0.02076356973280913,2,1,0.097,0.12227538311210712
BTC,2026-03-03,1772316000,short,0.02030840299234682,2,1,0.12,0.08238072362316476
ETH,2026-03-03,1772318700,long,0.023842846136840956,2,1,-0.09299999999999997,-0.10309497063030675
ETH,2026-03-01,1772319600,short,0.025304335088551677,2,1,0.2790000000000001,0.3082087901398455
ETH,2026-03-03,1772322300,long,0.020569010316938696,2,1,-0.06599999999999995,-0.04943612797790255
BTC,2026-03-01,1772326800,short,0.032444030072177,2,1,0.2779999999999999,0.3652211039179261
SOL,2026-03-03,1772330400,short,0.05756256584655639,1,0,-0.024,-0.009656475719560083
SOL,2026-03-01,1772330400,long,0.08524546396285526,1,0,0.16599999999999993,-0.03936546097029503
ETH,2026-03-03,1772330400,short,0.02105852226006677,1,0,0.08999999999999997,0.05403000717744724
SOL,2026-03-03,1772330400,long,0.07232564747095038,1,0,0.13,0.18316004740514352
BTC,2026-03-01,1772330400,short,0.05604192796737417,2,1,0.33999999999999997,0.14678835726723932
SOL,2026-03-03,1772330400,long,0.03840060261531786,2,1,-0.07499999999999996,-0.12759520435150212
ETH,2026-03-01,1772331300,short,0.03297206463992164,2,1,0.19199999999999998,-0.05950606048902471
BTC,2026-03-01,1772331300,long,0.057226496651740844,2,1,-0.337,-0.08464855693801931
ETH,2026-03-03,1772331300,short,0.025966277559203554,2,1,-0.76,-0.6821368089566608
SOL,2026-03-01,1772333100,short,0.03714504360059789,1,0,-0.03,-0.028113481354147245
SOL,2026-03-01,1772333100,long,0.02385495639940216,1,0,-0.296,0.2979698394643457
SOL,2026-03-01,1772333100,short,0.03714504360059789,1,0,-0.03,-0.028113481354147245
SOL,2026-03-01,1772333100,long,0.02385495639940216,1,0,-0.296,0.2979698394643457
SOL,2026-03-03,1772334900,short,0.05054648679094875,0,0,0.0,0.0
SOL,2026-03-03,1772334900,long,0.02245351320905109,1,0,-0.33,-0.1575112624793994
SOL,2026-03-03,1772335800,long,0.03583926743069443,1,0,0.10999999999999999,0.1931890202564296
SOL,2026-03-03,1772335800,short,0.034160732569305685,2,1,-0.42,-0.312634052741687
XRP,2026-03-01,1772337600,long,0.10124757527075401,1,0,0.010000000000000009,0.021411632337220404
XRP,2026-03-01,1772337600,short,0.10687468139615258,1,0,-0.038,0.06803238204485651
BTC,2026-03-01,1772338500,short,0.025017149750243106,2,1,-0.458,-0.3845512720037969
XRP,2026-03-01,1772340300,long,0.026824011519954505,1,0,0.01200000000000001,0.02356111137805154
SOL,2026-03-01,1772343000,short,0.04281752523721749,2,1,-0.16100000000000003,0.25518082350317084
BTC,2026-03-03,1772343000,long,0.021331585240010886,2,1,-0.013000000000000012,-0.002083601964770263
BTC,2026-03-01,1772346600,long,0.029372929694431837,2,1,-0.15500000000000003,-0.32305007473010683
SOL,2026-03-03,1772358300,short,0.04518608987337047,1,0,0.20999999999999996,0.20068965513342713
ETH,2026-03-01,1772375400,long,0.07279471790554282,2,1,-0.53,-0.07580618515870463
ETH,2026-03-03,1772380800,long,0.023515331850714194,1,0,-0.027999999999999997,-0.024498058580626373
BTC,2026-03-04,1772385300,long,0.023905839992048206,2,1,-0.20999999999999996,-0.29327342821119795
ETH,2026-03-04,1772386200,long,0.03735336344472118,1,0,0.62,0.1613587062483648
BTC,2026-03-04,1772386200,short,0.02066216647168062,2,1,0.07399999999999995,-0.09787411549066158
ETH,2026-03-03,1772386200,long,0.02085189676530641,2,1,0.67,0.6762260496290251
ETH,2026-03-04,1772386200,short,0.02312357423775324,2,1,0.31999999999999995,0.2739282785477705
ETH,2026-03-04,1772386200,short,0.029692592904861592,2,1,0.08599999999999997,-0.05183955841941287
ETH,2026-03-04,1772388000,long,0.024393014269097346,0,0,0.0,0.0
ETH,2026-03-04,1772388900,short,0.04204169981847472,2,1,0.18000000000000005,0.029065854006814662
ETH,2026-03-04,1772390700,long,0.02370247764679334,2,1,-0.06399999999999995,0.06384357704466162
ETH,2026-03-03,1772390700,long,0.026606668320996896,1,0,-0.42,-0.41976773554950786
BTC,2026-03-03,1772391600,long,0.02471878500452651,2,1,-0.26,-0.2861750877585886
ETH,2026-03-03,1772391600,short,0.021446180708974527,2,1,0.18799999999999994,0.1814362005991547
BTC,2026-03-04,1772391600,short,0.024314120085861424,2,1,0.22999999999999998,0.0763611872499386
BTC,2026-03-04,1772391600,long,0.023585101443348355,2,1,-0.16000000000000003,-0.39805252653074774
SOL,2026-03-04,1772392500,long,0.06685907024103632,0,0,0.0,0.0
SOL,2026-03-04,1772392500,short,0.052643515668900576,0,0,0.0,0.0
SOL,2026-03-03,1772392500,long,0.025577490034658146,0,0,0.0,0.0
ETH,2026-03-04,1772392500,long,0.028201996845522714,1,0,0.62,0.15234372709605032
ETH,2026-03-04,1772392500,short,0.02179800315447722,1,0,0.86,0.5587467918909599
SOL,2026-03-04,1772392500,short,0.02215393813844002,0,0,0.0,0.0
SOL,2026-03-04,1772395200,long,0.045761217681721034,0,0,0.0,0.0
SOL,2026-03-04,1772395200,short,0.024238782318278695,1,0,-0.29000000000000004,0.12405315199102607
SOL,2026-03-04,1772397900,long,0.022151139571349843,0,0,0.0,0.0
BTC,2026-03-03,1772397900,long,0.025766081926804407,2,1,-0.2500000000000001,-0.21129367716708644
BTC,2026-03-04,1772397900,long,0.020471832749159313,2,1,-0.22000000000000008,-0.16615493612402146
ETH,2026-03-04,1772398800,long,0.02186109082501342,1,0,-0.06300000000000006,0.1503972182221987
BTC,2026-03-03,1772403300,short,0.024313527649709288,2,1,0.16000000000000003,0.07354533328380919
SOL,2026-03-04,1772406900,long,0.049806380132372485,0,0,0.0,0.0
BTC,2026-03-03,1772406900,short,0.03818307329329207,2,1,0.30000000000000004,0.2400725686988243
BTC,2026-03-04,1772409600,short,0.027317295850883272,1,0,-0.14,0.313062522356924
SOL,2026-03-03,1772416800,long,0.027068918299773426,1,0,-0.16000000000000003,-0.12964725672502403
ETH,2026-03-04,1772416800,short,0.027207490750284946,1,0,-0.042,-0.16640125892485902
SOL,2026-03-03,1772416800,long,0.039587924409055786,1,0,0.17999999999999994,0.14964725672502394
ETH,2026-03-03,1772423100,short,0.024725627206178546,2,1,-0.62,-0.6249021256649229
BTC,2026-03-04,1772424900,short,0.027118127115308033,2,1,0.2799999999999999,0.28730930551144146
ETH,2026-03-03,1772461800,long,0.02066558589512213,1,0,-0.32999999999999996,-0.11011575277230731
BTC,2026-03-03,1772462700,long,0.02334516454657276,2,1,0.8190000000000001,0.7023547663489518
BTC,2026-03-03,1772463600,short,0.02672921007862228,2,1,0.3699999999999999,0.356577919772771
BTC,2026-03-04,1772463600,long,0.03029238078193508,1,0,-0.95,-0.7194366695645218
BTC,2026-03-03,1772464500,long,0.02595332919105431,2,1,-0.16399999999999995,-0.13496605860059152
ETH,2026-03-04,1772464500,long,0.03932971361063786,2,1,0.835,0.6631911022235109
ETH,2026-03-03,1772466300,long,0.02411482174109536,2,1,-0.26099999999999995,-0.0327908019159929
SOL,2026-03-03,1772467200,short,0.08563963405180597,2,1,0.4059999999999999,0.07023461793617569
SOL,2026-03-03,1772468100,long,0.02385483990190118,2,1,-0.39799999999999996,0.03755380937365488
SOL,2026-03-03,1772468100,short,0.03414516009809887,2,1,0.45599999999999996,0.020446190626345118
BTC,2026-03-04,1772468100,short,0.020540880017789975,2,1,0.28,0.2080482741769289
BTC,2026-03-04,1772469900,short,0.021820470017289706,1,0,-0.08099999999999999,-0.2541356537756161
SOL,2026-03-04,1772470800,long,0.045037061150875024,0,0,0.0,0.0
SOL,2026-03-05,1772471700,long,0.06090520679614553,0,0,0.0,0.0
ETH,2026-03-05,1772471700,long,0.020771609156935433,1,0,0.32999999999999996,0.272974980453951
SOL,2026-03-05,1772471700,long,0.03765402867837375,1,0,0.12,0.10484952282283519
SOL,2026-03-05,1772471700,short,0.05234597132162622,0,0,0.0,0.0
ETH,2026-03-05,1772471700,short,0.02138089509533836,1,0,0.32999999999999996,0.272974980453951
SOL,2026-03-05,1772471700,long,0.0223811108367733,1,0,0.07099999999999995,0.08034393948747295
SOL,2026-03-05,1772471700,short,0.042618889163226314,0,0,0.0,0.0
SOL,2026-03-05,1772471700,long,0.03765402867837375,1,0,0.12,0.10484952282283519
SOL,2026-03-05,1772471700,short,0.05234597132162622,0,0,0.0,0.0
SOL,2026-03-05,1772471700,long,0.0223811108367733,1,0,0.07099999999999995,0.08034393948747295
SOL,2026-03-05,1772471700,short,0.042618889163226314,0,0,0.0,0.0
ETH,2026-03-05,1772471700,long,0.024611337606584183,1,0,0.15900000000000003,0.19749300424851782
ETH,2026-03-05,1772473500,short,0.024195564449452922,2,1,0.10999999999999999,0.06446516207123408
ETH,2026-03-04,1772473500,long,0.026834546194218767,2,1,-0.32999999999999996,-0.3755729475733603
BTC,2026-03-05,1772474400,short,0.025816823311197723,2,1,0.11999999999999988,0.06087162169224477
BTC,2026-03-05,1772474400,long,0.034441874026643005,2,1,-0.09500000000000003,-0.17140777104239308
ETH,2026-03-04,1772474400,short,0.026494230739336544,2,1,0.26,0.11822689229862396
BTC,2026-03-05,1772475300,short,0.026183927538859675,2,1,0.19999999999999996,0.1382483183167811
ETH,2026-03-05,1772475300,long,0.025331276781016987,2,1,-0.19999999999999996,-0.16045845802389846
SOL,2026-03-04,1772478900,long,0.06489531486233968,1,0,-0.7,-0.43235673306513206
SOL,2026-03-04,1772479800,short,0.029026255296847436,2,1,-0.703,-0.47027744932638327
ETH,2026-03-05,1772479800,short,0.02417148547706105,1,0,-0.38,-0.25221163056351104
ETH,2026-03-04,1772480700,short,0.02936868537766746,2,1,0.39,0.4281142338960679
XRP,2026-03-05,1772481600,short,0.04935426653143138,1,0,0.52,0.4792055537557324
XRP,2026-03-03,1772481600,long,0.07061205737798715,1,0,-0.48,-0.23872051302002067
XRP,2026-03-04,1772481600,long,0.02294215353613427,1,0,0.03600000000000003,0.04924118401862549
XRP,2026-03-05,1772481600,long,0.023615129242662958,0,0,0.0,0.0
XRP,2026-03-05,1772481600,short,0.023384870757336862,0,0,0.0,0.0
BTC,2026-03-05,1772481600,long,0.02369829385269906,2,1,-0.21999999999999997,-0.21346945002559212
XRP,2026-03-03,1772481600,short,0.04798636587189398,2,1,-0.513,-0.3276701222578916
XRP,2026-03-03,1772481600,long,0.025013634128105977,1,0,0.05599999999999994,0.11194960923787081
XRP,2026-03-03,1772481600,short,0.04798636587189398,2,1,-0.513,-0.3276701222578916
XRP,2026-03-03,1772481600,long,0.025013634128105977,1,0,0.05599999999999994,0.11194960923787081
XRP,2026-03-05,1772481600,long,0.07446540806052537,1,0,0.52,0.4792055537557324
XRP,2026-03-04,1772481600,long,0.08823453107426871,1,0,0.53,0.29940423920160497
XRP,2026-03-04,1772481600,short,0.08355986463122445,1,0,0.53,0.29940423920160497
XRP,2026-03-04,1772481600,long,0.035161472411246564,0,0,0.0,0.0
XRP,2026-03-05,1772481600,long,0.023615129242662958,0,0,0.0,0.0
XRP,2026-03-05,1772481600,short,0.023384870757336862,0,0,0.0,0.0
BTC,2026-03-05,1772483400,long,0.022721709996419648,2,1,0.809,0.732544723770665
ETH,2026-03-03,1772483400,long,0.02174134684341289,2,1,-0.51,-0.45923058531110966
XRP,2026-03-05,1772483400,long,0.022990771853772074,0,0,0.0,0.0
XRP,2026-03-05,1772483400,short,0.04700922814622788,1,0,0.54,0.47555379652164526
SOL,2026-03-04,1772484300,long,0.026874266749630227,0,0,0.0,0.0
XRP,2026-03-05,1772484300,short,0.028038700836719332,0,0,0.0,0.0
XRP,2026-03-05,1772484300,long,0.04196129916328051,0,0,0.0,0.0
BTC,2026-03-05,1772484300,short,0.02045044640499194,2,1,0.26,0.24291076094622133
XRP,2026-03-04,1772485200,short,0.026781317365058288,0,0,0.0,0.0
XRP,2026-03-04,1772485200,long,0.05321868263494167,0,0,0.0,0.0
SOL,2026-03-04,1772486100,short,0.037692954335847184,2,1,0.6399999999999999,0.4996347762612192
ETH,2026-03-05,1772488800,long,0.022549387440771174,1,0,-0.12,-0.057217350365869946
SOL,2026-03-05,1772489700,short,0.030994874713551668,0,0,0.0,0.0
XRP,2026-03-04,1772492400,short,0.06772016653763147,0,0,0.0,0.0
XRP,2026-03-04,1772492400,long,0.022279833462368392,0,0,0.0,0.0
ETH,2026-03-05,1772492400,short,0.027609562742514027,1,0,-0.049,-0.0674351972604604
BTC,2026-03-04,1772495100,long,0.021695255353425758,2,1,-0.2799999999999999,-0.28492701860727027
SOL,2026-03-03,1772503200,long,0.0390014402429919,2,1,0.15900000000000003,0.11604467250478614
ETH,2026-03-05,1772505000,short,0.021881620700639814,2,1,0.03599999999999992,0.0015485426154404486
ETH,2026-03-05,1772510400,short,0.022749880349316243,0,0,0.0,0.0
BTC,2026-03-03,1772514000,long,0.021139445760892217,2,1,-0.33999999999999997,-0.34629407009667496
ETH,2026-03-03,1772515800,short,0.028206185137912176,2,1,-0.5900000000000001,-0.4500247518430015
BTC,2026-03-05,1772516700,long,0.02182908793858762,2,1,-0.19999999999999996,-0.1295025268560573
ETH,2026-03-03,1772517600,long,0.0238789704243767,2,1,0.5329999999999999,0.4721636340493295
XRP,2026-03-05,1772524800,long,0.03129119544745462,1,0,0.03600000000000003,-0.019229198995560665
SOL,2026-03-05,1772524800,long,0.1030891514591834,1,0,0.05800000000000005,0.07207180822766411
XRP,2026-03-05,1772525700,long,0.02737534006403486,0,0,0.0,0.0
ETH,2026-03-04,1772527500,long,0.02552667125720598,2,1,-0.39,-0.29135819126525186
ETH,2026-03-03,1772527500,short,0.021494099646587883,2,1,0.13,0.06273790986845046
BTC,2026-03-04,1772530200,long,0.02815488743046557,2,1,-0.2899999999999999,-0.3685383843922483
XRP,2026-03-04,1772531100,long,0.054073040389190474,0,0,0.0,0.0
XRP,2026-03-03,1772531100,long,0.03156812834579359,1,0,-0.05800000000000005,0.026674125982299013
XRP,2026-03-04,1772532000,short,0.02946018957540586,0,0,0.0,0.0
BTC,2026-03-05,1772533800,long,0.021766276478670576,1,0,-0.42000000000000004,0.11767991949178103
XRP,2026-03-04,1772533800,long,0.036078805755560106,0,0,0.0,0.0
XRP,2026-03-05,1772536500,long,0.042327785272092466,0,0,0.0,0.0
BTC,2026-03-03,1772540100,short,0.04101167888564794,2,1,0.09599999999999997,0.06102879616889099
ETH,2026-03-03,1772543700,short,0.05391364865700077,2,1,0.12600000000000003,0.24616452196587452
BTC,2026-03-03,1772543700,short,0.07528710059176147,2,1,-0.792,-0.5391830392293504
BTC,2026-03-03,1772554500,long,0.0775915677216843,2,1,0.20199999999999996,0.3996440486590159
ETH,2026-03-05,1772558100,long,0.04565779065644748,0,0,0.0,0.0
ETH,2026-03-06,1772558100,short,0.03447853170001147,1,0,-0.10999999999999999,-0.10810616873817683
SOL,2026-03-05,1772558100,long,0.04295866074456711,0,0,0.0,0.0
ETH,2026-03-06,1772558100,long,0.022627511214106777,0,0,0.0,0.0
ETH,2026-03-06,1772558100,long,0.020836742121477236,1,0,0.4099999999999999,0.41380900564354167
SOL,2026-03-05,1772558100,long,0.03006478916829991,1,0,-0.17000000000000004,0.03391607237038349
SOL,2026-03-05,1772558100,long,0.03487271660595348,1,0,0.16000000000000003,0.34792079235386264
SOL,2026-03-05,1772558100,short,0.03512728339404658,1,0,-0.17000000000000004,0.03391607237038349
SOL,2026-03-05,1772558100,long,0.03487271660595348,1,0,0.16000000000000003,0.34792079235386264
SOL,2026-03-05,1772558100,short,0.03512728339404658,1,0,-0.17000000000000004,0.03391607237038349
ETH,2026-03-06,1772563500,long,0.021469738737583066,1,0,-0.47000000000000003,-0.4086506572145373
ETH,2026-03-04,1772563500,long,0.022562523040833726,2,1,-0.37,-0.805545503194411
BTC,2026-03-06,1772564400,short,0.022317057876444002,2,1,-0.74,-0.7406232169115253
ETH,2026-03-06,1772564400,short,0.02156841769703699,2,1,-0.69,-0.6803073851038316
BTC,2026-03-04,1772566200,long,0.021730153952086884,2,1,-0.18099999999999994,-0.7027468345040783
SOL,2026-03-06,1772568000,short,0.02998870996117836,0,0,0.0,0.0
SOL,2026-03-06,1772568000,long,0.020011290038821627,1,0,0.20999999999999996,0.2396817719696209
BTC,2026-03-06,1772568000,short,0.024706367530181517,2,1,0.22999999999999998,0.2291039909627714
SOL,2026-03-06,1772568000,long,0.02302257123026341,0,0,0.0,0.0
SOL,2026-03-06,1772568000,short,0.02998870996117836,0,0,0.0,0.0
SOL,2026-03-06,1772568000,long,0.020011290038821627,1,0,0.20999999999999996,0.2396817719696209
SOL,2026-03-04,1772568000,long,0.04227911365859405,2,1,-0.8200000000000001,-0.847869847916276
SOL,2026-03-06,1772568000,long,0.05864714939222582,0,0,0.0,0.0
SOL,2026-03-05,1772568900,short,0.025331008889015183,1,0,-0.020999999999999998,-0.032296613160468474
SOL,2026-03-06,1772568900,short,0.049235523144028126,0,0,0.0,0.0
SOL,2026-03-06,1772568900,short,0.03984574679521724,0,0,0.0,0.0
ETH,2026-03-06,1772571600,short,0.024700197659110135,2,1,0.05499999999999994,0.05966874974384058
ETH,2026-03-06,1772572500,long,0.021072271408807186,1,0,-0.038000000000000034,-0.03539243234757033
BTC,2026-03-06,1772573400,short,0.024225517935124175,1,0,-0.12,-0.08725817507122854
ETH,2026-03-05,1772573400,long,0.031007734018011712,1,0,-0.63,-0.21761293640359902
BTC,2026-03-06,1772573400,long,0.02698467244417002,1,0,-0.49,-0.42907347931504536
BTC,2026-03-05,1772573400,long,0.03233233326213503,1,0,-0.76,-0.4011599518101663
BTC,2026-03-05,1772574300,long,0.022417601623701655,1,0,0.07599999999999996,0.24077188828468948
BTC,2026-03-05,1772576100,short,0.02363160392686825,2,1,0.2799999999999999,0.153834480031746
ETH,2026-03-05,1772577000,short,0.020078824877583168,2,1,0.16999999999999993,0.001629745451482506
ETH,2026-03-06,1772577000,short,0.020584955847978814,1,0,0.44999999999999996,0.4247047364787988
SOL,2026-03-04,1772577900,short,0.03738233453359707,2,1,0.865,0.6342414564348328
ETH,2026-03-05,1772579700,short,0.02368359321359259,2,1,0.37,0.25708494864222986
ETH,2026-03-06,1772579700,long,0.020023050840442425,2,1,-0.13,-0.1567467520317698
BTC,2026-03-04,1772579700,short,0.035081433696999675,2,1,0.29000000000000004,-0.2957599601036405
SOL,2026-03-04,1772579700,long,0.025652417712511255,2,1,0.849,0.4996989446190167
ETH,2026-03-05,1772579700,long,0.02766396054821829,2,1,-0.10999999999999999,0.03310769396757801
BTC,2026-03-05,1772581500,short,0.02328088458807065,2,1,0.32999999999999996,0.37658084206149
BTC,2026-03-04,1772581500,long,0.04996994060914428,2,1,-0.42000000000000004,-0.7520999530091257
ETH,2026-03-04,1772582400,short,0.02342593383462277,2,1,0.52,0.043912521768562696
BTC,2026-03-06,1772583300,long,0.024934247231367612,2,1,0.78,0.7742066914030701
BTC,2026-03-06,1772585100,long,0.027864147215538537,2,1,-0.131,-0.1513082538438719
ETH,2026-03-04,1772585100,short,0.02440185888139934,2,1,0.275,1.041403683251598
BTC,2026-03-05,1772595000,short,0.02203002214180616,2,1,0.15999999999999992,-0.02579833603769849
BTC,2026-03-04,1772595000,short,0.023420757687632077,2,1,0.10099999999999998,-0.3952395702521849
ETH,2026-03-04,1772595900,short,0.025540548094122206,1,0,-0.026000000000000023,0.092848160573244
ETH,2026-03-05,1772611200,short,0.03352057876814807,2,1,-0.5900000000000001,-0.48487677803792584
ETH,2026-03-05,1772611200,short,0.03061615572937626,2,1,0.15799999999999995,0.29170054574041326
SOL,2026-03-05,1772611200,long,0.05712534814167736,1,0,0.013000000000000012,0.016431068514206247
SOL,2026-03-06,1772611200,long,0.07061850593737473,1,0,0.03300000000000003,0.008425449533778915
SOL,2026-03-05,1772611200,short,0.02651725223855106,1,0,-0.02100000000000002,-0.020905745665273527
ETH,2026-03-04,1772613900,long,0.037572691066581676,2,1,-0.22099999999999997,0.43159505540968235
ETH,2026-03-05,1772614800,long,0.024471836686461135,2,1,-0.24100000000000005,-0.2738848936311665
BTC,2026-03-06,1772614800,long,0.02882113451673085,2,1,-0.17100000000000004,-0.09368605775636543
ETH,2026-03-04,1772615700,short,0.03986737877360469,2,1,-0.7020000000000001,-0.2776205444577442
ETH,2026-03-06,1772615700,short,0.02042062241695597,2,1,0.12400000000000005,0.022072391518632162
XRP,2026-03-06,1772615700,long,0.039694494897717814,0,0,0.0,0.0
XRP,2026-03-06,1772615700,long,0.04908420680677805,1,0,-0.53,-0.2479528433094767
XRP,2026-03-04,1772615700,short,0.031433276935503796,2,1,0.33899999999999997,-0.03701644779982216
XRP,2026-03-05,1772615700,short,0.024703714226713913,2,1,0.3899999999999999,0.4112301748718664
XRP,2026-03-05,1772615700,long,0.03529628577328592,1,0,0.05999999999999994,0.0654554640700655
XRP,2026-03-06,1772615700,short,0.026532512910372286,1,0,0.13,0.24227348598024354
XRP,2026-03-04,1772615700,long,0.060091866412966155,2,1,0.371,0.004903272211703669
XRP,2026-03-05,1772615700,short,0.024703714226713913,2,1,0.3899999999999999,0.4112301748718664
XRP,2026-03-05,1772615700,long,0.03529628577328592,1,0,0.05999999999999994,0.0654554640700655
XRP,2026-03-06,1772615700,long,0.04099862592525594,1,0,0.13,0.24227348598024354
XRP,2026-03-05,1772615700,long,0.059089623282713166,1,0,0.43999999999999995,0.46668563894193205
XRP,2026-03-06,1772616600,short,0.025914221069523236,0,0,0.0,0.0
XRP,2026-03-06,1772616600,long,0.031085778930476593,0,0,0.0,0.0
BTC,2026-03-04,1772617500,short,0.026258897308806595,2,1,0.07599999999999998,0.18535310250675635
XRP,2026-03-06,1772617500,short,0.029545067171557693,0,0,0.0,0.0
XRP,2026-03-06,1772617500,long,0.027454932828442358,0,0,0.0,0.0
BTC,2026-03-04,1772617500,long,0.02543654723509814,2,1,0.635,0.33109247521944474
XRP,2026-03-06,1772617500,short,0.021228990410313786,1,0,-0.02100000000000002,-0.021953261870558842
XRP,2026-03-06,1772618400,short,0.029532053016338877,1,0,-0.54,-0.2536307735104093
BTC,2026-03-04,1772618400,short,0.024156162138527892,2,1,0.1499999999999999,-0.08793952690723611
XRP,2026-03-04,1772618400,short,0.027187558721144867,2,1,0.31899999999999995,-0.06052300116094145
XRP,2026-03-04,1772618400,long,0.023812441278854957,2,1,-0.268,0.11152300116094138
XRP,2026-03-05,1772618400,long,0.08021999576544969,1,0,0.43999999999999995,0.4706712316312683
XRP,2026-03-05,1772618400,short,0.020780004234550342,0,0,0.0,0.0
ETH,2026-03-06,1772620200,long,0.024262988770643812,1,0,-0.17500000000000002,0.043833726593849376
BTC,2026-03-06,1772622000,short,0.026647355970751962,2,1,0.259,0.2825327081259886
XRP,2026-03-04,1772626500,short,0.033632591242098386,2,1,-0.5710000000000001,0.292909614089509
BTC,2026-03-05,1772628300,long,0.033918667283548753,1,0,0.12,0.14486348963116644
XRP,2026-03-06,1772631000,long,0.05831847666219403,1,0,0.13,0.029255526138433754
XRP,2026-03-06,1772631000,short,0.02168152333780593,1,0,0.52,0.3016367621427612
BTC,2026-03-04,1772634600,short,0.08697942138106018,2,1,-0.53,0.18622943636996547
BTC,2026-03-05,1772634600,short,0.027900955144357642,2,1,0.16699999999999998,0.13453214452101164
ETH,2026-03-06,1772636400,short,0.020358474611327337,1,0,0.48,0.1401790130629355
ETH,2026-03-05,1772636400,short,0.03365265203301948,1,0,0.14800000000000002,0.14908500769946448
ETH,2026-03-04,1772638200,long,0.23609967663376574,2,1,0.29799999999999993,0.28798892463016107
BTC,2026-03-06,1772638200,long,0.02856374033947695,2,1,-0.183,-0.011749087533669073
BTC,2026-03-05,1772638200,short,0.03049556166775924,2,1,-0.754,-0.6418536501210373
BTC,2026-03-04,1772638200,short,0.12377831030639586,2,1,0.18699999999999994,0.13037192082108987
BTC,2026-03-05,1772638200,long,0.025759633239115676,2,1,-0.21300000000000002,-0.08674570512625521
ETH,2026-03-06,1772638200,short,0.021612704765304858,2,1,0.08399999999999999,-0.06884531385411438
SOL,2026-03-06,1772640000,short,0.028930036535234405,0,0,0.0,0.0
SOL,2026-03-06,1772640000,long,0.03206996346476565,2,1,-0.08899999999999997,0.1932907946516615
SOL,2026-03-06,1772640000,short,0.028930036535234405,0,0,0.0,0.0
SOL,2026-03-06,1772640000,long,0.03206996346476565,2,1,-0.08899999999999997,0.1932907946516615
XRP,2026-03-05,1772642700,long,0.024830493122832697,1,0,0.029000000000000026,0.008605389763583386
XRP,2026-03-06,1772642700,short,0.02519603975720519,0,0,0.0,0.0
BTC,2026-03-05,1772643600,short,0.02011287422298702,2,1,0.36299999999999993,0.4052492833464454
ETH,2026-03-06,1772644500,long,0.022908251643456445,2,1,-0.30200000000000005,-0.2964844294568559
SOL,2026-03-07,1772644500,long,0.03715665556608516,0,0,0.0,0.0
SOL,2026-03-07,1772644500,short,0.02263766778539711,0,0,0.0,0.0
ETH,2026-03-07,1772644500,long,0.021019588845611725,2,1,0.92,0.7748676861942672
ETH,2026-03-07,1772644500,short,0.02999391022229092,2,1,0.312,0.010418753172920625
ETH,2026-03-07,1772644500,short,0.021500014393215916,1,0,0.88,0.5900216170683925
SOL,2026-03-05,1772644500,long,0.04117684071220262,2,1,-0.6150000000000001,-0.4046086870244986
SOL,2026-03-05,1772644500,long,0.03849516443699885,2,1,0.735,0.4737466225704518
SOL,2026-03-07,1772644500,long,0.025739830928962038,0,0,0.0,0.0
SOL,2026-03-07,1772645400,short,0.04322972812809073,0,0,0.0,0.0
SOL,2026-03-07,1772645400,long,0.023770271871909276,0,0,0.0,0.0
ETH,2026-03-07,1772645400,short,0.026632356250356537,1,0,0.62,0.1925908609886569
SOL,2026-03-07,1772645400,short,0.028991372220369294,0,0,0.0,0.0
SOL,2026-03-07,1772645400,long,0.031008627779630427,0,0,0.0,0.0
BTC,2026-03-07,1772646300,short,0.02125996028839683,2,1,0.19999999999999996,0.35683858414795033
XRP,2026-03-07,1772646300,long,0.02138050266162983,0,0,0.0,0.0
XRP,2026-03-07,1772646300,short,0.020619497338370096,0,0,0.0,0.0
XRP,2026-03-07,1772646300,long,0.02138050266162983,0,0,0.0,0.0
XRP,2026-03-07,1772646300,short,0.020619497338370096,0,0,0.0,0.0
ETH,2026-03-07,1772649900,long,0.02206023700561688,1,0,0.6799999999999999,0.21747433785361664
ETH,2026-03-07,1772650800,long,0.027334467096742587,1,0,-0.67,-0.19354171208071513
ETH,2026-03-07,1772650800,short,0.022665532903257124,2,1,0.30999999999999994,0.3391295061199628
ETH,2026-03-05,1772651700,long,0.024797563216793828,2,1,-0.29600000000000004,-0.02475441674826645
BTC,2026-03-07,1772653500,long,0.0219542829772843,1,0,-0.467,0.21724237340774183
SOL,2026-03-06,1772654400,long,0.07420769493543422,1,0,-0.7,-0.14017991484254877
BTC,2026-03-07,1772655300,long,0.02035460040721837,2,1,-0.21000000000000008,-0.2687068949346583
SOL,2026-03-05,1772656200,short,0.056633342751929716,1,0,-0.067,0.09301075421441735
BTC,2026-03-07,1772656200,short,0.02537905522021955,1,0,-0.435,0.22374667289775968
SOL,2026-03-06,1772657100,short,0.029947100394052795,1,0,-0.72,-0.15659108570632718
SOL,2026-03-06,1772658000,long,0.03534661318671706,0,0,0.0,0.0
SOL,2026-03-06,1772658000,short,0.028682048260446735,1,0,-0.09999999999999999,0.19725101742050066
BTC,2026-03-07,1772661600,short,0.030862098060231435,2,1,0.24500000000000005,0.0914348578786531
BTC,2026-03-07,1772661600,long,0.02113790193976861,2,1,-0.19300000000000006,-0.03943485787865311
ETH,2026-03-06,1772664300,short,0.033706723822792384,2,1,0.29000000000000004,0.5500736170598096
BTC,2026-03-06,1772675100,short,0.027982950269354934,2,1,-0.8700000000000001,-0.6743958327991025
BTC,2026-03-07,1772675100,short,0.027016502542098753,2,1,0.1399999999999999,0.30941854718444933
ETH,2026-03-06,1772691300,long,0.02076499688195743,2,1,-0.29999999999999993,-0.5665573272787605
ETH,2026-03-07,1772697600,short,0.020863487386092006,2,1,-0.8460000000000001,-0.6830566382257803
BTC,2026-03-07,1772699400,long,0.023580378437951577,2,1,-0.22999999999999998,-0.32066395707261913
BTC,2026-03-05,1772700300,long,0.03122622138272657,2,1,0.6499999999999999,0.466415384007238
BTC,2026-03-07,1772701200,long,0.024316208265462658,2,1,-0.10999999999999999,-0.30956795186683794
BTC,2026-03-06,1772701200,long,0.021721540064594036,2,1,-0.29400000000000004,-0.18301003093585871
ETH,2026-03-05,1772701200,long,0.029980821266135216,1,0,0.07999999999999996,-0.0007439529093942465
ETH,2026-03-06,1772704800,short,0.02296368143950267,2,1,0.19,-0.12896637306533476
ETH,2026-03-05,1772710200,short,0.023861171734501085,2,1,-0.8460000000000001,-0.5104247339237378
BTC,2026-03-05,1772714700,long,0.14017009397169544,2,1,-0.5660000000000001,-0.48428091471458634
ETH,2026-03-05,1772718300,long,0.030163203495856994,2,1,0.731,0.3597602125176981
BTC,2026-03-06,1772723700,long,0.02988432590839407,2,1,-0.29900000000000004,-0.4461681945922724
ETH,2026-03-08,1772727300,long,0.03299591912186628,2,1,-0.27000000000000013,-0.2962933622636288
ETH,2026-03-08,1772727300,short,0.02996252762640661,1,0,-0.03200000000000003,-0.11337037011497615
ETH,2026-03-08,1772727300,short,0.022683388720524555,1,0,0.4099999999999999,0.06563948603392145
ETH,2026-03-08,1772727300,short,0.020455091939959202,1,0,0.16999999999999993,-0.05145609179529223
ETH,2026-03-08,1772730000,long,0.024371517129199827,0,0,0.0,0.0
BTC,2026-03-08,1772730900,short,0.02423669342848378,2,1,0.2299999999999999,0.10529404785808764
ETH,2026-03-06,1772730900,long,0.02432935638029332,2,1,-0.28400000000000003,-0.01247183031266419
ETH,2026-03-08,1772730900,long,0.02585119173887951,0,0,0.0,0.0
ETH,2026-03-07,1772732700,short,0.021234268197547368,2,1,0.2799999999999999,0.1514508611689924
ETH,2026-03-07,1772736300,long,0.0235458570374798,2,1,-0.32000000000000006,-0.38027074943872874
BTC,2026-03-08,1772741700,long,0.027656477486998288,2,1,-0.16999999999999993,-0.31250332059411756
BTC,2026-03-08,1772741700,short,0.026675296827203265,2,1,0.28,0.2890938869451683
BTC,2026-03-07,1772743500,short,0.03163313026888093,2,1,0.2519999999999999,0.08647806596773999
ETH,2026-03-07,1772743500,long,0.02937850916673157,1,0,-0.45,-0.045042391803708726
ETH,2026-03-08,1772744400,short,0.022765851627704725,0,0,0.0,0.0
BTC,2026-03-08,1772748900,long,0.020834655873836594,2,1,-0.2400000000000001,-0.2613130320484171
BTC,2026-03-08,1772751600,short,0.020873756371157737,2,1,0.20999999999999996,0.3740055798499944
BTC,2026-03-08,1772758800,long,0.02758283004513351,2,1,-0.19,-0.02074199323521808
BTC,2026-03-06,1772759700,short,0.024234278863476844,2,1,0.20400000000000001,-0.12698562037303662
ETH,2026-03-06,1772760600,short,0.029516344282636386,2,1,0.2780000000000001,-0.11550397114939592
BTC,2026-03-06,1772760600,long,0.033677987783203855,2,1,0.72,0.43130850478113775
ETH,2026-03-07,1772764200,short,0.028235376359353914,2,1,0.36999999999999994,0.4850422266199187
SOL,2026-03-07,1772771400,long,0.04008589497093462,1,0,-0.33,0.07264254325283714
SOL,2026-03-08,1772771400,short,0.07301810967164507,1,0,-0.052000000000000046,-0.21278452489073965
SOL,2026-03-07,1772771400,short,0.04848258573079406,2,1,-0.35400000000000004,-0.031018203501432695
SOL,2026-03-08,1772771400,long,0.04269397433461086,1,0,0.025000000000000022,-0.04841435393297629
ETH,2026-03-08,1772771400,short,0.02379442534329912,1,0,-0.73,-0.36422456838239314
SOL,2026-03-06,1772772300,long,0.03264089766166611,2,1,0.262,-0.155675856210665
SOL,2026-03-07,1772772300,short,0.048234481920456096,1,0,-0.29000000000000004,0.072054536773626
SOL,2026-03-07,1772772300,long,0.024765518079543858,1,0,0.35,-0.012054536773626057
BTC,2026-03-06,1772775900,short,0.02004067772055984,2,1,0.07499999999999996,0.2236657806507085
SOL,2026-03-07,1772778600,long,0.030454566494407365,0,0,0.0,0.0
ETH,2026-03-06,1772782200,long,0.02065887199615757,2,1,-0.54,-1.0989971363792974
SOL,2026-03-08,1772784000,long,0.049199680461121664,1,0,0.04500000000000004,-0.03223791326437167
ETH,2026-03-08,1772787600,long,0.02263659096341053,1,0,0.05999999999999994,0.22253871577444437
SOL,2026-03-08,1772792100,long,0.05469920325870459,0,0,0.0,0.0
BTC,2026-03-07,1772798400,long,0.02249744327382297,2,1,-0.3500000000000001,-0.2039906410273371
ETH,2026-03-06,1772799300,short,0.020399553227609557,2,1,-0.863,-0.4709935707775396
BTC,2026-03-07,1772802900,short,0.02268766193668792,2,1,-0.8510000000000001,-0.6866902525702986
XRP,2026-03-08,1772803800,short,0.07802735563334806,0,0,0.0,0.0
XRP,2026-03-08,1772803800,long,0.034393070718294005,1,0,-0.060000000000000005,0.0373587194139696
XRP,2026-03-07,1772803800,long,0.05893174965838632,1,0,-0.4,-0.18434516969125617
XRP,2026-03-06,1772803800,short,0.03140188836458602,2,1,-0.31500000000000006,0.3251979549100963
ETH,2026-03-07,1772803800,short,0.025375313211522976,2,1,-0.754,-0.5521280872957774
XRP,2026-03-07,1772803800,short,0.056785235764814423,1,0,-0.4,-0.18434516969125617
XRP,2026-03-08,1772803800,long,0.025126455716238283,0,0,0.0,0.0
SOL,2026-03-08,1772803800,short,0.027652796617308517,2,1,-0.295,-0.17295767276223242
SOL,2026-03-08,1772803800,long,0.038347203382691486,1,0,0.11099999999999999,0.2761201155569818
XRP,2026-03-08,1772804700,long,0.027262682249689085,0,0,0.0,0.0
XRP,2026-03-08,1772804700,short,0.02273731775031096,1,0,-0.05,0.03498298059512714
XRP,2026-03-06,1772804700,long,0.059126713180188695,1,0,0.0030000000000000027,0.003047790922697315
BTC,2026-03-08,1772805600,short,0.027681751507895647,2,1,0.09999999999999998,0.18276096353948842
BTC,2026-03-08,1772805600,short,0.03350892101656311,2,1,-0.77,-0.6461378870597265
BTC,2026-03-07,1772805600,long,0.024094424370216805,2,1,-0.35,-0.3779429753862438
BTC,2026-03-06,1772806500,short,0.07904985473899118,2,1,0.14999999999999994,0.08969847816894815
ETH,2026-03-06,1772808300,long,0.059668810337579314,2,1,0.43699999999999994,0.1677744486742782
XRP,2026-03-07,1772808300,short,0.05458310209324052,1,0,-0.21000000000000002,-0.22097609446885966
XRP,2026-03-07,1772808300,long,0.024416897906759605,0,0,0.0,0.0
ETH,2026-03-06,1772809200,short,0.06072058735801933,2,1,0.29500000000000004,0.1786556506350439
SOL,2026-03-09,1772813700,long,0.03578118963931143,1,0,-0.17,-0.1983331383447174
BTC,2026-03-09,1772813700,long,0.022634152402350116,2,1,-0.16000000000000003,-0.18431436609785773
BTC,2026-03-09,1772813700,long,0.023344845735676634,2,1,0.76,0.7526031475776807
XRP,2026-03-09,1772813700,long,0.028671478576554055,0,0,0.0,0.0
XRP,2026-03-09,1772813700,long,0.03688128168783256,0,0,0.0,0.0
XRP,2026-03-09,1772813700,short,0.021118718312167384,0,0,0.0,0.0
XRP,2026-03-09,1772813700,long,0.022935916266938472,0,0,0.0,0.0
ETH,2026-03-09,1772813700,long,0.022682413198575224,1,0,0.04800000000000004,0.08577809249344262
XRP,2026-03-09,1772813700,short,0.069390063558888,0,0,0.0,0.0
ETH,2026-03-09,1772813700,short,0.020134992644419425,2,1,0.20200000000000007,0.1353671358614045
XRP,2026-03-09,1772813700,long,0.03688128168783256,0,0,0.0,0.0
XRP,2026-03-09,1772813700,short,0.021118718312167384,0,0,0.0,0.0
ETH,2026-03-08,1772813700,long,0.029613540376445924,1,0,-0.37,-0.26223663409375236
SOL,2026-03-09,1772813700,long,0.027022522570476326,1,0,0.18999999999999995,0.21833313834471735
ETH,2026-03-09,1772813700,long,0.02880557638667791,1,0,0.6,0.4379753081985721
SOL,2026-03-09,1772815500,long,0.023524920909143043,1,0,-0.19000000000000006,-0.1712753126162484
BTC,2026-03-07,1772815500,short,0.0217037690320675,2,1,0.46,0.4255297993515899
SOL,2026-03-09,1772816400,long,0.06823828638739005,0,0,0.0,0.0
SOL,2026-03-08,1772816400,short,0.02347138612631361,2,1,0.12900000000000003,0.032636807922482886
ETH,2026-03-09,1772816400,long,0.022765416608449662,2,1,-0.15700000000000003,-0.09117253539307331
SOL,2026-03-09,1772816400,long,0.024257084668031448,1,0,-0.19000000000000006,-0.1550042995301207
SOL,2026-03-09,1772816400,short,0.03374291533196849,0,0,0.0,0.0
ETH,2026-03-09,1772816400,short,0.023037563760209823,2,1,0.35,0.3258375623517685
ETH,2026-03-09,1772816400,long,0.03575363051399538,0,0,0.0,0.0
ETH,2026-03-09,1772816400,short,0.04624636948600458,1,0,-0.038,-0.07488564927395702
SOL,2026-03-09,1772820900,short,0.028037067883541877,2,1,-0.3500000000000001,-0.3498071461936341
SOL,2026-03-09,1772820900,long,0.0719629321164581,1,0,0.21999999999999997,0.23236890192020898
BTC,2026-03-08,1772828100,long,0.02585450553334656,2,1,-0.33999999999999997,-0.27725520833963224
ETH,2026-03-09,1772828100,long,0.0239496181620924,2,1,-0.32000000000000006,-0.2872458056000489
ETH,2026-03-08,1772831700,short,0.026375797094978726,2,1,0.136,0.22312006722835195
ETH,2026-03-07,1772838000,long,0.029569434839830988,2,1,-0.353,-0.2759420166852513
BTC,2026-03-09,1772838000,long,0.020146794422606584,1,0,0.20999999999999996,0.1559236778088424
BTC,2026-03-07,1772840700,long,0.024043647617606467,2,1,0.648,0.5072132461207137
BTC,2026-03-08,1772842500,long,0.02068117193276442,2,1,0.6719999999999999,0.551771746443233
ETH,2026-03-07,1772848800,long,0.02704362142238126,2,1,0.32600000000000007,0.2980342170884776
BTC,2026-03-09,1772858700,short,0.020709475450371162,1,0,0.21999999999999997,0.1410109893283153
BTC,2026-03-09,1772869500,short,0.022038216755073448,1,0,-0.040000000000000036,-0.01201175711074488
ETH,2026-03-08,1772874900,long,0.034617861109633274,2,1,0.5099999999999999,0.35799517199242065
ETH,2026-03-08,1772874900,short,0.023719818454940422,2,1,0.3859999999999999,0.1759527416133231
ETH,2026-03-08,1772891100,short,0.02391295328079729,2,1,-0.417,-0.26567249821494504
BTC,2026-03-07,1772892000,short,0.03347379925357141,2,1,-0.401,-0.2776400285391396
BTC,2026-03-09,1772900100,long,0.03165011215969993,2,1,0.72,0.667570333005748
ETH,2026-03-10,1772900100,long,0.027586798391078693,1,0,0.26,0.0015357769399054755
ETH,2026-03-10,1772900100,long,0.03297342008327031,2,1,0.7400000000000001,0.6090358483072955
ETH,2026-03-09,1772900100,long,0.03195410125875697,2,1,0.71,0.5936024291761156
ETH,2026-03-09,1772900100,short,0.03657088198904945,2,1,0.17299999999999993,0.0810041336721829
BTC,2026-03-10,1772900100,long,0.030126036132425593,2,1,-0.21999999999999997,-0.3034152053926891
ETH,2026-03-10,1772901000,short,0.02443047959455613,1,0,0.26,-0.007685301329567962
BTC,2026-03-10,1772901900,long,0.030031935817931732,1,0,0.29000000000000004,-0.07958765455716182
BTC,2026-03-08,1772901900,short,0.020309142861998142,2,1,-0.534,-0.4573939724934027
BTC,2026-03-10,1772907300,short,0.02110537191254358,2,1,0.09599999999999997,-0.023880911465864754
ETH,2026-03-10,1772907300,short,0.020887672401933566,2,1,0.11000000000000001,0.2385017339440123
BTC,2026-03-10,1772909100,long,0.02074111696464742,1,0,0.14800000000000002,-0.09014744324525376
BTC,2026-03-10,1772911800,short,0.020882446856090198,1,0,-0.79,-0.4414936257454443
BTC,2026-03-09,1772911800,short,0.020324028693345153,2,1,0.11000000000000001,0.2053963016174662
BTC,2026-03-10,1772914500,short,0.020934370730339324,2,1,0.041999999999999926,-0.04044762742489759
ETH,2026-03-09,1772914500,long,0.028400182090447146,2,1,-0.41000000000000003,-0.36991959012254055
BTC,2026-03-10,1772915400,long,0.020384536192593172,2,1,0.89,0.7067296754638943
BTC,2026-03-08,1772919900,long,0.027728115800829123,2,1,-0.29,-0.2594770018536604
ETH,2026-03-08,1772919900,long,0.027472893052469027,2,1,-0.225,-0.0768041034183978
BTC,2026-03-09,1772924400,long,0.02230109287756643,2,1,-0.29000000000000004,-0.2601840849019102
ETH,2026-03-10,1772932500,short,0.02540015813396368,1,0,0.61,0.2664296321211795
BTC,2026-03-10,1772933400,short,0.023153637284502482,2,1,0.19399999999999995,0.055717621771318365
SOL,2026-03-10,1772938800,long,0.03616165493891166,0,0,0.0,0.0
SOL,2026-03-10,1772938800,short,0.02383834506108834,1,0,-0.08,-0.25628461919163115
SOL,2026-03-10,1772938800,long,0.03503587772094652,1,0,-0.08,-0.25628461919163115
SOL,2026-03-09,1772938800,short,0.04914128898946318,1,0,-0.26,-0.059051977802087124
SOL,2026-03-10,1772938800,long,0.03616165493891166,0,0,0.0,0.0
SOL,2026-03-10,1772938800,short,0.02383834506108834,1,0,-0.08,-0.25628461919163115
SOL,2026-03-10,1772940600,long,0.026048883370756393,1,0,0.020000000000000018,-0.008085014322051862
ETH,2026-03-08,1772942400,long,0.05607977387959262,2,1,-0.15100000000000002,-0.1713315343977876
BTC,2026-03-09,1772945100,short,0.02176834154684737,2,1,0.23299999999999998,0.11187114746015658
SOL,2026-03-09,1772946900,long,0.027061727976820382,1,0,0.04800000000000004,0.10667401959385336
BTC,2026-03-08,1772948700,long,0.02408250637343068,2,1,-0.128,-0.12587038708151138
SOL,2026-03-10,1772949600,long,0.03366653454819857,0,0,0.0,0.0
ETH,2026-03-10,1772956800,short,0.027247541762286276,1,0,-0.61,-0.2438109378074273
ETH,2026-03-10,1772956800,long,0.022752458237713657,2,1,0.7699999999999999,0.6003204278695675
ETH,2026-03-10,1772956800,long,0.035880888303031266,1,0,-0.29000000000000004,0.050149102784640465
ETH,2026-03-10,1772956800,short,0.025499341503816497,0,0,0.0,0.0
BTC,2026-03-10,1772957700,long,0.025851090808503896,2,1,-0.22000000000000008,-0.18442616006977386
BTC,2026-03-10,1772957700,short,0.024148909191495926,1,0,-0.32999999999999996,0.10321126713787665
ETH,2026-03-10,1772958600,long,0.02012588034583973,1,0,0.03700000000000003,0.09979233138342643
SOL,2026-03-10,1772968500,long,0.03908847347711286,0,0,0.0,0.0
SOL,2026-03-10,1772968500,short,0.026911526522887086,2,1,0.29799999999999993,-0.002789869542786816
BTC,2026-03-11,1772986500,short,0.024213322077355937,2,1,0.20999999999999996,0.20051647837123324
BTC,2026-03-11,1772986500,short,0.028636523555879645,2,1,0.18200000000000005,0.12874167190990077
BTC,2026-03-11,1772986500,long,0.03483054264755325,2,1,0.9,0.8221800194800718
BTC,2026-03-11,1772986500,long,0.027321899499401336,2,1,-0.15000000000000002,-0.19662408287051983
SOL,2026-03-11,1772986500,long,0.02082474452994476,1,0,-0.09,-0.1843785662214854
ETH,2026-03-10,1772986500,long,0.03088721257105509,1,0,0.09999999999999998,0.2846828894086415
SOL,2026-03-11,1772986500,long,0.10968018822744274,0,0,0.0,0.0
SOL,2026-03-11,1772986500,short,0.07992793502107398,1,0,-0.04700000000000004,0.0023463869344958477
ETH,2026-03-11,1772986500,long,0.021993560880769092,2,1,-0.27,-0.2714536316436782
ETH,2026-03-09,1772986500,long,0.02410966947753379,2,1,0.8,0.556787729014631
ETH,2026-03-11,1772986500,short,0.029382751385055195,1,0,-0.05300000000000005,0.034667646332299795
ETH,2026-03-11,1772986500,long,0.03631159018500418,0,0,0.0,0.0
ETH,2026-03-09,1772986500,short,0.02365499769926316,2,1,0.2479999999999999,0.05156878746896151
ETH,2026-03-10,1772988300,short,0.020443634658330767,2,1,0.248,0.06463230318182411
BTC,2026-03-10,1772988300,long,0.03303934905851036,2,1,-0.17000000000000004,-0.2860255754577252
ETH,2026-03-11,1772988300,short,0.025824805600646927,2,1,0.238,0.14216211645946167
SOL,2026-03-11,1772989200,long,0.031258672708103674,1,0,-0.03500000000000003,0.02465757242501384
BTC,2026-03-09,1772990100,short,0.03523159964969591,2,1,0.08899999999999997,0.017110588973393792
SOL,2026-03-11,1772992800,short,0.02084962821340064,0,0,0.0,0.0
SOL,2026-03-11,1772992800,long,0.031150371786599296,0,0,0.0,0.0
ETH,2026-03-10,1772992800,long,0.030552544554869332,2,1,-0.31999999999999995,-0.3480715041123633
BTC,2026-03-11,1772993700,long,0.023434351133992948,2,1,-0.17000000000000004,-0.16487966634277298
SOL,2026-03-10,1772993700,long,0.02636046453470442,1,0,-0.02300000000000002,0.06460039079698388
ETH,2026-03-11,1772994600,long,0.02464939680817313,0,0,0.0,0.0
BTC,2026-03-10,1772995500,long,0.020497769980377,2,1,-0.20999999999999996,-0.2090573239322806
ETH,2026-03-11,1772997300,long,0.02131179178519238,0,0,0.0,0.0
ETH,2026-03-11,1772997300,short,0.021724861164413745,2,1,0.30999999999999994,0.3061199219166142
ETH,2026-03-11,1772999100,long,0.020734353124972404,1,0,0.134,0.017206058756760303
BTC,2026-03-09,1772999100,long,0.028071637013847184,2,1,0.75,0.6396036852337892
ETH,2026-03-09,1773000900,long,0.03591650948352254,2,1,-0.47,-0.43146308946745265
SOL,2026-03-11,1773001800,short,0.027118520997108653,0,0,0.0,0.0
SOL,2026-03-11,1773001800,long,0.05288147900289131,0,0,0.0,0.0
ETH,2026-03-11,1773002700,short,0.02048970190388666,0,0,0.0,0.0
BTC,2026-03-11,1773005400,long,0.02022231899017579,1,0,-0.11,-0.25598189238792934
BTC,2026-03-10,1773006300,long,0.025225145459943032,2,1,0.8999999999999999,0.7213611340180803
BTC,2026-03-09,1773010800,long,0.02405299959154794,2,1,-0.33000000000000007,-0.44335942064435796
SOL,2026-03-09,1773013500,short,0.02575064489465395,1,0,-0.02100000000000002,-0.01918149378865677
SOL,2026-03-11,1773016200,long,0.022020379994240002,0,0,0.0,0.0
SOL,2026-03-11,1773016200,short,0.032979620005759935,0,0,0.0,0.0
SOL,2026-03-09,1773016200,long,0.02948049419692267,2,1,-0.19999999999999996,0.08340249576893799
ETH,2026-03-10,1773019800,short,0.02541636638663336,2,1,0.3899999999999999,0.3679013071855953
BTC,2026-03-10,1773021600,short,0.030401450974234745,2,1,0.15900000000000003,-0.04795179896994403
SOL,2026-03-10,1773026100,long,0.059066113776180096,1,0,0.19999999999999996,-0.027443847924216502
ETH,2026-03-09,1773026100,short,0.03035253011087935,2,1,0.4700000000000001,0.36838129544030185
ETH,2026-03-11,1773027000,short,0.02842414767839696,0,0,0.0,0.0
SOL,2026-03-10,1773028800,long,0.02543559945822671,1,0,0.08999999999999997,0.2435743934700526
SOL,2026-03-10,1773028800,short,0.024564400541773168,2,1,-0.29,-0.09730286956122333
SOL,2026-03-10,1773029700,long,0.026480627525310663,1,0,-0.21999999999999997,0.12663399860291347
SOL,2026-03-09,1773033300,long,0.04967775638741956,2,1,0.15500000000000003,0.04823546921562599
BTC,2026-03-09,1773036900,short,0.020951723833452562,2,1,0.1399999999999999,-0.003042018945074526
BTC,2026-03-09,1773049500,short,0.023754333654635862,2,1,0.10700000000000001,0.17092717111685285
BTC,2026-03-10,1773051300,short,0.02312784787087596,2,1,0.29000000000000004,0.15697084870439218
ETH,2026-03-10,1773052200,long,0.023193336563539058,2,1,-0.09499999999999997,-0.24248593270827715
BTC,2026-03-09,1773063000,short,0.023186153175369983,2,1,0.17999999999999994,0.15040133693528565
BTC,2026-03-11,1773063900,short,0.024511571698944357,2,1,0.26,0.25112936243802947
SOL,2026-03-12,1773072900,long,0.09018907793502917,1,0,-0.19999999999999996,-0.128796324571811
BTC,2026-03-12,1773072900,long,0.023578663813027978,2,1,0.83,0.7907062678072103
SOL,2026-03-12,1773072900,short,0.052285730619321014,2,1,-0.39999999999999997,-0.3968240495023304
SOL,2026-03-12,1773072900,long,0.027714269380679113,1,0,0.22999999999999998,0.29802772493051943
BTC,2026-03-12,1773072900,short,0.024427885134864935,2,1,0.20000000000000007,0.16620714351961083
BTC,2026-03-12,1773072900,long,0.020470519436417423,2,1,-0.10000000000000003,-0.1507245917644464
SOL,2026-03-12,1773072900,short,0.052285730619321014,2,1,-0.39999999999999997,-0.3968240495023304
SOL,2026-03-12,1773072900,long,0.027714269380679113,1,0,0.22999999999999998,0.29802772493051943
SOL,2026-03-12,1773072900,long,0.0453633998811771,2,1,-0.15399999999999997,-0.21211911677846504
BTC,2026-03-11,1773072900,short,0.021265757484067005,2,1,0.21999999999999997,0.164786524303732
ETH,2026-03-12,1773072900,long,0.04459320784565746,1,0,-0.27,-0.38342180051190966
ETH,2026-03-12,1773072900,long,0.022664613727450433,2,1,0.73,0.7163277446843778
BTC,2026-03-12,1773073800,short,0.024236473669310588,2,1,0.24,0.236264523906677
ETH,2026-03-12,1773073800,long,0.0222218619776251,2,1,-0.05499999999999995,-0.09070923748801987
ETH,2026-03-12,1773073800,long,0.030688006187139738,2,1,-0.20000000000000007,-0.1632635516327954
ETH,2026-03-12,1773073800,long,0.03406530851784839,2,1,0.7400000000000001,0.7308512869554399
ETH,2026-03-12,1773073800,short,0.03593469148215178,2,1,-0.67,-0.6608512869554398
ETH,2026-03-12,1773074700,short,0.021736178933750683,2,1,0.1299999999999999,0.09234272468286096
SOL,2026-03-12,1773075600,long,0.05400522064754831,2,1,-0.15399999999999997,-0.20434675753895326
SOL,2026-03-12,1773075600,short,0.020994779352451753,2,1,0.229,0.2793467575389533
ETH,2026-03-10,1773075600,long,0.02905205146630041,2,1,0.5299999999999999,0.4481643820749512
ETH,2026-03-12,1773075600,short,0.022493825287880354,2,1,0.26,0.22039863967756068
ETH,2026-03-12,1773076500,short,0.026110634996487248,1,0,-0.041,-0.06021896269658567
BTC,2026-03-10,1773076500,long,0.020774212709508078,2,1,-0.38,-0.3657082019761817
ETH,2026-03-12,1773077400,short,0.022132129176602233,0,0,0.0,0.0
ETH,2026-03-12,1773077400,long,0.03786787082339793,0,0,0.0,0.0
SOL,2026-03-11,1773079200,long,0.048597503349270266,1,0,0.17999999999999994,0.19665995082764243
ETH,2026-03-12,1773080100,long,0.021408536562084635,1,0,-0.050000000000000044,0.007902327352235582
SOL,2026-03-11,1773081000,long,0.030060298230079274,0,0,0.0,0.0
BTC,2026-03-12,1773082800,short,0.020500327478699787,1,0,-0.10999999999999999,-0.004175879542250668
BTC,2026-03-12,1773083700,long,0.026738531936734145,1,0,-0.6699999999999999,-0.4763695330441539
BTC,2026-03-11,1773083700,long,0.020659617633697502,2,1,-0.27,-0.2984695349951605
ETH,2026-03-11,1773084600,short,0.029715849922749005,2,1,0.25,0.2494392096756466
ETH,2026-03-11,1773084600,long,0.027998988867010244,1,0,0.32999999999999996,0.328970887559679
ETH,2026-03-11,1773084600,long,0.02224529445334511,1,0,-0.3,-0.30105228756338737
SOL,2026-03-12,1773085500,long,0.03406973689717763,0,0,0.0,0.0
BTC,2026-03-11,1773085500,long,0.026552746714343378,2,1,0.7899999999999999,0.7175313740771634
BTC,2026-03-10,1773086400,short,0.03438424207007884,1,0,-0.067,-0.1968627127756772
SOL,2026-03-12,1773090000,long,0.03827935097336277,0,0,0.0,0.0
SOL,2026-03-11,1773090900,short,0.02163384796957618,0,0,0.0,0.0
SOL,2026-03-11,1773090900,long,0.028366152030423697,0,0,0.0,0.0
BTC,2026-03-10,1773091800,long,0.022566532524469274,2,1,-0.2300000000000001,0.11825839104006647
SOL,2026-03-10,1773096300,long,0.028148443764252296,1,0,-0.08,-0.21499432557228126
ETH,2026-03-12,1773104400,long,0.027142063093941404,1,0,-0.15000000000000002,-0.038326867403917025
ETH,2026-03-10,1773107100,short,0.022482945562888768,1,0,-0.04500000000000004,0.06461130603810307
ETH,2026-03-11,1773109800,long,0.03139269573541714,2,1,-0.27,-0.2093299060221206
ETH,2026-03-10,1773109800,long,0.02540593025402038,2,1,-0.28800000000000003,0.022570810691955268
BTC,2026-03-12,1773109800,short,0.025389848920549407,2,1,0.16,0.20056466753331173
BTC,2026-03-12,1773109800,long,0.02152886465745496,2,1,-0.15000000000000002,-0.11616481069593702
BTC,2026-03-10,1773110700,long,0.024610131180291095,2,1,0.553,0.43188185700062853
SOL,2026-03-10,1773116100,long,0.029001754855331185,2,1,0.09500000000000008,0.1458139933816172
SOL,2026-03-11,1773116100,long,0.0287713060114394,1,0,-0.08999999999999997,-0.09594435838181381
ETH,2026-03-11,1773127800,short,0.022750408190589377,1,0,-0.25,-0.2588111635632892
ETH,2026-03-11,1773129600,short,0.02890186539484696,2,1,0.24000000000000005,0.2381888016844624
BTC,2026-03-12,1773131400,short,0.02473198225799389,2,1,-0.71,-0.7097661105549542
SOL,2026-03-11,1773132300,short,0.02901671749000123,1,0,-0.020999999999999998,-0.014774703827979064
BTC,2026-03-10,1773133200,short,0.023472243782707958,2,1,0.12000000000000002,0.2357690097616481
ETH,2026-03-10,1773138600,short,0.030752869359762403,2,1,0.14699999999999994,0.25900740263753663
BTC,2026-03-10,1773139500,short,0.022077404928714572,2,1,0.22199999999999998,0.011972269717484996
XRP,2026-03-11,1773145800,short,0.022386962764878393,1,0,-0.06000000000000005,-0.0654816500142458
XRP,2026-03-11,1773145800,long,0.02761303723512154,1,0,0.41999999999999993,0.4054825067126287
XRP,2026-03-11,1773145800,short,0.02066940500549097,1,0,0.07000000000000006,0.06717711724898581
XRP,2026-03-12,1773145800,long,0.03358671497802668,0,0,0.0,0.0
XRP,2026-03-12,1773145800,short,0.04241328502197339,0,0,0.0,0.0
XRP,2026-03-11,1773145800,short,0.022386962764878393,1,0,-0.06000000000000005,-0.0654816500142458
XRP,2026-03-11,1773145800,long,0.02761303723512154,1,0,0.41999999999999993,0.4054825067126287
XRP,2026-03-11,1773145800,long,0.052088195434154105,1,0,0.07000000000000006,0.06717711724898581
XRP,2026-03-12,1773145800,long,0.03358671497802668,0,0,0.0,0.0
XRP,2026-03-12,1773145800,short,0.04241328502197339,0,0,0.0,0.0
XRP,2026-03-11,1773145800,long,0.024198143087317714,2,1,-0.04500000000000004,-0.05023704731299188
XRP,2026-03-12,1773146700,long,0.11068365039158135,0,0,0.0,0.0
XRP,2026-03-12,1773146700,short,0.03931634960841873,1,0,-0.09999999999999998,-0.12962815330867045
XRP,2026-03-12,1773146700,long,0.11068365039158135,0,0,0.0,0.0
XRP,2026-03-12,1773146700,short,0.03931634960841873,1,0,-0.09999999999999998,-0.12962815330867045
XRP,2026-03-11,1773147600,short,0.020004521824258603,1,0,0.45999999999999996,0.4140160221938532
XRP,2026-03-11,1773147600,long,0.03999547817574145,1,0,0.07000000000000006,0.06040041987586599
XRP,2026-03-12,1773148500,long,0.05428367309778093,0,0,0.0,0.0
XRP,2026-03-12,1773149400,long,0.027826503078083542,1,0,-0.09999999999999998,-0.15103527453829071
XRP,2026-03-12,1773149400,short,0.02917349692191651,1,0,-0.028000000000000025,-0.02800002044324469
XRP,2026-03-12,1773149400,long,0.027826503078083542,1,0,-0.09999999999999998,-0.15103527453829071
XRP,2026-03-12,1773149400,short,0.02917349692191651,1,0,-0.028000000000000025,-0.02800002044324469
XRP,2026-03-12,1773151200,long,0.09374394603900305,0,0,0.0,0.0
BTC,2026-03-11,1773154800,long,0.02068754437681064,2,1,-0.28400000000000003,-0.16274235144672916
BTC,2026-03-12,1773155700,long,0.020698362717833207,2,1,-0.08699999999999997,-0.04012194782160674
BTC,2026-03-11,1773155700,short,0.023275322715933466,2,1,0.21999999999999997,0.3084745092947814
ETH,2026-03-13,1773159300,short,0.030169036875169253,0,0,0.0,0.0
ETH,2026-03-12,1773159300,long,0.045265396147829984,2,1,0.6599999999999999,0.6580692357007158
ETH,2026-03-13,1773159300,long,0.03297612131921479,1,0,0.28,0.13423241486434015
ETH,2026-03-13,1773159300,short,0.021359114138415847,1,0,-0.15000000000000002,-0.25546680007907974
ETH,2026-03-13,1773159300,long,0.03942304078586756,0,0,0.0,0.0
BTC,2026-03-13,1773160200,long,0.02020907816825046,1,0,-0.42,-0.47861753391378076
ETH,2026-03-12,1773160200,long,0.021165866610536765,2,1,-0.14,-0.1577773391623858
ETH,2026-03-12,1773160200,long,0.02457964795653389,2,1,0.6499999999999999,0.6401030565271715
ETH,2026-03-12,1773160200,short,0.025420352043465932,2,1,-0.6000000000000001,-0.5901030565271717
SOL,2026-03-12,1773161100,short,0.04716731037640942,1,0,-0.36,-0.20734825139321336
SOL,2026-03-12,1773161100,long,0.042832689623590436,2,1,0.4999999999999999,0.3994340546246873
BTC,2026-03-12,1773161100,short,0.020155369506347776,1,0,0.30999999999999994,0.44350358903359033
ETH,2026-03-12,1773161100,long,0.0240864952962494,0,0,0.0,0.0
ETH,2026-03-13,1773161100,short,0.032026276081806526,1,0,0.26,0.1522918317423377
ETH,2026-03-13,1773161100,long,0.037973723918193425,0,0,0.0,0.0
ETH,2026-03-13,1773161100,short,0.036890419961516874,0,0,0.0,0.0
ETH,2026-03-13,1773161100,long,0.02310958003848329,1,0,0.26,0.1522918317423377
SOL,2026-03-12,1773161100,long,0.044952721589658795,0,0,0.0,0.0
SOL,2026-03-12,1773161100,short,0.04716731037640942,1,0,-0.36,-0.20734825139321336
SOL,2026-03-12,1773161100,long,0.042832689623590436,2,1,0.4999999999999999,0.3994340546246873
BTC,2026-03-13,1773161100,short,0.022139156125113857,1,0,-0.41000000000000003,-0.4666725708547898
ETH,2026-03-13,1773161100,long,0.02228710646333676,0,0,0.0,0.0
ETH,2026-03-13,1773161100,long,0.0225295763727007,1,0,-0.16,-0.25056992695365526
ETH,2026-03-13,1773162000,long,0.0254913878298606,1,0,0.5800000000000001,0.43157313747809767
BTC,2026-03-13,1773162900,long,0.020177855654286203,1,0,0.35,0.28405981835804106
BTC,2026-03-13,1773163800,long,0.025325216575885934,1,0,0.18999999999999995,0.12605600695847372
ETH,2026-03-13,1773163800,long,0.02312322270988898,1,0,-0.14,-0.24618968013485287
ETH,2026-03-13,1773163800,short,0.02487677729011084,0,0,0.0,0.0
ETH,2026-03-12,1773163800,short,0.023721976637089415,1,0,-0.09999999999999999,-0.09636004435186804
BTC,2026-03-12,1773164700,long,0.024225713498288393,2,1,-0.19,-0.16589849500805495
BTC,2026-03-13,1773164700,short,0.02558837167317818,2,1,0.14,0.09899918587297456
ETH,2026-03-12,1773164700,short,0.02621564292844758,1,0,0.27,0.2542371390398502
SOL,2026-03-11,1773166500,long,0.02004407986174961,1,0,0.0040000000000000036,0.03827447953837598
BTC,2026-03-11,1773168300,short,0.031976600200498306,2,1,0.132,0.11654038338729797
SOL,2026-03-11,1773168300,long,0.020182002351762707,2,1,-0.106,-0.053144262727078645
BTC,2026-03-12,1773168300,long,0.023869346445162698,2,1,0.73,0.7228687832003049
BTC,2026-03-11,1773170100,short,0.021727804948914353,2,1,0.13799999999999993,0.15726791783115843
ETH,2026-03-11,1773171000,long,0.047506225846983385,2,1,0.48,0.44918637961255253
BTC,2026-03-11,1773171900,long,0.024704196737950657,2,1,0.63,0.6019951380606402
ETH,2026-03-11,1773172800,short,0.032114702363610914,2,1,0.262,0.2089643113335558
BTC,2026-03-12,1773173700,short,0.021477770004844743,2,1,0.15100000000000002,0.1416532823817582
BTC,2026-03-12,1773176400,long,0.020503270779343108,2,1,-0.2300000000000001,-0.22737830645300297
BTC,2026-03-11,1773178200,long,0.02634615355893577,2,1,-0.36,-0.32414813411689536
BTC,2026-03-13,1773179100,short,0.020631958268279127,2,1,0.26,0.223691060135354
BTC,2026-03-13,1773179100,long,0.02936804173172103,2,1,-0.21000000000000008,-0.17369106013535407
ETH,2026-03-12,1773179100,short,0.025906121225338308,1,0,-0.02100000000000002,-0.004137063055786327
BTC,2026-03-13,1773179100,short,0.021422034687118896,2,1,0.08999999999999997,0.02666576342686182
SOL,2026-03-11,1773188100,short,0.024945054736835698,2,1,-0.12000000000000002,-0.09305950338772541
BTC,2026-03-11,1773207900,short,0.020205377527069968,2,1,-0.6900000000000001,-0.526165111753354
BTC,2026-03-12,1773237600,short,0.020068532854171317,2,1,0.173,0.18287285419911223
ETH,2026-03-13,1773244800,short,0.023474739824046298,1,0,-0.29000000000000004,-0.01925841719981697
ETH,2026-03-13,1773245700,long,0.02135605751022185,1,0,-0.27,-0.020193440662012868
BTC,2026-03-14,1773245700,short,0.02618757652182202,1,0,-0.20999999999999996,-0.1992138320826175
ETH,2026-03-14,1773245700,long,0.04816181888915594,1,0,0.36,0.4215981442142135
ETH,2026-03-14,1773245700,short,0.05183818111084393,2,1,-0.6000000000000001,-0.6022494694446567
ETH,2026-03-14,1773245700,long,0.02244579028158733,2,1,-0.06299999999999994,-0.04092445946194685
ETH,2026-03-14,1773245700,long,0.04816181888915594,1,0,0.36,0.4215981442142135
ETH,2026-03-14,1773245700,short,0.05183818111084393,2,1,-0.6000000000000001,-0.6022494694446567
ETH,2026-03-14,1773245700,short,0.024775723798457383,1,0,0.36,0.4215981442142135
ETH,2026-03-14,1773245700,long,0.03522427620154267,2,1,-0.26899999999999996,-0.31883675017308066
ETH,2026-03-14,1773245700,short,0.024775723798457383,1,0,0.36,0.4215981442142135
ETH,2026-03-14,1773245700,long,0.03522427620154267,2,1,-0.26899999999999996,-0.31883675017308066
ETH,2026-03-14,1773245700,short,0.05455447709358685,1,0,-0.07999999999999996,-0.04991487467577904
ETH,2026-03-13,1773246600,short,0.03763109444276724,1,0,-0.65,-0.39171764969186257
ETH,2026-03-13,1773246600,short,0.034152046362701194,1,0,-0.25,-0.006804414892991467
ETH,2026-03-13,1773246600,long,0.035847953637298646,1,0,-0.65,-0.39171764969186257
ETH,2026-03-13,1773247500,long,0.03918976018343412,1,0,-0.62,-0.3936560353883506
ETH,2026-03-13,1773247500,short,0.030810239816565943,1,0,-0.22999999999999998,-0.04262618790976078
ETH,2026-03-13,1773247500,short,0.03536974720198893,1,0,-0.040000000000000036,0.025723352852420736
BTC,2026-03-14,1773248400,long,0.022222315887781674,2,1,0.76,0.7599612980257534
ETH,2026-03-13,1773248400,long,0.022975390796277972,2,1,0.7499999999999999,0.6240611305649446
BTC,2026-03-14,1773250200,long,0.020054199200773448,1,0,-0.4,-0.31623634507494464
BTC,2026-03-13,1773250200,long,0.020300720423614305,1,0,-0.39,-0.480549152492272
ETH,2026-03-12,1773250200,short,0.03246063031678559,1,0,-0.051000000000000004,-0.03203865461230054
ETH,2026-03-14,1773250200,long,0.02650203412086105,1,0,-0.050000000000000044,-0.059308546248256815
BTC,2026-03-14,1773251100,long,0.023642075989676936,1,0,0.18999999999999995,0.2106024688097251
BTC,2026-03-14,1773251100,short,0.024752056382594256,1,0,-0.34,-0.3105214587444953
BTC,2026-03-14,1773251100,short,0.02522509445535437,2,1,0.1299999999999999,0.13941412180165602
ETH,2026-03-12,1773252000,long,0.02534217484640644,2,1,0.45000000000000007,0.4543764354209669
BTC,2026-03-12,1773254700,long,0.038658255401530894,2,1,0.58,0.5941057962178972
BTC,2026-03-12,1773256500,short,0.03899553427605562,2,1,0.3400000000000001,0.3648775715933618
ETH,2026-03-12,1773265500,short,0.030309050129484483,2,1,-0.38,-0.3870652704762506
BTC,2026-03-13,1773270900,long,0.02514938304112535,2,1,0.69,0.6549460018556392
BTC,2026-03-13,1773278100,short,0.029958330061868432,2,1,0.16699999999999993,0.04382237311061685
ETH,2026-03-14,1773279000,long,0.026630010910268398,1,0,0.08999999999999997,0.05124891361957882
BTC,2026-03-13,1773283500,long,0.022165110552671674,2,1,-0.30000000000000004,-0.22763649021623483
BTC,2026-03-12,1773284400,long,0.03843917069510994,2,1,-0.5,-0.431576716119846
SOL,2026-03-14,1773285300,long,0.06163316794734164,0,0,0.0,0.0
SOL,2026-03-12,1773285300,long,0.02856137279704063,2,1,0.07500000000000007,0.08413685839015962
SOL,2026-03-13,1773285300,long,0.0761671471840073,0,0,0.0,0.0
SOL,2026-03-13,1773286200,long,0.07644378143258534,0,0,0.0,0.0
SOL,2026-03-13,1773286200,short,0.023556218567414744,1,0,-0.08999999999999997,0.09730972484304282
SOL,2026-03-13,1773286200,long,0.026255721497102424,1,0,-0.08999999999999997,0.09730972484304282
SOL,2026-03-14,1773288000,short,0.058450053544089386,0,0,0.0,0.0
SOL,2026-03-14,1773288000,long,0.07154994645591062,1,0,0.20999999999999996,0.29098501151833506
SOL,2026-03-14,1773288000,long,0.04029040630289504,0,0,0.0,0.0
SOL,2026-03-13,1773288000,short,0.021830048145958125,1,0,-0.02300000000000002,-0.020436026512228138
SOL,2026-03-13,1773288000,long,0.025169951854042028,1,0,-0.09999999999999998,0.10851671122735954
ETH,2026-03-12,1773298800,long,0.029992950405584695,2,1,-0.21099999999999997,0.050997288897928594
ETH,2026-03-14,1773300600,short,0.021834255239611355,2,1,0.09299999999999997,0.044354438784121444
SOL,2026-03-14,1773321300,short,0.020530403465278013,1,0,-0.022,-0.01956806602330758
BTC,2026-03-12,1773324000,short,0.06542403287081278,2,1,-0.45000000000000007,-0.23223565159805654
BTC,2026-03-13,1773324000,short,0.033502222863921904,2,1,0.15799999999999995,0.3267672138416283
ETH,2026-03-14,1773332100,long,0.02487078849997504,2,1,0.61,0.6166885592103254
ETH,2026-03-14,1773332100,long,0.03435667132001474,1,0,0.02200000000000002,0.025179677439249877
ETH,2026-03-14,1773333000,short,0.02817887437613409,2,1,0.20799999999999996,0.1852700450148224
ETH,2026-03-14,1773333000,long,0.03672935148410539,2,1,0.62,0.6270375356782975
ETH,2026-03-14,1773333000,short,0.033270648515894674,1,0,-0.21999999999999997,-0.1844627416653794
ETH,2026-03-13,1773333900,short,0.02031983288773659,2,1,0.5499999999999999,0.44014567259555015
SOL,2026-03-13,1773333900,long,0.03971172192373662,0,0,0.0,0.0
ETH,2026-03-13,1773334800,long,0.023353933114091285,2,1,-0.5199999999999999,-0.4126974792863553
BTC,2026-03-14,1773335700,short,0.02194893658726471,2,1,0.2699999999999999,0.2622109188693027
ETH,2026-03-14,1773339300,short,0.023660024103939636,1,0,0.33999999999999997,0.40699950459750484
ETH,2026-03-14,1773339300,long,0.022339975896060293,1,0,0.018000000000000016,0.023711301341422897
ETH,2026-03-13,1773339300,long,0.0245060245350468,2,1,0.796,0.4946211967223208
SOL,2026-03-14,1773339300,long,0.06755923934261276,1,0,-0.050000000000000044,-0.042580059917151344
BTC,2026-03-13,1773357300,long,0.028786139039602032,2,1,0.5299999999999999,0.40093006627880196
ETH,2026-03-13,1773360900,short,0.09783880651748622,2,1,-0.5050000000000001,-0.27118702445900367
BTC,2026-03-14,1773360900,long,0.024200175410114433,2,1,-0.18000000000000005,-0.22220301552994065
BTC,2026-03-13,1773362700,long,0.03993537849043993,2,1,-0.2859999999999999,-0.3545209609826499
BTC,2026-03-14,1773391500,long,0.02858916163590508,2,1,-0.08499999999999996,0.03066221413713212
BTC,2026-03-13,1773396000,short,0.024095556193947765,2,1,0.04100000000000006,0.03488040459381296
BTC,2026-03-14,1773396900,long,0.03357309861057689,2,1,0.7,0.521756597061189
BTC,2026-03-14,1773404100,short,0.0238690969712283,2,1,-0.6699999999999999,-0.4600515997356509
BTC,2026-03-13,1773406800,short,0.054175939925750316,2,1,-0.8180000000000001,-0.5421524892966096
ETH,2026-03-13,1773408600,short,0.0812167513823373,2,1,0.32999999999999996,-0.3439996942786123
BTC,2026-03-14,1773409500,long,0.022362302235229503,2,1,-0.40800000000000003,-0.4970136933046623
ETH,2026-03-16,1773418500,long,0.02073948144222637,0,0,0.0,0.0
ETH,2026-03-16,1773418500,long,0.022605209437640328,2,1,-0.25,-0.050062041350889014
ETH,2026-03-16,1773418500,long,0.03211928571281519,1,0,0.4,-0.066530824347736
ETH,2026-03-16,1773418500,short,0.03032594935139077,1,0,0.15000000000000002,-0.11659286569862498
BTC,2026-03-14,1773419400,short,0.036918474658703015,2,1,0.3289999999999999,0.19827202277920122
ETH,2026-03-16,1773419400,short,0.021885992542603372,1,0,-0.075,-0.24558459675401578
ETH,2026-03-14,1773423900,long,0.032468974258497374,2,1,-0.524,-0.3083066621141405
ETH,2026-03-14,1773423900,short,0.02466095880909125,2,1,-0.5780000000000001,-0.4162099754468216
BTC,2026-03-16,1773423900,long,0.021486015176029216,2,1,0.7799999999999999,0.6807916042069354
BTC,2026-03-16,1773423900,long,0.023872967843404425,2,1,-0.2600000000000001,-0.23957051262366366
BTC,2026-03-14,1773447300,long,0.02185899660464008,2,1,-0.10199999999999998,-0.18305613570009235
ETH,2026-03-14,1773457200,long,0.02447573248187429,2,1,0.42499999999999993,0.2166006189280978
BTC,2026-03-14,1773490500,long,0.020151530858416145,2,1,0.06700000000000006,0.10264939976699733
BTC,2026-03-16,1773504000,short,0.02393897253098476,2,1,0.10799999999999998,-0.04222467462218357
ETH,2026-03-16,1773504900,long,0.031165280170310394,2,1,-0.29000000000000004,-0.7953785572875113
ETH,2026-03-16,1773504900,short,0.020694671795212893,2,1,0.17399999999999993,-0.20981772340892973
ETH,2026-03-17,1773506700,long,0.022079940475717708,2,1,-0.08999999999999997,-0.38607848083467877
ETH,2026-03-17,1773509400,long,0.020481260281532965,2,1,-0.2699999999999999,-0.5453284990252332
BTC,2026-03-16,1773510300,long,0.031684149271290485,2,1,-0.31999999999999995,-0.3606649396696641
ETH,2026-03-17,1773511200,short,0.021266471887065874,1,0,-0.84,-0.3973195639773403
ETH,2026-03-17,1773511200,long,0.020037668949839826,0,0,0.0,0.0
ETH,2026-03-17,1773512100,long,0.025729648124118487,1,0,-0.5700000000000001,0.17798025838246045
ETH,2026-03-17,1773512100,short,0.022210492002776583,1,0,-0.07499999999999996,0.22680654938649958
ETH,2026-03-17,1773513000,long,0.020447522750269176,1,0,-0.25,0.3612943252593026
ETH,2026-03-17,1773513900,short,0.023505660345156332,2,1,0.35,0.21904296021357422
ETH,2026-03-17,1773513900,long,0.0264943396548436,1,0,-0.5700000000000001,0.16171114436984269
BTC,2026-03-17,1773516600,long,0.021206718226590038,2,1,-0.25,-0.2696193152217308
BTC,2026-03-17,1773519300,long,0.02552676847350943,1,0,-0.4,-0.0029985776601635372
ETH,2026-03-17,1773520200,short,0.025163334561983164,2,1,0.2899999999999999,0.5472519944039085
BTC,2026-03-16,1773530100,short,0.023374495348343127,2,1,0.24,0.0661049234967925
BTC,2026-03-17,1773532800,long,0.02854158196432932,2,1,0.7899999999999999,0.6835426469935177
ETH,2026-03-16,1773532800,short,0.024596017826671313,2,1,0.39,0.02001073798513331
ETH,2026-03-16,1773533700,long,0.03381661820084214,2,1,-0.38,-0.004795179705352037
XRP,2026-03-17,1773540000,short,0.05396080617965382,1,0,-0.45999999999999996,0.032140644017008335
XRP,2026-03-17,1773540000,long,0.03603919382034615,0,0,0.0,0.0
XRP,2026-03-16,1773540000,short,0.061547284643791,1,0,-0.06999999999999999,-0.26387229740783896
XRP,2026-03-16,1773540000,long,0.05516600938749594,0,0,0.0,0.0
XRP,2026-03-16,1773540000,long,0.02002105943477872,1,0,-0.06999999999999999,-0.26387229740783896
XRP,2026-03-17,1773540000,long,0.061799886369885204,1,0,-0.45999999999999996,0.032140644017008335
XRP,2026-03-17,1773540000,long,0.05955870211636416,0,0,0.0,0.0
XRP,2026-03-17,1773540000,short,0.05396080617965382,1,0,-0.45999999999999996,0.032140644017008335
XRP,2026-03-17,1773540000,long,0.03603919382034615,0,0,0.0,0.0
SOL,2026-03-17,1773540900,long,0.04961517258158876,1,0,0.6599999999999999,0.29033848996114475
XRP,2026-03-17,1773540900,short,0.026544152824812706,1,0,-0.02100000000000002,-0.008692732329375423
XRP,2026-03-17,1773540900,long,0.053455847175187365,0,0,0.0,0.0
XRP,2026-03-17,1773540900,short,0.026544152824812706,1,0,-0.02100000000000002,-0.008692732329375423
XRP,2026-03-17,1773540900,long,0.053455847175187365,0,0,0.0,0.0
XRP,2026-03-17,1773540900,long,0.025016287669205717,1,0,-0.45999999999999996,-0.019359118102749984
XRP,2026-03-17,1773540900,short,0.04498371233079412,0,0,0.0,0.0
XRP,2026-03-16,1773540900,short,0.028143748492930776,0,0,0.0,0.0
XRP,2026-03-16,1773540900,long,0.06985625150706909,0,0,0.0,0.0
SOL,2026-03-16,1773540900,short,0.04660145454456732,1,0,0.71,0.3003516386998045
SOL,2026-03-17,1773540900,short,0.03501615122263618,1,0,0.6599999999999999,0.29033848996114475
XRP,2026-03-17,1773542700,short,0.021899427843003583,0,0,0.0,0.0
XRP,2026-03-17,1773542700,long,0.06410057215699627,0,0,0.0,0.0
SOL,2026-03-16,1773543600,short,0.04380661916437262,1,0,0.69,0.28429508353681343
SOL,2026-03-16,1773543600,long,0.021193380835627273,0,0,0.0,0.0
XRP,2026-03-17,1773544500,short,0.021548101138778475,1,0,-0.02100000000000002,-0.020933092173196895
XRP,2026-03-17,1773544500,long,0.02045189886122145,0,0,0.0,0.0
XRP,2026-03-17,1773544500,short,0.021548101138778475,1,0,-0.02100000000000002,-0.020933092173196895
XRP,2026-03-17,1773544500,long,0.02045189886122145,0,0,0.0,0.0
XRP,2026-03-16,1773553500,short,0.052756184985043586,2,1,-0.08100000000000002,-0.2139940044263361
XRP,2026-03-17,1773554400,long,0.08511160953190022,0,0,0.0,0.0
XRP,2026-03-17,1773554400,short,0.05488839046809957,0,0,0.0,0.0
XRP,2026-03-17,1773554400,long,0.08511160953190022,0,0,0.0,0.0
XRP,2026-03-17,1773554400,short,0.05488839046809957,0,0,0.0,0.0
SOL,2026-03-17,1773555300,short,0.03109825820288392,0,0,0.0,0.0
SOL,2026-03-17,1773555300,long,0.02890174179711602,0,0,0.0,0.0
BTC,2026-03-16,1773557100,short,0.020402340296281407,2,1,-0.7100000000000001,-0.5804366002079533
XRP,2026-03-16,1773559800,long,0.0406141166775873,0,0,0.0,0.0
ETH,2026-03-17,1773560700,long,0.02197208181602317,0,0,0.0,0.0
SOL,2026-03-17,1773575100,short,0.03467447901267551,0,0,0.0,0.0
SOL,2026-03-17,1773590400,long,0.070472360345752,0,0,0.0,0.0
BTC,2026-03-16,1773591300,long,0.022099980962150267,2,1,0.7,0.5318169819491926
BTC,2026-03-18,1773591300,long,0.025418005717956493,2,1,-0.12000000000000002,-0.11687893903233774
BTC,2026-03-18,1773591300,long,0.021077342790071674,2,1,-0.2,-0.1981877053439656
ETH,2026-03-16,1773591300,long,0.024986080599205485,2,1,-0.38,-0.8868917336183701
ETH,2026-03-18,1773591300,long,0.025124671539141552,1,0,0.22999999999999998,0.41663061100179444
BTC,2026-03-18,1773591300,short,0.033987680663823516,2,1,-0.74,-0.7390170444773647
ETH,2026-03-18,1773591300,short,0.04281650101273515,1,0,-0.20999999999999996,-0.023770352187342025
ETH,2026-03-17,1773595800,long,0.027979197115488352,1,0,-0.8200000000000001,-0.3358044482594292
ETH,2026-03-18,1773597600,short,0.02539263881052367,1,0,-0.44999999999999996,-0.24162034589010353
ETH,2026-03-18,1773597600,long,0.024607361189476373,1,0,0.26,0.4318549061549225
ETH,2026-03-18,1773597600,long,0.024357611695504877,0,0,0.0,0.0
ETH,2026-03-18,1773597600,long,0.026911674762518434,0,0,0.0,0.0
ETH,2026-03-17,1773598500,short,0.02080944716223565,1,0,0.16000000000000003,-0.2796553162955896
ETH,2026-03-18,1773598500,short,0.02446686847911439,2,1,0.15999999999999992,0.0814123972340439
ETH,2026-03-17,1773599400,long,0.023734351579324908,2,1,-0.2899999999999999,-0.008843172216963735
BTC,2026-03-16,1773600300,long,0.02085017664127431,2,1,-0.3600000000000001,-0.25537198044582754
SOL,2026-03-18,1773601200,long,0.03518195773805455,1,0,0.05500000000000005,0.07047015329412146
SOL,2026-03-18,1773601200,short,0.03981804226194552,0,0,0.0,0.0
SOL,2026-03-18,1773601200,long,0.03518195773805455,1,0,0.05500000000000005,0.07047015329412146
SOL,2026-03-18,1773601200,short,0.03981804226194552,0,0,0.0,0.0
SOL,2026-03-18,1773601200,short,0.05054259280860679,0,0,0.0,0.0
ETH,2026-03-17,1773602100,short,0.020488779595115414,1,0,-0.14,0.28477239747739613
BTC,2026-03-18,1773602100,short,0.02325907874419164,2,1,0.17999999999999994,0.18031586630262267
SOL,2026-03-18,1773602100,short,0.05102896047467548,0,0,0.0,0.0
SOL,2026-03-18,1773602100,long,0.028971039525324427,0,0,0.0,0.0
ETH,2026-03-18,1773603000,long,0.02324313776969178,1,0,-0.44999999999999996,-0.24066347917518816
ETH,2026-03-18,1773603000,short,0.021895455140948705,1,0,0.27,0.44116265939590793
ETH,2026-03-16,1773606600,short,0.03280246848183688,2,1,-0.867,-0.4939324204994992
ETH,2026-03-17,1773606600,short,0.03533659616491114,2,1,0.18999999999999995,0.5156353577274146
ETH,2026-03-17,1773607500,long,0.02237173893527289,1,0,-0.929,-0.71391889662535
ETH,2026-03-18,1773608400,short,0.020117733533514315,1,0,-0.038,-0.06795992270889935
ETH,2026-03-18,1773611100,long,0.021530526403868988,2,1,-0.026000000000000023,-0.0012946668816871572
BTC,2026-03-17,1773611100,long,0.02504907548655866,2,1,-0.1100000000000001,-0.01632880369426204
SOL,2026-03-18,1773614700,long,0.026615375520431805,0,0,0.0,0.0
ETH,2026-03-17,1773614700,short,0.0222322817463827,2,1,-0.886,-0.7132064510834878
ETH,2026-03-18,1773614700,short,0.023878702000035057,2,1,0.05399999999999996,0.06125286196875629
SOL,2026-03-18,1773615600,long,0.023137514482071464,0,0,0.0,0.0
SOL,2026-03-16,1773615600,long,0.06546473639512107,2,1,0.26,0.21136041530346114
ETH,2026-03-17,1773616500,short,0.021994243240216815,1,0,0.52,0.11167866542368915
ETH,2026-03-16,1773616500,long,0.0301587482209984,2,1,0.636,0.39285710669805074
ETH,2026-03-16,1773616500,short,0.03526310445338399,2,1,0.10300000000000001,0.24312379490772623
XRP,2026-03-18,1773618300,long,0.03617921895101395,2,1,-0.02400000000000002,-0.03108372196001713
XRP,2026-03-18,1773618300,long,0.07801424106830512,2,1,-0.14000000000000004,-0.12770888961528254
XRP,2026-03-18,1773618300,short,0.10291162824214206,2,1,-0.5,-0.5011296899443861
XRP,2026-03-17,1773618300,long,0.039570826041509743,2,1,0.09299999999999997,0.10763330147635332
XRP,2026-03-18,1773618300,long,0.05347803245195659,2,1,-0.20999999999999996,-0.22423997658102154
SOL,2026-03-16,1773619200,short,0.025019986548651812,1,0,-0.020999999999999998,-0.028367994878029993
XRP,2026-03-17,1773620100,short,0.06463274212911488,1,0,-0.19999999999999996,0.06438524628105319
XRP,2026-03-17,1773620100,long,0.03136725787088501,1,0,0.07299999999999995,0.13594852221588566
XRP,2026-03-17,1773620100,short,0.06463274212911488,1,0,-0.19999999999999996,0.06438524628105319
XRP,2026-03-17,1773620100,long,0.03136725787088501,1,0,0.07299999999999995,0.13594852221588566
XRP,2026-03-18,1773620100,short,0.06488522241062639,0,0,0.0,0.0
XRP,2026-03-18,1773620100,long,0.025114777589373638,1,0,0.09999999999999998,0.08694021328947375
XRP,2026-03-18,1773620100,short,0.06488522241062639,0,0,0.0,0.0
XRP,2026-03-18,1773620100,long,0.025114777589373638,1,0,0.09999999999999998,0.08694021328947375
XRP,2026-03-18,1773621000,short,0.021678692082372608,1,0,0.30000000000000004,0.2782514245522195
XRP,2026-03-18,1773621000,long,0.08832130791762727,2,1,-0.13000000000000003,-0.1167024283886986
XRP,2026-03-18,1773621000,short,0.09982126645595302,2,1,-0.5,-0.5011389950909747
XRP,2026-03-18,1773621000,long,0.02017873354404709,1,0,0.30000000000000004,0.2782514245522195
SOL,2026-03-18,1773622800,long,0.06543271998563549,0,0,0.0,0.0
XRP,2026-03-18,1773622800,short,0.02056542154699803,1,0,0.09999999999999998,0.10629402943388858
XRP,2026-03-18,1773622800,long,0.03443457845300202,0,0,0.0,0.0
XRP,2026-03-18,1773624600,short,0.020417932901026115,0,0,0.0,0.0
XRP,2026-03-18,1773624600,long,0.11958206709897379,1,0,-0.26,-0.2728332383418166
XRP,2026-03-16,1773626400,long,0.04004520740375983,2,1,-0.07999999999999999,-0.2826066672952681
XRP,2026-03-17,1773626400,short,0.0994797034265632,2,1,0.6,0.6211416430781785
XRP,2026-03-17,1773626400,long,0.0305202965734368,1,0,-0.74,-0.4679592717709871
XRP,2026-03-17,1773626400,short,0.0994797034265632,2,1,0.6,0.6211416430781785
XRP,2026-03-17,1773626400,long,0.0305202965734368,1,0,-0.74,-0.4679592717709871
XRP,2026-03-17,1773626400,short,0.035808001727329564,1,0,-0.74,-0.4679592717709871
XRP,2026-03-17,1773626400,long,0.08619199827267043,2,1,0.8829999999999999,0.6697415202941959
BTC,2026-03-18,1773626400,long,0.020262505808796627,2,1,-0.09000000000000008,-0.13457341203099454
XRP,2026-03-17,1773626400,long,0.07868623735077307,1,0,-0.21999999999999997,0.07318237130719146
XRP,2026-03-16,1773626400,long,0.02875452994494032,1,0,0.15000000000000002,0.3563415452681191
XRP,2026-03-16,1773626400,short,0.08124547005505964,2,1,-0.18999999999999997,-0.15984638771391813
SOL,2026-03-17,1773627300,long,0.0853864652867733,1,0,0.37,0.22543543193357543
SOL,2026-03-17,1773627300,short,0.036613534713226425,1,0,-0.30000000000000004,-0.15543543193357548
SOL,2026-03-17,1773627300,long,0.05659365775807568,1,0,-0.30000000000000004,-0.15543543193357548
SOL,2026-03-17,1773627300,short,0.02040634224192439,1,0,0.37,0.22543543193357543
BTC,2026-03-16,1773630000,short,0.0208612018458324,1,0,-0.07000000000000006,-0.009533153458316963
BTC,2026-03-17,1773631800,short,0.029155048439834408,1,0,0.14,0.2196898925432683
ETH,2026-03-17,1773631800,short,0.10063286220064444,1,0,-0.37,0.0648998983846143
BTC,2026-03-16,1773631800,short,0.04883235465510438,1,0,0.28,0.3613809567076146
BTC,2026-03-16,1773632700,long,0.03597474394428257,2,1,-0.36300000000000004,-0.2614987586728692
BTC,2026-03-18,1773632700,short,0.021684859565370584,2,1,0.24999999999999994,0.2911209491143213
ETH,2026-03-17,1773632700,short,0.024792920119200756,2,1,0.07599999999999998,0.15188013864143862
ETH,2026-03-17,1773632700,long,0.02136951881661453,1,0,0.09699999999999998,0.19622454240271076
BTC,2026-03-17,1773632700,long,0.036514681818696104,2,1,-0.26000000000000006,-0.2698714552949654
ETH,2026-03-16,1773635400,short,0.023453123875343596,2,1,0.17099999999999993,0.08636410660113243
BTC,2026-03-17,1773636300,long,0.024497253236488215,2,1,0.72,0.7314869051866458
BTC,2026-03-18,1773637200,long,0.02072107793493161,2,1,-0.13900000000000004,-0.032324577399480955
ETH,2026-03-16,1773637200,long,0.025929097597004347,2,1,-0.22199999999999998,-0.27111809958883115
BTC,2026-03-17,1773671400,short,0.030717068061113073,2,1,0.19399999999999995,0.16311117651122373
ETH,2026-03-18,1773674100,long,0.03309175992347568,1,0,0.07400000000000007,-0.023519754068954193
BTC,2026-03-18,1773675000,short,0.021293450449628826,2,1,0.17,0.052947036122322835
BTC,2026-03-17,1773675000,short,0.023174431177339083,2,1,0.35,0.3605968772318299
BTC,2026-03-18,1773677700,long,0.022654496077885167,1,0,0.41999999999999993,0.17408546465884414
BTC,2026-03-19,1773677700,short,0.023292885447793177,2,1,0.24,0.27056572775591653
ETH,2026-03-19,1773677700,long,0.031586247140276136,1,0,0.22999999999999998,-0.07384964221771961
ETH,2026-03-19,1773677700,long,0.021984794026502996,1,0,0.09699999999999998,-0.07153692748361717
ETH,2026-03-19,1773677700,short,0.02720360554651735,1,0,0.09699999999999998,-0.07153692748361717
BTC,2026-03-19,1773677700,long,0.04690023795231424,2,1,-0.16000000000000003,-0.07217724373888695
ETH,2026-03-19,1773678600,short,0.021786819004954827,1,0,0.72,0.3517706743457668
BTC,2026-03-19,1773679500,short,0.02768473303160046,1,0,0.85,0.5637392762028983
ETH,2026-03-19,1773679500,short,0.027727268227718316,0,0,0.0,0.0
BTC,2026-03-19,1773679500,long,0.021060846703394365,1,0,0.12,-0.11520915673161064
ETH,2026-03-19,1773681300,long,0.027328790856267382,1,0,0.77,0.3828808069981364
ETH,2026-03-19,1773681300,short,0.02267120914373244,0,0,0.0,0.0
ETH,2026-03-19,1773681300,short,0.02935424073877302,1,0,-0.03500000000000003,-0.14626329785298636
ETH,2026-03-19,1773682200,long,0.02025031348111539,1,0,0.52,0.04510877197567975
ETH,2026-03-19,1773682200,long,0.024718104475795366,1,0,0.125,-0.1010082529951187
ETH,2026-03-19,1773682200,short,0.023281895524204566,1,0,0.2849999999999999,-0.10261836989071599
ETH,2026-03-18,1773684000,long,0.020988578408753122,1,0,0.248,-0.08192937252781834
ETH,2026-03-19,1773685800,short,0.02191945291658648,1,0,0.61,0.05843488351946735
BTC,2026-03-18,1773688500,long,0.024993812401184146,2,1,-0.26,-0.18586359069610914
ETH,2026-03-18,1773690300,short,0.03035437108663408,2,1,0.28,0.4713892500474668
ETH,2026-03-19,1773694800,long,0.020044228879730897,2,1,-0.018000000000000016,-0.13833343269134302
ETH,2026-03-19,1773694800,long,0.020862468522715893,0,0,0.0,0.0
ETH,2026-03-17,1773695700,short,0.035042139489822155,2,1,0.22999999999999998,0.3339484534707434
ETH,2026-03-18,1773705600,short,0.025712247305921476,2,1,-0.91,-0.7466440503332203
BTC,2026-03-17,1773705600,long,0.03267781948452786,2,1,-0.16799999999999998,-0.03607514080741517
BTC,2026-03-17,1773705600,short,0.024037352098555398,2,1,-0.7400000000000001,-0.6118976787696278
BTC,2026-03-19,1773712800,long,0.020741366083296908,1,0,-0.24000000000000002,0.3535893307250385
ETH,2026-03-17,1773715500,short,0.029578679816747444,2,1,-0.45300000000000007,-0.42359447222750723
BTC,2026-03-17,1773719100,long,0.05537923483365481,2,1,-0.42999999999999994,-0.3837491324235121
ETH,2026-03-17,1773720000,long,0.032776717187184445,2,1,-0.29999999999999993,-0.31191879447321463
ETH,2026-03-17,1773720900,long,0.020139492621212396,2,1,0.496,0.5172413758558514
ETH,2026-03-18,1773727200,long,0.02075162417716947,0,0,0.0,0.0
BTC,2026-03-17,1773729900,long,0.022584434669449704,2,1,0.575,0.5696484345247903
ETH,2026-03-18,1773734400,short,0.02742415053803282,1,0,-0.259,0.15229407641924153
ETH,2026-03-18,1773744300,short,0.021215119463822374,2,1,0.15599999999999997,-0.06286153321477997
BTC,2026-03-19,1773758700,long,0.023345565586971873,2,1,-0.21000000000000008,-0.3608252093105927
BTC,2026-03-19,1773758700,long,0.021637875071633283,2,1,-0.24,-0.15618764480516273
BTC,2026-03-19,1773758700,short,0.02836212492836665,2,1,0.2899999999999999,0.20618764480516266
BTC,2026-03-20,1773764100,long,0.021145910874634355,1,0,0.14,-0.10832899370383131
ETH,2026-03-20,1773764100,long,0.02444489764153257,0,0,0.0,0.0
ETH,2026-03-20,1773764100,short,0.025692269803300527,1,0,-0.07999999999999996,-0.28094155250551617
ETH,2026-03-20,1773764100,short,0.02064401227656698,0,0,0.0,0.0
BTC,2026-03-20,1773764100,long,0.033346925179031484,1,0,0.30000000000000004,-0.09111102841755403
BTC,2026-03-20,1773764100,short,0.027656417755837936,1,0,0.88,0.625951722467042
BTC,2026-03-20,1773764100,short,0.028467178303636542,1,0,0.73,0.35010522691083024
ETH,2026-03-20,1773765000,long,0.021157135601070243,0,0,0.0,0.0
ETH,2026-03-20,1773765000,long,0.034005865678667924,1,0,-0.31,0.14705442452266548
ETH,2026-03-20,1773765000,short,0.022210451539483422,1,0,-0.31,0.14705442452266548
ETH,2026-03-20,1773765000,long,0.027789548460516622,0,0,0.0,0.0
ETH,2026-03-20,1773768600,short,0.023351420827691483,0,0,0.0,0.0
BTC,2026-03-19,1773769500,short,0.0261188264433716,1,0,0.82,0.3298678321452689
BTC,2026-03-19,1773770400,long,0.02204918386902932,1,0,0.31000000000000005,-0.3292545963396002
ETH,2026-03-20,1773770400,long,0.020234963094470038,1,0,0.06999999999999995,0.26465491665243374
ETH,2026-03-19,1773771300,long,0.0214925259171852,2,1,-0.21999999999999997,-0.48757513272491454
ETH,2026-03-19,1773772200,short,0.024778499656729736,2,1,0.33899999999999997,0.2771393824676759
BTC,2026-03-18,1773774900,long,0.021650119810151747,2,1,-0.42000000000000004,-0.3282313788374844
ETH,2026-03-19,1773778500,long,0.025306437579801333,1,0,0.266,-0.27201678428421805
ETH,2026-03-19,1773779400,short,0.022464824682469353,2,1,0.28,0.5492831743131681
ETH,2026-03-19,1773782100,short,0.02226528783389803,2,1,0.22300000000000006,-0.09305545338307505
ETH,2026-03-18,1773783000,long,0.0249918820737689,2,1,-0.4810000000000001,-0.32793030913015264
BTC,2026-03-20,1773784800,long,0.02127628599975462,0,0,0.0,0.0
BTC,2026-03-19,1773784800,long,0.024208945114326363,2,1,-0.2,0.16286183673523574
ETH,2026-03-20,1773790200,long,0.033087712644531475,0,0,0.0,0.0
ETH,2026-03-20,1773790200,short,0.023912287355468465,1,0,0.32000000000000006,-0.1494824239816097
ETH,2026-03-20,1773793800,long,0.02297278790616497,1,0,0.55,0.05183791088586759
ETH,2026-03-20,1773793800,short,0.027027212093835185,0,0,0.0,0.0
BTC,2026-03-18,1773794700,long,0.03569956818963971,2,1,-0.41000000000000003,-0.6609115950717811
ETH,2026-03-19,1773797400,long,0.025013009464130542,1,0,-0.262,0.36462642267691414
ETH,2026-03-18,1773808200,long,0.023264252396062224,2,1,-0.118,0.38036624716560286
ETH,2026-03-18,1773821700,long,0.040390493182281384,2,1,-0.28500000000000003,-1.1284489290242437
ETH,2026-03-18,1773821700,short,0.025683001073116662,2,1,0.61,0.03827963718968719
ETH,2026-03-19,1773833400,short,0.03675351706561747,1,0,-0.79,-0.32256269777632374
BTC,2026-03-19,1773833400,short,0.03609990470690527,2,1,0.20000000000000007,0.5459677039186505
ETH,2026-03-18,1773833400,short,0.08335581291318855,2,1,0.623,1.6625875899371279
BTC,2026-03-18,1773834300,short,0.03653891904181883,2,1,0.18899999999999997,-0.2574880070968625
BTC,2026-03-18,1773834300,short,0.08121618735745717,2,1,-0.8160000000000001,-0.47982436554531094
BTC,2026-03-20,1773837900,long,0.03682651885652133,2,1,-0.22999999999999998,-0.19832120995259434
ETH,2026-03-18,1773837900,short,0.060059584708474056,2,1,-0.8150000000000001,-0.49261467478596616
BTC,2026-03-20,1773838800,short,0.022530560077599016,2,1,-0.851,-0.7456340112668953
BTC,2026-03-18,1773842400,long,0.029572978358030966,2,1,0.613,0.24328862239679228
BTC,2026-03-18,1773843300,short,0.039279805948563284,2,1,0.46599999999999997,0.22257002895824451
BTC,2026-03-19,1773846000,long,0.0271234605909767,2,1,-0.24000000000000005,-0.0924932040600257
BTC,2026-03-19,1773846000,short,0.020037320772067213,2,1,-0.783,-0.64830407423649
BTC,2026-03-21,1773850500,long,0.021324402810935394,2,1,-0.11000000000000004,-0.08497909039427297
ETH,2026-03-21,1773850500,short,0.027955496779234812,2,1,0.19999999999999996,0.22334058180995967
ETH,2026-03-20,1773850500,short,0.028435906917213094,1,0,-0.41000000000000003,-0.282732223651173
ETH,2026-03-21,1773850500,long,0.04080244323624438,1,0,0.20999999999999996,0.16266563899815534
ETH,2026-03-21,1773850500,long,0.036407739788426596,2,1,0.7599999999999999,0.7510724352181787
ETH,2026-03-21,1773850500,long,0.021815739002076562,1,0,-0.19,-0.14266563899815538
ETH,2026-03-20,1773850500,long,0.024800322025709587,1,0,-0.16,-0.0783201508951535
ETH,2026-03-21,1773851400,short,0.02129790725137004,1,0,-0.29000000000000004,-0.34195684312522306
ETH,2026-03-21,1773851400,long,0.028702092748629893,2,1,0.7499999999999999,0.7424916637401278
ETH,2026-03-20,1773851400,short,0.022419856586048503,2,1,0.19999999999999996,0.2493679218442224
BTC,2026-03-21,1773853200,short,0.021010202444141535,2,1,-0.74,-0.7333960198956054
ETH,2026-03-19,1773856800,long,0.02115184423815175,2,1,-0.07499999999999996,-0.22190705045058226
ETH,2026-03-19,1773856800,long,0.02672155103083118,2,1,0.6639999999999999,0.46801055959084237
ETH,2026-03-21,1773856800,short,0.02380289956379933,1,0,-0.25,-0.13581798852221633
BTC,2026-03-20,1773857700,long,0.023596002012628015,2,1,-0.13999999999999996,-0.027216867157266525
ETH,2026-03-19,1773857700,long,0.023549364413999907,1,0,-0.54,-0.09402853364262137
BTC,2026-03-21,1773857700,long,0.030733553048140294,1,0,-0.46,-0.3094624573985689
ETH,2026-03-20,1773858600,long,0.02214847452320301,1,0,0.17999999999999994,0.32572166018523263
ETH,2026-03-20,1773858600,short,0.023962398957318776,1,0,-0.21000000000000002,-0.06624743102302422
ETH,2026-03-21,1773864000,long,0.022716383959122233,0,0,0.0,0.0
BTC,2026-03-19,1773864900,long,0.024497473977193263,2,1,-0.41000000000000003,-0.3816848648714308
ETH,2026-03-19,1773868500,short,0.022741639782764556,2,1,0.39999999999999997,0.1529056897356564
BTC,2026-03-21,1773874800,short,0.02069418148861113,2,1,0.19999999999999996,0.22034293199011376
BTC,2026-03-21,1773874800,short,0.022587835706066706,2,1,0.09899999999999998,0.11796047038014215
ETH,2026-03-20,1773880200,long,0.026865748173743764,1,0,-0.5,-0.2546379073886764
ETH,2026-03-21,1773886500,long,0.022331760080542162,1,0,-0.19999999999999996,-0.30944222956709067
BTC,2026-03-21,1773894600,long,0.02304839463291697,2,1,0.74,0.7404497324644855
BTC,2026-03-20,1773895500,long,0.028467348424085825,2,1,-0.31999999999999995,-0.3142370626228642
ETH,2026-03-21,1773900900,short,0.021010993991669058,0,0,0.0,0.0
BTC,2026-03-19,1773902700,short,0.030779242193128553,2,1,0.12500000000000003,-0.08630453854160847
BTC,2026-03-19,1773905400,long,0.024701507157648628,2,1,0.5599999999999999,0.4908991703426757
ETH,2026-03-20,1773907200,long,0.024080077932241206,2,1,-0.16500000000000004,-0.21976022185629704
ETH,2026-03-19,1773920700,short,0.020483092110952894,2,1,0.05399999999999994,0.16145083198735538
BTC,2026-03-20,1773921600,short,0.02200179995988183,2,1,0.1499999999999999,0.15272784762555722
BTC,2026-03-20,1773923400,long,0.031630741580452426,2,1,0.69,0.7036229352915047
BTC,2026-03-19,1773925200,short,0.04973227290919269,2,1,0.229,0.2725343501824535
BTC,2026-03-19,1773925200,short,0.044735080537697924,2,1,0.09799999999999998,0.0799596692562055
BTC,2026-03-21,1773926100,long,0.03490146626237722,2,1,-0.2400000000000001,-0.22839689050370685
BTC,2026-03-21,1773927000,short,0.021119566950603463,1,0,-0.028000000000000025,-0.003032638663734464
ETH,2026-03-21,1773927000,short,0.023967864570909825,2,1,0.14400000000000002,0.11009072961024151
ETH,2026-03-22,1773936900,long,0.028149431592008334,1,0,0.07999999999999996,0.039412262311946035
ETH,2026-03-21,1773936900,short,0.029631670457821224,1,0,-0.14200000000000002,-0.06605079452661511
ETH,2026-03-22,1773936900,long,0.02298914075905678,0,0,0.0,0.0
ETH,2026-03-22,1773936900,short,0.0236523741491087,1,0,-0.17500000000000004,-0.24321335834561258
ETH,2026-03-21,1773936900,long,0.034032567774719746,2,1,-0.13999999999999996,-0.19743395782556664
ETH,2026-03-21,1773937800,short,0.026049868988927694,1,0,-0.43000000000000005,-0.2983044909012855
ETH,2026-03-21,1773938700,long,0.029792237509589148,1,0,0.22999999999999998,0.3240118239708503
ETH,2026-03-21,1773938700,short,0.030207762490410794,1,0,-0.42000000000000004,-0.30067906735998623
ETH,2026-03-22,1773938700,long,0.024559968561844725,0,0,0.0,0.0
ETH,2026-03-22,1773938700,short,0.02544003143815521,1,0,0.57,0.4647528970441489
BTC,2026-03-22,1773942300,short,0.022731758409753278,2,1,-0.73,-0.7162493132526433
BTC,2026-03-22,1773942300,short,0.029641105898746467,1,0,-0.10399999999999998,-0.15493266379684326
BTC,2026-03-22,1773942300,long,0.020059529653664532,1,0,0.07000000000000006,0.03498338163716222
BTC,2026-03-21,1773945900,short,0.02341283818960349,1,0,-0.02400000000000002,0.0012946979853012894
ETH,2026-03-22,1773947700,short,0.036339723948274005,1,0,-0.03200000000000003,-0.07889468720981259
BTC,2026-03-22,1773948600,long,0.022546540667369275,2,1,-0.26,-0.23677431822721404
ETH,2026-03-20,1773950400,long,0.023855335706035152,2,1,0.5,0.5032247918834956
BTC,2026-03-22,1773959400,short,0.021639466328362,1,0,-0.26,-0.07432909240500588
BTC,2026-03-21,1773968400,short,0.022843947860926472,2,1,-0.6500000000000001,-0.6334435645169919
ETH,2026-03-22,1773969300,long,0.03315742120587184,0,0,0.0,0.0
ETH,2026-03-21,1773970200,short,0.020167449692124362,1,0,-0.060000000000000005,-0.06363023968041422
BTC,2026-03-21,1773972000,long,0.023433713461165295,1,0,-0.23,-0.25656726822393044
ETH,2026-03-20,1773972000,long,0.03231429105066308,2,1,0.25,0.1888566631178066
ETH,2026-03-21,1773972000,long,0.028300021399732866,0,0,0.0,0.0
ETH,2026-03-20,1773972000,long,0.021347896610639294,1,0,-0.19,-0.11988157227797763
SOL,2026-03-22,1773973800,short,0.03354359472325452,0,0,0.0,0.0
ETH,2026-03-21,1773973800,short,0.02932062131288693,2,1,-0.31400000000000006,-0.3367113029917022
ETH,2026-03-21,1773973800,long,0.06967937868711305,0,0,0.0,0.0
SOL,2026-03-22,1773973800,long,0.03646378155455432,1,0,-0.04400000000000004,-0.0784438108648903
SOL,2026-03-21,1773973800,long,0.025307344248660213,1,0,-0.41000000000000003,-0.4669737984471173
ETH,2026-03-22,1773973800,short,0.022429435906541784,1,0,-0.09999999999999999,-0.02074301409476753
SOL,2026-03-22,1773973800,long,0.03856230769285718,0,0,0.0,0.0
ETH,2026-03-22,1773974700,long,0.025273223335453343,0,0,0.0,0.0
ETH,2026-03-21,1773974700,long,0.029577446506968252,1,0,-0.31000000000000005,-0.27613905132953565
ETH,2026-03-21,1773974700,short,0.025422553493031574,1,0,-0.06400000000000006,-0.04952999753163197
BTC,2026-03-21,1773974700,short,0.04471957948496397,2,1,0.31999999999999995,0.2999822514594102
SOL,2026-03-22,1773975600,long,0.020475027068115104,0,0,0.0,0.0
SOL,2026-03-21,1773977400,long,0.02396258383379335,0,0,0.0,0.0
SOL,2026-03-21,1773977400,short,0.023037416166206692,0,0,0.0,0.0
SOL,2026-03-22,1773977400,short,0.02605522790532172,1,0,-0.04300000000000004,-0.08273733852643017
SOL,2026-03-22,1773981000,long,0.02237690376406909,0,0,0.0,0.0
BTC,2026-03-20,1773981900,short,0.020406102177908725,2,1,0.13200000000000003,0.02420613627833358
BTC,2026-03-20,1773981900,long,0.045767415235404396,2,1,-0.53,-0.45938661795950614
ETH,2026-03-20,1773983700,short,0.02505281912071311,2,1,-0.33000000000000007,-0.3272560603891621
ETH,2026-03-20,1773990000,short,0.03017141824072689,2,1,0.244,0.2477249313339142
XRP,2026-03-22,1773991800,long,0.026052718328646973,0,0,0.0,0.0
XRP,2026-03-20,1773991800,long,0.06567131734075371,1,0,0.06000000000000005,0.020760571763580142
XRP,2026-03-22,1773991800,long,0.05231537519999896,0,0,0.0,0.0
XRP,2026-03-22,1773992700,short,0.09117541675247454,2,1,0.5599999999999999,0.5858986379324796
XRP,2026-03-22,1773992700,long,0.05124857583172249,1,0,0.8099999999999999,0.5591180538908617
XRP,2026-03-22,1773992700,long,0.10074979908147941,1,0,-0.25,0.026780584041617983
XRP,2026-03-22,1773993600,long,0.021151383153499292,0,0,0.0,0.0
XRP,2026-03-22,1773993600,short,0.043848616846500765,0,0,0.0,0.0
XRP,2026-03-22,1773994500,short,0.04052764833686673,1,0,-0.28,0.04651158653260756
XRP,2026-03-22,1773994500,long,0.05747235166313325,0,0,0.0,0.0
XRP,2026-03-22,1773994500,short,0.04052764833686673,1,0,-0.28,0.04651158653260756
XRP,2026-03-22,1773994500,long,0.05747235166313325,0,0,0.0,0.0
SOL,2026-03-21,1773995400,long,0.02307422926971725,0,0,0.0,0.0
SOL,2026-03-21,1773995400,short,0.03192577073028263,0,0,0.0,0.0
BTC,2026-03-20,1773995400,short,0.02715904079067688,2,1,-0.852,-0.6085806726694845
SOL,2026-03-21,1773995400,long,0.02307422926971725,0,0,0.0,0.0
SOL,2026-03-21,1773995400,short,0.03192577073028263,0,0,0.0,0.0
XRP,2026-03-21,1773996300,long,0.08890950279936383,1,0,0.030000000000000027,0.018157055048303908
XRP,2026-03-21,1773997200,short,0.048590744106649014,0,0,0.0,0.0
XRP,2026-03-21,1773997200,long,0.04040925589335087,1,0,0.030000000000000027,0.01779778699029015
XRP,2026-03-21,1773997200,long,0.07849794964251489,0,0,0.0,0.0
XRP,2026-03-22,1773997200,short,0.06518889053540344,1,0,-0.032,0.05039118953727059
XRP,2026-03-22,1773997200,long,0.07981110946459657,1,0,-0.28,0.025320913554563784
XRP,2026-03-21,1773997200,short,0.048590744106649014,0,0,0.0,0.0
XRP,2026-03-21,1773997200,long,0.04040925589335087,1,0,0.030000000000000027,0.01779778699029015
XRP,2026-03-22,1773997200,short,0.06566509876647375,1,0,-0.28,0.025320913554563784
XRP,2026-03-22,1773997200,long,0.054334901233526356,0,0,0.0,0.0
XRP,2026-03-21,1773998100,long,0.06645027738045495,1,0,0.26,0.18275058488501023
XRP,2026-03-21,1773999000,long,0.05032757982961722,2,1,-0.12999999999999998,-0.08591749342228133
XRP,2026-03-21,1773999000,short,0.03867242017038286,1,0,0.24,0.19242720950916198
XRP,2026-03-21,1773999000,long,0.05032757982961722,2,1,-0.12999999999999998,-0.08591749342228133
XRP,2026-03-21,1773999000,short,0.03867242017038286,1,0,0.24,0.19242720950916198
XRP,2026-03-22,1773999000,short,0.0739770467819191,1,0,-0.033,0.01916590405984784
XRP,2026-03-22,1773999900,long,0.038102001082158554,1,0,-0.027000000000000003,0.031145682088935797
XRP,2026-03-21,1773999900,short,0.03386502929279078,1,0,-0.22,-0.15649129829326872
XRP,2026-03-21,1773999900,long,0.056134970707209186,1,0,0.24,0.1764912982932687
XRP,2026-03-21,1773999900,short,0.03386502929279078,1,0,-0.22,-0.15649129829326872
XRP,2026-03-21,1773999900,long,0.056134970707209186,1,0,0.24,0.1764912982932687
XRP,2026-03-22,1774000800,short,0.028022094595412272,1,0,0.07599999999999996,0.023515919441122128
XRP,2026-03-22,1774000800,long,0.02997790540458778,0,0,0.0,0.0
XRP,2026-03-22,1774004400,long,0.088910858698235,0,0,0.0,0.0
XRP,2026-03-22,1774004400,short,0.02008914130176489,0,0,0.0,0.0
XRP,2026-03-21,1774005300,long,0.07640435484747576,0,0,0.0,0.0
XRP,2026-03-21,1774005300,short,0.059595645152524246,2,1,-0.16100000000000003,-0.07975731308290168
XRP,2026-03-22,1774009800,long,0.09453670838589212,0,0,0.0,0.0
XRP,2026-03-22,1774014300,short,0.05378223201869717,0,0,0.0,0.0
XRP,2026-03-22,1774014300,long,0.04021776798130294,0,0,0.0,0.0
XRP,2026-03-22,1774014300,short,0.05378223201869717,0,0,0.0,0.0
XRP,2026-03-22,1774014300,long,0.04021776798130294,0,0,0.0,0.0
BTC,2026-03-20,1774016100,long,0.038474117196271695,2,1,0.4099999999999999,0.4809755923180195
BTC,2026-03-21,1774022400,long,0.021317254246506323,2,1,-0.08599999999999997,-0.018192024326803086
XRP,2026-03-22,1774023300,long,0.11754172347837799,0,0,0.0,0.0
ETH,2026-03-23,1774023300,short,0.029334321737001345,2,1,0.09699999999999998,0.10588956172182858
ETH,2026-03-23,1774023300,long,0.041415456967314634,0,0,0.0,0.0
XRP,2026-03-23,1774023300,long,0.07985385481199181,1,0,0.07999999999999996,0.07756541553033296
XRP,2026-03-23,1774023300,short,0.032146145188008096,1,0,-0.04400000000000004,-0.04771708888488634
BTC,2026-03-23,1774023300,short,0.038184420994100354,2,1,0.28,0.27387053608378636
SOL,2026-03-23,1774023300,long,0.05370912763981539,0,0,0.0,0.0
XRP,2026-03-23,1774023300,long,0.07985385481199181,1,0,0.07999999999999996,0.07756541553033296
XRP,2026-03-23,1774023300,short,0.032146145188008096,1,0,-0.04400000000000004,-0.04771708888488634
SOL,2026-03-23,1774023300,short,0.05558942900961461,1,0,-0.04800000000000004,-0.024804165531278302
BTC,2026-03-23,1774023300,long,0.041324191551375344,2,1,-0.14000000000000004,-0.15170162337798224
XRP,2026-03-23,1774024200,short,0.030128839505910388,1,0,-0.02100000000000002,-0.021041257172761323
XRP,2026-03-23,1774024200,long,0.052871160494089686,1,0,-0.04400000000000004,-0.05526565602386946
ETH,2026-03-23,1774024200,short,0.02706317819530657,1,0,0.37,0.39955625643698545
ETH,2026-03-21,1774024200,short,0.057196778191108355,2,1,-0.33999999999999997,-0.3266030087078894
ETH,2026-03-23,1774024200,long,0.026813390154277084,1,0,0.37,0.39955625643698545
SOL,2026-03-23,1774024200,short,0.023915479103063575,0,0,0.0,0.0
SOL,2026-03-23,1774024200,long,0.046084520896936265,0,0,0.0,0.0
XRP,2026-03-23,1774024200,short,0.030128839505910388,1,0,-0.02100000000000002,-0.021041257172761323
XRP,2026-03-23,1774024200,long,0.052871160494089686,1,0,-0.04400000000000004,-0.05526565602386946
ETH,2026-03-22,1774025100,short,0.022563298375669505,2,1,0.49999999999999994,0.46195281474414085
ETH,2026-03-23,1774026900,long,0.027349900745299527,2,1,-0.21999999999999997,-0.22334893665225505
ETH,2026-03-22,1774026900,long,0.04147322300018508,1,0,-0.66,-0.43530115402233766
ETH,2026-03-22,1774026900,short,0.0207278677885655,2,1,-0.7220000000000001,-0.5835321523522494
BTC,2026-03-22,1774028700,short,0.03763245426064399,1,0,-0.18000000000000005,-0.28489501734111217
XRP,2026-03-23,1774031400,long,0.06195368925423761,0,0,0.0,0.0
XRP,2026-03-23,1774031400,short,0.09704631074576212,1,0,-0.16,-0.1640099618744243
XRP,2026-03-23,1774031400,long,0.06195368925423761,0,0,0.0,0.0
XRP,2026-03-23,1774031400,short,0.09704631074576212,1,0,-0.16,-0.1640099618744243
XRP,2026-03-23,1774031400,long,0.10526994765364917,2,1,-0.08000000000000004,-0.08297270667839787
BTC,2026-03-21,1774032300,long,0.020573005273968104,2,1,-0.4900000000000001,-0.30885400484423686
ETH,2026-03-23,1774033200,short,0.022190271627141822,2,1,-0.61,-0.6052871203620008
BTC,2026-03-23,1774033200,long,0.020765286590112453,2,1,0.73,0.7126025016904567
BTC,2026-03-21,1774035900,long,0.0371234298757015,2,1,0.539,0.36668201794114474
BTC,2026-03-22,1774035900,long,0.03196612859115033,2,1,-0.37,-0.24559275912469064
SOL,2026-03-23,1774040400,short,0.026296014661354034,1,0,-0.04200000000000004,-0.020086971132747433
ETH,2026-03-22,1774042200,long,0.025651248260781356,1,0,-0.22,0.10900580469373775
BTC,2026-03-23,1774042200,long,0.025625933424694436,2,1,-0.21000000000000008,-0.22689474762776052
BTC,2026-03-22,1774044000,long,0.02355289172628594,2,1,0.74,0.49241228181720503
ETH,2026-03-23,1774044900,short,0.022190234371494033,2,1,0.088,0.054639815310830495
SOL,2026-03-23,1774045800,long,0.026012320416655577,1,0,0.04600000000000004,0.04431981338421248
SOL,2026-03-23,1774045800,short,0.03698767958334437,0,0,0.0,0.0
ETH,2026-03-21,1774055700,long,0.02426164226884553,1,0,0.040000000000000036,0.0506205786080623
BTC,2026-03-21,1774059300,short,0.036154947643666696,2,1,-0.22899999999999995,-0.18823461301252378
ETH,2026-03-22,1774062000,long,0.020932316522474403,2,1,0.869,0.6110544040704883
BTC,2026-03-23,1774067400,short,0.021321751240728992,2,1,0.10299999999999998,0.1322506155036626
BTC,2026-03-22,1774074600,long,0.032696957445566444,2,1,-0.152,0.2053775447142532
BTC,2026-03-22,1774074600,short,0.02905656143675872,2,1,0.57,0.50721870373128
ETH,2026-03-22,1774089000,long,0.03335990769435404,2,1,0.893,0.565592847834981
ETH,2026-03-24,1774109700,short,0.02062701147031254,1,0,0.12,0.09218553370862222
ETH,2026-03-24,1774109700,long,0.025482432657943477,2,1,0.6699999999999999,0.6675520187842339
ETH,2026-03-24,1774110600,short,0.022241120068832054,0,0,0.0,0.0
ETH,2026-03-23,1774110600,long,0.061067056954484444,2,1,0.56,0.559566391628162
ETH,2026-03-24,1774110600,long,0.02789742239971371,1,0,0.10999999999999999,0.088468929979828
ETH,2026-03-23,1774111500,short,0.03517480201156076,1,0,-0.06000000000000005,-0.08248826838088652
ETH,2026-03-24,1774111500,long,0.02042587191357237,1,0,-0.32000000000000006,-0.3647759561220125
BTC,2026-03-24,1774114200,long,0.02077933379036967,2,1,-0.17000000000000004,-0.14011202189288982
BTC,2026-03-24,1774115100,long,0.03121443337042007,2,1,-0.25,-0.24133791989549774
BTC,2026-03-22,1774116900,short,0.0242197035754822,2,1,-0.655,-0.3105607806110577
BTC,2026-03-23,1774119600,long,0.035200128811933684,1,0,0.42000000000000004,0.4571188029545135
ETH,2026-03-22,1774122300,short,0.040034357802947174,2,1,0.76,0.7618729841103016
ETH,2026-03-23,1774136700,long,0.020516142436739937,1,0,-0.25,-0.18622902410594577
ETH,2026-03-22,1774137600,long,0.07380778956697265,2,1,-0.29,-0.2702839486621584
ETH,2026-03-23,1774137600,long,0.049940116847446925,2,1,-0.3600000000000001,-0.2883610423133086
BTC,2026-03-23,1774137600,long,0.03159187083234016,2,1,-0.30999999999999994,-0.3032300334286491
BTC,2026-03-22,1774137600,long,0.029936526248686368,2,1,0.46199999999999997,0.46270868113755886
BTC,2026-03-24,1774137600,long,0.02470114804892254,2,1,0.76,0.7621010770870981
BTC,2026-03-22,1774137600,short,0.05833551912396373,2,1,0.254,0.26758513130449463
BTC,2026-03-24,1774137600,short,0.026100654875674367,2,1,0.12399999999999989,0.09041676106637306
ETH,2026-03-22,1774137600,short,0.04322946163488689,2,1,-0.40399999999999997,-0.3891676042978394
ETH,2026-03-23,1774137600,short,0.0491129023162209,2,1,0.18299999999999994,0.09279097543124575
ETH,2026-03-24,1774140300,short,0.023981416689277113,2,1,0.32000000000000006,0.2897255778491575
BTC,2026-03-22,1774142100,long,0.02259539744527439,2,1,-0.192,-0.16736950669315398
ETH,2026-03-24,1774143900,short,0.023511004667589375,1,0,-0.026000000000000023,-0.0008600193312814433
ETH,2026-03-22,1774150200,long,0.020361338101114956,2,1,0.677,0.47535130804536696
BTC,2026-03-22,1774153800,long,0.03148722834277429,2,1,-0.122,-0.19086632362976752
BTC,2026-03-24,1774161000,short,0.024692980220431426,1,0,0.36,0.29491525730739243
ETH,2026-03-24,1774166400,short,0.020444762120664928,0,0,0.0,0.0
ETH,2026-03-24,1774166400,long,0.025555237879335113,0,0,0.0,0.0
ETH,2026-03-24,1774166400,short,0.029732738923571755,1,0,-0.060000000000000005,-0.09668046174781729
ETH,2026-03-24,1774194300,long,0.02259323312942696,0,0,0.0,0.0
BTC,2026-03-23,1774197000,short,0.022305186068311778,2,1,0.251,0.13371237624053284
ETH,2026-03-25,1774197000,short,0.02233755932868864,0,0,0.0,0.0
ETH,2026-03-24,1774197000,short,0.0336901440971179,1,0,0.25,0.10576778023232433
ETH,2026-03-24,1774197900,long,0.02054874640266613,1,0,0.24,0.09919272711999383
ETH,2026-03-23,1774198800,long,0.02308871729187234,2,1,0.67,0.5163031268216766
ETH,2026-03-25,1774199700,long,0.020920219624094072,1,0,-0.18000000000000002,-0.33326882345845865
ETH,2026-03-25,1774201500,short,0.03579779675210559,1,0,0.5700000000000001,0.34581024518929177
ETH,2026-03-24,1774202400,long,0.022184397276635126,1,0,-0.13,-0.2377981483096141
ETH,2026-03-25,1774202400,long,0.020169508627545074,1,0,0.040000000000000036,0.0042534502314159894
ETH,2026-03-25,1774205100,long,0.026674300422298236,1,0,0.61,0.3503117333625697
ETH,2026-03-24,1774205100,long,0.023410214912761962,1,0,0.63,0.4016404686260198
BTC,2026-03-25,1774206000,long,0.026943887408773515,1,0,0.6499999999999999,0.42280094411209534
BTC,2026-03-25,1774207800,short,0.020595842091090555,2,1,0.14,0.06918962872348508
ETH,2026-03-25,1774207800,long,0.03025913960174975,2,1,-0.27000000000000013,-0.24843566415720203
BTC,2026-03-24,1774208700,long,0.023291172613826516,2,1,-0.18000000000000005,-0.25606823213159285
ETH,2026-03-23,1774209600,short,0.02066647425223167,2,1,-0.721,-0.49048752811364904
BTC,2026-03-25,1774209600,short,0.023833112830347947,2,1,0.06999999999999995,0.010996210384029266
BTC,2026-03-25,1774211400,short,0.022022849436545866,2,1,0.20999999999999996,0.15894300774704942
ETH,2026-03-25,1774211400,short,0.02628127531418789,1,0,-0.05,-0.1213060732552526
BTC,2026-03-23,1774212300,short,0.02174527694947126,2,1,0.10499999999999998,-0.0033651808275616674
BTC,2026-03-25,1774214100,long,0.024414339473685542,2,1,-0.19999999999999996,-0.24467459469742933
ETH,2026-03-25,1774215900,short,0.021664103683706415,0,0,0.0,0.0
ETH,2026-03-23,1774224000,long,0.025483471589596407,2,1,-0.51,-0.48064041821047226
ETH,2026-03-23,1774224900,short,0.020775634165197565,2,1,0.19299999999999995,-0.029577757490163864
BTC,2026-03-23,1774224900,long,0.023353575594292186,2,1,-0.33999999999999997,-0.5254125329672645
BTC,2026-03-24,1774224900,long,0.02327754470143617,2,1,0.75,0.7021057492916611
ETH,2026-03-24,1774233000,short,0.02075985927932955,2,1,0.39,0.351846540609669
SOL,2026-03-24,1774235700,short,0.036936343654568105,0,0,0.0,0.0
SOL,2026-03-24,1774235700,long,0.03306365634543207,0,0,0.0,0.0
SOL,2026-03-25,1774235700,short,0.08095595608317552,1,0,0.73,0.45225638863616835
SOL,2026-03-25,1774235700,long,0.07422629946295678,0,0,0.0,0.0
SOL,2026-03-24,1774235700,short,0.036936343654568105,0,0,0.0,0.0
SOL,2026-03-24,1774235700,long,0.03306365634543207,0,0,0.0,0.0
BTC,2026-03-23,1774238400,long,0.027586109905693545,2,1,-0.349,-0.06925221534492454
SOL,2026-03-25,1774238400,short,0.060607423575002706,0,0,0.0,0.0
SOL,2026-03-25,1774238400,long,0.029392576424997596,1,0,-0.71,-0.42067041752222956
XRP,2026-03-24,1774247400,long,0.0697708928724361,0,0,0.0,0.0
XRP,2026-03-24,1774247400,short,0.020229107127563872,0,0,0.0,0.0
XRP,2026-03-24,1774247400,long,0.02357441955032691,0,0,0.0,0.0
XRP,2026-03-24,1774247400,short,0.06642558044967295,1,0,-0.04,-0.06446272604766624
XRP,2026-03-24,1774247400,long,0.0697708928724361,0,0,0.0,0.0
XRP,2026-03-24,1774247400,short,0.020229107127563872,0,0,0.0,0.0
XRP,2026-03-24,1774247400,long,0.02357441955032691,0,0,0.0,0.0
XRP,2026-03-24,1774247400,short,0.06642558044967295,1,0,-0.04,-0.06446272604766624
XRP,2026-03-25,1774247400,short,0.02810089043887838,1,0,-0.08,-0.12717939899143568
XRP,2026-03-25,1774247400,long,0.08989910956112146,0,0,0.0,0.0
XRP,2026-03-25,1774247400,short,0.02810089043887838,1,0,-0.08,-0.12717939899143568
XRP,2026-03-25,1774247400,long,0.08989910956112146,0,0,0.0,0.0
BTC,2026-03-23,1774248300,short,0.03239140598163548,2,1,0.38,0.7782522341574536
XRP,2026-03-24,1774248300,short,0.027666897268949914,1,0,-0.03,-0.05825449384300152
XRP,2026-03-23,1774248300,long,0.15991986762687138,0,0,0.0,0.0
XRP,2026-03-25,1774249200,long,0.07774345165160712,0,0,0.0,0.0
XRP,2026-03-25,1774249200,short,0.062256548348392726,0,0,0.0,0.0
XRP,2026-03-25,1774249200,long,0.09517679108644606,0,0,0.0,0.0
XRP,2026-03-25,1774249200,short,0.04482320891355407,0,0,0.0,0.0
XRP,2026-03-25,1774249200,long,0.09517679108644606,0,0,0.0,0.0
XRP,2026-03-25,1774249200,short,0.04482320891355407,0,0,0.0,0.0
XRP,2026-03-25,1774249200,long,0.07774345165160712,0,0,0.0,0.0
XRP,2026-03-25,1774249200,short,0.062256548348392726,0,0,0.0,0.0
XRP,2026-03-25,1774250100,short,0.05356706920911958,1,0,-0.5900000000000001,-0.426779007667206
XRP,2026-03-25,1774250100,long,0.05643293079088019,1,0,0.09999999999999998,0.15667558380772612
XRP,2026-03-25,1774250100,long,0.07700856201676021,1,0,-0.5900000000000001,-0.426779007667206
XRP,2026-03-25,1774250100,short,0.0629914379832398,0,0,0.0,0.0
XRP,2026-03-25,1774250100,long,0.07700856201676021,1,0,-0.5900000000000001,-0.426779007667206
XRP,2026-03-25,1774250100,short,0.0629914379832398,0,0,0.0,0.0
XRP,2026-03-25,1774250100,short,0.05356706920911958,1,0,-0.5900000000000001,-0.426779007667206
XRP,2026-03-25,1774250100,long,0.05643293079088019,1,0,0.09999999999999998,0.15667558380772612
SOL,2026-03-23,1774251000,long,0.04661070830744651,2,1,-0.9219999999999999,-0.8803592134510713
XRP,2026-03-25,1774251900,long,0.08894484150523407,1,0,-0.5900000000000001,-0.4480664889192356
XRP,2026-03-25,1774251900,short,0.03105515849476581,0,0,0.0,0.0
XRP,2026-03-25,1774251900,long,0.08894484150523407,1,0,-0.5900000000000001,-0.4480664889192356
XRP,2026-03-25,1774251900,short,0.03105515849476581,0,0,0.0,0.0
ETH,2026-03-25,1774252800,long,0.02375208286064323,2,1,-0.19099999999999995,-0.07185304126636745
XRP,2026-03-24,1774256400,long,0.050062766441615114,1,0,0.030000000000000027,0.054318371672694654
BTC,2026-03-24,1774261800,short,0.03106675315977514,2,1,0.2719999999999999,0.1975566770629357
XRP,2026-03-25,1774261800,long,0.033518958040256175,0,0,0.0,0.0
XRP,2026-03-25,1774264500,long,0.07681229639635445,0,0,0.0,0.0
BTC,2026-03-23,1774264500,long,0.07313072315463987,2,1,0.07900000000000007,0.08777886598037657
BTC,2026-03-24,1774264500,short,0.07677793131968325,2,1,0.41,0.41526877870110285
BTC,2026-03-24,1774264500,long,0.04322206868031664,2,1,-0.29000000000000004,-0.2952687787011029
SOL,2026-03-25,1774264500,long,0.04121716762505434,2,1,0.5399999999999999,0.49178965153638604
SOL,2026-03-25,1774264500,short,0.02478283237494555,1,0,-0.41000000000000003,-0.34214140017242056
BTC,2026-03-25,1774264500,long,0.026419153642383675,1,0,-0.18000000000000002,-0.17109428734236526
SOL,2026-03-25,1774264500,long,0.04121716762505434,2,1,0.5399999999999999,0.49178965153638604
SOL,2026-03-25,1774264500,short,0.02478283237494555,1,0,-0.41000000000000003,-0.34214140017242056
ETH,2026-03-25,1774264500,short,0.04645459730221557,2,1,-0.6499999999999999,-0.646416646071298
ETH,2026-03-25,1774264500,long,0.03354540269778461,2,1,0.73,0.7264166460712981
ETH,2026-03-25,1774264500,short,0.033122074366656706,0,0,0.0,0.0
ETH,2026-03-24,1774264500,long,0.07721697486875523,1,0,-0.41000000000000003,-0.27164586008794156
ETH,2026-03-24,1774264500,short,0.031783025131244536,2,1,0.32899999999999996,0.25249405141425185
ETH,2026-03-23,1774264500,short,0.1481807971024396,1,0,-0.04,-0.03689686340667588
ETH,2026-03-23,1774264500,short,0.06416944838508554,1,0,-0.022,-0.021995506588466218
ETH,2026-03-23,1774264500,short,0.07504666137256688,2,1,0.12,0.2145487480985043
SOL,2026-03-24,1774264500,short,0.039953051730215794,1,0,0.6,0.5041440942915953
ETH,2026-03-24,1774264500,short,0.0902556807242737,1,0,-0.027999999999999997,-0.012455348581607724
BTC,2026-03-24,1774264500,long,0.043483187914122645,2,1,-0.2,-0.11701975871151182
BTC,2026-03-24,1774264500,short,0.022516812085877413,2,1,0.266,0.18301975871151183
SOL,2026-03-23,1774264500,long,0.07974029759053791,2,1,0.42400000000000004,0.5813612220872607
BTC,2026-03-25,1774264500,long,0.02658640585345906,2,1,0.3699999999999999,0.3699118449287569
BTC,2026-03-25,1774264500,short,0.0534135941465409,2,1,-0.29000000000000004,-0.28991184492875705
BTC,2026-03-25,1774264500,long,0.058894482816911786,2,1,-0.040000000000000036,-0.04359893595362511
BTC,2026-03-25,1774264500,short,0.031105517183088183,2,1,0.1299999999999999,0.13359893595362496
BTC,2026-03-25,1774264500,long,0.022180698039955926,2,1,-0.029000000000000026,-0.03278604493852536
BTC,2026-03-25,1774264500,long,0.02658640585345906,2,1,0.3699999999999999,0.3699118449287569
BTC,2026-03-25,1774264500,short,0.0534135941465409,2,1,-0.29000000000000004,-0.28991184492875705
BTC,2026-03-24,1774264500,long,0.043483187914122645,2,1,-0.2,-0.11701975871151182
BTC,2026-03-24,1774264500,short,0.022516812085877413,2,1,0.266,0.18301975871151183
SOL,2026-03-23,1774264500,short,0.04174067880998733,2,1,0.386,0.5433620256087309
XRP,2026-03-25,1774265400,short,0.08035119262621493,0,0,0.0,0.0
XRP,2026-03-25,1774265400,long,0.025648807373785054,0,0,0.0,0.0
XRP,2026-03-25,1774265400,short,0.08035119262621493,0,0,0.0,0.0
XRP,2026-03-25,1774265400,long,0.025648807373785054,0,0,0.0,0.0
BTC,2026-03-23,1774265400,short,0.15655679730493988,2,1,0.24500000000000002,0.15864836046852646
XRP,2026-03-23,1774265400,long,0.16169743577614115,2,1,0.30200000000000005,0.2437293681863919
XRP,2026-03-25,1774265400,long,0.033111150227787434,0,0,0.0,0.0
BTC,2026-03-23,1774265400,long,0.21842133541521447,2,1,0.54,0.6149304737582136
XRP,2026-03-23,1774265400,short,0.13664044085674998,2,1,0.275,0.21499386066880566
BTC,2026-03-24,1774266300,short,0.02001989575779095,2,1,-0.74,-0.6845118033942975
SOL,2026-03-24,1774266300,long,0.033578066729960554,2,1,-0.421,-0.40643142753625666
BTC,2026-03-25,1774266300,long,0.025945364759725642,2,1,-0.18,-0.18788459791930398
BTC,2026-03-25,1774266300,short,0.03322760808801861,2,1,0.24,0.23378198577008702
ETH,2026-03-24,1774269900,short,0.03522696279206072,2,1,-0.56,-0.5610780063923357
XRP,2026-03-25,1774281600,short,0.024020660025761885,1,0,-0.030000000000000027,-0.06160597285291934
XRP,2026-03-25,1774281600,long,0.08597933997423812,1,0,0.07400000000000007,0.058006345731155956
XRP,2026-03-25,1774281600,short,0.024020660025761885,1,0,-0.030000000000000027,-0.06160597285291934
XRP,2026-03-25,1774281600,long,0.08597933997423812,1,0,0.07400000000000007,0.058006345731155956
BTC,2026-03-26,1774282500,long,0.02109757048883454,2,1,-0.16999999999999998,-0.11536281407149307
ETH,2026-03-26,1774282500,long,0.02296798408732137,1,0,0.33999999999999997,0.16740191081229946
XRP,2026-03-26,1774282500,short,0.07326095301123203,1,0,-0.050000000000000044,-0.16938763642650775
XRP,2026-03-26,1774282500,long,0.05673904698876786,1,0,0.30000000000000004,0.024502737280091058
BTC,2026-03-26,1774282500,short,0.021972690817839813,2,1,0.14,0.18909496407216214
XRP,2026-03-26,1774282500,short,0.041834425808616515,2,1,0.25000000000000006,0.06994807945697559
XRP,2026-03-26,1774282500,long,0.04416557419138356,0,0,0.0,0.0
SOL,2026-03-26,1774282500,short,0.03515163051859438,0,0,0.0,0.0
SOL,2026-03-26,1774282500,long,0.029307530147804073,0,0,0.0,0.0
XRP,2026-03-26,1774282500,short,0.07326095301123203,1,0,-0.050000000000000044,-0.16938763642650775
XRP,2026-03-26,1774282500,long,0.05673904698876786,1,0,0.30000000000000004,0.024502737280091058
XRP,2026-03-26,1774282500,short,0.041834425808616515,2,1,0.25000000000000006,0.06994807945697559
XRP,2026-03-26,1774282500,long,0.04416557419138356,0,0,0.0,0.0
XRP,2026-03-26,1774283400,long,0.02171690915306357,0,0,0.0,0.0
XRP,2026-03-26,1774283400,short,0.03428309084693641,2,1,-0.11000000000000006,-0.15949758109164955
XRP,2026-03-26,1774283400,long,0.02171690915306357,0,0,0.0,0.0
XRP,2026-03-26,1774283400,short,0.03428309084693641,2,1,-0.11000000000000006,-0.15949758109164955
BTC,2026-03-26,1774283400,long,0.021325476018314138,1,0,0.31000000000000005,0.18820294712233399
SOL,2026-03-26,1774285200,short,0.022075166083989073,0,0,0.0,0.0
ETH,2026-03-26,1774285200,short,0.021409240046261324,1,0,0.33999999999999997,0.1750329459269661
ETH,2026-03-26,1774286100,short,0.021757168716859066,1,0,-0.15000000000000002,-0.26830999578020664
ETH,2026-03-26,1774287000,long,0.022412741293032834,1,0,0.13,0.03993205571599873
XRP,2026-03-26,1774287900,short,0.037571904019676916,0,0,0.0,0.0
XRP,2026-03-26,1774287900,long,0.08242809598032297,0,0,0.0,0.0
ETH,2026-03-26,1774287900,short,0.023732174361011715,2,1,0.10199999999999998,0.1685864297698681
XRP,2026-03-26,1774287900,short,0.0624687863237437,0,0,0.0,0.0
XRP,2026-03-26,1774287900,long,0.023531213676256435,0,0,0.0,0.0
XRP,2026-03-26,1774287900,short,0.037571904019676916,0,0,0.0,0.0
XRP,2026-03-26,1774287900,long,0.08242809598032297,0,0,0.0,0.0
XRP,2026-03-26,1774287900,short,0.0624687863237437,0,0,0.0,0.0
XRP,2026-03-26,1774287900,long,0.023531213676256435,0,0,0.0,0.0
SOL,2026-03-26,1774288800,long,0.02043378534646223,0,0,0.0,0.0
SOL,2026-03-26,1774288800,short,0.04556621465353783,1,0,-0.56,-0.3359795663550209
SOL,2026-03-26,1774288800,long,0.0428812538883252,1,0,-0.56,-0.3359795663550209
SOL,2026-03-26,1774288800,short,0.04011874611167471,0,0,0.0,0.0
ETH,2026-03-25,1774292400,long,0.02641512103969701,1,0,0.26,0.282950932779368
ETH,2026-03-25,1774293300,long,0.021908331607780607,1,0,-0.36,-0.3479421523111615
BTC,2026-03-24,1774295100,long,0.0452365670049355,2,1,-0.41999999999999993,-0.4099888536773326
ETH,2026-03-24,1774295100,long,0.04450975785803002,2,1,0.49,0.4640145791575431
ETH,2026-03-26,1774300500,long,0.020790691239488623,1,0,0.6799999999999999,0.4483325511261582
ETH,2026-03-25,1774304100,short,0.02166803971772746,2,1,0.24,0.2217121740207489
BTC,2026-03-25,1774305000,short,0.02295955394499205,2,1,0.1259999999999999,0.11518177690191209
ETH,2026-03-25,1774307700,long,0.023060548264236758,1,0,-0.30000000000000004,-0.25027722352762355
BTC,2026-03-26,1774311300,short,0.023891801596286344,2,1,-0.78,-0.725651492513293
BTC,2026-03-26,1774313100,short,0.022327305896325034,1,0,-0.33,-0.15487133774778647
ETH,2026-03-26,1774314900,short,0.020037483191894356,2,1,0.088,0.023016388853133576
BTC,2026-03-25,1774321200,long,0.027247190124080722,2,1,0.7,0.6906810830618966
ETH,2026-03-24,1774321200,long,0.020425269111160604,2,1,-0.126,-0.11985688014759618
BTC,2026-03-26,1774324800,long,0.020657635889219872,2,1,0.7999999999999999,0.7488807730322626
ETH,2026-03-24,1774329300,long,0.029639054411116028,2,1,-0.244,-0.22339226937147844
BTC,2026-03-24,1774333800,long,0.023092541337327965,2,1,0.6930000000000001,0.5657226689242011
BTC,2026-03-26,1774335600,long,0.026030455189765878,1,0,0.040000000000000036,-0.0076341828235496
BTC,2026-03-24,1774351800,short,0.021258450996288203,2,1,0.15499999999999994,-0.16133383695932793
BTC,2026-03-25,1774353600,long,0.028103852480211966,1,0,0.10999999999999999,0.13149904167066864
ETH,2026-03-26,1774354500,short,0.02321705804919494,1,0,-0.37,-0.05332667387617168
ETH,2026-03-25,1774360800,short,0.0223060581794704,2,1,0.207,0.26511426239066554
BTC,2026-03-27,1774368900,long,0.025502201604487462,2,1,-0.13,0.01802047740945853
BTC,2026-03-27,1774368900,short,0.020841147045864483,1,0,-0.71,-0.3267633761482798
BTC,2026-03-27,1774368900,long,0.02062452231414591,2,1,-0.20999999999999996,-0.1376392017247908
ETH,2026-03-26,1774368900,long,0.027550643879038272,2,1,-0.32999999999999996,-0.30894044421951716
ETH,2026-03-26,1774368900,short,0.02244935612096166,2,1,0.38,0.3589404442195172
ETH,2026-03-27,1774368900,long,0.02414982359905049,1,0,-0.6,-0.18135440640663686
ETH,2026-03-27,1774372500,short,0.022274939224740997,0,0,0.0,0.0
BTC,2026-03-27,1774372500,long,0.023397683931317914,2,1,-0.22000000000000008,-0.2414145344252291
ETH,2026-03-26,1774373400,short,0.020979277288440512,2,1,0.18,0.10652091964342263
ETH,2026-03-26,1774377900,short,0.02390614755798892,2,1,-0.68,-0.5929277407556315
ETH,2026-03-25,1774384200,long,0.03572740273227226,2,1,0.44999999999999996,0.43301588711000916
ETH,2026-03-27,1774388700,long,0.029590654638353087,1,0,0.13,-0.13000293663614898
BTC,2026-03-27,1774388700,short,0.0347579403996543,1,0,0.76,0.35310797794796306
BTC,2026-03-27,1774388700,long,0.025242059600345756,1,0,0.53,0.009261777628909784
BTC,2026-03-27,1774388700,short,0.022017943438661813,2,1,0.27,0.20884925630478818
BTC,2026-03-27,1774388700,long,0.03798205656133824,1,0,0.29000000000000004,-0.16958747867587837
BTC,2026-03-26,1774388700,short,0.03624096086857043,1,0,-0.040000000000000036,-0.09982082522608718
BTC,2026-03-25,1774388700,short,0.024301011475268974,2,1,0.37,0.2852780385206971
ETH,2026-03-27,1774388700,short,0.041383253058024816,1,0,0.89,0.6218492206877091
BTC,2026-03-26,1774388700,long,0.027078594374919884,1,0,0.22999999999999998,0.0745623066906789
BTC,2026-03-26,1774388700,long,0.020747308597737213,2,1,-0.018000000000000016,-0.05290000717533097
BTC,2026-03-26,1774388700,long,0.025264744890374446,2,1,-0.14999999999999994,-0.06642661295000105
ETH,2026-03-26,1774388700,long,0.024638329039001317,1,0,0.07999999999999996,-0.0315301609293292
BTC,2026-03-27,1774406700,short,0.02106118379945454,2,1,0.10100000000000003,-0.04793261490149614
SOL,2026-03-26,1774407600,long,0.06624538838124283,0,0,0.0,0.0
BTC,2026-03-26,1774407600,short,0.029370770093225418,2,1,0.32999999999999996,0.2975791144832316
BTC,2026-03-25,1774408500,long,0.027326420245853633,2,1,0.49,0.4459297561999842
BTC,2026-03-27,1774409400,short,0.034238578021830834,1,0,0.33000000000000007,-0.1286794440660457
BTC,2026-03-27,1774409400,long,0.02576143066545522,2,1,0.8799999999999999,0.7013883356511522
SOL,2026-03-26,1774411200,short,0.03625004256523301,1,0,0.7,0.3487337384722552
SOL,2026-03-26,1774411200,long,0.0797499574347671,0,0,0.0,0.0
BTC,2026-03-26,1774419300,short,0.02087709059854914,2,1,0.25,0.09067582803982294
ETH,2026-03-25,1774424700,long,0.029554761888257897,2,1,-0.21,-0.14188095866941558
BTC,2026-03-25,1774426500,short,0.026417142395547155,2,1,0.16399999999999995,0.17161607480631394
ETH,2026-03-27,1774426500,short,0.024328362883817123,2,1,0.2799999999999999,0.006428492131120289
XRP,2026-03-26,1774431000,long,0.06540953489874735,1,0,0.08999999999999997,-0.03189415241685399
XRP,2026-03-27,1774431000,long,0.06227672050895561,0,0,0.0,0.0
XRP,2026-03-27,1774431000,short,0.0477232794910446,0,0,0.0,0.0
XRP,2026-03-27,1774431000,short,0.059062216115202126,1,0,-0.031000000000000028,-0.1645928192961541
XRP,2026-03-27,1774431000,long,0.06227672050895561,0,0,0.0,0.0
XRP,2026-03-27,1774431000,short,0.0477232794910446,0,0,0.0,0.0
XRP,2026-03-27,1774435500,short,0.06385533183811284,1,0,-0.031000000000000028,-0.16101768220831622
XRP,2026-03-27,1774436400,short,0.04041142261890096,2,1,-0.651,-0.3022066541123804
XRP,2026-03-27,1774436400,long,0.05258857738109901,0,0,0.0,0.0
XRP,2026-03-26,1774437300,long,0.022457275284406553,1,0,0.07999999999999996,-0.14429446371107182
XRP,2026-03-26,1774437300,short,0.03754272471559367,1,0,-0.060000000000000005,0.1642944637110718
ETH,2026-03-27,1774439100,short,0.021552136927094012,1,0,-0.45,0.29520008378384127
SOL,2026-03-27,1774440900,short,0.036390944841209305,1,0,-0.7,-0.07288303153275699
SOL,2026-03-27,1774440900,short,0.03585004555118765,1,0,0.74,0.11288303153275703
SOL,2026-03-27,1774440900,long,0.024149954448812405,1,0,-0.7,-0.07288303153275699
SOL,2026-03-27,1774440900,short,0.03585004555118765,1,0,0.74,0.11288303153275703
SOL,2026-03-27,1774440900,long,0.024149954448812405,1,0,-0.7,-0.07288303153275699
ETH,2026-03-27,1774443600,long,0.024615416080485897,2,1,-0.14,-0.4744354917067298
SOL,2026-03-27,1774446300,long,0.023092701315128084,0,0,0.0,0.0
BTC,2026-03-26,1774453500,short,0.021355745215990152,2,1,-0.7350000000000001,-0.5248970411971886
ETH,2026-03-26,1774455300,long,0.020788750373311515,2,1,-0.52,-0.5983634274906182
SOL,2026-03-28,1774455300,short,0.03511664427225247,1,0,-0.59,-0.10214458172184704
ETH,2026-03-28,1774455300,long,0.02155170340586876,2,1,-0.21999999999999997,-0.037546021223074016
ETH,2026-03-27,1774455300,long,0.027198699579198182,1,0,0.35,-0.27634403960429044
SOL,2026-03-28,1774455300,long,0.034861285744638426,1,0,-0.59,-0.10214458172184704
ETH,2026-03-28,1774456200,short,0.029335306946695505,2,1,0.11699999999999994,-0.057316336608868534
ETH,2026-03-28,1774456200,long,0.02441099000858382,1,0,-0.73,-0.3216286217829464
SOL,2026-03-28,1774456200,long,0.027278115427290972,1,0,-0.64,-0.12814916564693024
SOL,2026-03-28,1774456200,short,0.022721884572709183,0,0,0.0,0.0
BTC,2026-03-28,1774459800,long,0.02394107355396846,2,1,-0.19000000000000006,-0.025840125813993448
BTC,2026-03-28,1774461600,long,0.022261238720742815,2,1,-0.25,-0.23093918876158784
BTC,2026-03-27,1774462500,long,0.020104924027914528,2,1,-0.20999999999999996,-0.5109296269996689
BTC,2026-03-28,1774465200,short,0.023823147945665313,2,1,0.24,0.3905112275011968
BTC,2026-03-28,1774477800,long,0.021233436463059974,1,0,0.66,0.1364419303701443
ETH,2026-03-28,1774480500,short,0.02353356417934116,1,0,-0.13,0.16007021689538536
BTC,2026-03-27,1774483200,long,0.023842266735081497,2,1,-0.32000000000000006,-0.42478410109146814
BTC,2026-03-26,1774485000,long,0.02588470900021167,2,1,-0.5,-0.6595887827682172
ETH,2026-03-26,1774486800,short,0.023813439372597833,1,0,-0.027000000000000003,0.0626115178694037
ETH,2026-03-27,1774487700,long,0.02043838158198552,2,1,-0.25000000000000006,0.20195047980781833
BTC,2026-03-28,1774495800,short,0.02005775126784337,1,0,-0.04,0.07594182559333579
ETH,2026-03-28,1774497600,long,0.0251948072235475,0,0,0.0,0.0
ETH,2026-03-26,1774498500,short,0.022581627208135613,2,1,0.72,0.6994285829497286
SOL,2026-03-28,1774509300,short,0.02766855247340283,2,1,-0.44700000000000006,-0.1160245535287946
SOL,2026-03-28,1774509300,long,0.020331447526597213,1,0,0.03500000000000003,0.13277871583978879
ETH,2026-03-26,1774512900,long,0.03068797587779648,2,1,0.689,0.3118608107080173
XRP,2026-03-27,1774524600,long,0.04374652920939859,1,0,-0.27,-0.04182431324410482
XRP,2026-03-27,1774524600,short,0.04134889659109264,1,0,-0.27,-0.04182431324410482
XRP,2026-03-27,1774524600,long,0.04865110340890766,2,1,0.43400000000000005,0.3190400291724531
XRP,2026-03-27,1774524600,short,0.04134889659109264,1,0,-0.27,-0.04182431324410482
XRP,2026-03-27,1774524600,long,0.04865110340890766,2,1,0.43400000000000005,0.3190400291724531
BTC,2026-03-26,1774524600,long,0.04394458991561301,2,1,0.32299999999999995,0.2663448753965686
XRP,2026-03-27,1774525500,short,0.0823231831345006,1,0,0.32000000000000006,0.06494973183780778
XRP,2026-03-28,1774525500,short,0.09297646719265984,0,0,0.0,0.0
XRP,2026-03-28,1774528200,long,0.09784833771122936,1,0,0.05599999999999994,0.06176142992803194
XRP,2026-03-28,1774528200,short,0.05332733106025528,0,0,0.0,0.0
XRP,2026-03-28,1774528200,long,0.05667266893974454,1,0,0.17999999999999994,0.2491293511413293
XRP,2026-03-28,1774528200,short,0.05332733106025528,0,0,0.0,0.0
XRP,2026-03-28,1774528200,long,0.05667266893974454,1,0,0.17999999999999994,0.2491293511413293
ETH,2026-03-27,1774532700,long,0.04625020775223998,1,0,-0.857,-0.5762076856788008
ETH,2026-03-27,1774532700,short,0.03732308620550695,1,0,-0.09,0.0910957394145229
SOL,2026-03-27,1774532700,long,0.07589055435498437,1,0,0.03400000000000003,0.11285592191968709
BTC,2026-03-28,1774532700,short,0.026926593427243684,2,1,0.14999999999999997,0.0026547500656672884
BTC,2026-03-27,1774532700,short,0.02431021168572267,2,1,0.32999999999999996,0.001973102286698003
XRP,2026-03-28,1774535400,short,0.049393875357983674,1,0,-0.04,-0.014629793419568403
XRP,2026-03-28,1774535400,long,0.07060612464201621,0,0,0.0,0.0
BTC,2026-03-28,1774538100,short,0.02185835962581051,2,1,0.09199999999999997,0.18189064416175404
XRP,2026-03-29,1774541700,short,0.07100023927222959,1,0,-0.3,-0.1233701647508059
SOL,2026-03-29,1774541700,short,0.09087709058412069,2,1,-0.37999999999999995,-0.18938525691583935
XRP,2026-03-29,1774541700,long,0.03198913750468191,1,0,-0.3,-0.1233701647508059
SOL,2026-03-28,1774541700,short,0.08004929212215794,2,1,-0.32200000000000006,-0.15619663762089156
ETH,2026-03-29,1774541700,long,0.03584510713894473,1,0,0.13,-0.014187070696092569
XRP,2026-03-29,1774542600,long,0.03295221048427188,1,0,0.25,0.38456174083521766
XRP,2026-03-29,1774542600,short,0.08704778951572811,1,0,-0.29000000000000004,-0.12975239467523259
XRP,2026-03-29,1774542600,long,0.0319607594948037,1,0,-0.29000000000000004,-0.12975239467523259
XRP,2026-03-29,1774542600,short,0.02803924050519635,1,0,-0.04,0.012242716520430276
ETH,2026-03-28,1774542600,long,0.02803992334026839,2,1,-0.25000000000000006,-0.1630688381172012
BTC,2026-03-29,1774543500,short,0.025768865836351296,2,1,0.10799999999999998,0.20914960287038253
ETH,2026-03-29,1774544400,short,0.020387626862841457,2,1,0.086,0.009225315281191096
XRP,2026-03-29,1774544400,long,0.0702576881731416,0,0,0.0,0.0
XRP,2026-03-29,1774545300,long,0.04684811463644145,0,0,0.0,0.0
XRP,2026-03-29,1774545300,short,0.03215188536355843,1,0,-0.04,0.011376662065918551
XRP,2026-03-29,1774545300,long,0.04684811463644145,0,0,0.0,0.0
XRP,2026-03-29,1774545300,short,0.03215188536355843,1,0,-0.04,0.011376662065918551
SOL,2026-03-29,1774545300,short,0.04596639851094764,1,0,-0.28,0.05052277603386096
SOL,2026-03-29,1774545300,long,0.027033601489052428,1,0,0.09299999999999997,0.27995114011820577
ETH,2026-03-29,1774548000,long,0.05707728329660022,2,1,0.821,0.7248328053610164
ETH,2026-03-28,1774548000,short,0.055737219400773697,1,0,0.33000000000000007,0.24696039795824645
ETH,2026-03-28,1774548000,long,0.024262780599226152,2,1,-0.20000000000000007,-0.1474313436982353
ETH,2026-03-29,1774548000,short,0.04811156562770613,1,0,0.73,0.5463011528882062
ETH,2026-03-27,1774548000,long,0.05162828635646566,2,1,0.862,0.6423570038078116
ETH,2026-03-28,1774548000,long,0.025807931739157075,0,0,0.0,0.0
BTC,2026-03-29,1774549800,long,0.023832816476146323,1,0,0.26,0.06151358209982133
XRP,2026-03-28,1774549800,short,0.08102009127620102,1,0,-0.21699999999999997,-0.1583114507607338
XRP,2026-03-28,1774549800,long,0.03397990872379886,0,0,0.0,0.0
XRP,2026-03-29,1774549800,short,0.03975555557879462,0,0,0.0,0.0
SOL,2026-03-27,1774549800,short,0.035466242139344864,1,0,-0.038000000000000034,-0.12799897620295464
SOL,2026-03-27,1774549800,long,0.02653375786065504,2,1,0.17999999999999994,0.13171849892410445
XRP,2026-03-28,1774549800,short,0.08102009127620102,1,0,-0.21699999999999997,-0.1583114507607338
XRP,2026-03-28,1774549800,long,0.03397990872379886,0,0,0.0,0.0
BTC,2026-03-29,1774550700,long,0.020453438127279622,1,0,0.09999999999999998,-0.013761000073885227
BTC,2026-03-27,1774555200,short,0.02467097143767516,2,1,0.42,0.2799667085993632
ETH,2026-03-27,1774556100,long,0.03524102806572649,2,1,-0.26999999999999996,0.13620923218977654
ETH,2026-03-29,1774557900,long,0.02374485428949047,1,0,-0.75,-0.5184526888383064
ETH,2026-03-29,1774558800,short,0.020446208270476385,0,0,0.0,0.0
ETH,2026-03-28,1774558800,short,0.020789322219587125,1,0,-0.039000000000000035,-0.08338765985128019
ETH,2026-03-27,1774561500,short,0.02030993307402429,2,1,-0.877,-0.6179288365167928
BTC,2026-03-28,1774567800,long,0.025559489639456867,1,0,0.29000000000000004,0.033091563105171695
BTC,2026-03-27,1774570500,long,0.02763137595527465,2,1,-0.49,-0.45211668856845066
BTC,2026-03-29,1774581300,short,0.021178580707504002,2,1,-0.76,-0.6555182203189961
ETH,2026-03-29,1774583100,short,0.02572320086717672,2,1,-0.799,-0.6800172522105096
ETH,2026-03-29,1774584000,long,0.05784058864688468,1,0,0.10999999999999999,0.004767038369146728
ETH,2026-03-28,1774584900,long,0.03617851455432497,1,0,0.27,0.19111757620544356
BTC,2026-03-29,1774587600,short,0.022360897936292257,2,1,0.29,0.2597629271787927
BTC,2026-03-29,1774588500,short,0.028382436325814497,2,1,0.21999999999999997,0.10863665880537546
BTC,2026-03-27,1774589400,long,0.029499287390490236,2,1,0.716,0.16783628189270916
BTC,2026-03-29,1774589400,long,0.021527674911319128,2,1,0.7699999999999999,0.6795994085102178
BTC,2026-03-28,1774596600,short,0.021139139832807463,1,0,-0.08,0.06243510736907769
BTC,2026-03-29,1774599300,long,0.023816748462557324,1,0,0.05499999999999994,0.14231359553508482
BTC,2026-03-27,1774608300,short,0.04948224982141647,2,1,0.20499999999999996,0.4327326521939799
BTC,2026-03-28,1774608300,long,0.025650715394680335,2,1,0.61,0.6094375714757657
BTC,2026-03-29,1774608300,short,0.020879962289584553,1,0,0.133,0.16515645632145673
ETH,2026-03-28,1774609200,short,0.05119694090145377,1,0,-0.030000000000000027,0.003792922308695157
SOL,2026-03-28,1774609200,long,0.06025477594871531,1,0,0.050000000000000044,0.06440120100730357
ETH,2026-03-29,1774610100,short,0.02725183515619556,1,0,0.16999999999999993,0.16597444210302972
XRP,2026-03-27,1774611000,long,0.04350230764589358,2,1,0.11699999999999999,0.1258402440954592
BTC,2026-03-27,1774621800,long,0.06716355769677174,2,1,-0.625,-0.4283547919257305
BTC,2026-03-28,1774621800,long,0.020454892081948062,2,1,-0.3520000000000001,-0.26310034922260384
BTC,2026-03-28,1774624500,short,0.02131192395340864,2,1,-0.5820000000000001,-0.5321219437685696
ETH,2026-03-29,1774627200,long,0.02294721269235156,2,1,-0.09599999999999997,-0.09375503952218352
SOL,2026-03-30,1774628100,long,0.0790040024001899,1,0,0.30999999999999994,0.22001445959219956
BTC,2026-03-30,1774628100,short,0.020319344775990622,2,1,0.266,0.22177063216864173
XRP,2026-03-30,1774628100,long,0.03189724583068587,0,0,0.0,0.0
XRP,2026-03-30,1774628100,short,0.0521027541693142,1,0,-0.04400000000000004,-0.029269084851678055
SOL,2026-03-28,1774628100,short,0.043173756786427236,1,0,-0.03,-0.04407435799500133
XRP,2026-03-30,1774628100,long,0.03189724583068587,0,0,0.0,0.0
XRP,2026-03-30,1774628100,short,0.0521027541693142,1,0,-0.04400000000000004,-0.029269084851678055
BTC,2026-03-30,1774628100,long,0.02601583873951019,2,1,0.76,0.7214001436480322
ETH,2026-03-30,1774628100,long,0.03125785066324216,1,0,0.55,0.2826316792266099
XRP,2026-03-29,1774628100,long,0.04492235627869001,0,0,0.0,0.0
XRP,2026-03-29,1774628100,short,0.055077643721309966,1,0,-0.12,-0.09107000983881858
XRP,2026-03-30,1774628100,long,0.0742802061387402,1,0,0.24,0.27743741578028785
ETH,2026-03-30,1774629000,short,0.027447275598403098,0,0,0.0,0.0
XRP,2026-03-30,1774629000,long,0.06308853179364826,1,0,0.22999999999999998,0.27171364121971814
XRP,2026-03-30,1774629000,short,0.026911468206351707,1,0,-0.18000000000000002,-0.2217136412197182
XRP,2026-03-29,1774629000,short,0.05657364991023284,1,0,-0.12,-0.0967121650962306
XRP,2026-03-29,1774629000,long,0.04342635008976714,0,0,0.0,0.0
ETH,2026-03-30,1774629900,long,0.02274067446817951,0,0,0.0,0.0
SOL,2026-03-30,1774629900,long,0.034736147249498694,1,0,-0.08,-0.12564813205501843
SOL,2026-03-30,1774631700,long,0.021711916670324793,1,0,0.29000000000000004,0.21520787998738733
SOL,2026-03-30,1774631700,short,0.028288083329675362,1,0,-0.09999999999999999,-0.14258043108194263
SOL,2026-03-29,1774631700,short,0.06717554804616546,0,0,0.0,0.0
ETH,2026-03-30,1774632600,long,0.025628994220778134,1,0,0.23199999999999998,0.010228225787896339
SOL,2026-03-29,1774632600,short,0.02922614371325244,1,0,-0.246,-0.318852917953902
SOL,2026-03-29,1774632600,long,0.05177385628674758,1,0,0.28700000000000003,0.35985291795390206
ETH,2026-03-29,1774634400,short,0.023990289258461917,1,0,-0.16100000000000003,-0.11471253818817823
ETH,2026-03-29,1774634400,long,0.03000971074153802,0,0,0.0,0.0
XRP,2026-03-28,1774636200,long,0.027825597870908547,1,0,0.040000000000000036,0.08535889837646787
ETH,2026-03-30,1774638900,long,0.020179432732038816,2,1,-0.08999999999999997,-0.20615723005692455
ETH,2026-03-30,1774643400,short,0.020744245240890913,1,0,-0.051000000000000045,0.05289874929925213
ETH,2026-03-29,1774644300,long,0.025087946791095384,1,0,0.07000000000000006,0.08756676940682535
BTC,2026-03-30,1774648800,long,0.02135504482010031,2,1,-0.13999999999999996,-0.24083135866336197
BTC,2026-03-28,1774648800,short,0.02379243411022569,2,1,0.4139999999999999,0.1583658404069771
ETH,2026-03-30,1774684800,short,0.021036438464058782,0,0,0.0,0.0
BTC,2026-03-29,1774690200,short,0.022203636702119556,2,1,-0.5,-0.48265353937616506
BTC,2026-03-29,1774698300,long,0.022428342106967092,2,1,-0.08099999999999999,-0.1051364857615498
ETH,2026-03-29,1774705500,short,0.020960556264043362,2,1,-0.7260000000000001,-0.5381553071031661
BTC,2026-03-28,1774705500,long,0.03579812629369927,2,1,0.041000000000000036,0.03779243434005697
BTC,2026-03-30,1774714500,long,0.024449034045347595,2,1,0.64,0.6444150232926271
ETH,2026-03-31,1774714500,short,0.042100968957372475,1,0,-0.12,-0.06398198281909905
ETH,2026-03-31,1774714500,long,0.039299223472399225,0,0,0.0,0.0
ETH,2026-03-30,1774714500,long,0.042280249271771986,1,0,0.37,0.18169471043174532
BTC,2026-03-31,1774715400,long,0.02134652711938201,2,1,-0.21999999999999997,-0.20563590663125964
BTC,2026-03-31,1774716300,long,0.029287918632049603,2,1,0.73,0.7298582941925077
BTC,2026-03-31,1774716300,short,0.022825525601353758,2,1,0.22999999999999998,0.23457398628962237
ETH,2026-03-30,1774717200,short,0.021538412942132212,2,1,0.31000000000000005,0.18856728129335862
ETH,2026-03-31,1774719000,long,0.026218875365233263,1,0,0.07000000000000006,0.10972599418919135
ETH,2026-03-31,1774727100,short,0.029007789256297878,2,1,0.126,0.07819410358788104
ETH,2026-03-30,1774729800,long,0.022672786306348724,1,0,0.09499999999999997,0.006482197335167583
ETH,2026-03-29,1774731600,short,0.022919760755024388,2,1,0.6659999999999999,0.528822406259128
BTC,2026-03-30,1774737000,long,0.022819043567865016,2,1,-0.20999999999999996,-0.30433637675588854
ETH,2026-03-29,1774738800,long,0.02591359688333683,2,1,-0.569,-0.43607070533943404
ETH,2026-03-30,1774743300,short,0.020222431132849383,1,0,-0.03200000000000003,0.021071271258136577
ETH,2026-03-31,1774747800,long,0.02126777246465461,0,0,0.0,0.0
BTC,2026-03-29,1774752300,long,0.02215402483560802,2,1,-0.22199999999999998,-0.271446039588218
ETH,2026-03-29,1774753200,long,0.029250584731213003,2,1,0.633,0.5099915502671284
BTC,2026-03-30,1774754100,long,0.02048681148483622,2,1,-0.2220000000000001,-0.14684672674262272
BTC,2026-03-31,1774755000,short,0.020410459532138603,1,0,-0.35000000000000003,-0.32686112402192313
BTC,2026-03-29,1774776600,short,0.10993077445656166,2,1,-0.18400000000000002,-0.21208240032244696
BTC,2026-03-30,1774782000,short,0.02427777128075015,1,0,-0.38,-0.17884560380630657
BTC,2026-03-31,1774793700,long,0.023117459537999707,1,0,0.16000000000000003,0.14797455744334392
ETH,2026-03-31,1774800000,long,0.03841792562026525,2,1,0.6900000000000001,0.5922258693641227
ETH,2026-03-31,1774800000,short,0.04158207437973471,1,0,-0.5,-0.2579767051603948
ETH,2026-03-31,1774800000,long,0.023933220788199705,2,1,-0.1060000000000001,-0.010606376424164274
ETH,2026-03-31,1774800000,short,0.023066779211800115,2,1,0.1529999999999999,0.057606376424164094
ETH,2026-04-01,1774800900,short,0.03208401347479828,1,0,-0.06300000000000006,0.09384695708579854
ETH,2026-03-30,1774800900,long,0.02599606396397114,2,1,0.5900000000000001,0.28757794671354014
ETH,2026-04-01,1774800900,long,0.02323329643291161,0,0,0.0,0.0
BTC,2026-04-01,1774800900,long,0.02380701332516222,2,1,-0.24,-0.25834428619119776
ETH,2026-03-31,1774801800,long,0.035006805685936504,2,1,0.67,0.5939602900706713
ETH,2026-04-01,1774801800,short,0.037464456266384505,1,0,-0.19000000000000006,0.0954945543065337
ETH,2026-03-31,1774801800,short,0.03604550524396166,2,1,0.35,0.26916873670213387
BTC,2026-03-30,1774801800,long,0.021817209355518674,2,1,0.59,0.555992052130674
BTC,2026-04-01,1774801800,long,0.028766343041595865,2,1,0.8099999999999999,0.7065221407582472
ETH,2026-04-01,1774801800,long,0.031056353163278816,0,0,0.0,0.0
BTC,2026-04-01,1774802700,short,0.0224584681473895,2,1,0.21999999999999997,0.14503988464001427
BTC,2026-03-31,1774806300,short,0.020044015416225247,2,1,0.2499999999999999,0.23478086614784066
BTC,2026-03-30,1774807200,short,0.023262879911943535,2,1,0.30900000000000005,0.2045776115822336
BTC,2026-04-01,1774808100,long,0.02307953568853849,1,0,-0.12,-0.27840839513233817
ETH,2026-03-30,1774809900,short,0.026631801614725115,2,1,0.42100000000000004,0.17532697928207375
ETH,2026-04-01,1774817100,short,0.021745759354565686,1,0,-0.05,-0.17072170518101593
ETH,2026-03-31,1774821600,long,0.02090723478454093,2,1,-0.121,-0.2222226948939992
BTC,2026-04-01,1774821600,short,0.02115398670180879,2,1,0.12,0.04052159352046565
ETH,2026-03-31,1774821600,short,0.020053492340253,2,1,0.10799999999999998,0.037060845107081505
BTC,2026-03-31,1774822500,long,0.020612418613283,2,1,0.69,0.6768041627159861
BTC,2026-03-31,1774824300,long,0.028708403703396446,2,1,-0.10999999999999996,-0.18157031191880105
BTC,2026-03-30,1774824300,short,0.06235301732956511,2,1,0.19299999999999995,0.005372866152469402
BTC,2026-03-31,1774824300,short,0.020832917546348972,2,1,0.07699999999999996,0.03918058953529172
ETH,2026-04-01,1774824300,short,0.02123623990703094,1,0,0.10699999999999998,-0.12030343871114199
ETH,2026-04-01,1774824300,long,0.021764429363007265,1,0,0.040000000000000036,0.12909440697449884
BTC,2026-03-31,1774824300,short,0.026048640279962232,2,1,0.18199999999999994,0.11790837173472273
ETH,2026-03-30,1774824300,long,0.05258948924219142,2,1,-0.501,-0.3076498937801094
BTC,2026-03-31,1774825200,long,0.021764744642458922,2,1,-0.12100000000000011,-0.07250285950670152
BTC,2026-03-30,1774825200,long,0.020868568375617125,2,1,-0.09299999999999997,0.054119124380953176
ETH,2026-03-30,1774825200,long,0.023051082922079358,1,0,-0.11599999999999999,0.19807980042006512
BTC,2026-04-01,1774825200,long,0.023802312780742296,2,1,-0.19999999999999996,-0.13586214738494679
ETH,2026-04-01,1774827900,long,0.021874131777566808,1,0,-0.061000000000000054,0.11019201038963902
ETH,2026-04-01,1774831500,long,0.020067956270195753,1,0,0.02100000000000002,0.04560062032686487
ETH,2026-03-31,1774838700,long,0.03484635183884288,1,0,-0.36,-0.2061879199230794
BTC,2026-03-30,1774838700,short,0.022800315659068704,2,1,0.26400000000000007,0.3751400113753351
ETH,2026-03-30,1774838700,short,0.02059928272083944,2,1,-0.382,-0.15544983447905805
BTC,2026-04-01,1774840500,short,0.020891957572576336,2,1,0.29000000000000004,0.2763258860659708
BTC,2026-03-31,1774843200,short,0.022692706150240993,2,1,-0.65,-0.6425032986228782
ETH,2026-04-01,1774847700,long,0.03608611606607637,1,0,-0.08999999999999997,0.032806611301174085
ETH,2026-04-01,1774848600,long,0.02859086949605394,2,1,-0.32000000000000006,-0.3026644229176663
ETH,2026-04-01,1774848600,short,0.021409130503945994,1,0,0.6599999999999999,0.4154369931748356
BTC,2026-03-30,1774856700,long,0.03862945808132667,2,1,-0.251,-0.3257478389674661
ETH,2026-04-01,1774857600,short,0.025189892080912935,0,0,0.0,0.0
ETH,2026-03-30,1774872900,short,0.026497084463787512,2,1,0.18599999999999997,0.18511435296136505
BTC,2026-04-02,1774887300,short,0.028867815432116584,1,0,0.31999999999999995,0.3890983373422629
ETH,2026-04-02,1774887300,long,0.026391689654134742,1,0,-0.14,-0.1203133132089545
BTC,2026-04-02,1774887300,long,0.030308274976878602,2,1,-0.22000000000000003,-0.19890412385780268
ETH,2026-04-02,1774887300,short,0.032187053161204404,1,0,-0.39,-0.358403080938638
BTC,2026-04-02,1774887300,short,0.020929656341877823,2,1,-0.73,-0.7195961082371224
BTC,2026-04-02,1774887300,long,0.02060613105608966,2,1,-0.13000000000000006,-0.09693654919181527
BTC,2026-04-01,1774888200,long,0.028600383311852662,2,1,0.74,0.6366552710196063
ETH,2026-03-31,1774890000,long,0.03448771949812701,1,0,0.16000000000000003,0.18991176732257645
BTC,2026-04-01,1774890900,short,0.03448833513941163,1,0,0.30999999999999994,0.0756354149800085
ETH,2026-04-02,1774890900,long,0.020646647728830958,1,0,-0.36,-0.3539947047354937
ETH,2026-04-02,1774891800,short,0.021343629822912824,1,0,0.36,0.31104947925446474
ETH,2026-04-01,1774891800,long,0.023857610170064936,0,0,0.0,0.0
BTC,2026-04-02,1774894500,long,0.020024946912753805,2,1,0.75,0.749981245705079
ETH,2026-04-02,1774895400,long,0.028487143899554423,1,0,0.31000000000000005,0.3716248617382981
BTC,2026-04-02,1774895400,short,0.025198598642087178,1,0,-0.07100000000000006,-0.06549680912838561
ETH,2026-04-01,1774899000,short,0.02018043129965985,1,0,-0.10999999999999999,0.12804545710570667
ETH,2026-03-31,1774899900,short,0.02934420704316465,1,0,-0.04600000000000004,0.017466046126814003
ETH,2026-04-02,1774899900,short,0.022774000655157334,1,0,-0.04200000000000004,-0.00774231980273217
ETH,2026-04-02,1774908000,long,0.024436181219857245,1,0,-0.35,-0.28169221632519187
ETH,2026-04-02,1774912500,short,0.02076432932921146,1,0,0.26,0.35803943028703844
BTC,2026-03-31,1774920600,long,0.0357778321429556,2,1,-0.38299999999999995,-0.19258102686978432
ETH,2026-04-01,1774920600,long,0.022797960007787665,1,0,0.6799999999999999,0.3963243797074667
ETH,2026-03-31,1774921500,short,0.020985102668072186,2,1,0.30999999999999994,0.2235045785944767
BTC,2026-04-01,1774927800,short,0.0333620529453853,2,1,0.3400000000000001,0.28974856424332157
ETH,2026-04-01,1774935000,short,0.023033380861733344,1,0,0.6599999999999999,0.38321225517303614
XRP,2026-03-31,1774937700,long,0.04049107051897649,2,1,0.262,0.30983747679219265
XRP,2026-04-02,1774937700,short,0.0526885609768688,0,0,0.0,0.0
XRP,2026-04-02,1774937700,long,0.06861644220420815,1,0,0.13,0.061718140319035206
XRP,2026-04-01,1774937700,long,0.06506239974270667,0,0,0.0,0.0
SOL,2026-04-01,1774939500,long,0.05471229095858088,1,0,0.17300000000000004,0.1485127494495929
BTC,2026-03-31,1774939500,long,0.02151708499135263,2,1,0.44000000000000006,0.36128868878595455
SOL,2026-04-02,1774939500,long,0.07735662917133812,0,0,0.0,0.0
XRP,2026-04-02,1774943100,long,0.02305637551815498,0,0,0.0,0.0
XRP,2026-04-02,1774943100,short,0.06594362448184499,0,0,0.0,0.0
ETH,2026-04-01,1774944000,long,0.032047767621611545,0,0,0.0,0.0
XRP,2026-04-01,1774944000,short,0.022770879618205397,0,0,0.0,0.0
XRP,2026-04-01,1774944000,long,0.11722912038179456,0,0,0.0,0.0
XRP,2026-04-02,1774944000,long,0.11055538278111188,0,0,0.0,0.0
SOL,2026-04-02,1774944900,long,0.04524024251795611,0,0,0.0,0.0
SOL,2026-04-02,1774944900,short,0.03475975748204377,0,0,0.0,0.0
BTC,2026-04-01,1774946700,long,0.021716650745832622,2,1,-0.37,-0.37718388420110366
ETH,2026-04-02,1774949400,long,0.03173640787902121,2,1,0.38,0.4131790811265952
ETH,2026-03-31,1774951200,long,0.027209140643272622,2,1,-0.261,0.12389980732880301
BTC,2026-03-31,1774951200,long,0.04488683528624149,2,1,-0.368,-0.10448858253232463
XRP,2026-04-01,1774951200,short,0.04761573071045877,0,0,0.0,0.0
BTC,2026-03-31,1774960200,short,0.02884735886087375,2,1,0.1519999999999999,0.1497440747415061
ETH,2026-04-01,1774962000,short,0.022517743118302014,2,1,-0.763,-0.4633833917664554
ETH,2026-04-02,1774970100,long,0.02126636809206328,2,1,-0.03500000000000003,-0.051142552872584596
BTC,2026-04-02,1774973700,short,0.022566471962561008,1,0,-0.10999999999999999,-0.11967719641355154
BTC,2026-04-03,1774973700,short,0.020536423540857607,1,0,-0.36,-0.37229103807059166
BTC,2026-04-03,1774974600,short,0.027088623899877096,1,0,-0.13,-0.1507753167146672
ETH,2026-04-03,1774974600,short,0.029540544159611715,1,0,-0.26,-0.3010662374959512
BTC,2026-04-03,1774974600,long,0.023180225038894386,2,1,-0.07000000000000006,-0.07965727699789676
ETH,2026-04-03,1774974600,short,0.024140718420540552,1,0,-0.07999999999999996,-0.10129817643012803
BTC,2026-04-03,1774975500,long,0.02393011469125228,2,1,-0.23000000000000004,-0.2031096503446678
ETH,2026-04-02,1774977300,short,0.021279671531070576,2,1,-0.66,-0.5566486621755024
BTC,2026-04-02,1774977300,long,0.024497314709023055,2,1,-0.16000000000000006,-0.039366583956996534
BTC,2026-04-03,1774977300,long,0.03379184362755483,1,0,-0.28,-0.09271984945822112
ETH,2026-04-03,1774977300,long,0.025915334888293673,1,0,-0.22,-0.059527387187353564
ETH,2026-04-02,1774977300,long,0.03640005090709231,1,0,-0.54,-0.31625354617208334
BTC,2026-04-02,1774977300,long,0.03215662662086527,2,1,-0.29000000000000004,-0.25247200562807326
ETH,2026-04-03,1774977300,long,0.0236520786573291,1,0,-0.53,-0.32903130894193644
BTC,2026-04-01,1774977300,long,0.023378720069306524,2,1,0.58,0.5496111164309632
BTC,2026-04-02,1774977300,short,0.027344469810691274,2,1,-0.7100000000000001,-0.6154667249697972
BTC,2026-04-03,1774977300,long,0.02894106300217847,1,0,-0.55,-0.3448041713643022
BTC,2026-04-03,1774977300,short,0.021058936997821465,1,0,-0.28,-0.09271984945822112
ETH,2026-04-02,1774978200,long,0.020526181763977913,1,0,-0.16,-0.02779545121393273
ETH,2026-04-03,1774978200,short,0.021411559116088164,1,0,-0.2,-0.06003343646369105
ETH,2026-04-03,1774978200,long,0.03858844088391189,1,0,-0.51,-0.3267347586310856
SOL,2026-04-01,1774978200,long,0.027103490844145206,1,0,0.013000000000000012,0.01840010606577189
SOL,2026-04-01,1774978200,short,0.022896509155854977,1,0,-0.03,-0.035400106065771875
ETH,2026-04-02,1774979100,short,0.022310833537466435,2,1,0.13100000000000003,0.06084196509307306
ETH,2026-04-01,1774979100,long,0.0404647460123464,2,1,-0.4,-0.26223115699728705
BTC,2026-04-02,1774979100,short,0.026076654389997955,1,0,-0.042,-0.007087714555743266
ETH,2026-04-03,1774980000,short,0.026756413156593384,1,0,0.19999999999999996,0.1055096979659905
ETH,2026-04-03,1774983600,long,0.020461805392354204,2,1,-0.12,-0.18117806488695412
SOL,2026-04-03,1774987200,long,0.03704781810679214,0,0,0.0,0.0
SOL,2026-04-03,1774991700,long,0.06741444680447195,0,0,0.0,0.0
SOL,2026-04-03,1774991700,short,0.026585553195527856,0,0,0.0,0.0
ETH,2026-04-02,1774999800,long,0.021196771319904162,2,1,-0.09199999999999997,-0.15857131631768623
ETH,2026-04-03,1775010600,short,0.027823486666150754,0,0,0.0,0.0
ETH,2026-04-03,1775010600,long,0.02217651333384918,1,0,0.45999999999999996,0.3420640262245658
ETH,2026-04-02,1775015100,short,0.022273453056429804,2,1,0.4,0.32066702429956667
BTC,2026-04-01,1775019600,short,0.02412439162690172,2,1,0.37,0.2292669646382289
XRP,2026-04-02,1775020500,short,0.04694402173402823,1,0,0.82,0.5862238735079952
XRP,2026-04-02,1775020500,long,0.05305597826597164,1,0,0.16999999999999993,-0.022442731370883817
XRP,2026-04-03,1775023200,short,0.020000707799593787,0,0,0.0,0.0
XRP,2026-04-03,1775023200,long,0.04999929220040622,0,0,0.0,0.0
XRP,2026-04-03,1775023200,short,0.020000707799593787,0,0,0.0,0.0
XRP,2026-04-03,1775023200,long,0.04999929220040622,0,0,0.0,0.0
XRP,2026-04-03,1775023200,short,0.020333855823588265,1,0,-0.02100000000000002,-0.04346461776571878
XRP,2026-04-02,1775024100,long,0.029965943779628468,1,0,0.19999999999999996,-0.10179708739689125
XRP,2026-04-02,1775024100,short,0.0500340562203716,1,0,0.87,0.6190979766601478
XRP,2026-04-01,1775024100,long,0.048709872450974245,1,0,0.07699999999999996,0.08584368431028679
ETH,2026-04-03,1775025000,long,0.023051670216420517,0,0,0.0,0.0
XRP,2026-04-03,1775025900,long,0.05008410675417507,1,0,-0.25,-0.023785342522128217
XRP,2026-04-03,1775026800,short,0.02246667910932476,1,0,-0.020999999999999998,0.011846589137463531
XRP,2026-04-03,1775026800,long,0.0465333208906753,1,0,-0.25,-0.018851120120710774
XRP,2026-04-02,1775029500,long,0.03282813726157974,0,0,0.0,0.0
ETH,2026-04-02,1775030400,long,0.0391845421656698,1,0,0.6799999999999999,0.37502465051019496
ETH,2026-04-01,1775034000,long,0.03714267000620519,2,1,0.2609999999999999,0.27136324092993325
SOL,2026-04-02,1775035800,short,0.021315989607998437,2,1,0.872,0.6255044588151071
BTC,2026-04-01,1775036700,long,0.025548858189735624,2,1,-0.276,-0.13103495433623077
SOL,2026-04-02,1775037600,long,0.034830212165798624,1,0,-0.87,-0.5470063832159415
ETH,2026-04-04,1775060100,long,0.020766660283769944,0,0,0.0,0.0
BTC,2026-04-04,1775060100,long,0.03976663381265855,1,0,-0.32,-0.15776748747741182
BTC,2026-04-04,1775061000,short,0.02462019821089534,2,1,-0.78,-0.7162777683403362
BTC,2026-04-03,1775061000,short,0.03188865894010584,2,1,-0.76,-0.635312325056679
ETH,2026-04-04,1775061000,long,0.02797690916981299,1,0,0.09999999999999998,-0.010372769366600393
SOL,2026-04-04,1775061900,short,0.06102063523542767,2,1,-0.21999999999999997,-0.20050634761147967
SOL,2026-04-04,1775061900,long,0.028979364764572413,2,1,0.30999999999999994,0.29050634761147964
SOL,2026-04-04,1775061900,long,0.028863855299273933,2,1,-0.09199999999999997,-0.27227442564001386
ETH,2026-04-04,1775061900,short,0.028374656347344596,0,0,0.0,0.0
SOL,2026-04-04,1775061900,short,0.06102063523542767,2,1,-0.21999999999999997,-0.20050634761147967
SOL,2026-04-04,1775061900,long,0.028979364764572413,2,1,0.30999999999999994,0.29050634761147964
ETH,2026-04-02,1775063700,long,0.026038932409705673,1,0,-0.78,-0.3703747920410289
ETH,2026-04-03,1775063700,short,0.032466841004393565,1,0,-0.7,-0.3524330788973118
ETH,2026-04-03,1775063700,long,0.033574633434314105,0,0,0.0,0.0
ETH,2026-04-04,1775063700,short,0.023008636546028693,0,0,0.0,0.0
BTC,2026-04-02,1775064600,short,0.023013100951600474,2,1,-0.7,-0.4860744143240499
ETH,2026-04-03,1775064600,short,0.030324630965058108,1,0,0.69,0.36153918997222284
ETH,2026-04-03,1775064600,long,0.029675369034941834,0,0,0.0,0.0
ETH,2026-04-03,1775064600,short,0.030324630965058108,1,0,0.69,0.36153918997222284
ETH,2026-04-03,1775064600,long,0.029675369034941834,0,0,0.0,0.0
BTC,2026-04-03,1775064600,long,0.020550841160287936,1,0,-0.28,-0.04364135700995786
BTC,2026-04-04,1775064600,long,0.025451520121098747,1,0,-0.5700000000000001,-0.4186515698166176
ETH,2026-04-04,1775065500,short,0.0239665568033941,1,0,-0.03200000000000003,-0.09394851338048099
BTC,2026-04-02,1775065500,long,0.02360369726706968,1,0,-0.61,-0.25475645512471023
BTC,2026-04-03,1775066400,short,0.021015899430371188,2,1,0.1359999999999999,0.2165960780364189
BTC,2026-04-03,1775067300,long,0.023662127715180503,2,1,-0.29000000000000004,-0.24243679580765723
SOL,2026-04-03,1775073600,long,0.05692659379646092,1,0,0.15000000000000002,0.3780522749767875
XRP,2026-04-03,1775075400,long,0.02886271978709609,1,0,-0.17000000000000004,-0.31126196157057784
ETH,2026-04-03,1775077200,long,0.022798773850141396,1,0,-0.07000000000000006,-0.21551006145958013
SOL,2026-04-04,1775081700,short,0.0434373868542991,1,0,0.42000000000000004,0.4370292636646916
BTC,2026-04-04,1775088000,short,0.02086242428496754,2,1,0.15000000000000002,0.1823485891697475
ETH,2026-04-02,1775091600,short,0.024294776426045606,2,1,-0.8240000000000001,-0.48073230489253077
BTC,2026-04-02,1775091600,long,0.033888175014741506,2,1,-0.14100000000000001,0.12602943871827244
ETH,2026-04-02,1775091600,long,0.035190321389478196,1,0,-0.19,0.30855783388958585
ETH,2026-04-03,1775093400,short,0.02369333166366938,2,1,0.11299999999999999,0.2013858185903163
BTC,2026-04-02,1775094300,long,0.023843491824977914,2,1,0.531,0.517113868710934
ETH,2026-04-03,1775097000,long,0.035346584326703345,1,0,0.19999999999999996,0.29024850013710557
SOL,2026-04-03,1775097000,long,0.0447825337489729,1,0,-0.63,-0.4532508508857849
ETH,2026-04-04,1775097900,long,0.02214201701544205,2,1,0.47999999999999987,0.45896386090589375
SOL,2026-04-03,1775098800,short,0.02674264906875362,1,0,-0.02100000000000002,-0.007898766528375473
ETH,2026-04-03,1775101500,short,0.026545401656636325,1,0,-0.02100000000000002,-0.022616493985573857
ETH,2026-04-02,1775101500,short,0.026435505970266338,2,1,0.16699999999999993,0.15332291772582404
BTC,2026-04-04,1775103300,long,0.02005875048991479,2,1,0.7200000000000001,0.7121782769458505
BTC,2026-04-03,1775106000,long,0.02190684872217763,1,0,0.21999999999999997,0.28848125588281276
BTC,2026-04-02,1775110500,long,0.02407646713300049,2,1,-0.236,-0.1792434884594389
ETH,2026-04-02,1775118600,long,0.027093138492445767,2,1,0.21699999999999997,0.21659168361742429
XRP,2026-04-03,1775133000,long,0.0651107108198341,1,0,0.5800000000000001,0.3572796178501033
XRP,2026-04-04,1775133000,short,0.029526541367150105,1,0,0.56,0.4325526348245756
XRP,2026-04-04,1775135700,long,0.03550673303148555,0,0,0.0,0.0
ETH,2026-04-04,1775138400,long,0.02983046792049615,2,1,-0.039000000000000035,-0.019041687888072225
ETH,2026-04-05,1775146500,long,0.030748348609482834,2,1,-0.23000000000000004,-0.22427048545057035
SOL,2026-04-05,1775146500,short,0.07181088528586943,1,0,-0.030000000000000027,-0.01880555474873559
BTC,2026-04-05,1775147400,long,0.03210578027909117,2,1,-0.21000000000000002,-0.24125150274005658
XRP,2026-04-05,1775148300,long,0.03758757730635476,0,0,0.0,0.0
XRP,2026-04-05,1775148300,short,0.07103111525369837,1,0,-0.05,-0.029307449922646875
ETH,2026-04-04,1775148300,short,0.02251626588607314,1,0,-0.061,-0.042725225641591306
ETH,2026-04-05,1775149200,long,0.029576235171862475,1,0,0.27,0.2957326676010119
SOL,2026-04-05,1775150100,long,0.0243796627435664,1,0,0.038000000000000034,0.03322987920520006
SOL,2026-04-05,1775150100,short,0.053620337256433614,1,0,-0.030000000000000027,-0.025229879205200055
ETH,2026-04-05,1775152800,short,0.020611160248959703,2,1,0.236,0.22036654348030216
ETH,2026-04-05,1775152800,long,0.025160120928718888,1,0,-0.07399999999999995,-0.06230133633101588
BTC,2026-04-03,1775156400,short,0.02474563406240582,2,1,-0.43999999999999995,-0.4397257626731713
SOL,2026-04-04,1775169000,short,0.026305827478837196,1,0,-0.031000000000000028,-0.006259969785723105
BTC,2026-04-05,1775169900,short,0.02086649489570258,2,1,0.21999999999999997,0.19229629157418412
BTC,2026-04-04,1775178000,short,0.022210512696770435,2,1,0.2599999999999999,0.1900808405179826
BTC,2026-04-05,1775183400,long,0.021231379691261987,2,1,0.63,0.596250099834728
BTC,2026-04-03,1775187900,long,0.02571193513025749,2,1,-0.23399999999999999,-0.16882878209069346
ETH,2026-04-05,1775190600,short,0.023812613159912233,1,0,-0.25,-0.2353721608621694
ETH,2026-04-05,1775190600,long,0.02291285232226925,1,0,-0.25,-0.2353721608621694
SOL,2026-04-04,1775191500,long,0.02780600855239257,1,0,-0.5800000000000001,-0.35327329725962964
ETH,2026-04-03,1775195100,long,0.020174738011676796,2,1,0.19999999999999996,0.16995103602759495
BTC,2026-04-04,1775201400,short,0.02265354723386398,2,1,-0.46,-0.45754080720522167
XRP,2026-04-04,1775206800,short,0.0211239180300814,2,1,-0.3430000000000001,-0.37133303510998594
BTC,2026-04-05,1775208600,long,0.02041510744222208,2,1,-0.2300000000000001,-0.163788857350656
XRP,2026-04-04,1775211300,long,0.0312710809061274,0,0,0.0,0.0
BTC,2026-04-03,1775216700,long,0.026082708388132536,2,1,0.06600000000000006,0.07288957635764512
ETH,2026-04-04,1775219400,long,0.025920243574629076,2,1,-0.20700000000000002,-0.13501933231042695
ETH,2026-04-05,1775221200,short,0.02767608547927658,2,1,0.18999999999999997,0.2109867533112533
ETH,2026-04-06,1775232900,short,0.02662462752113748,1,0,-0.72,-0.27443879318996833
ETH,2026-04-06,1775232900,long,0.021593420231056593,2,1,-0.19999999999999996,0.07451233428643778
ETH,2026-04-06,1775232900,long,0.03165047897470363,2,1,-0.44999999999999996,-0.4167537657765659
SOL,2026-04-06,1775234700,long,0.03286601984500259,0,0,0.0,0.0
ETH,2026-04-05,1775235600,long,0.04865747305648216,0,0,0.0,0.0
BTC,2026-04-06,1775235600,long,0.023450010137003874,2,1,0.76,0.3959284626037225
BTC,2026-04-05,1775238300,long,0.022623778998956956,2,1,-0.153,-0.2351210481671514
BTC,2026-04-05,1775239200,short,0.030152298181218007,2,1,-0.4,-0.3852294310270224
BTC,2026-04-04,1775242800,long,0.025861725715779382,2,1,-0.09599999999999997,0.06990120867627045
SOL,2026-04-05,1775246400,long,0.03365213690576474,1,0,0.5599999999999999,0.4832134667216258
SOL,2026-04-06,1775248200,long,0.05988953880452308,0,0,0.0,0.0
SOL,2026-04-06,1775248200,short,0.02011046119547688,0,0,0.0,0.0
BTC,2026-04-06,1775255400,long,0.02020101500991678,2,1,-0.44999999999999996,-0.43461808811873315
BTC,2026-04-06,1775258100,long,0.03188911191426991,2,1,-0.22000000000000008,0.1599156820270915
BTC,2026-04-04,1775268900,long,0.02083443561105791,2,1,0.05800000000000005,-0.002786172272372503
ETH,2026-04-06,1775269800,long,0.02324001709571344,1,0,0.014000000000000012,0.006698349450426453
ETH,2026-04-06,1775275200,long,0.05222202347596716,1,0,0.76,0.355133138328012
ETH,2026-04-05,1775275200,long,0.1073071276592239,1,0,-0.13,-0.15180360069229085
ETH,2026-04-06,1775275200,short,0.12275963039991034,2,1,0.52,0.5059616775051223
BTC,2026-04-06,1775287800,short,0.021037257131391707,2,1,0.21899999999999997,-0.17454036320564403
BTC,2026-04-05,1775295000,long,0.02009195147583087,2,1,-0.118,-0.04453617233793869
BTC,2026-04-07,1775319300,long,0.02626890602096621,2,1,0.73,0.6483100998464255
BTC,2026-04-07,1775320200,short,0.02403850790224027,2,1,0.17999999999999994,0.12118031390315678
BTC,2026-04-06,1775322000,long,0.037873123282750276,2,1,0.704,0.18807580963361004
BTC,2026-04-05,1775324700,long,0.03155149998790807,2,1,-0.202,-0.2065925597899505
BTC,2026-04-05,1775325600,short,0.024496778586779844,2,1,-0.29,-0.2917149077420537
BTC,2026-04-07,1775332800,long,0.02116455888652169,1,0,-0.63,-0.46875872880147873
BTC,2026-04-07,1775342700,short,0.020953868321592184,2,1,0.37,0.3399243900002904
BTC,2026-04-06,1775342700,short,0.02828170791404605,2,1,0.47999999999999987,0.2635736533684551
ETH,2026-04-07,1775351700,short,0.03445022148518617,1,0,0.25,0.1827570858515463
ETH,2026-04-07,1775351700,long,0.028453961286345697,2,1,0.59,0.6026395600785849
ETH,2026-04-07,1775351700,long,0.0202964309168443,0,0,0.0,0.0
ETH,2026-04-06,1775351700,long,0.04078408305838366,1,0,0.17999999999999994,-0.21472931527680306
ETH,2026-04-06,1775353500,short,0.021004234371358232,0,0,0.0,0.0
ETH,2026-04-05,1775353500,short,0.03653949888620085,2,1,-0.10400000000000002,-0.09787506798091879
ETH,2026-04-07,1775354400,long,0.021571250825410004,1,0,-0.32,-0.4099964041385881
ETH,2026-04-07,1775357100,short,0.02039042761494836,1,0,-0.32,-0.40659544052472363
BTC,2026-04-07,1775361600,long,0.020977414048719112,1,0,0.08999999999999997,0.015212403788456438
ETH,2026-04-06,1775361600,long,0.022499162394204575,1,0,0.78,0.2494988277803707
ETH,2026-04-06,1775368800,short,0.020947288187658453,2,1,0.19899999999999995,-0.19806087288691493
BTC,2026-04-06,1775370600,long,0.021689326901451533,2,1,-0.4800000000000001,-0.585320438517041
BTC,2026-04-06,1775398500,short,0.0329738593411083,2,1,0.236,-0.2280134228228065
ETH,2026-04-07,1775404800,long,0.02662472808258487,1,0,-0.24,-0.1468683688483648
ETH,2026-04-08,1775405700,long,0.02307875122603864,0,0,0.0,0.0
BTC,2026-04-07,1775405700,long,0.03185634191983411,2,1,0.75,0.6719977923821155
ETH,2026-04-08,1775405700,short,0.02359723100053901,0,0,0.0,0.0
ETH,2026-04-08,1775405700,short,0.027895011450387086,2,1,0.22999999999999998,0.004328883029512981
ETH,2026-04-08,1775407500,long,0.028182503742552045,2,1,-0.050999999999999934,0.1163288748408533
BTC,2026-04-06,1775415600,long,0.023507760810058453,2,1,0.719,0.21746133849641502
BTC,2026-04-08,1775417400,long,0.021868835675606935,2,1,-0.28,-0.19291488864665546
BTC,2026-04-07,1775420100,short,0.020772459612862115,1,0,-0.07000000000000006,-0.016510838396347163
BTC,2026-04-08,1775421000,long,0.029067540139491088,2,1,-0.25,-0.4463103945254606
BTC,2026-04-07,1775421900,long,0.02447392561822026,2,1,-0.33000000000000007,-0.3009523855058193
ETH,2026-04-06,1775426400,short,0.021030023101800244,2,1,0.62,0.45493273297581294
BTC,2026-04-08,1775426400,long,0.020732184666934828,2,1,0.887,0.6645905663791586
ETH,2026-04-08,1775427300,long,0.024729394819046346,1,0,-0.65,-0.14749866451195426
ETH,2026-04-08,1775429100,short,0.02523842461213399,1,0,-0.86,-0.6009918553069977
ETH,2026-04-08,1775429100,short,0.0211520298998219,1,0,-0.02100000000000002,0.05284641481402652
BTC,2026-04-06,1775429100,short,0.041439066402789604,2,1,0.42999999999999994,0.08699067012463435
ETH,2026-04-08,1775429100,long,0.0266700446528918,1,0,-0.22999999999999998,0.1610439323481686
ETH,2026-04-07,1775430900,short,0.02721871865031633,2,1,0.13500000000000004,0.10396178707300083
BTC,2026-04-06,1775430900,short,0.021433514409150978,2,1,0.16399999999999995,0.376585493747794
ETH,2026-04-08,1775430900,long,0.02955371183366373,1,0,-0.77,-0.502356053499907
ETH,2026-04-08,1775430900,short,0.020446288166336424,1,0,-0.44999999999999996,-0.05610434516262558
ETH,2026-04-08,1775432700,long,0.02589324567879947,0,0,0.0,0.0
BTC,2026-04-08,1775433600,short,0.02505269761373141,2,1,0.31999999999999995,0.3093728735723638
BTC,2026-04-07,1775436300,long,0.025609002170442707,1,0,-0.37,-0.16743795782379806
BTC,2026-04-08,1775436300,short,0.028016210404908426,2,1,0.20999999999999996,0.10311752682630218
ETH,2026-04-08,1775437200,long,0.024600813407062105,2,1,-0.019000000000000017,0.05277776740950174
BTC,2026-04-07,1775439000,short,0.02032632557289271,2,1,0.22999999999999998,0.29969390305557686
BTC,2026-04-07,1775449800,short,0.024574656774708936,2,1,-0.5800000000000001,-0.5725437611678903
ETH,2026-04-06,1775450700,long,0.04623915368080356,2,1,0.31199999999999994,0.1892092890906727
XRP,2026-04-08,1775451600,long,0.05209490148711393,0,0,0.0,0.0
XRP,2026-04-08,1775451600,long,0.04252282399628182,1,0,0.025000000000000022,0.02156725431744497
XRP,2026-04-07,1775451600,short,0.024753884978077345,1,0,0.84,0.5839000506915399
XRP,2026-04-07,1775451600,long,0.03424611502192243,0,0,0.0,0.0
XRP,2026-04-07,1775451600,short,0.024753884978077345,1,0,0.84,0.5839000506915399
XRP,2026-04-07,1775451600,long,0.03424611502192243,0,0,0.0,0.0
ETH,2026-04-07,1775457000,long,0.03294602158766646,2,1,-0.45000000000000007,-0.3730664943658067
ETH,2026-04-06,1775457900,long,0.020410242713502003,2,1,-0.248,0.08704628939922143
SOL,2026-04-08,1775461500,long,0.02582385671507237,2,1,-0.28400000000000003,-0.10998165305117341
XRP,2026-04-06,1775464200,long,0.0286080921786227,2,1,0.05300000000000005,0.042979020370631185
XRP,2026-04-08,1775464200,long,0.07066183080661892,1,0,-0.19000000000000006,-0.13273138813600077
SOL,2026-04-08,1775465100,long,0.04108877884667139,0,0,0.0,0.0
XRP,2026-04-08,1775465100,short,0.056850843549093866,1,0,-0.19999999999999996,-0.13366482558551507
XRP,2026-04-08,1775465100,long,0.0311491564509061,0,0,0.0,0.0
SOL,2026-04-07,1775470500,long,0.03299235188649363,1,0,-0.83,-0.47564959034549764
SOL,2026-04-08,1775474100,short,0.028180105762724256,0,0,0.0,0.0
SOL,2026-04-07,1775474100,short,0.024203575789680826,2,1,0.828,0.4785888999935269
SOL,2026-04-09,1775492100,short,0.09783680181619603,0,0,0.0,0.0
ETH,2026-04-09,1775492100,long,0.02827527010804065,1,0,0.63,0.4481497892457188
ETH,2026-04-09,1775493000,short,0.025054605011019082,1,0,0.6499999999999999,0.44600709431049385
BTC,2026-04-07,1775494800,long,0.020347222622385974,2,1,0.58,0.3851564987316324
BTC,2026-04-09,1775494800,short,0.023118339532313903,2,1,0.29000000000000004,0.22107763701233668
BTC,2026-04-09,1775495700,long,0.02030872458416,1,0,-0.8300000000000001,-0.5632601022887038
SOL,2026-04-09,1775497500,long,0.041159972322620364,0,0,0.0,0.0
SOL,2026-04-09,1775497500,long,0.026131790785659303,1,0,0.02300000000000002,0.06571736510708645
BTC,2026-04-09,1775498400,short,0.022497348282347285,1,0,-0.09999999999999998,0.08090817307019912
ETH,2026-04-09,1775499300,short,0.03139806233889275,2,1,0.26,0.14551318251763024
ETH,2026-04-09,1775499300,long,0.02307551466839053,1,0,-0.08999999999999997,0.044222962655476844
ETH,2026-04-08,1775505600,short,0.02527876162203546,2,1,0.2549999999999999,0.09247087296625414
BTC,2026-04-08,1775512800,long,0.03793696788753165,2,1,0.717,0.566218245763616
ETH,2026-04-08,1775514600,long,0.02662596784458593,1,0,0.33999999999999997,0.015878797637468745
BTC,2026-04-08,1775515500,long,0.02770856549998646,1,0,0.29000000000000004,-0.02075000334203464
ETH,2026-04-09,1775516400,long,0.03614651159639415,2,1,-0.30000000000000004,-0.40992359824725977
ETH,2026-04-07,1775516400,short,0.028908873480028796,2,1,-0.5770000000000001,-0.4633026288645923
ETH,2026-04-09,1775520000,short,0.022793195101815655,1,0,-0.04700000000000004,0.06370733880761424
ETH,2026-04-09,1775520000,long,0.02397643789089754,1,0,-0.44999999999999996,-0.06951761805249046
ETH,2026-04-09,1775520000,short,0.026023562109102394,2,1,0.31999999999999995,0.18774773566408387
BTC,2026-04-08,1775522700,short,0.020095226421880552,2,1,0.24,0.07173609070710357
BTC,2026-04-09,1775529900,long,0.02033907689532377,2,1,0.914,0.7462307643365016
BTC,2026-04-07,1775536200,short,0.028093418186963426,2,1,-0.42000000000000004,-0.46231519108307256
ETH,2026-04-07,1775543400,long,0.021197576322379286,2,1,-0.498,-0.32060351845980384
ETH,2026-04-07,1775549700,long,0.02568734014418439,2,1,0.625,0.3669986000352251
BTC,2026-04-07,1775550600,long,0.021150135229219158,2,1,-0.20699999999999996,-0.36153097903852005
ETH,2026-04-08,1775562300,long,0.0355022392524329,2,1,-0.402,-0.06715131550564701
BTC,2026-04-09,1775564100,long,0.03235069438759819,2,1,-0.28,-0.38348481160486325
ETH,2026-04-09,1775571300,short,0.0248910009401333,2,1,-0.911,-0.7267283292692002
ETH,2026-04-10,1775578500,long,0.02813535869772954,2,1,0.909,0.7350380952132451
ETH,2026-04-10,1775580300,long,0.020365932425876254,0,0,0.0,0.0
ETH,2026-04-10,1775580300,short,0.02998060180535711,2,1,0.3400000000000001,0.24055131509544617
ETH,2026-04-10,1775582100,long,0.021828653523457087,1,0,-0.55,-0.1063027278951918
ETH,2026-04-10,1775583000,long,0.03318607887111025,2,1,-0.26,-0.4132118515363404
ETH,2026-04-10,1775583000,short,0.026813921128889695,1,0,-0.52,-0.08345016928406807
ETH,2026-04-10,1775583000,short,0.03081631245823535,1,0,-0.81,-0.5266620208204085
ETH,2026-04-10,1775583000,long,0.03318607887111025,2,1,-0.26,-0.4132118515363404
ETH,2026-04-10,1775583000,short,0.026813921128889695,1,0,-0.52,-0.08345016928406807
ETH,2026-04-09,1775583900,short,0.024557003805276034,2,1,0.38,0.5856010339158996
BTC,2026-04-09,1775585700,long,0.022973297997023634,2,1,-0.20000000000000007,-0.49728137605977024
SOL,2026-04-09,1775586600,long,0.05520448288649282,1,0,-0.47,0.011884248749879867
ETH,2026-04-10,1775587500,short,0.020306103957628885,1,0,0.07399999999999995,-0.07214815018054432
BTC,2026-04-08,1775591100,short,0.029528720726364588,2,1,-0.8150000000000001,-0.45565776266355096
BTC,2026-04-08,1775591100,long,0.05084404525571373,2,1,-0.248,0.13715681747954928
ETH,2026-04-10,1775591100,long,0.04011090852543764,2,1,-0.10000000000000009,0.0640188338360228
BTC,2026-04-10,1775591100,long,0.025618779769850164,2,1,-0.09000000000000008,0.07141579676776003
ETH,2026-04-09,1775591100,long,0.034188623626024706,2,1,-0.09199999999999997,0.12126375989128266
BTC,2026-04-10,1775591100,short,0.025134171592925303,1,0,-0.65,-0.19656031514421496
BTC,2026-04-09,1775591100,long,0.026685855378639767,2,1,-0.22999999999999998,0.0035470091876579624
BTC,2026-04-10,1775591100,long,0.02632087167771524,1,0,-0.37,0.12683059186761464
ETH,2026-04-08,1775591100,short,0.07026237458549878,1,0,-0.44999999999999996,0.2461323671978375
SOL,2026-04-10,1775592000,long,0.02221285789150329,1,0,0.02200000000000002,0.06291383513489193
SOL,2026-04-10,1775592000,long,0.0209572332411474,1,0,-0.32000000000000006,-0.09462004206325975
SOL,2026-04-09,1775592900,long,0.05739768960858371,1,0,0.013000000000000012,0.03085366517748895
SOL,2026-04-10,1775592900,short,0.041872419850895515,1,0,-0.026000000000000023,-0.010683235358162515
ETH,2026-04-10,1775596500,short,0.02229447104897031,1,0,0.123,0.24227180846475724
ETH,2026-04-10,1775598300,long,0.024444989333765488,1,0,-0.030000000000000027,0.022863396689585362
SOL,2026-04-08,1775599200,long,0.03046884080506218,1,0,0.0020000000000000018,0.0026007528676813786
ETH,2026-04-09,1775600100,short,0.02115156356890946,2,1,0.21999999999999997,0.1057436321801517
SOL,2026-04-09,1775601900,short,0.03654997355192127,1,0,-0.12,-0.12240769770342073
SOL,2026-04-09,1775601900,long,0.02345002644807881,1,0,0.07000000000000006,0.0687626354555996
SOL,2026-04-10,1775601900,short,0.05736650718208153,1,0,-0.14,-0.12237293370747619
ETH,2026-04-08,1775601900,long,0.021034863940224247,2,1,0.7,0.56898419108245
ETH,2026-04-09,1775601900,long,0.022475247960257683,1,0,-0.050000000000000044,0.0015943405005627992
XRP,2026-04-08,1775601900,long,0.05171978258514276,1,0,0.126,0.126
XRP,2026-04-08,1775601900,short,0.06128021741485706,1,0,-0.050000000000000044,-0.050000000000000044
XRP,2026-04-08,1775601900,long,0.05171978258514276,1,0,0.126,0.126
XRP,2026-04-08,1775601900,short,0.06128021741485706,1,0,-0.050000000000000044,-0.050000000000000044
BTC,2026-04-10,1775601900,short,0.027209418431672128,1,0,-0.17000000000000004,-0.02664447036854914
ETH,2026-04-08,1775602800,long,0.021974882644391514,2,1,-0.31599999999999995,-0.32911709594166877
ETH,2026-04-08,1775602800,short,0.0558166305891844,2,1,0.16099999999999995,0.15223823829251823
ETH,2026-04-09,1775602800,long,0.030530291147650157,1,0,0.21999999999999997,0.22929803989706363
ETH,2026-04-10,1775602800,short,0.026631067546750486,1,0,0.10999999999999999,0.11653924509868452
ETH,2026-04-08,1775604600,long,0.021906066330166674,2,1,-0.25200000000000006,-0.09230781403843397
ETH,2026-04-09,1775604600,short,0.02640966540597145,1,0,-0.05,-0.014492981261701808
BTC,2026-04-09,1775604600,short,0.022540590102141156,2,1,0.26,0.28404208602114395
ETH,2026-04-09,1775604600,long,0.035503642916213884,1,0,-0.375,-0.2191358915360605
BTC,2026-04-08,1775604600,long,0.03902366276521341,2,1,-0.41000000000000003,-0.36824978819849646
ETH,2026-04-09,1775606400,long,0.020125812686031752,2,1,-0.24,-0.2662012260857495
ETH,2026-04-09,1775606400,short,0.032939428781362246,1,0,-0.092,-0.06744786280824766
BTC,2026-04-09,1775606400,short,0.032508280857267535,2,1,0.17999999999999994,0.15470910584893688
XRP,2026-04-09,1775607300,short,0.023263989769381654,0,0,0.0,0.0
XRP,2026-04-09,1775607300,long,0.0947360102306185,0,0,0.0,0.0
XRP,2026-04-09,1775607300,short,0.023263989769381654,0,0,0.0,0.0
XRP,2026-04-09,1775607300,long,0.0947360102306185,0,0,0.0,0.0
XRP,2026-04-10,1775608200,short,0.021624923232590798,0,0,0.0,0.0
XRP,2026-04-10,1775608200,long,0.03337507676740903,1,0,-0.34,-0.22149122919099246
XRP,2026-04-10,1775608200,short,0.021624923232590798,0,0,0.0,0.0
XRP,2026-04-10,1775608200,long,0.03337507676740903,1,0,-0.34,-0.22149122919099246
XRP,2026-04-10,1775608200,long,0.07182177804715684,0,0,0.0,0.0
ETH,2026-04-08,1775608200,short,0.03688213803061763,2,1,-0.464,-0.48261370441664564
XRP,2026-04-10,1775608200,short,0.04734256577119489,0,0,0.0,0.0
XRP,2026-04-10,1775608200,long,0.03065743422880507,1,0,-0.13,-0.20684895505100998
XRP,2026-04-10,1775608200,short,0.04734256577119489,0,0,0.0,0.0
XRP,2026-04-10,1775608200,long,0.03065743422880507,1,0,-0.13,-0.20684895505100998
ETH,2026-04-10,1775609100,long,0.021021524270369296,1,0,-0.11,-0.09311548514393422
ETH,2026-04-09,1775609100,short,0.022213122665205587,2,1,-0.36,-0.34437391824619085
ETH,2026-04-09,1775609100,long,0.020143141416771204,1,0,-0.079,-0.06054312327957577
ETH,2026-04-09,1775615400,long,0.021391199233063762,2,1,-0.06000000000000005,-0.07528932753290549
XRP,2026-04-10,1775619900,short,0.027854212787447652,0,0,0.0,0.0
XRP,2026-04-10,1775619900,long,0.032145787212552346,0,0,0.0,0.0
BTC,2026-04-08,1775623500,long,0.026553087625006633,2,1,0.43699999999999994,0.3739232566912281
BTC,2026-04-10,1775626200,long,0.023160801563752997,2,1,0.73,0.6926561053613257
BTC,2026-04-09,1775628900,long,0.022621920129950013,2,1,0.66,0.6022588706979007
BTC,2026-04-08,1775648700,short,0.02364143007542452,2,1,0.23600000000000002,0.14547984711268677
ETH,2026-04-09,1775661300,long,0.028615020190239315,1,0,0.10099999999999998,0.14486767337576034
ETH,2026-04-09,1775661300,short,0.026384979809760734,2,1,-0.5359999999999999,-0.4742773569297808
BTC,2026-04-09,1775663100,short,0.024646644314575306,2,1,-0.753,-0.5829082595579178
ETH,2026-04-11,1775664900,long,0.02202092029039804,1,0,0.07200000000000006,0.11059657939997275
SOL,2026-04-11,1775664900,long,0.05407512157671923,0,0,0.0,0.0
ETH,2026-04-11,1775664900,long,0.030071173623916536,0,0,0.0,0.0
ETH,2026-04-11,1775664900,short,0.03411733798020011,1,0,-0.43000000000000005,-0.32089141134975185
ETH,2026-04-11,1775664900,short,0.030787433924626018,1,0,0.44999999999999996,0.34089141134975176
ETH,2026-04-10,1775665800,long,0.022937633464681584,2,1,0.6359999999999999,0.6295086619987582
SOL,2026-04-11,1775668500,long,0.11631435341570073,0,0,0.0,0.0
SOL,2026-04-11,1775668500,short,0.03268564658429912,0,0,0.0,0.0
ETH,2026-04-11,1775668500,short,0.020527168767117132,1,0,-0.065,-0.09460704618585603
ETH,2026-04-10,1775669400,short,0.023768553746952192,2,1,-0.583,-0.5761893904629085
ETH,2026-04-10,1775670300,long,0.023572467718288914,1,0,-0.221,-0.19186474850326712
ETH,2026-04-11,1775673900,long,0.026650115225776982,1,0,0.16000000000000003,0.06779823191495753
ETH,2026-04-11,1775673900,short,0.02334988477422284,1,0,0.48,0.33459005487129634
ETH,2026-04-11,1775674800,long,0.024258712344460198,1,0,0.51,0.3413166263940612
ETH,2026-04-10,1775675700,long,0.0291068150556395,2,1,-0.33999999999999997,-0.29759583506004744
SOL,2026-04-10,1775678400,long,0.06461480185228208,1,0,0.19999999999999996,0.11469094066821549
BTC,2026-04-10,1775678400,long,0.02198152736843939,2,1,-0.37,-0.3390019026880828
SOL,2026-04-09,1775679300,long,0.042936474043945294,0,0,0.0,0.0
ETH,2026-04-10,1775683800,short,0.020450267847358594,2,1,0.15199999999999994,0.16209062903425192
BTC,2026-04-09,1775685600,long,0.022004045311492693,1,0,0.10999999999999999,-0.007863717640369722
ETH,2026-04-11,1775687400,short,0.029452593480297384,1,0,0.19999999999999996,0.06029416555723105
BTC,2026-04-11,1775687400,short,0.022395344860512312,2,1,0.22999999999999998,0.10776784747558361
ETH,2026-04-09,1775689200,short,0.025400246497733092,2,1,0.5599999999999999,0.37609690526355466
ETH,2026-04-09,1775690100,long,0.024096293490690535,2,1,0.6040000000000001,0.41105651408686605
ETH,2026-04-10,1775694600,short,0.025907655562644405,2,1,0.14700000000000002,0.06046632913947737
ETH,2026-04-10,1775700000,short,0.021995753595452916,1,0,0.62,0.4042875205477279
BTC,2026-04-10,1775700000,long,0.02429485109521745,2,1,-0.22000000000000008,-0.05977471229790604
ETH,2026-04-09,1775702700,long,0.034217910719710254,2,1,-0.6359999999999999,-0.3676667805933639
ETH,2026-04-10,1775717100,long,0.020106415057155713,1,0,-0.14,0.0021550748213929882
BTC,2026-04-11,1775734200,long,0.02330850559216846,2,1,0.757,0.5846934893891322
BTC,2026-04-10,1775739600,short,0.02609452837177495,2,1,-0.733,-0.5469716040861033
BTC,2026-04-11,1775740500,long,0.02448926054080136,2,1,-0.366,-0.3453821342021451
BTC,2026-04-11,1775747700,short,0.022212672262994615,1,0,-0.5900000000000001,-0.3106969306719383
BTC,2026-04-12,1775751300,long,0.020606404911838627,2,1,0.7100000000000001,0.6318597716657397
ETH,2026-04-12,1775751300,short,0.028267000517738006,1,0,-0.10999999999999999,-0.17412731310042556
ETH,2026-04-11,1775751300,short,0.0309454072849753,1,0,-0.4,-0.24734310221529124
ETH,2026-04-11,1775751300,long,0.028054592715024418,1,0,0.42999999999999994,0.2773431022152911
ETH,2026-04-12,1775751300,long,0.022514938236227078,2,1,-0.08199999999999996,-0.13080591244901602
ETH,2026-04-12,1775751300,long,0.028987915024146993,0,0,0.0,0.0
ETH,2026-04-12,1775751300,short,0.022296270927379513,0,0,0.0,0.0
ETH,2026-04-11,1775752200,short,0.024088257237256494,2,1,0.38,0.27997039422781744
ETH,2026-04-10,1775752200,long,0.055244204262612895,2,1,0.565,0.5041054185103961
ETH,2026-04-11,1775753100,long,0.029770843462598062,1,0,-0.09999999999999998,0.0055891473663447905
ETH,2026-04-11,1775754000,long,0.025436230383620417,0,0,0.0,0.0
ETH,2026-04-12,1775754900,short,0.026123483033444028,1,0,0.62,0.46850585521127003
BTC,2026-04-12,1775755800,short,0.020360488687347633,2,1,0.12,0.20780075480113225
BTC,2026-04-12,1775757600,short,0.024202128377285304,2,1,-0.7100000000000001,-0.6161919063039967
BTC,2026-04-12,1775758500,long,0.03680800974102838,2,1,-0.28300000000000003,-0.22597619938452815
ETH,2026-04-10,1775763000,short,0.050013063957154935,2,1,-0.47800000000000004,-0.39361438919896163
ETH,2026-04-10,1775763000,long,0.06516389225296426,2,1,-0.365,-0.2669384671165178
ETH,2026-04-11,1775763000,long,0.03160947149406246,2,1,-0.3500000000000001,-0.2295849578636288
BTC,2026-04-10,1775766600,short,0.029880895992710044,2,1,0.3799999999999999,0.34850777985209647
BTC,2026-04-10,1775767500,long,0.025770406016674352,2,1,0.514,0.5067402732601687
BTC,2026-04-11,1775768400,long,0.02357505185770581,2,1,-0.147,-0.19209355806671397
BTC,2026-04-11,1775769300,short,0.03253166082112613,2,1,0.33699999999999997,0.28561732041204335
ETH,2026-04-12,1775771100,long,0.020924977484958696,2,1,0.69,0.6164355114411924
BTC,2026-04-12,1775772900,short,0.020730739406047527,2,1,0.362,0.313452888068571
BTC,2026-04-12,1775772900,short,0.021484029772708135,2,1,0.184,0.047442420747563524
BTC,2026-04-10,1775775600,long,0.021349119956257212,2,1,-0.44400000000000006,-0.338344700413906
BTC,2026-04-11,1775786400,long,0.02543160297456204,2,1,-0.08599999999999997,-0.03014822123315085
SOL,2026-04-12,1775795400,short,0.028033656722483508,1,0,-0.17000000000000004,-0.2899083999451074
SOL,2026-04-11,1775795400,long,0.04131264335626561,1,0,0.041000000000000036,0.05604697852657565
SOL,2026-04-12,1775803500,long,0.020963469200114604,0,0,0.0,0.0
BTC,2026-04-12,1775805300,long,0.031121683207878004,2,1,-0.126,-0.19883420568388088
ETH,2026-04-11,1775808000,long,0.02699417612909194,1,0,0.040000000000000036,0.13893391833333962
XRP,2026-04-12,1775808900,short,0.08415095967188202,2,1,-0.2899999999999999,-0.3147939753805269
XRP,2026-04-11,1775808900,short,0.06736632671985937,1,0,-0.13,-0.06739496634559008
XRP,2026-04-10,1775810700,long,0.02103135964974845,2,1,0.04400000000000004,0.0336067005679406
ETH,2026-04-12,1775820600,long,0.023420126951763987,1,0,-0.050000000000000044,-0.10900094978025945
XRP,2026-04-12,1775823300,long,0.05530749042654359,0,0,0.0,0.0
XRP,2026-04-12,1775823300,short,0.09469250957345632,1,0,-0.17000000000000004,-0.2725223961968644
SOL,2026-04-11,1775826900,short,0.027679995839953418,2,1,-0.04300000000000002,-0.020015309285984658
BTC,2026-04-11,1775829600,long,0.023888809618536788,2,1,-0.33999999999999997,-0.24184650813603337
XRP,2026-04-11,1775830500,long,0.037792344702426206,1,0,0.07000000000000006,0.06651516570471327
BTC,2026-04-11,1775835900,short,0.02175103210831053,2,1,-0.41500000000000004,-0.40739956628769647
ETH,2026-04-13,1775837700,short,0.02845895770966167,1,0,-0.07000000000000006,-0.10712702125043293
ETH,2026-04-13,1775837700,short,0.02156652542019799,0,0,0.0,0.0
ETH,2026-04-11,1775837700,short,0.03212196436488418,1,0,-0.24,-0.12455995254952827
ETH,2026-04-13,1775837700,long,0.04158380730435174,0,0,0.0,0.0
SOL,2026-04-13,1775837700,short,0.046413183027865956,1,0,-0.09999999999999998,-0.1940279453920263
XRP,2026-04-13,1775838600,short,0.0773039985679379,1,0,-0.16000000000000003,-0.23672821436581554
ETH,2026-04-12,1775838600,short,0.031090035825004803,2,1,0.19099999999999998,0.019711833593339695
ETH,2026-04-12,1775838600,long,0.039322512127348386,2,1,-0.51,-0.4667273184110894
BTC,2026-04-13,1775839500,short,0.021575216821406396,1,0,0.29000000000000004,0.1657194226216036
ETH,2026-04-11,1775841300,long,0.02112474622941307,2,1,-0.08899999999999998,-0.11353808319123723
BTC,2026-04-12,1775844000,long,0.028654484729955243,2,1,0.81,0.5001693846392101
BTC,2026-04-11,1775853000,short,0.053003570921356435,2,1,0.20299999999999999,0.09714043033035051
BTC,2026-04-11,1775853000,long,0.03764438125623837,2,1,0.2869999999999999,0.23675295215057615
ETH,2026-04-13,1775853000,long,0.027998918231289194,1,0,0.05999999999999994,0.1179639503149803
BTC,2026-04-12,1775855700,long,0.021850324062002047,2,1,-0.522,-0.5626137829519724
ETH,2026-04-12,1775876400,short,0.020876244523881038,1,0,-0.17,0.12156463502241241
BTC,2026-04-13,1775877300,long,0.02277628564751155,2,1,-0.3799999999999999,-0.3858518494102855
BTC,2026-04-13,1775877300,long,0.023595825947340998,2,1,0.7799999999999999,0.6710968750068317
BTC,2026-04-12,1775883600,short,0.02837821042023647,1,0,-0.17900000000000002,0.2095096179293334
ETH,2026-04-13,1775894400,long,0.029173699621401372,0,0,0.0,0.0
ETH,2026-04-12,1775898900,long,0.03287190989761979,2,1,0.79,0.5496732198587253
ETH,2026-04-11,1775907900,long,0.02311786431577434,2,1,0.04200000000000004,0.032328333110093845
ETH,2026-04-12,1775909700,long,0.021545178557609734,2,1,-0.11499999999999999,0.11404189292352118
BTC,2026-04-12,1775911500,long,0.022671248261532773,2,1,-0.177,0.2582205276482185
ETH,2026-04-13,1775924100,long,0.04279364620588577,1,0,0.29000000000000004,0.1393575726681371
ETH,2026-04-13,1775924100,short,0.038815878059391795,1,0,0.29000000000000004,0.1393575726681371
ETH,2026-04-14,1775924100,short,0.02617194752770502,1,0,-0.66,-0.3211812432909906
ETH,2026-04-14,1775925000,short,0.02026792175950609,2,1,0.08299999999999999,0.19504021366250684
ETH,2026-04-13,1775925000,short,0.022000232990779023,1,0,-0.041000000000000036,-0.09048847820454572
BTC,2026-04-14,1775925900,long,0.024898887870171915,1,0,-0.63,-0.3134076883356516
ETH,2026-04-14,1775925900,long,0.021553885209841583,1,0,-0.07999999999999996,0.05274314157377627
ETH,2026-04-14,1775927700,long,0.02351470287978774,1,0,-0.64,-0.3125193671823037
ETH,2026-04-13,1775929500,short,0.02760757256914459,1,0,0.35,0.13359565678769372
ETH,2026-04-13,1775929500,long,0.023392427430855456,1,0,0.09599999999999997,0.016830066953677836
ETH,2026-04-14,1775933100,long,0.02698302346455339,2,1,0.73,0.6603155508376648
ETH,2026-04-13,1775933100,short,0.02464612614560946,1,0,-0.13,-0.35056801714186725
ETH,2026-04-13,1775934000,short,0.028876813047962302,2,1,0.14500000000000005,-0.04050020432423082
BTC,2026-04-13,1775936700,long,0.024028953145128762,1,0,-0.45,-0.10863939741318884
BTC,2026-04-14,1775936700,long,0.022331364705619805,1,0,0.55,0.30989712446505896
ETH,2026-04-14,1775941200,long,0.02642965473593506,1,0,0.06999999999999995,0.004346495779466927
ETH,2026-04-12,1775943000,short,0.025558532920745725,2,1,0.438,-0.0876844815374887
ETH,2026-04-12,1775943900,long,0.024693338466248882,2,1,-0.45899999999999996,-0.9943973122490807
ETH,2026-04-14,1775945700,short,0.02185511589817868,1,0,0.51,0.3252838702175066
ETH,2026-04-14,1775945700,long,0.028144884101821255,1,0,0.20999999999999996,0.0762058293086495
BTC,2026-04-14,1775952000,short,0.02367750763400367,1,0,0.33999999999999997,0.03228985442645532
BTC,2026-04-13,1775952000,short,0.02094114676851566,2,1,-0.7799999999999999,-0.6716476828632462
BTC,2026-04-14,1775958300,long,0.04121422330542179,2,1,-0.25,-0.14100628946009175
ETH,2026-04-13,1775959200,long,0.025856134137659303,0,0,0.0,0.0
BTC,2026-04-12,1775963700,short,0.029400830682776324,2,1,-0.4720000000000001,-0.2915527598397557
ETH,2026-04-12,1775963700,short,0.039483137819418646,2,1,0.6279999999999999,0.4852170550834304
BTC,2026-04-12,1775971800,long,0.021465696926191935,2,1,-0.349,-0.08761592005114349
BTC,2026-04-13,1775971800,short,0.02306045260967371,2,1,0.16199999999999992,0.14203842111423223
ETH,2026-04-14,1775975400,short,0.023913897917515303,1,0,0.17999999999999994,-0.1007675107531869
BTC,2026-04-14,1775985300,short,0.020487305017894863,1,0,0.26,-0.19961090131625536
BTC,2026-04-12,1775998800,long,0.03891519424434753,2,1,0.1200000000000001,0.10770152025355126
ETH,2026-04-14,1775998800,short,0.026144232183627603,1,0,-0.19000000000000006,0.20785474425549944
ETH,2026-04-14,1775998800,long,0.02385576781637222,0,0,0.0,0.0
BTC,2026-04-13,1775999700,long,0.02934998301218239,2,1,0.5900000000000001,0.5996722694878479
BTC,2026-04-13,1776001500,long,0.02294878768282471,2,1,-0.25,-0.38458764712769
ETH,2026-04-15,1776010500,long,0.02776805343925215,1,0,-0.79,-0.5018964318159899
ETH,2026-04-15,1776010500,short,0.020366591681686308,1,0,-0.07999999999999996,0.08882791344302801
ETH,2026-04-15,1776010500,short,0.0207545378470404,1,0,-0.79,-0.5018964318159899
ETH,2026-04-15,1776010500,long,0.024474651939019765,0,0,0.0,0.0
ETH,2026-04-15,1776015900,short,0.021120615786157204,1,0,-0.21999999999999997,0.07695788250418129
BTC,2026-04-15,1776016800,long,0.024455667407750292,1,0,0.62,0.26873833809767717
ETH,2026-04-14,1776017700,long,0.02188545714482637,1,0,-0.81,-0.42681252194951025
ETH,2026-04-15,1776026700,long,0.0364092991060756,0,0,0.0,0.0
ETH,2026-04-15,1776026700,short,0.023590700893924454,0,0,0.0,0.0
ETH,2026-04-14,1776029400,short,0.029877500813265234,1,0,-0.04,-0.1777837136423996
ETH,2026-04-13,1776031200,long,0.041575468775973956,1,0,0.5,0.5069372597039267
BTC,2026-04-15,1776031200,short,0.027206604131167045,2,1,0.20099999999999996,0.0765031424324081
ETH,2026-04-15,1776031200,long,0.03006448509200954,1,0,0.06000000000000005,0.1956729804169948
ETH,2026-04-13,1776031200,short,0.03423963733335844,2,1,0.41900000000000004,0.42385598790054146
BTC,2026-04-14,1776031200,long,0.038892731097535105,1,0,0.6599999999999999,-0.015349152088684703
ETH,2026-04-14,1776031200,long,0.034459962602294114,2,1,0.893,0.6421090218030683
ETH,2026-04-14,1776036600,long,0.028563496054008874,1,0,-0.86,-0.4887875065933041
ETH,2026-04-14,1776036600,short,0.021436503945990948,1,0,0.88,0.5087875065933041
ETH,2026-04-13,1776042000,short,0.023131987766815132,2,1,-0.5000000000000001,-0.4776057877253381
XRP,2026-04-15,1776043800,long,0.05969341174778009,0,0,0.0,0.0
XRP,2026-04-15,1776043800,short,0.02030658825221987,1,0,-0.09,-0.2344432028264005
XRP,2026-04-15,1776043800,long,0.050361423314692066,1,0,-0.09,-0.2344432028264005
XRP,2026-04-15,1776043800,long,0.05969341174778009,0,0,0.0,0.0
XRP,2026-04-15,1776043800,short,0.02030658825221987,1,0,-0.09,-0.2344432028264005
XRP,2026-04-13,1776045600,short,0.021725165209535963,1,0,-0.020999999999999998,-0.0233606328016912
XRP,2026-04-14,1776048300,short,0.05195034940577842,0,0,0.0,0.0
BTC,2026-04-13,1776048300,short,0.08061264570599413,2,1,0.208,0.3935830937502651
ETH,2026-04-13,1776051000,long,0.02111934688670769,2,1,-0.482,-0.3873808958007625
XRP,2026-04-14,1776060000,long,0.025573980728886614,0,0,0.0,0.0
XRP,2026-04-15,1776065400,long,0.042272961973167655,0,0,0.0,0.0
XRP,2026-04-15,1776067200,short,0.025088774874424888,1,0,-0.02400000000000002,-0.02399999385670289
XRP,2026-04-15,1776067200,long,0.04291122512557499,0,0,0.0,0.0
XRP,2026-04-15,1776067200,short,0.025088774874424888,1,0,-0.02400000000000002,-0.02399999385670289
XRP,2026-04-15,1776067200,long,0.04291122512557499,0,0,0.0,0.0
BTC,2026-04-14,1776069000,long,0.026539469630362023,2,1,-0.42000000000000004,-0.5162709397073295
SOL,2026-04-14,1776069900,long,0.05095119078086885,1,0,0.02300000000000002,0.04099286374541948
SOL,2026-04-14,1776069900,long,0.031087318280496712,1,0,-0.24,0.22390918925058761
ETH,2026-04-14,1776070800,long,0.02623730829803006,2,1,-0.44000000000000006,-0.0026446758820174443
SOL,2026-04-14,1776071700,long,0.027726081828201465,1,0,-0.22999999999999998,0.21277266334707307
SOL,2026-04-14,1776071700,short,0.02527391817179858,1,0,-0.02100000000000002,-0.020958295682676018
BTC,2026-04-15,1776074400,long,0.034168732282887415,2,1,-0.32999999999999996,-0.3508864829284597
BTC,2026-04-14,1776079800,short,0.020255048629910566,2,1,0.23099999999999998,0.8751937706265902
BTC,2026-04-13,1776086100,long,0.08671683220057447,2,1,0.17999999999999994,0.2988735493433473
ETH,2026-04-14,1776094200,short,0.04258628812978915,2,1,0.3999999999999999,-0.10906277432785194
ETH,2026-04-15,1776096900,long,0.02972410969739636,1,0,-0.8,-0.4885706114155866
ETH,2026-04-16,1776096900,short,0.030329669728306086,1,0,-0.03600000000000003,0.05447425390270827
BTC,2026-04-14,1776096900,short,0.028162979129334742,1,0,-0.09999999999999998,0.27905129592607214
ETH,2026-04-16,1776097800,long,0.025171076009062432,1,0,-0.13,0.08364273206377651
ETH,2026-04-15,1776097800,short,0.026162937699025668,2,1,-0.803,-0.6011865387860561
ETH,2026-04-16,1776098700,long,0.023109142468863197,2,1,-0.30999999999999994,-0.3573440487757207
ETH,2026-04-16,1776098700,short,0.032401495363329924,2,1,0.29000000000000004,0.15269817675448788
ETH,2026-04-16,1776101400,short,0.02082631596912543,2,1,-0.7819999999999999,-0.6316021643102308
BTC,2026-04-15,1776106800,short,0.020602835877540304,1,0,-0.13,0.005131562944394957
ETH,2026-04-16,1776109500,short,0.02648805069567306,1,0,0.12,0.25895646799859284
ETH,2026-04-14,1776109500,long,0.021052364755086872,2,1,-0.5800000000000001,-0.5667968388520737
BTC,2026-04-14,1776109500,short,0.021230463189816362,2,1,-0.771,-0.3552513716453572
ETH,2026-04-14,1776117600,short,0.028753244638774156,2,1,-0.765,-0.3300269475622821
ETH,2026-04-16,1776119400,long,0.06618960977732824,2,1,-0.039999999999999925,-0.023129330072719726
ETH,2026-04-14,1776119400,short,0.0274456598731877,2,1,0.13000000000000003,0.2369873985251662
ETH,2026-04-16,1776119400,short,0.049663728502127524,1,0,-0.07999999999999996,-0.0510628755932177
ETH,2026-04-16,1776119400,short,0.051568317641730865,1,0,0.136,0.1550285712018456
ETH,2026-04-16,1776119400,long,0.04178930609556408,1,0,0.136,0.1550285712018456
BTC,2026-04-14,1776119400,long,0.033702881926385375,2,1,-0.3600000000000001,-0.1280341714000874
BTC,2026-04-14,1776120300,long,0.023231864216427756,2,1,0.5279999999999999,0.357648633912742
ETH,2026-04-14,1776120300,long,0.027257343203463957,2,1,0.45099999999999996,0.4379848718315282
BTC,2026-04-16,1776121200,long,0.022488519656994832,2,1,-0.17900000000000005,-0.18691541837995446
ETH,2026-04-15,1776122100,long,0.02317997077521583,1,0,0.33699999999999997,0.2573192482501894
BTC,2026-04-14,1776122100,short,0.02356114259799258,2,1,0.15200000000000005,0.25844181675703654
SOL,2026-04-15,1776123000,long,0.0482209635114379,1,0,0.019000000000000017,0.1030606128788314
ETH,2026-04-15,1776123000,short,0.025079352983934156,2,1,0.12299999999999991,0.04512106311618412
ETH,2026-04-15,1776123000,long,0.03791777776535232,2,1,-0.26600000000000007,-0.17635893034435352
ETH,2026-04-16,1776123000,short,0.021208980914327213,1,0,-0.027999999999999997,-0.00808710169432697
SOL,2026-04-16,1776123000,long,0.18032183710407756,0,0,0.0,0.0
ETH,2026-04-15,1776126600,short,0.028138297275464574,2,1,0.277,0.21390954548033952
BTC,2026-04-16,1776127500,short,0.02446881160145986,2,1,0.2699999999999999,0.2543383384834224
BTC,2026-04-15,1776129300,short,0.02077271651379098,2,1,0.3879999999999999,0.3624519262831233
BTC,2026-04-15,1776130200,long,0.020620617244555994,2,1,0.71,0.6675049866410624
ETH,2026-04-14,1776143700,long,0.020653263323914706,2,1,-0.194,-0.20526181937443777
ETH,2026-04-16,1776168900,long,0.027819501671936697,2,1,0.683,0.6710473034317539
BTC,2026-04-15,1776174300,long,0.038728181745615764,2,1,-0.402,-0.431888255380415
ETH,2026-04-16,1776175200,short,0.03110558429316912,2,1,0.18999999999999995,0.2645735343304958
ETH,2026-04-17,1776183300,long,0.02627360953438429,1,0,0.63,0.4153779446830188
BTC,2026-04-17,1776183300,short,0.029882030073093757,1,0,0.31999999999999995,0.0691296767220998
ETH,2026-04-17,1776183300,short,0.031092162813848523,1,0,-0.043000000000000003,-0.10803153846048863
ETH,2026-04-17,1776184200,short,0.030150033122677167,1,0,0.6499999999999999,0.41785265828694584
ETH,2026-04-17,1776184200,short,0.03264118594809051,1,0,-0.039,-0.10554502728968901
ETH,2026-04-17,1776184200,long,0.025358814051909206,1,0,-0.122,-0.26559299593012753
ETH,2026-04-17,1776184200,long,0.03668197400442952,1,0,0.14,0.002295621142663573
ETH,2026-04-17,1776184200,long,0.024414286652730155,1,0,0.6499999999999999,0.41785265828694584
ETH,2026-04-17,1776184200,short,0.03958571334727001,1,0,-0.122,-0.26559299593012753
ETH,2026-04-15,1776184200,short,0.038248654670873794,1,0,-0.24000000000000002,-0.14726881426984714
BTC,2026-04-17,1776188700,long,0.027213438156741265,2,1,-0.25,-0.28459651679075737
ETH,2026-04-16,1776193200,short,0.020166007857393198,0,0,0.0,0.0
ETH,2026-04-17,1776195000,long,0.024409794348454694,1,0,-0.74,-0.43746419745581294
ETH,2026-04-17,1776201300,short,0.024487672793151227,1,0,-0.15000000000000002,0.08690413048781706
ETH,2026-04-17,1776204000,short,0.021454862137552988,1,0,0.17000000000000004,-0.054649331972618426
BTC,2026-04-17,1776205800,long,0.029683029767445523,2,1,0.8600000000000001,0.6132379734399815
ETH,2026-04-15,1776206700,long,0.020573680796786675,2,1,-0.367,-0.27957734790929356
BTC,2026-04-15,1776212100,short,0.02394051547939413,2,1,-0.6880000000000001,-0.5372565103051157
BTC,2026-04-16,1776214800,long,0.02280922321464618,2,1,-0.18299999999999997,-0.20217292505085824
ETH,2026-04-16,1776214800,long,0.021671919788734506,1,0,-0.21200000000000002,-0.23369512833347764
BTC,2026-04-16,1776214800,short,0.023533037403874246,2,1,0.28,0.26449397431455307
ETH,2026-04-17,1776217500,long,0.0224705500669935,1,0,0.03300000000000003,-0.03276655815478044
SOL,2026-04-16,1776227400,long,0.020415578379886057,1,0,0.02100000000000002,0.056380201470513744
SOL,2026-04-17,1776227400,long,0.04380356114617068,1,0,0.18999999999999995,-0.251723863408287
BTC,2026-04-17,1776234600,long,0.02323199164796308,2,1,-0.27,-0.10860830424010987
BTC,2026-04-15,1776236400,long,0.02354255014074158,2,1,0.508,0.47500186368359076
BTC,2026-04-17,1776239100,short,0.030184016102584144,1,0,-0.07599999999999996,0.18364348906034828
XRP,2026-04-15,1776241800,long,0.022731404290973423,2,1,0.040000000000000036,0.07088766731585219
XRP,2026-04-16,1776241800,long,0.0675544614430037,0,0,0.0,0.0
XRP,2026-04-16,1776241800,short,0.02169889660259039,0,0,0.0,0.0
XRP,2026-04-16,1776241800,long,0.026301103397409653,0,0,0.0,0.0
XRP,2026-04-16,1776241800,short,0.02169889660259039,0,0,0.0,0.0
XRP,2026-04-16,1776241800,long,0.026301103397409653,0,0,0.0,0.0
SOL,2026-04-16,1776241800,short,0.02733566725884687,0,0,0.0,0.0
BTC,2026-04-16,1776247200,long,0.021401040395055526,2,1,-0.36,-0.2799319708714124
ETH,2026-04-15,1776248100,long,0.02625263422396862,2,1,0.30500000000000005,0.23442665677775115
BTC,2026-04-17,1776249900,short,0.024889127937853472,2,1,-0.8370000000000001,-0.5713858017025084
BTC,2026-04-15,1776249900,short,0.025230910139241558,2,1,0.5409999999999999,0.40064071700967246
ETH,2026-04-16,1776249900,long,0.026957222043498374,1,0,-0.36,-0.27449593583613785
ETH,2026-04-16,1776252600,short,0.023755277263701746,2,1,0.15199999999999994,0.18821621561339968
ETH,2026-04-15,1776255300,short,0.03828921791393258,2,1,0.16499999999999992,0.19024776987204292
BTC,2026-04-16,1776255300,long,0.022382587444514712,2,1,0.606,0.5535034188285839
BTC,2026-04-15,1776263400,long,0.046716903012280486,2,1,-0.806,-0.44715579387979254
BTC,2026-04-16,1776267000,short,0.029832185442742465,2,1,0.118,0.04938415319216012
ETH,2026-04-16,1776267000,short,0.04312918789625697,2,1,0.32399999999999995,0.31028901487400634
ETH,2026-04-16,1776267000,long,0.028561164455853216,2,1,0.535,0.5308611365213338
SOL,2026-04-17,1776267900,short,0.035058125731900314,1,0,-0.09999999999999998,0.2843667102929606
SOL,2026-04-18,1776269700,short,0.05060125012633582,1,0,-0.08,-0.1669558439200271
ETH,2026-04-18,1776269700,long,0.022385490727297785,1,0,0.33000000000000007,0.37747819475553446
ETH,2026-04-18,1776269700,short,0.020360211786951576,1,0,0.33000000000000007,0.37747819475553446
ETH,2026-04-18,1776270600,long,0.02248399288913494,1,0,-0.33999999999999997,-0.29768333288020354
ETH,2026-04-18,1776272400,short,0.026836158831080148,2,1,-0.6499999999999999,-0.6465044232602793
ETH,2026-04-18,1776274200,short,0.021224851706531545,2,1,0.25,0.24110636816512185
ETH,2026-04-18,1776276000,long,0.022391074638113073,2,1,-0.193,-0.2064214387664532
ETH,2026-04-18,1776276000,short,0.020570403701157147,2,1,0.098,0.1074621380263729
BTC,2026-04-18,1776279600,short,0.02153935002641183,1,0,-0.17000000000000004,-0.009034921479642688
BTC,2026-04-18,1776282300,long,0.030325636031559355,2,1,0.7839999999999999,0.7257475991652764
BTC,2026-04-17,1776282300,short,0.030238185976217302,2,1,0.22999999999999998,0.013790275314085804
ETH,2026-04-17,1776283200,long,0.021145204770451675,1,0,0.22999999999999998,0.03705939570048811
SOL,2026-04-18,1776286800,long,0.02254820518755385,1,0,0.09999999999999998,0.17469299962482654
BTC,2026-04-17,1776292200,long,0.028156215108968707,2,1,0.7749999999999999,0.5107568764917536
ETH,2026-04-17,1776294900,long,0.021452995793537433,1,0,0.69,0.39916288084923235
ETH,2026-04-16,1776294900,short,0.02342416153995569,2,1,-0.38500000000000006,-0.37292530802150053
ETH,2026-04-17,1776294900,short,0.023051491647030797,2,1,0.22999999999999998,0.06719795919266
BTC,2026-04-16,1776301200,short,0.025411326251810418,2,1,0.236,0.2490616989582055
XRP,2026-04-18,1776308400,short,0.030007353200788123,0,0,0.0,0.0
XRP,2026-04-17,1776308400,long,0.06748320605069558,0,0,0.0,0.0
XRP,2026-04-17,1776308400,long,0.028245648766235254,1,0,0.029000000000000026,0.11433904323281378
XRP,2026-04-17,1776308400,short,0.02275435123376457,0,0,0.0,0.0
XRP,2026-04-17,1776308400,long,0.028245648766235254,1,0,0.029000000000000026,0.11433904323281378
XRP,2026-04-17,1776308400,short,0.02275435123376457,0,0,0.0,0.0
XRP,2026-04-18,1776309300,long,0.040342177386504696,0,0,0.0,0.0
SOL,2026-04-17,1776313800,long,0.05273865560780866,1,0,0.050000000000000044,-0.055331243522315596
ETH,2026-04-16,1776314700,long,0.026698224349323896,2,1,-0.192,-0.07515972527747815
XRP,2026-04-18,1776316500,long,0.021100854318843343,1,0,0.03200000000000003,0.0846393863837279
XRP,2026-04-18,1776316500,short,0.03289914568115676,0,0,0.0,0.0
XRP,2026-04-18,1776316500,short,0.026311857342807388,1,0,-0.04400000000000004,-0.00638197201957405
XRP,2026-04-18,1776316500,long,0.021688142657192655,0,0,0.0,0.0
XRP,2026-04-17,1776322800,short,0.02194783466655037,2,1,0.41899999999999993,-0.25225205312283283
XRP,2026-04-17,1776322800,long,0.03605216533344957,1,0,-0.4,0.31260638042525724
XRP,2026-04-16,1776328200,short,0.026063516971650214,2,1,-0.371,0.09287601894239172
BTC,2026-04-17,1776330900,long,0.02696538977016294,2,1,-0.42000000000000004,-0.5072626837765903
BTC,2026-04-16,1776341700,long,0.08281706435155445,2,1,0.20900000000000007,0.20781906417964652
BTC,2026-04-16,1776348000,long,0.043815052796023046,2,1,-0.63,0.0839336813574334
XRP,2026-04-17,1776348900,long,0.0714463559971934,1,0,0.04700000000000004,0.10111558240869029
BTC,2026-04-17,1776348900,long,0.02095209699238265,2,1,-0.4,-0.0020383193287699664
ETH,2026-04-17,1776349800,short,0.03854288969018971,2,1,0.42000000000000004,0.8499689972256573
BTC,2026-04-18,1776349800,short,0.027287660269974312,1,0,-0.52,-0.11021309214566588
ETH,2026-04-17,1776349800,long,0.05381851464298548,1,0,-0.49,0.24832536241004366
ETH,2026-04-18,1776350700,long,0.026397889124263774,1,0,-0.10999999999999999,0.013256428159668099
XRP,2026-04-18,1776350700,long,0.03637710762064672,1,0,0.05800000000000005,0.10803683914864258
ETH,2026-04-17,1776355200,short,0.03732131748607603,2,1,-0.798,-0.5047852041553393
ETH,2026-04-19,1776356100,short,0.026671231982975274,2,1,-0.62,-0.6232988919429778
XRP,2026-04-19,1776356100,short,0.06765090853619771,0,0,0.0,0.0
SOL,2026-04-18,1776356100,short,0.026308622451121866,2,1,-0.15100000000000002,-0.1568182643305332
ETH,2026-04-19,1776357000,short,0.028687646345826545,2,1,0.29000000000000004,0.29756483955591734
SOL,2026-04-19,1776357900,short,0.049483294837935676,1,0,-0.040000000000000036,-0.040581674656245216
XRP,2026-04-19,1776358800,short,0.027156576349395903,1,0,-0.030000000000000027,-0.018854508830739657
ETH,2026-04-19,1776359700,short,0.020719930293790045,2,1,0.16999999999999998,0.1931440964588326
ETH,2026-04-18,1776359700,short,0.028142091102012712,2,1,-0.6000000000000001,-0.5352182868558891
ETH,2026-04-19,1776360600,long,0.021692346547218078,1,0,-0.10999999999999999,-0.1052530233830405
SOL,2026-04-19,1776363300,short,0.02716682490345751,1,0,-0.02100000000000002,-0.034113455716308055
SOL,2026-04-19,1776363300,long,0.026833175096542483,2,1,0.265,0.23874465286297328
BTC,2026-04-19,1776364200,short,0.02020638212829362,1,0,-0.13,0.005698967891094281
BTC,2026-04-18,1776365100,long,0.021334232650508822,1,0,-0.35,-0.07897292617222318
BTC,2026-04-19,1776365100,short,0.020343014792669645,2,1,-0.64,-0.610702358053869
BTC,2026-04-19,1776365100,short,0.025573374160178908,1,0,0.28,0.44428003150226314
BTC,2026-04-19,1776365100,long,0.02039198440716916,1,0,-0.37,-0.1764223265516059
ETH,2026-04-19,1776368700,long,0.029366564823699814,1,0,0.30000000000000004,0.3976624909085892
ETH,2026-04-17,1776369600,long,0.049385924845291695,2,1,-0.53,-0.4569700445383339
SOL,2026-04-19,1776369600,short,0.05014154146716554,1,0,-0.027999999999999997,0.014124672369097542
ETH,2026-04-19,1776370500,long,0.02297912473911623,0,0,0.0,0.0
ETH,2026-04-18,1776376800,short,0.020079980332987524,1,0,0.25,0.3123811624569705
BTC,2026-04-18,1776377700,short,0.030247325610788467,2,1,0.25,0.12928596053502295
BTC,2026-04-18,1776377700,long,0.024695010600899403,2,1,0.785,0.6653465773254627
ETH,2026-04-17,1776384000,short,0.025534245933840127,2,1,0.16999999999999993,-0.17999193557608173
BTC,2026-04-17,1776389400,short,0.025279131749154637,2,1,0.241,-0.4268005933726511
XRP,2026-04-19,1776407400,long,0.05012940168895286,0,0,0.0,0.0
XRP,2026-04-18,1776407400,long,0.0814917918566167,0,0,0.0,0.0
XRP,2026-04-17,1776407400,long,0.027963475152328332,1,0,0.014000000000000012,0.03304369585482181
XRP,2026-04-18,1776407400,short,0.10590955695082108,0,0,0.0,0.0
BTC,2026-04-19,1776408300,long,0.027899891867343207,1,0,0.05500000000000005,0.11515823748509779
BTC,2026-04-17,1776408300,short,0.03626469877983718,2,1,0.7,0.8646437011477277
XRP,2026-04-18,1776412800,short,0.04623874410754538,0,0,0.0,0.0
ETH,2026-04-18,1776414600,long,0.026477731903169266,2,1,-0.236,-0.16746426269885226
BTC,2026-04-17,1776417300,long,0.03902442740777379,2,1,-0.51,0.3309453378053747
BTC,2026-04-18,1776418200,long,0.02306151142004964,2,1,-0.08099999999999999,-0.053430230573618565
ETH,2026-04-18,1776418200,long,0.057460118826873074,2,1,-0.241,-0.19061473410793453
ETH,2026-04-18,1776418200,short,0.02540192133195307,2,1,0.14800000000000002,0.18318372585038395
ETH,2026-04-19,1776418200,long,0.03814148947354368,1,0,0.06000000000000005,-0.014124894986887501
ETH,2026-04-17,1776418200,long,0.040847834447926834,2,1,0.837,0.2735597783139646
BTC,2026-04-17,1776418200,long,0.17991764008283173,2,1,0.56,-0.04075376183230606
BTC,2026-04-18,1776420900,short,0.02156539761545395,2,1,-0.659,-0.5912102058178714
BTC,2026-04-17,1776420900,short,0.040157411831168166,2,1,-0.67,0.2941527813305036
ETH,2026-04-18,1776431700,long,0.02145991966457461,2,1,0.61,0.46749310226936247
ETH,2026-04-19,1776431700,short,0.023128740213861132,2,1,0.11800000000000002,-0.0211680755929588
XRP,2026-04-19,1776433500,long,0.04253162350456119,0,0,0.0,0.0
BTC,2026-04-19,1776434400,short,0.03389947755739431,2,1,0.273,0.12906101427521358
BTC,2026-04-19,1776434400,long,0.039326112230086974,2,1,0.82,0.6627573396554715
XRP,2026-04-19,1776434400,short,0.04015357871601144,1,0,0.43399999999999994,0.05640907073839946
XRP,2026-04-19,1776434400,long,0.02189269512484593,1,0,0.43399999999999994,0.05640907073839946
XRP,2026-04-19,1776434400,short,0.027107304875153893,2,1,-0.44500000000000006,-0.19833932412821847
XRP,2026-04-18,1776435300,long,0.02306950593079815,1,0,0.386,-0.10105119452232636
BTC,2026-04-18,1776436200,short,0.022467195999385736,2,1,0.295,0.09616155287528519
XRP,2026-04-19,1776440700,long,0.027004041552061597,1,0,-0.050000000000000044,-0.18294354118460993
XRP,2026-04-20,1776442500,short,0.03960738353754434,1,0,0.44799999999999995,0.11563193348596418
ETH,2026-04-20,1776442500,long,0.021542073653824545,1,0,0.65,0.24066545071403334
XRP,2026-04-19,1776442500,short,0.06539705334169976,0,0,0.0,0.0
ETH,2026-04-20,1776442500,long,0.020892268694038707,2,1,-0.30999999999999994,-0.2830078621484046
XRP,2026-04-20,1776442500,short,0.05486729994712464,1,0,-0.422,-0.08963193348596421
SOL,2026-04-20,1776443400,short,0.07032778991663347,0,0,0.0,0.0
ETH,2026-04-20,1776444300,short,0.03877761287362014,1,0,-0.118,0.14641057142825054
ETH,2026-04-20,1776446100,short,0.023995092701379783,0,0,0.0,0.0
ETH,2026-04-19,1776447000,short,0.024374560803045342,2,1,0.44,0.33236324349964186
ETH,2026-04-20,1776447000,short,0.020798667342991295,1,0,0.62,0.23620090691742018
BTC,2026-04-18,1776447000,long,0.025472670111632345,2,1,-0.139,-0.3252477963620826
ETH,2026-04-20,1776447000,long,0.020608934231509224,2,1,-0.08599999999999997,-0.227634748899092
BTC,2026-04-20,1776447000,short,0.020093165878771746,1,0,0.14,-0.005691866922389183
XRP,2026-04-20,1776447900,long,0.033853753110893336,1,0,-0.376,-0.08915326187734801
BTC,2026-04-20,1776450600,short,0.026024031887205368,1,0,0.72,0.48972064502642054
BTC,2026-04-19,1776451500,short,0.030010375657228527,2,1,0.4719999999999999,0.5386694924198373
ETH,2026-04-20,1776451500,short,0.021623934089117336,2,1,-0.7,-0.5288488880703193
ETH,2026-04-19,1776454200,long,0.021588234158468556,2,1,-0.039000000000000035,-0.20080189149177124
BTC,2026-04-20,1776460500,long,0.022530238978104355,2,1,0.8099999999999999,0.6515825623391917
BTC,2026-04-19,1776464100,long,0.03655464370001038,2,1,-0.27699999999999997,0.04936584369059421
ETH,2026-04-18,1776464100,short,0.022460967201822057,2,1,0.719,0.3274657531443182
SOL,2026-04-18,1776465000,long,0.06890362547775775,1,0,0.019000000000000017,0.019000020942290117
ETH,2026-04-19,1776468600,long,0.033018534188224535,2,1,0.676,0.256554292398555
BTC,2026-04-20,1776474000,short,0.025387655802176612,2,1,-0.79,-0.6403148135253582
BTC,2026-04-20,1776474000,long,0.02439788636834983,2,1,-0.25700000000000006,-0.08127178155712936
BTC,2026-04-18,1776483900,long,0.023910900653670186,2,1,0.12400000000000011,-0.0467205769964642
SOL,2026-04-20,1776491100,short,0.02301190137213327,0,0,0.0,0.0
SOL,2026-04-20,1776491100,long,0.0629880986278668,1,0,-0.28,-0.022005242643719003
SOL,2026-04-19,1776491100,long,0.05263790806666946,1,0,-0.26,-0.01665096965945015
SOL,2026-04-19,1776496500,long,0.026805785118902303,1,0,-0.26,-0.004054240960771449
SOL,2026-04-19,1776496500,short,0.05419421488109777,1,0,-0.020999999999999998,-0.02033435333291068
ETH,2026-04-20,1776499200,long,0.027513854074529664,0,0,0.0,0.0
ETH,2026-04-18,1776500100,short,0.09687473991449386,2,1,-0.36200000000000004,0.28319574620377513
ETH,2026-04-19,1776500100,short,0.03330370209083838,1,0,-0.42,0.10360434604013141
BTC,2026-04-20,1776501000,long,0.03099268031729041,2,1,-0.4,-0.3682988062281557
SOL,2026-04-20,1776501900,long,0.09485191574110097,1,0,0.26,0.1373170190635471
SOL,2026-04-20,1776501900,short,0.023148084258899082,1,0,-0.19,-0.0673170190635471
SOL,2026-04-20,1776501900,long,0.09485191574110097,1,0,0.26,0.1373170190635471
SOL,2026-04-20,1776501900,short,0.023148084258899082,1,0,-0.19,-0.0673170190635471
ETH,2026-04-20,1776505500,short,0.020207856992086937,1,0,0.19999999999999996,0.40776754583921926
BTC,2026-04-18,1776508200,short,0.048205799676375505,2,1,0.2819999999999999,0.4818883464279837
XRP,2026-04-20,1776510900,long,0.031372306981057196,1,0,-0.27,-0.2598515021285262
XRP,2026-04-20,1776510900,long,0.054629161728920295,0,0,0.0,0.0
SOL,2026-04-20,1776512700,long,0.09322114515166557,0,0,0.0,0.0
ETH,2026-04-18,1776519000,long,0.020450463962947474,2,1,0.025000000000000022,0.027520804381769896
ETH,2026-04-19,1776519900,long,0.021434143153594487,2,1,-0.14800000000000002,-0.24560920226127494
BTC,2026-04-19,1776524400,long,0.023255448823612968,2,1,0.619,0.4897667027583392
XRP,2026-04-19,1776525300,long,0.08288460385783725,1,0,0.03300000000000003,0.020427530385633982
BTC,2026-04-19,1776528000,long,0.020943582969242813,2,1,-0.48,-0.3814195009266689
ETH,2026-04-21,1776528900,long,0.0315227908866591,1,0,0.38,0.2108900436955947
ETH,2026-04-21,1776528900,short,0.022646143395430807,1,0,0.38,0.2108900436955947
SOL,2026-04-19,1776528900,short,0.02616567358673609,2,1,-0.07200000000000002,-0.030638706767654317
SOL,2026-04-21,1776528900,short,0.02983979288604449,1,0,-0.038000000000000034,-0.058784642427682575
ETH,2026-04-21,1776528900,short,0.02765320649936487,0,0,0.0,0.0
ETH,2026-04-21,1776529800,short,0.02505726811130715,1,0,-0.036,0.006717298335272598
ETH,2026-04-20,1776529800,long,0.048442762650240834,1,0,0.20999999999999996,0.41001906287101564
SOL,2026-04-21,1776529800,short,0.026078909407790618,1,0,-0.03700000000000003,-0.055690320589545546
SOL,2026-04-21,1776529800,long,0.025921090592209373,1,0,0.05899999999999994,0.07769032058954545
ETH,2026-04-21,1776529800,long,0.021147728633962082,0,0,0.0,0.0
XRP,2026-04-21,1776530700,short,0.07766568489376768,0,0,0.0,0.0
XRP,2026-04-19,1776530700,short,0.08913967914369939,1,0,-0.038,-0.02690591149943497
SOL,2026-04-20,1776530700,long,0.04948659926911447,1,0,-0.13,-0.056990094313778356
SOL,2026-04-20,1776530700,short,0.025513400730885483,2,1,0.17799999999999996,0.10530976248169942
SOL,2026-04-19,1776532500,long,0.023054702408125127,1,0,0.009000000000000008,0.010688574838302583
BTC,2026-04-21,1776533400,long,0.02514953702878775,2,1,0.72,0.7222761660705669
ETH,2026-04-21,1776536100,short,0.0297087117650654,0,0,0.0,0.0
SOL,2026-04-21,1776540600,short,0.03695006236482823,1,0,-0.026000000000000002,-0.02595786876578764
SOL,2026-04-21,1776547800,long,0.035484328853918834,0,0,0.0,0.0
ETH,2026-04-20,1776550500,short,0.022638093631672573,1,0,0.28,0.13565526094757271
BTC,2026-04-19,1776554100,short,0.03386188453652228,2,1,0.3979999999999999,0.3834596899825379
SOL,2026-04-21,1776554100,long,0.04294006334330969,0,0,0.0,0.0
BTC,2026-04-21,1776555000,long,0.02104813796049254,2,1,-0.3000000000000001,-0.3050239626037025
BTC,2026-04-20,1776560400,long,0.02166969742650826,1,0,0.17000000000000004,0.18333055885973276
BTC,2026-04-21,1776561300,short,0.02065927070110596,2,1,0.17400000000000004,0.16014057877560947
ETH,2026-04-21,1776565800,long,0.02029520435626897,1,0,0.129,0.17168901762611968
ETH,2026-04-21,1776565800,short,0.02370479564373118,1,0,-0.11499999999999999,-0.15768901762611967
BTC,2026-04-19,1776571200,short,0.020535112767686936,2,1,-0.31400000000000006,-0.3750508313278057
ETH,2026-04-21,1776573000,long,0.021232863594905727,1,0,0.038000000000000034,0.05879325114207172
BTC,2026-04-20,1776579300,short,0.023995605391655905,2,1,0.3,0.326709325648266
ETH,2026-04-21,1776579300,short,0.021136526562662294,1,0,0.16100000000000003,0.1806776450185657
BTC,2026-04-19,1776582900,long,0.026265153805905994,2,1,-0.06800000000000006,0.02508453760675662
ETH,2026-04-20,1776583800,long,0.02388886275173907,1,0,-0.48,-0.4499758675861302
ETH,2026-04-21,1776585600,long,0.029883339308376833,1,0,-0.15400000000000003,-0.15902391873611915
ETH,2026-04-21,1776585600,long,0.026316493659015006,1,0,-0.060000000000000005,-0.05712041801930737
ETH,2026-04-21,1776586500,long,0.03914379858510364,0,0,0.0,0.0
ETH,2026-04-19,1776586500,short,0.04623775921567974,2,1,-0.3420000000000001,-0.2758333254963299
BTC,2026-04-21,1776591900,short,0.020919255471307574,1,0,0.36,0.48527696048579255
BTC,2026-04-20,1776596400,long,0.024619027066741683,1,0,-0.22999999999999998,-0.16472238258091584
BTC,2026-04-20,1776605400,short,0.028912232305266405,2,1,0.12100000000000002,0.07787394317931184
ETH,2026-04-22,1776615300,short,0.022707283433234915,0,0,0.0,0.0
ETH,2026-04-22,1776615300,short,0.028882149131903234,1,0,0.42999999999999994,0.22352326670565534
ETH,2026-04-21,1776617100,long,0.020187914678019725,1,0,0.07000000000000006,0.06400525727671286
ETH,2026-04-20,1776618000,long,0.02568842634483759,2,1,0.58,0.5831256734369858
ETH,2026-04-22,1776618900,long,0.021968790608958955,1,0,0.22999999999999998,0.03489380311335044
ETH,2026-04-22,1776618900,short,0.02563067328687907,1,0,0.22999999999999998,0.03489380311335044
ETH,2026-04-22,1776618900,short,0.027270356392655404,0,0,0.0,0.0
ETH,2026-04-22,1776618900,long,0.02272964360734475,2,1,-0.25,-0.2952670613053245
ETH,2026-04-22,1776618900,long,0.02856744330026073,0,0,0.0,0.0
ETH,2026-04-22,1776618900,short,0.021432556699739203,2,1,-0.8099999999999999,-0.7070296832750058
ETH,2026-04-22,1776618900,long,0.02856744330026073,0,0,0.0,0.0
ETH,2026-04-22,1776618900,short,0.021432556699739203,2,1,-0.8099999999999999,-0.7070296832750058
ETH,2026-04-21,1776633300,long,0.03328401769048028,2,1,0.7200000000000001,0.6803821710796489
BTC,2026-04-20,1776636000,short,0.051372413995134814,2,1,0.364,0.1867890581252967
ETH,2026-04-20,1776636000,short,0.06060367596973115,2,1,0.18699999999999994,0.10931664068088326
BTC,2026-04-21,1776636000,long,0.040309317975568915,2,1,0.7,0.6554843082397616
BTC,2026-04-22,1776636000,long,0.03542800046159167,2,1,-0.15000000000000002,-0.38790072308431695
BTC,2026-04-21,1776642300,long,0.020537397524788004,1,0,-0.52,-0.1812685875415475
ETH,2026-04-22,1776643200,long,0.025707480490084533,0,0,0.0,0.0
ETH,2026-04-20,1776643200,short,0.025060281529526662,2,1,-0.74,-0.5648067961458626
BTC,2026-04-22,1776643200,long,0.023607245383967745,1,0,-0.25,0.3424962541060129
ETH,2026-04-21,1776647700,short,0.023225117978491694,1,0,0.5700000000000001,0.46472335530206954
ETH,2026-04-20,1776654000,long,0.021604368461161982,2,1,-0.06999999999999995,0.019685118842668756
SOL,2026-04-22,1776656700,long,0.043581546592839304,0,0,0.0,0.0
SOL,2026-04-20,1776656700,long,0.020525084928603388,2,1,0.039000000000000035,0.022307588861974377
SOL,2026-04-21,1776656700,long,0.028148540199078198,0,0,0.0,0.0
BTC,2026-04-20,1776657600,long,0.024145195369487338,2,1,0.44000000000000006,0.34276897132359774
SOL,2026-04-22,1776657600,long,0.039774361262115754,0,0,0.0,0.0
SOL,2026-04-22,1776657600,short,0.03022563873788431,1,0,-0.09999999999999999,-0.2541324393170566
SOL,2026-04-21,1776659400,long,0.026677888601051913,1,0,0.050000000000000044,0.1047948643207329
SOL,2026-04-21,1776659400,short,0.023322111398948173,0,0,0.0,0.0
ETH,2026-04-21,1776663900,long,0.02036749861029641,1,0,-0.21099999999999997,-0.051728956617345084
ETH,2026-04-22,1776669300,short,0.024479623401031714,1,0,-0.05700000000000005,0.07756607267882745
ETH,2026-04-22,1776669300,long,0.021520376598968216,1,0,-0.20999999999999996,0.07575951728609981
ETH,2026-04-20,1776671100,long,0.03073614372594946,2,1,-0.46699999999999997,-0.37930215450381793
BTC,2026-04-20,1776676500,short,0.03190649619437125,2,1,0.16299999999999995,0.3005880007660606
BTC,2026-04-22,1776680100,long,0.02090463424897493,1,0,-0.6000000000000001,-0.02311661600442072
BTC,2026-04-21,1776685500,short,0.020153007594110206,2,1,0.06599999999999998,0.10601329298011385
BTC,2026-04-22,1776688200,short,0.026971172774022945,1,0,0.84,0.4834142739760373
ETH,2026-04-21,1776697200,long,0.020674305074500854,2,1,-0.41600000000000004,-0.361336859085832
BTC,2026-04-22,1776699000,long,0.0362754723110148,1,0,0.02300000000000002,0.17219573474748778
BTC,2026-04-22,1776699000,short,0.021405892894846734,1,0,-0.03200000000000003,0.03098535188392261
BTC,2026-04-22,1776699000,short,0.05475530222763503,1,0,-0.10999999999999999,0.08438105599230075
ETH,2026-04-21,1776699000,short,0.047444519749321956,1,0,-0.02100000000000002,-0.022091931069358896
BTC,2026-04-21,1776699000,long,0.11350512279408509,2,1,-0.22999999999999998,-0.25185800683968207
BTC,2026-04-20,1776699000,short,0.07826893069508192,2,1,-0.058000000000000024,0.0947867798156248
BTC,2026-04-21,1776699000,short,0.09755157898381428,1,0,-0.052000000000000046,-0.04608259131421627
XRP,2026-04-21,1776699000,long,0.15077736074518855,1,0,0.026000000000000023,0.025758253514883207
XRP,2026-04-22,1776699000,long,0.17339956107246524,0,0,0.0,0.0
ETH,2026-04-23,1776701700,short,0.04424731923017122,1,0,-0.06800000000000006,-0.04279821654517012
ETH,2026-04-23,1776701700,short,0.04780817811806781,1,0,-0.21999999999999997,-0.16904142010227863
ETH,2026-04-22,1776701700,short,0.043214613018757286,1,0,-0.18000000000000005,0.03292703976783565
BTC,2026-04-23,1776701700,short,0.025165292145270635,1,0,-0.052000000000000046,0.04426325943379632
SOL,2026-04-23,1776701700,long,0.0423819926740403,0,0,0.0,0.0
SOL,2026-04-23,1776701700,short,0.02748504127982332,1,0,-0.14,-0.11069806972320355
SOL,2026-04-23,1776701700,long,0.07251495872017655,0,0,0.0,0.0
ETH,2026-04-23,1776701700,long,0.039576540185608966,2,1,-0.12000000000000005,-0.14747591730960868
ETH,2026-04-23,1776701700,long,0.04770230261429753,1,0,0.21999999999999997,0.2757081252331144
SOL,2026-04-23,1776701700,short,0.02748504127982332,1,0,-0.14,-0.11069806972320355
SOL,2026-04-23,1776701700,long,0.07251495872017655,0,0,0.0,0.0
BTC,2026-04-23,1776701700,long,0.045747956061540584,0,0,0.0,0.0
ETH,2026-04-22,1776702600,short,0.04363396327677915,2,1,0.38,0.49594333662660756
ETH,2026-04-22,1776702600,long,0.03636603672322081,1,0,-0.8200000000000001,-0.5754951876622836
BTC,2026-04-23,1776702600,short,0.037256896660064154,1,0,-0.29000000000000004,0.06172422379129916
BTC,2026-04-22,1776702600,short,0.022373923895783854,1,0,-0.25,0.29240045236885037
BTC,2026-04-23,1776703500,short,0.02025154934594675,1,0,-0.55,-0.17544124494867186
SOL,2026-04-23,1776704400,short,0.026239356589972562,1,0,-0.020999999999999998,-0.022911339768702445
XRP,2026-04-21,1776705300,short,0.024706102312893635,2,1,-0.23399999999999996,-0.20429797869514174
ETH,2026-04-23,1776707100,long,0.022626274805359392,1,0,-0.44999999999999996,-0.3935016875738125
XRP,2026-04-23,1776708000,long,0.03326504282436216,0,0,0.0,0.0
ETH,2026-04-23,1776708000,short,0.031682276634002915,2,1,0.2,0.21807711671931998
ETH,2026-04-23,1776708900,short,0.02194364737913357,1,0,-0.027999999999999997,-0.028597465931874136
ETH,2026-04-23,1776708900,short,0.021125808896999998,2,1,-0.67,-0.6697076212555896
XRP,2026-04-22,1776710700,long,0.059315383707430724,0,0,0.0,0.0
XRP,2026-04-22,1776710700,short,0.020684616292569236,0,0,0.0,0.0
BTC,2026-04-21,1776711600,short,0.024418548140925922,2,1,-0.67,-0.5777505325414352
XRP,2026-04-23,1776713400,short,0.022483244908474753,1,0,-0.022,-0.022798143430971016
XRP,2026-04-23,1776713400,long,0.030516755091525294,0,0,0.0,0.0
ETH,2026-04-23,1776716100,long,0.020080686248191704,0,0,0.0,0.0
BTC,2026-04-23,1776717900,long,0.02156135255478331,1,0,0.08999999999999997,0.208921778669113
ETH,2026-04-21,1776719700,long,0.020407099956176733,2,1,0.44999999999999996,0.48205174389396116
ETH,2026-04-22,1776720600,long,0.02387771090702806,2,1,-0.38,-0.4716959706857635
BTC,2026-04-23,1776720600,short,0.027493476078244594,2,1,0.15999999999999992,0.03294073662464869
BTC,2026-04-21,1776722400,long,0.023438385581530552,2,1,0.61,0.6025585838133247
BTC,2026-04-22,1776722400,long,0.0223880928503728,1,0,0.48,-0.1383331526676197
ETH,2026-04-21,1776735000,short,0.020656095942074626,2,1,-0.41000000000000003,-0.4416091997448873
ETH,2026-04-22,1776762000,short,0.02310796833455897,1,0,-0.028999999999999998,-0.09077818918497657
ETH,2026-04-21,1776776400,short,0.024017429808183555,2,1,0.4029999999999999,0.3356043027925791
ETH,2026-04-22,1776787200,long,0.030610629128311473,2,1,-0.3400000000000001,-0.051097696646563495
ETH,2026-04-24,1776788100,short,0.03732610405441983,1,0,0.47,0.4505490356802813
ETH,2026-04-24,1776788100,short,0.022141195306086048,2,1,0.1429999999999999,0.13601359394297
ETH,2026-04-23,1776788100,short,0.03128695706956797,1,0,0.45999999999999996,0.40084025080291724
ETH,2026-04-24,1776788100,long,0.023993068425112618,1,0,0.47,0.4505490356802813
ETH,2026-04-24,1776788100,long,0.024653580252111285,1,0,-0.25,-0.2663610528984266
ETH,2026-04-24,1776788100,long,0.025727429298531446,1,0,-0.08,-0.08889274546819376
ETH,2026-04-23,1776790800,long,0.038298422720626224,2,1,0.7,0.6742352961743003
BTC,2026-04-24,1776791700,short,0.020075604776103706,2,1,0.19000000000000006,0.08308962832065672
ETH,2026-04-22,1776791700,short,0.023763980862378742,2,1,0.44000000000000006,0.10425504436380689
ETH,2026-04-24,1776791700,long,0.028029773705241956,0,0,0.0,0.0
ETH,2026-04-24,1776791700,short,0.02197022629475809,1,0,-0.21000000000000002,-0.25703351062225
ETH,2026-04-24,1776792600,long,0.03355557526084274,0,0,0.0,0.0
BTC,2026-04-24,1776793500,short,0.021854515904513594,2,1,0.28,0.22739216021845063
BTC,2026-04-24,1776794400,long,0.02153783928578945,2,1,-0.11999999999999994,-0.245479993036901
BTC,2026-04-22,1776800700,long,0.02143325392778639,2,1,-0.5,-0.5986100202403333
ETH,2026-04-23,1776800700,long,0.03753359123613875,1,0,-0.51,-0.34767996007343
ETH,2026-04-23,1776803400,short,0.022459352461581372,1,0,-0.044000000000000004,-0.058316394910071415
ETH,2026-04-22,1776809700,long,0.02377397605353826,2,1,-0.5,-0.8115494312774565
BTC,2026-04-22,1776815100,short,0.025509894050924298,2,1,0.483,1.0637890434648707
SOL,2026-04-23,1776824100,short,0.04738245344202263,1,0,-0.13,-0.10457613162798463
SOL,2026-04-23,1776824100,long,0.041617546557977336,1,0,0.18999999999999995,0.16457613162798457
SOL,2026-04-23,1776824100,short,0.04738245344202263,1,0,-0.13,-0.10457613162798463
SOL,2026-04-23,1776824100,long,0.041617546557977336,1,0,0.18999999999999995,0.16457613162798457
BTC,2026-04-23,1776825000,long,0.02116649855351871,2,1,0.741,0.6326953771596788
ETH,2026-04-23,1776825900,short,0.0348210044302153,1,0,-0.33,-0.20654102183575274
XRP,2026-04-23,1776828600,short,0.06157445293776859,1,0,-0.17000000000000004,-0.24708215999164806
XRP,2026-04-23,1776828600,long,0.048425547062231455,0,0,0.0,0.0
XRP,2026-04-22,1776828600,long,0.04558254356822622,2,1,0.129,0.11244519205744555
XRP,2026-04-23,1776828600,short,0.06157445293776859,1,0,-0.17000000000000004,-0.24708215999164806
XRP,2026-04-23,1776828600,long,0.048425547062231455,0,0,0.0,0.0
BTC,2026-04-22,1776833100,long,0.022170680197831638,2,1,-0.559,-0.2654721408463015
BTC,2026-04-23,1776835800,short,0.02028831401290221,1,0,-0.053,-0.05894300506839287
ETH,2026-04-23,1776835800,short,0.031247390360004457,1,0,-0.027999999999999997,0.0038184626226025822
ETH,2026-04-24,1776835800,short,0.02209509113348973,2,1,0.14699999999999996,0.06059655790845825
ETH,2026-04-22,1776837600,long,0.029524617174031986,2,1,0.6080000000000001,0.5455109008557048
ETH,2026-04-23,1776837600,long,0.029476420529534586,2,1,-0.334,-0.19861851915112075
SOL,2026-04-24,1776838500,short,0.05818845646237003,0,0,0.0,0.0
BTC,2026-04-22,1776843000,long,0.02178718015871728,1,0,0.02400000000000002,0.10851442006966074
SOL,2026-04-24,1776844800,long,0.10209552904632058,0,0,0.0,0.0
SOL,2026-04-24,1776855600,long,0.022867543909729893,1,0,-0.29000000000000004,-0.11056841392001457
BTC,2026-04-23,1776868200,short,0.022061479899610714,2,1,0.2499999999999999,0.32965504636041304
BTC,2026-04-24,1776871800,short,0.02069233578079399,1,0,-0.128,-0.04042872404155608
BTC,2026-04-23,1776871800,long,0.02694280481762612,2,1,-0.18999999999999995,-0.2781558257083834
BTC,2026-04-24,1776871800,short,0.025332952963949662,1,0,-0.035,-0.0016113694463001232
ETH,2026-04-25,1776874500,long,0.02045030806289727,1,0,-0.17000000000000004,-0.38662446976278425
ETH,2026-04-25,1776874500,short,0.03142234277096112,2,1,-0.67,-0.5820267179759143
ETH,2026-04-25,1776874500,short,0.02691144683315816,1,0,-0.056,0.05093824645245173
ETH,2026-04-25,1776874500,short,0.02373020294756678,1,0,0.52,0.21540224821313003
SOL,2026-04-25,1776874500,long,0.036081183615838563,1,0,0.041000000000000036,0.08560080191389366
ETH,2026-04-25,1776875400,long,0.021410171953415436,0,0,0.0,0.0
SOL,2026-04-25,1776876300,long,0.03988600895018335,1,0,0.04700000000000004,0.0856747604937882
SOL,2026-04-25,1776876300,short,0.022113991049816595,0,0,0.0,0.0
ETH,2026-04-25,1776880800,long,0.020879177104783153,1,0,-0.49,-0.1907546127357842
ETH,2026-04-24,1776882600,short,0.02067432138258607,2,1,-0.64,-0.5380627519739597
ETH,2026-04-25,1776882600,short,0.02282825385038212,2,1,0.16999999999999993,0.28945307830972006
ETH,2026-04-25,1776888900,long,0.02176528918276799,2,1,-0.026000000000000023,-0.08651009214307978
ETH,2026-04-25,1776888900,short,0.026542088310134493,0,0,0.0,0.0
ETH,2026-04-25,1776888900,long,0.02345791168986544,1,0,0.51,0.20261584453839726
ETH,2026-04-23,1776889800,long,0.02291668344426978,2,1,0.5499999999999999,0.29682120096737763
ETH,2026-04-23,1776889800,short,0.03074548977878544,2,1,0.417,0.15872385389818616
ETH,2026-04-24,1776897000,long,0.020434621670590403,0,0,0.0,0.0
BTC,2026-04-23,1776902400,short,0.0259807240295854,0,0,0.0,0.0
BTC,2026-04-25,1776903300,short,0.022045142215618485,0,0,0.0,0.0
ETH,2026-04-24,1776909600,long,0.02789005911816478,0,0,0.0,0.0
ETH,2026-04-24,1776911400,short,0.025609609452181492,0,0,0.0,0.0
BTC,2026-04-25,1776911400,long,0.022289832800027165,0,0,0.0,0.0
BTC,2026-04-24,1776911400,long,0.021293226259832432,0,0,0.0,0.0
ETH,2026-04-23,1776918600,long,0.027388424871308548,0,0,0.0,0.0
ETH,2026-04-23,1776918600,short,0.03294527748758169,0,0,0.0,0.0
BTC,2026-04-24,1776931200,short,0.02225172310585699,0,0,0.0,0.0
ETH,2026-04-24,1776933900,long,0.02089249447607111,0,0,0.0,0.0
BTC,2026-04-23,1776937500,long,0.02312689475169205,2,1,0.6609999999999999,0.3709063912896131
BTC,2026-04-24,1776939300,long,0.03724724427291548,1,0,0.33999999999999997,0.4973840655852856
BTC,2026-04-25,1776942000,short,0.028457762864629754,2,1,0.2899999999999999,0.2873120084139432
BTC,2026-04-25,1776953700,long,0.022191688438880863,2,1,-0.16600000000000004,-0.1791021008942388
BTC,2026-04-24,1776959100,long,0.021805597633120843,2,1,-0.129,-0.06878852564669871
BTC,2026-04-26,1776960900,short,0.029076982472029278,1,0,-0.22,-0.18525149675081498
ETH,2026-04-25,1776960900,short,0.021028081194835124,1,0,-0.2,-0.1278478520002133
ETH,2026-04-26,1776960900,short,0.0250178949606098,1,0,0.38,0.32100013268728034
ETH,2026-04-26,1776961800,short,0.022168864142510403,1,0,-0.23,-0.2817417267961219
ETH,2026-04-25,1776962700,short,0.021495603006097874,1,0,-0.038,-0.015707232300833953
BTC,2026-04-26,1776962700,short,0.020627267283756412,1,0,0.43999999999999995,0.48954497821285387
ETH,2026-04-26,1776964500,long,0.029347204965691764,1,0,0.20999999999999996,0.2902799599910967
ETH,2026-04-26,1776965400,short,0.027336055314053698,1,0,0.19999999999999996,0.2979259373118951
ETH,2026-04-26,1776966300,long,0.02097960075110472,1,0,-0.51,-0.31157642894256715
BTC,2026-04-24,1776966300,short,0.03164116289396324,2,1,0.20499999999999996,0.10426764240637823
BTC,2026-04-25,1776966300,short,0.03136120947447407,2,1,0.21600000000000008,0.2014675093134345
BTC,2026-04-25,1776968100,long,0.022933213938377106,1,0,-0.15000000000000002,-0.07698758639943612
ETH,2026-04-26,1776969000,short,0.026581566905005904,1,0,-0.028000000000000025,0.0020866920735662063
BTC,2026-04-26,1776969900,long,0.02420549329060262,1,0,0.04700000000000004,0.047117313245289255
ETH,2026-04-25,1776969900,short,0.03433997184768689,1,0,-0.07999999999999996,-0.09131363702050406
ETH,2026-04-26,1776982500,long,0.022106600080840755,1,0,0.05900000000000005,0.07797098151386261
BTC,2026-04-24,1776987000,short,0.02219687787388047,2,1,0.4600000000000001,0.43624098410332834
ETH,2026-04-24,1776990600,short,0.03590866192689124,2,1,-0.36,-0.38871369333250744
ETH,2026-04-24,1776990600,long,0.041889380864346126,1,0,-0.24,-0.3105074665110593
BTC,2026-04-25,1776994200,long,0.023007455804547217,0,0,0.0,0.0
ETH,2026-04-25,1777002300,long,0.020213336619420152,0,0,0.0,0.0
BTC,2026-04-26,1777002300,short,0.020041356913652497,0,0,0.0,0.0
SOL,2026-04-26,1777003200,long,0.03966832301503098,0,0,0.0,0.0
SOL,2026-04-26,1777003200,short,0.03033167698496897,0,0,0.0,0.0
SOL,2026-04-26,1777003200,long,0.03966832301503098,0,0,0.0,0.0
SOL,2026-04-26,1777003200,short,0.03033167698496897,0,0,0.0,0.0
SOL,2026-04-24,1777003200,long,0.05293572028879012,0,0,0.0,0.0
BTC,2026-04-25,1777006800,short,0.02123183967346609,1,0,-0.15000000000000002,-0.19320961668071046
BTC,2026-04-24,1777008600,long,0.021602049673284718,2,1,-0.33999999999999997,-0.45741084191193726
XRP,2026-04-26,1777016700,short,0.0717461066607688,0,0,0.0,0.0
XRP,2026-04-25,1777016700,short,0.09250679307931434,0,0,0.0,0.0
ETH,2026-04-26,1777017600,long,0.020990058984849735,1,0,-0.07999999999999996,-0.005860374245723068
XRP,2026-04-26,1777018500,long,0.05330292887964316,0,0,0.0,0.0
XRP,2026-04-26,1777018500,short,0.10669707112035687,0,0,0.0,0.0
ETH,2026-04-25,1777018500,long,0.03349155366837686,0,0,0.0,0.0
ETH,2026-04-24,1777021200,long,0.024545929875409822,2,1,0.32000000000000006,0.2366314835678512
BTC,2026-04-24,1777025700,long,0.06697967694876827,2,1,0.31300000000000006,0.501683271807579
BTC,2026-04-25,1777028400,short,0.0575957410827741,2,1,0.42,0.3416522973090639
BTC,2026-04-26,1777028400,long,0.030011878377826262,2,1,-0.38,-0.356592260912967
ETH,2026-04-25,1777030200,long,0.02990106737999554,2,1,0.39,0.45550465858347566
BTC,2026-04-26,1777040100,long,0.03153852042997651,2,1,-0.10599999999999998,-0.0916316338402163
ETH,2026-04-27,1777047300,short,0.03183992014899106,1,0,0.20999999999999996,0.08106170966532464
ETH,2026-04-27,1777047300,short,0.030567596596342117,1,0,-0.08999999999999997,-0.18198007349083511
ETH,2026-04-27,1777047300,long,0.051889762391969185,1,0,0.20999999999999996,0.08106170966532464
ETH,2026-04-27,1777048200,long,0.023144332151213254,1,0,0.59,0.4087720479669411
ETH,2026-04-25,1777048200,short,0.020233537024372084,2,1,-0.39699999999999996,-0.4352295742028904
BTC,2026-04-26,1777048200,short,0.027070994837555595,2,1,-0.65,-0.6112534030369089
BTC,2026-04-27,1777049100,long,0.025507553947609507,2,1,-0.1499999999999999,-0.22579716315362724
ETH,2026-04-26,1777054500,long,0.02667886444175993,1,0,0.10999999999999999,0.1976343156563094
BTC,2026-04-26,1777060800,short,0.023125430336085273,2,1,0.49,0.44792913888445357
ETH,2026-04-26,1777063500,short,0.021117909485520503,0,0,0.0,0.0
BTC,2026-04-26,1777064400,long,0.03665042540441665,2,1,0.6300000000000001,0.5747710562666999
BTC,2026-04-27,1777067100,short,0.021741705473102058,1,0,-0.42,-0.26666739603983686
BTC,2026-04-27,1777071600,long,0.020254871311139677,2,1,-0.28,-0.21931822581245747
BTC,2026-04-25,1777081500,long,0.03368493390660254,1,0,0.22999999999999998,0.14163121181142513
BTC,2026-04-25,1777093200,short,0.06524000855215678,0,0,0.0,0.0
ETH,2026-04-26,1777109400,long,0.03149655133662166,0,0,0.0,0.0
BTC,2026-04-27,1777129200,long,0.022476069379592456,0,0,0.0,0.0
BTC,2026-04-26,1777131000,long,0.029622108560362514,0,0,0.0,0.0
BTC,2026-04-27,1777131000,short,0.025773253863270118,0,0,0.0,0.0
ETH,2026-04-27,1777133700,long,0.04031079304004259,0,0,0.0,0.0
BTC,2026-04-26,1777140900,long,0.020132595882010662,2,1,-0.10599999999999998,0.021492163426416383
ETH,2026-04-26,1777142700,short,0.028089720114636674,2,1,-0.39699999999999996,-0.1368820019449249
BTC,2026-04-28,1777143600,long,0.023398705180201818,1,0,-0.07000000000000006,-0.15563401631025842
BTC,2026-04-28,1777143600,short,0.02639902834981911,1,0,-0.07000000000000006,-0.15563401631025842
ETH,2026-04-27,1777146300,short,0.02119490004730684,1,0,0.13,0.04518608590658116
ETH,2026-04-26,1777150800,long,0.026117492382316643,1,0,0.013000000000000012,0.03571306645870967
BTC,2026-04-27,1777155300,short,0.022330832300732517,2,1,0.30000000000000004,0.2028380087087483
BTC,2026-04-26,1777155300,short,0.05826944808930201,1,0,-0.06000000000000005,0.019291945043905037
BTC,2026-04-26,1777158000,long,0.03649839300302804,2,1,0.708,0.5635851656366686
ETH,2026-04-28,1777161600,long,0.02282461629018684,0,0,0.0,0.0
BTC,2026-04-27,1777164300,long,0.02117946453153552,0,0,0.0,0.0
ETH,2026-04-28,1777177800,long,0.02567273603383957,0,0,0.0,0.0
ETH,2026-04-28,1777177800,short,0.024327263966160362,0,0,0.0,0.0
BTC,2026-04-26,1777183200,short,0.05657126517952882,0,0,0.0,0.0
BTC,2026-04-28,1777185000,long,0.022162581308031726,0,0,0.0,0.0
ETH,2026-04-28,1777217400,long,0.02050918468938434,1,0,-0.055,0.03417513299828962
ETH,2026-04-29,1777220100,long,0.02629695295625889,1,0,0.33000000000000007,0.09606506859138059
ETH,2026-04-28,1777220100,long,0.03759885852571898,1,0,0.29000000000000004,0.04993083976364762
ETH,2026-04-28,1777220100,short,0.034732295170392224,2,1,0.24000000000000005,0.07956247930621388
BTC,2026-04-29,1777220100,short,0.020877654366932008,1,0,0.22999999999999998,-0.017077664074123033
BTC,2026-04-29,1777220100,long,0.022987765024601536,1,0,0.51,0.17965030043389452
ETH,2026-04-29,1777221000,short,0.028912673593804117,0,0,0.0,0.0
ETH,2026-04-29,1777221900,short,0.02114329302105178,2,1,0.24000000000000007,0.11556506911451779
ETH,2026-04-27,1777221900,long,0.03315722644719221,1,0,0.20999999999999996,-0.10749503630344598
ETH,2026-04-29,1777227300,long,0.020978084730737034,0,0,0.0,0.0
ETH,2026-04-29,1777227300,short,0.0290219152692629,2,1,0.2899999999999999,0.13933981566745382
BTC,2026-04-27,1777227300,long,0.021385865374583757,2,1,0.59,0.3347631115002215
ETH,2026-04-29,1777228200,short,0.02074379930374637,1,0,0.73,0.4568804869113644
BTC,2026-04-27,1777230900,short,0.023675443425571485,2,1,0.11700000000000002,-0.07415575040646225
ETH,2026-04-29,1777230900,short,0.02325235022355454,0,0,0.0,0.0
ETH,2026-04-29,1777232700,long,0.023309814346374802,1,0,-0.11,0.060576806585691687
BTC,2026-04-28,1777233600,long,0.026316514105308553,2,1,0.68,0.500707418894007
ETH,2026-04-27,1777238100,short,0.03083342831427538,2,1,0.266,-0.18507996621830058
BTC,2026-04-27,1777250700,long,0.028593699252244864,1,0,0.18999999999999995,-0.23262127360797613
ETH,2026-04-28,1777251600,short,0.02030202083585464,1,0,-0.023,0.02252784100244863
BTC,2026-04-28,1777251600,short,0.02070428448999362,0,0,0.0,0.0
ETH,2026-04-29,1777251600,long,0.022387175177813967,0,0,0.0,0.0
BTC,2026-04-29,1777258800,short,0.025126221262836812,1,0,-0.68,-0.2226214662848478
BTC,2026-04-28,1777259700,long,0.022032444309632027,1,0,-0.34,0.24898570698020545
ETH,2026-04-28,1777266900,short,0.021934968786702203,1,0,-0.78,-0.46859342213262123
BTC,2026-04-27,1777266900,short,0.037530428626404655,2,1,-0.621,-0.08619756523793287
ETH,2026-04-28,1777266900,long,0.020037147257455867,1,0,-0.29000000000000004,0.10089346826160778
BTC,2026-04-29,1777266900,long,0.02649176390540897,1,0,-0.53,-0.12906736216622255
SOL,2026-04-29,1777266900,short,0.041304462132795594,0,0,0.0,0.0
SOL,2026-04-29,1777267800,long,0.020702690810518787,0,0,0.0,0.0
SOL,2026-04-29,1777267800,short,0.03029730918948137,0,0,0.0,0.0
BTC,2026-04-27,1777273200,short,0.03067632316186064,2,1,0.314,-0.008664558386993093
BTC,2026-04-28,1777281300,long,0.02493452817367081,2,1,-0.35000000000000003,-0.08893777464783487
SOL,2026-04-28,1777302900,long,0.05345100164260863,1,0,0.038000000000000034,0.06460710590484826
ETH,2026-04-28,1777303800,long,0.020607733664306016,2,1,0.41800000000000004,0.4297135029301335
ETH,2026-04-28,1777306500,short,0.022951935024802417,2,1,0.32699999999999996,0.33519117266960446
SOL,2026-04-30,1777306500,long,0.031558417320118215,0,0,0.0,0.0
ETH,2026-04-30,1777307400,long,0.028994811786442476,1,0,0.41999999999999993,0.38049878935989584
BTC,2026-04-29,1777307400,long,0.023872175065720036,2,1,-0.36,-0.3447129285146563
ETH,2026-04-30,1777308300,short,0.021577608327959186,1,0,-0.040000000000000036,-0.050270508720325985
BTC,2026-04-29,1777309200,short,0.03235923712953792,2,1,0.21000000000000002,0.14147759027697715
ETH,2026-04-30,1777309200,short,0.03454295388801265,0,0,0.0,0.0
SOL,2026-04-30,1777310100,long,0.029822493053752286,0,0,0.0,0.0
SOL,2026-04-30,1777310100,short,0.020177506946247703,0,0,0.0,0.0
ETH,2026-04-29,1777311000,short,0.023975827416332418,1,0,-0.024,-0.015892765485742734
ETH,2026-04-30,1777311900,long,0.022410265622093917,1,0,0.16000000000000003,0.103067007616504
ETH,2026-04-30,1777313700,long,0.026900668155740437,1,0,0.16000000000000003,0.1104457050725279
ETH,2026-04-30,1777313700,short,0.023099331844259496,1,0,-0.14,-0.09044570507252789
ETH,2026-04-30,1777313700,long,0.02984148723337654,0,0,0.0,0.0
ETH,2026-04-30,1777313700,short,0.020158512766623282,0,0,0.0,0.0
BTC,2026-04-28,1777325400,short,0.026619910319367057,2,1,0.18299999999999997,0.021478459839224556
ETH,2026-04-30,1777326300,long,0.022535375244524758,0,0,0.0,0.0
ETH,2026-04-30,1777326300,short,0.02046462475547528,1,0,0.16000000000000003,0.1029414190952734
BTC,2026-04-28,1777327200,long,0.03529700891166909,2,1,-0.21399999999999997,-0.3729032375560638
BTC,2026-04-28,1777329900,short,0.036347895371936,2,1,-0.39000000000000007,-0.3880950009963304
BTC,2026-04-30,1777330800,short,0.026438911210459715,1,0,-0.09799999999999998,-0.14688663370335672
BTC,2026-04-30,1777330800,long,0.023457856236352548,2,1,-0.23000000000000004,-0.1896785039698528
ETH,2026-04-29,1777334400,long,0.026932195876884446,0,0,0.0,0.0
ETH,2026-04-29,1777334400,short,0.032925924375900806,1,0,-0.07100000000000006,-0.14468917793681574
ETH,2026-04-28,1777334400,long,0.022416903134720778,2,1,-0.491,-0.3010653630102278
BTC,2026-04-28,1777337100,long,0.022272840374524705,2,1,0.4,0.18964346247832567
BTC,2026-04-29,1777353300,long,0.02116849960457179,2,1,-0.22999999999999998,-0.07820532625708915
ETH,2026-04-29,1777358700,long,0.02160907239696952,1,0,0.35,0.3410196715479551
BTC,2026-04-30,1777361400,long,0.023100044330827796,1,0,0.39,0.4206512335138254
ETH,2026-04-30,1777363200,long,0.021189605252811994,0,0,0.0,0.0
ETH,2026-04-29,1777364100,short,0.022545696594405418,2,1,0.38999999999999996,0.32211248208791654
BTC,2026-04-28,1777374000,short,0.030785851290224264,2,1,0.18899999999999995,0.4132355551070671
ETH,2026-04-29,1777374900,long,0.022623193488977567,1,0,0.08999999999999997,0.11226673373480497
BTC,2026-04-30,1777376700,long,0.020376842295075193,2,1,-0.09199999999999997,-0.08215656328167012
BTC,2026-04-29,1777380300,short,0.03820184097714874,2,1,-0.648,-0.5832072561202498
BTC,2026-04-30,1777380300,long,0.05709126799826181,2,1,0.71,0.7049042478059956
BTC,2026-04-30,1777380300,short,0.02290873200173804,1,0,-0.21000000000000002,-0.2277275517142967
BTC,2026-04-30,1777381200,long,0.03209000302546139,1,0,0.16100000000000003,0.15330993913102717
BTC,2026-04-30,1777381200,short,0.041909996974538344,1,0,0.44999999999999996,0.4370277731437667
BTC,2026-04-30,1777381200,short,0.024827956083923075,2,1,0.2,0.20648014192578026
BTC,2026-04-30,1777381200,long,0.02129745268418204,1,0,0.04200000000000004,0.03887924729455364
BTC,2026-04-30,1777381200,short,0.025702547315818003,2,1,0.132,0.12743069183647354
BTC,2026-05-01,1777392900,short,0.025438949840024705,2,1,0.30000000000000004,0.2073826202736409
ETH,2026-05-01,1777392900,long,0.030150292442953752,0,0,0.0,0.0
BTC,2026-05-01,1777392900,long,0.025768091948046967,2,1,-0.26,-0.34364668560213496
ETH,2026-05-01,1777392900,short,0.02050018997706171,0,0,0.0,0.0
BTC,2026-05-01,1777392900,long,0.025154751307521428,2,1,0.87,0.7184858228096488
BTC,2026-05-01,1777393800,long,0.021703530918598002,1,0,-0.20999999999999996,0.07294192847457481
BTC,2026-05-01,1777394700,long,0.02115872690045273,2,1,-0.26,-0.17031335575904408
ETH,2026-05-01,1777395600,long,0.021705977971386403,0,0,0.0,0.0
ETH,2026-04-30,1777395600,long,0.02061179789318035,1,0,0.43999999999999995,0.34148795869073223
ETH,2026-05-01,1777395600,short,0.021476600220404984,0,0,0.0,0.0
ETH,2026-05-01,1777398300,short,0.02406810691465633,0,0,0.0,0.0
ETH,2026-04-30,1777398300,long,0.029063127607534378,0,0,0.0,0.0
ETH,2026-05-01,1777399200,short,0.026826458816916476,1,0,-0.03200000000000003,-0.014514864719294533
BTC,2026-04-29,1777401900,long,0.028885086512943525,2,1,-0.4700000000000001,-0.41721545120393044
ETH,2026-05-01,1777403700,long,0.02089676611497948,0,0,0.0,0.0
ETH,2026-04-30,1777406400,short,0.020130046566937287,2,1,-0.58,-0.47663938025167685
BTC,2026-04-30,1777420800,short,0.0223910306092312,2,1,0.32099999999999995,0.31217892768194083
BTC,2026-04-29,1777428000,short,0.022026937051809026,2,1,0.62,0.5219695025247666
BTC,2026-04-29,1777428000,long,0.021712790057661246,2,1,0.744,0.5741954933230815
ETH,2026-04-29,1777429800,short,0.021271966201639847,1,0,-0.040000000000000036,-0.07132567355352232
ETH,2026-04-29,1777429800,long,0.026284317249842815,1,0,0.0050000000000000044,-0.003960228565744694
BTC,2026-05-01,1777434300,long,0.020355345403801683,2,1,-0.06399999999999996,-0.14227542341805915
SOL,2026-04-30,1777437900,long,0.028201761115359325,0,0,0.0,0.0
BTC,2026-05-01,1777437900,short,0.02098235277472693,1,0,0.62,0.428576754927107
SOL,2026-04-30,1777438800,long,0.023027748656451852,0,0,0.0,0.0
SOL,2026-04-30,1777438800,short,0.022972251343548432,1,0,-0.027000000000000024,-0.07625093494487398
ETH,2026-05-01,1777439700,long,0.021828984329752776,2,1,-0.13799999999999996,-0.10304236104549956
ETH,2026-04-30,1777441500,short,0.023975596269606103,1,0,-0.14,0.06406381697159122
SOL,2026-05-01,1777444200,short,0.0659876114282169,1,0,-0.049,-0.03737954422409993
SOL,2026-05-01,1777444200,long,0.06101238857178304,0,0,0.0,0.0
SOL,2026-05-01,1777444200,short,0.0659876114282169,1,0,-0.049,-0.03737954422409993
SOL,2026-05-01,1777444200,long,0.06101238857178304,0,0,0.0,0.0
BTC,2026-04-30,1777451400,long,0.02573294132753068,2,1,0.5700000000000001,0.5577986326973992
XRP,2026-04-30,1777454100,long,0.06996543343165307,0,0,0.0,0.0
XRP,2026-05-01,1777454100,long,0.048808917161625054,1,0,0.040000000000000036,0.04281951964422039
XRP,2026-05-01,1777454100,long,0.09531566667539759,0,0,0.0,0.0
XRP,2026-04-30,1777454100,long,0.04038829385008813,1,0,-0.41000000000000003,-0.15164598452374012
BTC,2026-04-29,1777456800,short,0.022301707744678656,2,1,0.31699999999999995,-0.5992366698604628
BTC,2026-05-01,1777456800,short,0.03082572558258112,2,1,0.13200000000000003,0.19738799856729666
BTC,2026-04-30,1777457700,long,0.02135981481034488,2,1,-0.338,-0.13751181047805244
ETH,2026-04-30,1777459500,short,0.022065198091312244,1,0,-0.024,0.016380363953692446
XRP,2026-05-01,1777462200,long,0.048943266732622615,0,0,0.0,0.0
XRP,2026-05-01,1777462200,short,0.04105673326737741,0,0,0.0,0.0
BTC,2026-04-30,1777479300,long,0.02093307988256954,2,1,-0.07499999999999996,-0.03988767922861941
ETH,2026-05-02,1777479300,short,0.03670421122407075,2,1,-0.67,-0.602157194411406
ETH,2026-05-01,1777479300,short,0.03112473889422185,2,1,-0.67,-0.5727119635953303
SOL,2026-05-02,1777479300,short,0.05150115441821915,0,0,0.0,0.0
ETH,2026-05-01,1777479300,long,0.05098880562518926,2,1,-0.42000000000000015,-0.36950140879413845
ETH,2026-05-02,1777479300,long,0.041287643228200555,2,1,-0.3700000000000001,-0.337378998159201
ETH,2026-05-02,1777480200,long,0.022288089854760385,1,0,0.04800000000000004,0.010854504867216619
SOL,2026-05-02,1777480200,short,0.029352190297131125,0,0,0.0,0.0
SOL,2026-05-02,1777480200,long,0.03364780970286896,1,0,0.19999999999999996,0.13916708820142737
XRP,2026-05-02,1777482000,short,0.02157354819475521,1,0,-0.25,-0.41364369967610554
ETH,2026-04-30,1777482000,long,0.031072199559244007,2,1,0.42900000000000005,0.4249517272429532
BTC,2026-05-02,1777482900,long,0.02471826669043753,1,0,0.52,0.11488852621295365
ETH,2026-05-02,1777482900,short,0.024376900329328155,1,0,0.24,0.11637766672654358
XRP,2026-05-02,1777484700,long,0.025826229300535797,0,0,0.0,0.0
ETH,2026-05-02,1777484700,long,0.02400258388140908,1,0,0.62,0.4900957645121665
ETH,2026-05-02,1777485600,short,0.02887530454977738,1,0,0.6,0.4983337444714223
ETH,2026-04-30,1777485600,long,0.02015256300555479,2,1,-0.316,-0.2292629446435483
BTC,2026-05-01,1777485600,long,0.03284546584031056,1,0,0.49,0.07292145516554521
ETH,2026-05-01,1777485600,long,0.022987824044137684,1,0,0.61,0.48394608316433635
BTC,2026-04-30,1777486500,short,0.05379234379762032,2,1,0.251,0.08930665452795788
BTC,2026-05-02,1777486500,long,0.027375315178865156,2,1,-0.30000000000000004,-0.2518450461254303
BTC,2026-04-30,1777486500,long,0.05039120988933976,2,1,-0.42799999999999994,-0.38742057190074913
ETH,2026-05-01,1777487400,short,0.023602039384767237,1,0,-0.07899999999999996,0.03790251054024535
ETH,2026-04-30,1777487400,short,0.040491298710274126,2,1,0.31299999999999994,0.15258001208478858
BTC,2026-05-01,1777488300,long,0.024755139207885968,1,0,-0.61,-0.05825782550396841
ETH,2026-04-30,1777488300,long,0.03075933306639156,1,0,-0.32699999999999996,-0.07557385102118513
BTC,2026-05-02,1777488300,short,0.021915475984255584,2,1,-0.892,-0.7028163065958588
BTC,2026-05-01,1777488300,long,0.026014450158766245,1,0,-0.27,0.2067979636805286
BTC,2026-05-01,1777491900,short,0.0204310053686646,1,0,-0.24,0.18842888921155115
XRP,2026-04-30,1777491900,short,0.03363818511232522,0,0,0.0,0.0
XRP,2026-04-30,1777491900,long,0.11236181488767483,0,0,0.0,0.0
ETH,2026-05-01,1777491900,long,0.029385201382394754,2,1,-0.268,-0.034214865145500845
ETH,2026-05-02,1777491900,long,0.02012937069598575,2,1,-0.051999999999999935,0.04089608380288383
BTC,2026-05-02,1777491900,long,0.0267179272201421,1,0,-0.26,0.13177854420177193
ETH,2026-05-02,1777492800,short,0.022345545997679017,1,0,-0.06300000000000006,0.06372881226478139
ETH,2026-05-02,1777492800,long,0.03465445400232103,0,0,0.0,0.0
ETH,2026-05-01,1777492800,short,0.03480000334167038,1,0,-0.29000000000000004,0.04220535570705103
ETH,2026-05-01,1777492800,long,0.025199996658329393,1,0,-0.77,-0.5100590955489852
BTC,2026-05-02,1777492800,short,0.02650920634429832,1,0,-0.06800000000000006,0.11534817045845497
ETH,2026-05-02,1777492800,short,0.022345545997679017,1,0,-0.06300000000000006,0.06372881226478139
ETH,2026-05-02,1777492800,long,0.03465445400232103,0,0,0.0,0.0
ETH,2026-04-30,1777494600,short,0.02393746889064019,1,0,-0.18700000000000006,-0.04629574556870067
BTC,2026-05-01,1777494600,long,0.02241329350621646,2,1,0.896,0.6702547318451902
BTC,2026-05-02,1777496400,short,0.020903485146795298,2,1,0.32000000000000006,0.22082285663637957
BTC,2026-05-02,1777497300,long,0.02590068676376789,1,0,0.041000000000000036,0.13861726649040124
BTC,2026-04-30,1777505400,short,0.023810360694962784,2,1,-0.6010000000000001,-0.4400251073625733
BTC,2026-04-30,1777516200,short,0.07797923287547376,2,1,0.505,0.4109564741703847
BTC,2026-05-02,1777524300,short,0.03492379185252392,2,1,0.29999999999999993,0.5562359557725101
BTC,2026-05-01,1777524300,short,0.020499572409804823,2,1,0.29999999999999993,0.675571223668459
BTC,2026-05-01,1777547700,short,0.03524536003668477,2,1,-0.893,-0.646838495040688
BTC,2026-04-30,1777554000,long,0.02411946287366895,2,1,0.30500000000000005,0.215317282600397
ETH,2026-05-01,1777565700,long,0.03485768255732635,1,0,0.10999999999999999,-0.03982148020375406
ETH,2026-05-02,1777565700,long,0.02439051774264578,1,0,0.16000000000000003,0.004854313778901026
BTC,2026-05-03,1777566600,long,0.025746493082182464,2,1,-0.08799999999999997,0.07016464626510838
ETH,2026-05-03,1777566600,long,0.03493290051209863,2,1,-0.47,-0.4159397569950775
ETH,2026-05-02,1777566600,long,0.023779769634191705,1,0,-0.15000000000000002,0.026655828715282187
ETH,2026-05-02,1777566600,short,0.02294881885295985,1,0,-0.71,-0.4784042234142431
ETH,2026-05-03,1777566600,short,0.030704816685023117,1,0,-0.6799999999999999,-0.3822614543231228
BTC,2026-05-03,1777568400,long,0.03485624650966446,2,1,-0.30000000000000004,-0.09618490023302079
BTC,2026-05-03,1777568400,short,0.026837236827780386,2,1,0.38,0.516168680927433
BTC,2026-05-03,1777568400,short,0.022366476948982417,2,1,-0.8500000000000001,-0.6323958030707546
ETH,2026-05-02,1777572900,long,0.0327904323235213,1,0,-0.74,-0.48986196039846713
ETH,2026-05-02,1777572900,short,0.02720956767647853,1,0,-0.16000000000000003,0.055401626577712554
BTC,2026-05-02,1777572900,long,0.03555091378757269,2,1,-0.32000000000000006,-0.05625565164465368
BTC,2026-05-01,1777575600,long,0.033104930212352945,2,1,-0.33999999999999997,0.18644932138191406
ETH,2026-05-03,1777579200,long,0.020046384868612765,1,0,-0.18000000000000005,0.07328005983108471
BTC,2026-05-03,1777580100,long,0.021083942512201803,2,1,-0.3600000000000001,-0.4630395606724092
ETH,2026-05-02,1777587300,long,0.021016584659786286,0,0,0.0,0.0
BTC,2026-05-01,1777590900,long,0.03187237626255124,1,0,-0.94,-0.7147807709348784
ETH,2026-05-03,1777592700,long,0.031082163177298394,1,0,0.04200000000000004,0.11825730553226643
XRP,2026-05-03,1777601700,short,0.07087785716284045,0,0,0.0,0.0
ETH,2026-05-03,1777601700,short,0.05860503650632759,1,0,-0.14,0.07662810349390275
SOL,2026-05-03,1777607100,long,0.08954774083405703,1,0,0.14,0.12718784376506098
SOL,2026-05-03,1777607100,short,0.029452259165942768,2,1,-0.09700000000000006,-0.08914754889865045
SOL,2026-05-03,1777607100,long,0.08954774083405703,1,0,0.14,0.12718784376506098
SOL,2026-05-03,1777607100,short,0.029452259165942768,2,1,-0.09700000000000006,-0.08914754889865045
BTC,2026-05-02,1777608000,short,0.02367387787994768,2,1,-0.756,-0.5426551533225106
XRP,2026-05-01,1777609800,long,0.10811666056888858,0,0,0.0,0.0
BTC,2026-05-02,1777631400,short,0.020567183624795926,2,1,0.62,0.5016528344507807
BTC,2026-05-02,1777636800,long,0.026764883509742265,2,1,-0.59,-0.43336935712548397
BTC,2026-05-01,1777641300,long,0.061665004255463174,2,1,0.267,0.1371628930724097
BTC,2026-05-03,1777644000,short,0.030100171163700562,2,1,0.18299999999999997,0.17387611228435906
ETH,2026-05-03,1777644000,long,0.028301841157949426,1,0,0.030000000000000027,0.014158392658270652
BTC,2026-05-02,1777644000,long,0.03953614499085156,2,1,0.42900000000000005,0.4519271129468814
SOL,2026-05-04,1777652100,short,0.030767179002991002,2,1,-0.09600000000000006,-0.08979903142678498
SOL,2026-05-04,1777652100,long,0.0852328209970088,0,0,0.0,0.0
SOL,2026-05-04,1777652100,short,0.030767179002991002,2,1,-0.09600000000000006,-0.08979903142678498
SOL,2026-05-04,1777652100,long,0.0852328209970088,0,0,0.0,0.0
ETH,2026-05-04,1777652100,short,0.02844897643112565,0,0,0.0,0.0
ETH,2026-05-04,1777652100,long,0.04725949338607438,0,0,0.0,0.0
ETH,2026-05-03,1777653000,short,0.031246118819933333,1,0,-0.032,-0.07189957519002815
ETH,2026-05-03,1777653000,long,0.046753881180066736,1,0,0.06000000000000005,0.0998995751900282
ETH,2026-05-02,1777653000,short,0.03570405618980921,2,1,-0.44100000000000006,-0.3939932088030745
ETH,2026-05-02,1777653000,long,0.05629594381019065,1,0,0.49,0.43892807775007125
ETH,2026-05-03,1777653000,long,0.04375156681985981,1,0,0.050000000000000044,0.005319060923055105
ETH,2026-05-03,1777653000,short,0.025248433180139918,1,0,-0.031000000000000028,0.013680939076944912
BTC,2026-05-03,1777653900,long,0.0236597555418554,2,1,-0.039000000000000035,-0.006294808354536746
BTC,2026-05-04,1777654800,short,0.03627568156452454,2,1,-0.8430000000000001,-0.6693855431731777
XRP,2026-05-04,1777654800,long,0.036708942349939155,0,0,0.0,0.0
XRP,2026-05-04,1777654800,short,0.08329105765006062,1,0,-0.4,-0.4579660626806346
XRP,2026-05-04,1777654800,long,0.036708942349939155,0,0,0.0,0.0
XRP,2026-05-04,1777654800,short,0.08329105765006062,1,0,-0.4,-0.4579660626806346
BTC,2026-05-04,1777654800,long,0.02152471301828207,2,1,-0.33000000000000007,-0.13436697626380598
BTC,2026-05-03,1777656600,short,0.02232805956241468,2,1,0.368,0.28381105267800316
BTC,2026-05-03,1777658400,long,0.02008694876789452,2,1,-0.09899999999999999,-0.11634951660652917
BTC,2026-05-04,1777658400,long,0.02333850548262717,2,1,-0.41000000000000003,-0.4817735220622342
BTC,2026-05-03,1777658400,short,0.030984628700954975,1,0,-0.11,-0.1307268845518712
BTC,2026-05-04,1777662000,short,0.047229272737799755,2,1,0.44999999999999996,0.5538864292504757
BTC,2026-05-04,1777662000,long,0.020662623154714232,1,0,0.015000000000000013,-0.026897643361376684
BTC,2026-05-04,1777665600,long,0.02251780339112397,2,1,0.867,0.6999112344079779
BTC,2026-05-04,1777667400,short,0.027989243661283858,2,1,0.37,0.16226392623135275
ETH,2026-05-04,1777667400,long,0.021813165461851636,1,0,0.06999999999999995,-0.044647162073315275
ETH,2026-05-02,1777669200,long,0.02411231295586802,1,0,-0.72,-0.4402388930965497
BTC,2026-05-03,1777670100,long,0.043650836544829597,2,1,0.561,0.3764275824326928
BTC,2026-05-03,1777679100,long,0.02041260211423679,2,1,-0.397,-0.2362129153119363
ETH,2026-05-03,1777691700,short,0.024637116925252833,1,0,-0.02100000000000002,0.01642118832443403
ETH,2026-05-03,1777695300,long,0.0328048925942559,1,0,0.027000000000000024,0.049323108548298245
ETH,2026-05-04,1777718700,short,0.02071667232583102,1,0,-0.04,-0.12836579190920844
ETH,2026-05-04,1777737600,long,0.02324272989718046,0,0,0.0,0.0
ETH,2026-05-04,1777738500,long,0.021333433365761767,0,0,0.0,0.0
ETH,2026-05-05,1777739400,long,0.021042998808673774,0,0,0.0,0.0
ETH,2026-05-03,1777739400,short,0.02761397387973008,2,1,-0.376,-0.1691563575021676
BTC,2026-05-05,1777740300,short,0.02506157821112831,1,0,-0.052000000000000005,-0.19436987184372861
BTC,2026-05-05,1777740300,long,0.030571294761979173,1,0,0.4,-0.21552773838694061
ETH,2026-05-05,1777741200,long,0.02075779021694668,0,0,0.0,0.0
ETH,2026-05-05,1777743900,short,0.028178254140979853,1,0,-0.07000000000000006,0.08650850789383241
BTC,2026-05-04,1777744800,long,0.022749055521513073,2,1,-0.49,-0.6988997244531119
ETH,2026-05-04,1777745700,long,0.032135969974720124,1,0,-0.43000000000000005,-0.1211724930878853
ETH,2026-05-04,1777745700,short,0.022864030025279924,1,0,-0.03400000000000003,0.04104789467756263
BTC,2026-05-03,1777747500,short,0.024298703273927413,2,1,-0.316,-0.23806040953917768
ETH,2026-05-05,1777750200,long,0.02632844790250677,0,0,0.0,0.0
ETH,2026-05-05,1777750200,short,0.023671552097493054,1,0,-0.42000000000000004,-0.08353696957719459
BTC,2026-05-05,1777750200,short,0.02214863845157755,2,1,0.30000000000000004,-0.0008578636480549573
ETH,2026-05-04,1777755600,long,0.022194288416019337,1,0,-0.4,-0.12263670190411535
BTC,2026-05-04,1777761000,short,0.02098251387209693,2,1,0.2859999999999999,0.034752007938874174
BTC,2026-05-05,1777763700,long,0.020115025530229813,1,0,0.73,0.2890699669246569
ETH,2026-05-05,1777764600,short,0.023160893374460922,0,0,0.0,0.0
BTC,2026-05-03,1777769100,long,0.03337959780038702,2,1,-0.16800000000000004,-0.1521190083504613
BTC,2026-05-04,1777792500,short,0.02598771373585662,2,1,0.49,0.6910826387572964
BTC,2026-05-04,1777792500,long,0.0223929963034879,2,1,-0.3370000000000001,-0.03206335561182233
BTC,2026-05-05,1777795200,long,0.02078015598273142,2,1,-0.08599999999999997,0.12220184625877814
BTC,2026-05-04,1777795200,short,0.023022611315930308,2,1,-0.891,-0.6850415360767395
BTC,2026-05-05,1777796100,long,0.026966639363735112,2,1,-0.30000000000000004,-0.001823388272786719
ETH,2026-05-04,1777806900,short,0.024443350348861748,1,0,-0.37,-0.08655880765886553
ETH,2026-05-05,1777824000,long,0.03564083667042639,0,0,0.0,0.0
ETH,2026-05-06,1777824900,short,0.032994837620042405,0,0,0.0,0.0
ETH,2026-05-06,1777824900,long,0.04666605520418465,0,0,0.0,0.0
ETH,2026-05-06,1777825800,long,0.022196344237099153,0,0,0.0,0.0
ETH,2026-05-05,1777825800,long,0.03229804695944716,1,0,-0.32000000000000006,-0.04374010379548571
BTC,2026-05-05,1777826700,long,0.02116700814624073,2,1,-0.39,-0.46028990533921577
ETH,2026-05-05,1777827600,long,0.0400190699076437,0,0,0.0,0.0
ETH,2026-05-06,1777829400,short,0.028266795403291467,0,0,0.0,0.0
ETH,2026-05-06,1777829400,long,0.021733204596708466,0,0,0.0,0.0
ETH,2026-05-04,1777829400,long,0.026511897580330235,2,1,0.33899999999999997,0.2755994941797356
ETH,2026-05-06,1777829400,long,0.03243083024602811,0,0,0.0,0.0
ETH,2026-05-06,1777829400,short,0.027569169753971945,0,0,0.0,0.0
ETH,2026-05-05,1777830300,long,0.027620528340888795,1,0,-0.16,-0.33007497725201473
BTC,2026-05-04,1777831200,long,0.046261435271560014,2,1,-0.52,-0.6109365640083392
BTC,2026-05-06,1777835700,short,0.025483490177165113,2,1,0.26,0.06128956227706561
BTC,2026-05-05,1777836600,short,0.044356695433355964,1,0,-0.07000000000000006,0.16400214440414448
BTC,2026-05-06,1777840200,short,0.023036761062897204,2,1,0.36,0.36982552546191344
ETH,2026-05-06,1777842000,short,0.025382143809947855,2,1,0.30999999999999994,0.24014167359958916
ETH,2026-05-05,1777843800,short,0.0206579976845912,2,1,-0.4600000000000001,-0.369905669073721
BTC,2026-05-06,1777844700,long,0.026300292190006402,2,1,0.8029999999999999,0.5712759463208879
BTC,2026-05-05,1777845600,short,0.025862535770461714,2,1,-0.7819999999999999,-0.4743912423544776
ETH,2026-05-04,1777848300,short,0.02933838086071383,2,1,0.12500000000000003,0.14884402694322552
BTC,2026-05-06,1777851000,long,0.02653878329074222,1,0,-0.7,-0.27158011895476525
ETH,2026-05-06,1777858200,long,0.027805782137655166,1,0,0.049000000000000044,0.0753072724391561
ETH,2026-05-06,1777858200,short,0.0491942178623449,1,0,-0.35,-0.18684028513871
ETH,2026-05-06,1777858200,long,0.027805782137655166,1,0,0.049000000000000044,0.0753072724391561
ETH,2026-05-06,1777858200,short,0.0491942178623449,1,0,-0.35,-0.18684028513871
ETH,2026-05-05,1777860000,short,0.02666433158803372,2,1,0.229,0.33933980983129935
SOL,2026-05-06,1777860900,short,0.025957228174953093,0,0,0.0,0.0
SOL,2026-05-06,1777860900,long,0.03404277182504689,1,0,0.06999999999999995,-0.07548282729145975
SOL,2026-05-06,1777860900,short,0.025957228174953093,0,0,0.0,0.0
SOL,2026-05-06,1777860900,long,0.03404277182504689,1,0,0.06999999999999995,-0.07548282729145975
BTC,2026-05-06,1777860900,short,0.027957282614808565,2,1,0.15099999999999997,0.2694242429006301
BTC,2026-05-05,1777862700,long,0.04162420892531382,2,1,0.6679999999999999,0.5724629548976781
ETH,2026-05-06,1777863600,short,0.022845259586409594,0,0,0.0,0.0
BTC,2026-05-05,1777863600,short,0.03126214924741921,2,1,0.15399999999999994,0.2744696267987141
BTC,2026-05-04,1777864500,long,0.03010089055885312,2,1,0.5,0.5517057433968804
SOL,2026-05-05,1777865400,long,0.028421330029738456,1,0,0.04300000000000004,0.03968363153716807
ETH,2026-05-05,1777889700,short,0.024832171720449492,1,0,-0.040000000000000036,0.01726013899459925
BTC,2026-05-04,1777889700,short,0.05337064222544141,2,1,0.18899999999999995,-0.22573122180023347
ETH,2026-05-04,1777890600,short,0.050268303982855644,1,0,-0.02100000000000002,-0.020676697636727
BTC,2026-05-04,1777891500,short,0.052130961751241545,2,1,-0.885,-0.6769761485314885
BTC,2026-05-06,1777904100,short,0.02883909148799202,1,0,-0.6799999999999999,-0.23916855354763628
ETH,2026-05-05,1777904100,long,0.05936755120506576,2,1,0.21299999999999997,0.3471181480948827
BTC,2026-05-06,1777904100,long,0.020662840485075495,1,0,-0.31000000000000005,0.1372358364143943
BTC,2026-05-06,1777906800,long,0.02085339944025577,2,1,-0.14399999999999996,-0.2659151188147218
SOL,2026-05-07,1777911300,short,0.026958878009842258,0,0,0.0,0.0
SOL,2026-05-07,1777911300,long,0.05304112199015787,0,0,0.0,0.0
ETH,2026-05-06,1777911300,long,0.03819103177540972,1,0,0.24,0.30619773164833947
SOL,2026-05-07,1777911300,short,0.026958878009842258,0,0,0.0,0.0
SOL,2026-05-07,1777911300,long,0.05304112199015787,0,0,0.0,0.0
ETH,2026-05-07,1777911300,long,0.03195962883074044,1,0,0.07999999999999996,0.018718243405500483
ETH,2026-05-06,1777911300,short,0.023803726700642125,2,1,0.204,0.25250761615004375
BTC,2026-05-07,1777911300,long,0.021781113782720407,1,0,0.19999999999999996,0.21350579334006864
ETH,2026-05-07,1777911300,long,0.04169372984496755,0,0,0.0,0.0
ETH,2026-05-07,1777911300,short,0.031328554161172195,0,0,0.0,0.0
ETH,2026-05-05,1777914000,long,0.022341049615235642,2,1,0.38,0.39812305753116634
ETH,2026-05-07,1777914900,short,0.020842538059069993,0,0,0.0,0.0
BTC,2026-05-07,1777915800,short,0.02406460399515764,2,1,0.20000000000000004,0.16425466170889932
ETH,2026-05-07,1777915800,long,0.022082943255357534,1,0,0.76,0.5254066940797983
BTC,2026-05-07,1777917600,short,0.030274248811898996,2,1,-0.7300000000000001,-0.7065838218586538
BTC,2026-05-07,1777918500,long,0.03930116886035728,1,0,-0.26,-0.1948204257068747
BTC,2026-05-07,1777920300,short,0.0250974115969419,2,1,0.1499999999999999,0.1668597388163027
ETH,2026-05-07,1777923000,long,0.04226085803434354,0,0,0.0,0.0
ETH,2026-05-07,1777923000,short,0.027739141965656522,0,0,0.0,0.0
ETH,2026-05-06,1777923000,long,0.020681551173155954,1,0,-0.20999999999999996,-0.20466791412798532
ETH,2026-05-06,1777923900,short,0.022141109407848636,1,0,-0.21999999999999997,-0.20964992356501877
ETH,2026-05-06,1777923900,long,0.02785889059215152,2,1,0.53,0.5309191840127024
BTC,2026-05-05,1777923900,short,0.02782153449843916,2,1,0.09399999999999997,-0.0472166291863968
BTC,2026-05-06,1777934700,short,0.020216467333108112,2,1,0.33999999999999997,0.21851919034005762
BTC,2026-05-06,1777938300,long,0.02254261999133189,1,0,-0.53,-0.1622192645596594
BTC,2026-05-05,1777938300,long,0.022897898352604473,2,1,-0.4800000000000001,-0.1619200872460671
ETH,2026-05-05,1777941000,long,0.02133854234155419,2,1,-0.127,0.0331093758454159
ETH,2026-05-06,1777941900,long,0.020336121561193687,1,0,0.04500000000000004,0.048905290888694615
ETH,2026-05-07,1777943700,long,0.024968923230423767,0,0,0.0,0.0
ETH,2026-05-07,1777947300,long,0.02684159137329223,0,0,0.0,0.0
BTC,2026-05-05,1777950000,long,0.022878929288926875,2,1,0.44199999999999995,0.2987635812881708
BTC,2026-05-06,1777952700,long,0.02041596543874391,2,1,0.614,0.6064808894273112
ETH,2026-05-05,1777955400,short,0.033811105775156114,2,1,0.30800000000000005,0.31790964969806096
ETH,2026-05-07,1777959900,short,0.02427479538960542,1,0,-0.020999999999999998,0.0398895279080345
BTC,2026-05-07,1777962600,short,0.020253968538612277,2,1,0.08399999999999999,0.04152429397521723
BTC,2026-05-05,1777971600,short,0.026549839805197095,2,1,0.18599999999999994,-0.021160698813835005
ETH,2026-05-07,1777977900,long,0.03179660056394984,1,0,0.09999999999999998,-0.05553459097411642
ETH,2026-05-06,1777977900,long,0.03202530750973365,2,1,0.17199999999999993,0.20030285195504602
BTC,2026-05-05,1777981500,short,0.04319606135895626,2,1,0.10700000000000001,0.2069635798415119
ETH,2026-05-08,1777997700,long,0.02518591475899945,1,0,-0.4,-0.07061830949493025
BTC,2026-05-08,1777997700,long,0.023124931108301494,1,0,0.29000000000000004,0.45215342039589895
ETH,2026-05-07,1777997700,short,0.025207554718953862,0,0,0.0,0.0
ETH,2026-05-07,1777997700,long,0.03479244528104597,0,0,0.0,0.0
ETH,2026-05-07,1777997700,long,0.027184650143124767,1,0,0.08999999999999997,-0.07741543066105297
ETH,2026-05-08,1777997700,long,0.0356309923227236,1,0,0.42999999999999994,0.10061830949493017
ETH,2026-05-08,1777997700,short,0.024369007677276233,1,0,-0.4,-0.07061830949493025
ETH,2026-05-08,1777997700,long,0.03478007154154428,0,0,0.0,0.0
SOL,2026-05-07,1777997700,long,0.048202557320950135,0,0,0.0,0.0
ETH,2026-05-08,1777997700,long,0.0356309923227236,1,0,0.42999999999999994,0.10061830949493017
ETH,2026-05-08,1777997700,short,0.024369007677276233,1,0,-0.4,-0.07061830949493025
BTC,2026-05-08,1777998600,long,0.030436444243625127,2,1,-0.039999999999999925,-0.09048924262357799
BTC,2026-05-08,1777998600,short,0.0266850369513556,2,1,0.22000000000000008,0.2946669616921033
SOL,2026-05-07,1777999500,short,0.021858892227481747,1,0,-0.030000000000000027,0.08949761065947581
SOL,2026-05-07,1777999500,long,0.0251411077725181,1,0,0.06000000000000005,0.16571419897519712
ETH,2026-05-08,1777999500,short,0.022639338624345973,1,0,-0.023,0.016684435326826147
ETH,2026-05-06,1777999500,short,0.03265521571191843,2,1,0.215,0.19834120720995244
ETH,2026-05-08,1777999500,short,0.024401106833691122,2,1,0.27,0.13460092337744822
ETH,2026-05-06,1777999500,long,0.022278508588211343,2,1,0.35,0.3436724661991744
BTC,2026-05-07,1777999500,long,0.024942852164888674,2,1,-0.36,-0.36418013146848616
ETH,2026-05-07,1778001300,short,0.022773427848832295,1,0,-0.060000000000000005,0.05111918023767862
ETH,2026-05-08,1778002200,long,0.037597620180968905,0,0,0.0,0.0
ETH,2026-05-07,1778002200,short,0.021608898232538365,2,1,0.7699999999999999,0.6164930793424411
SOL,2026-05-08,1778011200,long,0.05507919068153866,0,0,0.0,0.0
SOL,2026-05-08,1778012100,short,0.3528948035873727,1,0,-0.030000000000000027,0.05957234682268468
ETH,2026-05-07,1778016600,long,0.020581092076103147,0,0,0.0,0.0
ETH,2026-05-07,1778016600,short,0.021070252602985062,0,0,0.0,0.0
BTC,2026-05-08,1778023800,long,0.020817585698737373,2,1,-0.201,-0.1518622036027374
BTC,2026-05-07,1778039100,short,0.020905003731609306,1,0,-0.09699999999999999,0.06177161839437982
BTC,2026-05-06,1778058900,long,0.0317341206146573,2,1,0.44300000000000006,0.3877202721152704
BTC,2026-05-06,1778060700,long,0.027625506330672067,2,1,-0.46799999999999997,-0.3024416224972766
ETH,2026-05-06,1778060700,short,0.04361358408811555,2,1,-0.665,0.007176588426796249
ETH,2026-05-06,1778060700,long,0.08519649564535303,2,1,-0.615,0.007961059501927825
BTC,2026-05-07,1778069700,short,0.02484344197565813,2,1,0.13500000000000004,-0.09991521874561199
BTC,2026-05-07,1778075100,short,0.02085853550090666,2,1,0.42,0.6349920544105098
ETH,2026-05-08,1778076000,long,0.022960486644300948,2,1,0.849,0.6544851807019392
ETH,2026-05-08,1778076000,short,0.06403951335569913,1,0,-0.02200000000000002,-0.08189755534328391
BTC,2026-05-08,1778076900,short,0.020379543113923648,2,1,0.2819999999999999,0.18829871862086284
XRP,2026-05-08,1778076900,long,0.11989381757333462,0,0,0.0,0.0
XRP,2026-05-08,1778077800,short,0.08681111472084896,1,0,-0.038,0.02895497596503053
BTC,2026-05-08,1778077800,long,0.021202771875460602,2,1,-0.16199999999999992,-0.278852462553666
XRP,2026-05-08,1778078700,short,0.037863080490016764,0,0,0.0,0.0
XRP,2026-05-08,1778078700,long,0.04213691950998344,1,0,0.06000000000000005,-0.03565668252658977
XRP,2026-05-08,1778078700,short,0.037863080490016764,0,0,0.0,0.0
XRP,2026-05-08,1778078700,long,0.04213691950998344,1,0,0.06000000000000005,-0.03565668252658977
BTC,2026-05-08,1778078700,short,0.020277505676382424,1,0,-0.058,0.013390331352408573
ETH,2026-05-07,1778084100,long,0.0393124934543716,2,1,-0.19799999999999998,0.12799554102714542
ETH,2026-05-09,1778084100,short,0.03986810896368398,1,0,-0.33,-0.15811914303623056
ETH,2026-05-09,1778084100,long,0.033686936589815364,1,0,-0.33,-0.15811914303623056
ETH,2026-05-08,1778084100,long,0.059426570938311496,1,0,-0.31,-0.008200511917025033
ETH,2026-05-09,1778084100,short,0.028218268878522745,2,1,0.21899999999999997,0.31594148126029786
ETH,2026-05-08,1778084100,short,0.027946381094440476,2,1,0.49999999999999994,0.549613772822472
XRP,2026-05-09,1778085000,short,0.13668157401742048,2,1,-0.35000000000000003,-0.38279626902469754
ETH,2026-05-08,1778085000,long,0.031638932268829745,2,1,0.8230000000000001,0.6526169431322008
ETH,2026-05-07,1778085000,long,0.02945594364850357,2,1,-0.6220000000000001,-0.632939535946549
ETH,2026-05-09,1778085000,short,0.020624595985788474,0,0,0.0,0.0
ETH,2026-05-09,1778085000,long,0.02037540401421145,1,0,-0.3,-0.176478556549384
ETH,2026-05-08,1778085000,short,0.023296601694621888,2,1,0.51,0.5115444516234433
ETH,2026-05-08,1778085000,long,0.026703398305378157,1,0,-0.75,-0.5169154610318902
BTC,2026-05-08,1778085000,short,0.020932461506284694,2,1,0.18999999999999995,0.3040020247216811
ETH,2026-05-08,1778086800,short,0.02686525985786803,1,0,-0.05,0.03963988578195392
ETH,2026-05-09,1778086800,long,0.027714353903992794,1,0,-0.25,-0.39235097453304346
BTC,2026-05-08,1778090400,long,0.0236698259735868,2,1,0.6499999999999999,0.6061560225520655
BTC,2026-05-07,1778091300,long,0.02017553649657966,2,1,-0.52,-0.7046869751836736
ETH,2026-05-08,1778091300,long,0.04263256990269948,1,0,0.26,0.0336863711969245
BTC,2026-05-09,1778094000,short,0.023378548607013383,2,1,0.20399999999999996,0.26076039640225146
BTC,2026-05-09,1778094000,short,0.02425278533930275,2,1,-0.66,-0.6445008231307965
BTC,2026-05-09,1778094900,long,0.02144876116655592,1,0,0.11699999999999999,0.05401120458005593
ETH,2026-05-09,1778098500,long,0.02037246332779641,1,0,0.050000000000000044,0.0931852573064205
ETH,2026-05-09,1778099400,long,0.022421975682807904,1,0,0.30000000000000004,0.43167742090138883
ETH,2026-05-09,1778099400,short,0.04757802431719205,1,0,-0.26,-0.3916774209013888
ETH,2026-05-07,1778108400,short,0.03375178739297058,2,1,0.765,0.7355211130595174
BTC,2026-05-08,1778112000,long,0.023064674968898302,2,1,-0.29000000000000004,-0.13379854046484957
BTC,2026-05-09,1778116500,short,0.032101836935404915,1,0,-0.09599999999999999,-0.04538488134189585
BTC,2026-05-09,1778116500,long,0.04224912249128465,1,0,0.30000000000000004,0.39774811304721336
BTC,2026-05-09,1778123700,long,0.022840185462865037,2,1,-0.22000000000000008,-0.26389461996307756
XRP,2026-05-09,1778143500,long,0.05223907282328999,0,0,0.0,0.0
XRP,2026-05-09,1778143500,short,0.0777609271767099,0,0,0.0,0.0
ETH,2026-05-08,1778144400,long,0.04759513452920072,2,1,-0.6759999999999999,-0.47252908179003184
XRP,2026-05-08,1778148900,long,0.07993167613719421,0,0,0.0,0.0
ETH,2026-05-08,1778163300,short,0.03395551027357724,1,0,-0.59,-0.429945555247792
BTC,2026-05-08,1778169600,long,0.02854912741377702,2,1,-0.44000000000000006,-0.38874078473263873
BTC,2026-05-09,1778169600,long,0.020340253034459188,2,1,-0.121,-0.06131450752255643
ETH,2026-05-09,1778170500,short,0.024701366042886197,1,0,-0.09599999999999997,-0.02863331590957159
ETH,2026-05-10,1778170500,short,0.05084888393543252,1,0,-0.06999999999999999,-0.19570921470046515
ETH,2026-05-10,1778170500,long,0.02915111606456744,0,0,0.0,0.0
ETH,2026-05-09,1778170500,short,0.02958898753021355,2,1,-0.6100000000000001,-0.5161926010065745
ETH,2026-05-09,1778170500,long,0.04041101246978629,1,0,0.07999999999999996,0.1320198203744588
ETH,2026-05-10,1778170500,short,0.03144201764447252,0,0,0.0,0.0
ETH,2026-05-10,1778170500,short,0.05084888393543252,1,0,-0.06999999999999999,-0.19570921470046515
ETH,2026-05-10,1778170500,long,0.02915111606456744,0,0,0.0,0.0
BTC,2026-05-10,1778171400,short,0.025107762573667314,2,1,-0.66,-0.5577784329823486
ETH,2026-05-10,1778171400,long,0.027257177608581706,0,0,0.0,0.0
ETH,2026-05-10,1778171400,short,0.020742822391418003,0,0,0.0,0.0
BTC,2026-05-10,1778171400,long,0.021849219112633156,2,1,-0.129,-0.011352257999750967
ETH,2026-05-08,1778171400,long,0.04314307926565908,2,1,0.5439999999999999,0.5236424405880307
ETH,2026-05-09,1778174100,short,0.046524616651454964,2,1,0.509,0.4341201134948649
ETH,2026-05-09,1778174100,long,0.049475383348544844,0,0,0.0,0.0
BTC,2026-05-10,1778175000,long,0.021393874202906726,2,1,-0.3700000000000001,-0.27532346977490113
ETH,2026-05-10,1778176800,long,0.02195048810863587,1,0,-0.09,-0.20760373678357283
ETH,2026-05-10,1778176800,short,0.026049511891364174,0,0,0.0,0.0
BTC,2026-05-08,1778176800,short,0.02849080024211703,2,1,-0.5299999999999999,-0.5124770312213769
ETH,2026-05-10,1778176800,long,0.02195048810863587,1,0,-0.09,-0.20760373678357283
ETH,2026-05-10,1778176800,short,0.026049511891364174,0,0,0.0,0.0
BTC,2026-05-10,1778176800,short,0.020202810208082345,2,1,0.12299999999999993,0.2308681536340611
BTC,2026-05-09,1778180400,short,0.02476802339008144,2,1,-0.58,-0.5497468468189706
ETH,2026-05-08,1778182200,short,0.022956769250832787,2,1,0.412,0.43729626465908167
ETH,2026-05-09,1778186700,long,0.02462458947550461,1,0,0.6,0.4356375377565216
SOL,2026-05-08,1778188500,long,0.05929393114620307,1,0,0.15000000000000002,0.34201000178625873
BTC,2026-05-09,1778202900,long,0.028240452174327135,2,1,0.6699999999999999,0.5443255938631364
ETH,2026-05-08,1778205600,long,0.022988421650525614,2,1,-0.319,-0.39715422224318314
BTC,2026-05-09,1778207400,short,0.035852256509542046,2,1,0.4959999999999999,0.42166660137006373
BTC,2026-05-08,1778211900,long,0.02190131943943041,2,1,0.6709999999999999,0.4923021047675722
BTC,2026-05-10,1778212800,long,0.029887804649922245,2,1,0.69,0.4770543008253584
BTC,2026-05-10,1778212800,short,0.02753732677200249,2,1,0.15399999999999991,-0.03952684527813416
BTC,2026-05-10,1778213700,short,0.0371035952817107,1,0,0.5800000000000001,0.2155779886315322
BTC,2026-05-09,1778234400,long,0.021838419540209042,2,1,-0.479,-0.34686608211954606
BTC,2026-05-08,1778243400,short,0.06281464296130235,2,1,0.32899999999999996,0.41794953765603493
BTC,2026-05-10,1778250600,long,0.0220463463433207,2,1,-0.05199999999999998,-0.18468637117036285
ETH,2026-05-09,1778256900,short,0.025999597140903052,1,0,-0.02100000000000002,0.021201869071106813
BTC,2026-05-11,1778256900,long,0.031404442931509235,2,1,-0.35,-0.2295422554114125
BTC,2026-05-11,1778256900,short,0.02142002347442229,2,1,-0.64,-0.5137006953760158
BTC,2026-05-11,1778256900,short,0.024221703726205135,2,1,0.11000000000000001,0.22836664933010836
ETH,2026-05-11,1778256900,long,0.021793030322698304,1,0,0.07999999999999996,0.1605806725126983
ETH,2026-05-10,1778257800,long,0.023220245720540822,1,0,0.02300000000000002,0.1104176208059439
BTC,2026-05-10,1778257800,short,0.02771270174731688,2,1,-0.5900000000000001,-0.313523209556381
ETH,2026-05-11,1778257800,short,0.02316326549629788,1,0,-0.10999999999999999,-0.0013665387898864761
ETH,2026-05-10,1778258700,long,0.02014924906973281,1,0,-0.5700000000000001,-0.14611865795063317
ETH,2026-05-10,1778259600,short,0.0220971804309531,2,1,-0.6040000000000001,-0.2504767615427194
ETH,2026-05-09,1778260500,long,0.020475090436672394,2,1,-0.527,-0.3273414174175111
ETH,2026-05-11,1778261400,long,0.04149798400511129,1,0,0.06999999999999995,0.004076044061317202
ETH,2026-05-11,1778261400,short,0.04295641247972404,1,0,-0.09,-0.15868260601370704
BTC,2026-05-10,1778261400,long,0.033798356324783896,2,1,-0.42999999999999994,-0.17235108173517688
ETH,2026-05-09,1778261400,short,0.08480233852080377,2,1,-0.42200000000000004,-0.2762873790777701
SOL,2026-05-11,1778264100,long,0.06755025687609661,0,0,0.0,0.0
SOL,2026-05-11,1778264100,short,0.04044974312390315,1,0,-0.023,-0.07386751752421361
SOL,2026-05-11,1778264100,long,0.06755025687609661,0,0,0.0,0.0
SOL,2026-05-11,1778264100,short,0.04044974312390315,1,0,-0.023,-0.07386751752421361
SOL,2026-05-10,1778265000,short,0.04559850263372203,1,0,-0.13,0.08190374627743185
SOL,2026-05-09,1778265900,short,0.022210411601532726,2,1,-0.08200000000000005,-0.017575660106121396
SOL,2026-05-09,1778267700,long,0.028575466821032958,2,1,0.128,0.07656607652444092
BTC,2026-05-09,1778267700,short,0.03595590150532546,2,1,-0.506,-0.31359691750514623
BTC,2026-05-11,1778282100,long,0.025594032917669596,1,0,0.15000000000000002,0.3105645565165274
BTC,2026-05-09,1778295600,long,0.04657020508265308,2,1,0.22899999999999998,0.16838213515824413
BTC,2026-05-11,1778306400,short,0.020325341037558564,2,1,0.33000000000000007,0.18511679305937254
BTC,2026-05-12,1778343300,short,0.029296706496952374,2,1,0.18,0.15367444255371843
ETH,2026-05-12,1778343300,long,0.027701135782489672,1,0,0.17999999999999994,0.0009577264601758062
BTC,2026-05-12,1778344200,long,0.023648344695649026,2,1,-0.28,-0.3143783687185083
BTC,2026-05-10,1778345100,short,0.029349025913126214,1,0,-0.19999999999999996,0.0727833488011736
ETH,2026-05-10,1778346900,short,0.024523353322330077,2,1,-0.25199999999999995,-0.16692783372801495
BTC,2026-05-10,1778347800,long,0.022576358436808608,2,1,-0.08499999999999999,-0.20255761701747
ETH,2026-05-11,1778347800,long,0.03734774452797662,2,1,0.4600000000000001,0.4608191104146505
BTC,2026-05-10,1778348700,long,0.027485410414455513,2,1,-0.131,0.026962410346838994
BTC,2026-05-12,1778350500,long,0.02618626106662414,2,1,0.65,0.6564551660708998
ETH,2026-05-12,1778354100,short,0.02572558828405258,1,0,-0.06000000000000005,-0.16697695884090463
ETH,2026-05-12,1778365800,long,0.02378442246000745,0,0,0.0,0.0
ETH,2026-05-11,1778366700,long,0.02796584725006923,0,0,0.0,0.0
BTC,2026-05-11,1778368500,long,0.032292620956765106,1,0,0.30999999999999994,0.14996604732600521
BTC,2026-05-12,1778374800,short,0.023561739792949954,2,1,0.28,0.31844755030305316
BTC,2026-05-11,1778374800,short,0.03184191974487771,2,1,0.15999999999999995,0.2780064277593713
BTC,2026-05-11,1778408100,long,0.022305786351389578,2,1,-0.265,-0.12104081098514899
BTC,2026-05-12,1778411700,short,0.02109544150121878,2,1,-0.5700000000000001,-0.5751057357040846
ETH,2026-05-12,1778412600,short,0.02228077059526401,2,1,0.14399999999999993,-0.01109789331284275
BTC,2026-05-13,1778429700,long,0.02758877615614197,2,1,-0.31000000000000005,-0.3736920391337613
BTC,2026-05-13,1778429700,short,0.026517430534388375,2,1,0.2799999999999999,0.11446677885468556
BTC,2026-05-13,1778431500,long,0.021483300217304713,2,1,0.7999999999999999,0.6300784328180272
ETH,2026-05-13,1778433300,short,0.03955915324196624,2,1,0.25300000000000006,0.006971109504680578
ETH,2026-05-13,1778436900,short,0.022810717701865824,2,1,0.44,0.5242816291339475
ETH,2026-05-12,1778436900,long,0.022455421219525817,2,1,-0.48,-0.6018680662447238
BTC,2026-05-12,1778436900,long,0.023075662618812,2,1,0.6,0.5429305798418633
ETH,2026-05-11,1778437800,long,0.03575593824149248,2,1,0.37,0.31210569722109527
BTC,2026-05-12,1778438700,short,0.02019964758459203,2,1,0.27999999999999997,0.16317235553877113
BTC,2026-05-13,1778444100,short,0.02351886033274031,2,1,-0.77,-0.600980406862964
ETH,2026-05-11,1778445000,long,0.020393986927304875,2,1,-0.153,-0.04116112563665009
ETH,2026-05-13,1778445900,long,0.021265765680188675,2,1,-0.41000000000000003,-0.35536418285856003
ETH,2026-05-11,1778445900,short,0.02624062639982505,2,1,0.247,0.2672745316060297
ETH,2026-05-12,1778448600,short,0.027072213881850438,1,0,0.7,0.3658544072564224
BTC,2026-05-12,1778453100,short,0.02702861778980603,2,1,0.12700000000000003,-0.006440086452450977
BTC,2026-05-13,1778453100,long,0.024252193144665535,2,1,-0.28,-0.1269225047468332
ETH,2026-05-13,1778454000,long,0.028226828393296266,1,0,0.026000000000000023,0.16198293742194708
ETH,2026-05-12,1778457600,long,0.03051811077459421,1,0,-0.34,0.2020034757035079
BTC,2026-05-11,1778457600,long,0.03125316573981829,2,1,0.645,0.420994498238893
BTC,2026-05-11,1778458500,long,0.035743435176866845,2,1,-0.38,-0.2360123532009818
BTC,2026-05-12,1778458500,long,0.03254289926082721,2,1,-0.33,-0.1627026280325479
ETH,2026-05-13,1778458500,short,0.031460690303068084,2,1,-0.774,-0.5043508948590103
ETH,2026-05-13,1778458500,long,0.03028114202755594,1,0,-0.31,0.16652321517176982
BTC,2026-05-13,1778458500,short,0.037853382667457414,2,1,0.35000000000000003,0.483345478352719
SOL,2026-05-12,1778466600,long,0.020852721459728496,0,0,0.0,0.0
SOL,2026-05-13,1778466600,long,0.02274681799364342,0,0,0.0,0.0
ETH,2026-05-12,1778467500,long,0.024408843032980965,1,0,0.019000000000000017,0.10269607131132118
XRP,2026-05-11,1778467500,long,0.11154266603955465,0,0,0.0,0.0
XRP,2026-05-13,1778467500,long,0.05080805216458506,0,0,0.0,0.0
XRP,2026-05-13,1778467500,short,0.03219194783541493,1,0,-0.12,-0.27909579012439234
XRP,2026-05-13,1778467500,long,0.05080805216458506,0,0,0.0,0.0
XRP,2026-05-13,1778467500,short,0.03219194783541493,1,0,-0.12,-0.27909579012439234
XRP,2026-05-13,1778468400,long,0.07420946997367017,0,0,0.0,0.0
BTC,2026-05-12,1778470200,short,0.02108568840673486,1,0,-0.07299999999999995,-0.0977568838523483
SOL,2026-05-12,1778471100,short,0.026833486997163175,0,0,0.0,0.0
SOL,2026-05-12,1778471100,long,0.02716651300283668,1,0,0.03400000000000003,-0.0016145433302136927
XRP,2026-05-13,1778473800,short,0.03381745553189752,0,0,0.0,0.0
XRP,2026-05-13,1778473800,long,0.04918254446810244,0,0,0.0,0.0
XRP,2026-05-13,1778473800,long,0.09372276036403271,0,0,0.0,0.0
XRP,2026-05-13,1778473800,short,0.06627723963596721,1,0,-0.13,-0.2856302082396712
XRP,2026-05-13,1778473800,long,0.09372276036403271,0,0,0.0,0.0
XRP,2026-05-13,1778473800,short,0.06627723963596721,1,0,-0.13,-0.2856302082396712
BTC,2026-05-13,1778490900,short,0.020708367443320386,1,0,0.07999999999999996,-0.05737145789748285
SOL,2026-05-13,1778509800,long,0.062227929078027655,0,0,0.0,0.0
SOL,2026-05-13,1778509800,short,0.05177207092197239,1,0,-0.055,0.10474720857514397
BTC,2026-05-12,1778514300,long,0.02183551001562689,2,1,-0.128,-0.2764404863052149
ETH,2026-05-14,1778516100,long,0.027721045525229027,1,0,0.24,0.10000234491156448
ETH,2026-05-14,1778516100,short,0.026774188110216812,1,0,-0.06000000000000005,-0.11928067582993937
ETH,2026-05-14,1778517000,short,0.023327913767551722,1,0,-0.30000000000000004,-0.44878614271147144
BTC,2026-05-14,1778517900,long,0.020747292645235227,1,0,0.16000000000000003,0.15013911641813588
ETH,2026-05-14,1778522400,long,0.020127908648559734,1,0,-0.31000000000000005,-0.45945444819689507
ETH,2026-05-14,1778525100,short,0.025612192882985885,0,0,0.0,0.0
BTC,2026-05-14,1778528700,short,0.022464687347464984,2,1,0.15599999999999997,0.11952539262908854
ETH,2026-05-13,1778529600,short,0.02881233282272455,1,0,-0.034,0.03283140942331418
ETH,2026-05-13,1778532300,long,0.028111220698575412,0,0,0.0,0.0
BTC,2026-05-12,1778532300,long,0.028138961996768463,2,1,0.5199999999999999,0.17943758374606927
ETH,2026-05-12,1778535000,long,0.022309585056017323,2,1,-0.75,-0.5085576332567289
BTC,2026-05-12,1778538600,short,0.03584239832938951,2,1,0.37299999999999994,-0.02273686866852942
BTC,2026-05-14,1778550300,long,0.021524331373807826,1,0,0.35,0.4126829016850121
ETH,2026-05-13,1778552100,short,0.030026011863560687,2,1,-0.614,-0.269039198287552
BTC,2026-05-14,1778553900,short,0.022609494223829074,1,0,0.37,0.42492483235447476
BTC,2026-05-14,1778554800,long,0.02005579521195955,1,0,0.07999999999999996,0.06424259220252806
ETH,2026-05-12,1778556600,long,0.02151226979426113,2,1,0.655,0.11662453916527149
BTC,2026-05-14,1778565600,short,0.022373695116371883,2,1,0.22000000000000008,0.20047040199359273
BTC,2026-05-13,1778568300,short,0.02436713212285979,1,0,-0.060000000000000005,0.07779243188540189
ETH,2026-05-13,1778578200,short,0.03321721070661543,2,1,0.3999999999999999,0.16025740222407478
BTC,2026-05-14,1778578200,long,0.021691588786519,1,0,0.019000000000000017,-0.0036444139578040956
BTC,2026-05-13,1778578200,long,0.04050702773487602,2,1,0.75,0.4820074761590154
BTC,2026-05-13,1778581800,long,0.04186994605635541,2,1,-0.4600000000000001,-0.38155331506850376
BTC,2026-05-12,1778584500,short,0.02705678850202564,2,1,0.20499999999999996,0.32127072341908625
ETH,2026-05-13,1778588100,long,0.02138057277629679,1,0,0.05499999999999994,0.15860812055511964
BTC,2026-05-14,1778596200,short,0.027033210815821662,1,0,-0.24000000000000002,-0.3661339247072736
BTC,2026-05-14,1778596200,long,0.02296678918417827,2,1,0.65,0.6308736025429948
ETH,2026-05-14,1778602500,short,0.024824386303133716,1,0,-0.15000000000000002,-0.03538969498218163
ETH,2026-05-14,1778602500,long,0.03517561369686617,1,0,-0.6699999999999999,-0.5056227020485241
ETH,2026-05-14,1778602500,long,0.022613953602780068,1,0,0.040000000000000036,0.0819109553850457
BTC,2026-05-15,1778605200,long,0.021109008553642505,1,0,0.21999999999999997,0.12266248952730152
ETH,2026-05-14,1778611500,long,0.03638903338150601,2,1,-0.4600000000000001,-0.4124714173278817
ETH,2026-05-14,1778614200,short,0.02374903173929699,1,0,-0.5800000000000001,-0.47969706914098786
BTC,2026-05-14,1778642100,long,0.02599306638716259,0,0,0.0,0.0
SOL,2026-05-14,1778643900,long,0.06410354885305902,0,0,0.0,0.0
SOL,2026-05-14,1778643900,short,0.0478964511469408,0,0,0.0,0.0
SOL,2026-05-15,1778643900,long,0.06759537646721103,0,0,0.0,0.0
SOL,2026-05-15,1778643900,short,0.05640462353278908,0,0,0.0,0.0
SOL,2026-05-14,1778643900,long,0.06410354885305902,0,0,0.0,0.0
SOL,2026-05-14,1778643900,short,0.0478964511469408,0,0,0.0,0.0
SOL,2026-05-15,1778643900,long,0.06759537646721103,0,0,0.0,0.0
SOL,2026-05-15,1778643900,short,0.05640462353278908,0,0,0.0,0.0
BTC,2026-05-13,1778655600,short,0.021356626815432156,0,0,0.0,0.0
BTC,2026-05-14,1778657400,short,0.02325712488312115,0,0,0.0,0.0
BTC,2026-05-14,1778662800,short,0.024709893908916314,0,0,0.0,0.0
ETH,2026-05-13,1778662800,long,0.02623751478181524,0,0,0.0,0.0
ETH,2026-05-15,1778663700,short,0.022597555571863603,0,0,0.0,0.0
BTC,2026-05-13,1778668200,long,0.050797829512213344,0,0,0.0,0.0
BTC,2026-05-15,1778673600,short,0.03210989446647583,0,0,0.0,0.0
BTC,2026-05-13,1778675400,short,0.0783478961443741,0,0,0.0,0.0
BTC,2026-05-15,1778684400,long,0.02037725526660794,1,0,0.20999999999999996,0.287524345217814
BTC,2026-05-15,1778684400,short,0.02115703455608664,1,0,-0.048,-0.025533778597959373
ETH,2026-05-15,1778685300,long,0.020648682216527714,1,0,-0.20999999999999996,-0.3491738612358476
BTC,2026-05-14,1778688000,long,0.025916851817385567,1,0,-0.263,0.3129258901444153
BTC,2026-05-14,1778688000,short,0.028446456243245377,2,1,-0.8,-0.42393249687949935
BTC,2026-05-15,1778688000,long,0.025642276861675084,1,0,-0.32000000000000006,-0.2674135220573073
ETH,2026-05-15,1778690700,long,0.021465797784310903,1,0,0.26,0.3837844503013475
BTC,2026-05-15,1778692500,short,0.028113314756592733,1,0,-0.07699999999999996,-0.0824980400922958
ETH,2026-05-15,1778696100,short,0.024664496392114987,2,1,0.20199999999999996,0.3218190352752124
ETH,2026-05-15,1778697000,short,0.020676170084626855,0,0,0.0,0.0
ETH,2026-05-14,1778698800,long,0.03431879062556509,2,1,-0.657,-0.590464786942612
BTC,2026-05-15,1778711400,long,0.023637443405731595,2,1,-0.25,-0.23551740392241932
ETH,2026-05-14,1778725800,short,0.028018042773183566,2,1,0.7699999999999999,0.648107799867297
BTC,2026-05-14,1778729400,long,0.020864677358995998,2,1,-0.589,-0.3680911612471652
ETH,2026-05-15,1778742000,short,0.021009284076062062,2,1,0.2840000000000001,0.09586559423618429
SOL,2026-05-15,1778742000,long,0.05656654338477862,1,0,0.029000000000000026,0.009124582956984015
XRP,2026-05-15,1778748300,short,0.025130029102711504,0,0,0.0,0.0
XRP,2026-05-15,1778748300,long,0.11486997089728845,0,0,0.0,0.0
XRP,2026-05-15,1778748300,short,0.025130029102711504,0,0,0.0,0.0
XRP,2026-05-15,1778748300,long,0.11486997089728845,0,0,0.0,0.0
XRP,2026-05-15,1778752800,long,0.04832484839082141,1,0,-0.21999999999999997,-0.17941507497485257
BTC,2026-05-15,1778767200,short,0.02326809848079814,1,0,0.44999999999999996,0.3299473175421161
BTC,2026-05-14,1778770800,long,0.024522755843034982,2,1,0.03300000000000003,0.026690728865453553
BTC,2026-05-15,1778774400,short,0.03126162016386713,2,1,0.298,-0.004155267071396129
SOL,2026-05-15,1778774400,short,0.032941517218459865,2,1,0.831,0.5785063066100549
ETH,2026-05-15,1778778900,long,0.021134590312105406,2,1,-0.4590000000000001,-0.08348240778508365
ETH,2026-05-15,1778780700,long,0.027618696905930218,2,1,0.585,0.12228711853139596
XRP,2026-05-15,1778783400,short,0.060248000662198764,2,1,0.7150000000000001,0.3753584065909557
XRP,2026-05-15,1778786100,long,0.04485514579471772,1,0,-0.8,-0.15962830389902627
XRP,2026-05-15,1778786100,short,0.08514485420528226,2,1,0.766,0.558170486768671
BTC,2026-05-15,1778795100,long,0.021105515957087873,2,1,-0.311,0.2109200212898023
BTC,2026-05-15,1778805900,long,0.024591328537576285,2,1,-0.58,-0.8256938178512288
BTC,2026-05-15,1778823900,short,0.024993466494739436,2,1,-0.7150000000000001,-0.3614545864578424
BTC,2026-05-15,1778852700,long,0.12361018946560254,2,1,0.18999999999999995,0.19046796719882483
